train_id,service_family,origin_terminal,destination_terminal,path,work_stops,stop_pattern,work_stop_count,origin_departure_time,destination_arrival_time,service_distance_km,candidate_source,timetable_basis
CAND0001,TRUNK,UIWANG,BUGANG,UIWANG|BUGANG,UIWANG|BUGANG,SS,2,2026-08-10 06:00,2026-08-10 08:00,111.8,PROTOTYPE_SYNTHETIC,PROTOTYPE_6H_SYNTHETIC
CAND0002,TRUNK,UIWANG,BUGANG,UIWANG|BUGANG,UIWANG|BUGANG,SS,2,2026-08-10 12:00,2026-08-10 14:00,111.8,PROTOTYPE_SYNTHETIC,PROTOTYPE_6H_SYNTHETIC
CAND0003,TRUNK,UIWANG,BUGANG,UIWANG|BUGANG,UIWANG|BUGANG,SS,2,2026-08-10 18:00,2026-08-10 20:00,111.8,PROTOTYPE_SYNTHETIC,PROTOTYPE_6H_SYNTHETIC
CAND0004,TRUNK,UIWANG,BUGANG,UIWANG|BUGANG,UIWANG|BUGANG,SS,2,2026-08-11 00:00,2026-08-11 02:00,111.8,PROTOTYPE_SYNTHETIC,PROTOTYPE_6H_SYNTHETIC
CAND0005,TRUNK,UIWANG,BUGANG,UIWANG|BUGANG,UIWANG|BUGANG,SS,2,2026-08-11 06:00,2026-08-11 08:00,111.8,PROTOTYPE_SYNTHETIC,PROTOTYPE_6H_SYNTHETIC
CAND0006,TRUNK,UIWANG,BUGANG,UIWANG|BUGANG,UIWANG|BUGANG,SS,2,2026-08-11 12:00,2026-08-11 14:00,111.8,PROTOTYPE_SYNTHETIC,PROTOTYPE_6H_SYNTHETIC
CAND0007,TRUNK,UIWANG,BUGANG,UIWANG|BUGANG,UIWANG|BUGANG,SS,2,2026-08-11 18:00,2026-08-11 20:00,111.8,PROTOTYPE_SYNTHETIC,PROTOTYPE_6H_SYNTHETIC
CAND0008,TRUNK,UIWANG,BUGANG,UIWANG|BUGANG,UIWANG|BUGANG,SS,2,2026-08-12 00:00,2026-08-12 02:00,111.8,PROTOTYPE_SYNTHETIC,PROTOTYPE_6H_SYNTHETIC
CAND0009,TRUNK,UIWANG,BUGANG,UIWANG|BUGANG,UIWANG|BUGANG,SS,2,2026-08-12 06:00,2026-08-12 08:00,111.8,PROTOTYPE_SYNTHETIC,PROTOTYPE_6H_SYNTHETIC
CAND0010,TRUNK,UIWANG,BUGANG,UIWANG|BUGANG,UIWANG|BUGANG,SS,2,2026-08-12 12:00,2026-08-12 14:00,111.8,PROTOTYPE_SYNTHETIC,PROTOTYPE_6H_SYNTHETIC
CAND0011,TRUNK,UIWANG,BUGANG,UIWANG|BUGANG,UIWANG|BUGANG,SS,2,2026-08-12 18:00,2026-08-12 20:00,111.8,PROTOTYPE_SYNTHETIC,PROTOTYPE_6H_SYNTHETIC
CAND0012,TRUNK,UIWANG,BUGANG,UIWANG|BUGANG,UIWANG|BUGANG,SS,2,2026-08-13 00:00,2026-08-13 02:00,111.8,PROTOTYPE_SYNTHETIC,PROTOTYPE_6H_SYNTHETIC
CAND0013,TRUNK,UIWANG,BUGANG,UIWANG|BUGANG,UIWANG|BUGANG,SS,2,2026-08-13 06:00,2026-08-13 08:00,111.8,PROTOTYPE_SYNTHETIC,PROTOTYPE_6H_SYNTHETIC
CAND0014,TRUNK,UIWANG,BUGANG,UIWANG|BUGANG,UIWANG|BUGANG,SS,2,2026-08-13 12:00,2026-08-13 14:00,111.8,PROTOTYPE_SYNTHETIC,PROTOTYPE_6H_SYNTHETIC
CAND0015,TRUNK,UIWANG,BUGANG,UIWANG|BUGANG,UIWANG|BUGANG,SS,2,2026-08-13 18:00,2026-08-13 20:00,111.8,PROTOTYPE_SYNTHETIC,PROTOTYPE_6H_SYNTHETIC
CAND0016,TRUNK,UIWANG,BUGANG,UIWANG|BUGANG,UIWANG|BUGANG,SS,2,2026-08-14 00:00,2026-08-14 02:00,111.8,PROTOTYPE_SYNTHETIC,PROTOTYPE_6H_SYNTHETIC
CAND0017,TRUNK,UIWANG,BUGANG,UIWANG|BUGANG,UIWANG|BUGANG,SS,2,2026-08-14 06:00,2026-08-14 08:00,111.8,PROTOTYPE_SYNTHETIC,PROTOTYPE_6H_SYNTHETIC
CAND0018,TRUNK,UIWANG,BUGANG,UIWANG|BUGANG,UIWANG|BUGANG,SS,2,2026-08-14 12:00,2026-08-14 14:00,111.8,PROTOTYPE_SYNTHETIC,PROTOTYPE_6H_SYNTHETIC
CAND0019,TRUNK,UIWANG,BUGANG,UIWANG|BUGANG,UIWANG|BUGANG,SS,2,2026-08-14 18:00,2026-08-14 20:00,111.8,PROTOTYPE_SYNTHETIC,PROTOTYPE_6H_SYNTHETIC
CAND0020,TRUNK,UIWANG,BUGANG,UIWANG|BUGANG,UIWANG|BUGANG,SS,2,2026-08-15 00:00,2026-08-15 02:00,111.8,PROTOTYPE_SYNTHETIC,PROTOTYPE_6H_SYNTHETIC
CAND0021,TRUNK,UIWANG,BUGANG,UIWANG|BUGANG,UIWANG|BUGANG,SS,2,2026-08-15 06:00,2026-08-15 08:00,111.8,PROTOTYPE_SYNTHETIC,PROTOTYPE_6H_SYNTHETIC
CAND0022,TRUNK,UIWANG,BUGANG,UIWANG|BUGANG,UIWANG|BUGANG,SS,2,2026-08-15 12:00,2026-08-15 14:00,111.8,PROTOTYPE_SYNTHETIC,PROTOTYPE_6H_SYNTHETIC
CAND0023,TRUNK,UIWANG,BUGANG,UIWANG|BUGANG,UIWANG|BUGANG,SS,2,2026-08-15 18:00,2026-08-15 20:00,111.8,PROTOTYPE_SYNTHETIC,PROTOTYPE_6H_SYNTHETIC
CAND0024,TRUNK,UIWANG,BUGANG,UIWANG|BUGANG,UIWANG|BUGANG,SS,2,2026-08-16 00:00,2026-08-16 02:00,111.8,PROTOTYPE_SYNTHETIC,PROTOTYPE_6H_SYNTHETIC
CAND0025,TRUNK,UIWANG,BUGANG,UIWANG|BUGANG,UIWANG|BUGANG,SS,2,2026-08-16 06:00,2026-08-16 08:00,111.8,PROTOTYPE_SYNTHETIC,PROTOTYPE_6H_SYNTHETIC
CAND0026,TRUNK,UIWANG,BUGANG,UIWANG|BUGANG,UIWANG|BUGANG,SS,2,2026-08-16 12:00,2026-08-16 14:00,111.8,PROTOTYPE_SYNTHETIC,PROTOTYPE_6H_SYNTHETIC
CAND0027,TRUNK,UIWANG,BUGANG,UIWANG|BUGANG,UIWANG|BUGANG,SS,2,2026-08-16 18:00,2026-08-16 20:00,111.8,PROTOTYPE_SYNTHETIC,PROTOTYPE_6H_SYNTHETIC
CAND0028,GYEONGBU,UIWANG,YAKMOK,UIWANG|BUGANG|YAKMOK,UIWANG|YAKMOK,SPS,2,2026-08-10 06:00,2026-08-10 10:00,264.4,PROTOTYPE_SYNTHETIC,PROTOTYPE_6H_SYNTHETIC
CAND0029,GYEONGBU,UIWANG,YAKMOK,UIWANG|BUGANG|YAKMOK,UIWANG|YAKMOK,SPS,2,2026-08-10 12:00,2026-08-10 16:00,264.4,PROTOTYPE_SYNTHETIC,PROTOTYPE_6H_SYNTHETIC
CAND0030,GYEONGBU,UIWANG,YAKMOK,UIWANG|BUGANG|YAKMOK,UIWANG|YAKMOK,SPS,2,2026-08-10 18:00,2026-08-10 22:00,264.4,PROTOTYPE_SYNTHETIC,PROTOTYPE_6H_SYNTHETIC
CAND0031,GYEONGBU,UIWANG,YAKMOK,UIWANG|BUGANG|YAKMOK,UIWANG|YAKMOK,SPS,2,2026-08-11 00:00,2026-08-11 04:00,264.4,PROTOTYPE_SYNTHETIC,PROTOTYPE_6H_SYNTHETIC
CAND0032,GYEONGBU,UIWANG,YAKMOK,UIWANG|BUGANG|YAKMOK,UIWANG|YAKMOK,SPS,2,2026-08-11 06:00,2026-08-11 10:00,264.4,PROTOTYPE_SYNTHETIC,PROTOTYPE_6H_SYNTHETIC
CAND0033,GYEONGBU,UIWANG,YAKMOK,UIWANG|BUGANG|YAKMOK,UIWANG|YAKMOK,SPS,2,2026-08-11 12:00,2026-08-11 16:00,264.4,PROTOTYPE_SYNTHETIC,PROTOTYPE_6H_SYNTHETIC
CAND0034,GYEONGBU,UIWANG,YAKMOK,UIWANG|BUGANG|YAKMOK,UIWANG|YAKMOK,SPS,2,2026-08-11 18:00,2026-08-11 22:00,264.4,PROTOTYPE_SYNTHETIC,PROTOTYPE_6H_SYNTHETIC
CAND0035,GYEONGBU,UIWANG,YAKMOK,UIWANG|BUGANG|YAKMOK,UIWANG|YAKMOK,SPS,2,2026-08-12 00:00,2026-08-12 04:00,264.4,PROTOTYPE_SYNTHETIC,PROTOTYPE_6H_SYNTHETIC
CAND0036,GYEONGBU,UIWANG,YAKMOK,UIWANG|BUGANG|YAKMOK,UIWANG|YAKMOK,SPS,2,2026-08-12 06:00,2026-08-12 10:00,264.4,PROTOTYPE_SYNTHETIC,PROTOTYPE_6H_SYNTHETIC
CAND0037,GYEONGBU,UIWANG,YAKMOK,UIWANG|BUGANG|YAKMOK,UIWANG|YAKMOK,SPS,2,2026-08-12 12:00,2026-08-12 16:00,264.4,PROTOTYPE_SYNTHETIC,PROTOTYPE_6H_SYNTHETIC
CAND0038,GYEONGBU,UIWANG,YAKMOK,UIWANG|BUGANG|YAKMOK,UIWANG|YAKMOK,SPS,2,2026-08-12 18:00,2026-08-12 22:00,264.4,PROTOTYPE_SYNTHETIC,PROTOTYPE_6H_SYNTHETIC
CAND0039,GYEONGBU,UIWANG,YAKMOK,UIWANG|BUGANG|YAKMOK,UIWANG|YAKMOK,SPS,2,2026-08-13 00:00,2026-08-13 04:00,264.4,PROTOTYPE_SYNTHETIC,PROTOTYPE_6H_SYNTHETIC
CAND0040,GYEONGBU,UIWANG,YAKMOK,UIWANG|BUGANG|YAKMOK,UIWANG|YAKMOK,SPS,2,2026-08-13 06:00,2026-08-13 10:00,264.4,PROTOTYPE_SYNTHETIC,PROTOTYPE_6H_SYNTHETIC
CAND0041,GYEONGBU,UIWANG,YAKMOK,UIWANG|BUGANG|YAKMOK,UIWANG|YAKMOK,SPS,2,2026-08-13 12:00,2026-08-13 16:00,264.4,PROTOTYPE_SYNTHETIC,PROTOTYPE_6H_SYNTHETIC
CAND0042,GYEONGBU,UIWANG,YAKMOK,UIWANG|BUGANG|YAKMOK,UIWANG|YAKMOK,SPS,2,2026-08-13 18:00,2026-08-13 22:00,264.4,PROTOTYPE_SYNTHETIC,PROTOTYPE_6H_SYNTHETIC
CAND0043,GYEONGBU,UIWANG,YAKMOK,UIWANG|BUGANG|YAKMOK,UIWANG|YAKMOK,SPS,2,2026-08-14 00:00,2026-08-14 04:00,264.4,PROTOTYPE_SYNTHETIC,PROTOTYPE_6H_SYNTHETIC
CAND0044,GYEONGBU,UIWANG,YAKMOK,UIWANG|BUGANG|YAKMOK,UIWANG|YAKMOK,SPS,2,2026-08-14 06:00,2026-08-14 10:00,264.4,PROTOTYPE_SYNTHETIC,PROTOTYPE_6H_SYNTHETIC
CAND0045,GYEONGBU,UIWANG,YAKMOK,UIWANG|BUGANG|YAKMOK,UIWANG|YAKMOK,SPS,2,2026-08-14 12:00,2026-08-14 16:00,264.4,PROTOTYPE_SYNTHETIC,PROTOTYPE_6H_SYNTHETIC
CAND0046,GYEONGBU,UIWANG,YAKMOK,UIWANG|BUGANG|YAKMOK,UIWANG|YAKMOK,SPS,2,2026-08-14 18:00,2026-08-14 22:00,264.4,PROTOTYPE_SYNTHETIC,PROTOTYPE_6H_SYNTHETIC
CAND0047,GYEONGBU,UIWANG,YAKMOK,UIWANG|BUGANG|YAKMOK,UIWANG|YAKMOK,SPS,2,2026-08-15 00:00,2026-08-15 04:00,264.4,PROTOTYPE_SYNTHETIC,PROTOTYPE_6H_SYNTHETIC
CAND0048,GYEONGBU,UIWANG,YAKMOK,UIWANG|BUGANG|YAKMOK,UIWANG|YAKMOK,SPS,2,2026-08-15 06:00,2026-08-15 10:00,264.4,PROTOTYPE_SYNTHETIC,PROTOTYPE_6H_SYNTHETIC
CAND0049,GYEONGBU,UIWANG,YAKMOK,UIWANG|BUGANG|YAKMOK,UIWANG|YAKMOK,SPS,2,2026-08-15 12:00,2026-08-15 16:00,264.4,PROTOTYPE_SYNTHETIC,PROTOTYPE_6H_SYNTHETIC
CAND0050,GYEONGBU,UIWANG,YAKMOK,UIWANG|BUGANG|YAKMOK,UIWANG|YAKMOK,SPS,2,2026-08-15 18:00,2026-08-15 22:00,264.4,PROTOTYPE_SYNTHETIC,PROTOTYPE_6H_SYNTHETIC
CAND0051,GYEONGBU,UIWANG,YAKMOK,UIWANG|BUGANG|YAKMOK,UIWANG|YAKMOK,SPS,2,2026-08-16 00:00,2026-08-16 04:00,264.4,PROTOTYPE_SYNTHETIC,PROTOTYPE_6H_SYNTHETIC
CAND0052,GYEONGBU,UIWANG,YAKMOK,UIWANG|BUGANG|YAKMOK,UIWANG|YAKMOK,SPS,2,2026-08-16 06:00,2026-08-16 10:00,264.4,PROTOTYPE_SYNTHETIC,PROTOTYPE_6H_SYNTHETIC
CAND0053,GYEONGBU,UIWANG,YAKMOK,UIWANG|BUGANG|YAKMOK,UIWANG|YAKMOK,SPS,2,2026-08-16 12:00,2026-08-16 16:00,264.4,PROTOTYPE_SYNTHETIC,PROTOTYPE_6H_SYNTHETIC
CAND0054,GYEONGBU,UIWANG,YAKMOK,UIWANG|BUGANG|YAKMOK,UIWANG|BUGANG|YAKMOK,SSS,3,2026-08-10 06:00,2026-08-10 13:00,264.4,PROTOTYPE_SYNTHETIC,PROTOTYPE_6H_SYNTHETIC
CAND0055,GYEONGBU,UIWANG,YAKMOK,UIWANG|BUGANG|YAKMOK,UIWANG|BUGANG|YAKMOK,SSS,3,2026-08-10 12:00,2026-08-10 19:00,264.4,PROTOTYPE_SYNTHETIC,PROTOTYPE_6H_SYNTHETIC
CAND0056,GYEONGBU,UIWANG,YAKMOK,UIWANG|BUGANG|YAKMOK,UIWANG|BUGANG|YAKMOK,SSS,3,2026-08-10 18:00,2026-08-11 01:00,264.4,PROTOTYPE_SYNTHETIC,PROTOTYPE_6H_SYNTHETIC
CAND0057,GYEONGBU,UIWANG,YAKMOK,UIWANG|BUGANG|YAKMOK,UIWANG|BUGANG|YAKMOK,SSS,3,2026-08-11 00:00,2026-08-11 07:00,264.4,PROTOTYPE_SYNTHETIC,PROTOTYPE_6H_SYNTHETIC
CAND0058,GYEONGBU,UIWANG,YAKMOK,UIWANG|BUGANG|YAKMOK,UIWANG|BUGANG|YAKMOK,SSS,3,2026-08-11 06:00,2026-08-11 13:00,264.4,PROTOTYPE_SYNTHETIC,PROTOTYPE_6H_SYNTHETIC
CAND0059,GYEONGBU,UIWANG,YAKMOK,UIWANG|BUGANG|YAKMOK,UIWANG|BUGANG|YAKMOK,SSS,3,2026-08-11 12:00,2026-08-11 19:00,264.4,PROTOTYPE_SYNTHETIC,PROTOTYPE_6H_SYNTHETIC
CAND0060,GYEONGBU,UIWANG,YAKMOK,UIWANG|BUGANG|YAKMOK,UIWANG|BUGANG|YAKMOK,SSS,3,2026-08-11 18:00,2026-08-12 01:00,264.4,PROTOTYPE_SYNTHETIC,PROTOTYPE_6H_SYNTHETIC
CAND0061,GYEONGBU,UIWANG,YAKMOK,UIWANG|BUGANG|YAKMOK,UIWANG|BUGANG|YAKMOK,SSS,3,2026-08-12 00:00,2026-08-12 07:00,264.4,PROTOTYPE_SYNTHETIC,PROTOTYPE_6H_SYNTHETIC
CAND0062,GYEONGBU,UIWANG,YAKMOK,UIWANG|BUGANG|YAKMOK,UIWANG|BUGANG|YAKMOK,SSS,3,2026-08-12 06:00,2026-08-12 13:00,264.4,PROTOTYPE_SYNTHETIC,PROTOTYPE_6H_SYNTHETIC
CAND0063,GYEONGBU,UIWANG,YAKMOK,UIWANG|BUGANG|YAKMOK,UIWANG|BUGANG|YAKMOK,SSS,3,2026-08-12 12:00,2026-08-12 19:00,264.4,PROTOTYPE_SYNTHETIC,PROTOTYPE_6H_SYNTHETIC
CAND0064,GYEONGBU,UIWANG,YAKMOK,UIWANG|BUGANG|YAKMOK,UIWANG|BUGANG|YAKMOK,SSS,3,2026-08-12 18:00,2026-08-13 01:00,264.4,PROTOTYPE_SYNTHETIC,PROTOTYPE_6H_SYNTHETIC
CAND0065,GYEONGBU,UIWANG,YAKMOK,UIWANG|BUGANG|YAKMOK,UIWANG|BUGANG|YAKMOK,SSS,3,2026-08-13 00:00,2026-08-13 07:00,264.4,PROTOTYPE_SYNTHETIC,PROTOTYPE_6H_SYNTHETIC
CAND0066,GYEONGBU,UIWANG,YAKMOK,UIWANG|BUGANG|YAKMOK,UIWANG|BUGANG|YAKMOK,SSS,3,2026-08-13 06:00,2026-08-13 13:00,264.4,PROTOTYPE_SYNTHETIC,PROTOTYPE_6H_SYNTHETIC
CAND0067,GYEONGBU,UIWANG,YAKMOK,UIWANG|BUGANG|YAKMOK,UIWANG|BUGANG|YAKMOK,SSS,3,2026-08-13 12:00,2026-08-13 19:00,264.4,PROTOTYPE_SYNTHETIC,PROTOTYPE_6H_SYNTHETIC
CAND0068,GYEONGBU,UIWANG,YAKMOK,UIWANG|BUGANG|YAKMOK,UIWANG|BUGANG|YAKMOK,SSS,3,2026-08-13 18:00,2026-08-14 01:00,264.4,PROTOTYPE_SYNTHETIC,PROTOTYPE_6H_SYNTHETIC
CAND0069,GYEONGBU,UIWANG,YAKMOK,UIWANG|BUGANG|YAKMOK,UIWANG|BUGANG|YAKMOK,SSS,3,2026-08-14 00:00,2026-08-14 07:00,264.4,PROTOTYPE_SYNTHETIC,PROTOTYPE_6H_SYNTHETIC
CAND0070,GYEONGBU,UIWANG,YAKMOK,UIWANG|BUGANG|YAKMOK,UIWANG|BUGANG|YAKMOK,SSS,3,2026-08-14 06:00,2026-08-14 13:00,264.4,PROTOTYPE_SYNTHETIC,PROTOTYPE_6H_SYNTHETIC
CAND0071,GYEONGBU,UIWANG,YAKMOK,UIWANG|BUGANG|YAKMOK,UIWANG|BUGANG|YAKMOK,SSS,3,2026-08-14 12:00,2026-08-14 19:00,264.4,PROTOTYPE_SYNTHETIC,PROTOTYPE_6H_SYNTHETIC
CAND0072,GYEONGBU,UIWANG,YAKMOK,UIWANG|BUGANG|YAKMOK,UIWANG|BUGANG|YAKMOK,SSS,3,2026-08-14 18:00,2026-08-15 01:00,264.4,PROTOTYPE_SYNTHETIC,PROTOTYPE_6H_SYNTHETIC
CAND0073,GYEONGBU,UIWANG,YAKMOK,UIWANG|BUGANG|YAKMOK,UIWANG|BUGANG|YAKMOK,SSS,3,2026-08-15 00:00,2026-08-15 07:00,264.4,PROTOTYPE_SYNTHETIC,PROTOTYPE_6H_SYNTHETIC
CAND0074,GYEONGBU,UIWANG,YAKMOK,UIWANG|BUGANG|YAKMOK,UIWANG|BUGANG|YAKMOK,SSS,3,2026-08-15 06:00,2026-08-15 13:00,264.4,PROTOTYPE_SYNTHETIC,PROTOTYPE_6H_SYNTHETIC
CAND0075,GYEONGBU,UIWANG,YAKMOK,UIWANG|BUGANG|YAKMOK,UIWANG|BUGANG|YAKMOK,SSS,3,2026-08-15 12:00,2026-08-15 19:00,264.4,PROTOTYPE_SYNTHETIC,PROTOTYPE_6H_SYNTHETIC
CAND0076,GYEONGBU,UIWANG,YAKMOK,UIWANG|BUGANG|YAKMOK,UIWANG|BUGANG|YAKMOK,SSS,3,2026-08-15 18:00,2026-08-16 01:00,264.4,PROTOTYPE_SYNTHETIC,PROTOTYPE_6H_SYNTHETIC
CAND0077,GYEONGBU,UIWANG,YAKMOK,UIWANG|BUGANG|YAKMOK,UIWANG|BUGANG|YAKMOK,SSS,3,2026-08-16 00:00,2026-08-16 07:00,264.4,PROTOTYPE_SYNTHETIC,PROTOTYPE_6H_SYNTHETIC
CAND0078,GYEONGBU,UIWANG,YAKMOK,UIWANG|BUGANG|YAKMOK,UIWANG|BUGANG|YAKMOK,SSS,3,2026-08-16 06:00,2026-08-16 13:00,264.4,PROTOTYPE_SYNTHETIC,PROTOTYPE_6H_SYNTHETIC
CAND0079,GYEONGBU,UIWANG,YAKMOK,UIWANG|BUGANG|YAKMOK,UIWANG|BUGANG|YAKMOK,SSS,3,2026-08-16 12:00,2026-08-16 19:00,264.4,PROTOTYPE_SYNTHETIC,PROTOTYPE_6H_SYNTHETIC
CAND0080,GYEONGBU,UIWANG,BUSAN,UIWANG|BUGANG|YAKMOK|BUSAN,UIWANG|BUSAN,SPPS,2,2026-08-10 06:00,2026-08-10 12:00,408.1,PROTOTYPE_SYNTHETIC,PROTOTYPE_6H_SYNTHETIC
CAND0081,GYEONGBU,UIWANG,BUSAN,UIWANG|BUGANG|YAKMOK|BUSAN,UIWANG|BUSAN,SPPS,2,2026-08-10 12:00,2026-08-10 18:00,408.1,PROTOTYPE_SYNTHETIC,PROTOTYPE_6H_SYNTHETIC
CAND0082,GYEONGBU,UIWANG,BUSAN,UIWANG|BUGANG|YAKMOK|BUSAN,UIWANG|BUSAN,SPPS,2,2026-08-10 18:00,2026-08-11 00:00,408.1,PROTOTYPE_SYNTHETIC,PROTOTYPE_6H_SYNTHETIC
CAND0083,GYEONGBU,UIWANG,BUSAN,UIWANG|BUGANG|YAKMOK|BUSAN,UIWANG|BUSAN,SPPS,2,2026-08-11 00:00,2026-08-11 06:00,408.1,PROTOTYPE_SYNTHETIC,PROTOTYPE_6H_SYNTHETIC
CAND0084,GYEONGBU,UIWANG,BUSAN,UIWANG|BUGANG|YAKMOK|BUSAN,UIWANG|BUSAN,SPPS,2,2026-08-11 06:00,2026-08-11 12:00,408.1,PROTOTYPE_SYNTHETIC,PROTOTYPE_6H_SYNTHETIC
CAND0085,GYEONGBU,UIWANG,BUSAN,UIWANG|BUGANG|YAKMOK|BUSAN,UIWANG|BUSAN,SPPS,2,2026-08-11 12:00,2026-08-11 18:00,408.1,PROTOTYPE_SYNTHETIC,PROTOTYPE_6H_SYNTHETIC
CAND0086,GYEONGBU,UIWANG,BUSAN,UIWANG|BUGANG|YAKMOK|BUSAN,UIWANG|BUSAN,SPPS,2,2026-08-11 18:00,2026-08-12 00:00,408.1,PROTOTYPE_SYNTHETIC,PROTOTYPE_6H_SYNTHETIC
CAND0087,GYEONGBU,UIWANG,BUSAN,UIWANG|BUGANG|YAKMOK|BUSAN,UIWANG|BUSAN,SPPS,2,2026-08-12 00:00,2026-08-12 06:00,408.1,PROTOTYPE_SYNTHETIC,PROTOTYPE_6H_SYNTHETIC
CAND0088,GYEONGBU,UIWANG,BUSAN,UIWANG|BUGANG|YAKMOK|BUSAN,UIWANG|BUSAN,SPPS,2,2026-08-12 06:00,2026-08-12 12:00,408.1,PROTOTYPE_SYNTHETIC,PROTOTYPE_6H_SYNTHETIC
CAND0089,GYEONGBU,UIWANG,BUSAN,UIWANG|BUGANG|YAKMOK|BUSAN,UIWANG|BUSAN,SPPS,2,2026-08-12 12:00,2026-08-12 18:00,408.1,PROTOTYPE_SYNTHETIC,PROTOTYPE_6H_SYNTHETIC
CAND0090,GYEONGBU,UIWANG,BUSAN,UIWANG|BUGANG|YAKMOK|BUSAN,UIWANG|BUSAN,SPPS,2,2026-08-12 18:00,2026-08-13 00:00,408.1,PROTOTYPE_SYNTHETIC,PROTOTYPE_6H_SYNTHETIC
CAND0091,GYEONGBU,UIWANG,BUSAN,UIWANG|BUGANG|YAKMOK|BUSAN,UIWANG|BUSAN,SPPS,2,2026-08-13 00:00,2026-08-13 06:00,408.1,PROTOTYPE_SYNTHETIC,PROTOTYPE_6H_SYNTHETIC
CAND0092,GYEONGBU,UIWANG,BUSAN,UIWANG|BUGANG|YAKMOK|BUSAN,UIWANG|BUSAN,SPPS,2,2026-08-13 06:00,2026-08-13 12:00,408.1,PROTOTYPE_SYNTHETIC,PROTOTYPE_6H_SYNTHETIC
CAND0093,GYEONGBU,UIWANG,BUSAN,UIWANG|BUGANG|YAKMOK|BUSAN,UIWANG|BUSAN,SPPS,2,2026-08-13 12:00,2026-08-13 18:00,408.1,PROTOTYPE_SYNTHETIC,PROTOTYPE_6H_SYNTHETIC
CAND0094,GYEONGBU,UIWANG,BUSAN,UIWANG|BUGANG|YAKMOK|BUSAN,UIWANG|BUSAN,SPPS,2,2026-08-13 18:00,2026-08-14 00:00,408.1,PROTOTYPE_SYNTHETIC,PROTOTYPE_6H_SYNTHETIC
CAND0095,GYEONGBU,UIWANG,BUSAN,UIWANG|BUGANG|YAKMOK|BUSAN,UIWANG|BUSAN,SPPS,2,2026-08-14 00:00,2026-08-14 06:00,408.1,PROTOTYPE_SYNTHETIC,PROTOTYPE_6H_SYNTHETIC
CAND0096,GYEONGBU,UIWANG,BUSAN,UIWANG|BUGANG|YAKMOK|BUSAN,UIWANG|BUSAN,SPPS,2,2026-08-14 06:00,2026-08-14 12:00,408.1,PROTOTYPE_SYNTHETIC,PROTOTYPE_6H_SYNTHETIC
CAND0097,GYEONGBU,UIWANG,BUSAN,UIWANG|BUGANG|YAKMOK|BUSAN,UIWANG|BUSAN,SPPS,2,2026-08-14 12:00,2026-08-14 18:00,408.1,PROTOTYPE_SYNTHETIC,PROTOTYPE_6H_SYNTHETIC
CAND0098,GYEONGBU,UIWANG,BUSAN,UIWANG|BUGANG|YAKMOK|BUSAN,UIWANG|BUSAN,SPPS,2,2026-08-14 18:00,2026-08-15 00:00,408.1,PROTOTYPE_SYNTHETIC,PROTOTYPE_6H_SYNTHETIC
CAND0099,GYEONGBU,UIWANG,BUSAN,UIWANG|BUGANG|YAKMOK|BUSAN,UIWANG|BUSAN,SPPS,2,2026-08-15 00:00,2026-08-15 06:00,408.1,PROTOTYPE_SYNTHETIC,PROTOTYPE_6H_SYNTHETIC
CAND0100,GYEONGBU,UIWANG,BUSAN,UIWANG|BUGANG|YAKMOK|BUSAN,UIWANG|BUSAN,SPPS,2,2026-08-15 06:00,2026-08-15 12:00,408.1,PROTOTYPE_SYNTHETIC,PROTOTYPE_6H_SYNTHETIC
CAND0101,GYEONGBU,UIWANG,BUSAN,UIWANG|BUGANG|YAKMOK|BUSAN,UIWANG|BUSAN,SPPS,2,2026-08-15 12:00,2026-08-15 18:00,408.1,PROTOTYPE_SYNTHETIC,PROTOTYPE_6H_SYNTHETIC
CAND0102,GYEONGBU,UIWANG,BUSAN,UIWANG|BUGANG|YAKMOK|BUSAN,UIWANG|BUSAN,SPPS,2,2026-08-15 18:00,2026-08-16 00:00,408.1,PROTOTYPE_SYNTHETIC,PROTOTYPE_6H_SYNTHETIC
CAND0103,GYEONGBU,UIWANG,BUSAN,UIWANG|BUGANG|YAKMOK|BUSAN,UIWANG|BUSAN,SPPS,2,2026-08-16 00:00,2026-08-16 06:00,408.1,PROTOTYPE_SYNTHETIC,PROTOTYPE_6H_SYNTHETIC
CAND0104,GYEONGBU,UIWANG,BUSAN,UIWANG|BUGANG|YAKMOK|BUSAN,UIWANG|BUSAN,SPPS,2,2026-08-16 06:00,2026-08-16 12:00,408.1,PROTOTYPE_SYNTHETIC,PROTOTYPE_6H_SYNTHETIC
CAND0105,GYEONGBU,UIWANG,BUSAN,UIWANG|BUGANG|YAKMOK|BUSAN,UIWANG|BUSAN,SPPS,2,2026-08-16 12:00,2026-08-16 18:00,408.1,PROTOTYPE_SYNTHETIC,PROTOTYPE_6H_SYNTHETIC
CAND0106,GYEONGBU,UIWANG,BUSAN,UIWANG|BUGANG|YAKMOK|BUSAN,UIWANG|BUGANG|BUSAN,SSPS,3,2026-08-10 06:00,2026-08-10 15:00,408.1,PROTOTYPE_SYNTHETIC,PROTOTYPE_6H_SYNTHETIC
CAND0107,GYEONGBU,UIWANG,BUSAN,UIWANG|BUGANG|YAKMOK|BUSAN,UIWANG|BUGANG|BUSAN,SSPS,3,2026-08-10 12:00,2026-08-10 21:00,408.1,PROTOTYPE_SYNTHETIC,PROTOTYPE_6H_SYNTHETIC
CAND0108,GYEONGBU,UIWANG,BUSAN,UIWANG|BUGANG|YAKMOK|BUSAN,UIWANG|BUGANG|BUSAN,SSPS,3,2026-08-10 18:00,2026-08-11 03:00,408.1,PROTOTYPE_SYNTHETIC,PROTOTYPE_6H_SYNTHETIC
CAND0109,GYEONGBU,UIWANG,BUSAN,UIWANG|BUGANG|YAKMOK|BUSAN,UIWANG|BUGANG|BUSAN,SSPS,3,2026-08-11 00:00,2026-08-11 09:00,408.1,PROTOTYPE_SYNTHETIC,PROTOTYPE_6H_SYNTHETIC
CAND0110,GYEONGBU,UIWANG,BUSAN,UIWANG|BUGANG|YAKMOK|BUSAN,UIWANG|BUGANG|BUSAN,SSPS,3,2026-08-11 06:00,2026-08-11 15:00,408.1,PROTOTYPE_SYNTHETIC,PROTOTYPE_6H_SYNTHETIC
CAND0111,GYEONGBU,UIWANG,BUSAN,UIWANG|BUGANG|YAKMOK|BUSAN,UIWANG|BUGANG|BUSAN,SSPS,3,2026-08-11 12:00,2026-08-11 21:00,408.1,PROTOTYPE_SYNTHETIC,PROTOTYPE_6H_SYNTHETIC
CAND0112,GYEONGBU,UIWANG,BUSAN,UIWANG|BUGANG|YAKMOK|BUSAN,UIWANG|BUGANG|BUSAN,SSPS,3,2026-08-11 18:00,2026-08-12 03:00,408.1,PROTOTYPE_SYNTHETIC,PROTOTYPE_6H_SYNTHETIC
CAND0113,GYEONGBU,UIWANG,BUSAN,UIWANG|BUGANG|YAKMOK|BUSAN,UIWANG|BUGANG|BUSAN,SSPS,3,2026-08-12 00:00,2026-08-12 09:00,408.1,PROTOTYPE_SYNTHETIC,PROTOTYPE_6H_SYNTHETIC
CAND0114,GYEONGBU,UIWANG,BUSAN,UIWANG|BUGANG|YAKMOK|BUSAN,UIWANG|BUGANG|BUSAN,SSPS,3,2026-08-12 06:00,2026-08-12 15:00,408.1,PROTOTYPE_SYNTHETIC,PROTOTYPE_6H_SYNTHETIC
CAND0115,GYEONGBU,UIWANG,BUSAN,UIWANG|BUGANG|YAKMOK|BUSAN,UIWANG|BUGANG|BUSAN,SSPS,3,2026-08-12 12:00,2026-08-12 21:00,408.1,PROTOTYPE_SYNTHETIC,PROTOTYPE_6H_SYNTHETIC
CAND0116,GYEONGBU,UIWANG,BUSAN,UIWANG|BUGANG|YAKMOK|BUSAN,UIWANG|BUGANG|BUSAN,SSPS,3,2026-08-12 18:00,2026-08-13 03:00,408.1,PROTOTYPE_SYNTHETIC,PROTOTYPE_6H_SYNTHETIC
CAND0117,GYEONGBU,UIWANG,BUSAN,UIWANG|BUGANG|YAKMOK|BUSAN,UIWANG|BUGANG|BUSAN,SSPS,3,2026-08-13 00:00,2026-08-13 09:00,408.1,PROTOTYPE_SYNTHETIC,PROTOTYPE_6H_SYNTHETIC
CAND0118,GYEONGBU,UIWANG,BUSAN,UIWANG|BUGANG|YAKMOK|BUSAN,UIWANG|BUGANG|BUSAN,SSPS,3,2026-08-13 06:00,2026-08-13 15:00,408.1,PROTOTYPE_SYNTHETIC,PROTOTYPE_6H_SYNTHETIC
CAND0119,GYEONGBU,UIWANG,BUSAN,UIWANG|BUGANG|YAKMOK|BUSAN,UIWANG|BUGANG|BUSAN,SSPS,3,2026-08-13 12:00,2026-08-13 21:00,408.1,PROTOTYPE_SYNTHETIC,PROTOTYPE_6H_SYNTHETIC
CAND0120,GYEONGBU,UIWANG,BUSAN,UIWANG|BUGANG|YAKMOK|BUSAN,UIWANG|BUGANG|BUSAN,SSPS,3,2026-08-13 18:00,2026-08-14 03:00,408.1,PROTOTYPE_SYNTHETIC,PROTOTYPE_6H_SYNTHETIC
CAND0121,GYEONGBU,UIWANG,BUSAN,UIWANG|BUGANG|YAKMOK|BUSAN,UIWANG|BUGANG|BUSAN,SSPS,3,2026-08-14 00:00,2026-08-14 09:00,408.1,PROTOTYPE_SYNTHETIC,PROTOTYPE_6H_SYNTHETIC
CAND0122,GYEONGBU,UIWANG,BUSAN,UIWANG|BUGANG|YAKMOK|BUSAN,UIWANG|BUGANG|BUSAN,SSPS,3,2026-08-14 06:00,2026-08-14 15:00,408.1,PROTOTYPE_SYNTHETIC,PROTOTYPE_6H_SYNTHETIC
CAND0123,GYEONGBU,UIWANG,BUSAN,UIWANG|BUGANG|YAKMOK|BUSAN,UIWANG|BUGANG|BUSAN,SSPS,3,2026-08-14 12:00,2026-08-14 21:00,408.1,PROTOTYPE_SYNTHETIC,PROTOTYPE_6H_SYNTHETIC
CAND0124,GYEONGBU,UIWANG,BUSAN,UIWANG|BUGANG|YAKMOK|BUSAN,UIWANG|BUGANG|BUSAN,SSPS,3,2026-08-14 18:00,2026-08-15 03:00,408.1,PROTOTYPE_SYNTHETIC,PROTOTYPE_6H_SYNTHETIC
CAND0125,GYEONGBU,UIWANG,BUSAN,UIWANG|BUGANG|YAKMOK|BUSAN,UIWANG|BUGANG|BUSAN,SSPS,3,2026-08-15 00:00,2026-08-15 09:00,408.1,PROTOTYPE_SYNTHETIC,PROTOTYPE_6H_SYNTHETIC
CAND0126,GYEONGBU,UIWANG,BUSAN,UIWANG|BUGANG|YAKMOK|BUSAN,UIWANG|BUGANG|BUSAN,SSPS,3,2026-08-15 06:00,2026-08-15 15:00,408.1,PROTOTYPE_SYNTHETIC,PROTOTYPE_6H_SYNTHETIC
CAND0127,GYEONGBU,UIWANG,BUSAN,UIWANG|BUGANG|YAKMOK|BUSAN,UIWANG|BUGANG|BUSAN,SSPS,3,2026-08-15 12:00,2026-08-15 21:00,408.1,PROTOTYPE_SYNTHETIC,PROTOTYPE_6H_SYNTHETIC
CAND0128,GYEONGBU,UIWANG,BUSAN,UIWANG|BUGANG|YAKMOK|BUSAN,UIWANG|BUGANG|BUSAN,SSPS,3,2026-08-15 18:00,2026-08-16 03:00,408.1,PROTOTYPE_SYNTHETIC,PROTOTYPE_6H_SYNTHETIC
CAND0129,GYEONGBU,UIWANG,BUSAN,UIWANG|BUGANG|YAKMOK|BUSAN,UIWANG|BUGANG|BUSAN,SSPS,3,2026-08-16 00:00,2026-08-16 09:00,408.1,PROTOTYPE_SYNTHETIC,PROTOTYPE_6H_SYNTHETIC
CAND0130,GYEONGBU,UIWANG,BUSAN,UIWANG|BUGANG|YAKMOK|BUSAN,UIWANG|BUGANG|BUSAN,SSPS,3,2026-08-16 06:00,2026-08-16 15:00,408.1,PROTOTYPE_SYNTHETIC,PROTOTYPE_6H_SYNTHETIC
CAND0131,GYEONGBU,UIWANG,BUSAN,UIWANG|BUGANG|YAKMOK|BUSAN,UIWANG|YAKMOK|BUSAN,SPSS,3,2026-08-10 06:00,2026-08-10 15:00,408.1,PROTOTYPE_SYNTHETIC,PROTOTYPE_6H_SYNTHETIC
CAND0132,GYEONGBU,UIWANG,BUSAN,UIWANG|BUGANG|YAKMOK|BUSAN,UIWANG|YAKMOK|BUSAN,SPSS,3,2026-08-10 12:00,2026-08-10 21:00,408.1,PROTOTYPE_SYNTHETIC,PROTOTYPE_6H_SYNTHETIC
CAND0133,GYEONGBU,UIWANG,BUSAN,UIWANG|BUGANG|YAKMOK|BUSAN,UIWANG|YAKMOK|BUSAN,SPSS,3,2026-08-10 18:00,2026-08-11 03:00,408.1,PROTOTYPE_SYNTHETIC,PROTOTYPE_6H_SYNTHETIC
CAND0134,GYEONGBU,UIWANG,BUSAN,UIWANG|BUGANG|YAKMOK|BUSAN,UIWANG|YAKMOK|BUSAN,SPSS,3,2026-08-11 00:00,2026-08-11 09:00,408.1,PROTOTYPE_SYNTHETIC,PROTOTYPE_6H_SYNTHETIC
CAND0135,GYEONGBU,UIWANG,BUSAN,UIWANG|BUGANG|YAKMOK|BUSAN,UIWANG|YAKMOK|BUSAN,SPSS,3,2026-08-11 06:00,2026-08-11 15:00,408.1,PROTOTYPE_SYNTHETIC,PROTOTYPE_6H_SYNTHETIC
CAND0136,GYEONGBU,UIWANG,BUSAN,UIWANG|BUGANG|YAKMOK|BUSAN,UIWANG|YAKMOK|BUSAN,SPSS,3,2026-08-11 12:00,2026-08-11 21:00,408.1,PROTOTYPE_SYNTHETIC,PROTOTYPE_6H_SYNTHETIC
CAND0137,GYEONGBU,UIWANG,BUSAN,UIWANG|BUGANG|YAKMOK|BUSAN,UIWANG|YAKMOK|BUSAN,SPSS,3,2026-08-11 18:00,2026-08-12 03:00,408.1,PROTOTYPE_SYNTHETIC,PROTOTYPE_6H_SYNTHETIC
CAND0138,GYEONGBU,UIWANG,BUSAN,UIWANG|BUGANG|YAKMOK|BUSAN,UIWANG|YAKMOK|BUSAN,SPSS,3,2026-08-12 00:00,2026-08-12 09:00,408.1,PROTOTYPE_SYNTHETIC,PROTOTYPE_6H_SYNTHETIC
CAND0139,GYEONGBU,UIWANG,BUSAN,UIWANG|BUGANG|YAKMOK|BUSAN,UIWANG|YAKMOK|BUSAN,SPSS,3,2026-08-12 06:00,2026-08-12 15:00,408.1,PROTOTYPE_SYNTHETIC,PROTOTYPE_6H_SYNTHETIC
CAND0140,GYEONGBU,UIWANG,BUSAN,UIWANG|BUGANG|YAKMOK|BUSAN,UIWANG|YAKMOK|BUSAN,SPSS,3,2026-08-12 12:00,2026-08-12 21:00,408.1,PROTOTYPE_SYNTHETIC,PROTOTYPE_6H_SYNTHETIC
CAND0141,GYEONGBU,UIWANG,BUSAN,UIWANG|BUGANG|YAKMOK|BUSAN,UIWANG|YAKMOK|BUSAN,SPSS,3,2026-08-12 18:00,2026-08-13 03:00,408.1,PROTOTYPE_SYNTHETIC,PROTOTYPE_6H_SYNTHETIC
CAND0142,GYEONGBU,UIWANG,BUSAN,UIWANG|BUGANG|YAKMOK|BUSAN,UIWANG|YAKMOK|BUSAN,SPSS,3,2026-08-13 00:00,2026-08-13 09:00,408.1,PROTOTYPE_SYNTHETIC,PROTOTYPE_6H_SYNTHETIC
CAND0143,GYEONGBU,UIWANG,BUSAN,UIWANG|BUGANG|YAKMOK|BUSAN,UIWANG|YAKMOK|BUSAN,SPSS,3,2026-08-13 06:00,2026-08-13 15:00,408.1,PROTOTYPE_SYNTHETIC,PROTOTYPE_6H_SYNTHETIC
CAND0144,GYEONGBU,UIWANG,BUSAN,UIWANG|BUGANG|YAKMOK|BUSAN,UIWANG|YAKMOK|BUSAN,SPSS,3,2026-08-13 12:00,2026-08-13 21:00,408.1,PROTOTYPE_SYNTHETIC,PROTOTYPE_6H_SYNTHETIC
CAND0145,GYEONGBU,UIWANG,BUSAN,UIWANG|BUGANG|YAKMOK|BUSAN,UIWANG|YAKMOK|BUSAN,SPSS,3,2026-08-13 18:00,2026-08-14 03:00,408.1,PROTOTYPE_SYNTHETIC,PROTOTYPE_6H_SYNTHETIC
CAND0146,GYEONGBU,UIWANG,BUSAN,UIWANG|BUGANG|YAKMOK|BUSAN,UIWANG|YAKMOK|BUSAN,SPSS,3,2026-08-14 00:00,2026-08-14 09:00,408.1,PROTOTYPE_SYNTHETIC,PROTOTYPE_6H_SYNTHETIC
CAND0147,GYEONGBU,UIWANG,BUSAN,UIWANG|BUGANG|YAKMOK|BUSAN,UIWANG|YAKMOK|BUSAN,SPSS,3,2026-08-14 06:00,2026-08-14 15:00,408.1,PROTOTYPE_SYNTHETIC,PROTOTYPE_6H_SYNTHETIC
CAND0148,GYEONGBU,UIWANG,BUSAN,UIWANG|BUGANG|YAKMOK|BUSAN,UIWANG|YAKMOK|BUSAN,SPSS,3,2026-08-14 12:00,2026-08-14 21:00,408.1,PROTOTYPE_SYNTHETIC,PROTOTYPE_6H_SYNTHETIC
CAND0149,GYEONGBU,UIWANG,BUSAN,UIWANG|BUGANG|YAKMOK|BUSAN,UIWANG|YAKMOK|BUSAN,SPSS,3,2026-08-14 18:00,2026-08-15 03:00,408.1,PROTOTYPE_SYNTHETIC,PROTOTYPE_6H_SYNTHETIC
CAND0150,GYEONGBU,UIWANG,BUSAN,UIWANG|BUGANG|YAKMOK|BUSAN,UIWANG|YAKMOK|BUSAN,SPSS,3,2026-08-15 00:00,2026-08-15 09:00,408.1,PROTOTYPE_SYNTHETIC,PROTOTYPE_6H_SYNTHETIC
CAND0151,GYEONGBU,UIWANG,BUSAN,UIWANG|BUGANG|YAKMOK|BUSAN,UIWANG|YAKMOK|BUSAN,SPSS,3,2026-08-15 06:00,2026-08-15 15:00,408.1,PROTOTYPE_SYNTHETIC,PROTOTYPE_6H_SYNTHETIC
CAND0152,GYEONGBU,UIWANG,BUSAN,UIWANG|BUGANG|YAKMOK|BUSAN,UIWANG|YAKMOK|BUSAN,SPSS,3,2026-08-15 12:00,2026-08-15 21:00,408.1,PROTOTYPE_SYNTHETIC,PROTOTYPE_6H_SYNTHETIC
CAND0153,GYEONGBU,UIWANG,BUSAN,UIWANG|BUGANG|YAKMOK|BUSAN,UIWANG|YAKMOK|BUSAN,SPSS,3,2026-08-15 18:00,2026-08-16 03:00,408.1,PROTOTYPE_SYNTHETIC,PROTOTYPE_6H_SYNTHETIC
CAND0154,GYEONGBU,UIWANG,BUSAN,UIWANG|BUGANG|YAKMOK|BUSAN,UIWANG|YAKMOK|BUSAN,SPSS,3,2026-08-16 00:00,2026-08-16 09:00,408.1,PROTOTYPE_SYNTHETIC,PROTOTYPE_6H_SYNTHETIC
CAND0155,GYEONGBU,UIWANG,BUSAN,UIWANG|BUGANG|YAKMOK|BUSAN,UIWANG|YAKMOK|BUSAN,SPSS,3,2026-08-16 06:00,2026-08-16 15:00,408.1,PROTOTYPE_SYNTHETIC,PROTOTYPE_6H_SYNTHETIC
CAND0156,GYEONGBU,UIWANG,BUSAN,UIWANG|BUGANG|YAKMOK|BUSAN,UIWANG|BUGANG|YAKMOK|BUSAN,SSSS,4,2026-08-10 06:00,2026-08-10 18:00,408.1,PROTOTYPE_SYNTHETIC,PROTOTYPE_6H_SYNTHETIC
CAND0157,GYEONGBU,UIWANG,BUSAN,UIWANG|BUGANG|YAKMOK|BUSAN,UIWANG|BUGANG|YAKMOK|BUSAN,SSSS,4,2026-08-10 12:00,2026-08-11 00:00,408.1,PROTOTYPE_SYNTHETIC,PROTOTYPE_6H_SYNTHETIC
CAND0158,GYEONGBU,UIWANG,BUSAN,UIWANG|BUGANG|YAKMOK|BUSAN,UIWANG|BUGANG|YAKMOK|BUSAN,SSSS,4,2026-08-10 18:00,2026-08-11 06:00,408.1,PROTOTYPE_SYNTHETIC,PROTOTYPE_6H_SYNTHETIC
CAND0159,GYEONGBU,UIWANG,BUSAN,UIWANG|BUGANG|YAKMOK|BUSAN,UIWANG|BUGANG|YAKMOK|BUSAN,SSSS,4,2026-08-11 00:00,2026-08-11 12:00,408.1,PROTOTYPE_SYNTHETIC,PROTOTYPE_6H_SYNTHETIC
CAND0160,GYEONGBU,UIWANG,BUSAN,UIWANG|BUGANG|YAKMOK|BUSAN,UIWANG|BUGANG|YAKMOK|BUSAN,SSSS,4,2026-08-11 06:00,2026-08-11 18:00,408.1,PROTOTYPE_SYNTHETIC,PROTOTYPE_6H_SYNTHETIC
CAND0161,GYEONGBU,UIWANG,BUSAN,UIWANG|BUGANG|YAKMOK|BUSAN,UIWANG|BUGANG|YAKMOK|BUSAN,SSSS,4,2026-08-11 12:00,2026-08-12 00:00,408.1,PROTOTYPE_SYNTHETIC,PROTOTYPE_6H_SYNTHETIC
CAND0162,GYEONGBU,UIWANG,BUSAN,UIWANG|BUGANG|YAKMOK|BUSAN,UIWANG|BUGANG|YAKMOK|BUSAN,SSSS,4,2026-08-11 18:00,2026-08-12 06:00,408.1,PROTOTYPE_SYNTHETIC,PROTOTYPE_6H_SYNTHETIC
CAND0163,GYEONGBU,UIWANG,BUSAN,UIWANG|BUGANG|YAKMOK|BUSAN,UIWANG|BUGANG|YAKMOK|BUSAN,SSSS,4,2026-08-12 00:00,2026-08-12 12:00,408.1,PROTOTYPE_SYNTHETIC,PROTOTYPE_6H_SYNTHETIC
CAND0164,GYEONGBU,UIWANG,BUSAN,UIWANG|BUGANG|YAKMOK|BUSAN,UIWANG|BUGANG|YAKMOK|BUSAN,SSSS,4,2026-08-12 06:00,2026-08-12 18:00,408.1,PROTOTYPE_SYNTHETIC,PROTOTYPE_6H_SYNTHETIC
CAND0165,GYEONGBU,UIWANG,BUSAN,UIWANG|BUGANG|YAKMOK|BUSAN,UIWANG|BUGANG|YAKMOK|BUSAN,SSSS,4,2026-08-12 12:00,2026-08-13 00:00,408.1,PROTOTYPE_SYNTHETIC,PROTOTYPE_6H_SYNTHETIC
CAND0166,GYEONGBU,UIWANG,BUSAN,UIWANG|BUGANG|YAKMOK|BUSAN,UIWANG|BUGANG|YAKMOK|BUSAN,SSSS,4,2026-08-12 18:00,2026-08-13 06:00,408.1,PROTOTYPE_SYNTHETIC,PROTOTYPE_6H_SYNTHETIC
CAND0167,GYEONGBU,UIWANG,BUSAN,UIWANG|BUGANG|YAKMOK|BUSAN,UIWANG|BUGANG|YAKMOK|BUSAN,SSSS,4,2026-08-13 00:00,2026-08-13 12:00,408.1,PROTOTYPE_SYNTHETIC,PROTOTYPE_6H_SYNTHETIC
CAND0168,GYEONGBU,UIWANG,BUSAN,UIWANG|BUGANG|YAKMOK|BUSAN,UIWANG|BUGANG|YAKMOK|BUSAN,SSSS,4,2026-08-13 06:00,2026-08-13 18:00,408.1,PROTOTYPE_SYNTHETIC,PROTOTYPE_6H_SYNTHETIC
CAND0169,GYEONGBU,UIWANG,BUSAN,UIWANG|BUGANG|YAKMOK|BUSAN,UIWANG|BUGANG|YAKMOK|BUSAN,SSSS,4,2026-08-13 12:00,2026-08-14 00:00,408.1,PROTOTYPE_SYNTHETIC,PROTOTYPE_6H_SYNTHETIC
CAND0170,GYEONGBU,UIWANG,BUSAN,UIWANG|BUGANG|YAKMOK|BUSAN,UIWANG|BUGANG|YAKMOK|BUSAN,SSSS,4,2026-08-13 18:00,2026-08-14 06:00,408.1,PROTOTYPE_SYNTHETIC,PROTOTYPE_6H_SYNTHETIC
CAND0171,GYEONGBU,UIWANG,BUSAN,UIWANG|BUGANG|YAKMOK|BUSAN,UIWANG|BUGANG|YAKMOK|BUSAN,SSSS,4,2026-08-14 00:00,2026-08-14 12:00,408.1,PROTOTYPE_SYNTHETIC,PROTOTYPE_6H_SYNTHETIC
CAND0172,GYEONGBU,UIWANG,BUSAN,UIWANG|BUGANG|YAKMOK|BUSAN,UIWANG|BUGANG|YAKMOK|BUSAN,SSSS,4,2026-08-14 06:00,2026-08-14 18:00,408.1,PROTOTYPE_SYNTHETIC,PROTOTYPE_6H_SYNTHETIC
CAND0173,GYEONGBU,UIWANG,BUSAN,UIWANG|BUGANG|YAKMOK|BUSAN,UIWANG|BUGANG|YAKMOK|BUSAN,SSSS,4,2026-08-14 12:00,2026-08-15 00:00,408.1,PROTOTYPE_SYNTHETIC,PROTOTYPE_6H_SYNTHETIC
CAND0174,GYEONGBU,UIWANG,BUSAN,UIWANG|BUGANG|YAKMOK|BUSAN,UIWANG|BUGANG|YAKMOK|BUSAN,SSSS,4,2026-08-14 18:00,2026-08-15 06:00,408.1,PROTOTYPE_SYNTHETIC,PROTOTYPE_6H_SYNTHETIC
CAND0175,GYEONGBU,UIWANG,BUSAN,UIWANG|BUGANG|YAKMOK|BUSAN,UIWANG|BUGANG|YAKMOK|BUSAN,SSSS,4,2026-08-15 00:00,2026-08-15 12:00,408.1,PROTOTYPE_SYNTHETIC,PROTOTYPE_6H_SYNTHETIC
CAND0176,GYEONGBU,UIWANG,BUSAN,UIWANG|BUGANG|YAKMOK|BUSAN,UIWANG|BUGANG|YAKMOK|BUSAN,SSSS,4,2026-08-15 06:00,2026-08-15 18:00,408.1,PROTOTYPE_SYNTHETIC,PROTOTYPE_6H_SYNTHETIC
CAND0177,GYEONGBU,UIWANG,BUSAN,UIWANG|BUGANG|YAKMOK|BUSAN,UIWANG|BUGANG|YAKMOK|BUSAN,SSSS,4,2026-08-15 12:00,2026-08-16 00:00,408.1,PROTOTYPE_SYNTHETIC,PROTOTYPE_6H_SYNTHETIC
CAND0178,GYEONGBU,UIWANG,BUSAN,UIWANG|BUGANG|YAKMOK|BUSAN,UIWANG|BUGANG|YAKMOK|BUSAN,SSSS,4,2026-08-15 18:00,2026-08-16 06:00,408.1,PROTOTYPE_SYNTHETIC,PROTOTYPE_6H_SYNTHETIC
CAND0179,GYEONGBU,UIWANG,BUSAN,UIWANG|BUGANG|YAKMOK|BUSAN,UIWANG|BUGANG|YAKMOK|BUSAN,SSSS,4,2026-08-16 00:00,2026-08-16 12:00,408.1,PROTOTYPE_SYNTHETIC,PROTOTYPE_6H_SYNTHETIC
CAND0180,GYEONGBU,UIWANG,BUSAN,UIWANG|BUGANG|YAKMOK|BUSAN,UIWANG|BUGANG|YAKMOK|BUSAN,SSSS,4,2026-08-16 06:00,2026-08-16 18:00,408.1,PROTOTYPE_SYNTHETIC,PROTOTYPE_6H_SYNTHETIC
CAND0181,GYEONGBU,BUGANG,YAKMOK,BUGANG|YAKMOK,BUGANG|YAKMOK,SS,2,2026-08-10 06:00,2026-08-10 09:00,152.6,PROTOTYPE_SYNTHETIC,PROTOTYPE_6H_SYNTHETIC
CAND0182,GYEONGBU,BUGANG,YAKMOK,BUGANG|YAKMOK,BUGANG|YAKMOK,SS,2,2026-08-10 12:00,2026-08-10 15:00,152.6,PROTOTYPE_SYNTHETIC,PROTOTYPE_6H_SYNTHETIC
CAND0183,GYEONGBU,BUGANG,YAKMOK,BUGANG|YAKMOK,BUGANG|YAKMOK,SS,2,2026-08-10 18:00,2026-08-10 21:00,152.6,PROTOTYPE_SYNTHETIC,PROTOTYPE_6H_SYNTHETIC
CAND0184,GYEONGBU,BUGANG,YAKMOK,BUGANG|YAKMOK,BUGANG|YAKMOK,SS,2,2026-08-11 00:00,2026-08-11 03:00,152.6,PROTOTYPE_SYNTHETIC,PROTOTYPE_6H_SYNTHETIC
CAND0185,GYEONGBU,BUGANG,YAKMOK,BUGANG|YAKMOK,BUGANG|YAKMOK,SS,2,2026-08-11 06:00,2026-08-11 09:00,152.6,PROTOTYPE_SYNTHETIC,PROTOTYPE_6H_SYNTHETIC
CAND0186,GYEONGBU,BUGANG,YAKMOK,BUGANG|YAKMOK,BUGANG|YAKMOK,SS,2,2026-08-11 12:00,2026-08-11 15:00,152.6,PROTOTYPE_SYNTHETIC,PROTOTYPE_6H_SYNTHETIC
CAND0187,GYEONGBU,BUGANG,YAKMOK,BUGANG|YAKMOK,BUGANG|YAKMOK,SS,2,2026-08-11 18:00,2026-08-11 21:00,152.6,PROTOTYPE_SYNTHETIC,PROTOTYPE_6H_SYNTHETIC
CAND0188,GYEONGBU,BUGANG,YAKMOK,BUGANG|YAKMOK,BUGANG|YAKMOK,SS,2,2026-08-12 00:00,2026-08-12 03:00,152.6,PROTOTYPE_SYNTHETIC,PROTOTYPE_6H_SYNTHETIC
CAND0189,GYEONGBU,BUGANG,YAKMOK,BUGANG|YAKMOK,BUGANG|YAKMOK,SS,2,2026-08-12 06:00,2026-08-12 09:00,152.6,PROTOTYPE_SYNTHETIC,PROTOTYPE_6H_SYNTHETIC
CAND0190,GYEONGBU,BUGANG,YAKMOK,BUGANG|YAKMOK,BUGANG|YAKMOK,SS,2,2026-08-12 12:00,2026-08-12 15:00,152.6,PROTOTYPE_SYNTHETIC,PROTOTYPE_6H_SYNTHETIC
CAND0191,GYEONGBU,BUGANG,YAKMOK,BUGANG|YAKMOK,BUGANG|YAKMOK,SS,2,2026-08-12 18:00,2026-08-12 21:00,152.6,PROTOTYPE_SYNTHETIC,PROTOTYPE_6H_SYNTHETIC
CAND0192,GYEONGBU,BUGANG,YAKMOK,BUGANG|YAKMOK,BUGANG|YAKMOK,SS,2,2026-08-13 00:00,2026-08-13 03:00,152.6,PROTOTYPE_SYNTHETIC,PROTOTYPE_6H_SYNTHETIC
CAND0193,GYEONGBU,BUGANG,YAKMOK,BUGANG|YAKMOK,BUGANG|YAKMOK,SS,2,2026-08-13 06:00,2026-08-13 09:00,152.6,PROTOTYPE_SYNTHETIC,PROTOTYPE_6H_SYNTHETIC
CAND0194,GYEONGBU,BUGANG,YAKMOK,BUGANG|YAKMOK,BUGANG|YAKMOK,SS,2,2026-08-13 12:00,2026-08-13 15:00,152.6,PROTOTYPE_SYNTHETIC,PROTOTYPE_6H_SYNTHETIC
CAND0195,GYEONGBU,BUGANG,YAKMOK,BUGANG|YAKMOK,BUGANG|YAKMOK,SS,2,2026-08-13 18:00,2026-08-13 21:00,152.6,PROTOTYPE_SYNTHETIC,PROTOTYPE_6H_SYNTHETIC
CAND0196,GYEONGBU,BUGANG,YAKMOK,BUGANG|YAKMOK,BUGANG|YAKMOK,SS,2,2026-08-14 00:00,2026-08-14 03:00,152.6,PROTOTYPE_SYNTHETIC,PROTOTYPE_6H_SYNTHETIC
CAND0197,GYEONGBU,BUGANG,YAKMOK,BUGANG|YAKMOK,BUGANG|YAKMOK,SS,2,2026-08-14 06:00,2026-08-14 09:00,152.6,PROTOTYPE_SYNTHETIC,PROTOTYPE_6H_SYNTHETIC
CAND0198,GYEONGBU,BUGANG,YAKMOK,BUGANG|YAKMOK,BUGANG|YAKMOK,SS,2,2026-08-14 12:00,2026-08-14 15:00,152.6,PROTOTYPE_SYNTHETIC,PROTOTYPE_6H_SYNTHETIC
CAND0199,GYEONGBU,BUGANG,YAKMOK,BUGANG|YAKMOK,BUGANG|YAKMOK,SS,2,2026-08-14 18:00,2026-08-14 21:00,152.6,PROTOTYPE_SYNTHETIC,PROTOTYPE_6H_SYNTHETIC
CAND0200,GYEONGBU,BUGANG,YAKMOK,BUGANG|YAKMOK,BUGANG|YAKMOK,SS,2,2026-08-15 00:00,2026-08-15 03:00,152.6,PROTOTYPE_SYNTHETIC,PROTOTYPE_6H_SYNTHETIC
CAND0201,GYEONGBU,BUGANG,YAKMOK,BUGANG|YAKMOK,BUGANG|YAKMOK,SS,2,2026-08-15 06:00,2026-08-15 09:00,152.6,PROTOTYPE_SYNTHETIC,PROTOTYPE_6H_SYNTHETIC
CAND0202,GYEONGBU,BUGANG,YAKMOK,BUGANG|YAKMOK,BUGANG|YAKMOK,SS,2,2026-08-15 12:00,2026-08-15 15:00,152.6,PROTOTYPE_SYNTHETIC,PROTOTYPE_6H_SYNTHETIC
CAND0203,GYEONGBU,BUGANG,YAKMOK,BUGANG|YAKMOK,BUGANG|YAKMOK,SS,2,2026-08-15 18:00,2026-08-15 21:00,152.6,PROTOTYPE_SYNTHETIC,PROTOTYPE_6H_SYNTHETIC
CAND0204,GYEONGBU,BUGANG,YAKMOK,BUGANG|YAKMOK,BUGANG|YAKMOK,SS,2,2026-08-16 00:00,2026-08-16 03:00,152.6,PROTOTYPE_SYNTHETIC,PROTOTYPE_6H_SYNTHETIC
CAND0205,GYEONGBU,BUGANG,YAKMOK,BUGANG|YAKMOK,BUGANG|YAKMOK,SS,2,2026-08-16 06:00,2026-08-16 09:00,152.6,PROTOTYPE_SYNTHETIC,PROTOTYPE_6H_SYNTHETIC
CAND0206,GYEONGBU,BUGANG,YAKMOK,BUGANG|YAKMOK,BUGANG|YAKMOK,SS,2,2026-08-16 12:00,2026-08-16 15:00,152.6,PROTOTYPE_SYNTHETIC,PROTOTYPE_6H_SYNTHETIC
CAND0207,GYEONGBU,BUGANG,BUSAN,BUGANG|YAKMOK|BUSAN,BUGANG|BUSAN,SPS,2,2026-08-10 06:00,2026-08-10 11:00,296.3,PROTOTYPE_SYNTHETIC,PROTOTYPE_6H_SYNTHETIC
CAND0208,GYEONGBU,BUGANG,BUSAN,BUGANG|YAKMOK|BUSAN,BUGANG|BUSAN,SPS,2,2026-08-10 12:00,2026-08-10 17:00,296.3,PROTOTYPE_SYNTHETIC,PROTOTYPE_6H_SYNTHETIC
CAND0209,GYEONGBU,BUGANG,BUSAN,BUGANG|YAKMOK|BUSAN,BUGANG|BUSAN,SPS,2,2026-08-10 18:00,2026-08-10 23:00,296.3,PROTOTYPE_SYNTHETIC,PROTOTYPE_6H_SYNTHETIC
CAND0210,GYEONGBU,BUGANG,BUSAN,BUGANG|YAKMOK|BUSAN,BUGANG|BUSAN,SPS,2,2026-08-11 00:00,2026-08-11 05:00,296.3,PROTOTYPE_SYNTHETIC,PROTOTYPE_6H_SYNTHETIC
CAND0211,GYEONGBU,BUGANG,BUSAN,BUGANG|YAKMOK|BUSAN,BUGANG|BUSAN,SPS,2,2026-08-11 06:00,2026-08-11 11:00,296.3,PROTOTYPE_SYNTHETIC,PROTOTYPE_6H_SYNTHETIC
CAND0212,GYEONGBU,BUGANG,BUSAN,BUGANG|YAKMOK|BUSAN,BUGANG|BUSAN,SPS,2,2026-08-11 12:00,2026-08-11 17:00,296.3,PROTOTYPE_SYNTHETIC,PROTOTYPE_6H_SYNTHETIC
CAND0213,GYEONGBU,BUGANG,BUSAN,BUGANG|YAKMOK|BUSAN,BUGANG|BUSAN,SPS,2,2026-08-11 18:00,2026-08-11 23:00,296.3,PROTOTYPE_SYNTHETIC,PROTOTYPE_6H_SYNTHETIC
CAND0214,GYEONGBU,BUGANG,BUSAN,BUGANG|YAKMOK|BUSAN,BUGANG|BUSAN,SPS,2,2026-08-12 00:00,2026-08-12 05:00,296.3,PROTOTYPE_SYNTHETIC,PROTOTYPE_6H_SYNTHETIC
CAND0215,GYEONGBU,BUGANG,BUSAN,BUGANG|YAKMOK|BUSAN,BUGANG|BUSAN,SPS,2,2026-08-12 06:00,2026-08-12 11:00,296.3,PROTOTYPE_SYNTHETIC,PROTOTYPE_6H_SYNTHETIC
CAND0216,GYEONGBU,BUGANG,BUSAN,BUGANG|YAKMOK|BUSAN,BUGANG|BUSAN,SPS,2,2026-08-12 12:00,2026-08-12 17:00,296.3,PROTOTYPE_SYNTHETIC,PROTOTYPE_6H_SYNTHETIC
CAND0217,GYEONGBU,BUGANG,BUSAN,BUGANG|YAKMOK|BUSAN,BUGANG|BUSAN,SPS,2,2026-08-12 18:00,2026-08-12 23:00,296.3,PROTOTYPE_SYNTHETIC,PROTOTYPE_6H_SYNTHETIC
CAND0218,GYEONGBU,BUGANG,BUSAN,BUGANG|YAKMOK|BUSAN,BUGANG|BUSAN,SPS,2,2026-08-13 00:00,2026-08-13 05:00,296.3,PROTOTYPE_SYNTHETIC,PROTOTYPE_6H_SYNTHETIC
CAND0219,GYEONGBU,BUGANG,BUSAN,BUGANG|YAKMOK|BUSAN,BUGANG|BUSAN,SPS,2,2026-08-13 06:00,2026-08-13 11:00,296.3,PROTOTYPE_SYNTHETIC,PROTOTYPE_6H_SYNTHETIC
CAND0220,GYEONGBU,BUGANG,BUSAN,BUGANG|YAKMOK|BUSAN,BUGANG|BUSAN,SPS,2,2026-08-13 12:00,2026-08-13 17:00,296.3,PROTOTYPE_SYNTHETIC,PROTOTYPE_6H_SYNTHETIC
CAND0221,GYEONGBU,BUGANG,BUSAN,BUGANG|YAKMOK|BUSAN,BUGANG|BUSAN,SPS,2,2026-08-13 18:00,2026-08-13 23:00,296.3,PROTOTYPE_SYNTHETIC,PROTOTYPE_6H_SYNTHETIC
CAND0222,GYEONGBU,BUGANG,BUSAN,BUGANG|YAKMOK|BUSAN,BUGANG|BUSAN,SPS,2,2026-08-14 00:00,2026-08-14 05:00,296.3,PROTOTYPE_SYNTHETIC,PROTOTYPE_6H_SYNTHETIC
CAND0223,GYEONGBU,BUGANG,BUSAN,BUGANG|YAKMOK|BUSAN,BUGANG|BUSAN,SPS,2,2026-08-14 06:00,2026-08-14 11:00,296.3,PROTOTYPE_SYNTHETIC,PROTOTYPE_6H_SYNTHETIC
CAND0224,GYEONGBU,BUGANG,BUSAN,BUGANG|YAKMOK|BUSAN,BUGANG|BUSAN,SPS,2,2026-08-14 12:00,2026-08-14 17:00,296.3,PROTOTYPE_SYNTHETIC,PROTOTYPE_6H_SYNTHETIC
CAND0225,GYEONGBU,BUGANG,BUSAN,BUGANG|YAKMOK|BUSAN,BUGANG|BUSAN,SPS,2,2026-08-14 18:00,2026-08-14 23:00,296.3,PROTOTYPE_SYNTHETIC,PROTOTYPE_6H_SYNTHETIC
CAND0226,GYEONGBU,BUGANG,BUSAN,BUGANG|YAKMOK|BUSAN,BUGANG|BUSAN,SPS,2,2026-08-15 00:00,2026-08-15 05:00,296.3,PROTOTYPE_SYNTHETIC,PROTOTYPE_6H_SYNTHETIC
CAND0227,GYEONGBU,BUGANG,BUSAN,BUGANG|YAKMOK|BUSAN,BUGANG|BUSAN,SPS,2,2026-08-15 06:00,2026-08-15 11:00,296.3,PROTOTYPE_SYNTHETIC,PROTOTYPE_6H_SYNTHETIC
CAND0228,GYEONGBU,BUGANG,BUSAN,BUGANG|YAKMOK|BUSAN,BUGANG|BUSAN,SPS,2,2026-08-15 12:00,2026-08-15 17:00,296.3,PROTOTYPE_SYNTHETIC,PROTOTYPE_6H_SYNTHETIC
CAND0229,GYEONGBU,BUGANG,BUSAN,BUGANG|YAKMOK|BUSAN,BUGANG|BUSAN,SPS,2,2026-08-15 18:00,2026-08-15 23:00,296.3,PROTOTYPE_SYNTHETIC,PROTOTYPE_6H_SYNTHETIC
CAND0230,GYEONGBU,BUGANG,BUSAN,BUGANG|YAKMOK|BUSAN,BUGANG|BUSAN,SPS,2,2026-08-16 00:00,2026-08-16 05:00,296.3,PROTOTYPE_SYNTHETIC,PROTOTYPE_6H_SYNTHETIC
CAND0231,GYEONGBU,BUGANG,BUSAN,BUGANG|YAKMOK|BUSAN,BUGANG|BUSAN,SPS,2,2026-08-16 06:00,2026-08-16 11:00,296.3,PROTOTYPE_SYNTHETIC,PROTOTYPE_6H_SYNTHETIC
CAND0232,GYEONGBU,BUGANG,BUSAN,BUGANG|YAKMOK|BUSAN,BUGANG|BUSAN,SPS,2,2026-08-16 12:00,2026-08-16 17:00,296.3,PROTOTYPE_SYNTHETIC,PROTOTYPE_6H_SYNTHETIC
CAND0233,GYEONGBU,BUGANG,BUSAN,BUGANG|YAKMOK|BUSAN,BUGANG|YAKMOK|BUSAN,SSS,3,2026-08-10 06:00,2026-08-10 14:00,296.3,PROTOTYPE_SYNTHETIC,PROTOTYPE_6H_SYNTHETIC
CAND0234,GYEONGBU,BUGANG,BUSAN,BUGANG|YAKMOK|BUSAN,BUGANG|YAKMOK|BUSAN,SSS,3,2026-08-10 12:00,2026-08-10 20:00,296.3,PROTOTYPE_SYNTHETIC,PROTOTYPE_6H_SYNTHETIC
CAND0235,GYEONGBU,BUGANG,BUSAN,BUGANG|YAKMOK|BUSAN,BUGANG|YAKMOK|BUSAN,SSS,3,2026-08-10 18:00,2026-08-11 02:00,296.3,PROTOTYPE_SYNTHETIC,PROTOTYPE_6H_SYNTHETIC
CAND0236,GYEONGBU,BUGANG,BUSAN,BUGANG|YAKMOK|BUSAN,BUGANG|YAKMOK|BUSAN,SSS,3,2026-08-11 00:00,2026-08-11 08:00,296.3,PROTOTYPE_SYNTHETIC,PROTOTYPE_6H_SYNTHETIC
CAND0237,GYEONGBU,BUGANG,BUSAN,BUGANG|YAKMOK|BUSAN,BUGANG|YAKMOK|BUSAN,SSS,3,2026-08-11 06:00,2026-08-11 14:00,296.3,PROTOTYPE_SYNTHETIC,PROTOTYPE_6H_SYNTHETIC
CAND0238,GYEONGBU,BUGANG,BUSAN,BUGANG|YAKMOK|BUSAN,BUGANG|YAKMOK|BUSAN,SSS,3,2026-08-11 12:00,2026-08-11 20:00,296.3,PROTOTYPE_SYNTHETIC,PROTOTYPE_6H_SYNTHETIC
CAND0239,GYEONGBU,BUGANG,BUSAN,BUGANG|YAKMOK|BUSAN,BUGANG|YAKMOK|BUSAN,SSS,3,2026-08-11 18:00,2026-08-12 02:00,296.3,PROTOTYPE_SYNTHETIC,PROTOTYPE_6H_SYNTHETIC
CAND0240,GYEONGBU,BUGANG,BUSAN,BUGANG|YAKMOK|BUSAN,BUGANG|YAKMOK|BUSAN,SSS,3,2026-08-12 00:00,2026-08-12 08:00,296.3,PROTOTYPE_SYNTHETIC,PROTOTYPE_6H_SYNTHETIC
CAND0241,GYEONGBU,BUGANG,BUSAN,BUGANG|YAKMOK|BUSAN,BUGANG|YAKMOK|BUSAN,SSS,3,2026-08-12 06:00,2026-08-12 14:00,296.3,PROTOTYPE_SYNTHETIC,PROTOTYPE_6H_SYNTHETIC
CAND0242,GYEONGBU,BUGANG,BUSAN,BUGANG|YAKMOK|BUSAN,BUGANG|YAKMOK|BUSAN,SSS,3,2026-08-12 12:00,2026-08-12 20:00,296.3,PROTOTYPE_SYNTHETIC,PROTOTYPE_6H_SYNTHETIC
CAND0243,GYEONGBU,BUGANG,BUSAN,BUGANG|YAKMOK|BUSAN,BUGANG|YAKMOK|BUSAN,SSS,3,2026-08-12 18:00,2026-08-13 02:00,296.3,PROTOTYPE_SYNTHETIC,PROTOTYPE_6H_SYNTHETIC
CAND0244,GYEONGBU,BUGANG,BUSAN,BUGANG|YAKMOK|BUSAN,BUGANG|YAKMOK|BUSAN,SSS,3,2026-08-13 00:00,2026-08-13 08:00,296.3,PROTOTYPE_SYNTHETIC,PROTOTYPE_6H_SYNTHETIC
CAND0245,GYEONGBU,BUGANG,BUSAN,BUGANG|YAKMOK|BUSAN,BUGANG|YAKMOK|BUSAN,SSS,3,2026-08-13 06:00,2026-08-13 14:00,296.3,PROTOTYPE_SYNTHETIC,PROTOTYPE_6H_SYNTHETIC
CAND0246,GYEONGBU,BUGANG,BUSAN,BUGANG|YAKMOK|BUSAN,BUGANG|YAKMOK|BUSAN,SSS,3,2026-08-13 12:00,2026-08-13 20:00,296.3,PROTOTYPE_SYNTHETIC,PROTOTYPE_6H_SYNTHETIC
CAND0247,GYEONGBU,BUGANG,BUSAN,BUGANG|YAKMOK|BUSAN,BUGANG|YAKMOK|BUSAN,SSS,3,2026-08-13 18:00,2026-08-14 02:00,296.3,PROTOTYPE_SYNTHETIC,PROTOTYPE_6H_SYNTHETIC
CAND0248,GYEONGBU,BUGANG,BUSAN,BUGANG|YAKMOK|BUSAN,BUGANG|YAKMOK|BUSAN,SSS,3,2026-08-14 00:00,2026-08-14 08:00,296.3,PROTOTYPE_SYNTHETIC,PROTOTYPE_6H_SYNTHETIC
CAND0249,GYEONGBU,BUGANG,BUSAN,BUGANG|YAKMOK|BUSAN,BUGANG|YAKMOK|BUSAN,SSS,3,2026-08-14 06:00,2026-08-14 14:00,296.3,PROTOTYPE_SYNTHETIC,PROTOTYPE_6H_SYNTHETIC
CAND0250,GYEONGBU,BUGANG,BUSAN,BUGANG|YAKMOK|BUSAN,BUGANG|YAKMOK|BUSAN,SSS,3,2026-08-14 12:00,2026-08-14 20:00,296.3,PROTOTYPE_SYNTHETIC,PROTOTYPE_6H_SYNTHETIC
CAND0251,GYEONGBU,BUGANG,BUSAN,BUGANG|YAKMOK|BUSAN,BUGANG|YAKMOK|BUSAN,SSS,3,2026-08-14 18:00,2026-08-15 02:00,296.3,PROTOTYPE_SYNTHETIC,PROTOTYPE_6H_SYNTHETIC
CAND0252,GYEONGBU,BUGANG,BUSAN,BUGANG|YAKMOK|BUSAN,BUGANG|YAKMOK|BUSAN,SSS,3,2026-08-15 00:00,2026-08-15 08:00,296.3,PROTOTYPE_SYNTHETIC,PROTOTYPE_6H_SYNTHETIC
CAND0253,GYEONGBU,BUGANG,BUSAN,BUGANG|YAKMOK|BUSAN,BUGANG|YAKMOK|BUSAN,SSS,3,2026-08-15 06:00,2026-08-15 14:00,296.3,PROTOTYPE_SYNTHETIC,PROTOTYPE_6H_SYNTHETIC
CAND0254,GYEONGBU,BUGANG,BUSAN,BUGANG|YAKMOK|BUSAN,BUGANG|YAKMOK|BUSAN,SSS,3,2026-08-15 12:00,2026-08-15 20:00,296.3,PROTOTYPE_SYNTHETIC,PROTOTYPE_6H_SYNTHETIC
CAND0255,GYEONGBU,BUGANG,BUSAN,BUGANG|YAKMOK|BUSAN,BUGANG|YAKMOK|BUSAN,SSS,3,2026-08-15 18:00,2026-08-16 02:00,296.3,PROTOTYPE_SYNTHETIC,PROTOTYPE_6H_SYNTHETIC
CAND0256,GYEONGBU,BUGANG,BUSAN,BUGANG|YAKMOK|BUSAN,BUGANG|YAKMOK|BUSAN,SSS,3,2026-08-16 00:00,2026-08-16 08:00,296.3,PROTOTYPE_SYNTHETIC,PROTOTYPE_6H_SYNTHETIC
CAND0257,GYEONGBU,BUGANG,BUSAN,BUGANG|YAKMOK|BUSAN,BUGANG|YAKMOK|BUSAN,SSS,3,2026-08-16 06:00,2026-08-16 14:00,296.3,PROTOTYPE_SYNTHETIC,PROTOTYPE_6H_SYNTHETIC
CAND0258,GYEONGBU,BUGANG,BUSAN,BUGANG|YAKMOK|BUSAN,BUGANG|YAKMOK|BUSAN,SSS,3,2026-08-16 12:00,2026-08-16 20:00,296.3,PROTOTYPE_SYNTHETIC,PROTOTYPE_6H_SYNTHETIC
CAND0259,GYEONGBU,YAKMOK,BUSAN,YAKMOK|BUSAN,YAKMOK|BUSAN,SS,2,2026-08-10 06:00,2026-08-10 09:00,143.7,PROTOTYPE_SYNTHETIC,PROTOTYPE_6H_SYNTHETIC
CAND0260,GYEONGBU,YAKMOK,BUSAN,YAKMOK|BUSAN,YAKMOK|BUSAN,SS,2,2026-08-10 12:00,2026-08-10 15:00,143.7,PROTOTYPE_SYNTHETIC,PROTOTYPE_6H_SYNTHETIC
CAND0261,GYEONGBU,YAKMOK,BUSAN,YAKMOK|BUSAN,YAKMOK|BUSAN,SS,2,2026-08-10 18:00,2026-08-10 21:00,143.7,PROTOTYPE_SYNTHETIC,PROTOTYPE_6H_SYNTHETIC
CAND0262,GYEONGBU,YAKMOK,BUSAN,YAKMOK|BUSAN,YAKMOK|BUSAN,SS,2,2026-08-11 00:00,2026-08-11 03:00,143.7,PROTOTYPE_SYNTHETIC,PROTOTYPE_6H_SYNTHETIC
CAND0263,GYEONGBU,YAKMOK,BUSAN,YAKMOK|BUSAN,YAKMOK|BUSAN,SS,2,2026-08-11 06:00,2026-08-11 09:00,143.7,PROTOTYPE_SYNTHETIC,PROTOTYPE_6H_SYNTHETIC
CAND0264,GYEONGBU,YAKMOK,BUSAN,YAKMOK|BUSAN,YAKMOK|BUSAN,SS,2,2026-08-11 12:00,2026-08-11 15:00,143.7,PROTOTYPE_SYNTHETIC,PROTOTYPE_6H_SYNTHETIC
CAND0265,GYEONGBU,YAKMOK,BUSAN,YAKMOK|BUSAN,YAKMOK|BUSAN,SS,2,2026-08-11 18:00,2026-08-11 21:00,143.7,PROTOTYPE_SYNTHETIC,PROTOTYPE_6H_SYNTHETIC
CAND0266,GYEONGBU,YAKMOK,BUSAN,YAKMOK|BUSAN,YAKMOK|BUSAN,SS,2,2026-08-12 00:00,2026-08-12 03:00,143.7,PROTOTYPE_SYNTHETIC,PROTOTYPE_6H_SYNTHETIC
CAND0267,GYEONGBU,YAKMOK,BUSAN,YAKMOK|BUSAN,YAKMOK|BUSAN,SS,2,2026-08-12 06:00,2026-08-12 09:00,143.7,PROTOTYPE_SYNTHETIC,PROTOTYPE_6H_SYNTHETIC
CAND0268,GYEONGBU,YAKMOK,BUSAN,YAKMOK|BUSAN,YAKMOK|BUSAN,SS,2,2026-08-12 12:00,2026-08-12 15:00,143.7,PROTOTYPE_SYNTHETIC,PROTOTYPE_6H_SYNTHETIC
CAND0269,GYEONGBU,YAKMOK,BUSAN,YAKMOK|BUSAN,YAKMOK|BUSAN,SS,2,2026-08-12 18:00,2026-08-12 21:00,143.7,PROTOTYPE_SYNTHETIC,PROTOTYPE_6H_SYNTHETIC
CAND0270,GYEONGBU,YAKMOK,BUSAN,YAKMOK|BUSAN,YAKMOK|BUSAN,SS,2,2026-08-13 00:00,2026-08-13 03:00,143.7,PROTOTYPE_SYNTHETIC,PROTOTYPE_6H_SYNTHETIC
CAND0271,GYEONGBU,YAKMOK,BUSAN,YAKMOK|BUSAN,YAKMOK|BUSAN,SS,2,2026-08-13 06:00,2026-08-13 09:00,143.7,PROTOTYPE_SYNTHETIC,PROTOTYPE_6H_SYNTHETIC
CAND0272,GYEONGBU,YAKMOK,BUSAN,YAKMOK|BUSAN,YAKMOK|BUSAN,SS,2,2026-08-13 12:00,2026-08-13 15:00,143.7,PROTOTYPE_SYNTHETIC,PROTOTYPE_6H_SYNTHETIC
CAND0273,GYEONGBU,YAKMOK,BUSAN,YAKMOK|BUSAN,YAKMOK|BUSAN,SS,2,2026-08-13 18:00,2026-08-13 21:00,143.7,PROTOTYPE_SYNTHETIC,PROTOTYPE_6H_SYNTHETIC
CAND0274,GYEONGBU,YAKMOK,BUSAN,YAKMOK|BUSAN,YAKMOK|BUSAN,SS,2,2026-08-14 00:00,2026-08-14 03:00,143.7,PROTOTYPE_SYNTHETIC,PROTOTYPE_6H_SYNTHETIC
CAND0275,GYEONGBU,YAKMOK,BUSAN,YAKMOK|BUSAN,YAKMOK|BUSAN,SS,2,2026-08-14 06:00,2026-08-14 09:00,143.7,PROTOTYPE_SYNTHETIC,PROTOTYPE_6H_SYNTHETIC
CAND0276,GYEONGBU,YAKMOK,BUSAN,YAKMOK|BUSAN,YAKMOK|BUSAN,SS,2,2026-08-14 12:00,2026-08-14 15:00,143.7,PROTOTYPE_SYNTHETIC,PROTOTYPE_6H_SYNTHETIC
CAND0277,GYEONGBU,YAKMOK,BUSAN,YAKMOK|BUSAN,YAKMOK|BUSAN,SS,2,2026-08-14 18:00,2026-08-14 21:00,143.7,PROTOTYPE_SYNTHETIC,PROTOTYPE_6H_SYNTHETIC
CAND0278,GYEONGBU,YAKMOK,BUSAN,YAKMOK|BUSAN,YAKMOK|BUSAN,SS,2,2026-08-15 00:00,2026-08-15 03:00,143.7,PROTOTYPE_SYNTHETIC,PROTOTYPE_6H_SYNTHETIC
CAND0279,GYEONGBU,YAKMOK,BUSAN,YAKMOK|BUSAN,YAKMOK|BUSAN,SS,2,2026-08-15 06:00,2026-08-15 09:00,143.7,PROTOTYPE_SYNTHETIC,PROTOTYPE_6H_SYNTHETIC
CAND0280,GYEONGBU,YAKMOK,BUSAN,YAKMOK|BUSAN,YAKMOK|BUSAN,SS,2,2026-08-15 12:00,2026-08-15 15:00,143.7,PROTOTYPE_SYNTHETIC,PROTOTYPE_6H_SYNTHETIC
CAND0281,GYEONGBU,YAKMOK,BUSAN,YAKMOK|BUSAN,YAKMOK|BUSAN,SS,2,2026-08-15 18:00,2026-08-15 21:00,143.7,PROTOTYPE_SYNTHETIC,PROTOTYPE_6H_SYNTHETIC
CAND0282,GYEONGBU,YAKMOK,BUSAN,YAKMOK|BUSAN,YAKMOK|BUSAN,SS,2,2026-08-16 00:00,2026-08-16 03:00,143.7,PROTOTYPE_SYNTHETIC,PROTOTYPE_6H_SYNTHETIC
CAND0283,GYEONGBU,YAKMOK,BUSAN,YAKMOK|BUSAN,YAKMOK|BUSAN,SS,2,2026-08-16 06:00,2026-08-16 09:00,143.7,PROTOTYPE_SYNTHETIC,PROTOTYPE_6H_SYNTHETIC
CAND0284,GYEONGBU,YAKMOK,BUSAN,YAKMOK|BUSAN,YAKMOK|BUSAN,SS,2,2026-08-16 12:00,2026-08-16 15:00,143.7,PROTOTYPE_SYNTHETIC,PROTOTYPE_6H_SYNTHETIC
CAND0285,GYEONGBU,BUSAN,YAKMOK,BUSAN|YAKMOK,BUSAN|YAKMOK,SS,2,2026-08-10 06:00,2026-08-10 09:00,143.7,PROTOTYPE_SYNTHETIC,PROTOTYPE_6H_SYNTHETIC
CAND0286,GYEONGBU,BUSAN,YAKMOK,BUSAN|YAKMOK,BUSAN|YAKMOK,SS,2,2026-08-10 12:00,2026-08-10 15:00,143.7,PROTOTYPE_SYNTHETIC,PROTOTYPE_6H_SYNTHETIC
CAND0287,GYEONGBU,BUSAN,YAKMOK,BUSAN|YAKMOK,BUSAN|YAKMOK,SS,2,2026-08-10 18:00,2026-08-10 21:00,143.7,PROTOTYPE_SYNTHETIC,PROTOTYPE_6H_SYNTHETIC
CAND0288,GYEONGBU,BUSAN,YAKMOK,BUSAN|YAKMOK,BUSAN|YAKMOK,SS,2,2026-08-11 00:00,2026-08-11 03:00,143.7,PROTOTYPE_SYNTHETIC,PROTOTYPE_6H_SYNTHETIC
CAND0289,GYEONGBU,BUSAN,YAKMOK,BUSAN|YAKMOK,BUSAN|YAKMOK,SS,2,2026-08-11 06:00,2026-08-11 09:00,143.7,PROTOTYPE_SYNTHETIC,PROTOTYPE_6H_SYNTHETIC
CAND0290,GYEONGBU,BUSAN,YAKMOK,BUSAN|YAKMOK,BUSAN|YAKMOK,SS,2,2026-08-11 12:00,2026-08-11 15:00,143.7,PROTOTYPE_SYNTHETIC,PROTOTYPE_6H_SYNTHETIC
CAND0291,GYEONGBU,BUSAN,YAKMOK,BUSAN|YAKMOK,BUSAN|YAKMOK,SS,2,2026-08-11 18:00,2026-08-11 21:00,143.7,PROTOTYPE_SYNTHETIC,PROTOTYPE_6H_SYNTHETIC
CAND0292,GYEONGBU,BUSAN,YAKMOK,BUSAN|YAKMOK,BUSAN|YAKMOK,SS,2,2026-08-12 00:00,2026-08-12 03:00,143.7,PROTOTYPE_SYNTHETIC,PROTOTYPE_6H_SYNTHETIC
CAND0293,GYEONGBU,BUSAN,YAKMOK,BUSAN|YAKMOK,BUSAN|YAKMOK,SS,2,2026-08-12 06:00,2026-08-12 09:00,143.7,PROTOTYPE_SYNTHETIC,PROTOTYPE_6H_SYNTHETIC
CAND0294,GYEONGBU,BUSAN,YAKMOK,BUSAN|YAKMOK,BUSAN|YAKMOK,SS,2,2026-08-12 12:00,2026-08-12 15:00,143.7,PROTOTYPE_SYNTHETIC,PROTOTYPE_6H_SYNTHETIC
CAND0295,GYEONGBU,BUSAN,YAKMOK,BUSAN|YAKMOK,BUSAN|YAKMOK,SS,2,2026-08-12 18:00,2026-08-12 21:00,143.7,PROTOTYPE_SYNTHETIC,PROTOTYPE_6H_SYNTHETIC
CAND0296,GYEONGBU,BUSAN,YAKMOK,BUSAN|YAKMOK,BUSAN|YAKMOK,SS,2,2026-08-13 00:00,2026-08-13 03:00,143.7,PROTOTYPE_SYNTHETIC,PROTOTYPE_6H_SYNTHETIC
CAND0297,GYEONGBU,BUSAN,YAKMOK,BUSAN|YAKMOK,BUSAN|YAKMOK,SS,2,2026-08-13 06:00,2026-08-13 09:00,143.7,PROTOTYPE_SYNTHETIC,PROTOTYPE_6H_SYNTHETIC
CAND0298,GYEONGBU,BUSAN,YAKMOK,BUSAN|YAKMOK,BUSAN|YAKMOK,SS,2,2026-08-13 12:00,2026-08-13 15:00,143.7,PROTOTYPE_SYNTHETIC,PROTOTYPE_6H_SYNTHETIC
CAND0299,GYEONGBU,BUSAN,YAKMOK,BUSAN|YAKMOK,BUSAN|YAKMOK,SS,2,2026-08-13 18:00,2026-08-13 21:00,143.7,PROTOTYPE_SYNTHETIC,PROTOTYPE_6H_SYNTHETIC
CAND0300,GYEONGBU,BUSAN,YAKMOK,BUSAN|YAKMOK,BUSAN|YAKMOK,SS,2,2026-08-14 00:00,2026-08-14 03:00,143.7,PROTOTYPE_SYNTHETIC,PROTOTYPE_6H_SYNTHETIC
CAND0301,GYEONGBU,BUSAN,YAKMOK,BUSAN|YAKMOK,BUSAN|YAKMOK,SS,2,2026-08-14 06:00,2026-08-14 09:00,143.7,PROTOTYPE_SYNTHETIC,PROTOTYPE_6H_SYNTHETIC
CAND0302,GYEONGBU,BUSAN,YAKMOK,BUSAN|YAKMOK,BUSAN|YAKMOK,SS,2,2026-08-14 12:00,2026-08-14 15:00,143.7,PROTOTYPE_SYNTHETIC,PROTOTYPE_6H_SYNTHETIC
CAND0303,GYEONGBU,BUSAN,YAKMOK,BUSAN|YAKMOK,BUSAN|YAKMOK,SS,2,2026-08-14 18:00,2026-08-14 21:00,143.7,PROTOTYPE_SYNTHETIC,PROTOTYPE_6H_SYNTHETIC
CAND0304,GYEONGBU,BUSAN,YAKMOK,BUSAN|YAKMOK,BUSAN|YAKMOK,SS,2,2026-08-15 00:00,2026-08-15 03:00,143.7,PROTOTYPE_SYNTHETIC,PROTOTYPE_6H_SYNTHETIC
CAND0305,GYEONGBU,BUSAN,YAKMOK,BUSAN|YAKMOK,BUSAN|YAKMOK,SS,2,2026-08-15 06:00,2026-08-15 09:00,143.7,PROTOTYPE_SYNTHETIC,PROTOTYPE_6H_SYNTHETIC
CAND0306,GYEONGBU,BUSAN,YAKMOK,BUSAN|YAKMOK,BUSAN|YAKMOK,SS,2,2026-08-15 12:00,2026-08-15 15:00,143.7,PROTOTYPE_SYNTHETIC,PROTOTYPE_6H_SYNTHETIC
CAND0307,GYEONGBU,BUSAN,YAKMOK,BUSAN|YAKMOK,BUSAN|YAKMOK,SS,2,2026-08-15 18:00,2026-08-15 21:00,143.7,PROTOTYPE_SYNTHETIC,PROTOTYPE_6H_SYNTHETIC
CAND0308,GYEONGBU,BUSAN,YAKMOK,BUSAN|YAKMOK,BUSAN|YAKMOK,SS,2,2026-08-16 00:00,2026-08-16 03:00,143.7,PROTOTYPE_SYNTHETIC,PROTOTYPE_6H_SYNTHETIC
CAND0309,GYEONGBU,BUSAN,YAKMOK,BUSAN|YAKMOK,BUSAN|YAKMOK,SS,2,2026-08-16 06:00,2026-08-16 09:00,143.7,PROTOTYPE_SYNTHETIC,PROTOTYPE_6H_SYNTHETIC
CAND0310,GYEONGBU,BUSAN,YAKMOK,BUSAN|YAKMOK,BUSAN|YAKMOK,SS,2,2026-08-16 12:00,2026-08-16 15:00,143.7,PROTOTYPE_SYNTHETIC,PROTOTYPE_6H_SYNTHETIC
CAND0311,GYEONGBU,BUSAN,BUGANG,BUSAN|YAKMOK|BUGANG,BUSAN|BUGANG,SPS,2,2026-08-10 06:00,2026-08-10 11:00,296.3,PROTOTYPE_SYNTHETIC,PROTOTYPE_6H_SYNTHETIC
CAND0312,GYEONGBU,BUSAN,BUGANG,BUSAN|YAKMOK|BUGANG,BUSAN|BUGANG,SPS,2,2026-08-10 12:00,2026-08-10 17:00,296.3,PROTOTYPE_SYNTHETIC,PROTOTYPE_6H_SYNTHETIC
CAND0313,GYEONGBU,BUSAN,BUGANG,BUSAN|YAKMOK|BUGANG,BUSAN|BUGANG,SPS,2,2026-08-10 18:00,2026-08-10 23:00,296.3,PROTOTYPE_SYNTHETIC,PROTOTYPE_6H_SYNTHETIC
CAND0314,GYEONGBU,BUSAN,BUGANG,BUSAN|YAKMOK|BUGANG,BUSAN|BUGANG,SPS,2,2026-08-11 00:00,2026-08-11 05:00,296.3,PROTOTYPE_SYNTHETIC,PROTOTYPE_6H_SYNTHETIC
CAND0315,GYEONGBU,BUSAN,BUGANG,BUSAN|YAKMOK|BUGANG,BUSAN|BUGANG,SPS,2,2026-08-11 06:00,2026-08-11 11:00,296.3,PROTOTYPE_SYNTHETIC,PROTOTYPE_6H_SYNTHETIC
CAND0316,GYEONGBU,BUSAN,BUGANG,BUSAN|YAKMOK|BUGANG,BUSAN|BUGANG,SPS,2,2026-08-11 12:00,2026-08-11 17:00,296.3,PROTOTYPE_SYNTHETIC,PROTOTYPE_6H_SYNTHETIC
CAND0317,GYEONGBU,BUSAN,BUGANG,BUSAN|YAKMOK|BUGANG,BUSAN|BUGANG,SPS,2,2026-08-11 18:00,2026-08-11 23:00,296.3,PROTOTYPE_SYNTHETIC,PROTOTYPE_6H_SYNTHETIC
CAND0318,GYEONGBU,BUSAN,BUGANG,BUSAN|YAKMOK|BUGANG,BUSAN|BUGANG,SPS,2,2026-08-12 00:00,2026-08-12 05:00,296.3,PROTOTYPE_SYNTHETIC,PROTOTYPE_6H_SYNTHETIC
CAND0319,GYEONGBU,BUSAN,BUGANG,BUSAN|YAKMOK|BUGANG,BUSAN|BUGANG,SPS,2,2026-08-12 06:00,2026-08-12 11:00,296.3,PROTOTYPE_SYNTHETIC,PROTOTYPE_6H_SYNTHETIC
CAND0320,GYEONGBU,BUSAN,BUGANG,BUSAN|YAKMOK|BUGANG,BUSAN|BUGANG,SPS,2,2026-08-12 12:00,2026-08-12 17:00,296.3,PROTOTYPE_SYNTHETIC,PROTOTYPE_6H_SYNTHETIC
CAND0321,GYEONGBU,BUSAN,BUGANG,BUSAN|YAKMOK|BUGANG,BUSAN|BUGANG,SPS,2,2026-08-12 18:00,2026-08-12 23:00,296.3,PROTOTYPE_SYNTHETIC,PROTOTYPE_6H_SYNTHETIC
CAND0322,GYEONGBU,BUSAN,BUGANG,BUSAN|YAKMOK|BUGANG,BUSAN|BUGANG,SPS,2,2026-08-13 00:00,2026-08-13 05:00,296.3,PROTOTYPE_SYNTHETIC,PROTOTYPE_6H_SYNTHETIC
CAND0323,GYEONGBU,BUSAN,BUGANG,BUSAN|YAKMOK|BUGANG,BUSAN|BUGANG,SPS,2,2026-08-13 06:00,2026-08-13 11:00,296.3,PROTOTYPE_SYNTHETIC,PROTOTYPE_6H_SYNTHETIC
CAND0324,GYEONGBU,BUSAN,BUGANG,BUSAN|YAKMOK|BUGANG,BUSAN|BUGANG,SPS,2,2026-08-13 12:00,2026-08-13 17:00,296.3,PROTOTYPE_SYNTHETIC,PROTOTYPE_6H_SYNTHETIC
CAND0325,GYEONGBU,BUSAN,BUGANG,BUSAN|YAKMOK|BUGANG,BUSAN|BUGANG,SPS,2,2026-08-13 18:00,2026-08-13 23:00,296.3,PROTOTYPE_SYNTHETIC,PROTOTYPE_6H_SYNTHETIC
CAND0326,GYEONGBU,BUSAN,BUGANG,BUSAN|YAKMOK|BUGANG,BUSAN|BUGANG,SPS,2,2026-08-14 00:00,2026-08-14 05:00,296.3,PROTOTYPE_SYNTHETIC,PROTOTYPE_6H_SYNTHETIC
CAND0327,GYEONGBU,BUSAN,BUGANG,BUSAN|YAKMOK|BUGANG,BUSAN|BUGANG,SPS,2,2026-08-14 06:00,2026-08-14 11:00,296.3,PROTOTYPE_SYNTHETIC,PROTOTYPE_6H_SYNTHETIC
CAND0328,GYEONGBU,BUSAN,BUGANG,BUSAN|YAKMOK|BUGANG,BUSAN|BUGANG,SPS,2,2026-08-14 12:00,2026-08-14 17:00,296.3,PROTOTYPE_SYNTHETIC,PROTOTYPE_6H_SYNTHETIC
CAND0329,GYEONGBU,BUSAN,BUGANG,BUSAN|YAKMOK|BUGANG,BUSAN|BUGANG,SPS,2,2026-08-14 18:00,2026-08-14 23:00,296.3,PROTOTYPE_SYNTHETIC,PROTOTYPE_6H_SYNTHETIC
CAND0330,GYEONGBU,BUSAN,BUGANG,BUSAN|YAKMOK|BUGANG,BUSAN|BUGANG,SPS,2,2026-08-15 00:00,2026-08-15 05:00,296.3,PROTOTYPE_SYNTHETIC,PROTOTYPE_6H_SYNTHETIC
CAND0331,GYEONGBU,BUSAN,BUGANG,BUSAN|YAKMOK|BUGANG,BUSAN|BUGANG,SPS,2,2026-08-15 06:00,2026-08-15 11:00,296.3,PROTOTYPE_SYNTHETIC,PROTOTYPE_6H_SYNTHETIC
CAND0332,GYEONGBU,BUSAN,BUGANG,BUSAN|YAKMOK|BUGANG,BUSAN|BUGANG,SPS,2,2026-08-15 12:00,2026-08-15 17:00,296.3,PROTOTYPE_SYNTHETIC,PROTOTYPE_6H_SYNTHETIC
CAND0333,GYEONGBU,BUSAN,BUGANG,BUSAN|YAKMOK|BUGANG,BUSAN|BUGANG,SPS,2,2026-08-15 18:00,2026-08-15 23:00,296.3,PROTOTYPE_SYNTHETIC,PROTOTYPE_6H_SYNTHETIC
CAND0334,GYEONGBU,BUSAN,BUGANG,BUSAN|YAKMOK|BUGANG,BUSAN|BUGANG,SPS,2,2026-08-16 00:00,2026-08-16 05:00,296.3,PROTOTYPE_SYNTHETIC,PROTOTYPE_6H_SYNTHETIC
CAND0335,GYEONGBU,BUSAN,BUGANG,BUSAN|YAKMOK|BUGANG,BUSAN|BUGANG,SPS,2,2026-08-16 06:00,2026-08-16 11:00,296.3,PROTOTYPE_SYNTHETIC,PROTOTYPE_6H_SYNTHETIC
CAND0336,GYEONGBU,BUSAN,BUGANG,BUSAN|YAKMOK|BUGANG,BUSAN|BUGANG,SPS,2,2026-08-16 12:00,2026-08-16 17:00,296.3,PROTOTYPE_SYNTHETIC,PROTOTYPE_6H_SYNTHETIC
CAND0337,GYEONGBU,BUSAN,BUGANG,BUSAN|YAKMOK|BUGANG,BUSAN|YAKMOK|BUGANG,SSS,3,2026-08-10 06:00,2026-08-10 14:00,296.3,PROTOTYPE_SYNTHETIC,PROTOTYPE_6H_SYNTHETIC
CAND0338,GYEONGBU,BUSAN,BUGANG,BUSAN|YAKMOK|BUGANG,BUSAN|YAKMOK|BUGANG,SSS,3,2026-08-10 12:00,2026-08-10 20:00,296.3,PROTOTYPE_SYNTHETIC,PROTOTYPE_6H_SYNTHETIC
CAND0339,GYEONGBU,BUSAN,BUGANG,BUSAN|YAKMOK|BUGANG,BUSAN|YAKMOK|BUGANG,SSS,3,2026-08-10 18:00,2026-08-11 02:00,296.3,PROTOTYPE_SYNTHETIC,PROTOTYPE_6H_SYNTHETIC
CAND0340,GYEONGBU,BUSAN,BUGANG,BUSAN|YAKMOK|BUGANG,BUSAN|YAKMOK|BUGANG,SSS,3,2026-08-11 00:00,2026-08-11 08:00,296.3,PROTOTYPE_SYNTHETIC,PROTOTYPE_6H_SYNTHETIC
CAND0341,GYEONGBU,BUSAN,BUGANG,BUSAN|YAKMOK|BUGANG,BUSAN|YAKMOK|BUGANG,SSS,3,2026-08-11 06:00,2026-08-11 14:00,296.3,PROTOTYPE_SYNTHETIC,PROTOTYPE_6H_SYNTHETIC
CAND0342,GYEONGBU,BUSAN,BUGANG,BUSAN|YAKMOK|BUGANG,BUSAN|YAKMOK|BUGANG,SSS,3,2026-08-11 12:00,2026-08-11 20:00,296.3,PROTOTYPE_SYNTHETIC,PROTOTYPE_6H_SYNTHETIC
CAND0343,GYEONGBU,BUSAN,BUGANG,BUSAN|YAKMOK|BUGANG,BUSAN|YAKMOK|BUGANG,SSS,3,2026-08-11 18:00,2026-08-12 02:00,296.3,PROTOTYPE_SYNTHETIC,PROTOTYPE_6H_SYNTHETIC
CAND0344,GYEONGBU,BUSAN,BUGANG,BUSAN|YAKMOK|BUGANG,BUSAN|YAKMOK|BUGANG,SSS,3,2026-08-12 00:00,2026-08-12 08:00,296.3,PROTOTYPE_SYNTHETIC,PROTOTYPE_6H_SYNTHETIC
CAND0345,GYEONGBU,BUSAN,BUGANG,BUSAN|YAKMOK|BUGANG,BUSAN|YAKMOK|BUGANG,SSS,3,2026-08-12 06:00,2026-08-12 14:00,296.3,PROTOTYPE_SYNTHETIC,PROTOTYPE_6H_SYNTHETIC
CAND0346,GYEONGBU,BUSAN,BUGANG,BUSAN|YAKMOK|BUGANG,BUSAN|YAKMOK|BUGANG,SSS,3,2026-08-12 12:00,2026-08-12 20:00,296.3,PROTOTYPE_SYNTHETIC,PROTOTYPE_6H_SYNTHETIC
CAND0347,GYEONGBU,BUSAN,BUGANG,BUSAN|YAKMOK|BUGANG,BUSAN|YAKMOK|BUGANG,SSS,3,2026-08-12 18:00,2026-08-13 02:00,296.3,PROTOTYPE_SYNTHETIC,PROTOTYPE_6H_SYNTHETIC
CAND0348,GYEONGBU,BUSAN,BUGANG,BUSAN|YAKMOK|BUGANG,BUSAN|YAKMOK|BUGANG,SSS,3,2026-08-13 00:00,2026-08-13 08:00,296.3,PROTOTYPE_SYNTHETIC,PROTOTYPE_6H_SYNTHETIC
CAND0349,GYEONGBU,BUSAN,BUGANG,BUSAN|YAKMOK|BUGANG,BUSAN|YAKMOK|BUGANG,SSS,3,2026-08-13 06:00,2026-08-13 14:00,296.3,PROTOTYPE_SYNTHETIC,PROTOTYPE_6H_SYNTHETIC
CAND0350,GYEONGBU,BUSAN,BUGANG,BUSAN|YAKMOK|BUGANG,BUSAN|YAKMOK|BUGANG,SSS,3,2026-08-13 12:00,2026-08-13 20:00,296.3,PROTOTYPE_SYNTHETIC,PROTOTYPE_6H_SYNTHETIC
CAND0351,GYEONGBU,BUSAN,BUGANG,BUSAN|YAKMOK|BUGANG,BUSAN|YAKMOK|BUGANG,SSS,3,2026-08-13 18:00,2026-08-14 02:00,296.3,PROTOTYPE_SYNTHETIC,PROTOTYPE_6H_SYNTHETIC
CAND0352,GYEONGBU,BUSAN,BUGANG,BUSAN|YAKMOK|BUGANG,BUSAN|YAKMOK|BUGANG,SSS,3,2026-08-14 00:00,2026-08-14 08:00,296.3,PROTOTYPE_SYNTHETIC,PROTOTYPE_6H_SYNTHETIC
CAND0353,GYEONGBU,BUSAN,BUGANG,BUSAN|YAKMOK|BUGANG,BUSAN|YAKMOK|BUGANG,SSS,3,2026-08-14 06:00,2026-08-14 14:00,296.3,PROTOTYPE_SYNTHETIC,PROTOTYPE_6H_SYNTHETIC
CAND0354,GYEONGBU,BUSAN,BUGANG,BUSAN|YAKMOK|BUGANG,BUSAN|YAKMOK|BUGANG,SSS,3,2026-08-14 12:00,2026-08-14 20:00,296.3,PROTOTYPE_SYNTHETIC,PROTOTYPE_6H_SYNTHETIC
CAND0355,GYEONGBU,BUSAN,BUGANG,BUSAN|YAKMOK|BUGANG,BUSAN|YAKMOK|BUGANG,SSS,3,2026-08-14 18:00,2026-08-15 02:00,296.3,PROTOTYPE_SYNTHETIC,PROTOTYPE_6H_SYNTHETIC
CAND0356,GYEONGBU,BUSAN,BUGANG,BUSAN|YAKMOK|BUGANG,BUSAN|YAKMOK|BUGANG,SSS,3,2026-08-15 00:00,2026-08-15 08:00,296.3,PROTOTYPE_SYNTHETIC,PROTOTYPE_6H_SYNTHETIC
CAND0357,GYEONGBU,BUSAN,BUGANG,BUSAN|YAKMOK|BUGANG,BUSAN|YAKMOK|BUGANG,SSS,3,2026-08-15 06:00,2026-08-15 14:00,296.3,PROTOTYPE_SYNTHETIC,PROTOTYPE_6H_SYNTHETIC
CAND0358,GYEONGBU,BUSAN,BUGANG,BUSAN|YAKMOK|BUGANG,BUSAN|YAKMOK|BUGANG,SSS,3,2026-08-15 12:00,2026-08-15 20:00,296.3,PROTOTYPE_SYNTHETIC,PROTOTYPE_6H_SYNTHETIC
CAND0359,GYEONGBU,BUSAN,BUGANG,BUSAN|YAKMOK|BUGANG,BUSAN|YAKMOK|BUGANG,SSS,3,2026-08-15 18:00,2026-08-16 02:00,296.3,PROTOTYPE_SYNTHETIC,PROTOTYPE_6H_SYNTHETIC
CAND0360,GYEONGBU,BUSAN,BUGANG,BUSAN|YAKMOK|BUGANG,BUSAN|YAKMOK|BUGANG,SSS,3,2026-08-16 00:00,2026-08-16 08:00,296.3,PROTOTYPE_SYNTHETIC,PROTOTYPE_6H_SYNTHETIC
CAND0361,GYEONGBU,BUSAN,BUGANG,BUSAN|YAKMOK|BUGANG,BUSAN|YAKMOK|BUGANG,SSS,3,2026-08-16 06:00,2026-08-16 14:00,296.3,PROTOTYPE_SYNTHETIC,PROTOTYPE_6H_SYNTHETIC
CAND0362,GYEONGBU,BUSAN,BUGANG,BUSAN|YAKMOK|BUGANG,BUSAN|YAKMOK|BUGANG,SSS,3,2026-08-16 12:00,2026-08-16 20:00,296.3,PROTOTYPE_SYNTHETIC,PROTOTYPE_6H_SYNTHETIC
CAND0363,GYEONGBU,BUSAN,UIWANG,BUSAN|YAKMOK|BUGANG|UIWANG,BUSAN|UIWANG,SPPS,2,2026-08-10 06:00,2026-08-10 12:00,408.1,PROTOTYPE_SYNTHETIC,PROTOTYPE_6H_SYNTHETIC
CAND0364,GYEONGBU,BUSAN,UIWANG,BUSAN|YAKMOK|BUGANG|UIWANG,BUSAN|UIWANG,SPPS,2,2026-08-10 12:00,2026-08-10 18:00,408.1,PROTOTYPE_SYNTHETIC,PROTOTYPE_6H_SYNTHETIC
CAND0365,GYEONGBU,BUSAN,UIWANG,BUSAN|YAKMOK|BUGANG|UIWANG,BUSAN|UIWANG,SPPS,2,2026-08-10 18:00,2026-08-11 00:00,408.1,PROTOTYPE_SYNTHETIC,PROTOTYPE_6H_SYNTHETIC
CAND0366,GYEONGBU,BUSAN,UIWANG,BUSAN|YAKMOK|BUGANG|UIWANG,BUSAN|UIWANG,SPPS,2,2026-08-11 00:00,2026-08-11 06:00,408.1,PROTOTYPE_SYNTHETIC,PROTOTYPE_6H_SYNTHETIC
CAND0367,GYEONGBU,BUSAN,UIWANG,BUSAN|YAKMOK|BUGANG|UIWANG,BUSAN|UIWANG,SPPS,2,2026-08-11 06:00,2026-08-11 12:00,408.1,PROTOTYPE_SYNTHETIC,PROTOTYPE_6H_SYNTHETIC
CAND0368,GYEONGBU,BUSAN,UIWANG,BUSAN|YAKMOK|BUGANG|UIWANG,BUSAN|UIWANG,SPPS,2,2026-08-11 12:00,2026-08-11 18:00,408.1,PROTOTYPE_SYNTHETIC,PROTOTYPE_6H_SYNTHETIC
CAND0369,GYEONGBU,BUSAN,UIWANG,BUSAN|YAKMOK|BUGANG|UIWANG,BUSAN|UIWANG,SPPS,2,2026-08-11 18:00,2026-08-12 00:00,408.1,PROTOTYPE_SYNTHETIC,PROTOTYPE_6H_SYNTHETIC
CAND0370,GYEONGBU,BUSAN,UIWANG,BUSAN|YAKMOK|BUGANG|UIWANG,BUSAN|UIWANG,SPPS,2,2026-08-12 00:00,2026-08-12 06:00,408.1,PROTOTYPE_SYNTHETIC,PROTOTYPE_6H_SYNTHETIC
CAND0371,GYEONGBU,BUSAN,UIWANG,BUSAN|YAKMOK|BUGANG|UIWANG,BUSAN|UIWANG,SPPS,2,2026-08-12 06:00,2026-08-12 12:00,408.1,PROTOTYPE_SYNTHETIC,PROTOTYPE_6H_SYNTHETIC
CAND0372,GYEONGBU,BUSAN,UIWANG,BUSAN|YAKMOK|BUGANG|UIWANG,BUSAN|UIWANG,SPPS,2,2026-08-12 12:00,2026-08-12 18:00,408.1,PROTOTYPE_SYNTHETIC,PROTOTYPE_6H_SYNTHETIC
CAND0373,GYEONGBU,BUSAN,UIWANG,BUSAN|YAKMOK|BUGANG|UIWANG,BUSAN|UIWANG,SPPS,2,2026-08-12 18:00,2026-08-13 00:00,408.1,PROTOTYPE_SYNTHETIC,PROTOTYPE_6H_SYNTHETIC
CAND0374,GYEONGBU,BUSAN,UIWANG,BUSAN|YAKMOK|BUGANG|UIWANG,BUSAN|UIWANG,SPPS,2,2026-08-13 00:00,2026-08-13 06:00,408.1,PROTOTYPE_SYNTHETIC,PROTOTYPE_6H_SYNTHETIC
CAND0375,GYEONGBU,BUSAN,UIWANG,BUSAN|YAKMOK|BUGANG|UIWANG,BUSAN|UIWANG,SPPS,2,2026-08-13 06:00,2026-08-13 12:00,408.1,PROTOTYPE_SYNTHETIC,PROTOTYPE_6H_SYNTHETIC
CAND0376,GYEONGBU,BUSAN,UIWANG,BUSAN|YAKMOK|BUGANG|UIWANG,BUSAN|UIWANG,SPPS,2,2026-08-13 12:00,2026-08-13 18:00,408.1,PROTOTYPE_SYNTHETIC,PROTOTYPE_6H_SYNTHETIC
CAND0377,GYEONGBU,BUSAN,UIWANG,BUSAN|YAKMOK|BUGANG|UIWANG,BUSAN|UIWANG,SPPS,2,2026-08-13 18:00,2026-08-14 00:00,408.1,PROTOTYPE_SYNTHETIC,PROTOTYPE_6H_SYNTHETIC
CAND0378,GYEONGBU,BUSAN,UIWANG,BUSAN|YAKMOK|BUGANG|UIWANG,BUSAN|UIWANG,SPPS,2,2026-08-14 00:00,2026-08-14 06:00,408.1,PROTOTYPE_SYNTHETIC,PROTOTYPE_6H_SYNTHETIC
CAND0379,GYEONGBU,BUSAN,UIWANG,BUSAN|YAKMOK|BUGANG|UIWANG,BUSAN|UIWANG,SPPS,2,2026-08-14 06:00,2026-08-14 12:00,408.1,PROTOTYPE_SYNTHETIC,PROTOTYPE_6H_SYNTHETIC
CAND0380,GYEONGBU,BUSAN,UIWANG,BUSAN|YAKMOK|BUGANG|UIWANG,BUSAN|UIWANG,SPPS,2,2026-08-14 12:00,2026-08-14 18:00,408.1,PROTOTYPE_SYNTHETIC,PROTOTYPE_6H_SYNTHETIC
CAND0381,GYEONGBU,BUSAN,UIWANG,BUSAN|YAKMOK|BUGANG|UIWANG,BUSAN|UIWANG,SPPS,2,2026-08-14 18:00,2026-08-15 00:00,408.1,PROTOTYPE_SYNTHETIC,PROTOTYPE_6H_SYNTHETIC
CAND0382,GYEONGBU,BUSAN,UIWANG,BUSAN|YAKMOK|BUGANG|UIWANG,BUSAN|UIWANG,SPPS,2,2026-08-15 00:00,2026-08-15 06:00,408.1,PROTOTYPE_SYNTHETIC,PROTOTYPE_6H_SYNTHETIC
CAND0383,GYEONGBU,BUSAN,UIWANG,BUSAN|YAKMOK|BUGANG|UIWANG,BUSAN|UIWANG,SPPS,2,2026-08-15 06:00,2026-08-15 12:00,408.1,PROTOTYPE_SYNTHETIC,PROTOTYPE_6H_SYNTHETIC
CAND0384,GYEONGBU,BUSAN,UIWANG,BUSAN|YAKMOK|BUGANG|UIWANG,BUSAN|UIWANG,SPPS,2,2026-08-15 12:00,2026-08-15 18:00,408.1,PROTOTYPE_SYNTHETIC,PROTOTYPE_6H_SYNTHETIC
CAND0385,GYEONGBU,BUSAN,UIWANG,BUSAN|YAKMOK|BUGANG|UIWANG,BUSAN|UIWANG,SPPS,2,2026-08-15 18:00,2026-08-16 00:00,408.1,PROTOTYPE_SYNTHETIC,PROTOTYPE_6H_SYNTHETIC
CAND0386,GYEONGBU,BUSAN,UIWANG,BUSAN|YAKMOK|BUGANG|UIWANG,BUSAN|UIWANG,SPPS,2,2026-08-16 00:00,2026-08-16 06:00,408.1,PROTOTYPE_SYNTHETIC,PROTOTYPE_6H_SYNTHETIC
CAND0387,GYEONGBU,BUSAN,UIWANG,BUSAN|YAKMOK|BUGANG|UIWANG,BUSAN|UIWANG,SPPS,2,2026-08-16 06:00,2026-08-16 12:00,408.1,PROTOTYPE_SYNTHETIC,PROTOTYPE_6H_SYNTHETIC
CAND0388,GYEONGBU,BUSAN,UIWANG,BUSAN|YAKMOK|BUGANG|UIWANG,BUSAN|UIWANG,SPPS,2,2026-08-16 12:00,2026-08-16 18:00,408.1,PROTOTYPE_SYNTHETIC,PROTOTYPE_6H_SYNTHETIC
CAND0389,GYEONGBU,BUSAN,UIWANG,BUSAN|YAKMOK|BUGANG|UIWANG,BUSAN|YAKMOK|UIWANG,SSPS,3,2026-08-10 06:00,2026-08-10 15:00,408.1,PROTOTYPE_SYNTHETIC,PROTOTYPE_6H_SYNTHETIC
CAND0390,GYEONGBU,BUSAN,UIWANG,BUSAN|YAKMOK|BUGANG|UIWANG,BUSAN|YAKMOK|UIWANG,SSPS,3,2026-08-10 12:00,2026-08-10 21:00,408.1,PROTOTYPE_SYNTHETIC,PROTOTYPE_6H_SYNTHETIC
CAND0391,GYEONGBU,BUSAN,UIWANG,BUSAN|YAKMOK|BUGANG|UIWANG,BUSAN|YAKMOK|UIWANG,SSPS,3,2026-08-10 18:00,2026-08-11 03:00,408.1,PROTOTYPE_SYNTHETIC,PROTOTYPE_6H_SYNTHETIC
CAND0392,GYEONGBU,BUSAN,UIWANG,BUSAN|YAKMOK|BUGANG|UIWANG,BUSAN|YAKMOK|UIWANG,SSPS,3,2026-08-11 00:00,2026-08-11 09:00,408.1,PROTOTYPE_SYNTHETIC,PROTOTYPE_6H_SYNTHETIC
CAND0393,GYEONGBU,BUSAN,UIWANG,BUSAN|YAKMOK|BUGANG|UIWANG,BUSAN|YAKMOK|UIWANG,SSPS,3,2026-08-11 06:00,2026-08-11 15:00,408.1,PROTOTYPE_SYNTHETIC,PROTOTYPE_6H_SYNTHETIC
CAND0394,GYEONGBU,BUSAN,UIWANG,BUSAN|YAKMOK|BUGANG|UIWANG,BUSAN|YAKMOK|UIWANG,SSPS,3,2026-08-11 12:00,2026-08-11 21:00,408.1,PROTOTYPE_SYNTHETIC,PROTOTYPE_6H_SYNTHETIC
CAND0395,GYEONGBU,BUSAN,UIWANG,BUSAN|YAKMOK|BUGANG|UIWANG,BUSAN|YAKMOK|UIWANG,SSPS,3,2026-08-11 18:00,2026-08-12 03:00,408.1,PROTOTYPE_SYNTHETIC,PROTOTYPE_6H_SYNTHETIC
CAND0396,GYEONGBU,BUSAN,UIWANG,BUSAN|YAKMOK|BUGANG|UIWANG,BUSAN|YAKMOK|UIWANG,SSPS,3,2026-08-12 00:00,2026-08-12 09:00,408.1,PROTOTYPE_SYNTHETIC,PROTOTYPE_6H_SYNTHETIC
CAND0397,GYEONGBU,BUSAN,UIWANG,BUSAN|YAKMOK|BUGANG|UIWANG,BUSAN|YAKMOK|UIWANG,SSPS,3,2026-08-12 06:00,2026-08-12 15:00,408.1,PROTOTYPE_SYNTHETIC,PROTOTYPE_6H_SYNTHETIC
CAND0398,GYEONGBU,BUSAN,UIWANG,BUSAN|YAKMOK|BUGANG|UIWANG,BUSAN|YAKMOK|UIWANG,SSPS,3,2026-08-12 12:00,2026-08-12 21:00,408.1,PROTOTYPE_SYNTHETIC,PROTOTYPE_6H_SYNTHETIC
CAND0399,GYEONGBU,BUSAN,UIWANG,BUSAN|YAKMOK|BUGANG|UIWANG,BUSAN|YAKMOK|UIWANG,SSPS,3,2026-08-12 18:00,2026-08-13 03:00,408.1,PROTOTYPE_SYNTHETIC,PROTOTYPE_6H_SYNTHETIC
CAND0400,GYEONGBU,BUSAN,UIWANG,BUSAN|YAKMOK|BUGANG|UIWANG,BUSAN|YAKMOK|UIWANG,SSPS,3,2026-08-13 00:00,2026-08-13 09:00,408.1,PROTOTYPE_SYNTHETIC,PROTOTYPE_6H_SYNTHETIC
CAND0401,GYEONGBU,BUSAN,UIWANG,BUSAN|YAKMOK|BUGANG|UIWANG,BUSAN|YAKMOK|UIWANG,SSPS,3,2026-08-13 06:00,2026-08-13 15:00,408.1,PROTOTYPE_SYNTHETIC,PROTOTYPE_6H_SYNTHETIC
CAND0402,GYEONGBU,BUSAN,UIWANG,BUSAN|YAKMOK|BUGANG|UIWANG,BUSAN|YAKMOK|UIWANG,SSPS,3,2026-08-13 12:00,2026-08-13 21:00,408.1,PROTOTYPE_SYNTHETIC,PROTOTYPE_6H_SYNTHETIC
CAND0403,GYEONGBU,BUSAN,UIWANG,BUSAN|YAKMOK|BUGANG|UIWANG,BUSAN|YAKMOK|UIWANG,SSPS,3,2026-08-13 18:00,2026-08-14 03:00,408.1,PROTOTYPE_SYNTHETIC,PROTOTYPE_6H_SYNTHETIC
CAND0404,GYEONGBU,BUSAN,UIWANG,BUSAN|YAKMOK|BUGANG|UIWANG,BUSAN|YAKMOK|UIWANG,SSPS,3,2026-08-14 00:00,2026-08-14 09:00,408.1,PROTOTYPE_SYNTHETIC,PROTOTYPE_6H_SYNTHETIC
CAND0405,GYEONGBU,BUSAN,UIWANG,BUSAN|YAKMOK|BUGANG|UIWANG,BUSAN|YAKMOK|UIWANG,SSPS,3,2026-08-14 06:00,2026-08-14 15:00,408.1,PROTOTYPE_SYNTHETIC,PROTOTYPE_6H_SYNTHETIC
CAND0406,GYEONGBU,BUSAN,UIWANG,BUSAN|YAKMOK|BUGANG|UIWANG,BUSAN|YAKMOK|UIWANG,SSPS,3,2026-08-14 12:00,2026-08-14 21:00,408.1,PROTOTYPE_SYNTHETIC,PROTOTYPE_6H_SYNTHETIC
CAND0407,GYEONGBU,BUSAN,UIWANG,BUSAN|YAKMOK|BUGANG|UIWANG,BUSAN|YAKMOK|UIWANG,SSPS,3,2026-08-14 18:00,2026-08-15 03:00,408.1,PROTOTYPE_SYNTHETIC,PROTOTYPE_6H_SYNTHETIC
CAND0408,GYEONGBU,BUSAN,UIWANG,BUSAN|YAKMOK|BUGANG|UIWANG,BUSAN|YAKMOK|UIWANG,SSPS,3,2026-08-15 00:00,2026-08-15 09:00,408.1,PROTOTYPE_SYNTHETIC,PROTOTYPE_6H_SYNTHETIC
CAND0409,GYEONGBU,BUSAN,UIWANG,BUSAN|YAKMOK|BUGANG|UIWANG,BUSAN|YAKMOK|UIWANG,SSPS,3,2026-08-15 06:00,2026-08-15 15:00,408.1,PROTOTYPE_SYNTHETIC,PROTOTYPE_6H_SYNTHETIC
CAND0410,GYEONGBU,BUSAN,UIWANG,BUSAN|YAKMOK|BUGANG|UIWANG,BUSAN|YAKMOK|UIWANG,SSPS,3,2026-08-15 12:00,2026-08-15 21:00,408.1,PROTOTYPE_SYNTHETIC,PROTOTYPE_6H_SYNTHETIC
CAND0411,GYEONGBU,BUSAN,UIWANG,BUSAN|YAKMOK|BUGANG|UIWANG,BUSAN|YAKMOK|UIWANG,SSPS,3,2026-08-15 18:00,2026-08-16 03:00,408.1,PROTOTYPE_SYNTHETIC,PROTOTYPE_6H_SYNTHETIC
CAND0412,GYEONGBU,BUSAN,UIWANG,BUSAN|YAKMOK|BUGANG|UIWANG,BUSAN|YAKMOK|UIWANG,SSPS,3,2026-08-16 00:00,2026-08-16 09:00,408.1,PROTOTYPE_SYNTHETIC,PROTOTYPE_6H_SYNTHETIC
CAND0413,GYEONGBU,BUSAN,UIWANG,BUSAN|YAKMOK|BUGANG|UIWANG,BUSAN|YAKMOK|UIWANG,SSPS,3,2026-08-16 06:00,2026-08-16 15:00,408.1,PROTOTYPE_SYNTHETIC,PROTOTYPE_6H_SYNTHETIC
CAND0414,GYEONGBU,BUSAN,UIWANG,BUSAN|YAKMOK|BUGANG|UIWANG,BUSAN|BUGANG|UIWANG,SPSS,3,2026-08-10 06:00,2026-08-10 15:00,408.1,PROTOTYPE_SYNTHETIC,PROTOTYPE_6H_SYNTHETIC
CAND0415,GYEONGBU,BUSAN,UIWANG,BUSAN|YAKMOK|BUGANG|UIWANG,BUSAN|BUGANG|UIWANG,SPSS,3,2026-08-10 12:00,2026-08-10 21:00,408.1,PROTOTYPE_SYNTHETIC,PROTOTYPE_6H_SYNTHETIC
CAND0416,GYEONGBU,BUSAN,UIWANG,BUSAN|YAKMOK|BUGANG|UIWANG,BUSAN|BUGANG|UIWANG,SPSS,3,2026-08-10 18:00,2026-08-11 03:00,408.1,PROTOTYPE_SYNTHETIC,PROTOTYPE_6H_SYNTHETIC
CAND0417,GYEONGBU,BUSAN,UIWANG,BUSAN|YAKMOK|BUGANG|UIWANG,BUSAN|BUGANG|UIWANG,SPSS,3,2026-08-11 00:00,2026-08-11 09:00,408.1,PROTOTYPE_SYNTHETIC,PROTOTYPE_6H_SYNTHETIC
CAND0418,GYEONGBU,BUSAN,UIWANG,BUSAN|YAKMOK|BUGANG|UIWANG,BUSAN|BUGANG|UIWANG,SPSS,3,2026-08-11 06:00,2026-08-11 15:00,408.1,PROTOTYPE_SYNTHETIC,PROTOTYPE_6H_SYNTHETIC
CAND0419,GYEONGBU,BUSAN,UIWANG,BUSAN|YAKMOK|BUGANG|UIWANG,BUSAN|BUGANG|UIWANG,SPSS,3,2026-08-11 12:00,2026-08-11 21:00,408.1,PROTOTYPE_SYNTHETIC,PROTOTYPE_6H_SYNTHETIC
CAND0420,GYEONGBU,BUSAN,UIWANG,BUSAN|YAKMOK|BUGANG|UIWANG,BUSAN|BUGANG|UIWANG,SPSS,3,2026-08-11 18:00,2026-08-12 03:00,408.1,PROTOTYPE_SYNTHETIC,PROTOTYPE_6H_SYNTHETIC
CAND0421,GYEONGBU,BUSAN,UIWANG,BUSAN|YAKMOK|BUGANG|UIWANG,BUSAN|BUGANG|UIWANG,SPSS,3,2026-08-12 00:00,2026-08-12 09:00,408.1,PROTOTYPE_SYNTHETIC,PROTOTYPE_6H_SYNTHETIC
CAND0422,GYEONGBU,BUSAN,UIWANG,BUSAN|YAKMOK|BUGANG|UIWANG,BUSAN|BUGANG|UIWANG,SPSS,3,2026-08-12 06:00,2026-08-12 15:00,408.1,PROTOTYPE_SYNTHETIC,PROTOTYPE_6H_SYNTHETIC
CAND0423,GYEONGBU,BUSAN,UIWANG,BUSAN|YAKMOK|BUGANG|UIWANG,BUSAN|BUGANG|UIWANG,SPSS,3,2026-08-12 12:00,2026-08-12 21:00,408.1,PROTOTYPE_SYNTHETIC,PROTOTYPE_6H_SYNTHETIC
CAND0424,GYEONGBU,BUSAN,UIWANG,BUSAN|YAKMOK|BUGANG|UIWANG,BUSAN|BUGANG|UIWANG,SPSS,3,2026-08-12 18:00,2026-08-13 03:00,408.1,PROTOTYPE_SYNTHETIC,PROTOTYPE_6H_SYNTHETIC
CAND0425,GYEONGBU,BUSAN,UIWANG,BUSAN|YAKMOK|BUGANG|UIWANG,BUSAN|BUGANG|UIWANG,SPSS,3,2026-08-13 00:00,2026-08-13 09:00,408.1,PROTOTYPE_SYNTHETIC,PROTOTYPE_6H_SYNTHETIC
CAND0426,GYEONGBU,BUSAN,UIWANG,BUSAN|YAKMOK|BUGANG|UIWANG,BUSAN|BUGANG|UIWANG,SPSS,3,2026-08-13 06:00,2026-08-13 15:00,408.1,PROTOTYPE_SYNTHETIC,PROTOTYPE_6H_SYNTHETIC
CAND0427,GYEONGBU,BUSAN,UIWANG,BUSAN|YAKMOK|BUGANG|UIWANG,BUSAN|BUGANG|UIWANG,SPSS,3,2026-08-13 12:00,2026-08-13 21:00,408.1,PROTOTYPE_SYNTHETIC,PROTOTYPE_6H_SYNTHETIC
CAND0428,GYEONGBU,BUSAN,UIWANG,BUSAN|YAKMOK|BUGANG|UIWANG,BUSAN|BUGANG|UIWANG,SPSS,3,2026-08-13 18:00,2026-08-14 03:00,408.1,PROTOTYPE_SYNTHETIC,PROTOTYPE_6H_SYNTHETIC
CAND0429,GYEONGBU,BUSAN,UIWANG,BUSAN|YAKMOK|BUGANG|UIWANG,BUSAN|BUGANG|UIWANG,SPSS,3,2026-08-14 00:00,2026-08-14 09:00,408.1,PROTOTYPE_SYNTHETIC,PROTOTYPE_6H_SYNTHETIC
CAND0430,GYEONGBU,BUSAN,UIWANG,BUSAN|YAKMOK|BUGANG|UIWANG,BUSAN|BUGANG|UIWANG,SPSS,3,2026-08-14 06:00,2026-08-14 15:00,408.1,PROTOTYPE_SYNTHETIC,PROTOTYPE_6H_SYNTHETIC
CAND0431,GYEONGBU,BUSAN,UIWANG,BUSAN|YAKMOK|BUGANG|UIWANG,BUSAN|BUGANG|UIWANG,SPSS,3,2026-08-14 12:00,2026-08-14 21:00,408.1,PROTOTYPE_SYNTHETIC,PROTOTYPE_6H_SYNTHETIC
CAND0432,GYEONGBU,BUSAN,UIWANG,BUSAN|YAKMOK|BUGANG|UIWANG,BUSAN|BUGANG|UIWANG,SPSS,3,2026-08-14 18:00,2026-08-15 03:00,408.1,PROTOTYPE_SYNTHETIC,PROTOTYPE_6H_SYNTHETIC
CAND0433,GYEONGBU,BUSAN,UIWANG,BUSAN|YAKMOK|BUGANG|UIWANG,BUSAN|BUGANG|UIWANG,SPSS,3,2026-08-15 00:00,2026-08-15 09:00,408.1,PROTOTYPE_SYNTHETIC,PROTOTYPE_6H_SYNTHETIC
CAND0434,GYEONGBU,BUSAN,UIWANG,BUSAN|YAKMOK|BUGANG|UIWANG,BUSAN|BUGANG|UIWANG,SPSS,3,2026-08-15 06:00,2026-08-15 15:00,408.1,PROTOTYPE_SYNTHETIC,PROTOTYPE_6H_SYNTHETIC
CAND0435,GYEONGBU,BUSAN,UIWANG,BUSAN|YAKMOK|BUGANG|UIWANG,BUSAN|BUGANG|UIWANG,SPSS,3,2026-08-15 12:00,2026-08-15 21:00,408.1,PROTOTYPE_SYNTHETIC,PROTOTYPE_6H_SYNTHETIC
CAND0436,GYEONGBU,BUSAN,UIWANG,BUSAN|YAKMOK|BUGANG|UIWANG,BUSAN|BUGANG|UIWANG,SPSS,3,2026-08-15 18:00,2026-08-16 03:00,408.1,PROTOTYPE_SYNTHETIC,PROTOTYPE_6H_SYNTHETIC
CAND0437,GYEONGBU,BUSAN,UIWANG,BUSAN|YAKMOK|BUGANG|UIWANG,BUSAN|BUGANG|UIWANG,SPSS,3,2026-08-16 00:00,2026-08-16 09:00,408.1,PROTOTYPE_SYNTHETIC,PROTOTYPE_6H_SYNTHETIC
CAND0438,GYEONGBU,BUSAN,UIWANG,BUSAN|YAKMOK|BUGANG|UIWANG,BUSAN|BUGANG|UIWANG,SPSS,3,2026-08-16 06:00,2026-08-16 15:00,408.1,PROTOTYPE_SYNTHETIC,PROTOTYPE_6H_SYNTHETIC
CAND0439,GYEONGBU,BUSAN,UIWANG,BUSAN|YAKMOK|BUGANG|UIWANG,BUSAN|YAKMOK|BUGANG|UIWANG,SSSS,4,2026-08-10 06:00,2026-08-10 18:00,408.1,PROTOTYPE_SYNTHETIC,PROTOTYPE_6H_SYNTHETIC
CAND0440,GYEONGBU,BUSAN,UIWANG,BUSAN|YAKMOK|BUGANG|UIWANG,BUSAN|YAKMOK|BUGANG|UIWANG,SSSS,4,2026-08-10 12:00,2026-08-11 00:00,408.1,PROTOTYPE_SYNTHETIC,PROTOTYPE_6H_SYNTHETIC
CAND0441,GYEONGBU,BUSAN,UIWANG,BUSAN|YAKMOK|BUGANG|UIWANG,BUSAN|YAKMOK|BUGANG|UIWANG,SSSS,4,2026-08-10 18:00,2026-08-11 06:00,408.1,PROTOTYPE_SYNTHETIC,PROTOTYPE_6H_SYNTHETIC
CAND0442,GYEONGBU,BUSAN,UIWANG,BUSAN|YAKMOK|BUGANG|UIWANG,BUSAN|YAKMOK|BUGANG|UIWANG,SSSS,4,2026-08-11 00:00,2026-08-11 12:00,408.1,PROTOTYPE_SYNTHETIC,PROTOTYPE_6H_SYNTHETIC
CAND0443,GYEONGBU,BUSAN,UIWANG,BUSAN|YAKMOK|BUGANG|UIWANG,BUSAN|YAKMOK|BUGANG|UIWANG,SSSS,4,2026-08-11 06:00,2026-08-11 18:00,408.1,PROTOTYPE_SYNTHETIC,PROTOTYPE_6H_SYNTHETIC
CAND0444,GYEONGBU,BUSAN,UIWANG,BUSAN|YAKMOK|BUGANG|UIWANG,BUSAN|YAKMOK|BUGANG|UIWANG,SSSS,4,2026-08-11 12:00,2026-08-12 00:00,408.1,PROTOTYPE_SYNTHETIC,PROTOTYPE_6H_SYNTHETIC
CAND0445,GYEONGBU,BUSAN,UIWANG,BUSAN|YAKMOK|BUGANG|UIWANG,BUSAN|YAKMOK|BUGANG|UIWANG,SSSS,4,2026-08-11 18:00,2026-08-12 06:00,408.1,PROTOTYPE_SYNTHETIC,PROTOTYPE_6H_SYNTHETIC
CAND0446,GYEONGBU,BUSAN,UIWANG,BUSAN|YAKMOK|BUGANG|UIWANG,BUSAN|YAKMOK|BUGANG|UIWANG,SSSS,4,2026-08-12 00:00,2026-08-12 12:00,408.1,PROTOTYPE_SYNTHETIC,PROTOTYPE_6H_SYNTHETIC
CAND0447,GYEONGBU,BUSAN,UIWANG,BUSAN|YAKMOK|BUGANG|UIWANG,BUSAN|YAKMOK|BUGANG|UIWANG,SSSS,4,2026-08-12 06:00,2026-08-12 18:00,408.1,PROTOTYPE_SYNTHETIC,PROTOTYPE_6H_SYNTHETIC
CAND0448,GYEONGBU,BUSAN,UIWANG,BUSAN|YAKMOK|BUGANG|UIWANG,BUSAN|YAKMOK|BUGANG|UIWANG,SSSS,4,2026-08-12 12:00,2026-08-13 00:00,408.1,PROTOTYPE_SYNTHETIC,PROTOTYPE_6H_SYNTHETIC
CAND0449,GYEONGBU,BUSAN,UIWANG,BUSAN|YAKMOK|BUGANG|UIWANG,BUSAN|YAKMOK|BUGANG|UIWANG,SSSS,4,2026-08-12 18:00,2026-08-13 06:00,408.1,PROTOTYPE_SYNTHETIC,PROTOTYPE_6H_SYNTHETIC
CAND0450,GYEONGBU,BUSAN,UIWANG,BUSAN|YAKMOK|BUGANG|UIWANG,BUSAN|YAKMOK|BUGANG|UIWANG,SSSS,4,2026-08-13 00:00,2026-08-13 12:00,408.1,PROTOTYPE_SYNTHETIC,PROTOTYPE_6H_SYNTHETIC
CAND0451,GYEONGBU,BUSAN,UIWANG,BUSAN|YAKMOK|BUGANG|UIWANG,BUSAN|YAKMOK|BUGANG|UIWANG,SSSS,4,2026-08-13 06:00,2026-08-13 18:00,408.1,PROTOTYPE_SYNTHETIC,PROTOTYPE_6H_SYNTHETIC
CAND0452,GYEONGBU,BUSAN,UIWANG,BUSAN|YAKMOK|BUGANG|UIWANG,BUSAN|YAKMOK|BUGANG|UIWANG,SSSS,4,2026-08-13 12:00,2026-08-14 00:00,408.1,PROTOTYPE_SYNTHETIC,PROTOTYPE_6H_SYNTHETIC
CAND0453,GYEONGBU,BUSAN,UIWANG,BUSAN|YAKMOK|BUGANG|UIWANG,BUSAN|YAKMOK|BUGANG|UIWANG,SSSS,4,2026-08-13 18:00,2026-08-14 06:00,408.1,PROTOTYPE_SYNTHETIC,PROTOTYPE_6H_SYNTHETIC
CAND0454,GYEONGBU,BUSAN,UIWANG,BUSAN|YAKMOK|BUGANG|UIWANG,BUSAN|YAKMOK|BUGANG|UIWANG,SSSS,4,2026-08-14 00:00,2026-08-14 12:00,408.1,PROTOTYPE_SYNTHETIC,PROTOTYPE_6H_SYNTHETIC
CAND0455,GYEONGBU,BUSAN,UIWANG,BUSAN|YAKMOK|BUGANG|UIWANG,BUSAN|YAKMOK|BUGANG|UIWANG,SSSS,4,2026-08-14 06:00,2026-08-14 18:00,408.1,PROTOTYPE_SYNTHETIC,PROTOTYPE_6H_SYNTHETIC
CAND0456,GYEONGBU,BUSAN,UIWANG,BUSAN|YAKMOK|BUGANG|UIWANG,BUSAN|YAKMOK|BUGANG|UIWANG,SSSS,4,2026-08-14 12:00,2026-08-15 00:00,408.1,PROTOTYPE_SYNTHETIC,PROTOTYPE_6H_SYNTHETIC
CAND0457,GYEONGBU,BUSAN,UIWANG,BUSAN|YAKMOK|BUGANG|UIWANG,BUSAN|YAKMOK|BUGANG|UIWANG,SSSS,4,2026-08-14 18:00,2026-08-15 06:00,408.1,PROTOTYPE_SYNTHETIC,PROTOTYPE_6H_SYNTHETIC
CAND0458,GYEONGBU,BUSAN,UIWANG,BUSAN|YAKMOK|BUGANG|UIWANG,BUSAN|YAKMOK|BUGANG|UIWANG,SSSS,4,2026-08-15 00:00,2026-08-15 12:00,408.1,PROTOTYPE_SYNTHETIC,PROTOTYPE_6H_SYNTHETIC
CAND0459,GYEONGBU,BUSAN,UIWANG,BUSAN|YAKMOK|BUGANG|UIWANG,BUSAN|YAKMOK|BUGANG|UIWANG,SSSS,4,2026-08-15 06:00,2026-08-15 18:00,408.1,PROTOTYPE_SYNTHETIC,PROTOTYPE_6H_SYNTHETIC
CAND0460,GYEONGBU,BUSAN,UIWANG,BUSAN|YAKMOK|BUGANG|UIWANG,BUSAN|YAKMOK|BUGANG|UIWANG,SSSS,4,2026-08-15 12:00,2026-08-16 00:00,408.1,PROTOTYPE_SYNTHETIC,PROTOTYPE_6H_SYNTHETIC
CAND0461,GYEONGBU,BUSAN,UIWANG,BUSAN|YAKMOK|BUGANG|UIWANG,BUSAN|YAKMOK|BUGANG|UIWANG,SSSS,4,2026-08-15 18:00,2026-08-16 06:00,408.1,PROTOTYPE_SYNTHETIC,PROTOTYPE_6H_SYNTHETIC
CAND0462,GYEONGBU,BUSAN,UIWANG,BUSAN|YAKMOK|BUGANG|UIWANG,BUSAN|YAKMOK|BUGANG|UIWANG,SSSS,4,2026-08-16 00:00,2026-08-16 12:00,408.1,PROTOTYPE_SYNTHETIC,PROTOTYPE_6H_SYNTHETIC
CAND0463,GYEONGBU,BUSAN,UIWANG,BUSAN|YAKMOK|BUGANG|UIWANG,BUSAN|YAKMOK|BUGANG|UIWANG,SSSS,4,2026-08-16 06:00,2026-08-16 18:00,408.1,PROTOTYPE_SYNTHETIC,PROTOTYPE_6H_SYNTHETIC
CAND0464,GYEONGBU,YAKMOK,BUGANG,YAKMOK|BUGANG,YAKMOK|BUGANG,SS,2,2026-08-10 06:00,2026-08-10 09:00,152.6,PROTOTYPE_SYNTHETIC,PROTOTYPE_6H_SYNTHETIC
CAND0465,GYEONGBU,YAKMOK,BUGANG,YAKMOK|BUGANG,YAKMOK|BUGANG,SS,2,2026-08-10 12:00,2026-08-10 15:00,152.6,PROTOTYPE_SYNTHETIC,PROTOTYPE_6H_SYNTHETIC
CAND0466,GYEONGBU,YAKMOK,BUGANG,YAKMOK|BUGANG,YAKMOK|BUGANG,SS,2,2026-08-10 18:00,2026-08-10 21:00,152.6,PROTOTYPE_SYNTHETIC,PROTOTYPE_6H_SYNTHETIC
CAND0467,GYEONGBU,YAKMOK,BUGANG,YAKMOK|BUGANG,YAKMOK|BUGANG,SS,2,2026-08-11 00:00,2026-08-11 03:00,152.6,PROTOTYPE_SYNTHETIC,PROTOTYPE_6H_SYNTHETIC
CAND0468,GYEONGBU,YAKMOK,BUGANG,YAKMOK|BUGANG,YAKMOK|BUGANG,SS,2,2026-08-11 06:00,2026-08-11 09:00,152.6,PROTOTYPE_SYNTHETIC,PROTOTYPE_6H_SYNTHETIC
CAND0469,GYEONGBU,YAKMOK,BUGANG,YAKMOK|BUGANG,YAKMOK|BUGANG,SS,2,2026-08-11 12:00,2026-08-11 15:00,152.6,PROTOTYPE_SYNTHETIC,PROTOTYPE_6H_SYNTHETIC
CAND0470,GYEONGBU,YAKMOK,BUGANG,YAKMOK|BUGANG,YAKMOK|BUGANG,SS,2,2026-08-11 18:00,2026-08-11 21:00,152.6,PROTOTYPE_SYNTHETIC,PROTOTYPE_6H_SYNTHETIC
CAND0471,GYEONGBU,YAKMOK,BUGANG,YAKMOK|BUGANG,YAKMOK|BUGANG,SS,2,2026-08-12 00:00,2026-08-12 03:00,152.6,PROTOTYPE_SYNTHETIC,PROTOTYPE_6H_SYNTHETIC
CAND0472,GYEONGBU,YAKMOK,BUGANG,YAKMOK|BUGANG,YAKMOK|BUGANG,SS,2,2026-08-12 06:00,2026-08-12 09:00,152.6,PROTOTYPE_SYNTHETIC,PROTOTYPE_6H_SYNTHETIC
CAND0473,GYEONGBU,YAKMOK,BUGANG,YAKMOK|BUGANG,YAKMOK|BUGANG,SS,2,2026-08-12 12:00,2026-08-12 15:00,152.6,PROTOTYPE_SYNTHETIC,PROTOTYPE_6H_SYNTHETIC
CAND0474,GYEONGBU,YAKMOK,BUGANG,YAKMOK|BUGANG,YAKMOK|BUGANG,SS,2,2026-08-12 18:00,2026-08-12 21:00,152.6,PROTOTYPE_SYNTHETIC,PROTOTYPE_6H_SYNTHETIC
CAND0475,GYEONGBU,YAKMOK,BUGANG,YAKMOK|BUGANG,YAKMOK|BUGANG,SS,2,2026-08-13 00:00,2026-08-13 03:00,152.6,PROTOTYPE_SYNTHETIC,PROTOTYPE_6H_SYNTHETIC
CAND0476,GYEONGBU,YAKMOK,BUGANG,YAKMOK|BUGANG,YAKMOK|BUGANG,SS,2,2026-08-13 06:00,2026-08-13 09:00,152.6,PROTOTYPE_SYNTHETIC,PROTOTYPE_6H_SYNTHETIC
CAND0477,GYEONGBU,YAKMOK,BUGANG,YAKMOK|BUGANG,YAKMOK|BUGANG,SS,2,2026-08-13 12:00,2026-08-13 15:00,152.6,PROTOTYPE_SYNTHETIC,PROTOTYPE_6H_SYNTHETIC
CAND0478,GYEONGBU,YAKMOK,BUGANG,YAKMOK|BUGANG,YAKMOK|BUGANG,SS,2,2026-08-13 18:00,2026-08-13 21:00,152.6,PROTOTYPE_SYNTHETIC,PROTOTYPE_6H_SYNTHETIC
CAND0479,GYEONGBU,YAKMOK,BUGANG,YAKMOK|BUGANG,YAKMOK|BUGANG,SS,2,2026-08-14 00:00,2026-08-14 03:00,152.6,PROTOTYPE_SYNTHETIC,PROTOTYPE_6H_SYNTHETIC
CAND0480,GYEONGBU,YAKMOK,BUGANG,YAKMOK|BUGANG,YAKMOK|BUGANG,SS,2,2026-08-14 06:00,2026-08-14 09:00,152.6,PROTOTYPE_SYNTHETIC,PROTOTYPE_6H_SYNTHETIC
CAND0481,GYEONGBU,YAKMOK,BUGANG,YAKMOK|BUGANG,YAKMOK|BUGANG,SS,2,2026-08-14 12:00,2026-08-14 15:00,152.6,PROTOTYPE_SYNTHETIC,PROTOTYPE_6H_SYNTHETIC
CAND0482,GYEONGBU,YAKMOK,BUGANG,YAKMOK|BUGANG,YAKMOK|BUGANG,SS,2,2026-08-14 18:00,2026-08-14 21:00,152.6,PROTOTYPE_SYNTHETIC,PROTOTYPE_6H_SYNTHETIC
CAND0483,GYEONGBU,YAKMOK,BUGANG,YAKMOK|BUGANG,YAKMOK|BUGANG,SS,2,2026-08-15 00:00,2026-08-15 03:00,152.6,PROTOTYPE_SYNTHETIC,PROTOTYPE_6H_SYNTHETIC
CAND0484,GYEONGBU,YAKMOK,BUGANG,YAKMOK|BUGANG,YAKMOK|BUGANG,SS,2,2026-08-15 06:00,2026-08-15 09:00,152.6,PROTOTYPE_SYNTHETIC,PROTOTYPE_6H_SYNTHETIC
CAND0485,GYEONGBU,YAKMOK,BUGANG,YAKMOK|BUGANG,YAKMOK|BUGANG,SS,2,2026-08-15 12:00,2026-08-15 15:00,152.6,PROTOTYPE_SYNTHETIC,PROTOTYPE_6H_SYNTHETIC
CAND0486,GYEONGBU,YAKMOK,BUGANG,YAKMOK|BUGANG,YAKMOK|BUGANG,SS,2,2026-08-15 18:00,2026-08-15 21:00,152.6,PROTOTYPE_SYNTHETIC,PROTOTYPE_6H_SYNTHETIC
CAND0487,GYEONGBU,YAKMOK,BUGANG,YAKMOK|BUGANG,YAKMOK|BUGANG,SS,2,2026-08-16 00:00,2026-08-16 03:00,152.6,PROTOTYPE_SYNTHETIC,PROTOTYPE_6H_SYNTHETIC
CAND0488,GYEONGBU,YAKMOK,BUGANG,YAKMOK|BUGANG,YAKMOK|BUGANG,SS,2,2026-08-16 06:00,2026-08-16 09:00,152.6,PROTOTYPE_SYNTHETIC,PROTOTYPE_6H_SYNTHETIC
CAND0489,GYEONGBU,YAKMOK,BUGANG,YAKMOK|BUGANG,YAKMOK|BUGANG,SS,2,2026-08-16 12:00,2026-08-16 15:00,152.6,PROTOTYPE_SYNTHETIC,PROTOTYPE_6H_SYNTHETIC
CAND0490,GYEONGBU,YAKMOK,UIWANG,YAKMOK|BUGANG|UIWANG,YAKMOK|UIWANG,SPS,2,2026-08-10 06:00,2026-08-10 10:00,264.4,PROTOTYPE_SYNTHETIC,PROTOTYPE_6H_SYNTHETIC
CAND0491,GYEONGBU,YAKMOK,UIWANG,YAKMOK|BUGANG|UIWANG,YAKMOK|UIWANG,SPS,2,2026-08-10 12:00,2026-08-10 16:00,264.4,PROTOTYPE_SYNTHETIC,PROTOTYPE_6H_SYNTHETIC
CAND0492,GYEONGBU,YAKMOK,UIWANG,YAKMOK|BUGANG|UIWANG,YAKMOK|UIWANG,SPS,2,2026-08-10 18:00,2026-08-10 22:00,264.4,PROTOTYPE_SYNTHETIC,PROTOTYPE_6H_SYNTHETIC
CAND0493,GYEONGBU,YAKMOK,UIWANG,YAKMOK|BUGANG|UIWANG,YAKMOK|UIWANG,SPS,2,2026-08-11 00:00,2026-08-11 04:00,264.4,PROTOTYPE_SYNTHETIC,PROTOTYPE_6H_SYNTHETIC
CAND0494,GYEONGBU,YAKMOK,UIWANG,YAKMOK|BUGANG|UIWANG,YAKMOK|UIWANG,SPS,2,2026-08-11 06:00,2026-08-11 10:00,264.4,PROTOTYPE_SYNTHETIC,PROTOTYPE_6H_SYNTHETIC
CAND0495,GYEONGBU,YAKMOK,UIWANG,YAKMOK|BUGANG|UIWANG,YAKMOK|UIWANG,SPS,2,2026-08-11 12:00,2026-08-11 16:00,264.4,PROTOTYPE_SYNTHETIC,PROTOTYPE_6H_SYNTHETIC
CAND0496,GYEONGBU,YAKMOK,UIWANG,YAKMOK|BUGANG|UIWANG,YAKMOK|UIWANG,SPS,2,2026-08-11 18:00,2026-08-11 22:00,264.4,PROTOTYPE_SYNTHETIC,PROTOTYPE_6H_SYNTHETIC
CAND0497,GYEONGBU,YAKMOK,UIWANG,YAKMOK|BUGANG|UIWANG,YAKMOK|UIWANG,SPS,2,2026-08-12 00:00,2026-08-12 04:00,264.4,PROTOTYPE_SYNTHETIC,PROTOTYPE_6H_SYNTHETIC
CAND0498,GYEONGBU,YAKMOK,UIWANG,YAKMOK|BUGANG|UIWANG,YAKMOK|UIWANG,SPS,2,2026-08-12 06:00,2026-08-12 10:00,264.4,PROTOTYPE_SYNTHETIC,PROTOTYPE_6H_SYNTHETIC
CAND0499,GYEONGBU,YAKMOK,UIWANG,YAKMOK|BUGANG|UIWANG,YAKMOK|UIWANG,SPS,2,2026-08-12 12:00,2026-08-12 16:00,264.4,PROTOTYPE_SYNTHETIC,PROTOTYPE_6H_SYNTHETIC
CAND0500,GYEONGBU,YAKMOK,UIWANG,YAKMOK|BUGANG|UIWANG,YAKMOK|UIWANG,SPS,2,2026-08-12 18:00,2026-08-12 22:00,264.4,PROTOTYPE_SYNTHETIC,PROTOTYPE_6H_SYNTHETIC
CAND0501,GYEONGBU,YAKMOK,UIWANG,YAKMOK|BUGANG|UIWANG,YAKMOK|UIWANG,SPS,2,2026-08-13 00:00,2026-08-13 04:00,264.4,PROTOTYPE_SYNTHETIC,PROTOTYPE_6H_SYNTHETIC
CAND0502,GYEONGBU,YAKMOK,UIWANG,YAKMOK|BUGANG|UIWANG,YAKMOK|UIWANG,SPS,2,2026-08-13 06:00,2026-08-13 10:00,264.4,PROTOTYPE_SYNTHETIC,PROTOTYPE_6H_SYNTHETIC
CAND0503,GYEONGBU,YAKMOK,UIWANG,YAKMOK|BUGANG|UIWANG,YAKMOK|UIWANG,SPS,2,2026-08-13 12:00,2026-08-13 16:00,264.4,PROTOTYPE_SYNTHETIC,PROTOTYPE_6H_SYNTHETIC
CAND0504,GYEONGBU,YAKMOK,UIWANG,YAKMOK|BUGANG|UIWANG,YAKMOK|UIWANG,SPS,2,2026-08-13 18:00,2026-08-13 22:00,264.4,PROTOTYPE_SYNTHETIC,PROTOTYPE_6H_SYNTHETIC
CAND0505,GYEONGBU,YAKMOK,UIWANG,YAKMOK|BUGANG|UIWANG,YAKMOK|UIWANG,SPS,2,2026-08-14 00:00,2026-08-14 04:00,264.4,PROTOTYPE_SYNTHETIC,PROTOTYPE_6H_SYNTHETIC
CAND0506,GYEONGBU,YAKMOK,UIWANG,YAKMOK|BUGANG|UIWANG,YAKMOK|UIWANG,SPS,2,2026-08-14 06:00,2026-08-14 10:00,264.4,PROTOTYPE_SYNTHETIC,PROTOTYPE_6H_SYNTHETIC
CAND0507,GYEONGBU,YAKMOK,UIWANG,YAKMOK|BUGANG|UIWANG,YAKMOK|UIWANG,SPS,2,2026-08-14 12:00,2026-08-14 16:00,264.4,PROTOTYPE_SYNTHETIC,PROTOTYPE_6H_SYNTHETIC
CAND0508,GYEONGBU,YAKMOK,UIWANG,YAKMOK|BUGANG|UIWANG,YAKMOK|UIWANG,SPS,2,2026-08-14 18:00,2026-08-14 22:00,264.4,PROTOTYPE_SYNTHETIC,PROTOTYPE_6H_SYNTHETIC
CAND0509,GYEONGBU,YAKMOK,UIWANG,YAKMOK|BUGANG|UIWANG,YAKMOK|UIWANG,SPS,2,2026-08-15 00:00,2026-08-15 04:00,264.4,PROTOTYPE_SYNTHETIC,PROTOTYPE_6H_SYNTHETIC
CAND0510,GYEONGBU,YAKMOK,UIWANG,YAKMOK|BUGANG|UIWANG,YAKMOK|UIWANG,SPS,2,2026-08-15 06:00,2026-08-15 10:00,264.4,PROTOTYPE_SYNTHETIC,PROTOTYPE_6H_SYNTHETIC
CAND0511,GYEONGBU,YAKMOK,UIWANG,YAKMOK|BUGANG|UIWANG,YAKMOK|UIWANG,SPS,2,2026-08-15 12:00,2026-08-15 16:00,264.4,PROTOTYPE_SYNTHETIC,PROTOTYPE_6H_SYNTHETIC
CAND0512,GYEONGBU,YAKMOK,UIWANG,YAKMOK|BUGANG|UIWANG,YAKMOK|UIWANG,SPS,2,2026-08-15 18:00,2026-08-15 22:00,264.4,PROTOTYPE_SYNTHETIC,PROTOTYPE_6H_SYNTHETIC
CAND0513,GYEONGBU,YAKMOK,UIWANG,YAKMOK|BUGANG|UIWANG,YAKMOK|UIWANG,SPS,2,2026-08-16 00:00,2026-08-16 04:00,264.4,PROTOTYPE_SYNTHETIC,PROTOTYPE_6H_SYNTHETIC
CAND0514,GYEONGBU,YAKMOK,UIWANG,YAKMOK|BUGANG|UIWANG,YAKMOK|UIWANG,SPS,2,2026-08-16 06:00,2026-08-16 10:00,264.4,PROTOTYPE_SYNTHETIC,PROTOTYPE_6H_SYNTHETIC
CAND0515,GYEONGBU,YAKMOK,UIWANG,YAKMOK|BUGANG|UIWANG,YAKMOK|UIWANG,SPS,2,2026-08-16 12:00,2026-08-16 16:00,264.4,PROTOTYPE_SYNTHETIC,PROTOTYPE_6H_SYNTHETIC
CAND0516,GYEONGBU,YAKMOK,UIWANG,YAKMOK|BUGANG|UIWANG,YAKMOK|BUGANG|UIWANG,SSS,3,2026-08-10 06:00,2026-08-10 13:00,264.4,PROTOTYPE_SYNTHETIC,PROTOTYPE_6H_SYNTHETIC
CAND0517,GYEONGBU,YAKMOK,UIWANG,YAKMOK|BUGANG|UIWANG,YAKMOK|BUGANG|UIWANG,SSS,3,2026-08-10 12:00,2026-08-10 19:00,264.4,PROTOTYPE_SYNTHETIC,PROTOTYPE_6H_SYNTHETIC
CAND0518,GYEONGBU,YAKMOK,UIWANG,YAKMOK|BUGANG|UIWANG,YAKMOK|BUGANG|UIWANG,SSS,3,2026-08-10 18:00,2026-08-11 01:00,264.4,PROTOTYPE_SYNTHETIC,PROTOTYPE_6H_SYNTHETIC
CAND0519,GYEONGBU,YAKMOK,UIWANG,YAKMOK|BUGANG|UIWANG,YAKMOK|BUGANG|UIWANG,SSS,3,2026-08-11 00:00,2026-08-11 07:00,264.4,PROTOTYPE_SYNTHETIC,PROTOTYPE_6H_SYNTHETIC
CAND0520,GYEONGBU,YAKMOK,UIWANG,YAKMOK|BUGANG|UIWANG,YAKMOK|BUGANG|UIWANG,SSS,3,2026-08-11 06:00,2026-08-11 13:00,264.4,PROTOTYPE_SYNTHETIC,PROTOTYPE_6H_SYNTHETIC
CAND0521,GYEONGBU,YAKMOK,UIWANG,YAKMOK|BUGANG|UIWANG,YAKMOK|BUGANG|UIWANG,SSS,3,2026-08-11 12:00,2026-08-11 19:00,264.4,PROTOTYPE_SYNTHETIC,PROTOTYPE_6H_SYNTHETIC
CAND0522,GYEONGBU,YAKMOK,UIWANG,YAKMOK|BUGANG|UIWANG,YAKMOK|BUGANG|UIWANG,SSS,3,2026-08-11 18:00,2026-08-12 01:00,264.4,PROTOTYPE_SYNTHETIC,PROTOTYPE_6H_SYNTHETIC
CAND0523,GYEONGBU,YAKMOK,UIWANG,YAKMOK|BUGANG|UIWANG,YAKMOK|BUGANG|UIWANG,SSS,3,2026-08-12 00:00,2026-08-12 07:00,264.4,PROTOTYPE_SYNTHETIC,PROTOTYPE_6H_SYNTHETIC
CAND0524,GYEONGBU,YAKMOK,UIWANG,YAKMOK|BUGANG|UIWANG,YAKMOK|BUGANG|UIWANG,SSS,3,2026-08-12 06:00,2026-08-12 13:00,264.4,PROTOTYPE_SYNTHETIC,PROTOTYPE_6H_SYNTHETIC
CAND0525,GYEONGBU,YAKMOK,UIWANG,YAKMOK|BUGANG|UIWANG,YAKMOK|BUGANG|UIWANG,SSS,3,2026-08-12 12:00,2026-08-12 19:00,264.4,PROTOTYPE_SYNTHETIC,PROTOTYPE_6H_SYNTHETIC
CAND0526,GYEONGBU,YAKMOK,UIWANG,YAKMOK|BUGANG|UIWANG,YAKMOK|BUGANG|UIWANG,SSS,3,2026-08-12 18:00,2026-08-13 01:00,264.4,PROTOTYPE_SYNTHETIC,PROTOTYPE_6H_SYNTHETIC
CAND0527,GYEONGBU,YAKMOK,UIWANG,YAKMOK|BUGANG|UIWANG,YAKMOK|BUGANG|UIWANG,SSS,3,2026-08-13 00:00,2026-08-13 07:00,264.4,PROTOTYPE_SYNTHETIC,PROTOTYPE_6H_SYNTHETIC
CAND0528,GYEONGBU,YAKMOK,UIWANG,YAKMOK|BUGANG|UIWANG,YAKMOK|BUGANG|UIWANG,SSS,3,2026-08-13 06:00,2026-08-13 13:00,264.4,PROTOTYPE_SYNTHETIC,PROTOTYPE_6H_SYNTHETIC
CAND0529,GYEONGBU,YAKMOK,UIWANG,YAKMOK|BUGANG|UIWANG,YAKMOK|BUGANG|UIWANG,SSS,3,2026-08-13 12:00,2026-08-13 19:00,264.4,PROTOTYPE_SYNTHETIC,PROTOTYPE_6H_SYNTHETIC
CAND0530,GYEONGBU,YAKMOK,UIWANG,YAKMOK|BUGANG|UIWANG,YAKMOK|BUGANG|UIWANG,SSS,3,2026-08-13 18:00,2026-08-14 01:00,264.4,PROTOTYPE_SYNTHETIC,PROTOTYPE_6H_SYNTHETIC
CAND0531,GYEONGBU,YAKMOK,UIWANG,YAKMOK|BUGANG|UIWANG,YAKMOK|BUGANG|UIWANG,SSS,3,2026-08-14 00:00,2026-08-14 07:00,264.4,PROTOTYPE_SYNTHETIC,PROTOTYPE_6H_SYNTHETIC
CAND0532,GYEONGBU,YAKMOK,UIWANG,YAKMOK|BUGANG|UIWANG,YAKMOK|BUGANG|UIWANG,SSS,3,2026-08-14 06:00,2026-08-14 13:00,264.4,PROTOTYPE_SYNTHETIC,PROTOTYPE_6H_SYNTHETIC
CAND0533,GYEONGBU,YAKMOK,UIWANG,YAKMOK|BUGANG|UIWANG,YAKMOK|BUGANG|UIWANG,SSS,3,2026-08-14 12:00,2026-08-14 19:00,264.4,PROTOTYPE_SYNTHETIC,PROTOTYPE_6H_SYNTHETIC
CAND0534,GYEONGBU,YAKMOK,UIWANG,YAKMOK|BUGANG|UIWANG,YAKMOK|BUGANG|UIWANG,SSS,3,2026-08-14 18:00,2026-08-15 01:00,264.4,PROTOTYPE_SYNTHETIC,PROTOTYPE_6H_SYNTHETIC
CAND0535,GYEONGBU,YAKMOK,UIWANG,YAKMOK|BUGANG|UIWANG,YAKMOK|BUGANG|UIWANG,SSS,3,2026-08-15 00:00,2026-08-15 07:00,264.4,PROTOTYPE_SYNTHETIC,PROTOTYPE_6H_SYNTHETIC
CAND0536,GYEONGBU,YAKMOK,UIWANG,YAKMOK|BUGANG|UIWANG,YAKMOK|BUGANG|UIWANG,SSS,3,2026-08-15 06:00,2026-08-15 13:00,264.4,PROTOTYPE_SYNTHETIC,PROTOTYPE_6H_SYNTHETIC
CAND0537,GYEONGBU,YAKMOK,UIWANG,YAKMOK|BUGANG|UIWANG,YAKMOK|BUGANG|UIWANG,SSS,3,2026-08-15 12:00,2026-08-15 19:00,264.4,PROTOTYPE_SYNTHETIC,PROTOTYPE_6H_SYNTHETIC
CAND0538,GYEONGBU,YAKMOK,UIWANG,YAKMOK|BUGANG|UIWANG,YAKMOK|BUGANG|UIWANG,SSS,3,2026-08-15 18:00,2026-08-16 01:00,264.4,PROTOTYPE_SYNTHETIC,PROTOTYPE_6H_SYNTHETIC
CAND0539,GYEONGBU,YAKMOK,UIWANG,YAKMOK|BUGANG|UIWANG,YAKMOK|BUGANG|UIWANG,SSS,3,2026-08-16 00:00,2026-08-16 07:00,264.4,PROTOTYPE_SYNTHETIC,PROTOTYPE_6H_SYNTHETIC
CAND0540,GYEONGBU,YAKMOK,UIWANG,YAKMOK|BUGANG|UIWANG,YAKMOK|BUGANG|UIWANG,SSS,3,2026-08-16 06:00,2026-08-16 13:00,264.4,PROTOTYPE_SYNTHETIC,PROTOTYPE_6H_SYNTHETIC
CAND0541,GYEONGBU,YAKMOK,UIWANG,YAKMOK|BUGANG|UIWANG,YAKMOK|BUGANG|UIWANG,SSS,3,2026-08-16 12:00,2026-08-16 19:00,264.4,PROTOTYPE_SYNTHETIC,PROTOTYPE_6H_SYNTHETIC
CAND0542,TRUNK,BUGANG,UIWANG,BUGANG|UIWANG,BUGANG|UIWANG,SS,2,2026-08-10 06:00,2026-08-10 08:00,111.8,PROTOTYPE_SYNTHETIC,PROTOTYPE_6H_SYNTHETIC
CAND0543,TRUNK,BUGANG,UIWANG,BUGANG|UIWANG,BUGANG|UIWANG,SS,2,2026-08-10 12:00,2026-08-10 14:00,111.8,PROTOTYPE_SYNTHETIC,PROTOTYPE_6H_SYNTHETIC
CAND0544,TRUNK,BUGANG,UIWANG,BUGANG|UIWANG,BUGANG|UIWANG,SS,2,2026-08-10 18:00,2026-08-10 20:00,111.8,PROTOTYPE_SYNTHETIC,PROTOTYPE_6H_SYNTHETIC
CAND0545,TRUNK,BUGANG,UIWANG,BUGANG|UIWANG,BUGANG|UIWANG,SS,2,2026-08-11 00:00,2026-08-11 02:00,111.8,PROTOTYPE_SYNTHETIC,PROTOTYPE_6H_SYNTHETIC
CAND0546,TRUNK,BUGANG,UIWANG,BUGANG|UIWANG,BUGANG|UIWANG,SS,2,2026-08-11 06:00,2026-08-11 08:00,111.8,PROTOTYPE_SYNTHETIC,PROTOTYPE_6H_SYNTHETIC
CAND0547,TRUNK,BUGANG,UIWANG,BUGANG|UIWANG,BUGANG|UIWANG,SS,2,2026-08-11 12:00,2026-08-11 14:00,111.8,PROTOTYPE_SYNTHETIC,PROTOTYPE_6H_SYNTHETIC
CAND0548,TRUNK,BUGANG,UIWANG,BUGANG|UIWANG,BUGANG|UIWANG,SS,2,2026-08-11 18:00,2026-08-11 20:00,111.8,PROTOTYPE_SYNTHETIC,PROTOTYPE_6H_SYNTHETIC
CAND0549,TRUNK,BUGANG,UIWANG,BUGANG|UIWANG,BUGANG|UIWANG,SS,2,2026-08-12 00:00,2026-08-12 02:00,111.8,PROTOTYPE_SYNTHETIC,PROTOTYPE_6H_SYNTHETIC
CAND0550,TRUNK,BUGANG,UIWANG,BUGANG|UIWANG,BUGANG|UIWANG,SS,2,2026-08-12 06:00,2026-08-12 08:00,111.8,PROTOTYPE_SYNTHETIC,PROTOTYPE_6H_SYNTHETIC
CAND0551,TRUNK,BUGANG,UIWANG,BUGANG|UIWANG,BUGANG|UIWANG,SS,2,2026-08-12 12:00,2026-08-12 14:00,111.8,PROTOTYPE_SYNTHETIC,PROTOTYPE_6H_SYNTHETIC
CAND0552,TRUNK,BUGANG,UIWANG,BUGANG|UIWANG,BUGANG|UIWANG,SS,2,2026-08-12 18:00,2026-08-12 20:00,111.8,PROTOTYPE_SYNTHETIC,PROTOTYPE_6H_SYNTHETIC
CAND0553,TRUNK,BUGANG,UIWANG,BUGANG|UIWANG,BUGANG|UIWANG,SS,2,2026-08-13 00:00,2026-08-13 02:00,111.8,PROTOTYPE_SYNTHETIC,PROTOTYPE_6H_SYNTHETIC
CAND0554,TRUNK,BUGANG,UIWANG,BUGANG|UIWANG,BUGANG|UIWANG,SS,2,2026-08-13 06:00,2026-08-13 08:00,111.8,PROTOTYPE_SYNTHETIC,PROTOTYPE_6H_SYNTHETIC
CAND0555,TRUNK,BUGANG,UIWANG,BUGANG|UIWANG,BUGANG|UIWANG,SS,2,2026-08-13 12:00,2026-08-13 14:00,111.8,PROTOTYPE_SYNTHETIC,PROTOTYPE_6H_SYNTHETIC
CAND0556,TRUNK,BUGANG,UIWANG,BUGANG|UIWANG,BUGANG|UIWANG,SS,2,2026-08-13 18:00,2026-08-13 20:00,111.8,PROTOTYPE_SYNTHETIC,PROTOTYPE_6H_SYNTHETIC
CAND0557,TRUNK,BUGANG,UIWANG,BUGANG|UIWANG,BUGANG|UIWANG,SS,2,2026-08-14 00:00,2026-08-14 02:00,111.8,PROTOTYPE_SYNTHETIC,PROTOTYPE_6H_SYNTHETIC
CAND0558,TRUNK,BUGANG,UIWANG,BUGANG|UIWANG,BUGANG|UIWANG,SS,2,2026-08-14 06:00,2026-08-14 08:00,111.8,PROTOTYPE_SYNTHETIC,PROTOTYPE_6H_SYNTHETIC
CAND0559,TRUNK,BUGANG,UIWANG,BUGANG|UIWANG,BUGANG|UIWANG,SS,2,2026-08-14 12:00,2026-08-14 14:00,111.8,PROTOTYPE_SYNTHETIC,PROTOTYPE_6H_SYNTHETIC
CAND0560,TRUNK,BUGANG,UIWANG,BUGANG|UIWANG,BUGANG|UIWANG,SS,2,2026-08-14 18:00,2026-08-14 20:00,111.8,PROTOTYPE_SYNTHETIC,PROTOTYPE_6H_SYNTHETIC
CAND0561,TRUNK,BUGANG,UIWANG,BUGANG|UIWANG,BUGANG|UIWANG,SS,2,2026-08-15 00:00,2026-08-15 02:00,111.8,PROTOTYPE_SYNTHETIC,PROTOTYPE_6H_SYNTHETIC
CAND0562,TRUNK,BUGANG,UIWANG,BUGANG|UIWANG,BUGANG|UIWANG,SS,2,2026-08-15 06:00,2026-08-15 08:00,111.8,PROTOTYPE_SYNTHETIC,PROTOTYPE_6H_SYNTHETIC
CAND0563,TRUNK,BUGANG,UIWANG,BUGANG|UIWANG,BUGANG|UIWANG,SS,2,2026-08-15 12:00,2026-08-15 14:00,111.8,PROTOTYPE_SYNTHETIC,PROTOTYPE_6H_SYNTHETIC
CAND0564,TRUNK,BUGANG,UIWANG,BUGANG|UIWANG,BUGANG|UIWANG,SS,2,2026-08-15 18:00,2026-08-15 20:00,111.8,PROTOTYPE_SYNTHETIC,PROTOTYPE_6H_SYNTHETIC
CAND0565,TRUNK,BUGANG,UIWANG,BUGANG|UIWANG,BUGANG|UIWANG,SS,2,2026-08-16 00:00,2026-08-16 02:00,111.8,PROTOTYPE_SYNTHETIC,PROTOTYPE_6H_SYNTHETIC
CAND0566,TRUNK,BUGANG,UIWANG,BUGANG|UIWANG,BUGANG|UIWANG,SS,2,2026-08-16 06:00,2026-08-16 08:00,111.8,PROTOTYPE_SYNTHETIC,PROTOTYPE_6H_SYNTHETIC
CAND0567,TRUNK,BUGANG,UIWANG,BUGANG|UIWANG,BUGANG|UIWANG,SS,2,2026-08-16 12:00,2026-08-16 14:00,111.8,PROTOTYPE_SYNTHETIC,PROTOTYPE_6H_SYNTHETIC
CAND0568,TRUNK,BUGANG,UIWANG,BUGANG|UIWANG,BUGANG|UIWANG,SS,2,2026-08-16 18:00,2026-08-16 20:00,111.8,PROTOTYPE_SYNTHETIC,PROTOTYPE_6H_SYNTHETIC
CAND0569,SOUTHWEST,UIWANG,DONGSAN,UIWANG|BUGANG|DONGSAN,UIWANG|DONGSAN,SPS,2,2026-08-10 06:00,2026-08-10 10:00,242.0,PROTOTYPE_SYNTHETIC,PROTOTYPE_6H_SYNTHETIC
CAND0570,SOUTHWEST,UIWANG,DONGSAN,UIWANG|BUGANG|DONGSAN,UIWANG|DONGSAN,SPS,2,2026-08-10 12:00,2026-08-10 16:00,242.0,PROTOTYPE_SYNTHETIC,PROTOTYPE_6H_SYNTHETIC
CAND0571,SOUTHWEST,UIWANG,DONGSAN,UIWANG|BUGANG|DONGSAN,UIWANG|DONGSAN,SPS,2,2026-08-10 18:00,2026-08-10 22:00,242.0,PROTOTYPE_SYNTHETIC,PROTOTYPE_6H_SYNTHETIC
CAND0572,SOUTHWEST,UIWANG,DONGSAN,UIWANG|BUGANG|DONGSAN,UIWANG|DONGSAN,SPS,2,2026-08-11 00:00,2026-08-11 04:00,242.0,PROTOTYPE_SYNTHETIC,PROTOTYPE_6H_SYNTHETIC
CAND0573,SOUTHWEST,UIWANG,DONGSAN,UIWANG|BUGANG|DONGSAN,UIWANG|DONGSAN,SPS,2,2026-08-11 06:00,2026-08-11 10:00,242.0,PROTOTYPE_SYNTHETIC,PROTOTYPE_6H_SYNTHETIC
CAND0574,SOUTHWEST,UIWANG,DONGSAN,UIWANG|BUGANG|DONGSAN,UIWANG|DONGSAN,SPS,2,2026-08-11 12:00,2026-08-11 16:00,242.0,PROTOTYPE_SYNTHETIC,PROTOTYPE_6H_SYNTHETIC
CAND0575,SOUTHWEST,UIWANG,DONGSAN,UIWANG|BUGANG|DONGSAN,UIWANG|DONGSAN,SPS,2,2026-08-11 18:00,2026-08-11 22:00,242.0,PROTOTYPE_SYNTHETIC,PROTOTYPE_6H_SYNTHETIC
CAND0576,SOUTHWEST,UIWANG,DONGSAN,UIWANG|BUGANG|DONGSAN,UIWANG|DONGSAN,SPS,2,2026-08-12 00:00,2026-08-12 04:00,242.0,PROTOTYPE_SYNTHETIC,PROTOTYPE_6H_SYNTHETIC
CAND0577,SOUTHWEST,UIWANG,DONGSAN,UIWANG|BUGANG|DONGSAN,UIWANG|DONGSAN,SPS,2,2026-08-12 06:00,2026-08-12 10:00,242.0,PROTOTYPE_SYNTHETIC,PROTOTYPE_6H_SYNTHETIC
CAND0578,SOUTHWEST,UIWANG,DONGSAN,UIWANG|BUGANG|DONGSAN,UIWANG|DONGSAN,SPS,2,2026-08-12 12:00,2026-08-12 16:00,242.0,PROTOTYPE_SYNTHETIC,PROTOTYPE_6H_SYNTHETIC
CAND0579,SOUTHWEST,UIWANG,DONGSAN,UIWANG|BUGANG|DONGSAN,UIWANG|DONGSAN,SPS,2,2026-08-12 18:00,2026-08-12 22:00,242.0,PROTOTYPE_SYNTHETIC,PROTOTYPE_6H_SYNTHETIC
CAND0580,SOUTHWEST,UIWANG,DONGSAN,UIWANG|BUGANG|DONGSAN,UIWANG|DONGSAN,SPS,2,2026-08-13 00:00,2026-08-13 04:00,242.0,PROTOTYPE_SYNTHETIC,PROTOTYPE_6H_SYNTHETIC
CAND0581,SOUTHWEST,UIWANG,DONGSAN,UIWANG|BUGANG|DONGSAN,UIWANG|DONGSAN,SPS,2,2026-08-13 06:00,2026-08-13 10:00,242.0,PROTOTYPE_SYNTHETIC,PROTOTYPE_6H_SYNTHETIC
CAND0582,SOUTHWEST,UIWANG,DONGSAN,UIWANG|BUGANG|DONGSAN,UIWANG|DONGSAN,SPS,2,2026-08-13 12:00,2026-08-13 16:00,242.0,PROTOTYPE_SYNTHETIC,PROTOTYPE_6H_SYNTHETIC
CAND0583,SOUTHWEST,UIWANG,DONGSAN,UIWANG|BUGANG|DONGSAN,UIWANG|DONGSAN,SPS,2,2026-08-13 18:00,2026-08-13 22:00,242.0,PROTOTYPE_SYNTHETIC,PROTOTYPE_6H_SYNTHETIC
CAND0584,SOUTHWEST,UIWANG,DONGSAN,UIWANG|BUGANG|DONGSAN,UIWANG|DONGSAN,SPS,2,2026-08-14 00:00,2026-08-14 04:00,242.0,PROTOTYPE_SYNTHETIC,PROTOTYPE_6H_SYNTHETIC
CAND0585,SOUTHWEST,UIWANG,DONGSAN,UIWANG|BUGANG|DONGSAN,UIWANG|DONGSAN,SPS,2,2026-08-14 06:00,2026-08-14 10:00,242.0,PROTOTYPE_SYNTHETIC,PROTOTYPE_6H_SYNTHETIC
CAND0586,SOUTHWEST,UIWANG,DONGSAN,UIWANG|BUGANG|DONGSAN,UIWANG|DONGSAN,SPS,2,2026-08-14 12:00,2026-08-14 16:00,242.0,PROTOTYPE_SYNTHETIC,PROTOTYPE_6H_SYNTHETIC
CAND0587,SOUTHWEST,UIWANG,DONGSAN,UIWANG|BUGANG|DONGSAN,UIWANG|DONGSAN,SPS,2,2026-08-14 18:00,2026-08-14 22:00,242.0,PROTOTYPE_SYNTHETIC,PROTOTYPE_6H_SYNTHETIC
CAND0588,SOUTHWEST,UIWANG,DONGSAN,UIWANG|BUGANG|DONGSAN,UIWANG|DONGSAN,SPS,2,2026-08-15 00:00,2026-08-15 04:00,242.0,PROTOTYPE_SYNTHETIC,PROTOTYPE_6H_SYNTHETIC
CAND0589,SOUTHWEST,UIWANG,DONGSAN,UIWANG|BUGANG|DONGSAN,UIWANG|DONGSAN,SPS,2,2026-08-15 06:00,2026-08-15 10:00,242.0,PROTOTYPE_SYNTHETIC,PROTOTYPE_6H_SYNTHETIC
CAND0590,SOUTHWEST,UIWANG,DONGSAN,UIWANG|BUGANG|DONGSAN,UIWANG|DONGSAN,SPS,2,2026-08-15 12:00,2026-08-15 16:00,242.0,PROTOTYPE_SYNTHETIC,PROTOTYPE_6H_SYNTHETIC
CAND0591,SOUTHWEST,UIWANG,DONGSAN,UIWANG|BUGANG|DONGSAN,UIWANG|DONGSAN,SPS,2,2026-08-15 18:00,2026-08-15 22:00,242.0,PROTOTYPE_SYNTHETIC,PROTOTYPE_6H_SYNTHETIC
CAND0592,SOUTHWEST,UIWANG,DONGSAN,UIWANG|BUGANG|DONGSAN,UIWANG|DONGSAN,SPS,2,2026-08-16 00:00,2026-08-16 04:00,242.0,PROTOTYPE_SYNTHETIC,PROTOTYPE_6H_SYNTHETIC
CAND0593,SOUTHWEST,UIWANG,DONGSAN,UIWANG|BUGANG|DONGSAN,UIWANG|DONGSAN,SPS,2,2026-08-16 06:00,2026-08-16 10:00,242.0,PROTOTYPE_SYNTHETIC,PROTOTYPE_6H_SYNTHETIC
CAND0594,SOUTHWEST,UIWANG,DONGSAN,UIWANG|BUGANG|DONGSAN,UIWANG|DONGSAN,SPS,2,2026-08-16 12:00,2026-08-16 16:00,242.0,PROTOTYPE_SYNTHETIC,PROTOTYPE_6H_SYNTHETIC
CAND0595,SOUTHWEST,UIWANG,DONGSAN,UIWANG|BUGANG|DONGSAN,UIWANG|BUGANG|DONGSAN,SSS,3,2026-08-10 06:00,2026-08-10 13:00,242.0,PROTOTYPE_SYNTHETIC,PROTOTYPE_6H_SYNTHETIC
CAND0596,SOUTHWEST,UIWANG,DONGSAN,UIWANG|BUGANG|DONGSAN,UIWANG|BUGANG|DONGSAN,SSS,3,2026-08-10 12:00,2026-08-10 19:00,242.0,PROTOTYPE_SYNTHETIC,PROTOTYPE_6H_SYNTHETIC
CAND0597,SOUTHWEST,UIWANG,DONGSAN,UIWANG|BUGANG|DONGSAN,UIWANG|BUGANG|DONGSAN,SSS,3,2026-08-10 18:00,2026-08-11 01:00,242.0,PROTOTYPE_SYNTHETIC,PROTOTYPE_6H_SYNTHETIC
CAND0598,SOUTHWEST,UIWANG,DONGSAN,UIWANG|BUGANG|DONGSAN,UIWANG|BUGANG|DONGSAN,SSS,3,2026-08-11 00:00,2026-08-11 07:00,242.0,PROTOTYPE_SYNTHETIC,PROTOTYPE_6H_SYNTHETIC
CAND0599,SOUTHWEST,UIWANG,DONGSAN,UIWANG|BUGANG|DONGSAN,UIWANG|BUGANG|DONGSAN,SSS,3,2026-08-11 06:00,2026-08-11 13:00,242.0,PROTOTYPE_SYNTHETIC,PROTOTYPE_6H_SYNTHETIC
CAND0600,SOUTHWEST,UIWANG,DONGSAN,UIWANG|BUGANG|DONGSAN,UIWANG|BUGANG|DONGSAN,SSS,3,2026-08-11 12:00,2026-08-11 19:00,242.0,PROTOTYPE_SYNTHETIC,PROTOTYPE_6H_SYNTHETIC
CAND0601,SOUTHWEST,UIWANG,DONGSAN,UIWANG|BUGANG|DONGSAN,UIWANG|BUGANG|DONGSAN,SSS,3,2026-08-11 18:00,2026-08-12 01:00,242.0,PROTOTYPE_SYNTHETIC,PROTOTYPE_6H_SYNTHETIC
CAND0602,SOUTHWEST,UIWANG,DONGSAN,UIWANG|BUGANG|DONGSAN,UIWANG|BUGANG|DONGSAN,SSS,3,2026-08-12 00:00,2026-08-12 07:00,242.0,PROTOTYPE_SYNTHETIC,PROTOTYPE_6H_SYNTHETIC
CAND0603,SOUTHWEST,UIWANG,DONGSAN,UIWANG|BUGANG|DONGSAN,UIWANG|BUGANG|DONGSAN,SSS,3,2026-08-12 06:00,2026-08-12 13:00,242.0,PROTOTYPE_SYNTHETIC,PROTOTYPE_6H_SYNTHETIC
CAND0604,SOUTHWEST,UIWANG,DONGSAN,UIWANG|BUGANG|DONGSAN,UIWANG|BUGANG|DONGSAN,SSS,3,2026-08-12 12:00,2026-08-12 19:00,242.0,PROTOTYPE_SYNTHETIC,PROTOTYPE_6H_SYNTHETIC
CAND0605,SOUTHWEST,UIWANG,DONGSAN,UIWANG|BUGANG|DONGSAN,UIWANG|BUGANG|DONGSAN,SSS,3,2026-08-12 18:00,2026-08-13 01:00,242.0,PROTOTYPE_SYNTHETIC,PROTOTYPE_6H_SYNTHETIC
CAND0606,SOUTHWEST,UIWANG,DONGSAN,UIWANG|BUGANG|DONGSAN,UIWANG|BUGANG|DONGSAN,SSS,3,2026-08-13 00:00,2026-08-13 07:00,242.0,PROTOTYPE_SYNTHETIC,PROTOTYPE_6H_SYNTHETIC
CAND0607,SOUTHWEST,UIWANG,DONGSAN,UIWANG|BUGANG|DONGSAN,UIWANG|BUGANG|DONGSAN,SSS,3,2026-08-13 06:00,2026-08-13 13:00,242.0,PROTOTYPE_SYNTHETIC,PROTOTYPE_6H_SYNTHETIC
CAND0608,SOUTHWEST,UIWANG,DONGSAN,UIWANG|BUGANG|DONGSAN,UIWANG|BUGANG|DONGSAN,SSS,3,2026-08-13 12:00,2026-08-13 19:00,242.0,PROTOTYPE_SYNTHETIC,PROTOTYPE_6H_SYNTHETIC
CAND0609,SOUTHWEST,UIWANG,DONGSAN,UIWANG|BUGANG|DONGSAN,UIWANG|BUGANG|DONGSAN,SSS,3,2026-08-13 18:00,2026-08-14 01:00,242.0,PROTOTYPE_SYNTHETIC,PROTOTYPE_6H_SYNTHETIC
CAND0610,SOUTHWEST,UIWANG,DONGSAN,UIWANG|BUGANG|DONGSAN,UIWANG|BUGANG|DONGSAN,SSS,3,2026-08-14 00:00,2026-08-14 07:00,242.0,PROTOTYPE_SYNTHETIC,PROTOTYPE_6H_SYNTHETIC
CAND0611,SOUTHWEST,UIWANG,DONGSAN,UIWANG|BUGANG|DONGSAN,UIWANG|BUGANG|DONGSAN,SSS,3,2026-08-14 06:00,2026-08-14 13:00,242.0,PROTOTYPE_SYNTHETIC,PROTOTYPE_6H_SYNTHETIC
CAND0612,SOUTHWEST,UIWANG,DONGSAN,UIWANG|BUGANG|DONGSAN,UIWANG|BUGANG|DONGSAN,SSS,3,2026-08-14 12:00,2026-08-14 19:00,242.0,PROTOTYPE_SYNTHETIC,PROTOTYPE_6H_SYNTHETIC
CAND0613,SOUTHWEST,UIWANG,DONGSAN,UIWANG|BUGANG|DONGSAN,UIWANG|BUGANG|DONGSAN,SSS,3,2026-08-14 18:00,2026-08-15 01:00,242.0,PROTOTYPE_SYNTHETIC,PROTOTYPE_6H_SYNTHETIC
CAND0614,SOUTHWEST,UIWANG,DONGSAN,UIWANG|BUGANG|DONGSAN,UIWANG|BUGANG|DONGSAN,SSS,3,2026-08-15 00:00,2026-08-15 07:00,242.0,PROTOTYPE_SYNTHETIC,PROTOTYPE_6H_SYNTHETIC
CAND0615,SOUTHWEST,UIWANG,DONGSAN,UIWANG|BUGANG|DONGSAN,UIWANG|BUGANG|DONGSAN,SSS,3,2026-08-15 06:00,2026-08-15 13:00,242.0,PROTOTYPE_SYNTHETIC,PROTOTYPE_6H_SYNTHETIC
CAND0616,SOUTHWEST,UIWANG,DONGSAN,UIWANG|BUGANG|DONGSAN,UIWANG|BUGANG|DONGSAN,SSS,3,2026-08-15 12:00,2026-08-15 19:00,242.0,PROTOTYPE_SYNTHETIC,PROTOTYPE_6H_SYNTHETIC
CAND0617,SOUTHWEST,UIWANG,DONGSAN,UIWANG|BUGANG|DONGSAN,UIWANG|BUGANG|DONGSAN,SSS,3,2026-08-15 18:00,2026-08-16 01:00,242.0,PROTOTYPE_SYNTHETIC,PROTOTYPE_6H_SYNTHETIC
CAND0618,SOUTHWEST,UIWANG,DONGSAN,UIWANG|BUGANG|DONGSAN,UIWANG|BUGANG|DONGSAN,SSS,3,2026-08-16 00:00,2026-08-16 07:00,242.0,PROTOTYPE_SYNTHETIC,PROTOTYPE_6H_SYNTHETIC
CAND0619,SOUTHWEST,UIWANG,DONGSAN,UIWANG|BUGANG|DONGSAN,UIWANG|BUGANG|DONGSAN,SSS,3,2026-08-16 06:00,2026-08-16 13:00,242.0,PROTOTYPE_SYNTHETIC,PROTOTYPE_6H_SYNTHETIC
CAND0620,SOUTHWEST,UIWANG,DONGSAN,UIWANG|BUGANG|DONGSAN,UIWANG|BUGANG|DONGSAN,SSS,3,2026-08-16 12:00,2026-08-16 19:00,242.0,PROTOTYPE_SYNTHETIC,PROTOTYPE_6H_SYNTHETIC
CAND0621,SOUTHWEST,UIWANG,GWANGYANG,UIWANG|BUGANG|DONGSAN|GWANGYANG,UIWANG|GWANGYANG,SPPS,2,2026-08-10 06:00,2026-08-10 12:00,390.6,PROTOTYPE_SYNTHETIC,PROTOTYPE_6H_SYNTHETIC
CAND0622,SOUTHWEST,UIWANG,GWANGYANG,UIWANG|BUGANG|DONGSAN|GWANGYANG,UIWANG|GWANGYANG,SPPS,2,2026-08-10 12:00,2026-08-10 18:00,390.6,PROTOTYPE_SYNTHETIC,PROTOTYPE_6H_SYNTHETIC
CAND0623,SOUTHWEST,UIWANG,GWANGYANG,UIWANG|BUGANG|DONGSAN|GWANGYANG,UIWANG|GWANGYANG,SPPS,2,2026-08-10 18:00,2026-08-11 00:00,390.6,PROTOTYPE_SYNTHETIC,PROTOTYPE_6H_SYNTHETIC
CAND0624,SOUTHWEST,UIWANG,GWANGYANG,UIWANG|BUGANG|DONGSAN|GWANGYANG,UIWANG|GWANGYANG,SPPS,2,2026-08-11 00:00,2026-08-11 06:00,390.6,PROTOTYPE_SYNTHETIC,PROTOTYPE_6H_SYNTHETIC
CAND0625,SOUTHWEST,UIWANG,GWANGYANG,UIWANG|BUGANG|DONGSAN|GWANGYANG,UIWANG|GWANGYANG,SPPS,2,2026-08-11 06:00,2026-08-11 12:00,390.6,PROTOTYPE_SYNTHETIC,PROTOTYPE_6H_SYNTHETIC
CAND0626,SOUTHWEST,UIWANG,GWANGYANG,UIWANG|BUGANG|DONGSAN|GWANGYANG,UIWANG|GWANGYANG,SPPS,2,2026-08-11 12:00,2026-08-11 18:00,390.6,PROTOTYPE_SYNTHETIC,PROTOTYPE_6H_SYNTHETIC
CAND0627,SOUTHWEST,UIWANG,GWANGYANG,UIWANG|BUGANG|DONGSAN|GWANGYANG,UIWANG|GWANGYANG,SPPS,2,2026-08-11 18:00,2026-08-12 00:00,390.6,PROTOTYPE_SYNTHETIC,PROTOTYPE_6H_SYNTHETIC
CAND0628,SOUTHWEST,UIWANG,GWANGYANG,UIWANG|BUGANG|DONGSAN|GWANGYANG,UIWANG|GWANGYANG,SPPS,2,2026-08-12 00:00,2026-08-12 06:00,390.6,PROTOTYPE_SYNTHETIC,PROTOTYPE_6H_SYNTHETIC
CAND0629,SOUTHWEST,UIWANG,GWANGYANG,UIWANG|BUGANG|DONGSAN|GWANGYANG,UIWANG|GWANGYANG,SPPS,2,2026-08-12 06:00,2026-08-12 12:00,390.6,PROTOTYPE_SYNTHETIC,PROTOTYPE_6H_SYNTHETIC
CAND0630,SOUTHWEST,UIWANG,GWANGYANG,UIWANG|BUGANG|DONGSAN|GWANGYANG,UIWANG|GWANGYANG,SPPS,2,2026-08-12 12:00,2026-08-12 18:00,390.6,PROTOTYPE_SYNTHETIC,PROTOTYPE_6H_SYNTHETIC
CAND0631,SOUTHWEST,UIWANG,GWANGYANG,UIWANG|BUGANG|DONGSAN|GWANGYANG,UIWANG|GWANGYANG,SPPS,2,2026-08-12 18:00,2026-08-13 00:00,390.6,PROTOTYPE_SYNTHETIC,PROTOTYPE_6H_SYNTHETIC
CAND0632,SOUTHWEST,UIWANG,GWANGYANG,UIWANG|BUGANG|DONGSAN|GWANGYANG,UIWANG|GWANGYANG,SPPS,2,2026-08-13 00:00,2026-08-13 06:00,390.6,PROTOTYPE_SYNTHETIC,PROTOTYPE_6H_SYNTHETIC
CAND0633,SOUTHWEST,UIWANG,GWANGYANG,UIWANG|BUGANG|DONGSAN|GWANGYANG,UIWANG|GWANGYANG,SPPS,2,2026-08-13 06:00,2026-08-13 12:00,390.6,PROTOTYPE_SYNTHETIC,PROTOTYPE_6H_SYNTHETIC
CAND0634,SOUTHWEST,UIWANG,GWANGYANG,UIWANG|BUGANG|DONGSAN|GWANGYANG,UIWANG|GWANGYANG,SPPS,2,2026-08-13 12:00,2026-08-13 18:00,390.6,PROTOTYPE_SYNTHETIC,PROTOTYPE_6H_SYNTHETIC
CAND0635,SOUTHWEST,UIWANG,GWANGYANG,UIWANG|BUGANG|DONGSAN|GWANGYANG,UIWANG|GWANGYANG,SPPS,2,2026-08-13 18:00,2026-08-14 00:00,390.6,PROTOTYPE_SYNTHETIC,PROTOTYPE_6H_SYNTHETIC
CAND0636,SOUTHWEST,UIWANG,GWANGYANG,UIWANG|BUGANG|DONGSAN|GWANGYANG,UIWANG|GWANGYANG,SPPS,2,2026-08-14 00:00,2026-08-14 06:00,390.6,PROTOTYPE_SYNTHETIC,PROTOTYPE_6H_SYNTHETIC
CAND0637,SOUTHWEST,UIWANG,GWANGYANG,UIWANG|BUGANG|DONGSAN|GWANGYANG,UIWANG|GWANGYANG,SPPS,2,2026-08-14 06:00,2026-08-14 12:00,390.6,PROTOTYPE_SYNTHETIC,PROTOTYPE_6H_SYNTHETIC
CAND0638,SOUTHWEST,UIWANG,GWANGYANG,UIWANG|BUGANG|DONGSAN|GWANGYANG,UIWANG|GWANGYANG,SPPS,2,2026-08-14 12:00,2026-08-14 18:00,390.6,PROTOTYPE_SYNTHETIC,PROTOTYPE_6H_SYNTHETIC
CAND0639,SOUTHWEST,UIWANG,GWANGYANG,UIWANG|BUGANG|DONGSAN|GWANGYANG,UIWANG|GWANGYANG,SPPS,2,2026-08-14 18:00,2026-08-15 00:00,390.6,PROTOTYPE_SYNTHETIC,PROTOTYPE_6H_SYNTHETIC
CAND0640,SOUTHWEST,UIWANG,GWANGYANG,UIWANG|BUGANG|DONGSAN|GWANGYANG,UIWANG|GWANGYANG,SPPS,2,2026-08-15 00:00,2026-08-15 06:00,390.6,PROTOTYPE_SYNTHETIC,PROTOTYPE_6H_SYNTHETIC
CAND0641,SOUTHWEST,UIWANG,GWANGYANG,UIWANG|BUGANG|DONGSAN|GWANGYANG,UIWANG|GWANGYANG,SPPS,2,2026-08-15 06:00,2026-08-15 12:00,390.6,PROTOTYPE_SYNTHETIC,PROTOTYPE_6H_SYNTHETIC
CAND0642,SOUTHWEST,UIWANG,GWANGYANG,UIWANG|BUGANG|DONGSAN|GWANGYANG,UIWANG|GWANGYANG,SPPS,2,2026-08-15 12:00,2026-08-15 18:00,390.6,PROTOTYPE_SYNTHETIC,PROTOTYPE_6H_SYNTHETIC
CAND0643,SOUTHWEST,UIWANG,GWANGYANG,UIWANG|BUGANG|DONGSAN|GWANGYANG,UIWANG|GWANGYANG,SPPS,2,2026-08-15 18:00,2026-08-16 00:00,390.6,PROTOTYPE_SYNTHETIC,PROTOTYPE_6H_SYNTHETIC
CAND0644,SOUTHWEST,UIWANG,GWANGYANG,UIWANG|BUGANG|DONGSAN|GWANGYANG,UIWANG|GWANGYANG,SPPS,2,2026-08-16 00:00,2026-08-16 06:00,390.6,PROTOTYPE_SYNTHETIC,PROTOTYPE_6H_SYNTHETIC
CAND0645,SOUTHWEST,UIWANG,GWANGYANG,UIWANG|BUGANG|DONGSAN|GWANGYANG,UIWANG|GWANGYANG,SPPS,2,2026-08-16 06:00,2026-08-16 12:00,390.6,PROTOTYPE_SYNTHETIC,PROTOTYPE_6H_SYNTHETIC
CAND0646,SOUTHWEST,UIWANG,GWANGYANG,UIWANG|BUGANG|DONGSAN|GWANGYANG,UIWANG|GWANGYANG,SPPS,2,2026-08-16 12:00,2026-08-16 18:00,390.6,PROTOTYPE_SYNTHETIC,PROTOTYPE_6H_SYNTHETIC
CAND0647,SOUTHWEST,UIWANG,GWANGYANG,UIWANG|BUGANG|DONGSAN|GWANGYANG,UIWANG|BUGANG|GWANGYANG,SSPS,3,2026-08-10 06:00,2026-08-10 15:00,390.6,PROTOTYPE_SYNTHETIC,PROTOTYPE_6H_SYNTHETIC
CAND0648,SOUTHWEST,UIWANG,GWANGYANG,UIWANG|BUGANG|DONGSAN|GWANGYANG,UIWANG|BUGANG|GWANGYANG,SSPS,3,2026-08-10 12:00,2026-08-10 21:00,390.6,PROTOTYPE_SYNTHETIC,PROTOTYPE_6H_SYNTHETIC
CAND0649,SOUTHWEST,UIWANG,GWANGYANG,UIWANG|BUGANG|DONGSAN|GWANGYANG,UIWANG|BUGANG|GWANGYANG,SSPS,3,2026-08-10 18:00,2026-08-11 03:00,390.6,PROTOTYPE_SYNTHETIC,PROTOTYPE_6H_SYNTHETIC
CAND0650,SOUTHWEST,UIWANG,GWANGYANG,UIWANG|BUGANG|DONGSAN|GWANGYANG,UIWANG|BUGANG|GWANGYANG,SSPS,3,2026-08-11 00:00,2026-08-11 09:00,390.6,PROTOTYPE_SYNTHETIC,PROTOTYPE_6H_SYNTHETIC
CAND0651,SOUTHWEST,UIWANG,GWANGYANG,UIWANG|BUGANG|DONGSAN|GWANGYANG,UIWANG|BUGANG|GWANGYANG,SSPS,3,2026-08-11 06:00,2026-08-11 15:00,390.6,PROTOTYPE_SYNTHETIC,PROTOTYPE_6H_SYNTHETIC
CAND0652,SOUTHWEST,UIWANG,GWANGYANG,UIWANG|BUGANG|DONGSAN|GWANGYANG,UIWANG|BUGANG|GWANGYANG,SSPS,3,2026-08-11 12:00,2026-08-11 21:00,390.6,PROTOTYPE_SYNTHETIC,PROTOTYPE_6H_SYNTHETIC
CAND0653,SOUTHWEST,UIWANG,GWANGYANG,UIWANG|BUGANG|DONGSAN|GWANGYANG,UIWANG|BUGANG|GWANGYANG,SSPS,3,2026-08-11 18:00,2026-08-12 03:00,390.6,PROTOTYPE_SYNTHETIC,PROTOTYPE_6H_SYNTHETIC
CAND0654,SOUTHWEST,UIWANG,GWANGYANG,UIWANG|BUGANG|DONGSAN|GWANGYANG,UIWANG|BUGANG|GWANGYANG,SSPS,3,2026-08-12 00:00,2026-08-12 09:00,390.6,PROTOTYPE_SYNTHETIC,PROTOTYPE_6H_SYNTHETIC
CAND0655,SOUTHWEST,UIWANG,GWANGYANG,UIWANG|BUGANG|DONGSAN|GWANGYANG,UIWANG|BUGANG|GWANGYANG,SSPS,3,2026-08-12 06:00,2026-08-12 15:00,390.6,PROTOTYPE_SYNTHETIC,PROTOTYPE_6H_SYNTHETIC
CAND0656,SOUTHWEST,UIWANG,GWANGYANG,UIWANG|BUGANG|DONGSAN|GWANGYANG,UIWANG|BUGANG|GWANGYANG,SSPS,3,2026-08-12 12:00,2026-08-12 21:00,390.6,PROTOTYPE_SYNTHETIC,PROTOTYPE_6H_SYNTHETIC
CAND0657,SOUTHWEST,UIWANG,GWANGYANG,UIWANG|BUGANG|DONGSAN|GWANGYANG,UIWANG|BUGANG|GWANGYANG,SSPS,3,2026-08-12 18:00,2026-08-13 03:00,390.6,PROTOTYPE_SYNTHETIC,PROTOTYPE_6H_SYNTHETIC
CAND0658,SOUTHWEST,UIWANG,GWANGYANG,UIWANG|BUGANG|DONGSAN|GWANGYANG,UIWANG|BUGANG|GWANGYANG,SSPS,3,2026-08-13 00:00,2026-08-13 09:00,390.6,PROTOTYPE_SYNTHETIC,PROTOTYPE_6H_SYNTHETIC
CAND0659,SOUTHWEST,UIWANG,GWANGYANG,UIWANG|BUGANG|DONGSAN|GWANGYANG,UIWANG|BUGANG|GWANGYANG,SSPS,3,2026-08-13 06:00,2026-08-13 15:00,390.6,PROTOTYPE_SYNTHETIC,PROTOTYPE_6H_SYNTHETIC
CAND0660,SOUTHWEST,UIWANG,GWANGYANG,UIWANG|BUGANG|DONGSAN|GWANGYANG,UIWANG|BUGANG|GWANGYANG,SSPS,3,2026-08-13 12:00,2026-08-13 21:00,390.6,PROTOTYPE_SYNTHETIC,PROTOTYPE_6H_SYNTHETIC
CAND0661,SOUTHWEST,UIWANG,GWANGYANG,UIWANG|BUGANG|DONGSAN|GWANGYANG,UIWANG|BUGANG|GWANGYANG,SSPS,3,2026-08-13 18:00,2026-08-14 03:00,390.6,PROTOTYPE_SYNTHETIC,PROTOTYPE_6H_SYNTHETIC
CAND0662,SOUTHWEST,UIWANG,GWANGYANG,UIWANG|BUGANG|DONGSAN|GWANGYANG,UIWANG|BUGANG|GWANGYANG,SSPS,3,2026-08-14 00:00,2026-08-14 09:00,390.6,PROTOTYPE_SYNTHETIC,PROTOTYPE_6H_SYNTHETIC
CAND0663,SOUTHWEST,UIWANG,GWANGYANG,UIWANG|BUGANG|DONGSAN|GWANGYANG,UIWANG|BUGANG|GWANGYANG,SSPS,3,2026-08-14 06:00,2026-08-14 15:00,390.6,PROTOTYPE_SYNTHETIC,PROTOTYPE_6H_SYNTHETIC
CAND0664,SOUTHWEST,UIWANG,GWANGYANG,UIWANG|BUGANG|DONGSAN|GWANGYANG,UIWANG|BUGANG|GWANGYANG,SSPS,3,2026-08-14 12:00,2026-08-14 21:00,390.6,PROTOTYPE_SYNTHETIC,PROTOTYPE_6H_SYNTHETIC
CAND0665,SOUTHWEST,UIWANG,GWANGYANG,UIWANG|BUGANG|DONGSAN|GWANGYANG,UIWANG|BUGANG|GWANGYANG,SSPS,3,2026-08-14 18:00,2026-08-15 03:00,390.6,PROTOTYPE_SYNTHETIC,PROTOTYPE_6H_SYNTHETIC
CAND0666,SOUTHWEST,UIWANG,GWANGYANG,UIWANG|BUGANG|DONGSAN|GWANGYANG,UIWANG|BUGANG|GWANGYANG,SSPS,3,2026-08-15 00:00,2026-08-15 09:00,390.6,PROTOTYPE_SYNTHETIC,PROTOTYPE_6H_SYNTHETIC
CAND0667,SOUTHWEST,UIWANG,GWANGYANG,UIWANG|BUGANG|DONGSAN|GWANGYANG,UIWANG|BUGANG|GWANGYANG,SSPS,3,2026-08-15 06:00,2026-08-15 15:00,390.6,PROTOTYPE_SYNTHETIC,PROTOTYPE_6H_SYNTHETIC
CAND0668,SOUTHWEST,UIWANG,GWANGYANG,UIWANG|BUGANG|DONGSAN|GWANGYANG,UIWANG|BUGANG|GWANGYANG,SSPS,3,2026-08-15 12:00,2026-08-15 21:00,390.6,PROTOTYPE_SYNTHETIC,PROTOTYPE_6H_SYNTHETIC
CAND0669,SOUTHWEST,UIWANG,GWANGYANG,UIWANG|BUGANG|DONGSAN|GWANGYANG,UIWANG|BUGANG|GWANGYANG,SSPS,3,2026-08-15 18:00,2026-08-16 03:00,390.6,PROTOTYPE_SYNTHETIC,PROTOTYPE_6H_SYNTHETIC
CAND0670,SOUTHWEST,UIWANG,GWANGYANG,UIWANG|BUGANG|DONGSAN|GWANGYANG,UIWANG|BUGANG|GWANGYANG,SSPS,3,2026-08-16 00:00,2026-08-16 09:00,390.6,PROTOTYPE_SYNTHETIC,PROTOTYPE_6H_SYNTHETIC
CAND0671,SOUTHWEST,UIWANG,GWANGYANG,UIWANG|BUGANG|DONGSAN|GWANGYANG,UIWANG|BUGANG|GWANGYANG,SSPS,3,2026-08-16 06:00,2026-08-16 15:00,390.6,PROTOTYPE_SYNTHETIC,PROTOTYPE_6H_SYNTHETIC
CAND0672,SOUTHWEST,UIWANG,GWANGYANG,UIWANG|BUGANG|DONGSAN|GWANGYANG,UIWANG|DONGSAN|GWANGYANG,SPSS,3,2026-08-10 06:00,2026-08-10 15:00,390.6,PROTOTYPE_SYNTHETIC,PROTOTYPE_6H_SYNTHETIC
CAND0673,SOUTHWEST,UIWANG,GWANGYANG,UIWANG|BUGANG|DONGSAN|GWANGYANG,UIWANG|DONGSAN|GWANGYANG,SPSS,3,2026-08-10 12:00,2026-08-10 21:00,390.6,PROTOTYPE_SYNTHETIC,PROTOTYPE_6H_SYNTHETIC
CAND0674,SOUTHWEST,UIWANG,GWANGYANG,UIWANG|BUGANG|DONGSAN|GWANGYANG,UIWANG|DONGSAN|GWANGYANG,SPSS,3,2026-08-10 18:00,2026-08-11 03:00,390.6,PROTOTYPE_SYNTHETIC,PROTOTYPE_6H_SYNTHETIC
CAND0675,SOUTHWEST,UIWANG,GWANGYANG,UIWANG|BUGANG|DONGSAN|GWANGYANG,UIWANG|DONGSAN|GWANGYANG,SPSS,3,2026-08-11 00:00,2026-08-11 09:00,390.6,PROTOTYPE_SYNTHETIC,PROTOTYPE_6H_SYNTHETIC
CAND0676,SOUTHWEST,UIWANG,GWANGYANG,UIWANG|BUGANG|DONGSAN|GWANGYANG,UIWANG|DONGSAN|GWANGYANG,SPSS,3,2026-08-11 06:00,2026-08-11 15:00,390.6,PROTOTYPE_SYNTHETIC,PROTOTYPE_6H_SYNTHETIC
CAND0677,SOUTHWEST,UIWANG,GWANGYANG,UIWANG|BUGANG|DONGSAN|GWANGYANG,UIWANG|DONGSAN|GWANGYANG,SPSS,3,2026-08-11 12:00,2026-08-11 21:00,390.6,PROTOTYPE_SYNTHETIC,PROTOTYPE_6H_SYNTHETIC
CAND0678,SOUTHWEST,UIWANG,GWANGYANG,UIWANG|BUGANG|DONGSAN|GWANGYANG,UIWANG|DONGSAN|GWANGYANG,SPSS,3,2026-08-11 18:00,2026-08-12 03:00,390.6,PROTOTYPE_SYNTHETIC,PROTOTYPE_6H_SYNTHETIC
CAND0679,SOUTHWEST,UIWANG,GWANGYANG,UIWANG|BUGANG|DONGSAN|GWANGYANG,UIWANG|DONGSAN|GWANGYANG,SPSS,3,2026-08-12 00:00,2026-08-12 09:00,390.6,PROTOTYPE_SYNTHETIC,PROTOTYPE_6H_SYNTHETIC
CAND0680,SOUTHWEST,UIWANG,GWANGYANG,UIWANG|BUGANG|DONGSAN|GWANGYANG,UIWANG|DONGSAN|GWANGYANG,SPSS,3,2026-08-12 06:00,2026-08-12 15:00,390.6,PROTOTYPE_SYNTHETIC,PROTOTYPE_6H_SYNTHETIC
CAND0681,SOUTHWEST,UIWANG,GWANGYANG,UIWANG|BUGANG|DONGSAN|GWANGYANG,UIWANG|DONGSAN|GWANGYANG,SPSS,3,2026-08-12 12:00,2026-08-12 21:00,390.6,PROTOTYPE_SYNTHETIC,PROTOTYPE_6H_SYNTHETIC
CAND0682,SOUTHWEST,UIWANG,GWANGYANG,UIWANG|BUGANG|DONGSAN|GWANGYANG,UIWANG|DONGSAN|GWANGYANG,SPSS,3,2026-08-12 18:00,2026-08-13 03:00,390.6,PROTOTYPE_SYNTHETIC,PROTOTYPE_6H_SYNTHETIC
CAND0683,SOUTHWEST,UIWANG,GWANGYANG,UIWANG|BUGANG|DONGSAN|GWANGYANG,UIWANG|DONGSAN|GWANGYANG,SPSS,3,2026-08-13 00:00,2026-08-13 09:00,390.6,PROTOTYPE_SYNTHETIC,PROTOTYPE_6H_SYNTHETIC
CAND0684,SOUTHWEST,UIWANG,GWANGYANG,UIWANG|BUGANG|DONGSAN|GWANGYANG,UIWANG|DONGSAN|GWANGYANG,SPSS,3,2026-08-13 06:00,2026-08-13 15:00,390.6,PROTOTYPE_SYNTHETIC,PROTOTYPE_6H_SYNTHETIC
CAND0685,SOUTHWEST,UIWANG,GWANGYANG,UIWANG|BUGANG|DONGSAN|GWANGYANG,UIWANG|DONGSAN|GWANGYANG,SPSS,3,2026-08-13 12:00,2026-08-13 21:00,390.6,PROTOTYPE_SYNTHETIC,PROTOTYPE_6H_SYNTHETIC
CAND0686,SOUTHWEST,UIWANG,GWANGYANG,UIWANG|BUGANG|DONGSAN|GWANGYANG,UIWANG|DONGSAN|GWANGYANG,SPSS,3,2026-08-13 18:00,2026-08-14 03:00,390.6,PROTOTYPE_SYNTHETIC,PROTOTYPE_6H_SYNTHETIC
CAND0687,SOUTHWEST,UIWANG,GWANGYANG,UIWANG|BUGANG|DONGSAN|GWANGYANG,UIWANG|DONGSAN|GWANGYANG,SPSS,3,2026-08-14 00:00,2026-08-14 09:00,390.6,PROTOTYPE_SYNTHETIC,PROTOTYPE_6H_SYNTHETIC
CAND0688,SOUTHWEST,UIWANG,GWANGYANG,UIWANG|BUGANG|DONGSAN|GWANGYANG,UIWANG|DONGSAN|GWANGYANG,SPSS,3,2026-08-14 06:00,2026-08-14 15:00,390.6,PROTOTYPE_SYNTHETIC,PROTOTYPE_6H_SYNTHETIC
CAND0689,SOUTHWEST,UIWANG,GWANGYANG,UIWANG|BUGANG|DONGSAN|GWANGYANG,UIWANG|DONGSAN|GWANGYANG,SPSS,3,2026-08-14 12:00,2026-08-14 21:00,390.6,PROTOTYPE_SYNTHETIC,PROTOTYPE_6H_SYNTHETIC
CAND0690,SOUTHWEST,UIWANG,GWANGYANG,UIWANG|BUGANG|DONGSAN|GWANGYANG,UIWANG|DONGSAN|GWANGYANG,SPSS,3,2026-08-14 18:00,2026-08-15 03:00,390.6,PROTOTYPE_SYNTHETIC,PROTOTYPE_6H_SYNTHETIC
CAND0691,SOUTHWEST,UIWANG,GWANGYANG,UIWANG|BUGANG|DONGSAN|GWANGYANG,UIWANG|DONGSAN|GWANGYANG,SPSS,3,2026-08-15 00:00,2026-08-15 09:00,390.6,PROTOTYPE_SYNTHETIC,PROTOTYPE_6H_SYNTHETIC
CAND0692,SOUTHWEST,UIWANG,GWANGYANG,UIWANG|BUGANG|DONGSAN|GWANGYANG,UIWANG|DONGSAN|GWANGYANG,SPSS,3,2026-08-15 06:00,2026-08-15 15:00,390.6,PROTOTYPE_SYNTHETIC,PROTOTYPE_6H_SYNTHETIC
CAND0693,SOUTHWEST,UIWANG,GWANGYANG,UIWANG|BUGANG|DONGSAN|GWANGYANG,UIWANG|DONGSAN|GWANGYANG,SPSS,3,2026-08-15 12:00,2026-08-15 21:00,390.6,PROTOTYPE_SYNTHETIC,PROTOTYPE_6H_SYNTHETIC
CAND0694,SOUTHWEST,UIWANG,GWANGYANG,UIWANG|BUGANG|DONGSAN|GWANGYANG,UIWANG|DONGSAN|GWANGYANG,SPSS,3,2026-08-15 18:00,2026-08-16 03:00,390.6,PROTOTYPE_SYNTHETIC,PROTOTYPE_6H_SYNTHETIC
CAND0695,SOUTHWEST,UIWANG,GWANGYANG,UIWANG|BUGANG|DONGSAN|GWANGYANG,UIWANG|DONGSAN|GWANGYANG,SPSS,3,2026-08-16 00:00,2026-08-16 09:00,390.6,PROTOTYPE_SYNTHETIC,PROTOTYPE_6H_SYNTHETIC
CAND0696,SOUTHWEST,UIWANG,GWANGYANG,UIWANG|BUGANG|DONGSAN|GWANGYANG,UIWANG|DONGSAN|GWANGYANG,SPSS,3,2026-08-16 06:00,2026-08-16 15:00,390.6,PROTOTYPE_SYNTHETIC,PROTOTYPE_6H_SYNTHETIC
CAND0697,SOUTHWEST,UIWANG,GWANGYANG,UIWANG|BUGANG|DONGSAN|GWANGYANG,UIWANG|BUGANG|DONGSAN|GWANGYANG,SSSS,4,2026-08-10 06:00,2026-08-10 18:00,390.6,PROTOTYPE_SYNTHETIC,PROTOTYPE_6H_SYNTHETIC
CAND0698,SOUTHWEST,UIWANG,GWANGYANG,UIWANG|BUGANG|DONGSAN|GWANGYANG,UIWANG|BUGANG|DONGSAN|GWANGYANG,SSSS,4,2026-08-10 12:00,2026-08-11 00:00,390.6,PROTOTYPE_SYNTHETIC,PROTOTYPE_6H_SYNTHETIC
CAND0699,SOUTHWEST,UIWANG,GWANGYANG,UIWANG|BUGANG|DONGSAN|GWANGYANG,UIWANG|BUGANG|DONGSAN|GWANGYANG,SSSS,4,2026-08-10 18:00,2026-08-11 06:00,390.6,PROTOTYPE_SYNTHETIC,PROTOTYPE_6H_SYNTHETIC
CAND0700,SOUTHWEST,UIWANG,GWANGYANG,UIWANG|BUGANG|DONGSAN|GWANGYANG,UIWANG|BUGANG|DONGSAN|GWANGYANG,SSSS,4,2026-08-11 00:00,2026-08-11 12:00,390.6,PROTOTYPE_SYNTHETIC,PROTOTYPE_6H_SYNTHETIC
CAND0701,SOUTHWEST,UIWANG,GWANGYANG,UIWANG|BUGANG|DONGSAN|GWANGYANG,UIWANG|BUGANG|DONGSAN|GWANGYANG,SSSS,4,2026-08-11 06:00,2026-08-11 18:00,390.6,PROTOTYPE_SYNTHETIC,PROTOTYPE_6H_SYNTHETIC
CAND0702,SOUTHWEST,UIWANG,GWANGYANG,UIWANG|BUGANG|DONGSAN|GWANGYANG,UIWANG|BUGANG|DONGSAN|GWANGYANG,SSSS,4,2026-08-11 12:00,2026-08-12 00:00,390.6,PROTOTYPE_SYNTHETIC,PROTOTYPE_6H_SYNTHETIC
CAND0703,SOUTHWEST,UIWANG,GWANGYANG,UIWANG|BUGANG|DONGSAN|GWANGYANG,UIWANG|BUGANG|DONGSAN|GWANGYANG,SSSS,4,2026-08-11 18:00,2026-08-12 06:00,390.6,PROTOTYPE_SYNTHETIC,PROTOTYPE_6H_SYNTHETIC
CAND0704,SOUTHWEST,UIWANG,GWANGYANG,UIWANG|BUGANG|DONGSAN|GWANGYANG,UIWANG|BUGANG|DONGSAN|GWANGYANG,SSSS,4,2026-08-12 00:00,2026-08-12 12:00,390.6,PROTOTYPE_SYNTHETIC,PROTOTYPE_6H_SYNTHETIC
CAND0705,SOUTHWEST,UIWANG,GWANGYANG,UIWANG|BUGANG|DONGSAN|GWANGYANG,UIWANG|BUGANG|DONGSAN|GWANGYANG,SSSS,4,2026-08-12 06:00,2026-08-12 18:00,390.6,PROTOTYPE_SYNTHETIC,PROTOTYPE_6H_SYNTHETIC
CAND0706,SOUTHWEST,UIWANG,GWANGYANG,UIWANG|BUGANG|DONGSAN|GWANGYANG,UIWANG|BUGANG|DONGSAN|GWANGYANG,SSSS,4,2026-08-12 12:00,2026-08-13 00:00,390.6,PROTOTYPE_SYNTHETIC,PROTOTYPE_6H_SYNTHETIC
CAND0707,SOUTHWEST,UIWANG,GWANGYANG,UIWANG|BUGANG|DONGSAN|GWANGYANG,UIWANG|BUGANG|DONGSAN|GWANGYANG,SSSS,4,2026-08-12 18:00,2026-08-13 06:00,390.6,PROTOTYPE_SYNTHETIC,PROTOTYPE_6H_SYNTHETIC
CAND0708,SOUTHWEST,UIWANG,GWANGYANG,UIWANG|BUGANG|DONGSAN|GWANGYANG,UIWANG|BUGANG|DONGSAN|GWANGYANG,SSSS,4,2026-08-13 00:00,2026-08-13 12:00,390.6,PROTOTYPE_SYNTHETIC,PROTOTYPE_6H_SYNTHETIC
CAND0709,SOUTHWEST,UIWANG,GWANGYANG,UIWANG|BUGANG|DONGSAN|GWANGYANG,UIWANG|BUGANG|DONGSAN|GWANGYANG,SSSS,4,2026-08-13 06:00,2026-08-13 18:00,390.6,PROTOTYPE_SYNTHETIC,PROTOTYPE_6H_SYNTHETIC
CAND0710,SOUTHWEST,UIWANG,GWANGYANG,UIWANG|BUGANG|DONGSAN|GWANGYANG,UIWANG|BUGANG|DONGSAN|GWANGYANG,SSSS,4,2026-08-13 12:00,2026-08-14 00:00,390.6,PROTOTYPE_SYNTHETIC,PROTOTYPE_6H_SYNTHETIC
CAND0711,SOUTHWEST,UIWANG,GWANGYANG,UIWANG|BUGANG|DONGSAN|GWANGYANG,UIWANG|BUGANG|DONGSAN|GWANGYANG,SSSS,4,2026-08-13 18:00,2026-08-14 06:00,390.6,PROTOTYPE_SYNTHETIC,PROTOTYPE_6H_SYNTHETIC
CAND0712,SOUTHWEST,UIWANG,GWANGYANG,UIWANG|BUGANG|DONGSAN|GWANGYANG,UIWANG|BUGANG|DONGSAN|GWANGYANG,SSSS,4,2026-08-14 00:00,2026-08-14 12:00,390.6,PROTOTYPE_SYNTHETIC,PROTOTYPE_6H_SYNTHETIC
CAND0713,SOUTHWEST,UIWANG,GWANGYANG,UIWANG|BUGANG|DONGSAN|GWANGYANG,UIWANG|BUGANG|DONGSAN|GWANGYANG,SSSS,4,2026-08-14 06:00,2026-08-14 18:00,390.6,PROTOTYPE_SYNTHETIC,PROTOTYPE_6H_SYNTHETIC
CAND0714,SOUTHWEST,UIWANG,GWANGYANG,UIWANG|BUGANG|DONGSAN|GWANGYANG,UIWANG|BUGANG|DONGSAN|GWANGYANG,SSSS,4,2026-08-14 12:00,2026-08-15 00:00,390.6,PROTOTYPE_SYNTHETIC,PROTOTYPE_6H_SYNTHETIC
CAND0715,SOUTHWEST,UIWANG,GWANGYANG,UIWANG|BUGANG|DONGSAN|GWANGYANG,UIWANG|BUGANG|DONGSAN|GWANGYANG,SSSS,4,2026-08-14 18:00,2026-08-15 06:00,390.6,PROTOTYPE_SYNTHETIC,PROTOTYPE_6H_SYNTHETIC
CAND0716,SOUTHWEST,UIWANG,GWANGYANG,UIWANG|BUGANG|DONGSAN|GWANGYANG,UIWANG|BUGANG|DONGSAN|GWANGYANG,SSSS,4,2026-08-15 00:00,2026-08-15 12:00,390.6,PROTOTYPE_SYNTHETIC,PROTOTYPE_6H_SYNTHETIC
CAND0717,SOUTHWEST,UIWANG,GWANGYANG,UIWANG|BUGANG|DONGSAN|GWANGYANG,UIWANG|BUGANG|DONGSAN|GWANGYANG,SSSS,4,2026-08-15 06:00,2026-08-15 18:00,390.6,PROTOTYPE_SYNTHETIC,PROTOTYPE_6H_SYNTHETIC
CAND0718,SOUTHWEST,UIWANG,GWANGYANG,UIWANG|BUGANG|DONGSAN|GWANGYANG,UIWANG|BUGANG|DONGSAN|GWANGYANG,SSSS,4,2026-08-15 12:00,2026-08-16 00:00,390.6,PROTOTYPE_SYNTHETIC,PROTOTYPE_6H_SYNTHETIC
CAND0719,SOUTHWEST,UIWANG,GWANGYANG,UIWANG|BUGANG|DONGSAN|GWANGYANG,UIWANG|BUGANG|DONGSAN|GWANGYANG,SSSS,4,2026-08-15 18:00,2026-08-16 06:00,390.6,PROTOTYPE_SYNTHETIC,PROTOTYPE_6H_SYNTHETIC
CAND0720,SOUTHWEST,UIWANG,GWANGYANG,UIWANG|BUGANG|DONGSAN|GWANGYANG,UIWANG|BUGANG|DONGSAN|GWANGYANG,SSSS,4,2026-08-16 00:00,2026-08-16 12:00,390.6,PROTOTYPE_SYNTHETIC,PROTOTYPE_6H_SYNTHETIC
CAND0721,SOUTHWEST,UIWANG,GWANGYANG,UIWANG|BUGANG|DONGSAN|GWANGYANG,UIWANG|BUGANG|DONGSAN|GWANGYANG,SSSS,4,2026-08-16 06:00,2026-08-16 18:00,390.6,PROTOTYPE_SYNTHETIC,PROTOTYPE_6H_SYNTHETIC
CAND0722,SOUTHWEST,BUGANG,DONGSAN,BUGANG|DONGSAN,BUGANG|DONGSAN,SS,2,2026-08-10 06:00,2026-08-10 08:00,130.2,PROTOTYPE_SYNTHETIC,PROTOTYPE_6H_SYNTHETIC
CAND0723,SOUTHWEST,BUGANG,DONGSAN,BUGANG|DONGSAN,BUGANG|DONGSAN,SS,2,2026-08-10 12:00,2026-08-10 14:00,130.2,PROTOTYPE_SYNTHETIC,PROTOTYPE_6H_SYNTHETIC
CAND0724,SOUTHWEST,BUGANG,DONGSAN,BUGANG|DONGSAN,BUGANG|DONGSAN,SS,2,2026-08-10 18:00,2026-08-10 20:00,130.2,PROTOTYPE_SYNTHETIC,PROTOTYPE_6H_SYNTHETIC
CAND0725,SOUTHWEST,BUGANG,DONGSAN,BUGANG|DONGSAN,BUGANG|DONGSAN,SS,2,2026-08-11 00:00,2026-08-11 02:00,130.2,PROTOTYPE_SYNTHETIC,PROTOTYPE_6H_SYNTHETIC
CAND0726,SOUTHWEST,BUGANG,DONGSAN,BUGANG|DONGSAN,BUGANG|DONGSAN,SS,2,2026-08-11 06:00,2026-08-11 08:00,130.2,PROTOTYPE_SYNTHETIC,PROTOTYPE_6H_SYNTHETIC
CAND0727,SOUTHWEST,BUGANG,DONGSAN,BUGANG|DONGSAN,BUGANG|DONGSAN,SS,2,2026-08-11 12:00,2026-08-11 14:00,130.2,PROTOTYPE_SYNTHETIC,PROTOTYPE_6H_SYNTHETIC
CAND0728,SOUTHWEST,BUGANG,DONGSAN,BUGANG|DONGSAN,BUGANG|DONGSAN,SS,2,2026-08-11 18:00,2026-08-11 20:00,130.2,PROTOTYPE_SYNTHETIC,PROTOTYPE_6H_SYNTHETIC
CAND0729,SOUTHWEST,BUGANG,DONGSAN,BUGANG|DONGSAN,BUGANG|DONGSAN,SS,2,2026-08-12 00:00,2026-08-12 02:00,130.2,PROTOTYPE_SYNTHETIC,PROTOTYPE_6H_SYNTHETIC
CAND0730,SOUTHWEST,BUGANG,DONGSAN,BUGANG|DONGSAN,BUGANG|DONGSAN,SS,2,2026-08-12 06:00,2026-08-12 08:00,130.2,PROTOTYPE_SYNTHETIC,PROTOTYPE_6H_SYNTHETIC
CAND0731,SOUTHWEST,BUGANG,DONGSAN,BUGANG|DONGSAN,BUGANG|DONGSAN,SS,2,2026-08-12 12:00,2026-08-12 14:00,130.2,PROTOTYPE_SYNTHETIC,PROTOTYPE_6H_SYNTHETIC
CAND0732,SOUTHWEST,BUGANG,DONGSAN,BUGANG|DONGSAN,BUGANG|DONGSAN,SS,2,2026-08-12 18:00,2026-08-12 20:00,130.2,PROTOTYPE_SYNTHETIC,PROTOTYPE_6H_SYNTHETIC
CAND0733,SOUTHWEST,BUGANG,DONGSAN,BUGANG|DONGSAN,BUGANG|DONGSAN,SS,2,2026-08-13 00:00,2026-08-13 02:00,130.2,PROTOTYPE_SYNTHETIC,PROTOTYPE_6H_SYNTHETIC
CAND0734,SOUTHWEST,BUGANG,DONGSAN,BUGANG|DONGSAN,BUGANG|DONGSAN,SS,2,2026-08-13 06:00,2026-08-13 08:00,130.2,PROTOTYPE_SYNTHETIC,PROTOTYPE_6H_SYNTHETIC
CAND0735,SOUTHWEST,BUGANG,DONGSAN,BUGANG|DONGSAN,BUGANG|DONGSAN,SS,2,2026-08-13 12:00,2026-08-13 14:00,130.2,PROTOTYPE_SYNTHETIC,PROTOTYPE_6H_SYNTHETIC
CAND0736,SOUTHWEST,BUGANG,DONGSAN,BUGANG|DONGSAN,BUGANG|DONGSAN,SS,2,2026-08-13 18:00,2026-08-13 20:00,130.2,PROTOTYPE_SYNTHETIC,PROTOTYPE_6H_SYNTHETIC
CAND0737,SOUTHWEST,BUGANG,DONGSAN,BUGANG|DONGSAN,BUGANG|DONGSAN,SS,2,2026-08-14 00:00,2026-08-14 02:00,130.2,PROTOTYPE_SYNTHETIC,PROTOTYPE_6H_SYNTHETIC
CAND0738,SOUTHWEST,BUGANG,DONGSAN,BUGANG|DONGSAN,BUGANG|DONGSAN,SS,2,2026-08-14 06:00,2026-08-14 08:00,130.2,PROTOTYPE_SYNTHETIC,PROTOTYPE_6H_SYNTHETIC
CAND0739,SOUTHWEST,BUGANG,DONGSAN,BUGANG|DONGSAN,BUGANG|DONGSAN,SS,2,2026-08-14 12:00,2026-08-14 14:00,130.2,PROTOTYPE_SYNTHETIC,PROTOTYPE_6H_SYNTHETIC
CAND0740,SOUTHWEST,BUGANG,DONGSAN,BUGANG|DONGSAN,BUGANG|DONGSAN,SS,2,2026-08-14 18:00,2026-08-14 20:00,130.2,PROTOTYPE_SYNTHETIC,PROTOTYPE_6H_SYNTHETIC
CAND0741,SOUTHWEST,BUGANG,DONGSAN,BUGANG|DONGSAN,BUGANG|DONGSAN,SS,2,2026-08-15 00:00,2026-08-15 02:00,130.2,PROTOTYPE_SYNTHETIC,PROTOTYPE_6H_SYNTHETIC
CAND0742,SOUTHWEST,BUGANG,DONGSAN,BUGANG|DONGSAN,BUGANG|DONGSAN,SS,2,2026-08-15 06:00,2026-08-15 08:00,130.2,PROTOTYPE_SYNTHETIC,PROTOTYPE_6H_SYNTHETIC
CAND0743,SOUTHWEST,BUGANG,DONGSAN,BUGANG|DONGSAN,BUGANG|DONGSAN,SS,2,2026-08-15 12:00,2026-08-15 14:00,130.2,PROTOTYPE_SYNTHETIC,PROTOTYPE_6H_SYNTHETIC
CAND0744,SOUTHWEST,BUGANG,DONGSAN,BUGANG|DONGSAN,BUGANG|DONGSAN,SS,2,2026-08-15 18:00,2026-08-15 20:00,130.2,PROTOTYPE_SYNTHETIC,PROTOTYPE_6H_SYNTHETIC
CAND0745,SOUTHWEST,BUGANG,DONGSAN,BUGANG|DONGSAN,BUGANG|DONGSAN,SS,2,2026-08-16 00:00,2026-08-16 02:00,130.2,PROTOTYPE_SYNTHETIC,PROTOTYPE_6H_SYNTHETIC
CAND0746,SOUTHWEST,BUGANG,DONGSAN,BUGANG|DONGSAN,BUGANG|DONGSAN,SS,2,2026-08-16 06:00,2026-08-16 08:00,130.2,PROTOTYPE_SYNTHETIC,PROTOTYPE_6H_SYNTHETIC
CAND0747,SOUTHWEST,BUGANG,DONGSAN,BUGANG|DONGSAN,BUGANG|DONGSAN,SS,2,2026-08-16 12:00,2026-08-16 14:00,130.2,PROTOTYPE_SYNTHETIC,PROTOTYPE_6H_SYNTHETIC
CAND0748,SOUTHWEST,BUGANG,DONGSAN,BUGANG|DONGSAN,BUGANG|DONGSAN,SS,2,2026-08-16 18:00,2026-08-16 20:00,130.2,PROTOTYPE_SYNTHETIC,PROTOTYPE_6H_SYNTHETIC
CAND0749,SOUTHWEST,BUGANG,GWANGYANG,BUGANG|DONGSAN|GWANGYANG,BUGANG|GWANGYANG,SPS,2,2026-08-10 06:00,2026-08-10 11:00,278.8,PROTOTYPE_SYNTHETIC,PROTOTYPE_6H_SYNTHETIC
CAND0750,SOUTHWEST,BUGANG,GWANGYANG,BUGANG|DONGSAN|GWANGYANG,BUGANG|GWANGYANG,SPS,2,2026-08-10 12:00,2026-08-10 17:00,278.8,PROTOTYPE_SYNTHETIC,PROTOTYPE_6H_SYNTHETIC
CAND0751,SOUTHWEST,BUGANG,GWANGYANG,BUGANG|DONGSAN|GWANGYANG,BUGANG|GWANGYANG,SPS,2,2026-08-10 18:00,2026-08-10 23:00,278.8,PROTOTYPE_SYNTHETIC,PROTOTYPE_6H_SYNTHETIC
CAND0752,SOUTHWEST,BUGANG,GWANGYANG,BUGANG|DONGSAN|GWANGYANG,BUGANG|GWANGYANG,SPS,2,2026-08-11 00:00,2026-08-11 05:00,278.8,PROTOTYPE_SYNTHETIC,PROTOTYPE_6H_SYNTHETIC
CAND0753,SOUTHWEST,BUGANG,GWANGYANG,BUGANG|DONGSAN|GWANGYANG,BUGANG|GWANGYANG,SPS,2,2026-08-11 06:00,2026-08-11 11:00,278.8,PROTOTYPE_SYNTHETIC,PROTOTYPE_6H_SYNTHETIC
CAND0754,SOUTHWEST,BUGANG,GWANGYANG,BUGANG|DONGSAN|GWANGYANG,BUGANG|GWANGYANG,SPS,2,2026-08-11 12:00,2026-08-11 17:00,278.8,PROTOTYPE_SYNTHETIC,PROTOTYPE_6H_SYNTHETIC
CAND0755,SOUTHWEST,BUGANG,GWANGYANG,BUGANG|DONGSAN|GWANGYANG,BUGANG|GWANGYANG,SPS,2,2026-08-11 18:00,2026-08-11 23:00,278.8,PROTOTYPE_SYNTHETIC,PROTOTYPE_6H_SYNTHETIC
CAND0756,SOUTHWEST,BUGANG,GWANGYANG,BUGANG|DONGSAN|GWANGYANG,BUGANG|GWANGYANG,SPS,2,2026-08-12 00:00,2026-08-12 05:00,278.8,PROTOTYPE_SYNTHETIC,PROTOTYPE_6H_SYNTHETIC
CAND0757,SOUTHWEST,BUGANG,GWANGYANG,BUGANG|DONGSAN|GWANGYANG,BUGANG|GWANGYANG,SPS,2,2026-08-12 06:00,2026-08-12 11:00,278.8,PROTOTYPE_SYNTHETIC,PROTOTYPE_6H_SYNTHETIC
CAND0758,SOUTHWEST,BUGANG,GWANGYANG,BUGANG|DONGSAN|GWANGYANG,BUGANG|GWANGYANG,SPS,2,2026-08-12 12:00,2026-08-12 17:00,278.8,PROTOTYPE_SYNTHETIC,PROTOTYPE_6H_SYNTHETIC
CAND0759,SOUTHWEST,BUGANG,GWANGYANG,BUGANG|DONGSAN|GWANGYANG,BUGANG|GWANGYANG,SPS,2,2026-08-12 18:00,2026-08-12 23:00,278.8,PROTOTYPE_SYNTHETIC,PROTOTYPE_6H_SYNTHETIC
CAND0760,SOUTHWEST,BUGANG,GWANGYANG,BUGANG|DONGSAN|GWANGYANG,BUGANG|GWANGYANG,SPS,2,2026-08-13 00:00,2026-08-13 05:00,278.8,PROTOTYPE_SYNTHETIC,PROTOTYPE_6H_SYNTHETIC
CAND0761,SOUTHWEST,BUGANG,GWANGYANG,BUGANG|DONGSAN|GWANGYANG,BUGANG|GWANGYANG,SPS,2,2026-08-13 06:00,2026-08-13 11:00,278.8,PROTOTYPE_SYNTHETIC,PROTOTYPE_6H_SYNTHETIC
CAND0762,SOUTHWEST,BUGANG,GWANGYANG,BUGANG|DONGSAN|GWANGYANG,BUGANG|GWANGYANG,SPS,2,2026-08-13 12:00,2026-08-13 17:00,278.8,PROTOTYPE_SYNTHETIC,PROTOTYPE_6H_SYNTHETIC
CAND0763,SOUTHWEST,BUGANG,GWANGYANG,BUGANG|DONGSAN|GWANGYANG,BUGANG|GWANGYANG,SPS,2,2026-08-13 18:00,2026-08-13 23:00,278.8,PROTOTYPE_SYNTHETIC,PROTOTYPE_6H_SYNTHETIC
CAND0764,SOUTHWEST,BUGANG,GWANGYANG,BUGANG|DONGSAN|GWANGYANG,BUGANG|GWANGYANG,SPS,2,2026-08-14 00:00,2026-08-14 05:00,278.8,PROTOTYPE_SYNTHETIC,PROTOTYPE_6H_SYNTHETIC
CAND0765,SOUTHWEST,BUGANG,GWANGYANG,BUGANG|DONGSAN|GWANGYANG,BUGANG|GWANGYANG,SPS,2,2026-08-14 06:00,2026-08-14 11:00,278.8,PROTOTYPE_SYNTHETIC,PROTOTYPE_6H_SYNTHETIC
CAND0766,SOUTHWEST,BUGANG,GWANGYANG,BUGANG|DONGSAN|GWANGYANG,BUGANG|GWANGYANG,SPS,2,2026-08-14 12:00,2026-08-14 17:00,278.8,PROTOTYPE_SYNTHETIC,PROTOTYPE_6H_SYNTHETIC
CAND0767,SOUTHWEST,BUGANG,GWANGYANG,BUGANG|DONGSAN|GWANGYANG,BUGANG|GWANGYANG,SPS,2,2026-08-14 18:00,2026-08-14 23:00,278.8,PROTOTYPE_SYNTHETIC,PROTOTYPE_6H_SYNTHETIC
CAND0768,SOUTHWEST,BUGANG,GWANGYANG,BUGANG|DONGSAN|GWANGYANG,BUGANG|GWANGYANG,SPS,2,2026-08-15 00:00,2026-08-15 05:00,278.8,PROTOTYPE_SYNTHETIC,PROTOTYPE_6H_SYNTHETIC
CAND0769,SOUTHWEST,BUGANG,GWANGYANG,BUGANG|DONGSAN|GWANGYANG,BUGANG|GWANGYANG,SPS,2,2026-08-15 06:00,2026-08-15 11:00,278.8,PROTOTYPE_SYNTHETIC,PROTOTYPE_6H_SYNTHETIC
CAND0770,SOUTHWEST,BUGANG,GWANGYANG,BUGANG|DONGSAN|GWANGYANG,BUGANG|GWANGYANG,SPS,2,2026-08-15 12:00,2026-08-15 17:00,278.8,PROTOTYPE_SYNTHETIC,PROTOTYPE_6H_SYNTHETIC
CAND0771,SOUTHWEST,BUGANG,GWANGYANG,BUGANG|DONGSAN|GWANGYANG,BUGANG|GWANGYANG,SPS,2,2026-08-15 18:00,2026-08-15 23:00,278.8,PROTOTYPE_SYNTHETIC,PROTOTYPE_6H_SYNTHETIC
CAND0772,SOUTHWEST,BUGANG,GWANGYANG,BUGANG|DONGSAN|GWANGYANG,BUGANG|GWANGYANG,SPS,2,2026-08-16 00:00,2026-08-16 05:00,278.8,PROTOTYPE_SYNTHETIC,PROTOTYPE_6H_SYNTHETIC
CAND0773,SOUTHWEST,BUGANG,GWANGYANG,BUGANG|DONGSAN|GWANGYANG,BUGANG|GWANGYANG,SPS,2,2026-08-16 06:00,2026-08-16 11:00,278.8,PROTOTYPE_SYNTHETIC,PROTOTYPE_6H_SYNTHETIC
CAND0774,SOUTHWEST,BUGANG,GWANGYANG,BUGANG|DONGSAN|GWANGYANG,BUGANG|GWANGYANG,SPS,2,2026-08-16 12:00,2026-08-16 17:00,278.8,PROTOTYPE_SYNTHETIC,PROTOTYPE_6H_SYNTHETIC
CAND0775,SOUTHWEST,BUGANG,GWANGYANG,BUGANG|DONGSAN|GWANGYANG,BUGANG|DONGSAN|GWANGYANG,SSS,3,2026-08-10 06:00,2026-08-10 14:00,278.8,PROTOTYPE_SYNTHETIC,PROTOTYPE_6H_SYNTHETIC
CAND0776,SOUTHWEST,BUGANG,GWANGYANG,BUGANG|DONGSAN|GWANGYANG,BUGANG|DONGSAN|GWANGYANG,SSS,3,2026-08-10 12:00,2026-08-10 20:00,278.8,PROTOTYPE_SYNTHETIC,PROTOTYPE_6H_SYNTHETIC
CAND0777,SOUTHWEST,BUGANG,GWANGYANG,BUGANG|DONGSAN|GWANGYANG,BUGANG|DONGSAN|GWANGYANG,SSS,3,2026-08-10 18:00,2026-08-11 02:00,278.8,PROTOTYPE_SYNTHETIC,PROTOTYPE_6H_SYNTHETIC
CAND0778,SOUTHWEST,BUGANG,GWANGYANG,BUGANG|DONGSAN|GWANGYANG,BUGANG|DONGSAN|GWANGYANG,SSS,3,2026-08-11 00:00,2026-08-11 08:00,278.8,PROTOTYPE_SYNTHETIC,PROTOTYPE_6H_SYNTHETIC
CAND0779,SOUTHWEST,BUGANG,GWANGYANG,BUGANG|DONGSAN|GWANGYANG,BUGANG|DONGSAN|GWANGYANG,SSS,3,2026-08-11 06:00,2026-08-11 14:00,278.8,PROTOTYPE_SYNTHETIC,PROTOTYPE_6H_SYNTHETIC
CAND0780,SOUTHWEST,BUGANG,GWANGYANG,BUGANG|DONGSAN|GWANGYANG,BUGANG|DONGSAN|GWANGYANG,SSS,3,2026-08-11 12:00,2026-08-11 20:00,278.8,PROTOTYPE_SYNTHETIC,PROTOTYPE_6H_SYNTHETIC
CAND0781,SOUTHWEST,BUGANG,GWANGYANG,BUGANG|DONGSAN|GWANGYANG,BUGANG|DONGSAN|GWANGYANG,SSS,3,2026-08-11 18:00,2026-08-12 02:00,278.8,PROTOTYPE_SYNTHETIC,PROTOTYPE_6H_SYNTHETIC
CAND0782,SOUTHWEST,BUGANG,GWANGYANG,BUGANG|DONGSAN|GWANGYANG,BUGANG|DONGSAN|GWANGYANG,SSS,3,2026-08-12 00:00,2026-08-12 08:00,278.8,PROTOTYPE_SYNTHETIC,PROTOTYPE_6H_SYNTHETIC
CAND0783,SOUTHWEST,BUGANG,GWANGYANG,BUGANG|DONGSAN|GWANGYANG,BUGANG|DONGSAN|GWANGYANG,SSS,3,2026-08-12 06:00,2026-08-12 14:00,278.8,PROTOTYPE_SYNTHETIC,PROTOTYPE_6H_SYNTHETIC
CAND0784,SOUTHWEST,BUGANG,GWANGYANG,BUGANG|DONGSAN|GWANGYANG,BUGANG|DONGSAN|GWANGYANG,SSS,3,2026-08-12 12:00,2026-08-12 20:00,278.8,PROTOTYPE_SYNTHETIC,PROTOTYPE_6H_SYNTHETIC
CAND0785,SOUTHWEST,BUGANG,GWANGYANG,BUGANG|DONGSAN|GWANGYANG,BUGANG|DONGSAN|GWANGYANG,SSS,3,2026-08-12 18:00,2026-08-13 02:00,278.8,PROTOTYPE_SYNTHETIC,PROTOTYPE_6H_SYNTHETIC
CAND0786,SOUTHWEST,BUGANG,GWANGYANG,BUGANG|DONGSAN|GWANGYANG,BUGANG|DONGSAN|GWANGYANG,SSS,3,2026-08-13 00:00,2026-08-13 08:00,278.8,PROTOTYPE_SYNTHETIC,PROTOTYPE_6H_SYNTHETIC
CAND0787,SOUTHWEST,BUGANG,GWANGYANG,BUGANG|DONGSAN|GWANGYANG,BUGANG|DONGSAN|GWANGYANG,SSS,3,2026-08-13 06:00,2026-08-13 14:00,278.8,PROTOTYPE_SYNTHETIC,PROTOTYPE_6H_SYNTHETIC
CAND0788,SOUTHWEST,BUGANG,GWANGYANG,BUGANG|DONGSAN|GWANGYANG,BUGANG|DONGSAN|GWANGYANG,SSS,3,2026-08-13 12:00,2026-08-13 20:00,278.8,PROTOTYPE_SYNTHETIC,PROTOTYPE_6H_SYNTHETIC
CAND0789,SOUTHWEST,BUGANG,GWANGYANG,BUGANG|DONGSAN|GWANGYANG,BUGANG|DONGSAN|GWANGYANG,SSS,3,2026-08-13 18:00,2026-08-14 02:00,278.8,PROTOTYPE_SYNTHETIC,PROTOTYPE_6H_SYNTHETIC
CAND0790,SOUTHWEST,BUGANG,GWANGYANG,BUGANG|DONGSAN|GWANGYANG,BUGANG|DONGSAN|GWANGYANG,SSS,3,2026-08-14 00:00,2026-08-14 08:00,278.8,PROTOTYPE_SYNTHETIC,PROTOTYPE_6H_SYNTHETIC
CAND0791,SOUTHWEST,BUGANG,GWANGYANG,BUGANG|DONGSAN|GWANGYANG,BUGANG|DONGSAN|GWANGYANG,SSS,3,2026-08-14 06:00,2026-08-14 14:00,278.8,PROTOTYPE_SYNTHETIC,PROTOTYPE_6H_SYNTHETIC
CAND0792,SOUTHWEST,BUGANG,GWANGYANG,BUGANG|DONGSAN|GWANGYANG,BUGANG|DONGSAN|GWANGYANG,SSS,3,2026-08-14 12:00,2026-08-14 20:00,278.8,PROTOTYPE_SYNTHETIC,PROTOTYPE_6H_SYNTHETIC
CAND0793,SOUTHWEST,BUGANG,GWANGYANG,BUGANG|DONGSAN|GWANGYANG,BUGANG|DONGSAN|GWANGYANG,SSS,3,2026-08-14 18:00,2026-08-15 02:00,278.8,PROTOTYPE_SYNTHETIC,PROTOTYPE_6H_SYNTHETIC
CAND0794,SOUTHWEST,BUGANG,GWANGYANG,BUGANG|DONGSAN|GWANGYANG,BUGANG|DONGSAN|GWANGYANG,SSS,3,2026-08-15 00:00,2026-08-15 08:00,278.8,PROTOTYPE_SYNTHETIC,PROTOTYPE_6H_SYNTHETIC
CAND0795,SOUTHWEST,BUGANG,GWANGYANG,BUGANG|DONGSAN|GWANGYANG,BUGANG|DONGSAN|GWANGYANG,SSS,3,2026-08-15 06:00,2026-08-15 14:00,278.8,PROTOTYPE_SYNTHETIC,PROTOTYPE_6H_SYNTHETIC
CAND0796,SOUTHWEST,BUGANG,GWANGYANG,BUGANG|DONGSAN|GWANGYANG,BUGANG|DONGSAN|GWANGYANG,SSS,3,2026-08-15 12:00,2026-08-15 20:00,278.8,PROTOTYPE_SYNTHETIC,PROTOTYPE_6H_SYNTHETIC
CAND0797,SOUTHWEST,BUGANG,GWANGYANG,BUGANG|DONGSAN|GWANGYANG,BUGANG|DONGSAN|GWANGYANG,SSS,3,2026-08-15 18:00,2026-08-16 02:00,278.8,PROTOTYPE_SYNTHETIC,PROTOTYPE_6H_SYNTHETIC
CAND0798,SOUTHWEST,BUGANG,GWANGYANG,BUGANG|DONGSAN|GWANGYANG,BUGANG|DONGSAN|GWANGYANG,SSS,3,2026-08-16 00:00,2026-08-16 08:00,278.8,PROTOTYPE_SYNTHETIC,PROTOTYPE_6H_SYNTHETIC
CAND0799,SOUTHWEST,BUGANG,GWANGYANG,BUGANG|DONGSAN|GWANGYANG,BUGANG|DONGSAN|GWANGYANG,SSS,3,2026-08-16 06:00,2026-08-16 14:00,278.8,PROTOTYPE_SYNTHETIC,PROTOTYPE_6H_SYNTHETIC
CAND0800,SOUTHWEST,BUGANG,GWANGYANG,BUGANG|DONGSAN|GWANGYANG,BUGANG|DONGSAN|GWANGYANG,SSS,3,2026-08-16 12:00,2026-08-16 20:00,278.8,PROTOTYPE_SYNTHETIC,PROTOTYPE_6H_SYNTHETIC
CAND0801,SOUTHWEST,DONGSAN,GWANGYANG,DONGSAN|GWANGYANG,DONGSAN|GWANGYANG,SS,2,2026-08-10 06:00,2026-08-10 09:00,148.6,PROTOTYPE_SYNTHETIC,PROTOTYPE_6H_SYNTHETIC
CAND0802,SOUTHWEST,DONGSAN,GWANGYANG,DONGSAN|GWANGYANG,DONGSAN|GWANGYANG,SS,2,2026-08-10 12:00,2026-08-10 15:00,148.6,PROTOTYPE_SYNTHETIC,PROTOTYPE_6H_SYNTHETIC
CAND0803,SOUTHWEST,DONGSAN,GWANGYANG,DONGSAN|GWANGYANG,DONGSAN|GWANGYANG,SS,2,2026-08-10 18:00,2026-08-10 21:00,148.6,PROTOTYPE_SYNTHETIC,PROTOTYPE_6H_SYNTHETIC
CAND0804,SOUTHWEST,DONGSAN,GWANGYANG,DONGSAN|GWANGYANG,DONGSAN|GWANGYANG,SS,2,2026-08-11 00:00,2026-08-11 03:00,148.6,PROTOTYPE_SYNTHETIC,PROTOTYPE_6H_SYNTHETIC
CAND0805,SOUTHWEST,DONGSAN,GWANGYANG,DONGSAN|GWANGYANG,DONGSAN|GWANGYANG,SS,2,2026-08-11 06:00,2026-08-11 09:00,148.6,PROTOTYPE_SYNTHETIC,PROTOTYPE_6H_SYNTHETIC
CAND0806,SOUTHWEST,DONGSAN,GWANGYANG,DONGSAN|GWANGYANG,DONGSAN|GWANGYANG,SS,2,2026-08-11 12:00,2026-08-11 15:00,148.6,PROTOTYPE_SYNTHETIC,PROTOTYPE_6H_SYNTHETIC
CAND0807,SOUTHWEST,DONGSAN,GWANGYANG,DONGSAN|GWANGYANG,DONGSAN|GWANGYANG,SS,2,2026-08-11 18:00,2026-08-11 21:00,148.6,PROTOTYPE_SYNTHETIC,PROTOTYPE_6H_SYNTHETIC
CAND0808,SOUTHWEST,DONGSAN,GWANGYANG,DONGSAN|GWANGYANG,DONGSAN|GWANGYANG,SS,2,2026-08-12 00:00,2026-08-12 03:00,148.6,PROTOTYPE_SYNTHETIC,PROTOTYPE_6H_SYNTHETIC
CAND0809,SOUTHWEST,DONGSAN,GWANGYANG,DONGSAN|GWANGYANG,DONGSAN|GWANGYANG,SS,2,2026-08-12 06:00,2026-08-12 09:00,148.6,PROTOTYPE_SYNTHETIC,PROTOTYPE_6H_SYNTHETIC
CAND0810,SOUTHWEST,DONGSAN,GWANGYANG,DONGSAN|GWANGYANG,DONGSAN|GWANGYANG,SS,2,2026-08-12 12:00,2026-08-12 15:00,148.6,PROTOTYPE_SYNTHETIC,PROTOTYPE_6H_SYNTHETIC
CAND0811,SOUTHWEST,DONGSAN,GWANGYANG,DONGSAN|GWANGYANG,DONGSAN|GWANGYANG,SS,2,2026-08-12 18:00,2026-08-12 21:00,148.6,PROTOTYPE_SYNTHETIC,PROTOTYPE_6H_SYNTHETIC
CAND0812,SOUTHWEST,DONGSAN,GWANGYANG,DONGSAN|GWANGYANG,DONGSAN|GWANGYANG,SS,2,2026-08-13 00:00,2026-08-13 03:00,148.6,PROTOTYPE_SYNTHETIC,PROTOTYPE_6H_SYNTHETIC
CAND0813,SOUTHWEST,DONGSAN,GWANGYANG,DONGSAN|GWANGYANG,DONGSAN|GWANGYANG,SS,2,2026-08-13 06:00,2026-08-13 09:00,148.6,PROTOTYPE_SYNTHETIC,PROTOTYPE_6H_SYNTHETIC
CAND0814,SOUTHWEST,DONGSAN,GWANGYANG,DONGSAN|GWANGYANG,DONGSAN|GWANGYANG,SS,2,2026-08-13 12:00,2026-08-13 15:00,148.6,PROTOTYPE_SYNTHETIC,PROTOTYPE_6H_SYNTHETIC
CAND0815,SOUTHWEST,DONGSAN,GWANGYANG,DONGSAN|GWANGYANG,DONGSAN|GWANGYANG,SS,2,2026-08-13 18:00,2026-08-13 21:00,148.6,PROTOTYPE_SYNTHETIC,PROTOTYPE_6H_SYNTHETIC
CAND0816,SOUTHWEST,DONGSAN,GWANGYANG,DONGSAN|GWANGYANG,DONGSAN|GWANGYANG,SS,2,2026-08-14 00:00,2026-08-14 03:00,148.6,PROTOTYPE_SYNTHETIC,PROTOTYPE_6H_SYNTHETIC
CAND0817,SOUTHWEST,DONGSAN,GWANGYANG,DONGSAN|GWANGYANG,DONGSAN|GWANGYANG,SS,2,2026-08-14 06:00,2026-08-14 09:00,148.6,PROTOTYPE_SYNTHETIC,PROTOTYPE_6H_SYNTHETIC
CAND0818,SOUTHWEST,DONGSAN,GWANGYANG,DONGSAN|GWANGYANG,DONGSAN|GWANGYANG,SS,2,2026-08-14 12:00,2026-08-14 15:00,148.6,PROTOTYPE_SYNTHETIC,PROTOTYPE_6H_SYNTHETIC
CAND0819,SOUTHWEST,DONGSAN,GWANGYANG,DONGSAN|GWANGYANG,DONGSAN|GWANGYANG,SS,2,2026-08-14 18:00,2026-08-14 21:00,148.6,PROTOTYPE_SYNTHETIC,PROTOTYPE_6H_SYNTHETIC
CAND0820,SOUTHWEST,DONGSAN,GWANGYANG,DONGSAN|GWANGYANG,DONGSAN|GWANGYANG,SS,2,2026-08-15 00:00,2026-08-15 03:00,148.6,PROTOTYPE_SYNTHETIC,PROTOTYPE_6H_SYNTHETIC
CAND0821,SOUTHWEST,DONGSAN,GWANGYANG,DONGSAN|GWANGYANG,DONGSAN|GWANGYANG,SS,2,2026-08-15 06:00,2026-08-15 09:00,148.6,PROTOTYPE_SYNTHETIC,PROTOTYPE_6H_SYNTHETIC
CAND0822,SOUTHWEST,DONGSAN,GWANGYANG,DONGSAN|GWANGYANG,DONGSAN|GWANGYANG,SS,2,2026-08-15 12:00,2026-08-15 15:00,148.6,PROTOTYPE_SYNTHETIC,PROTOTYPE_6H_SYNTHETIC
CAND0823,SOUTHWEST,DONGSAN,GWANGYANG,DONGSAN|GWANGYANG,DONGSAN|GWANGYANG,SS,2,2026-08-15 18:00,2026-08-15 21:00,148.6,PROTOTYPE_SYNTHETIC,PROTOTYPE_6H_SYNTHETIC
CAND0824,SOUTHWEST,DONGSAN,GWANGYANG,DONGSAN|GWANGYANG,DONGSAN|GWANGYANG,SS,2,2026-08-16 00:00,2026-08-16 03:00,148.6,PROTOTYPE_SYNTHETIC,PROTOTYPE_6H_SYNTHETIC
CAND0825,SOUTHWEST,DONGSAN,GWANGYANG,DONGSAN|GWANGYANG,DONGSAN|GWANGYANG,SS,2,2026-08-16 06:00,2026-08-16 09:00,148.6,PROTOTYPE_SYNTHETIC,PROTOTYPE_6H_SYNTHETIC
CAND0826,SOUTHWEST,DONGSAN,GWANGYANG,DONGSAN|GWANGYANG,DONGSAN|GWANGYANG,SS,2,2026-08-16 12:00,2026-08-16 15:00,148.6,PROTOTYPE_SYNTHETIC,PROTOTYPE_6H_SYNTHETIC
CAND0827,SOUTHWEST,GWANGYANG,DONGSAN,GWANGYANG|DONGSAN,GWANGYANG|DONGSAN,SS,2,2026-08-10 06:00,2026-08-10 09:00,148.6,PROTOTYPE_SYNTHETIC,PROTOTYPE_6H_SYNTHETIC
CAND0828,SOUTHWEST,GWANGYANG,DONGSAN,GWANGYANG|DONGSAN,GWANGYANG|DONGSAN,SS,2,2026-08-10 12:00,2026-08-10 15:00,148.6,PROTOTYPE_SYNTHETIC,PROTOTYPE_6H_SYNTHETIC
CAND0829,SOUTHWEST,GWANGYANG,DONGSAN,GWANGYANG|DONGSAN,GWANGYANG|DONGSAN,SS,2,2026-08-10 18:00,2026-08-10 21:00,148.6,PROTOTYPE_SYNTHETIC,PROTOTYPE_6H_SYNTHETIC
CAND0830,SOUTHWEST,GWANGYANG,DONGSAN,GWANGYANG|DONGSAN,GWANGYANG|DONGSAN,SS,2,2026-08-11 00:00,2026-08-11 03:00,148.6,PROTOTYPE_SYNTHETIC,PROTOTYPE_6H_SYNTHETIC
CAND0831,SOUTHWEST,GWANGYANG,DONGSAN,GWANGYANG|DONGSAN,GWANGYANG|DONGSAN,SS,2,2026-08-11 06:00,2026-08-11 09:00,148.6,PROTOTYPE_SYNTHETIC,PROTOTYPE_6H_SYNTHETIC
CAND0832,SOUTHWEST,GWANGYANG,DONGSAN,GWANGYANG|DONGSAN,GWANGYANG|DONGSAN,SS,2,2026-08-11 12:00,2026-08-11 15:00,148.6,PROTOTYPE_SYNTHETIC,PROTOTYPE_6H_SYNTHETIC
CAND0833,SOUTHWEST,GWANGYANG,DONGSAN,GWANGYANG|DONGSAN,GWANGYANG|DONGSAN,SS,2,2026-08-11 18:00,2026-08-11 21:00,148.6,PROTOTYPE_SYNTHETIC,PROTOTYPE_6H_SYNTHETIC
CAND0834,SOUTHWEST,GWANGYANG,DONGSAN,GWANGYANG|DONGSAN,GWANGYANG|DONGSAN,SS,2,2026-08-12 00:00,2026-08-12 03:00,148.6,PROTOTYPE_SYNTHETIC,PROTOTYPE_6H_SYNTHETIC
CAND0835,SOUTHWEST,GWANGYANG,DONGSAN,GWANGYANG|DONGSAN,GWANGYANG|DONGSAN,SS,2,2026-08-12 06:00,2026-08-12 09:00,148.6,PROTOTYPE_SYNTHETIC,PROTOTYPE_6H_SYNTHETIC
CAND0836,SOUTHWEST,GWANGYANG,DONGSAN,GWANGYANG|DONGSAN,GWANGYANG|DONGSAN,SS,2,2026-08-12 12:00,2026-08-12 15:00,148.6,PROTOTYPE_SYNTHETIC,PROTOTYPE_6H_SYNTHETIC
CAND0837,SOUTHWEST,GWANGYANG,DONGSAN,GWANGYANG|DONGSAN,GWANGYANG|DONGSAN,SS,2,2026-08-12 18:00,2026-08-12 21:00,148.6,PROTOTYPE_SYNTHETIC,PROTOTYPE_6H_SYNTHETIC
CAND0838,SOUTHWEST,GWANGYANG,DONGSAN,GWANGYANG|DONGSAN,GWANGYANG|DONGSAN,SS,2,2026-08-13 00:00,2026-08-13 03:00,148.6,PROTOTYPE_SYNTHETIC,PROTOTYPE_6H_SYNTHETIC
CAND0839,SOUTHWEST,GWANGYANG,DONGSAN,GWANGYANG|DONGSAN,GWANGYANG|DONGSAN,SS,2,2026-08-13 06:00,2026-08-13 09:00,148.6,PROTOTYPE_SYNTHETIC,PROTOTYPE_6H_SYNTHETIC
CAND0840,SOUTHWEST,GWANGYANG,DONGSAN,GWANGYANG|DONGSAN,GWANGYANG|DONGSAN,SS,2,2026-08-13 12:00,2026-08-13 15:00,148.6,PROTOTYPE_SYNTHETIC,PROTOTYPE_6H_SYNTHETIC
CAND0841,SOUTHWEST,GWANGYANG,DONGSAN,GWANGYANG|DONGSAN,GWANGYANG|DONGSAN,SS,2,2026-08-13 18:00,2026-08-13 21:00,148.6,PROTOTYPE_SYNTHETIC,PROTOTYPE_6H_SYNTHETIC
CAND0842,SOUTHWEST,GWANGYANG,DONGSAN,GWANGYANG|DONGSAN,GWANGYANG|DONGSAN,SS,2,2026-08-14 00:00,2026-08-14 03:00,148.6,PROTOTYPE_SYNTHETIC,PROTOTYPE_6H_SYNTHETIC
CAND0843,SOUTHWEST,GWANGYANG,DONGSAN,GWANGYANG|DONGSAN,GWANGYANG|DONGSAN,SS,2,2026-08-14 06:00,2026-08-14 09:00,148.6,PROTOTYPE_SYNTHETIC,PROTOTYPE_6H_SYNTHETIC
CAND0844,SOUTHWEST,GWANGYANG,DONGSAN,GWANGYANG|DONGSAN,GWANGYANG|DONGSAN,SS,2,2026-08-14 12:00,2026-08-14 15:00,148.6,PROTOTYPE_SYNTHETIC,PROTOTYPE_6H_SYNTHETIC
CAND0845,SOUTHWEST,GWANGYANG,DONGSAN,GWANGYANG|DONGSAN,GWANGYANG|DONGSAN,SS,2,2026-08-14 18:00,2026-08-14 21:00,148.6,PROTOTYPE_SYNTHETIC,PROTOTYPE_6H_SYNTHETIC
CAND0846,SOUTHWEST,GWANGYANG,DONGSAN,GWANGYANG|DONGSAN,GWANGYANG|DONGSAN,SS,2,2026-08-15 00:00,2026-08-15 03:00,148.6,PROTOTYPE_SYNTHETIC,PROTOTYPE_6H_SYNTHETIC
CAND0847,SOUTHWEST,GWANGYANG,DONGSAN,GWANGYANG|DONGSAN,GWANGYANG|DONGSAN,SS,2,2026-08-15 06:00,2026-08-15 09:00,148.6,PROTOTYPE_SYNTHETIC,PROTOTYPE_6H_SYNTHETIC
CAND0848,SOUTHWEST,GWANGYANG,DONGSAN,GWANGYANG|DONGSAN,GWANGYANG|DONGSAN,SS,2,2026-08-15 12:00,2026-08-15 15:00,148.6,PROTOTYPE_SYNTHETIC,PROTOTYPE_6H_SYNTHETIC
CAND0849,SOUTHWEST,GWANGYANG,DONGSAN,GWANGYANG|DONGSAN,GWANGYANG|DONGSAN,SS,2,2026-08-15 18:00,2026-08-15 21:00,148.6,PROTOTYPE_SYNTHETIC,PROTOTYPE_6H_SYNTHETIC
CAND0850,SOUTHWEST,GWANGYANG,DONGSAN,GWANGYANG|DONGSAN,GWANGYANG|DONGSAN,SS,2,2026-08-16 00:00,2026-08-16 03:00,148.6,PROTOTYPE_SYNTHETIC,PROTOTYPE_6H_SYNTHETIC
CAND0851,SOUTHWEST,GWANGYANG,DONGSAN,GWANGYANG|DONGSAN,GWANGYANG|DONGSAN,SS,2,2026-08-16 06:00,2026-08-16 09:00,148.6,PROTOTYPE_SYNTHETIC,PROTOTYPE_6H_SYNTHETIC
CAND0852,SOUTHWEST,GWANGYANG,DONGSAN,GWANGYANG|DONGSAN,GWANGYANG|DONGSAN,SS,2,2026-08-16 12:00,2026-08-16 15:00,148.6,PROTOTYPE_SYNTHETIC,PROTOTYPE_6H_SYNTHETIC
CAND0853,SOUTHWEST,GWANGYANG,BUGANG,GWANGYANG|DONGSAN|BUGANG,GWANGYANG|BUGANG,SPS,2,2026-08-10 06:00,2026-08-10 11:00,278.8,PROTOTYPE_SYNTHETIC,PROTOTYPE_6H_SYNTHETIC
CAND0854,SOUTHWEST,GWANGYANG,BUGANG,GWANGYANG|DONGSAN|BUGANG,GWANGYANG|BUGANG,SPS,2,2026-08-10 12:00,2026-08-10 17:00,278.8,PROTOTYPE_SYNTHETIC,PROTOTYPE_6H_SYNTHETIC
CAND0855,SOUTHWEST,GWANGYANG,BUGANG,GWANGYANG|DONGSAN|BUGANG,GWANGYANG|BUGANG,SPS,2,2026-08-10 18:00,2026-08-10 23:00,278.8,PROTOTYPE_SYNTHETIC,PROTOTYPE_6H_SYNTHETIC
CAND0856,SOUTHWEST,GWANGYANG,BUGANG,GWANGYANG|DONGSAN|BUGANG,GWANGYANG|BUGANG,SPS,2,2026-08-11 00:00,2026-08-11 05:00,278.8,PROTOTYPE_SYNTHETIC,PROTOTYPE_6H_SYNTHETIC
CAND0857,SOUTHWEST,GWANGYANG,BUGANG,GWANGYANG|DONGSAN|BUGANG,GWANGYANG|BUGANG,SPS,2,2026-08-11 06:00,2026-08-11 11:00,278.8,PROTOTYPE_SYNTHETIC,PROTOTYPE_6H_SYNTHETIC
CAND0858,SOUTHWEST,GWANGYANG,BUGANG,GWANGYANG|DONGSAN|BUGANG,GWANGYANG|BUGANG,SPS,2,2026-08-11 12:00,2026-08-11 17:00,278.8,PROTOTYPE_SYNTHETIC,PROTOTYPE_6H_SYNTHETIC
CAND0859,SOUTHWEST,GWANGYANG,BUGANG,GWANGYANG|DONGSAN|BUGANG,GWANGYANG|BUGANG,SPS,2,2026-08-11 18:00,2026-08-11 23:00,278.8,PROTOTYPE_SYNTHETIC,PROTOTYPE_6H_SYNTHETIC
CAND0860,SOUTHWEST,GWANGYANG,BUGANG,GWANGYANG|DONGSAN|BUGANG,GWANGYANG|BUGANG,SPS,2,2026-08-12 00:00,2026-08-12 05:00,278.8,PROTOTYPE_SYNTHETIC,PROTOTYPE_6H_SYNTHETIC
CAND0861,SOUTHWEST,GWANGYANG,BUGANG,GWANGYANG|DONGSAN|BUGANG,GWANGYANG|BUGANG,SPS,2,2026-08-12 06:00,2026-08-12 11:00,278.8,PROTOTYPE_SYNTHETIC,PROTOTYPE_6H_SYNTHETIC
CAND0862,SOUTHWEST,GWANGYANG,BUGANG,GWANGYANG|DONGSAN|BUGANG,GWANGYANG|BUGANG,SPS,2,2026-08-12 12:00,2026-08-12 17:00,278.8,PROTOTYPE_SYNTHETIC,PROTOTYPE_6H_SYNTHETIC
CAND0863,SOUTHWEST,GWANGYANG,BUGANG,GWANGYANG|DONGSAN|BUGANG,GWANGYANG|BUGANG,SPS,2,2026-08-12 18:00,2026-08-12 23:00,278.8,PROTOTYPE_SYNTHETIC,PROTOTYPE_6H_SYNTHETIC
CAND0864,SOUTHWEST,GWANGYANG,BUGANG,GWANGYANG|DONGSAN|BUGANG,GWANGYANG|BUGANG,SPS,2,2026-08-13 00:00,2026-08-13 05:00,278.8,PROTOTYPE_SYNTHETIC,PROTOTYPE_6H_SYNTHETIC
CAND0865,SOUTHWEST,GWANGYANG,BUGANG,GWANGYANG|DONGSAN|BUGANG,GWANGYANG|BUGANG,SPS,2,2026-08-13 06:00,2026-08-13 11:00,278.8,PROTOTYPE_SYNTHETIC,PROTOTYPE_6H_SYNTHETIC
CAND0866,SOUTHWEST,GWANGYANG,BUGANG,GWANGYANG|DONGSAN|BUGANG,GWANGYANG|BUGANG,SPS,2,2026-08-13 12:00,2026-08-13 17:00,278.8,PROTOTYPE_SYNTHETIC,PROTOTYPE_6H_SYNTHETIC
CAND0867,SOUTHWEST,GWANGYANG,BUGANG,GWANGYANG|DONGSAN|BUGANG,GWANGYANG|BUGANG,SPS,2,2026-08-13 18:00,2026-08-13 23:00,278.8,PROTOTYPE_SYNTHETIC,PROTOTYPE_6H_SYNTHETIC
CAND0868,SOUTHWEST,GWANGYANG,BUGANG,GWANGYANG|DONGSAN|BUGANG,GWANGYANG|BUGANG,SPS,2,2026-08-14 00:00,2026-08-14 05:00,278.8,PROTOTYPE_SYNTHETIC,PROTOTYPE_6H_SYNTHETIC
CAND0869,SOUTHWEST,GWANGYANG,BUGANG,GWANGYANG|DONGSAN|BUGANG,GWANGYANG|BUGANG,SPS,2,2026-08-14 06:00,2026-08-14 11:00,278.8,PROTOTYPE_SYNTHETIC,PROTOTYPE_6H_SYNTHETIC
CAND0870,SOUTHWEST,GWANGYANG,BUGANG,GWANGYANG|DONGSAN|BUGANG,GWANGYANG|BUGANG,SPS,2,2026-08-14 12:00,2026-08-14 17:00,278.8,PROTOTYPE_SYNTHETIC,PROTOTYPE_6H_SYNTHETIC
CAND0871,SOUTHWEST,GWANGYANG,BUGANG,GWANGYANG|DONGSAN|BUGANG,GWANGYANG|BUGANG,SPS,2,2026-08-14 18:00,2026-08-14 23:00,278.8,PROTOTYPE_SYNTHETIC,PROTOTYPE_6H_SYNTHETIC
CAND0872,SOUTHWEST,GWANGYANG,BUGANG,GWANGYANG|DONGSAN|BUGANG,GWANGYANG|BUGANG,SPS,2,2026-08-15 00:00,2026-08-15 05:00,278.8,PROTOTYPE_SYNTHETIC,PROTOTYPE_6H_SYNTHETIC
CAND0873,SOUTHWEST,GWANGYANG,BUGANG,GWANGYANG|DONGSAN|BUGANG,GWANGYANG|BUGANG,SPS,2,2026-08-15 06:00,2026-08-15 11:00,278.8,PROTOTYPE_SYNTHETIC,PROTOTYPE_6H_SYNTHETIC
CAND0874,SOUTHWEST,GWANGYANG,BUGANG,GWANGYANG|DONGSAN|BUGANG,GWANGYANG|BUGANG,SPS,2,2026-08-15 12:00,2026-08-15 17:00,278.8,PROTOTYPE_SYNTHETIC,PROTOTYPE_6H_SYNTHETIC
CAND0875,SOUTHWEST,GWANGYANG,BUGANG,GWANGYANG|DONGSAN|BUGANG,GWANGYANG|BUGANG,SPS,2,2026-08-15 18:00,2026-08-15 23:00,278.8,PROTOTYPE_SYNTHETIC,PROTOTYPE_6H_SYNTHETIC
CAND0876,SOUTHWEST,GWANGYANG,BUGANG,GWANGYANG|DONGSAN|BUGANG,GWANGYANG|BUGANG,SPS,2,2026-08-16 00:00,2026-08-16 05:00,278.8,PROTOTYPE_SYNTHETIC,PROTOTYPE_6H_SYNTHETIC
CAND0877,SOUTHWEST,GWANGYANG,BUGANG,GWANGYANG|DONGSAN|BUGANG,GWANGYANG|BUGANG,SPS,2,2026-08-16 06:00,2026-08-16 11:00,278.8,PROTOTYPE_SYNTHETIC,PROTOTYPE_6H_SYNTHETIC
CAND0878,SOUTHWEST,GWANGYANG,BUGANG,GWANGYANG|DONGSAN|BUGANG,GWANGYANG|BUGANG,SPS,2,2026-08-16 12:00,2026-08-16 17:00,278.8,PROTOTYPE_SYNTHETIC,PROTOTYPE_6H_SYNTHETIC
CAND0879,SOUTHWEST,GWANGYANG,BUGANG,GWANGYANG|DONGSAN|BUGANG,GWANGYANG|DONGSAN|BUGANG,SSS,3,2026-08-10 06:00,2026-08-10 14:00,278.8,PROTOTYPE_SYNTHETIC,PROTOTYPE_6H_SYNTHETIC
CAND0880,SOUTHWEST,GWANGYANG,BUGANG,GWANGYANG|DONGSAN|BUGANG,GWANGYANG|DONGSAN|BUGANG,SSS,3,2026-08-10 12:00,2026-08-10 20:00,278.8,PROTOTYPE_SYNTHETIC,PROTOTYPE_6H_SYNTHETIC
CAND0881,SOUTHWEST,GWANGYANG,BUGANG,GWANGYANG|DONGSAN|BUGANG,GWANGYANG|DONGSAN|BUGANG,SSS,3,2026-08-10 18:00,2026-08-11 02:00,278.8,PROTOTYPE_SYNTHETIC,PROTOTYPE_6H_SYNTHETIC
CAND0882,SOUTHWEST,GWANGYANG,BUGANG,GWANGYANG|DONGSAN|BUGANG,GWANGYANG|DONGSAN|BUGANG,SSS,3,2026-08-11 00:00,2026-08-11 08:00,278.8,PROTOTYPE_SYNTHETIC,PROTOTYPE_6H_SYNTHETIC
CAND0883,SOUTHWEST,GWANGYANG,BUGANG,GWANGYANG|DONGSAN|BUGANG,GWANGYANG|DONGSAN|BUGANG,SSS,3,2026-08-11 06:00,2026-08-11 14:00,278.8,PROTOTYPE_SYNTHETIC,PROTOTYPE_6H_SYNTHETIC
CAND0884,SOUTHWEST,GWANGYANG,BUGANG,GWANGYANG|DONGSAN|BUGANG,GWANGYANG|DONGSAN|BUGANG,SSS,3,2026-08-11 12:00,2026-08-11 20:00,278.8,PROTOTYPE_SYNTHETIC,PROTOTYPE_6H_SYNTHETIC
CAND0885,SOUTHWEST,GWANGYANG,BUGANG,GWANGYANG|DONGSAN|BUGANG,GWANGYANG|DONGSAN|BUGANG,SSS,3,2026-08-11 18:00,2026-08-12 02:00,278.8,PROTOTYPE_SYNTHETIC,PROTOTYPE_6H_SYNTHETIC
CAND0886,SOUTHWEST,GWANGYANG,BUGANG,GWANGYANG|DONGSAN|BUGANG,GWANGYANG|DONGSAN|BUGANG,SSS,3,2026-08-12 00:00,2026-08-12 08:00,278.8,PROTOTYPE_SYNTHETIC,PROTOTYPE_6H_SYNTHETIC
CAND0887,SOUTHWEST,GWANGYANG,BUGANG,GWANGYANG|DONGSAN|BUGANG,GWANGYANG|DONGSAN|BUGANG,SSS,3,2026-08-12 06:00,2026-08-12 14:00,278.8,PROTOTYPE_SYNTHETIC,PROTOTYPE_6H_SYNTHETIC
CAND0888,SOUTHWEST,GWANGYANG,BUGANG,GWANGYANG|DONGSAN|BUGANG,GWANGYANG|DONGSAN|BUGANG,SSS,3,2026-08-12 12:00,2026-08-12 20:00,278.8,PROTOTYPE_SYNTHETIC,PROTOTYPE_6H_SYNTHETIC
CAND0889,SOUTHWEST,GWANGYANG,BUGANG,GWANGYANG|DONGSAN|BUGANG,GWANGYANG|DONGSAN|BUGANG,SSS,3,2026-08-12 18:00,2026-08-13 02:00,278.8,PROTOTYPE_SYNTHETIC,PROTOTYPE_6H_SYNTHETIC
CAND0890,SOUTHWEST,GWANGYANG,BUGANG,GWANGYANG|DONGSAN|BUGANG,GWANGYANG|DONGSAN|BUGANG,SSS,3,2026-08-13 00:00,2026-08-13 08:00,278.8,PROTOTYPE_SYNTHETIC,PROTOTYPE_6H_SYNTHETIC
CAND0891,SOUTHWEST,GWANGYANG,BUGANG,GWANGYANG|DONGSAN|BUGANG,GWANGYANG|DONGSAN|BUGANG,SSS,3,2026-08-13 06:00,2026-08-13 14:00,278.8,PROTOTYPE_SYNTHETIC,PROTOTYPE_6H_SYNTHETIC
CAND0892,SOUTHWEST,GWANGYANG,BUGANG,GWANGYANG|DONGSAN|BUGANG,GWANGYANG|DONGSAN|BUGANG,SSS,3,2026-08-13 12:00,2026-08-13 20:00,278.8,PROTOTYPE_SYNTHETIC,PROTOTYPE_6H_SYNTHETIC
CAND0893,SOUTHWEST,GWANGYANG,BUGANG,GWANGYANG|DONGSAN|BUGANG,GWANGYANG|DONGSAN|BUGANG,SSS,3,2026-08-13 18:00,2026-08-14 02:00,278.8,PROTOTYPE_SYNTHETIC,PROTOTYPE_6H_SYNTHETIC
CAND0894,SOUTHWEST,GWANGYANG,BUGANG,GWANGYANG|DONGSAN|BUGANG,GWANGYANG|DONGSAN|BUGANG,SSS,3,2026-08-14 00:00,2026-08-14 08:00,278.8,PROTOTYPE_SYNTHETIC,PROTOTYPE_6H_SYNTHETIC
CAND0895,SOUTHWEST,GWANGYANG,BUGANG,GWANGYANG|DONGSAN|BUGANG,GWANGYANG|DONGSAN|BUGANG,SSS,3,2026-08-14 06:00,2026-08-14 14:00,278.8,PROTOTYPE_SYNTHETIC,PROTOTYPE_6H_SYNTHETIC
CAND0896,SOUTHWEST,GWANGYANG,BUGANG,GWANGYANG|DONGSAN|BUGANG,GWANGYANG|DONGSAN|BUGANG,SSS,3,2026-08-14 12:00,2026-08-14 20:00,278.8,PROTOTYPE_SYNTHETIC,PROTOTYPE_6H_SYNTHETIC
CAND0897,SOUTHWEST,GWANGYANG,BUGANG,GWANGYANG|DONGSAN|BUGANG,GWANGYANG|DONGSAN|BUGANG,SSS,3,2026-08-14 18:00,2026-08-15 02:00,278.8,PROTOTYPE_SYNTHETIC,PROTOTYPE_6H_SYNTHETIC
CAND0898,SOUTHWEST,GWANGYANG,BUGANG,GWANGYANG|DONGSAN|BUGANG,GWANGYANG|DONGSAN|BUGANG,SSS,3,2026-08-15 00:00,2026-08-15 08:00,278.8,PROTOTYPE_SYNTHETIC,PROTOTYPE_6H_SYNTHETIC
CAND0899,SOUTHWEST,GWANGYANG,BUGANG,GWANGYANG|DONGSAN|BUGANG,GWANGYANG|DONGSAN|BUGANG,SSS,3,2026-08-15 06:00,2026-08-15 14:00,278.8,PROTOTYPE_SYNTHETIC,PROTOTYPE_6H_SYNTHETIC
CAND0900,SOUTHWEST,GWANGYANG,BUGANG,GWANGYANG|DONGSAN|BUGANG,GWANGYANG|DONGSAN|BUGANG,SSS,3,2026-08-15 12:00,2026-08-15 20:00,278.8,PROTOTYPE_SYNTHETIC,PROTOTYPE_6H_SYNTHETIC
CAND0901,SOUTHWEST,GWANGYANG,BUGANG,GWANGYANG|DONGSAN|BUGANG,GWANGYANG|DONGSAN|BUGANG,SSS,3,2026-08-15 18:00,2026-08-16 02:00,278.8,PROTOTYPE_SYNTHETIC,PROTOTYPE_6H_SYNTHETIC
CAND0902,SOUTHWEST,GWANGYANG,BUGANG,GWANGYANG|DONGSAN|BUGANG,GWANGYANG|DONGSAN|BUGANG,SSS,3,2026-08-16 00:00,2026-08-16 08:00,278.8,PROTOTYPE_SYNTHETIC,PROTOTYPE_6H_SYNTHETIC
CAND0903,SOUTHWEST,GWANGYANG,BUGANG,GWANGYANG|DONGSAN|BUGANG,GWANGYANG|DONGSAN|BUGANG,SSS,3,2026-08-16 06:00,2026-08-16 14:00,278.8,PROTOTYPE_SYNTHETIC,PROTOTYPE_6H_SYNTHETIC
CAND0904,SOUTHWEST,GWANGYANG,BUGANG,GWANGYANG|DONGSAN|BUGANG,GWANGYANG|DONGSAN|BUGANG,SSS,3,2026-08-16 12:00,2026-08-16 20:00,278.8,PROTOTYPE_SYNTHETIC,PROTOTYPE_6H_SYNTHETIC
CAND0905,SOUTHWEST,GWANGYANG,UIWANG,GWANGYANG|DONGSAN|BUGANG|UIWANG,GWANGYANG|UIWANG,SPPS,2,2026-08-10 06:00,2026-08-10 12:00,390.6,PROTOTYPE_SYNTHETIC,PROTOTYPE_6H_SYNTHETIC
CAND0906,SOUTHWEST,GWANGYANG,UIWANG,GWANGYANG|DONGSAN|BUGANG|UIWANG,GWANGYANG|UIWANG,SPPS,2,2026-08-10 12:00,2026-08-10 18:00,390.6,PROTOTYPE_SYNTHETIC,PROTOTYPE_6H_SYNTHETIC
CAND0907,SOUTHWEST,GWANGYANG,UIWANG,GWANGYANG|DONGSAN|BUGANG|UIWANG,GWANGYANG|UIWANG,SPPS,2,2026-08-10 18:00,2026-08-11 00:00,390.6,PROTOTYPE_SYNTHETIC,PROTOTYPE_6H_SYNTHETIC
CAND0908,SOUTHWEST,GWANGYANG,UIWANG,GWANGYANG|DONGSAN|BUGANG|UIWANG,GWANGYANG|UIWANG,SPPS,2,2026-08-11 00:00,2026-08-11 06:00,390.6,PROTOTYPE_SYNTHETIC,PROTOTYPE_6H_SYNTHETIC
CAND0909,SOUTHWEST,GWANGYANG,UIWANG,GWANGYANG|DONGSAN|BUGANG|UIWANG,GWANGYANG|UIWANG,SPPS,2,2026-08-11 06:00,2026-08-11 12:00,390.6,PROTOTYPE_SYNTHETIC,PROTOTYPE_6H_SYNTHETIC
CAND0910,SOUTHWEST,GWANGYANG,UIWANG,GWANGYANG|DONGSAN|BUGANG|UIWANG,GWANGYANG|UIWANG,SPPS,2,2026-08-11 12:00,2026-08-11 18:00,390.6,PROTOTYPE_SYNTHETIC,PROTOTYPE_6H_SYNTHETIC
CAND0911,SOUTHWEST,GWANGYANG,UIWANG,GWANGYANG|DONGSAN|BUGANG|UIWANG,GWANGYANG|UIWANG,SPPS,2,2026-08-11 18:00,2026-08-12 00:00,390.6,PROTOTYPE_SYNTHETIC,PROTOTYPE_6H_SYNTHETIC
CAND0912,SOUTHWEST,GWANGYANG,UIWANG,GWANGYANG|DONGSAN|BUGANG|UIWANG,GWANGYANG|UIWANG,SPPS,2,2026-08-12 00:00,2026-08-12 06:00,390.6,PROTOTYPE_SYNTHETIC,PROTOTYPE_6H_SYNTHETIC
CAND0913,SOUTHWEST,GWANGYANG,UIWANG,GWANGYANG|DONGSAN|BUGANG|UIWANG,GWANGYANG|UIWANG,SPPS,2,2026-08-12 06:00,2026-08-12 12:00,390.6,PROTOTYPE_SYNTHETIC,PROTOTYPE_6H_SYNTHETIC
CAND0914,SOUTHWEST,GWANGYANG,UIWANG,GWANGYANG|DONGSAN|BUGANG|UIWANG,GWANGYANG|UIWANG,SPPS,2,2026-08-12 12:00,2026-08-12 18:00,390.6,PROTOTYPE_SYNTHETIC,PROTOTYPE_6H_SYNTHETIC
CAND0915,SOUTHWEST,GWANGYANG,UIWANG,GWANGYANG|DONGSAN|BUGANG|UIWANG,GWANGYANG|UIWANG,SPPS,2,2026-08-12 18:00,2026-08-13 00:00,390.6,PROTOTYPE_SYNTHETIC,PROTOTYPE_6H_SYNTHETIC
CAND0916,SOUTHWEST,GWANGYANG,UIWANG,GWANGYANG|DONGSAN|BUGANG|UIWANG,GWANGYANG|UIWANG,SPPS,2,2026-08-13 00:00,2026-08-13 06:00,390.6,PROTOTYPE_SYNTHETIC,PROTOTYPE_6H_SYNTHETIC
CAND0917,SOUTHWEST,GWANGYANG,UIWANG,GWANGYANG|DONGSAN|BUGANG|UIWANG,GWANGYANG|UIWANG,SPPS,2,2026-08-13 06:00,2026-08-13 12:00,390.6,PROTOTYPE_SYNTHETIC,PROTOTYPE_6H_SYNTHETIC
CAND0918,SOUTHWEST,GWANGYANG,UIWANG,GWANGYANG|DONGSAN|BUGANG|UIWANG,GWANGYANG|UIWANG,SPPS,2,2026-08-13 12:00,2026-08-13 18:00,390.6,PROTOTYPE_SYNTHETIC,PROTOTYPE_6H_SYNTHETIC
CAND0919,SOUTHWEST,GWANGYANG,UIWANG,GWANGYANG|DONGSAN|BUGANG|UIWANG,GWANGYANG|UIWANG,SPPS,2,2026-08-13 18:00,2026-08-14 00:00,390.6,PROTOTYPE_SYNTHETIC,PROTOTYPE_6H_SYNTHETIC
CAND0920,SOUTHWEST,GWANGYANG,UIWANG,GWANGYANG|DONGSAN|BUGANG|UIWANG,GWANGYANG|UIWANG,SPPS,2,2026-08-14 00:00,2026-08-14 06:00,390.6,PROTOTYPE_SYNTHETIC,PROTOTYPE_6H_SYNTHETIC
CAND0921,SOUTHWEST,GWANGYANG,UIWANG,GWANGYANG|DONGSAN|BUGANG|UIWANG,GWANGYANG|UIWANG,SPPS,2,2026-08-14 06:00,2026-08-14 12:00,390.6,PROTOTYPE_SYNTHETIC,PROTOTYPE_6H_SYNTHETIC
CAND0922,SOUTHWEST,GWANGYANG,UIWANG,GWANGYANG|DONGSAN|BUGANG|UIWANG,GWANGYANG|UIWANG,SPPS,2,2026-08-14 12:00,2026-08-14 18:00,390.6,PROTOTYPE_SYNTHETIC,PROTOTYPE_6H_SYNTHETIC
CAND0923,SOUTHWEST,GWANGYANG,UIWANG,GWANGYANG|DONGSAN|BUGANG|UIWANG,GWANGYANG|UIWANG,SPPS,2,2026-08-14 18:00,2026-08-15 00:00,390.6,PROTOTYPE_SYNTHETIC,PROTOTYPE_6H_SYNTHETIC
CAND0924,SOUTHWEST,GWANGYANG,UIWANG,GWANGYANG|DONGSAN|BUGANG|UIWANG,GWANGYANG|UIWANG,SPPS,2,2026-08-15 00:00,2026-08-15 06:00,390.6,PROTOTYPE_SYNTHETIC,PROTOTYPE_6H_SYNTHETIC
CAND0925,SOUTHWEST,GWANGYANG,UIWANG,GWANGYANG|DONGSAN|BUGANG|UIWANG,GWANGYANG|UIWANG,SPPS,2,2026-08-15 06:00,2026-08-15 12:00,390.6,PROTOTYPE_SYNTHETIC,PROTOTYPE_6H_SYNTHETIC
CAND0926,SOUTHWEST,GWANGYANG,UIWANG,GWANGYANG|DONGSAN|BUGANG|UIWANG,GWANGYANG|UIWANG,SPPS,2,2026-08-15 12:00,2026-08-15 18:00,390.6,PROTOTYPE_SYNTHETIC,PROTOTYPE_6H_SYNTHETIC
CAND0927,SOUTHWEST,GWANGYANG,UIWANG,GWANGYANG|DONGSAN|BUGANG|UIWANG,GWANGYANG|UIWANG,SPPS,2,2026-08-15 18:00,2026-08-16 00:00,390.6,PROTOTYPE_SYNTHETIC,PROTOTYPE_6H_SYNTHETIC
CAND0928,SOUTHWEST,GWANGYANG,UIWANG,GWANGYANG|DONGSAN|BUGANG|UIWANG,GWANGYANG|UIWANG,SPPS,2,2026-08-16 00:00,2026-08-16 06:00,390.6,PROTOTYPE_SYNTHETIC,PROTOTYPE_6H_SYNTHETIC
CAND0929,SOUTHWEST,GWANGYANG,UIWANG,GWANGYANG|DONGSAN|BUGANG|UIWANG,GWANGYANG|UIWANG,SPPS,2,2026-08-16 06:00,2026-08-16 12:00,390.6,PROTOTYPE_SYNTHETIC,PROTOTYPE_6H_SYNTHETIC
CAND0930,SOUTHWEST,GWANGYANG,UIWANG,GWANGYANG|DONGSAN|BUGANG|UIWANG,GWANGYANG|UIWANG,SPPS,2,2026-08-16 12:00,2026-08-16 18:00,390.6,PROTOTYPE_SYNTHETIC,PROTOTYPE_6H_SYNTHETIC
CAND0931,SOUTHWEST,GWANGYANG,UIWANG,GWANGYANG|DONGSAN|BUGANG|UIWANG,GWANGYANG|DONGSAN|UIWANG,SSPS,3,2026-08-10 06:00,2026-08-10 15:00,390.6,PROTOTYPE_SYNTHETIC,PROTOTYPE_6H_SYNTHETIC
CAND0932,SOUTHWEST,GWANGYANG,UIWANG,GWANGYANG|DONGSAN|BUGANG|UIWANG,GWANGYANG|DONGSAN|UIWANG,SSPS,3,2026-08-10 12:00,2026-08-10 21:00,390.6,PROTOTYPE_SYNTHETIC,PROTOTYPE_6H_SYNTHETIC
CAND0933,SOUTHWEST,GWANGYANG,UIWANG,GWANGYANG|DONGSAN|BUGANG|UIWANG,GWANGYANG|DONGSAN|UIWANG,SSPS,3,2026-08-10 18:00,2026-08-11 03:00,390.6,PROTOTYPE_SYNTHETIC,PROTOTYPE_6H_SYNTHETIC
CAND0934,SOUTHWEST,GWANGYANG,UIWANG,GWANGYANG|DONGSAN|BUGANG|UIWANG,GWANGYANG|DONGSAN|UIWANG,SSPS,3,2026-08-11 00:00,2026-08-11 09:00,390.6,PROTOTYPE_SYNTHETIC,PROTOTYPE_6H_SYNTHETIC
CAND0935,SOUTHWEST,GWANGYANG,UIWANG,GWANGYANG|DONGSAN|BUGANG|UIWANG,GWANGYANG|DONGSAN|UIWANG,SSPS,3,2026-08-11 06:00,2026-08-11 15:00,390.6,PROTOTYPE_SYNTHETIC,PROTOTYPE_6H_SYNTHETIC
CAND0936,SOUTHWEST,GWANGYANG,UIWANG,GWANGYANG|DONGSAN|BUGANG|UIWANG,GWANGYANG|DONGSAN|UIWANG,SSPS,3,2026-08-11 12:00,2026-08-11 21:00,390.6,PROTOTYPE_SYNTHETIC,PROTOTYPE_6H_SYNTHETIC
CAND0937,SOUTHWEST,GWANGYANG,UIWANG,GWANGYANG|DONGSAN|BUGANG|UIWANG,GWANGYANG|DONGSAN|UIWANG,SSPS,3,2026-08-11 18:00,2026-08-12 03:00,390.6,PROTOTYPE_SYNTHETIC,PROTOTYPE_6H_SYNTHETIC
CAND0938,SOUTHWEST,GWANGYANG,UIWANG,GWANGYANG|DONGSAN|BUGANG|UIWANG,GWANGYANG|DONGSAN|UIWANG,SSPS,3,2026-08-12 00:00,2026-08-12 09:00,390.6,PROTOTYPE_SYNTHETIC,PROTOTYPE_6H_SYNTHETIC
CAND0939,SOUTHWEST,GWANGYANG,UIWANG,GWANGYANG|DONGSAN|BUGANG|UIWANG,GWANGYANG|DONGSAN|UIWANG,SSPS,3,2026-08-12 06:00,2026-08-12 15:00,390.6,PROTOTYPE_SYNTHETIC,PROTOTYPE_6H_SYNTHETIC
CAND0940,SOUTHWEST,GWANGYANG,UIWANG,GWANGYANG|DONGSAN|BUGANG|UIWANG,GWANGYANG|DONGSAN|UIWANG,SSPS,3,2026-08-12 12:00,2026-08-12 21:00,390.6,PROTOTYPE_SYNTHETIC,PROTOTYPE_6H_SYNTHETIC
CAND0941,SOUTHWEST,GWANGYANG,UIWANG,GWANGYANG|DONGSAN|BUGANG|UIWANG,GWANGYANG|DONGSAN|UIWANG,SSPS,3,2026-08-12 18:00,2026-08-13 03:00,390.6,PROTOTYPE_SYNTHETIC,PROTOTYPE_6H_SYNTHETIC
CAND0942,SOUTHWEST,GWANGYANG,UIWANG,GWANGYANG|DONGSAN|BUGANG|UIWANG,GWANGYANG|DONGSAN|UIWANG,SSPS,3,2026-08-13 00:00,2026-08-13 09:00,390.6,PROTOTYPE_SYNTHETIC,PROTOTYPE_6H_SYNTHETIC
CAND0943,SOUTHWEST,GWANGYANG,UIWANG,GWANGYANG|DONGSAN|BUGANG|UIWANG,GWANGYANG|DONGSAN|UIWANG,SSPS,3,2026-08-13 06:00,2026-08-13 15:00,390.6,PROTOTYPE_SYNTHETIC,PROTOTYPE_6H_SYNTHETIC
CAND0944,SOUTHWEST,GWANGYANG,UIWANG,GWANGYANG|DONGSAN|BUGANG|UIWANG,GWANGYANG|DONGSAN|UIWANG,SSPS,3,2026-08-13 12:00,2026-08-13 21:00,390.6,PROTOTYPE_SYNTHETIC,PROTOTYPE_6H_SYNTHETIC
CAND0945,SOUTHWEST,GWANGYANG,UIWANG,GWANGYANG|DONGSAN|BUGANG|UIWANG,GWANGYANG|DONGSAN|UIWANG,SSPS,3,2026-08-13 18:00,2026-08-14 03:00,390.6,PROTOTYPE_SYNTHETIC,PROTOTYPE_6H_SYNTHETIC
CAND0946,SOUTHWEST,GWANGYANG,UIWANG,GWANGYANG|DONGSAN|BUGANG|UIWANG,GWANGYANG|DONGSAN|UIWANG,SSPS,3,2026-08-14 00:00,2026-08-14 09:00,390.6,PROTOTYPE_SYNTHETIC,PROTOTYPE_6H_SYNTHETIC
CAND0947,SOUTHWEST,GWANGYANG,UIWANG,GWANGYANG|DONGSAN|BUGANG|UIWANG,GWANGYANG|DONGSAN|UIWANG,SSPS,3,2026-08-14 06:00,2026-08-14 15:00,390.6,PROTOTYPE_SYNTHETIC,PROTOTYPE_6H_SYNTHETIC
CAND0948,SOUTHWEST,GWANGYANG,UIWANG,GWANGYANG|DONGSAN|BUGANG|UIWANG,GWANGYANG|DONGSAN|UIWANG,SSPS,3,2026-08-14 12:00,2026-08-14 21:00,390.6,PROTOTYPE_SYNTHETIC,PROTOTYPE_6H_SYNTHETIC
CAND0949,SOUTHWEST,GWANGYANG,UIWANG,GWANGYANG|DONGSAN|BUGANG|UIWANG,GWANGYANG|DONGSAN|UIWANG,SSPS,3,2026-08-14 18:00,2026-08-15 03:00,390.6,PROTOTYPE_SYNTHETIC,PROTOTYPE_6H_SYNTHETIC
CAND0950,SOUTHWEST,GWANGYANG,UIWANG,GWANGYANG|DONGSAN|BUGANG|UIWANG,GWANGYANG|DONGSAN|UIWANG,SSPS,3,2026-08-15 00:00,2026-08-15 09:00,390.6,PROTOTYPE_SYNTHETIC,PROTOTYPE_6H_SYNTHETIC
CAND0951,SOUTHWEST,GWANGYANG,UIWANG,GWANGYANG|DONGSAN|BUGANG|UIWANG,GWANGYANG|DONGSAN|UIWANG,SSPS,3,2026-08-15 06:00,2026-08-15 15:00,390.6,PROTOTYPE_SYNTHETIC,PROTOTYPE_6H_SYNTHETIC
CAND0952,SOUTHWEST,GWANGYANG,UIWANG,GWANGYANG|DONGSAN|BUGANG|UIWANG,GWANGYANG|DONGSAN|UIWANG,SSPS,3,2026-08-15 12:00,2026-08-15 21:00,390.6,PROTOTYPE_SYNTHETIC,PROTOTYPE_6H_SYNTHETIC
CAND0953,SOUTHWEST,GWANGYANG,UIWANG,GWANGYANG|DONGSAN|BUGANG|UIWANG,GWANGYANG|DONGSAN|UIWANG,SSPS,3,2026-08-15 18:00,2026-08-16 03:00,390.6,PROTOTYPE_SYNTHETIC,PROTOTYPE_6H_SYNTHETIC
CAND0954,SOUTHWEST,GWANGYANG,UIWANG,GWANGYANG|DONGSAN|BUGANG|UIWANG,GWANGYANG|DONGSAN|UIWANG,SSPS,3,2026-08-16 00:00,2026-08-16 09:00,390.6,PROTOTYPE_SYNTHETIC,PROTOTYPE_6H_SYNTHETIC
CAND0955,SOUTHWEST,GWANGYANG,UIWANG,GWANGYANG|DONGSAN|BUGANG|UIWANG,GWANGYANG|DONGSAN|UIWANG,SSPS,3,2026-08-16 06:00,2026-08-16 15:00,390.6,PROTOTYPE_SYNTHETIC,PROTOTYPE_6H_SYNTHETIC
CAND0956,SOUTHWEST,GWANGYANG,UIWANG,GWANGYANG|DONGSAN|BUGANG|UIWANG,GWANGYANG|BUGANG|UIWANG,SPSS,3,2026-08-10 06:00,2026-08-10 15:00,390.6,PROTOTYPE_SYNTHETIC,PROTOTYPE_6H_SYNTHETIC
CAND0957,SOUTHWEST,GWANGYANG,UIWANG,GWANGYANG|DONGSAN|BUGANG|UIWANG,GWANGYANG|BUGANG|UIWANG,SPSS,3,2026-08-10 12:00,2026-08-10 21:00,390.6,PROTOTYPE_SYNTHETIC,PROTOTYPE_6H_SYNTHETIC
CAND0958,SOUTHWEST,GWANGYANG,UIWANG,GWANGYANG|DONGSAN|BUGANG|UIWANG,GWANGYANG|BUGANG|UIWANG,SPSS,3,2026-08-10 18:00,2026-08-11 03:00,390.6,PROTOTYPE_SYNTHETIC,PROTOTYPE_6H_SYNTHETIC
CAND0959,SOUTHWEST,GWANGYANG,UIWANG,GWANGYANG|DONGSAN|BUGANG|UIWANG,GWANGYANG|BUGANG|UIWANG,SPSS,3,2026-08-11 00:00,2026-08-11 09:00,390.6,PROTOTYPE_SYNTHETIC,PROTOTYPE_6H_SYNTHETIC
CAND0960,SOUTHWEST,GWANGYANG,UIWANG,GWANGYANG|DONGSAN|BUGANG|UIWANG,GWANGYANG|BUGANG|UIWANG,SPSS,3,2026-08-11 06:00,2026-08-11 15:00,390.6,PROTOTYPE_SYNTHETIC,PROTOTYPE_6H_SYNTHETIC
CAND0961,SOUTHWEST,GWANGYANG,UIWANG,GWANGYANG|DONGSAN|BUGANG|UIWANG,GWANGYANG|BUGANG|UIWANG,SPSS,3,2026-08-11 12:00,2026-08-11 21:00,390.6,PROTOTYPE_SYNTHETIC,PROTOTYPE_6H_SYNTHETIC
CAND0962,SOUTHWEST,GWANGYANG,UIWANG,GWANGYANG|DONGSAN|BUGANG|UIWANG,GWANGYANG|BUGANG|UIWANG,SPSS,3,2026-08-11 18:00,2026-08-12 03:00,390.6,PROTOTYPE_SYNTHETIC,PROTOTYPE_6H_SYNTHETIC
CAND0963,SOUTHWEST,GWANGYANG,UIWANG,GWANGYANG|DONGSAN|BUGANG|UIWANG,GWANGYANG|BUGANG|UIWANG,SPSS,3,2026-08-12 00:00,2026-08-12 09:00,390.6,PROTOTYPE_SYNTHETIC,PROTOTYPE_6H_SYNTHETIC
CAND0964,SOUTHWEST,GWANGYANG,UIWANG,GWANGYANG|DONGSAN|BUGANG|UIWANG,GWANGYANG|BUGANG|UIWANG,SPSS,3,2026-08-12 06:00,2026-08-12 15:00,390.6,PROTOTYPE_SYNTHETIC,PROTOTYPE_6H_SYNTHETIC
CAND0965,SOUTHWEST,GWANGYANG,UIWANG,GWANGYANG|DONGSAN|BUGANG|UIWANG,GWANGYANG|BUGANG|UIWANG,SPSS,3,2026-08-12 12:00,2026-08-12 21:00,390.6,PROTOTYPE_SYNTHETIC,PROTOTYPE_6H_SYNTHETIC
CAND0966,SOUTHWEST,GWANGYANG,UIWANG,GWANGYANG|DONGSAN|BUGANG|UIWANG,GWANGYANG|BUGANG|UIWANG,SPSS,3,2026-08-12 18:00,2026-08-13 03:00,390.6,PROTOTYPE_SYNTHETIC,PROTOTYPE_6H_SYNTHETIC
CAND0967,SOUTHWEST,GWANGYANG,UIWANG,GWANGYANG|DONGSAN|BUGANG|UIWANG,GWANGYANG|BUGANG|UIWANG,SPSS,3,2026-08-13 00:00,2026-08-13 09:00,390.6,PROTOTYPE_SYNTHETIC,PROTOTYPE_6H_SYNTHETIC
CAND0968,SOUTHWEST,GWANGYANG,UIWANG,GWANGYANG|DONGSAN|BUGANG|UIWANG,GWANGYANG|BUGANG|UIWANG,SPSS,3,2026-08-13 06:00,2026-08-13 15:00,390.6,PROTOTYPE_SYNTHETIC,PROTOTYPE_6H_SYNTHETIC
CAND0969,SOUTHWEST,GWANGYANG,UIWANG,GWANGYANG|DONGSAN|BUGANG|UIWANG,GWANGYANG|BUGANG|UIWANG,SPSS,3,2026-08-13 12:00,2026-08-13 21:00,390.6,PROTOTYPE_SYNTHETIC,PROTOTYPE_6H_SYNTHETIC
CAND0970,SOUTHWEST,GWANGYANG,UIWANG,GWANGYANG|DONGSAN|BUGANG|UIWANG,GWANGYANG|BUGANG|UIWANG,SPSS,3,2026-08-13 18:00,2026-08-14 03:00,390.6,PROTOTYPE_SYNTHETIC,PROTOTYPE_6H_SYNTHETIC
CAND0971,SOUTHWEST,GWANGYANG,UIWANG,GWANGYANG|DONGSAN|BUGANG|UIWANG,GWANGYANG|BUGANG|UIWANG,SPSS,3,2026-08-14 00:00,2026-08-14 09:00,390.6,PROTOTYPE_SYNTHETIC,PROTOTYPE_6H_SYNTHETIC
CAND0972,SOUTHWEST,GWANGYANG,UIWANG,GWANGYANG|DONGSAN|BUGANG|UIWANG,GWANGYANG|BUGANG|UIWANG,SPSS,3,2026-08-14 06:00,2026-08-14 15:00,390.6,PROTOTYPE_SYNTHETIC,PROTOTYPE_6H_SYNTHETIC
CAND0973,SOUTHWEST,GWANGYANG,UIWANG,GWANGYANG|DONGSAN|BUGANG|UIWANG,GWANGYANG|BUGANG|UIWANG,SPSS,3,2026-08-14 12:00,2026-08-14 21:00,390.6,PROTOTYPE_SYNTHETIC,PROTOTYPE_6H_SYNTHETIC
CAND0974,SOUTHWEST,GWANGYANG,UIWANG,GWANGYANG|DONGSAN|BUGANG|UIWANG,GWANGYANG|BUGANG|UIWANG,SPSS,3,2026-08-14 18:00,2026-08-15 03:00,390.6,PROTOTYPE_SYNTHETIC,PROTOTYPE_6H_SYNTHETIC
CAND0975,SOUTHWEST,GWANGYANG,UIWANG,GWANGYANG|DONGSAN|BUGANG|UIWANG,GWANGYANG|BUGANG|UIWANG,SPSS,3,2026-08-15 00:00,2026-08-15 09:00,390.6,PROTOTYPE_SYNTHETIC,PROTOTYPE_6H_SYNTHETIC
CAND0976,SOUTHWEST,GWANGYANG,UIWANG,GWANGYANG|DONGSAN|BUGANG|UIWANG,GWANGYANG|BUGANG|UIWANG,SPSS,3,2026-08-15 06:00,2026-08-15 15:00,390.6,PROTOTYPE_SYNTHETIC,PROTOTYPE_6H_SYNTHETIC
CAND0977,SOUTHWEST,GWANGYANG,UIWANG,GWANGYANG|DONGSAN|BUGANG|UIWANG,GWANGYANG|BUGANG|UIWANG,SPSS,3,2026-08-15 12:00,2026-08-15 21:00,390.6,PROTOTYPE_SYNTHETIC,PROTOTYPE_6H_SYNTHETIC
CAND0978,SOUTHWEST,GWANGYANG,UIWANG,GWANGYANG|DONGSAN|BUGANG|UIWANG,GWANGYANG|BUGANG|UIWANG,SPSS,3,2026-08-15 18:00,2026-08-16 03:00,390.6,PROTOTYPE_SYNTHETIC,PROTOTYPE_6H_SYNTHETIC
CAND0979,SOUTHWEST,GWANGYANG,UIWANG,GWANGYANG|DONGSAN|BUGANG|UIWANG,GWANGYANG|BUGANG|UIWANG,SPSS,3,2026-08-16 00:00,2026-08-16 09:00,390.6,PROTOTYPE_SYNTHETIC,PROTOTYPE_6H_SYNTHETIC
CAND0980,SOUTHWEST,GWANGYANG,UIWANG,GWANGYANG|DONGSAN|BUGANG|UIWANG,GWANGYANG|BUGANG|UIWANG,SPSS,3,2026-08-16 06:00,2026-08-16 15:00,390.6,PROTOTYPE_SYNTHETIC,PROTOTYPE_6H_SYNTHETIC
CAND0981,SOUTHWEST,GWANGYANG,UIWANG,GWANGYANG|DONGSAN|BUGANG|UIWANG,GWANGYANG|DONGSAN|BUGANG|UIWANG,SSSS,4,2026-08-10 06:00,2026-08-10 18:00,390.6,PROTOTYPE_SYNTHETIC,PROTOTYPE_6H_SYNTHETIC
CAND0982,SOUTHWEST,GWANGYANG,UIWANG,GWANGYANG|DONGSAN|BUGANG|UIWANG,GWANGYANG|DONGSAN|BUGANG|UIWANG,SSSS,4,2026-08-10 12:00,2026-08-11 00:00,390.6,PROTOTYPE_SYNTHETIC,PROTOTYPE_6H_SYNTHETIC
CAND0983,SOUTHWEST,GWANGYANG,UIWANG,GWANGYANG|DONGSAN|BUGANG|UIWANG,GWANGYANG|DONGSAN|BUGANG|UIWANG,SSSS,4,2026-08-10 18:00,2026-08-11 06:00,390.6,PROTOTYPE_SYNTHETIC,PROTOTYPE_6H_SYNTHETIC
CAND0984,SOUTHWEST,GWANGYANG,UIWANG,GWANGYANG|DONGSAN|BUGANG|UIWANG,GWANGYANG|DONGSAN|BUGANG|UIWANG,SSSS,4,2026-08-11 00:00,2026-08-11 12:00,390.6,PROTOTYPE_SYNTHETIC,PROTOTYPE_6H_SYNTHETIC
CAND0985,SOUTHWEST,GWANGYANG,UIWANG,GWANGYANG|DONGSAN|BUGANG|UIWANG,GWANGYANG|DONGSAN|BUGANG|UIWANG,SSSS,4,2026-08-11 06:00,2026-08-11 18:00,390.6,PROTOTYPE_SYNTHETIC,PROTOTYPE_6H_SYNTHETIC
CAND0986,SOUTHWEST,GWANGYANG,UIWANG,GWANGYANG|DONGSAN|BUGANG|UIWANG,GWANGYANG|DONGSAN|BUGANG|UIWANG,SSSS,4,2026-08-11 12:00,2026-08-12 00:00,390.6,PROTOTYPE_SYNTHETIC,PROTOTYPE_6H_SYNTHETIC
CAND0987,SOUTHWEST,GWANGYANG,UIWANG,GWANGYANG|DONGSAN|BUGANG|UIWANG,GWANGYANG|DONGSAN|BUGANG|UIWANG,SSSS,4,2026-08-11 18:00,2026-08-12 06:00,390.6,PROTOTYPE_SYNTHETIC,PROTOTYPE_6H_SYNTHETIC
CAND0988,SOUTHWEST,GWANGYANG,UIWANG,GWANGYANG|DONGSAN|BUGANG|UIWANG,GWANGYANG|DONGSAN|BUGANG|UIWANG,SSSS,4,2026-08-12 00:00,2026-08-12 12:00,390.6,PROTOTYPE_SYNTHETIC,PROTOTYPE_6H_SYNTHETIC
CAND0989,SOUTHWEST,GWANGYANG,UIWANG,GWANGYANG|DONGSAN|BUGANG|UIWANG,GWANGYANG|DONGSAN|BUGANG|UIWANG,SSSS,4,2026-08-12 06:00,2026-08-12 18:00,390.6,PROTOTYPE_SYNTHETIC,PROTOTYPE_6H_SYNTHETIC
CAND0990,SOUTHWEST,GWANGYANG,UIWANG,GWANGYANG|DONGSAN|BUGANG|UIWANG,GWANGYANG|DONGSAN|BUGANG|UIWANG,SSSS,4,2026-08-12 12:00,2026-08-13 00:00,390.6,PROTOTYPE_SYNTHETIC,PROTOTYPE_6H_SYNTHETIC
CAND0991,SOUTHWEST,GWANGYANG,UIWANG,GWANGYANG|DONGSAN|BUGANG|UIWANG,GWANGYANG|DONGSAN|BUGANG|UIWANG,SSSS,4,2026-08-12 18:00,2026-08-13 06:00,390.6,PROTOTYPE_SYNTHETIC,PROTOTYPE_6H_SYNTHETIC
CAND0992,SOUTHWEST,GWANGYANG,UIWANG,GWANGYANG|DONGSAN|BUGANG|UIWANG,GWANGYANG|DONGSAN|BUGANG|UIWANG,SSSS,4,2026-08-13 00:00,2026-08-13 12:00,390.6,PROTOTYPE_SYNTHETIC,PROTOTYPE_6H_SYNTHETIC
CAND0993,SOUTHWEST,GWANGYANG,UIWANG,GWANGYANG|DONGSAN|BUGANG|UIWANG,GWANGYANG|DONGSAN|BUGANG|UIWANG,SSSS,4,2026-08-13 06:00,2026-08-13 18:00,390.6,PROTOTYPE_SYNTHETIC,PROTOTYPE_6H_SYNTHETIC
CAND0994,SOUTHWEST,GWANGYANG,UIWANG,GWANGYANG|DONGSAN|BUGANG|UIWANG,GWANGYANG|DONGSAN|BUGANG|UIWANG,SSSS,4,2026-08-13 12:00,2026-08-14 00:00,390.6,PROTOTYPE_SYNTHETIC,PROTOTYPE_6H_SYNTHETIC
CAND0995,SOUTHWEST,GWANGYANG,UIWANG,GWANGYANG|DONGSAN|BUGANG|UIWANG,GWANGYANG|DONGSAN|BUGANG|UIWANG,SSSS,4,2026-08-13 18:00,2026-08-14 06:00,390.6,PROTOTYPE_SYNTHETIC,PROTOTYPE_6H_SYNTHETIC
CAND0996,SOUTHWEST,GWANGYANG,UIWANG,GWANGYANG|DONGSAN|BUGANG|UIWANG,GWANGYANG|DONGSAN|BUGANG|UIWANG,SSSS,4,2026-08-14 00:00,2026-08-14 12:00,390.6,PROTOTYPE_SYNTHETIC,PROTOTYPE_6H_SYNTHETIC
CAND0997,SOUTHWEST,GWANGYANG,UIWANG,GWANGYANG|DONGSAN|BUGANG|UIWANG,GWANGYANG|DONGSAN|BUGANG|UIWANG,SSSS,4,2026-08-14 06:00,2026-08-14 18:00,390.6,PROTOTYPE_SYNTHETIC,PROTOTYPE_6H_SYNTHETIC
CAND0998,SOUTHWEST,GWANGYANG,UIWANG,GWANGYANG|DONGSAN|BUGANG|UIWANG,GWANGYANG|DONGSAN|BUGANG|UIWANG,SSSS,4,2026-08-14 12:00,2026-08-15 00:00,390.6,PROTOTYPE_SYNTHETIC,PROTOTYPE_6H_SYNTHETIC
CAND0999,SOUTHWEST,GWANGYANG,UIWANG,GWANGYANG|DONGSAN|BUGANG|UIWANG,GWANGYANG|DONGSAN|BUGANG|UIWANG,SSSS,4,2026-08-14 18:00,2026-08-15 06:00,390.6,PROTOTYPE_SYNTHETIC,PROTOTYPE_6H_SYNTHETIC
CAND1000,SOUTHWEST,GWANGYANG,UIWANG,GWANGYANG|DONGSAN|BUGANG|UIWANG,GWANGYANG|DONGSAN|BUGANG|UIWANG,SSSS,4,2026-08-15 00:00,2026-08-15 12:00,390.6,PROTOTYPE_SYNTHETIC,PROTOTYPE_6H_SYNTHETIC
CAND1001,SOUTHWEST,GWANGYANG,UIWANG,GWANGYANG|DONGSAN|BUGANG|UIWANG,GWANGYANG|DONGSAN|BUGANG|UIWANG,SSSS,4,2026-08-15 06:00,2026-08-15 18:00,390.6,PROTOTYPE_SYNTHETIC,PROTOTYPE_6H_SYNTHETIC
CAND1002,SOUTHWEST,GWANGYANG,UIWANG,GWANGYANG|DONGSAN|BUGANG|UIWANG,GWANGYANG|DONGSAN|BUGANG|UIWANG,SSSS,4,2026-08-15 12:00,2026-08-16 00:00,390.6,PROTOTYPE_SYNTHETIC,PROTOTYPE_6H_SYNTHETIC
CAND1003,SOUTHWEST,GWANGYANG,UIWANG,GWANGYANG|DONGSAN|BUGANG|UIWANG,GWANGYANG|DONGSAN|BUGANG|UIWANG,SSSS,4,2026-08-15 18:00,2026-08-16 06:00,390.6,PROTOTYPE_SYNTHETIC,PROTOTYPE_6H_SYNTHETIC
CAND1004,SOUTHWEST,GWANGYANG,UIWANG,GWANGYANG|DONGSAN|BUGANG|UIWANG,GWANGYANG|DONGSAN|BUGANG|UIWANG,SSSS,4,2026-08-16 00:00,2026-08-16 12:00,390.6,PROTOTYPE_SYNTHETIC,PROTOTYPE_6H_SYNTHETIC
CAND1005,SOUTHWEST,GWANGYANG,UIWANG,GWANGYANG|DONGSAN|BUGANG|UIWANG,GWANGYANG|DONGSAN|BUGANG|UIWANG,SSSS,4,2026-08-16 06:00,2026-08-16 18:00,390.6,PROTOTYPE_SYNTHETIC,PROTOTYPE_6H_SYNTHETIC
CAND1006,SOUTHWEST,DONGSAN,BUGANG,DONGSAN|BUGANG,DONGSAN|BUGANG,SS,2,2026-08-10 06:00,2026-08-10 08:00,130.2,PROTOTYPE_SYNTHETIC,PROTOTYPE_6H_SYNTHETIC
CAND1007,SOUTHWEST,DONGSAN,BUGANG,DONGSAN|BUGANG,DONGSAN|BUGANG,SS,2,2026-08-10 12:00,2026-08-10 14:00,130.2,PROTOTYPE_SYNTHETIC,PROTOTYPE_6H_SYNTHETIC
CAND1008,SOUTHWEST,DONGSAN,BUGANG,DONGSAN|BUGANG,DONGSAN|BUGANG,SS,2,2026-08-10 18:00,2026-08-10 20:00,130.2,PROTOTYPE_SYNTHETIC,PROTOTYPE_6H_SYNTHETIC
CAND1009,SOUTHWEST,DONGSAN,BUGANG,DONGSAN|BUGANG,DONGSAN|BUGANG,SS,2,2026-08-11 00:00,2026-08-11 02:00,130.2,PROTOTYPE_SYNTHETIC,PROTOTYPE_6H_SYNTHETIC
CAND1010,SOUTHWEST,DONGSAN,BUGANG,DONGSAN|BUGANG,DONGSAN|BUGANG,SS,2,2026-08-11 06:00,2026-08-11 08:00,130.2,PROTOTYPE_SYNTHETIC,PROTOTYPE_6H_SYNTHETIC
CAND1011,SOUTHWEST,DONGSAN,BUGANG,DONGSAN|BUGANG,DONGSAN|BUGANG,SS,2,2026-08-11 12:00,2026-08-11 14:00,130.2,PROTOTYPE_SYNTHETIC,PROTOTYPE_6H_SYNTHETIC
CAND1012,SOUTHWEST,DONGSAN,BUGANG,DONGSAN|BUGANG,DONGSAN|BUGANG,SS,2,2026-08-11 18:00,2026-08-11 20:00,130.2,PROTOTYPE_SYNTHETIC,PROTOTYPE_6H_SYNTHETIC
CAND1013,SOUTHWEST,DONGSAN,BUGANG,DONGSAN|BUGANG,DONGSAN|BUGANG,SS,2,2026-08-12 00:00,2026-08-12 02:00,130.2,PROTOTYPE_SYNTHETIC,PROTOTYPE_6H_SYNTHETIC
CAND1014,SOUTHWEST,DONGSAN,BUGANG,DONGSAN|BUGANG,DONGSAN|BUGANG,SS,2,2026-08-12 06:00,2026-08-12 08:00,130.2,PROTOTYPE_SYNTHETIC,PROTOTYPE_6H_SYNTHETIC
CAND1015,SOUTHWEST,DONGSAN,BUGANG,DONGSAN|BUGANG,DONGSAN|BUGANG,SS,2,2026-08-12 12:00,2026-08-12 14:00,130.2,PROTOTYPE_SYNTHETIC,PROTOTYPE_6H_SYNTHETIC
CAND1016,SOUTHWEST,DONGSAN,BUGANG,DONGSAN|BUGANG,DONGSAN|BUGANG,SS,2,2026-08-12 18:00,2026-08-12 20:00,130.2,PROTOTYPE_SYNTHETIC,PROTOTYPE_6H_SYNTHETIC
CAND1017,SOUTHWEST,DONGSAN,BUGANG,DONGSAN|BUGANG,DONGSAN|BUGANG,SS,2,2026-08-13 00:00,2026-08-13 02:00,130.2,PROTOTYPE_SYNTHETIC,PROTOTYPE_6H_SYNTHETIC
CAND1018,SOUTHWEST,DONGSAN,BUGANG,DONGSAN|BUGANG,DONGSAN|BUGANG,SS,2,2026-08-13 06:00,2026-08-13 08:00,130.2,PROTOTYPE_SYNTHETIC,PROTOTYPE_6H_SYNTHETIC
CAND1019,SOUTHWEST,DONGSAN,BUGANG,DONGSAN|BUGANG,DONGSAN|BUGANG,SS,2,2026-08-13 12:00,2026-08-13 14:00,130.2,PROTOTYPE_SYNTHETIC,PROTOTYPE_6H_SYNTHETIC
CAND1020,SOUTHWEST,DONGSAN,BUGANG,DONGSAN|BUGANG,DONGSAN|BUGANG,SS,2,2026-08-13 18:00,2026-08-13 20:00,130.2,PROTOTYPE_SYNTHETIC,PROTOTYPE_6H_SYNTHETIC
CAND1021,SOUTHWEST,DONGSAN,BUGANG,DONGSAN|BUGANG,DONGSAN|BUGANG,SS,2,2026-08-14 00:00,2026-08-14 02:00,130.2,PROTOTYPE_SYNTHETIC,PROTOTYPE_6H_SYNTHETIC
CAND1022,SOUTHWEST,DONGSAN,BUGANG,DONGSAN|BUGANG,DONGSAN|BUGANG,SS,2,2026-08-14 06:00,2026-08-14 08:00,130.2,PROTOTYPE_SYNTHETIC,PROTOTYPE_6H_SYNTHETIC
CAND1023,SOUTHWEST,DONGSAN,BUGANG,DONGSAN|BUGANG,DONGSAN|BUGANG,SS,2,2026-08-14 12:00,2026-08-14 14:00,130.2,PROTOTYPE_SYNTHETIC,PROTOTYPE_6H_SYNTHETIC
CAND1024,SOUTHWEST,DONGSAN,BUGANG,DONGSAN|BUGANG,DONGSAN|BUGANG,SS,2,2026-08-14 18:00,2026-08-14 20:00,130.2,PROTOTYPE_SYNTHETIC,PROTOTYPE_6H_SYNTHETIC
CAND1025,SOUTHWEST,DONGSAN,BUGANG,DONGSAN|BUGANG,DONGSAN|BUGANG,SS,2,2026-08-15 00:00,2026-08-15 02:00,130.2,PROTOTYPE_SYNTHETIC,PROTOTYPE_6H_SYNTHETIC
CAND1026,SOUTHWEST,DONGSAN,BUGANG,DONGSAN|BUGANG,DONGSAN|BUGANG,SS,2,2026-08-15 06:00,2026-08-15 08:00,130.2,PROTOTYPE_SYNTHETIC,PROTOTYPE_6H_SYNTHETIC
CAND1027,SOUTHWEST,DONGSAN,BUGANG,DONGSAN|BUGANG,DONGSAN|BUGANG,SS,2,2026-08-15 12:00,2026-08-15 14:00,130.2,PROTOTYPE_SYNTHETIC,PROTOTYPE_6H_SYNTHETIC
CAND1028,SOUTHWEST,DONGSAN,BUGANG,DONGSAN|BUGANG,DONGSAN|BUGANG,SS,2,2026-08-15 18:00,2026-08-15 20:00,130.2,PROTOTYPE_SYNTHETIC,PROTOTYPE_6H_SYNTHETIC
CAND1029,SOUTHWEST,DONGSAN,BUGANG,DONGSAN|BUGANG,DONGSAN|BUGANG,SS,2,2026-08-16 00:00,2026-08-16 02:00,130.2,PROTOTYPE_SYNTHETIC,PROTOTYPE_6H_SYNTHETIC
CAND1030,SOUTHWEST,DONGSAN,BUGANG,DONGSAN|BUGANG,DONGSAN|BUGANG,SS,2,2026-08-16 06:00,2026-08-16 08:00,130.2,PROTOTYPE_SYNTHETIC,PROTOTYPE_6H_SYNTHETIC
CAND1031,SOUTHWEST,DONGSAN,BUGANG,DONGSAN|BUGANG,DONGSAN|BUGANG,SS,2,2026-08-16 12:00,2026-08-16 14:00,130.2,PROTOTYPE_SYNTHETIC,PROTOTYPE_6H_SYNTHETIC
CAND1032,SOUTHWEST,DONGSAN,BUGANG,DONGSAN|BUGANG,DONGSAN|BUGANG,SS,2,2026-08-16 18:00,2026-08-16 20:00,130.2,PROTOTYPE_SYNTHETIC,PROTOTYPE_6H_SYNTHETIC
CAND1033,SOUTHWEST,DONGSAN,UIWANG,DONGSAN|BUGANG|UIWANG,DONGSAN|UIWANG,SPS,2,2026-08-10 06:00,2026-08-10 10:00,242.0,PROTOTYPE_SYNTHETIC,PROTOTYPE_6H_SYNTHETIC
CAND1034,SOUTHWEST,DONGSAN,UIWANG,DONGSAN|BUGANG|UIWANG,DONGSAN|UIWANG,SPS,2,2026-08-10 12:00,2026-08-10 16:00,242.0,PROTOTYPE_SYNTHETIC,PROTOTYPE_6H_SYNTHETIC
CAND1035,SOUTHWEST,DONGSAN,UIWANG,DONGSAN|BUGANG|UIWANG,DONGSAN|UIWANG,SPS,2,2026-08-10 18:00,2026-08-10 22:00,242.0,PROTOTYPE_SYNTHETIC,PROTOTYPE_6H_SYNTHETIC
CAND1036,SOUTHWEST,DONGSAN,UIWANG,DONGSAN|BUGANG|UIWANG,DONGSAN|UIWANG,SPS,2,2026-08-11 00:00,2026-08-11 04:00,242.0,PROTOTYPE_SYNTHETIC,PROTOTYPE_6H_SYNTHETIC
CAND1037,SOUTHWEST,DONGSAN,UIWANG,DONGSAN|BUGANG|UIWANG,DONGSAN|UIWANG,SPS,2,2026-08-11 06:00,2026-08-11 10:00,242.0,PROTOTYPE_SYNTHETIC,PROTOTYPE_6H_SYNTHETIC
CAND1038,SOUTHWEST,DONGSAN,UIWANG,DONGSAN|BUGANG|UIWANG,DONGSAN|UIWANG,SPS,2,2026-08-11 12:00,2026-08-11 16:00,242.0,PROTOTYPE_SYNTHETIC,PROTOTYPE_6H_SYNTHETIC
CAND1039,SOUTHWEST,DONGSAN,UIWANG,DONGSAN|BUGANG|UIWANG,DONGSAN|UIWANG,SPS,2,2026-08-11 18:00,2026-08-11 22:00,242.0,PROTOTYPE_SYNTHETIC,PROTOTYPE_6H_SYNTHETIC
CAND1040,SOUTHWEST,DONGSAN,UIWANG,DONGSAN|BUGANG|UIWANG,DONGSAN|UIWANG,SPS,2,2026-08-12 00:00,2026-08-12 04:00,242.0,PROTOTYPE_SYNTHETIC,PROTOTYPE_6H_SYNTHETIC
CAND1041,SOUTHWEST,DONGSAN,UIWANG,DONGSAN|BUGANG|UIWANG,DONGSAN|UIWANG,SPS,2,2026-08-12 06:00,2026-08-12 10:00,242.0,PROTOTYPE_SYNTHETIC,PROTOTYPE_6H_SYNTHETIC
CAND1042,SOUTHWEST,DONGSAN,UIWANG,DONGSAN|BUGANG|UIWANG,DONGSAN|UIWANG,SPS,2,2026-08-12 12:00,2026-08-12 16:00,242.0,PROTOTYPE_SYNTHETIC,PROTOTYPE_6H_SYNTHETIC
CAND1043,SOUTHWEST,DONGSAN,UIWANG,DONGSAN|BUGANG|UIWANG,DONGSAN|UIWANG,SPS,2,2026-08-12 18:00,2026-08-12 22:00,242.0,PROTOTYPE_SYNTHETIC,PROTOTYPE_6H_SYNTHETIC
CAND1044,SOUTHWEST,DONGSAN,UIWANG,DONGSAN|BUGANG|UIWANG,DONGSAN|UIWANG,SPS,2,2026-08-13 00:00,2026-08-13 04:00,242.0,PROTOTYPE_SYNTHETIC,PROTOTYPE_6H_SYNTHETIC
CAND1045,SOUTHWEST,DONGSAN,UIWANG,DONGSAN|BUGANG|UIWANG,DONGSAN|UIWANG,SPS,2,2026-08-13 06:00,2026-08-13 10:00,242.0,PROTOTYPE_SYNTHETIC,PROTOTYPE_6H_SYNTHETIC
CAND1046,SOUTHWEST,DONGSAN,UIWANG,DONGSAN|BUGANG|UIWANG,DONGSAN|UIWANG,SPS,2,2026-08-13 12:00,2026-08-13 16:00,242.0,PROTOTYPE_SYNTHETIC,PROTOTYPE_6H_SYNTHETIC
CAND1047,SOUTHWEST,DONGSAN,UIWANG,DONGSAN|BUGANG|UIWANG,DONGSAN|UIWANG,SPS,2,2026-08-13 18:00,2026-08-13 22:00,242.0,PROTOTYPE_SYNTHETIC,PROTOTYPE_6H_SYNTHETIC
CAND1048,SOUTHWEST,DONGSAN,UIWANG,DONGSAN|BUGANG|UIWANG,DONGSAN|UIWANG,SPS,2,2026-08-14 00:00,2026-08-14 04:00,242.0,PROTOTYPE_SYNTHETIC,PROTOTYPE_6H_SYNTHETIC
CAND1049,SOUTHWEST,DONGSAN,UIWANG,DONGSAN|BUGANG|UIWANG,DONGSAN|UIWANG,SPS,2,2026-08-14 06:00,2026-08-14 10:00,242.0,PROTOTYPE_SYNTHETIC,PROTOTYPE_6H_SYNTHETIC
CAND1050,SOUTHWEST,DONGSAN,UIWANG,DONGSAN|BUGANG|UIWANG,DONGSAN|UIWANG,SPS,2,2026-08-14 12:00,2026-08-14 16:00,242.0,PROTOTYPE_SYNTHETIC,PROTOTYPE_6H_SYNTHETIC
CAND1051,SOUTHWEST,DONGSAN,UIWANG,DONGSAN|BUGANG|UIWANG,DONGSAN|UIWANG,SPS,2,2026-08-14 18:00,2026-08-14 22:00,242.0,PROTOTYPE_SYNTHETIC,PROTOTYPE_6H_SYNTHETIC
CAND1052,SOUTHWEST,DONGSAN,UIWANG,DONGSAN|BUGANG|UIWANG,DONGSAN|UIWANG,SPS,2,2026-08-15 00:00,2026-08-15 04:00,242.0,PROTOTYPE_SYNTHETIC,PROTOTYPE_6H_SYNTHETIC
CAND1053,SOUTHWEST,DONGSAN,UIWANG,DONGSAN|BUGANG|UIWANG,DONGSAN|UIWANG,SPS,2,2026-08-15 06:00,2026-08-15 10:00,242.0,PROTOTYPE_SYNTHETIC,PROTOTYPE_6H_SYNTHETIC
CAND1054,SOUTHWEST,DONGSAN,UIWANG,DONGSAN|BUGANG|UIWANG,DONGSAN|UIWANG,SPS,2,2026-08-15 12:00,2026-08-15 16:00,242.0,PROTOTYPE_SYNTHETIC,PROTOTYPE_6H_SYNTHETIC
CAND1055,SOUTHWEST,DONGSAN,UIWANG,DONGSAN|BUGANG|UIWANG,DONGSAN|UIWANG,SPS,2,2026-08-15 18:00,2026-08-15 22:00,242.0,PROTOTYPE_SYNTHETIC,PROTOTYPE_6H_SYNTHETIC
CAND1056,SOUTHWEST,DONGSAN,UIWANG,DONGSAN|BUGANG|UIWANG,DONGSAN|UIWANG,SPS,2,2026-08-16 00:00,2026-08-16 04:00,242.0,PROTOTYPE_SYNTHETIC,PROTOTYPE_6H_SYNTHETIC
CAND1057,SOUTHWEST,DONGSAN,UIWANG,DONGSAN|BUGANG|UIWANG,DONGSAN|UIWANG,SPS,2,2026-08-16 06:00,2026-08-16 10:00,242.0,PROTOTYPE_SYNTHETIC,PROTOTYPE_6H_SYNTHETIC
CAND1058,SOUTHWEST,DONGSAN,UIWANG,DONGSAN|BUGANG|UIWANG,DONGSAN|UIWANG,SPS,2,2026-08-16 12:00,2026-08-16 16:00,242.0,PROTOTYPE_SYNTHETIC,PROTOTYPE_6H_SYNTHETIC
CAND1059,SOUTHWEST,DONGSAN,UIWANG,DONGSAN|BUGANG|UIWANG,DONGSAN|BUGANG|UIWANG,SSS,3,2026-08-10 06:00,2026-08-10 13:00,242.0,PROTOTYPE_SYNTHETIC,PROTOTYPE_6H_SYNTHETIC
CAND1060,SOUTHWEST,DONGSAN,UIWANG,DONGSAN|BUGANG|UIWANG,DONGSAN|BUGANG|UIWANG,SSS,3,2026-08-10 12:00,2026-08-10 19:00,242.0,PROTOTYPE_SYNTHETIC,PROTOTYPE_6H_SYNTHETIC
CAND1061,SOUTHWEST,DONGSAN,UIWANG,DONGSAN|BUGANG|UIWANG,DONGSAN|BUGANG|UIWANG,SSS,3,2026-08-10 18:00,2026-08-11 01:00,242.0,PROTOTYPE_SYNTHETIC,PROTOTYPE_6H_SYNTHETIC
CAND1062,SOUTHWEST,DONGSAN,UIWANG,DONGSAN|BUGANG|UIWANG,DONGSAN|BUGANG|UIWANG,SSS,3,2026-08-11 00:00,2026-08-11 07:00,242.0,PROTOTYPE_SYNTHETIC,PROTOTYPE_6H_SYNTHETIC
CAND1063,SOUTHWEST,DONGSAN,UIWANG,DONGSAN|BUGANG|UIWANG,DONGSAN|BUGANG|UIWANG,SSS,3,2026-08-11 06:00,2026-08-11 13:00,242.0,PROTOTYPE_SYNTHETIC,PROTOTYPE_6H_SYNTHETIC
CAND1064,SOUTHWEST,DONGSAN,UIWANG,DONGSAN|BUGANG|UIWANG,DONGSAN|BUGANG|UIWANG,SSS,3,2026-08-11 12:00,2026-08-11 19:00,242.0,PROTOTYPE_SYNTHETIC,PROTOTYPE_6H_SYNTHETIC
CAND1065,SOUTHWEST,DONGSAN,UIWANG,DONGSAN|BUGANG|UIWANG,DONGSAN|BUGANG|UIWANG,SSS,3,2026-08-11 18:00,2026-08-12 01:00,242.0,PROTOTYPE_SYNTHETIC,PROTOTYPE_6H_SYNTHETIC
CAND1066,SOUTHWEST,DONGSAN,UIWANG,DONGSAN|BUGANG|UIWANG,DONGSAN|BUGANG|UIWANG,SSS,3,2026-08-12 00:00,2026-08-12 07:00,242.0,PROTOTYPE_SYNTHETIC,PROTOTYPE_6H_SYNTHETIC
CAND1067,SOUTHWEST,DONGSAN,UIWANG,DONGSAN|BUGANG|UIWANG,DONGSAN|BUGANG|UIWANG,SSS,3,2026-08-12 06:00,2026-08-12 13:00,242.0,PROTOTYPE_SYNTHETIC,PROTOTYPE_6H_SYNTHETIC
CAND1068,SOUTHWEST,DONGSAN,UIWANG,DONGSAN|BUGANG|UIWANG,DONGSAN|BUGANG|UIWANG,SSS,3,2026-08-12 12:00,2026-08-12 19:00,242.0,PROTOTYPE_SYNTHETIC,PROTOTYPE_6H_SYNTHETIC
CAND1069,SOUTHWEST,DONGSAN,UIWANG,DONGSAN|BUGANG|UIWANG,DONGSAN|BUGANG|UIWANG,SSS,3,2026-08-12 18:00,2026-08-13 01:00,242.0,PROTOTYPE_SYNTHETIC,PROTOTYPE_6H_SYNTHETIC
CAND1070,SOUTHWEST,DONGSAN,UIWANG,DONGSAN|BUGANG|UIWANG,DONGSAN|BUGANG|UIWANG,SSS,3,2026-08-13 00:00,2026-08-13 07:00,242.0,PROTOTYPE_SYNTHETIC,PROTOTYPE_6H_SYNTHETIC
CAND1071,SOUTHWEST,DONGSAN,UIWANG,DONGSAN|BUGANG|UIWANG,DONGSAN|BUGANG|UIWANG,SSS,3,2026-08-13 06:00,2026-08-13 13:00,242.0,PROTOTYPE_SYNTHETIC,PROTOTYPE_6H_SYNTHETIC
CAND1072,SOUTHWEST,DONGSAN,UIWANG,DONGSAN|BUGANG|UIWANG,DONGSAN|BUGANG|UIWANG,SSS,3,2026-08-13 12:00,2026-08-13 19:00,242.0,PROTOTYPE_SYNTHETIC,PROTOTYPE_6H_SYNTHETIC
CAND1073,SOUTHWEST,DONGSAN,UIWANG,DONGSAN|BUGANG|UIWANG,DONGSAN|BUGANG|UIWANG,SSS,3,2026-08-13 18:00,2026-08-14 01:00,242.0,PROTOTYPE_SYNTHETIC,PROTOTYPE_6H_SYNTHETIC
CAND1074,SOUTHWEST,DONGSAN,UIWANG,DONGSAN|BUGANG|UIWANG,DONGSAN|BUGANG|UIWANG,SSS,3,2026-08-14 00:00,2026-08-14 07:00,242.0,PROTOTYPE_SYNTHETIC,PROTOTYPE_6H_SYNTHETIC
CAND1075,SOUTHWEST,DONGSAN,UIWANG,DONGSAN|BUGANG|UIWANG,DONGSAN|BUGANG|UIWANG,SSS,3,2026-08-14 06:00,2026-08-14 13:00,242.0,PROTOTYPE_SYNTHETIC,PROTOTYPE_6H_SYNTHETIC
CAND1076,SOUTHWEST,DONGSAN,UIWANG,DONGSAN|BUGANG|UIWANG,DONGSAN|BUGANG|UIWANG,SSS,3,2026-08-14 12:00,2026-08-14 19:00,242.0,PROTOTYPE_SYNTHETIC,PROTOTYPE_6H_SYNTHETIC
CAND1077,SOUTHWEST,DONGSAN,UIWANG,DONGSAN|BUGANG|UIWANG,DONGSAN|BUGANG|UIWANG,SSS,3,2026-08-14 18:00,2026-08-15 01:00,242.0,PROTOTYPE_SYNTHETIC,PROTOTYPE_6H_SYNTHETIC
CAND1078,SOUTHWEST,DONGSAN,UIWANG,DONGSAN|BUGANG|UIWANG,DONGSAN|BUGANG|UIWANG,SSS,3,2026-08-15 00:00,2026-08-15 07:00,242.0,PROTOTYPE_SYNTHETIC,PROTOTYPE_6H_SYNTHETIC
CAND1079,SOUTHWEST,DONGSAN,UIWANG,DONGSAN|BUGANG|UIWANG,DONGSAN|BUGANG|UIWANG,SSS,3,2026-08-15 06:00,2026-08-15 13:00,242.0,PROTOTYPE_SYNTHETIC,PROTOTYPE_6H_SYNTHETIC
CAND1080,SOUTHWEST,DONGSAN,UIWANG,DONGSAN|BUGANG|UIWANG,DONGSAN|BUGANG|UIWANG,SSS,3,2026-08-15 12:00,2026-08-15 19:00,242.0,PROTOTYPE_SYNTHETIC,PROTOTYPE_6H_SYNTHETIC
CAND1081,SOUTHWEST,DONGSAN,UIWANG,DONGSAN|BUGANG|UIWANG,DONGSAN|BUGANG|UIWANG,SSS,3,2026-08-15 18:00,2026-08-16 01:00,242.0,PROTOTYPE_SYNTHETIC,PROTOTYPE_6H_SYNTHETIC
CAND1082,SOUTHWEST,DONGSAN,UIWANG,DONGSAN|BUGANG|UIWANG,DONGSAN|BUGANG|UIWANG,SSS,3,2026-08-16 00:00,2026-08-16 07:00,242.0,PROTOTYPE_SYNTHETIC,PROTOTYPE_6H_SYNTHETIC
CAND1083,SOUTHWEST,DONGSAN,UIWANG,DONGSAN|BUGANG|UIWANG,DONGSAN|BUGANG|UIWANG,SSS,3,2026-08-16 06:00,2026-08-16 13:00,242.0,PROTOTYPE_SYNTHETIC,PROTOTYPE_6H_SYNTHETIC
CAND1084,SOUTHWEST,DONGSAN,UIWANG,DONGSAN|BUGANG|UIWANG,DONGSAN|BUGANG|UIWANG,SSS,3,2026-08-16 12:00,2026-08-16 19:00,242.0,PROTOTYPE_SYNTHETIC,PROTOTYPE_6H_SYNTHETIC
