기점_노선,시도,시군구,읍면동,구간거리_km,40FT_안전위탁운임_원,40FT_운수사업자간운임_원,40FT_안전운송운임_원,20FT_안전위탁운임_원,20FT_운수사업자간운임_원,20FT_안전운송운임_원
부산신항↔의왕ICD,서울특별시,종로구,청운효자동,443,648800,725100,811600,569400,640300,720900
부산신항↔의왕ICD,서울특별시,종로구,사직동,435,640900,717100,803500,563500,634300,714800
부산신항↔의왕ICD,서울특별시,종로구,삼청동,442,648600,725000,811500,569000,639900,720600
부산신항↔의왕ICD,서울특별시,종로구,부암동,442,649100,725600,812200,569300,640300,721100
부산신항↔의왕ICD,서울특별시,종로구,평창동,450,666200,743500,830900,583700,655400,736900
부산신항↔의왕ICD,서울특별시,종로구,무악동,443,648800,725100,811600,569400,640300,720900
부산신항↔의왕ICD,서울특별시,종로구,교남동,441,647100,723400,809900,568000,638900,719500
부산신항↔의왕ICD,서울특별시,종로구,가회동,436,642400,718700,805200,564400,635300,715900
부산신항↔의왕ICD,서울특별시,종로구,종로1234가동,437,642700,718900,805300,564900,635700,716300
부산신항↔의왕ICD,서울특별시,종로구,종로5.6가동,436,641800,718000,804400,564200,635000,715600
부산신항↔의왕ICD,서울특별시,종로구,이화동,438,644300,720600,807100,565800,636700,717300
부산신항↔의왕ICD,서울특별시,종로구,혜화동,438,645400,721900,808500,566500,637500,718200
부산신항↔의왕ICD,서울특별시,종로구,창신1동,435,640900,717100,803500,563500,634300,714800
부산신항↔의왕ICD,서울특별시,종로구,창신2동,432,638100,714100,800300,561300,631900,712200
부산신항↔의왕ICD,서울특별시,종로구,창신3동,433,639700,715800,802000,562300,632900,713300
부산신항↔의왕ICD,서울특별시,종로구,숭인1동,440,646100,722400,808900,567300,638100,718700
부산신항↔의왕ICD,서울특별시,종로구,숭인2동,431,637900,713800,799800,560900,631400,711600
부산신항↔의왕ICD,서울특별시,중구,소공동,434,639400,715500,801800,562500,633200,713700
부산신항↔의왕ICD,서울특별시,중구,회현동,434,638800,714900,801100,562200,632800,713200
부산신항↔의왕ICD,서울특별시,중구,명동,434,638800,714900,801100,562200,632800,713200
부산신항↔의왕ICD,서울특별시,중구,필동,435,640300,716400,802700,563200,633900,714400
부산신항↔의왕ICD,서울특별시,중구,장충동,434,639400,715500,801800,562500,633200,713700
부산신항↔의왕ICD,서울특별시,중구,광희동,434,639400,715500,801800,562500,633200,713700
부산신항↔의왕ICD,서울특별시,중구,을지로동,436,641800,718000,804400,564200,635000,715600
부산신항↔의왕ICD,서울특별시,중구,신당동,434,640000,716100,802400,562900,633600,714000
부산신항↔의왕ICD,서울특별시,중구,다산동,433,638500,714600,800800,561900,632500,712900
부산신항↔의왕ICD,서울특별시,중구,약수동,434,640000,716100,802400,562900,633600,714000
부산신항↔의왕ICD,서울특별시,중구,청구동,434,640000,716100,802400,562900,633600,714000
부산신항↔의왕ICD,서울특별시,중구,신당5동,435,641500,717800,804200,563800,634600,715100
부산신항↔의왕ICD,서울특별시,중구,동화동,432,637500,713500,799600,561100,631700,712000
부산신항↔의왕ICD,서울특별시,중구,황학동,435,641500,717800,804200,563800,634600,715100
부산신항↔의왕ICD,서울특별시,중구,중림동,443,648300,724500,810900,569200,640000,720600
부산신항↔의왕ICD,서울특별시,용산구,후암동,433,637900,714000,800200,561400,632100,712500
부산신항↔의왕ICD,서울특별시,용산구,용산2가동,430,634000,709900,795900,558900,629300,709400
부산신항↔의왕ICD,서울특별시,용산구,남영동,438,641900,717900,804100,564600,635200,715500
부산신항↔의왕ICD,서울특별시,용산구,청파동,440,644300,720400,806600,566400,637100,717500
부산신항↔의왕ICD,서울특별시,용산구,원효로1동,437,642100,718300,804600,564600,635300,715800
부산신항↔의왕ICD,서울특별시,용산구,원효로2동,439,644000,720200,806500,566100,636800,717300
부산신항↔의왕ICD,서울특별시,용산구,효창동,440,644300,720400,806600,566400,637100,717500
부산신항↔의왕ICD,서울특별시,용산구,용문동,439,643400,719500,805700,565600,636300,716700
부산신항↔의왕ICD,서울특별시,용산구,한강로동,436,640100,716100,802300,563300,633900,714200
부산신항↔의왕ICD,서울특별시,용산구,이촌1동,434,637600,713600,799700,561600,632100,712400
부산신항↔의왕ICD,서울특별시,용산구,이촌2동,438,642500,718600,804800,565000,635700,716100
부산신항↔의왕ICD,서울특별시,용산구,이태원1동,427,630700,706300,792000,556400,626600,706600
부산신항↔의왕ICD,서울특별시,용산구,이태원2동,428,632200,707900,793700,557300,627600,707600
부산신항↔의왕ICD,서울특별시,용산구,한남동,430,634000,709900,795900,558900,629300,709400
부산신항↔의왕ICD,서울특별시,용산구,서빙고동,430,632800,708600,794500,558200,628600,708700
부산신항↔의왕ICD,서울특별시,용산구,보광동,429,631900,707700,793600,557500,627900,708000
부산신항↔의왕ICD,서울특별시,성동구,왕십리2동,432,638100,714100,800300,561300,631900,712200
부산신항↔의왕ICD,서울특별시,성동구,왕십리도선동,438,644300,720600,807100,565800,636700,717300
부산신항↔의왕ICD,서울특별시,성동구,마장동,436,643000,719300,805800,564800,635600,716200
부산신항↔의왕ICD,서울특별시,성동구,사근동,433,639700,715800,802000,562300,632900,713300
부산신항↔의왕ICD,서울특별시,성동구,행당1동,432,638100,714100,800300,561300,631900,712200
부산신항↔의왕ICD,서울특별시,성동구,행당2동,433,639000,715100,801300,562100,632700,713100
부산신항↔의왕ICD,서울특별시,성동구,응봉동,430,636300,712100,798100,560000,630400,710600
부산신항↔의왕ICD,서울특별시,성동구,금호1가동,432,637500,713500,799600,561100,631700,712000
부산신항↔의왕ICD,서울특별시,성동구,금호2.3가동,431,636000,711900,798000,560000,630500,710800
부산신항↔의왕ICD,서울특별시,성동구,금호4가동,430,635100,711000,797000,559300,629700,709900
부산신항↔의왕ICD,서울특별시,성동구,옥수동,430,634500,710400,796400,559000,629400,709600
부산신항↔의왕ICD,서울특별시,성동구,성수1가1동,428,633900,709600,795400,558200,628500,708500
부산신항↔의왕ICD,서울특별시,성동구,성수1가2동,427,633000,708600,794300,557500,627700,707600
부산신항↔의왕ICD,서울특별시,성동구,성수2가1동,428,633900,709600,795400,558200,628500,708500
부산신항↔의왕ICD,서울특별시,성동구,성수2가3동,430,636300,712100,798100,560000,630400,710600
부산신항↔의왕ICD,서울특별시,성동구,송정동,431,639600,715500,801600,561700,632200,712400
부산신항↔의왕ICD,서울특별시,성동구,용답동,439,646300,722800,809400,567200,638200,719000
부산신항↔의왕ICD,서울특별시,광진구,화양동,428,635700,711400,797200,559000,629200,709200
부산신항↔의왕ICD,서울특별시,광진구,군자동,428,635700,711400,797200,559000,629200,709200
부산신항↔의왕ICD,서울특별시,광진구,중곡1동,429,637700,713400,799300,560300,630600,710700
부산신항↔의왕ICD,서울특별시,광진구,중곡2동,429,637700,713400,799300,560300,630600,710700
부산신항↔의왕ICD,서울특별시,광진구,중곡3동,431,640100,716000,802100,562000,632500,712700
부산신항↔의왕ICD,서울특별시,광진구,중곡4동,434,649800,726000,812200,570700,641400,721800
부산신항↔의왕ICD,서울특별시,광진구,능동,429,637700,713400,799300,560300,630600,710700
부산신항↔의왕ICD,서울특별시,광진구,광장동,429,639400,715100,801000,561800,632100,712200
부산신항↔의왕ICD,서울특별시,광진구,자양1동,426,632600,708100,793800,557000,627100,707000
부산신항↔의왕ICD,서울특별시,광진구,자양2동,426,632600,708100,793800,557000,627100,707000
부산신항↔의왕ICD,서울특별시,광진구,자양3동,426,632100,707600,793200,556700,626800,706700
부산신항↔의왕ICD,서울특별시,광진구,자양4동,426,632100,707600,793200,556700,626800,706700
부산신항↔의왕ICD,서울특별시,광진구,구의1동,435,645600,721800,808200,566600,637400,717900
부산신항↔의왕ICD,서울특별시,광진구,구의2동,432,642200,718200,804300,563800,634400,714700
부산신항↔의왕ICD,서울특별시,광진구,구의3동,429,637700,713400,799300,560300,630600,710700
부산신항↔의왕ICD,서울특별시,동대문구,신설동,429,636000,711800,797700,559400,629700,709800
부산신항↔의왕ICD,서울특별시,동대문구,용두동,433,641500,717500,803700,563200,633800,714200
부산신항↔의왕ICD,서울특별시,동대문구,제기동,434,642400,718500,804800,564000,634700,715100
부산신항↔의왕ICD,서울특별시,동대문구,전농1동,432,640000,716000,802100,562200,632700,713000
부산신항↔의왕ICD,서울특별시,동대문구,전농2동,429,637700,713400,799300,560300,630600,710700
부산신항↔의왕ICD,서울특별시,동대문구,답십리1동,431,639000,714900,801000,561500,632000,712200
부산신항↔의왕ICD,서울특별시,동대문구,답십리2동,433,642600,718700,804900,564000,634600,715000
부산신항↔의왕ICD,서울특별시,동대문구,장안1동,432,641100,717100,803200,562700,633300,713600
부산신항↔의왕ICD,서울특별시,동대문구,장안2동,429,638300,714000,799900,560600,630900,711000
부산신항↔의왕ICD,서울특별시,동대문구,청량리동,431,640100,716000,802100,562000,632500,712700
부산신항↔의왕ICD,서울특별시,동대문구,회기동,438,647800,724300,810900,568100,639100,719800
부산신항↔의왕ICD,서울특별시,동대문구,휘경1동,433,643700,719700,805900,565200,635800,716200
부산신항↔의왕ICD,서울특별시,동대문구,휘경2동,434,649200,725400,811600,570000,640700,721200
부산신항↔의왕ICD,서울특별시,동대문구,이문1동,439,653900,730400,817100,573700,644800,725600
부산신항↔의왕ICD,서울특별시,동대문구,이문2동,438,653000,729400,816000,572900,643900,724600
부산신항↔의왕ICD,서울특별시,중랑구,면목2동,432,642800,718800,804900,564500,635000,715300
부산신항↔의왕ICD,서울특별시,중랑구,면목4동,430,639800,715600,801600,561900,632300,712400
부산신항↔의왕ICD,서울특별시,중랑구,면목5동,431,641300,717200,803200,563200,633600,713800
부산신항↔의왕ICD,서울특별시,중랑구,면목본동,430,640400,716200,802200,562400,632800,712900
부산신항↔의왕ICD,서울특별시,중랑구,면목7동,429,638900,714600,800500,561200,631500,711500
부산신항↔의왕ICD,서울특별시,중랑구,면목3.8동,428,637900,713600,799400,560500,630800,710800
부산신항↔의왕ICD,서울특별시,중랑구,상봉1동,435,645600,721800,808200,566600,637400,717900
부산신항↔의왕ICD,서울특별시,중랑구,상봉2동,432,642800,718800,804900,564500,635000,715300
부산신항↔의왕ICD,서울특별시,중랑구,중화1동,435,645600,721800,808200,566600,637400,717900
부산신항↔의왕ICD,서울특별시,중랑구,중화2동,435,645600,721800,808200,566600,637400,717900
부산신항↔의왕ICD,서울특별시,중랑구,묵1동,436,651100,727400,813900,571500,642300,722900
부산신항↔의왕ICD,서울특별시,중랑구,묵2동,438,654100,730600,817200,574000,645000,725700
부산신항↔의왕ICD,서울특별시,중랑구,망우본동,443,661700,738600,825600,584300,655700,736700
부산신항↔의왕ICD,서울특별시,중랑구,망우3동,434,644100,720200,806500,565300,636000,716400
부산신항↔의왕ICD,서울특별시,중랑구,신내1동,442,660700,737500,824400,583400,654700,735700
부산신항↔의왕ICD,서울특별시,중랑구,신내2동,435,650200,726400,812800,570800,641500,722000
부산신항↔의왕ICD,서울특별시,성북구,성북동,438,645400,721900,808500,566500,637500,718200
부산신항↔의왕ICD,서울특별시,성북구,삼선동,437,644500,720900,807500,565900,636800,717400
부산신항↔의왕ICD,서울특별시,성북구,동선동,437,644500,720900,807500,565900,636800,717400
부산신항↔의왕ICD,서울특별시,성북구,돈암1동,439,649300,725900,812600,569500,640500,721300
부산신항↔의왕ICD,서울특별시,성북구,돈암2동,439,647500,724000,810700,567900,638900,719700
부산신항↔의왕ICD,서울특별시,성북구,안암동,437,643900,720300,806900,565400,636300,717000
부산신항↔의왕ICD,서울특별시,성북구,보문동,436,643000,719300,805800,564800,635600,716200
부산신항↔의왕ICD,서울특별시,성북구,정릉1동,442,656500,733300,820300,575800,647100,728100
부산신항↔의왕ICD,서울특별시,성북구,정릉2동,442,656500,733300,820300,575800,647100,728100
부산신항↔의왕ICD,서울특별시,성북구,정릉3동,447,663400,740600,828000,581700,653300,734700
부산신항↔의왕ICD,서울특별시,성북구,정릉4동,446,661900,739000,826300,580500,652000,733300
부산신항↔의왕ICD,서울특별시,성북구,길음1동,441,655700,732400,819300,575100,646300,727200
부산신항↔의왕ICD,서울특별시,성북구,길음2동,440,650100,726800,813600,570200,641300,722200
부산신항↔의왕ICD,서울특별시,성북구,종암동,440,650100,726800,813600,570200,641300,722200
부산신항↔의왕ICD,서울특별시,성북구,월곡1동,439,649300,725900,812600,569500,640500,721300
부산신항↔의왕ICD,서울특별시,성북구,월곡2동,437,646800,723200,809700,567500,638400,719100
부산신항↔의왕ICD,서울특별시,성북구,장위1동,439,649300,725900,812600,569500,640500,721300
부산신항↔의왕ICD,서울특별시,성북구,장위2동,437,647400,723800,810300,568100,639000,719600
부산신항↔의왕ICD,서울특별시,성북구,장위3동,440,656000,732600,819400,575500,646600,727400
부산신항↔의왕ICD,서울특별시,성북구,석관동,440,654800,731500,818300,574300,645400,726300
부산신항↔의왕ICD,서울특별시,강북구,삼양동,444,659000,736000,823100,577900,649300,730500
부산신항↔의왕ICD,서울특별시,강북구,미아동,443,658000,734900,821900,577100,648500,729600
부산신항↔의왕ICD,서울특별시,강북구,송중동,440,650100,726800,813600,570200,641300,722200
부산신항↔의왕ICD,서울특별시,강북구,송천동,443,658000,734900,821900,577100,648500,729600
부산신항↔의왕ICD,서울특별시,강북구,삼각산동,442,656500,733300,820300,575800,647100,728100
부산신항↔의왕ICD,서울특별시,강북구,번1동,446,661900,739000,826300,580500,652000,733300
부산신항↔의왕ICD,서울특별시,강북구,번2동,442,657800,734600,821600,576900,648100,729100
부산신항↔의왕ICD,서울특별시,강북구,번3동,440,655400,732000,818700,575000,646100,727000
부산신항↔의왕ICD,서울특별시,강북구,수유1동,445,660500,737600,824800,579200,650600,731800
부산신항↔의왕ICD,서울특별시,강북구,수유2동,453,668300,745500,832900,585300,656900,738300
부산신항↔의왕ICD,서울특별시,강북구,수유3동,445,660500,737600,824800,579200,650600,731800
부산신항↔의왕ICD,서울특별시,강북구,우이동,445,661600,738600,825800,580200,651700,732900
부산신항↔의왕ICD,서울특별시,강북구,인수동,456,671700,749000,836400,588100,659800,741200
부산신항↔의왕ICD,서울특별시,도봉구,창1동,447,664500,741700,829100,582900,654500,735900
부산신항↔의왕ICD,서울특별시,도봉구,창2동,448,665400,742700,830100,583600,655300,736800
부산신항↔의왕ICD,서울특별시,도봉구,창3동,448,665400,742700,830100,583600,655300,736800
부산신항↔의왕ICD,서울특별시,도봉구,창4동,446,663100,740200,827500,581500,653100,734400
부산신항↔의왕ICD,서울특별시,도봉구,창5동,455,672400,750000,837700,592500,664400,746000
부산신항↔의왕ICD,서울특별시,도봉구,도봉1동,465,683900,762300,851000,602700,675400,758000
부산신항↔의왕ICD,서울특별시,도봉구,도봉2동,453,670600,748100,835800,591000,662900,744600
부산신항↔의왕ICD,서울특별시,도봉구,쌍문1동,457,674500,752100,839900,594200,666200,747900
부산신항↔의왕ICD,서울특별시,도봉구,쌍문2동,454,671500,749000,836700,591800,663700,745300
부산신항↔의왕ICD,서울특별시,도봉구,쌍문3동,454,671500,749000,836700,591800,663700,745300
부산신항↔의왕ICD,서울특별시,도봉구,쌍문4동,451,669000,746500,834200,590000,661900,743500
부산신항↔의왕ICD,서울특별시,도봉구,방학1동,455,672600,750200,838000,592800,664800,746500
부산신항↔의왕ICD,서울특별시,도봉구,방학2동,455,672600,750200,838000,592800,664800,746500
부산신항↔의왕ICD,서울특별시,도봉구,방학3동,457,674500,752100,839900,594200,666200,747900
부산신항↔의왕ICD,서울특별시,노원구,월계1동,439,655000,731600,818300,574800,645800,726600
부산신항↔의왕ICD,서울특별시,노원구,월계2동,444,660700,737700,824800,579400,650800,732000
부산신항↔의왕ICD,서울특별시,노원구,월계3동,438,653500,730000,816600,573500,644500,725200
부산신항↔의왕ICD,서울특별시,노원구,공릉1동,437,652600,729000,815500,572800,643700,724300
부산신항↔의왕ICD,서울특별시,노원구,공릉2동,444,662700,739600,826700,585100,656500,737600
부산신항↔의왕ICD,서울특별시,노원구,하계1동,448,666800,744000,831400,588500,660200,741600
부산신항↔의왕ICD,서울특별시,노원구,하계2동,441,657400,734100,820900,576800,648000,728900
부산신항↔의왕ICD,서울특별시,노원구,중계본동,450,668900,746300,833900,590200,662000,743500
부산신항↔의왕ICD,서울특별시,노원구,중계1동,450,668900,746300,833900,590200,662000,743500
부산신항↔의왕ICD,서울특별시,노원구,중계4동,452,670900,748500,836200,591900,663900,745600
부산신항↔의왕ICD,서울특별시,노원구,중계2.3동,442,658900,735700,822600,578000,649300,730300
부산신항↔의왕ICD,서울특별시,노원구,상계1동,463,682000,760400,849100,601300,674000,756500
부산신항↔의왕ICD,서울특별시,노원구,상계2동,446,664200,741300,828600,586100,657600,738900
부산신항↔의왕ICD,서울특별시,노원구,상계3.4동,457,676200,754200,842400,596400,668700,750700
부산신항↔의왕ICD,서울특별시,노원구,상계5동,450,667900,745300,832900,589000,660800,742400
부산신항↔의왕ICD,서울특별시,노원구,상계6.7동,446,663700,740800,828100,582100,653700,735000
부산신항↔의왕ICD,서울특별시,노원구,상계8동,453,670600,748100,835800,591000,662900,744600
부산신항↔의왕ICD,서울특별시,노원구,상계9동,453,670600,748100,835800,591000,662900,744600
부산신항↔의왕ICD,서울특별시,노원구,상계10동,447,665200,742400,829800,586700,658300,739700
부산신항↔의왕ICD,서울특별시,은평구,녹번동,455,670700,748000,835400,587300,659000,740500
부산신항↔의왕ICD,서울특별시,은평구,불광1동,455,670700,748000,835400,587300,659000,740500
부산신항↔의왕ICD,서울특별시,은평구,불광2동,458,674200,751600,839100,590100,661900,743400
부산신항↔의왕ICD,서울특별시,은평구,갈현1동,458,674200,751600,839100,590100,661900,743400
부산신항↔의왕ICD,서울특별시,은평구,갈현2동,458,673600,750900,838300,589500,661200,742600
부산신항↔의왕ICD,서울특별시,은평구,구산동,457,672700,750000,837400,588700,660400,741900
부산신항↔의왕ICD,서울특별시,은평구,대조동,456,671200,748400,835700,587500,659100,740500
부산신항↔의왕ICD,서울특별시,은평구,응암1동,454,669200,746400,833800,586100,657700,739100
부산신항↔의왕ICD,서울특별시,은평구,응암2동,453,667800,744900,832200,584800,656300,737600
부산신항↔의왕ICD,서울특별시,은평구,응암3동,454,668300,745400,832500,584900,656400,737700
부산신항↔의왕ICD,서울특별시,은평구,역촌동,455,669800,747000,834200,586200,657700,739000
부산신항↔의왕ICD,서울특별시,은평구,신사1동,453,667300,744300,831500,584300,655800,737000
부산신항↔의왕ICD,서울특별시,은평구,신사2동,457,671000,748100,835200,587100,658600,739800
부산신항↔의왕ICD,서울특별시,은평구,증산동,455,668600,745600,832600,585100,656500,737700
부산신항↔의왕ICD,서울특별시,은평구,수색동,456,670100,747200,834300,586400,657900,739100
부산신항↔의왕ICD,서울특별시,은평구,진관동,471,686500,764000,851500,599900,671800,753400
부산신항↔의왕ICD,서울특별시,서대문구,천연동,444,649800,726100,812600,570200,641000,721600
부산신항↔의왕ICD,서울특별시,서대문구,북아현동,445,651800,728300,814900,571500,642500,723200
부산신항↔의왕ICD,서울특별시,서대문구,충현동,446,651700,728000,814500,571600,642400,723000
부산신항↔의왕ICD,서울특별시,서대문구,신촌동,447,653800,730300,816900,572900,643900,724600
부산신항↔의왕ICD,서울특별시,서대문구,연희동,452,666300,743300,830500,583500,655000,736300
부산신항↔의왕ICD,서울특별시,서대문구,홍제1동,451,666100,743200,830500,583400,654900,736200
부산신항↔의왕ICD,서울특별시,서대문구,홍제3동,452,667500,744700,832000,584700,656300,737700
부산신항↔의왕ICD,서울특별시,서대문구,홍제2동,453,668300,745500,832900,585300,656900,738300
부산신항↔의왕ICD,서울특별시,서대문구,홍은1동,452,667500,744700,832000,584700,656300,737700
부산신항↔의왕ICD,서울특별시,서대문구,홍은2동,452,666300,743300,830500,583500,655000,736300
부산신항↔의왕ICD,서울특별시,서대문구,남가좌1동,454,667700,744700,831700,584400,655800,737000
부산신항↔의왕ICD,서울특별시,서대문구,남가좌2동,455,669200,746300,833400,585700,657200,738400
부산신항↔의왕ICD,서울특별시,서대문구,북가좌1동,454,667700,744700,831700,584400,655800,737000
부산신항↔의왕ICD,서울특별시,서대문구,북가좌2동,455,668600,745600,832600,585100,656500,737700
부산신항↔의왕ICD,서울특별시,마포구,아현동,441,645800,721900,808200,567500,638200,718700
부산신항↔의왕ICD,서울특별시,마포구,공덕동,445,651300,727700,814300,571200,642100,722800
부산신항↔의왕ICD,서울특별시,마포구,도화동,441,646400,722600,809000,567700,638500,719000
부산신항↔의왕ICD,서울특별시,마포구,용강동,443,648800,725100,811600,569400,640300,720900
부산신항↔의왕ICD,서울특별시,마포구,대흥동,446,652300,728700,815200,571800,642700,723400
부산신항↔의왕ICD,서울특별시,마포구,염리동,442,647300,723500,809900,568500,639300,719800
부산신항↔의왕ICD,서울특별시,마포구,신수동,445,651300,727700,814300,571200,642100,722800
부산신항↔의왕ICD,서울특별시,마포구,서강동,443,648800,725100,811600,569400,640300,720900
부산신항↔의왕ICD,서울특별시,마포구,서교동,452,660600,737400,824400,578200,649500,730500
부산신항↔의왕ICD,서울특별시,마포구,합정동,452,660600,737400,824400,578200,649500,730500
부산신항↔의왕ICD,서울특별시,마포구,망원1동,453,661500,738300,825300,578900,650200,731200
부산신항↔의왕ICD,서울특별시,마포구,망원2동,452,660000,736700,823600,577600,648800,729800
부산신항↔의왕ICD,서울특별시,마포구,연남동,451,659100,735800,822700,576900,648100,729100
부산신항↔의왕ICD,서울특별시,마포구,성산1동,451,659100,735800,822700,576900,648100,729100
부산신항↔의왕ICD,서울특별시,마포구,성산2동,452,660600,737400,824400,578200,649500,730500
부산신항↔의왕ICD,서울특별시,마포구,상암동,455,663900,740800,827900,580900,652300,733400
부산신항↔의왕ICD,서울특별시,양천구,목1동,448,654100,730500,817000,573300,644200,724900
부산신항↔의왕ICD,서울특별시,양천구,목2동,454,661900,738700,825500,579100,650300,731200
부산신항↔의왕ICD,서울특별시,양천구,목3동,453,659200,735700,822300,577100,648100,728900
부산신항↔의왕ICD,서울특별시,양천구,목4동,448,654100,730500,817000,573300,644200,724900
부산신항↔의왕ICD,서울특별시,양천구,목5동,450,656500,733000,819600,575000,646000,726800
부산신항↔의왕ICD,서울특별시,양천구,신월1동,450,657100,733700,820300,575300,646400,727200
부산신항↔의왕ICD,서울특별시,양천구,신월2동,449,655600,732100,818700,574300,645300,726100
부산신항↔의왕ICD,서울특별시,양천구,신월3동,446,651700,728000,814500,571600,642400,723000
부산신항↔의왕ICD,서울특별시,양천구,신월4동,446,652800,729300,815900,572200,643200,724000
부산신항↔의왕ICD,서울특별시,양천구,신월5동,450,657600,734200,821000,575600,646800,727700
부산신항↔의왕ICD,서울특별시,양천구,신월6동,444,649200,725400,811800,569900,640700,721200
부산신항↔의왕ICD,서울특별시,양천구,신월7동,443,648300,724500,810900,569200,640000,720600
부산신항↔의왕ICD,서울특별시,양천구,신정1동,445,650100,726300,812700,570600,641400,722000
부산신항↔의왕ICD,서울특별시,양천구,신정2동,439,643400,719500,805700,565600,636300,716700
부산신항↔의왕ICD,서울특별시,양천구,신정3동,445,650100,726300,812700,570600,641400,722000
부산신항↔의왕ICD,서울특별시,양천구,신정4동,447,652600,729000,815400,572300,643100,723700
부산신항↔의왕ICD,서울특별시,양천구,신정6동,441,646400,722600,809000,567700,638500,719000
부산신항↔의왕ICD,서울특별시,양천구,신정7동,442,646800,722900,809200,568200,638900,719400
부산신항↔의왕ICD,서울특별시,강서구,염창동,450,658200,734900,821800,576200,647400,728300
부산신항↔의왕ICD,서울특별시,강서구,등촌1동,453,661500,738300,825300,578900,650200,731200
부산신항↔의왕ICD,서울특별시,강서구,등촌2동,444,649200,725400,811800,569900,640700,721200
부산신항↔의왕ICD,서울특별시,강서구,등촌3동,455,663900,740800,827900,580900,652300,733400
부산신항↔의왕ICD,서울특별시,강서구,화곡1동,450,656500,733000,819600,575000,646000,726800
부산신항↔의왕ICD,서울특별시,강서구,화곡2동,446,651000,727300,813600,571300,642100,722700
부산신항↔의왕ICD,서울특별시,강서구,화곡3동,452,658900,735500,822200,576800,647900,728700
부산신항↔의왕ICD,서울특별시,강서구,화곡4동,449,655000,731500,818000,574000,644900,725600
부산신항↔의왕ICD,서울특별시,강서구,화곡본동,453,660400,737100,823800,577800,648900,729800
부산신항↔의왕ICD,서울특별시,강서구,화곡6동,455,663900,740800,827900,580900,652300,733400
부산신항↔의왕ICD,서울특별시,강서구,화곡8동,450,656500,733000,819600,575000,646000,726800
부산신항↔의왕ICD,서울특별시,강서구,가양1동,456,669500,746500,833600,585800,657200,738400
부산신항↔의왕ICD,서울특별시,강서구,가양2동,454,663000,739900,826900,580200,651600,732700
부산신항↔의왕ICD,서울특별시,강서구,가양3동,454,663000,739900,826900,580200,651600,732700
부산신항↔의왕ICD,서울특별시,강서구,발산1동,454,661900,738700,825500,579100,650300,731200
부산신항↔의왕ICD,서울특별시,강서구,우장산동,453,660400,737100,823800,577800,648900,729800
부산신항↔의왕ICD,서울특별시,강서구,공항동,453,661500,738300,825300,578900,650200,731200
부산신항↔의왕ICD,서울특별시,강서구,방화1동,462,676200,753400,840600,591100,662700,744000
부산신항↔의왕ICD,서울특별시,강서구,방화2동,468,683300,760700,848200,597200,669000,750500
부산신항↔의왕ICD,서울특별시,강서구,방화3동,463,678100,755400,842800,593000,664700,746100
부산신항↔의왕ICD,서울특별시,구로구,신도림동,439,644000,720200,806500,566100,636800,717300
부산신항↔의왕ICD,서울특별시,구로구,구로1동,441,645800,721900,808200,567500,638200,718700
부산신항↔의왕ICD,서울특별시,구로구,구로2동,437,641100,717100,803200,564000,634600,714900
부산신항↔의왕ICD,서울특별시,구로구,구로3동,434,638300,714300,800400,561800,632400,712800
부산신항↔의왕ICD,서울특별시,구로구,구로4동,438,641300,717200,803300,564500,635000,715200
부산신항↔의왕ICD,서울특별시,구로구,구로5동,441,645800,721900,808200,567500,638200,718700
부산신항↔의왕ICD,서울특별시,구로구,가리봉동,437,640400,716300,802400,563700,634200,714400
부산신항↔의왕ICD,서울특별시,구로구,고척1동,441,645300,721400,807600,567200,637800,718200
부산신항↔의왕ICD,서울특별시,구로구,고척2동,443,647700,723900,810200,568900,639600,720100
부산신항↔의왕ICD,서울특별시,구로구,개봉1동,441,645300,721400,807600,567200,637800,718200
부산신항↔의왕ICD,서울특별시,구로구,개봉2동,441,645800,721900,808200,567500,638200,718700
부산신항↔의왕ICD,서울특별시,구로구,개봉3동,440,644900,721000,807300,566700,637400,717900
부산신항↔의왕ICD,서울특별시,구로구,오류1동,440,643800,719800,806000,566200,636800,717100
부산신항↔의왕ICD,서울특별시,구로구,오류2동,443,647700,723900,810200,568900,639600,720100
부산신항↔의왕ICD,서울특별시,구로구,수궁동,444,649200,725400,811800,569900,640700,721200
부산신항↔의왕ICD,서울특별시,구로구,항동,439,642800,718800,805000,565400,636000,716300
부산신항↔의왕ICD,서울특별시,금천구,가산동,436,639600,715500,801600,563100,633600,713800
부산신항↔의왕ICD,서울특별시,금천구,독산1동,429,630900,706500,792200,556900,627100,707100
부산신항↔의왕ICD,서울특별시,금천구,독산2동,428,630500,706200,792000,556500,626800,706800
부산신항↔의왕ICD,서울특별시,금천구,독산3동,429,631400,707100,792900,557200,627500,707600
부산신항↔의왕ICD,서울특별시,금천구,독산4동,427,629600,705200,790900,555900,626100,706000
부산신항↔의왕ICD,서울특별시,금천구,시흥1동,425,627000,702500,788100,553900,623900,703700
부산신항↔의왕ICD,서울특별시,금천구,시흥2동,419,617900,692900,778000,544900,614500,693900
부산신항↔의왕ICD,서울특별시,금천구,시흥3동,415,613200,687800,772600,539800,609200,688300
부산신항↔의왕ICD,서울특별시,금천구,시흥4동,424,626000,701400,786900,553100,623100,702800
부산신항↔의왕ICD,서울특별시,금천구,시흥5동,424,626000,701400,786900,553100,623100,702800
부산신항↔의왕ICD,서울특별시,영등포구,영등포본동,444,650900,727400,814000,570700,641700,722400
부산신항↔의왕ICD,서울특별시,영등포구,영등포동,448,654700,731200,817800,573600,644600,725400
부산신항↔의왕ICD,서울특별시,영등포구,여의동,433,636800,712700,798800,560900,631400,711700
부산신항↔의왕ICD,서울특별시,영등포구,당산1동,449,655000,731500,818000,574000,644900,725600
부산신항↔의왕ICD,서울특별시,영등포구,당산2동,445,651800,728300,814900,571500,642500,723200
부산신항↔의왕ICD,서울특별시,영등포구,도림동,445,650100,726300,812700,570600,641400,722000
부산신항↔의왕ICD,서울특별시,영등포구,문래동,448,654100,730500,817000,573300,644200,724900
부산신항↔의왕ICD,서울특별시,영등포구,양평1동,446,651700,728000,814500,571600,642400,723000
부산신항↔의왕ICD,서울특별시,영등포구,양평2동,449,655600,732100,818700,574300,645300,726100
부산신항↔의왕ICD,서울특별시,영등포구,신길1동,436,640100,716100,802300,563300,633900,714200
부산신항↔의왕ICD,서울특별시,영등포구,신길3동,436,639600,715500,801600,563100,633600,713800
부산신항↔의왕ICD,서울특별시,영등포구,신길4동,438,642500,718600,804800,565000,635700,716100
부산신항↔의왕ICD,서울특별시,영등포구,신길5동,433,636800,712700,798800,560900,631400,711700
부산신항↔의왕ICD,서울특별시,영등포구,신길6동,434,637600,713600,799700,561600,632100,712400
부산신항↔의왕ICD,서울특별시,영등포구,신길7동,435,639100,715100,801300,562600,633200,713500
부산신항↔의왕ICD,서울특별시,영등포구,대림1동,440,644300,720400,806600,566400,637100,717500
부산신항↔의왕ICD,서울특별시,영등포구,대림2동,436,640600,716700,802900,563600,634200,714600
부산신항↔의왕ICD,서울특별시,영등포구,대림3동,442,646800,722900,809200,568200,638900,719400
부산신항↔의왕ICD,서울특별시,동작구,노량진1동,434,636600,712300,798200,561100,631500,711600
부산신항↔의왕ICD,서울특별시,동작구,노량진2동,437,640400,716300,802400,563700,634200,714400
부산신항↔의왕ICD,서울특별시,동작구,상도1동,424,626300,701700,787200,553300,623300,703100
부산신항↔의왕ICD,서울특별시,동작구,상도2동,428,630500,706200,792000,556500,626800,706800
부산신항↔의왕ICD,서울특별시,동작구,상도3동,431,634900,710800,796900,559500,630000,710200
부산신항↔의왕ICD,서울특별시,동작구,상도4동,429,631400,707100,792900,557200,627500,707600
부산신항↔의왕ICD,서울특별시,동작구,흑석동,427,629600,705200,790900,555900,626100,706000
부산신항↔의왕ICD,서울특별시,동작구,사당1동,418,619300,694200,779200,547400,617000,696300
부산신항↔의왕ICD,서울특별시,동작구,사당2동,419,620200,695100,780200,548200,617900,697200
부산신항↔의왕ICD,서울특별시,동작구,사당3동,422,624000,699200,784600,551200,621100,700700
부산신항↔의왕ICD,서울특별시,동작구,사당4동,421,622000,697100,782400,549500,619300,698900
부산신항↔의왕ICD,서울특별시,동작구,사당5동,420,622200,697200,782400,549900,619700,699100
부산신항↔의왕ICD,서울특별시,동작구,대방동,437,641100,717100,803200,564000,634600,714900
부산신항↔의왕ICD,서울특별시,동작구,신대방1동,435,639700,715800,802000,562800,633500,713900
부산신항↔의왕ICD,서울특별시,동작구,신대방2동,431,634900,710800,796900,559500,630000,710200
부산신항↔의왕ICD,서울특별시,관악구,보라매동,424,626300,701700,787200,553300,623300,703100
부산신항↔의왕ICD,서울특별시,관악구,청림동,426,629800,705300,791000,555600,625800,705700
부산신항↔의왕ICD,서울특별시,관악구,성현동,427,630700,706300,792000,556400,626600,706600
부산신항↔의왕ICD,서울특별시,관악구,행운동,419,621300,696200,781300,549100,618800,698100
부산신항↔의왕ICD,서울특별시,관악구,낙성대동,419,621300,696200,781300,549100,618800,698100
부산신항↔의왕ICD,서울특별시,관악구,청룡동,425,627700,703200,788800,554300,624400,704200
부산신항↔의왕ICD,서울특별시,관악구,은천동,422,624500,699700,785000,552000,621900,701400
부산신항↔의왕ICD,서울특별시,관악구,중앙동,422,624300,699500,784900,551600,621500,701000
부산신항↔의왕ICD,서울특별시,관악구,인헌동,418,619300,694200,779200,547400,617000,696300
부산신항↔의왕ICD,서울특별시,관악구,남현동,417,617400,692200,777100,545500,615000,694200
부산신항↔의왕ICD,서울특별시,관악구,서원동,425,627700,703200,788800,554300,624400,704200
부산신항↔의왕ICD,서울특별시,관악구,신원동,427,630000,705600,791400,556100,626300,706300
부산신항↔의왕ICD,서울특별시,관악구,서림동,423,625400,700700,786200,552600,622500,702200
부산신항↔의왕ICD,서울특별시,관악구,신사동,429,631400,707100,792900,557200,627500,707600
부산신항↔의왕ICD,서울특별시,관악구,신림동,427,630000,705600,791400,556100,626300,706300
부산신항↔의왕ICD,서울특별시,관악구,난향동,419,617900,692900,778000,544900,614500,693900
부산신항↔의왕ICD,서울특별시,관악구,조원동,430,632800,708600,794500,558200,628600,708700
부산신항↔의왕ICD,서울특별시,관악구,대학동,422,624500,699700,785000,552000,621900,701400
부산신항↔의왕ICD,서울특별시,관악구,삼성동,427,629000,704600,790400,555500,625700,705700
부산신항↔의왕ICD,서울특별시,관악구,미성동,431,634300,710100,796100,559300,629700,709900
부산신항↔의왕ICD,서울특별시,관악구,난곡동,424,624800,700100,785600,551700,621700,701500
부산신항↔의왕ICD,서울특별시,서초구,서초1동,415,617600,692200,776900,546200,615600,694700
부산신항↔의왕ICD,서울특별시,서초구,서초2동,415,617800,692500,777200,546600,616000,695000
부산신항↔의왕ICD,서울특별시,서초구,서초3동,414,615600,690200,774800,544500,613800,692800
부산신항↔의왕ICD,서울특별시,서초구,서초4동,418,621300,696200,781100,549300,618900,698200
부산신항↔의왕ICD,서울특별시,서초구,잠원동,422,625000,700200,785500,552200,622100,701600
부산신항↔의왕ICD,서울특별시,서초구,반포본동,419,621300,696200,781300,549100,618800,698100
부산신항↔의왕ICD,서울특별시,서초구,반포1동,418,620800,695700,780700,549000,618600,697900
부산신항↔의왕ICD,서울특별시,서초구,반포2동,419,621700,696700,781800,549700,619400,698700
부산신항↔의왕ICD,서울특별시,서초구,반포3동,420,623200,698200,783400,550700,620500,699900
부산신항↔의왕ICD,서울특별시,서초구,반포4동,419,621500,696500,781600,549500,619200,698500
부산신항↔의왕ICD,서울특별시,서초구,방배본동,419,621300,696200,781300,549100,618800,698100
부산신항↔의왕ICD,서울특별시,서초구,방배1동,417,619500,694300,779200,547600,617200,696400
부산신항↔의왕ICD,서울특별시,서초구,방배2동,415,615600,690200,775000,544000,613400,692500
부산신항↔의왕ICD,서울특별시,서초구,방배3동,416,618500,693300,778100,546900,616400,695500
부산신항↔의왕ICD,서울특별시,서초구,방배4동,418,620600,695500,780500,548700,618300,697600
부산신항↔의왕ICD,서울특별시,서초구,양재1동,412,613800,688200,772700,543100,612300,691100
부산신항↔의왕ICD,서울특별시,서초구,양재2동,410,611800,686000,770300,541600,610600,689300
부산신항↔의왕ICD,서울특별시,서초구,내곡동,413,615900,690400,775000,545200,614500,693400
부산신항↔의왕ICD,서울특별시,강남구,신사동,424,628000,703300,788800,554200,624200,704000
부산신항↔의왕ICD,서울특별시,강남구,논현1동,420,623200,698200,783400,550700,620500,699900
부산신항↔의왕ICD,서울특별시,강남구,논현2동,425,628900,704300,789800,555000,625100,704900
부산신항↔의왕ICD,서울특별시,강남구,압구정동,427,631900,707500,793200,556900,627100,707100
부산신항↔의왕ICD,서울특별시,강남구,청담동,431,636600,712500,798600,560300,630800,711100
부산신항↔의왕ICD,서울특별시,강남구,삼성1동,422,626100,701300,786600,552800,622700,702200
부산신항↔의왕ICD,서울특별시,강남구,삼성2동,424,628000,703300,788800,554200,624200,704000
부산신항↔의왕ICD,서울특별시,강남구,대치1동,416,619500,694200,779000,547900,617300,696400
부산신항↔의왕ICD,서울특별시,강남구,대치2동,422,625500,700700,786000,552500,622400,701900
부산신항↔의왕ICD,서울특별시,강남구,대치4동,412,616200,690600,775000,545300,614500,693300
부산신항↔의왕ICD,서울특별시,강남구,역삼1동,417,619800,694600,779500,548300,617800,697000
부산신항↔의왕ICD,서울특별시,강남구,역삼2동,414,617500,692100,776700,546400,615700,694700
부산신항↔의왕ICD,서울특별시,강남구,도곡1동,414,617000,691600,776300,546200,615500,694500
부산신항↔의왕ICD,서울특별시,강남구,도곡2동,414,616900,691500,776200,545900,615200,694100
부산신항↔의왕ICD,서울특별시,강남구,개포1동,407,610300,684300,768400,540700,609500,687900
부산신항↔의왕ICD,서울특별시,강남구,개포2동,413,616600,691100,775600,545700,615000,693900
부산신항↔의왕ICD,서울특별시,강남구,개포3동,418,621300,696200,781100,549300,618900,698200
부산신항↔의왕ICD,서울특별시,강남구,개포4동,411,614100,688400,772700,543700,612800,691600
부산신항↔의왕ICD,서울특별시,강남구,세곡동,418,622900,697800,782800,550200,619800,699100
부산신항↔의왕ICD,서울특별시,강남구,일원본동,416,619500,694200,779000,547900,617300,696400
부산신항↔의왕ICD,서울특별시,강남구,일원1동,418,621300,696200,781100,549300,618900,698200
부산신항↔의왕ICD,서울특별시,강남구,수서동,412,616700,691100,775500,545600,614800,693600
부산신항↔의왕ICD,서울특별시,송파구,풍납1동,427,636400,712000,797700,559200,629400,709400
부산신항↔의왕ICD,서울특별시,송파구,풍납2동,422,631200,706400,791600,555300,625200,704700
부산신항↔의왕ICD,서울특별시,송파구,거여1동,417,624100,698900,783700,550600,620100,699200
부산신항↔의왕ICD,서울특별시,송파구,거여2동,416,622600,697300,782100,549600,619000,698100
부산신항↔의왕ICD,서울특별시,송파구,마천1동,420,628700,703700,788800,553600,623300,702600
부산신항↔의왕ICD,서울특별시,송파구,마천2동,420,628700,703700,788800,553600,623300,702600
부산신항↔의왕ICD,서울특별시,송파구,방이1동,417,623100,697900,782700,549900,619400,698600
부산신항↔의왕ICD,서울특별시,송파구,방이2동,418,624000,698900,783800,550700,620300,699500
부산신항↔의왕ICD,서울특별시,송파구,오륜동,420,628700,703700,788800,553600,623300,702600
부산신항↔의왕ICD,서울특별시,송파구,오금동,415,620700,695300,780000,548300,617600,696600
부산신항↔의왕ICD,서울특별시,송파구,송파1동,417,622600,697400,782200,549700,619200,698400
부산신항↔의왕ICD,서울특별시,송파구,송파2동,415,620100,694700,779400,547900,617300,696300
부산신항↔의왕ICD,서울특별시,송파구,석촌동,417,622600,697400,782200,549700,619200,698400
부산신항↔의왕ICD,서울특별시,송파구,삼전동,416,620500,695200,779900,548500,617900,697000
부산신항↔의왕ICD,서울특별시,송파구,가락본동,414,619700,694200,778800,547500,616800,695700
부산신항↔의왕ICD,서울특별시,송파구,가락1동,415,620100,694700,779400,547900,617300,696300
부산신항↔의왕ICD,서울특별시,송파구,가락2동,415,620700,695300,780000,548300,617600,696600
부산신항↔의왕ICD,서울특별시,송파구,문정1동,416,621600,696300,781100,548900,618300,697400
부산신항↔의왕ICD,서울특별시,송파구,문정2동,417,621400,696200,781100,549300,618800,698000
부산신항↔의왕ICD,서울특별시,송파구,장지동,418,624000,698900,783800,550700,620300,699500
부산신항↔의왕ICD,서울특별시,송파구,위례동,419,624900,699900,784900,551400,621000,700300
부산신항↔의왕ICD,서울특별시,송파구,잠실본동,414,619200,693700,778300,547300,616600,695500
부산신항↔의왕ICD,서울특별시,송파구,잠실2동,417,622000,696800,781600,549400,618900,698100
부산신항↔의왕ICD,서울특별시,송파구,잠실3동,422,626700,701900,787200,553000,622900,702400
부산신항↔의왕ICD,서울특별시,송파구,잠실4동,423,632600,707900,793200,556300,626200,705800
부산신항↔의왕ICD,서울특별시,송파구,잠실6동,418,624000,698900,783800,550700,620300,699500
부산신항↔의왕ICD,서울특별시,송파구,잠실7동,422,626100,701300,786600,552800,622700,702200
부산신항↔의왕ICD,서울특별시,강동구,강일동,425,641400,716800,802300,564100,634200,714000
부산신항↔의왕ICD,서울특별시,강동구,상일1동,422,638000,713200,798400,561400,631300,710700
부산신항↔의왕ICD,서울특별시,강동구,상일2동,421,632400,707500,792700,556500,626300,705700
부산신항↔의왕ICD,서울특별시,강동구,명일1동,426,636000,711500,797100,559000,629200,709000
부산신항↔의왕ICD,서울특별시,강동구,명일2동,421,630800,705900,791000,554700,624500,703900
부산신항↔의왕ICD,서울특별시,강동구,고덕1동,423,633100,708400,793700,556900,626800,706300
부산신항↔의왕ICD,서울특별시,강동구,고덕2동,424,639900,715200,800600,562800,632800,712500
부산신항↔의왕ICD,서울특별시,강동구,암사1동,423,631600,706800,792100,555700,625700,705300
부산신항↔의왕ICD,서울특별시,강동구,암사2동,424,632500,707800,793200,556400,626400,706100
부산신항↔의왕ICD,서울특별시,강동구,암사3동,431,647600,723500,809400,569000,639500,719700
부산신항↔의왕ICD,서울특별시,강동구,천호1동,421,630800,705900,791000,554700,624500,703900
부산신항↔의왕ICD,서울특별시,강동구,천호2동,427,636400,712000,797700,559200,629400,709400
부산신항↔의왕ICD,서울특별시,강동구,천호3동,420,629300,704300,789400,553700,623400,702800
부산신항↔의왕ICD,서울특별시,강동구,성내1동,422,631200,706400,791600,555300,625200,704700
부산신항↔의왕ICD,서울특별시,강동구,성내2동,421,630200,705300,790400,554600,624400,703800
부산신항↔의왕ICD,서울특별시,강동구,성내3동,420,628700,703700,788800,553600,623300,702600
부산신항↔의왕ICD,서울특별시,강동구,길동,419,628400,703300,788300,553100,622800,702100
부산신항↔의왕ICD,서울특별시,강동구,둔촌1동,420,628700,703700,788800,553600,623300,702600
부산신항↔의왕ICD,서울특별시,강동구,둔촌2동,421,630200,705300,790400,554600,624400,703800
부산신항↔의왕ICD,인천광역시,중구,연안동,465,677700,754700,841700,592100,663600,744700
부산신항↔의왕ICD,인천광역시,중구,신포동,466,679200,756300,843400,593400,665000,746200
부산신항↔의왕ICD,인천광역시,중구,신흥동,463,675800,752800,839900,590700,662200,743300
부산신항↔의왕ICD,인천광역시,중구,도원동,465,677700,754700,841700,592100,663600,744700
부산신항↔의왕ICD,인천광역시,중구,율목동,462,675100,752100,839100,590000,661500,742600
부산신항↔의왕ICD,인천광역시,중구,동인천동,465,678400,755500,842600,592800,664300,745500
부산신항↔의왕ICD,인천광역시,중구,개항동,467,680700,757900,845100,594700,666300,747500
부산신항↔의왕ICD,인천광역시,중구,영종동,491,706900,785100,873200,619800,692300,774300
부산신항↔의왕ICD,인천광역시,중구,영종1동,494,709900,788200,876500,622500,695100,777300
부산신항↔의왕ICD,인천광역시,중구,영종2동,498,714000,792500,881000,625700,698500,780800
부산신항↔의왕ICD,인천광역시,중구,운서동,489,704800,782900,871000,618100,690500,772500
부산신항↔의왕ICD,인천광역시,중구,용유동,507,727200,806100,894800,636700,709800,792400
부산신항↔의왕ICD,인천광역시,동구,만석동,469,683000,760300,847500,596800,668500,749800
부산신항↔의왕ICD,인천광역시,동구,화수1.화평동,468,681600,758800,846000,595400,667000,748300
부산신항↔의왕ICD,인천광역시,동구,화수2동,470,684000,761300,848500,597500,669200,750500
부산신항↔의왕ICD,인천광역시,동구,송현1.2동,467,680100,757200,844300,594200,665700,746900
부산신항↔의왕ICD,인천광역시,동구,송현3동,469,682600,759800,847000,596200,667800,749000
부산신항↔의왕ICD,인천광역시,동구,송림1동,468,681600,758800,846000,595400,667000,748300
부산신항↔의왕ICD,인천광역시,동구,송림2동,467,680100,757200,844300,594200,665700,746900
부산신항↔의왕ICD,인천광역시,동구,송림3.5동,465,678400,755500,842600,592800,664300,745500
부산신항↔의왕ICD,인천광역시,동구,송림4동,469,682600,759800,847000,596200,667800,749000
부산신항↔의왕ICD,인천광역시,동구,송림6동,468,681600,758800,846000,595400,667000,748300
부산신항↔의왕ICD,인천광역시,동구,금창동,465,678400,755500,842600,592800,664300,745500
부산신항↔의왕ICD,인천광역시,미추홀구,숭의2동,465,677700,754700,841700,592100,663600,744700
부산신항↔의왕ICD,인천광역시,미추홀구,숭의1.3동,465,677700,754700,841700,592100,663600,744700
부산신항↔의왕ICD,인천광역시,미추홀구,숭의4동,462,669800,746700,833600,585300,656600,737600
부산신항↔의왕ICD,인천광역시,미추홀구,용현1.4동,467,680100,757200,844300,594200,665700,746900
부산신항↔의왕ICD,인천광역시,미추홀구,용현2동,464,676900,753900,841000,591500,663000,744100
부산신항↔의왕ICD,인천광역시,미추홀구,용현3동,457,664600,741400,828200,581100,652300,733300
부산신항↔의왕ICD,인천광역시,미추홀구,용현5동,463,671300,748300,835300,586600,658000,739100
부산신항↔의왕ICD,인천광역시,미추홀구,학익1동,455,661700,738300,824900,578800,649900,730700
부산신항↔의왕ICD,인천광역시,미추홀구,학익2동,455,661700,738300,824900,578800,649900,730700
부산신항↔의왕ICD,인천광역시,미추홀구,도화1동,457,664100,740800,827500,580600,651800,732600
부산신항↔의왕ICD,인천광역시,미추홀구,도화2.3동,461,668800,745700,832600,584500,655800,736800
부산신항↔의왕ICD,인천광역시,미추홀구,주안1동,458,665000,741700,828400,581300,652500,733300
부산신항↔의왕ICD,인천광역시,미추홀구,주안2동,456,663100,739800,826500,579800,651000,731900
부산신항↔의왕ICD,인천광역시,미추홀구,주안3동,456,663100,739800,826500,579800,651000,731900
부산신항↔의왕ICD,인천광역시,미추홀구,주안4동,455,661700,738300,824900,578800,649900,730700
부산신항↔의왕ICD,인천광역시,미추홀구,주안5동,457,664100,740800,827500,580600,651800,732600
부산신항↔의왕ICD,인천광역시,미추홀구,주안6동,456,663100,739800,826500,579800,651000,731900
부산신항↔의왕ICD,인천광역시,미추홀구,주안7동,452,658900,735500,822200,576800,647900,728700
부산신항↔의왕ICD,인천광역시,미추홀구,주안8동,453,659200,735700,822300,577100,648100,728900
부산신항↔의왕ICD,인천광역시,미추홀구,관교동,451,656900,733300,819800,575400,646400,727000
부산신항↔의왕ICD,인천광역시,미추홀구,문학동,453,659200,735700,822300,577100,648100,728900
부산신항↔의왕ICD,인천광역시,연수구,옥련1동,457,664100,740800,827500,580600,651800,732600
부산신항↔의왕ICD,인천광역시,연수구,옥련2동,458,665600,742400,829200,581900,653100,734000
부산신항↔의왕ICD,인천광역시,연수구,선학동,453,659200,735700,822300,577100,648100,728900
부산신항↔의왕ICD,인천광역시,연수구,연수1동,453,659200,735700,822300,577100,648100,728900
부산신항↔의왕ICD,인천광역시,연수구,연수2동,451,656900,733300,819800,575400,646400,727000
부산신항↔의왕ICD,인천광역시,연수구,연수3동,451,656900,733300,819800,575400,646400,727000
부산신항↔의왕ICD,인천광역시,연수구,청학동,455,661700,738300,824900,578800,649900,730700
부산신항↔의왕ICD,인천광역시,연수구,동춘1동,448,654100,730500,817000,573300,644200,724900
부산신항↔의왕ICD,인천광역시,연수구,동춘2동,445,650100,726300,812700,570600,641400,722000
부산신항↔의왕ICD,인천광역시,연수구,동춘3동,447,652600,729000,815400,572300,643100,723700
부산신항↔의왕ICD,인천광역시,연수구,송도1동,446,651700,728000,814500,571600,642400,723000
부산신항↔의왕ICD,인천광역시,연수구,송도2동,449,655000,731500,818000,574000,644900,725600
부산신항↔의왕ICD,인천광역시,연수구,송도3동,446,651700,728000,814500,571600,642400,723000
부산신항↔의왕ICD,인천광역시,연수구,송도4동,452,658900,735500,822200,576800,647900,728700
부산신항↔의왕ICD,인천광역시,연수구,송도5동,453,659900,736500,823100,577500,648600,729400
부산신항↔의왕ICD,인천광역시,남동구,구월1동,447,652600,729000,815400,572300,643100,723700
부산신항↔의왕ICD,인천광역시,남동구,구월2동,451,657400,733900,820500,575800,646800,727500
부산신항↔의왕ICD,인천광역시,남동구,구월3동,449,655000,731500,818000,574000,644900,725600
부산신항↔의왕ICD,인천광역시,남동구,구월4동,444,649200,725400,811800,569900,640700,721200
부산신항↔의왕ICD,인천광역시,남동구,간석1동,452,658400,734900,821500,576500,647500,728200
부산신항↔의왕ICD,인천광역시,남동구,간석2동,451,658000,734600,821300,576000,647100,727900
부산신항↔의왕ICD,인천광역시,남동구,간석3동,448,654100,730500,817000,573300,644200,724900
부산신항↔의왕ICD,인천광역시,남동구,간석4동,452,658900,735500,822200,576800,647900,728700
부산신항↔의왕ICD,인천광역시,남동구,만수1동,442,646800,722900,809200,568200,638900,719400
부산신항↔의왕ICD,인천광역시,남동구,만수2동,446,651700,728000,814500,571600,642400,723000
부산신항↔의왕ICD,인천광역시,남동구,만수3동,446,651700,728000,814500,571600,642400,723000
부산신항↔의왕ICD,인천광역시,남동구,만수4동,444,649200,725400,811800,569900,640700,721200
부산신항↔의왕ICD,인천광역시,남동구,만수5동,444,649200,725400,811800,569900,640700,721200
부산신항↔의왕ICD,인천광역시,남동구,만수6동,443,647700,723900,810200,568900,639600,720100
부산신항↔의왕ICD,인천광역시,남동구,장수서창동,443,647700,723900,810200,568900,639600,720100
부산신항↔의왕ICD,인천광역시,남동구,서창2동,442,646800,722900,809200,568200,638900,719400
부산신항↔의왕ICD,인천광역시,남동구,남촌도림동,448,653500,729900,816300,573000,643800,724400
부산신항↔의왕ICD,인천광역시,남동구,논현1동,443,647700,723900,810200,568900,639600,720100
부산신항↔의왕ICD,인천광역시,남동구,논현2동,447,651400,727600,813800,571800,642600,723000
부산신항↔의왕ICD,인천광역시,남동구,논현고잔동,440,644900,721000,807300,566700,637400,717900
부산신항↔의왕ICD,인천광역시,부평구,부평1동,452,658900,735500,822200,576800,647900,728700
부산신항↔의왕ICD,인천광역시,부평구,부평2동,452,658900,735500,822200,576800,647900,728700
부산신항↔의왕ICD,인천광역시,부평구,부평3동,455,662200,738900,825600,579100,650300,731200
부산신항↔의왕ICD,인천광역시,부평구,부평4동,454,660700,737300,824000,578100,649200,730000
부산신항↔의왕ICD,인천광역시,부평구,부평5동,452,658900,735500,822200,576800,647900,728700
부산신항↔의왕ICD,인천광역시,부평구,부평6동,451,657400,733900,820500,575800,646800,727500
부산신항↔의왕ICD,인천광역시,부평구,산곡1동,457,664600,741400,828200,581100,652300,733300
부산신항↔의왕ICD,인천광역시,부평구,산곡2동,457,664600,741400,828200,581100,652300,733300
부산신항↔의왕ICD,인천광역시,부평구,산곡3동,454,661300,738000,824700,578500,649600,730500
부산신항↔의왕ICD,인천광역시,부평구,산곡4동,457,664600,741400,828200,581100,652300,733300
부산신항↔의왕ICD,인천광역시,부평구,청천1동,463,677200,754400,841600,591900,663500,744700
부산신항↔의왕ICD,인천광역시,부평구,청천2동,459,667100,744000,830900,583100,654400,735400
부산신항↔의왕ICD,인천광역시,부평구,갈산1동,455,662200,738900,825600,579100,650300,731200
부산신항↔의왕ICD,인천광역시,부평구,갈산2동,454,661300,738000,824700,578500,649600,730500
부산신항↔의왕ICD,인천광역시,부평구,삼산1동,453,659900,736500,823100,577500,648600,729400
부산신항↔의왕ICD,인천광역시,부평구,삼산2동,452,658900,735500,822200,576800,647900,728700
부산신항↔의왕ICD,인천광역시,부평구,부개1동,448,654100,730500,817000,573300,644200,724900
부산신항↔의왕ICD,인천광역시,부평구,부개2동,450,656500,733000,819600,575000,646000,726800
부산신항↔의왕ICD,인천광역시,부평구,부개3동,452,658900,735500,822200,576800,647900,728700
부산신항↔의왕ICD,인천광역시,부평구,일신동,446,651700,728000,814500,571600,642400,723000
부산신항↔의왕ICD,인천광역시,부평구,십정1동,452,658900,735500,822200,576800,647900,728700
부산신항↔의왕ICD,인천광역시,부평구,십정2동,455,662200,738900,825600,579100,650300,731200
부산신항↔의왕ICD,인천광역시,계양구,효성1동,465,678400,755500,842600,592800,664300,745500
부산신항↔의왕ICD,인천광역시,계양구,효성2동,463,671300,748300,835300,586600,658000,739100
부산신항↔의왕ICD,인천광역시,계양구,계산1동,464,677300,754400,841600,592000,663600,744800
부산신항↔의왕ICD,인천광역시,계양구,계산2동,462,675100,752100,839100,590000,661500,742600
부산신항↔의왕ICD,인천광역시,계양구,계산3동,463,675800,752800,839900,590700,662200,743300
부산신항↔의왕ICD,인천광역시,계양구,계산4동,462,675100,752100,839100,590000,661500,742600
부산신항↔의왕ICD,인천광역시,계양구,작전1동,465,678400,755500,842600,592800,664300,745500
부산신항↔의왕ICD,인천광역시,계양구,작전2동,464,676900,753900,841000,591500,663000,744100
부산신항↔의왕ICD,인천광역시,계양구,작전서운동,461,668800,745700,832600,584500,655800,736800
부산신항↔의왕ICD,인천광역시,계양구,계양1동,470,684500,761900,849200,598000,669700,751100
부산신항↔의왕ICD,인천광역시,계양구,계양2동,463,671300,748300,835300,586600,658000,739100
부산신항↔의왕ICD,인천광역시,계양구,계양3동,467,680700,757900,845100,594700,666300,747500
부산신항↔의왕ICD,인천광역시,서구,검암경서동,475,690200,767700,855200,602800,674700,756300
부산신항↔의왕ICD,인천광역시,서구,연희동,472,687000,764500,851900,600100,671900,753400
부산신항↔의왕ICD,인천광역시,서구,청라1동,476,691700,769300,856900,607400,679400,761000
부산신항↔의왕ICD,인천광역시,서구,청라2동,476,691700,769300,856900,607400,679400,761000
부산신항↔의왕ICD,인천광역시,서구,청라3동,480,695700,773500,861200,610700,682800,764500
부산신항↔의왕ICD,인천광역시,서구,가정1동,470,684500,761900,849200,598000,669700,751100
부산신항↔의왕ICD,인천광역시,서구,가정2동,470,684500,761900,849200,598000,669700,751100
부산신항↔의왕ICD,인천광역시,서구,가정3동,471,685500,762900,850200,598700,670500,751900
부산신항↔의왕ICD,인천광역시,서구,석남1동,473,687900,765400,852800,600700,672500,754000
부산신항↔의왕ICD,인천광역시,서구,석남2동,474,689300,766800,854300,602100,674000,755500
부산신항↔의왕ICD,인천광역시,서구,석남3동,474,687600,764900,852200,600300,672000,753300
부산신항↔의왕ICD,인천광역시,서구,신현원창동,473,687900,765400,852800,600700,672500,754000
부산신항↔의왕ICD,인천광역시,서구,가좌1동,471,684400,761600,848800,597600,669200,750400
부산신항↔의왕ICD,인천광역시,서구,가좌2동,457,664600,741400,828200,581100,652300,733300
부산신항↔의왕ICD,인천광역시,서구,가좌3동,468,675300,752200,839100,589500,660800,741800
부산신항↔의왕ICD,인천광역시,서구,가좌4동,458,665600,742400,829200,581900,653100,734000
부산신항↔의왕ICD,인천광역시,서구,검단동,491,707100,785400,873700,620300,692900,775200
부산신항↔의왕ICD,인천광역시,서구,불로대곡동,492,708000,786200,874400,620700,693300,775400
부산신항↔의왕ICD,인천광역시,서구,원당동,478,693800,771500,859200,609100,681200,762800
부산신항↔의왕ICD,인천광역시,서구,당하동,481,696700,774500,862200,611500,683600,765300
부산신항↔의왕ICD,인천광역시,서구,오류왕길동,497,713200,791800,880300,625400,698200,780600
부산신항↔의왕ICD,인천광역시,서구,마전동,482,697900,775800,863600,612500,684700,766500
부산신항↔의왕ICD,인천광역시,서구,아라동,475,690200,767700,855200,602800,674700,756300
부산신항↔의왕ICD,인천광역시,강화군,강화읍,533,753500,833700,923700,659300,733500,817200
부산신항↔의왕ICD,인천광역시,강화군,선원면,536,756500,836700,926800,661800,736100,819900
부산신항↔의왕ICD,인천광역시,강화군,불은면,543,763500,844000,934400,667900,742400,826500
부산신항↔의왕ICD,인천광역시,강화군,길상면,564,784300,865700,957000,685900,761200,846000
부산신항↔의왕ICD,인천광역시,강화군,화도면,568,788600,870300,961900,689600,765200,850300
부산신항↔의왕ICD,인천광역시,강화군,양도면,562,781900,863000,954000,683800,758900,843400
부산신항↔의왕ICD,인천광역시,강화군,내가면,561,780900,862000,953000,683100,758200,842700
부산신항↔의왕ICD,인천광역시,강화군,하점면,550,770500,851400,942100,674100,748900,833300
부산신항↔의왕ICD,인천광역시,강화군,양사면,561,780900,862000,953000,683100,758200,842700
부산신항↔의왕ICD,인천광역시,강화군,송해면,545,765100,845600,935900,669500,744000,828000
부산신항↔의왕ICD,인천광역시,강화군,교동면,580,799500,881400,973000,699100,774800,860000
부산신항↔의왕ICD,인천광역시,강화군,삼산면,571,791200,872900,964400,691800,767300,852300
부산신항↔의왕ICD,인천광역시,옹진군,영흥면,483,700200,778700,867200,615200,687900,770300
부산신항↔의왕ICD,경기도,수원시 장안구,파장동,390,584500,657200,739800,514600,582300,659500
부산신항↔의왕ICD,경기도,수원시 장안구,율천동,388,580800,653300,735800,511200,578700,655700
부산신항↔의왕ICD,경기도,수원시 장안구,정자1동,391,585400,658200,740900,515200,582900,660200
부산신항↔의왕ICD,경기도,수원시 장안구,정자2동,385,579800,652000,734200,511000,578300,655200
부산신항↔의왕ICD,경기도,수원시 장안구,정자3동,391,584700,657400,740200,514700,582400,659700
부산신항↔의왕ICD,경기도,수원시 장안구,영화동,386,581900,654200,736500,512900,580300,657200
부산신항↔의왕ICD,경기도,수원시 장안구,송죽동,386,581400,653700,736000,512300,579700,656600
부산신항↔의왕ICD,경기도,수원시 장안구,조원1동,386,581900,654200,736500,512900,580300,657200
부산신항↔의왕ICD,경기도,수원시 장안구,조원2동,386,581400,653700,736000,512300,579700,656600
부산신항↔의왕ICD,경기도,수원시 장안구,연무동,385,581000,653300,735500,512300,579600,656400
부산신항↔의왕ICD,경기도,수원시 권선구,세류1동,391,587200,659900,742600,517200,584900,662200
부산신항↔의왕ICD,경기도,수원시 권선구,세류2동,385,582200,654400,736600,513300,580600,657400
부산신항↔의왕ICD,경기도,수원시 권선구,세류3동,385,582200,654400,736600,513300,580600,657400
부산신항↔의왕ICD,경기도,수원시 권선구,평동,385,581700,653900,736100,512900,580200,657000
부산신항↔의왕ICD,경기도,수원시 권선구,서둔동,389,584700,657300,739800,515100,582700,659800
부산신항↔의왕ICD,경기도,수원시 권선구,구운동,397,592200,665400,748600,520900,589000,666800
부산신항↔의왕ICD,경기도,수원시 권선구,금곡동,398,593800,667000,750300,522300,590500,668300
부산신항↔의왕ICD,경기도,수원시 권선구,호매실동,393,589100,662000,744900,518600,586500,664000
부산신항↔의왕ICD,경기도,수원시 권선구,권선1동,386,583800,656100,738400,514700,582000,658900
부산신항↔의왕ICD,경기도,수원시 권선구,권선2동,388,586300,658800,741300,517200,584700,661700
부산신항↔의왕ICD,경기도,수원시 권선구,곡선동,388,586800,659300,741800,518200,585700,662700
부산신항↔의왕ICD,경기도,수원시 권선구,입북동,393,587300,660200,743000,516800,584600,662100
부산신항↔의왕ICD,경기도,수원시 팔달구,매교동,389,585900,658500,741000,516300,583900,661100
부산신항↔의왕ICD,경기도,수원시 팔달구,매산동,388,583800,656300,738800,514300,581800,658800
부산신항↔의왕ICD,경기도,수원시 팔달구,고등동,387,582300,654700,737100,512900,580300,657300
부산신항↔의왕ICD,경기도,수원시 팔달구,화서1동,387,582300,654700,737100,512900,580300,657300
부산신항↔의왕ICD,경기도,수원시 팔달구,화서2동,388,583800,656300,738800,514300,581800,658800
부산신항↔의왕ICD,경기도,수원시 팔달구,지동,388,584900,657400,739800,515500,583000,660100
부산신항↔의왕ICD,경기도,수원시 팔달구,우만1동,387,584100,656500,738800,514900,582300,659300
부산신항↔의왕ICD,경기도,수원시 팔달구,우만2동,391,589600,662300,745000,520400,588100,665400
부산신항↔의왕ICD,경기도,수원시 팔달구,인계동,393,592100,665000,747800,523000,590900,668300
부산신항↔의왕ICD,경기도,수원시 팔달구,행궁동,387,583400,655800,738200,514300,581700,658700
부산신항↔의왕ICD,경기도,수원시 영통구,매탄1동,393,592100,665000,747800,523000,590900,668300
부산신항↔의왕ICD,경기도,수원시 영통구,매탄2동,391,590200,662900,745600,521500,589200,666500
부산신항↔의왕ICD,경기도,수원시 영통구,매탄3동,395,596900,670000,753000,529700,597700,675200
부산신항↔의왕ICD,경기도,수원시 영통구,매탄4동,396,597100,670200,753300,529300,597400,675000
부산신항↔의왕ICD,경기도,수원시 영통구,원천동,389,587800,660400,742900,519000,586600,663700
부산신항↔의왕ICD,경기도,수원시 영통구,영통1동,397,600800,674000,757200,533300,601400,679100
부산신항↔의왕ICD,경기도,수원시 영통구,영통2동,388,587400,659900,742300,519300,586800,663800
부산신항↔의왕ICD,경기도,수원시 영통구,영통3동,398,601700,675000,758200,534000,602200,679900
부산신항↔의왕ICD,경기도,수원시 영통구,망포1동,387,587700,660100,742400,520700,588200,665100
부산신항↔의왕ICD,경기도,수원시 영통구,망포2동,387,587100,659500,741800,519600,587100,664000
부산신항↔의왕ICD,경기도,수원시 영통구,광교1동,387,584800,657200,739500,515500,582900,659900
부산신항↔의왕ICD,경기도,수원시 영통구,광교2동,391,589100,661800,744500,519400,587100,664400
부산신항↔의왕ICD,경기도,성남시 수정구,신흥1동,401,605400,678900,762400,537100,605500,683400
부산신항↔의왕ICD,경기도,성남시 수정구,신흥2동,403,607700,681400,765000,538700,607300,685400
부산신항↔의왕ICD,경기도,성남시 수정구,신흥3동,401,605400,678900,762400,537100,605500,683400
부산신항↔의왕ICD,경기도,성남시 수정구,태평1동,400,604000,677400,760800,536100,604400,682300
부산신항↔의왕ICD,경기도,성남시 수정구,태평2동,404,608700,682500,766200,539500,608200,686400
부산신항↔의왕ICD,경기도,성남시 수정구,태평3동,400,604000,677400,760800,536100,604400,682300
부산신항↔의왕ICD,경기도,성남시 수정구,태평4동,405,609700,683500,767300,540100,608800,687000
부산신항↔의왕ICD,경기도,성남시 수정구,수진1동,400,604000,677400,760800,536100,604400,682300
부산신항↔의왕ICD,경기도,성남시 수정구,수진2동,400,603700,677200,760600,535700,604100,682000
부산신항↔의왕ICD,경기도,성남시 수정구,단대동,403,608400,682100,765700,539100,607700,685800
부산신항↔의왕ICD,경기도,성남시 수정구,산성동,403,608400,682100,765700,539100,607700,685800
부산신항↔의왕ICD,경기도,성남시 수정구,양지동,405,610200,684000,767800,540600,609300,687600
부산신항↔의왕ICD,경기도,성남시 수정구,복정동,416,621100,695800,780500,548700,618200,697300
부산신항↔의왕ICD,경기도,성남시 수정구,위례동,417,622600,697400,782200,549700,619200,698400
부산신항↔의왕ICD,경기도,성남시 수정구,신촌동,405,608600,682500,766300,539600,608300,686600
부산신항↔의왕ICD,경기도,성남시 수정구,고등동,397,599700,672900,756100,532300,600400,678100
부산신항↔의왕ICD,경기도,성남시 수정구,시흥동,400,604000,677400,760800,536100,604400,682300
부산신항↔의왕ICD,경기도,성남시 중원구,성남동,399,603100,676500,759800,535400,603600,681400
부산신항↔의왕ICD,경기도,성남시 중원구,중앙동,401,605400,678900,762400,537100,605500,683400
부산신항↔의왕ICD,경기도,성남시 중원구,금광1동,400,605000,678400,761800,536500,604800,682700
부산신항↔의왕ICD,경기도,성남시 중원구,금광2동,402,606900,680500,764000,538100,606600,684600
부산신항↔의왕ICD,경기도,성남시 중원구,은행1동,403,608400,682100,765700,539100,607700,685800
부산신항↔의왕ICD,경기도,성남시 중원구,은행2동,404,609200,683000,766700,539800,608400,686600
부산신항↔의왕ICD,경기도,성남시 중원구,상대원1동,399,603500,676900,760200,535500,603800,681600
부산신항↔의왕ICD,경기도,성남시 중원구,상대원2동,397,601700,674900,758000,534100,602200,679900
부산신항↔의왕ICD,경기도,성남시 중원구,상대원3동,401,606000,679500,763000,537400,605800,683700
부산신항↔의왕ICD,경기도,성남시 중원구,하대원동,399,603100,676500,759800,535400,603600,681400
부산신항↔의왕ICD,경기도,성남시 중원구,도촌동,402,606300,679900,763400,537700,606200,684300
부산신항↔의왕ICD,경기도,성남시 분당구,분당동,405,608300,682100,765900,539000,607700,686000
부산신항↔의왕ICD,경기도,성남시 분당구,수내1동,402,603300,676900,760500,534600,603100,681200
부산신항↔의왕ICD,경기도,성남시 분당구,수내2동,403,604400,678100,761700,535400,604000,682100
부산신항↔의왕ICD,경기도,성남시 분당구,수내3동,396,598800,671900,755000,531600,599600,677200
부산신항↔의왕ICD,경기도,성남시 분당구,정자동,398,600600,673900,757100,532900,601100,678900
부산신항↔의왕ICD,경기도,성남시 분당구,정자1동,402,603300,676900,760500,534600,603100,681200
부산신항↔의왕ICD,경기도,성남시 분당구,정자2동,398,600600,673900,757100,532900,601100,678900
부산신항↔의왕ICD,경기도,성남시 분당구,정자3동,407,610000,684000,768000,540500,609300,687700
부산신항↔의왕ICD,경기도,성남시 분당구,서현1동,405,608300,682100,765900,539000,607700,686000
부산신항↔의왕ICD,경기도,성남시 분당구,서현2동,397,601000,674200,757400,533500,601600,679300
부산신항↔의왕ICD,경기도,성남시 분당구,이매1동,400,603600,677000,760400,535400,603800,681700
부산신항↔의왕ICD,경기도,성남시 분당구,이매2동,399,601600,674900,758200,533700,602000,679900
부산신항↔의왕ICD,경기도,성남시 분당구,야탑1동,399,602900,676300,759600,535100,603300,681100
부산신항↔의왕ICD,경기도,성남시 분당구,야탑2동,401,604800,678300,761800,536700,605100,683100
부산신항↔의왕ICD,경기도,성남시 분당구,야탑3동,401,604800,678300,761800,536700,605100,683100
부산신항↔의왕ICD,경기도,성남시 분당구,판교동,400,601500,675000,758400,533200,601600,679500
부산신항↔의왕ICD,경기도,성남시 분당구,삼평동,403,605200,678900,762600,536500,605100,683200
부산신항↔의왕ICD,경기도,성남시 분당구,백현동,402,604300,677900,761500,535800,604300,682400
부산신항↔의왕ICD,경기도,성남시 분당구,금곡동,401,604700,678200,761700,536500,604900,682900
부산신항↔의왕ICD,경기도,성남시 분당구,구미1동,400,603700,677200,760600,535700,604100,682000
부산신항↔의왕ICD,경기도,성남시 분당구,구미동,395,596900,670000,753000,529700,597700,675200
부산신항↔의왕ICD,경기도,성남시 분당구,운중동,398,597200,670500,753800,527600,595800,673600
부산신항↔의왕ICD,경기도,의정부시,의정부1동,472,691300,770200,859400,609100,682200,765200
부산신항↔의왕ICD,경기도,의정부시,의정부2동,473,692200,771100,860300,609800,682900,765900
부산신항↔의왕ICD,경기도,의정부시,호원1동,470,689300,768100,857200,607500,680600,763500
부산신항↔의왕ICD,경기도,의정부시,호원2동,476,695000,773900,863000,612000,685100,768100
부산신항↔의왕ICD,경기도,의정부시,장암동,472,691300,770200,859400,609100,682200,765200
부산신항↔의왕ICD,경기도,의정부시,신곡1동,473,692200,771100,860300,609800,682900,765900
부산신항↔의왕ICD,경기도,의정부시,신곡2동,477,696300,775400,864700,613100,686300,769400
부산신항↔의왕ICD,경기도,의정부시,송산1동,472,691000,769800,858800,608700,681700,764500
부산신항↔의왕ICD,경기도,의정부시,고산동,470,689100,767900,856900,607200,680200,763000
부산신항↔의왕ICD,경기도,의정부시,송산2동,472,691100,770000,859100,608900,682000,764900
부산신항↔의왕ICD,경기도,의정부시,송산3동,474,693000,771800,860900,610300,683300,766200
부산신항↔의왕ICD,경기도,의정부시,자금동,480,699300,778500,868000,615700,689100,772400
부산신항↔의왕ICD,경기도,의정부시,가능동,476,695400,774500,863800,612500,685700,768800
부산신항↔의왕ICD,경기도,의정부시,흥선동,473,692200,771100,860300,609800,682900,765900
부산신항↔의왕ICD,경기도,의정부시,녹양동,478,697400,776500,865900,614000,687300,770500
부산신항↔의왕ICD,경기도,안양시 만안구,안양1동,400,595600,669100,752600,523800,592100,670100
부산신항↔의왕ICD,경기도,안양시 만안구,안양2동,406,603700,677600,761600,531300,600000,678400
부산신항↔의왕ICD,경기도,안양시 만안구,안양3동,403,599700,673400,757200,527000,595600,673800
부산신항↔의왕ICD,경기도,안양시 만안구,안양4동,402,598100,671700,755400,525700,594200,672300
부산신항↔의왕ICD,경기도,안양시 만안구,안양5동,400,595600,669100,752600,523800,592100,670100
부산신항↔의왕ICD,경기도,안양시 만안구,안양6동,398,593100,666400,749700,521600,589800,667600
부산신항↔의왕ICD,경기도,안양시 만안구,안양7동,400,595600,669100,752600,523800,592100,670100
부산신항↔의왕ICD,경기도,안양시 만안구,안양8동,398,593100,666400,749700,521600,589800,667600
부산신항↔의왕ICD,경기도,안양시 만안구,안양9동,404,600600,674400,758200,527800,596400,674700
부산신항↔의왕ICD,경기도,안양시 만안구,석수1동,406,603700,677600,761600,531300,600000,678400
부산신항↔의왕ICD,경기도,안양시 만안구,석수2동,416,612900,687600,772500,538500,607900,687100
부산신항↔의왕ICD,경기도,안양시 만안구,충훈동,415,611400,686000,770800,536700,606100,685200
부산신항↔의왕ICD,경기도,안양시 만안구,박달동,405,602200,676100,760000,529500,598200,676500
부산신항↔의왕ICD,경기도,안양시 만안구,호현동,416,613400,688100,773000,539500,609000,688200
부산신항↔의왕ICD,경기도,안양시 동안구,비산1동,400,596200,669600,753100,524200,592500,670500
부산신항↔의왕ICD,경기도,안양시 동안구,비산2동,399,594700,668000,751400,523000,591200,669100
부산신항↔의왕ICD,경기도,안양시 동안구,비산3동,401,597100,670700,754300,525000,593400,671500
부산신항↔의왕ICD,경기도,안양시 동안구,부흥동,398,593800,667000,750300,522300,590500,668300
부산신항↔의왕ICD,경기도,안양시 동안구,달안동,398,593800,667000,750300,522300,590500,668300
부산신항↔의왕ICD,경기도,안양시 동안구,관양동,404,599900,673700,757500,527100,595700,674000
부산신항↔의왕ICD,경기도,안양시 동안구,인덕원동,405,601500,675400,759300,528400,597100,675500
부산신항↔의왕ICD,경기도,안양시 동안구,부림동,406,601800,675800,759800,528500,597300,675700
부산신항↔의왕ICD,경기도,안양시 동안구,평촌동,398,593800,667000,750300,522300,590500,668300
부산신항↔의왕ICD,경기도,안양시 동안구,평안동,404,599400,673200,757000,526600,595200,673500
부산신항↔의왕ICD,경기도,안양시 동안구,귀인동,400,593800,667300,750800,521800,590200,668200
부산신항↔의왕ICD,경기도,안양시 동안구,호계1동,392,586300,659100,741900,516100,583800,661200
부산신항↔의왕ICD,경기도,안양시 동안구,호계2동,394,588800,661800,744800,518100,586000,663500
부산신항↔의왕ICD,경기도,안양시 동안구,호계3동,389,582400,655000,737600,512500,580100,657200
부산신항↔의왕ICD,경기도,안양시 동안구,범계동,396,591300,664400,747500,520100,588200,665900
부산신항↔의왕ICD,경기도,안양시 동안구,신촌동,392,585700,658500,741300,515500,583200,660600
부산신항↔의왕ICD,경기도,안양시 동안구,갈산동,393,587800,660700,743600,517400,585200,662600
부산신항↔의왕ICD,경기도,부천시 원미구,심곡1동,447,651400,727600,813800,571800,642600,723000
부산신항↔의왕ICD,경기도,부천시 원미구,심곡2동,440,644300,720400,806600,566400,637100,717500
부산신항↔의왕ICD,경기도,부천시 원미구,심곡3동,453,659900,736500,823100,577500,648600,729400
부산신항↔의왕ICD,경기도,부천시 원미구,원미2동,442,646800,722900,809200,568200,638900,719400
부산신항↔의왕ICD,경기도,부천시 원미구,소사동,437,641100,717100,803200,564000,634600,714900
부산신항↔의왕ICD,경기도,부천시 원미구,원미1동,442,646800,722900,809200,568200,638900,719400
부산신항↔의왕ICD,경기도,부천시 원미구,역곡1동,441,645300,721400,807600,567200,637800,718200
부산신항↔의왕ICD,경기도,부천시 원미구,역곡2동,440,644300,720400,806600,566400,637100,717500
부산신항↔의왕ICD,경기도,부천시 원미구,춘의동,446,651700,728000,814500,571600,642400,723000
부산신항↔의왕ICD,경기도,부천시 원미구,도당동,455,660600,737000,823500,578200,649200,729800
부산신항↔의왕ICD,경기도,부천시 원미구,중동,451,657400,733900,820500,575800,646800,727500
부산신항↔의왕ICD,경기도,부천시 원미구,상동,452,658400,734900,821500,576500,647500,728200
부산신항↔의왕ICD,경기도,부천시 원미구,약대동,455,662200,738900,825600,579100,650300,731200
부산신항↔의왕ICD,경기도,부천시 원미구,중1동,454,660700,737300,824000,578100,649200,730000
부산신항↔의왕ICD,경기도,부천시 원미구,중2동,454,660700,737300,824000,578100,649200,730000
부산신항↔의왕ICD,경기도,부천시 원미구,중3동,451,656200,732600,819000,575100,646000,726500
부산신항↔의왕ICD,경기도,부천시 원미구,중4동,452,658900,735500,822200,576800,647900,728700
부산신항↔의왕ICD,경기도,부천시 원미구,상1동,451,657400,733900,820500,575800,646800,727500
부산신항↔의왕ICD,경기도,부천시 원미구,상2동,449,655600,732100,818700,574300,645300,726100
부산신항↔의왕ICD,경기도,부천시 원미구,상3동,452,658900,735500,822200,576800,647900,728700
부산신항↔의왕ICD,경기도,부천시 소사구,심곡본1동,447,650800,726900,813100,571400,642100,722500
부산신항↔의왕ICD,경기도,부천시 소사구,심곡본동,447,651400,727600,813800,571800,642600,723000
부산신항↔의왕ICD,경기도,부천시 소사구,송내1동,448,654100,730500,817000,573300,644200,724900
부산신항↔의왕ICD,경기도,부천시 소사구,송내2동,451,657400,733900,820500,575800,646800,727500
부산신항↔의왕ICD,경기도,부천시 소사구,소사본동,437,640400,716300,802400,563700,634200,714400
부산신항↔의왕ICD,경기도,부천시 소사구,소사본1동,437,640400,716300,802400,563700,634200,714400
부산신항↔의왕ICD,경기도,부천시 소사구,범박동,438,641900,717900,804100,564600,635200,715500
부산신항↔의왕ICD,경기도,부천시 소사구,옥길동,437,641100,717100,803200,564000,634600,714900
부산신항↔의왕ICD,경기도,부천시 소사구,괴안동,438,641900,717900,804100,564600,635200,715500
부산신항↔의왕ICD,경기도,부천시 소사구,역곡3동,440,644300,720400,806600,566400,637100,717500
부산신항↔의왕ICD,경기도,부천시 오정구,성곡동,447,652600,729000,815400,572300,643100,723700
부산신항↔의왕ICD,경기도,부천시 오정구,고강본동,450,657100,733700,820300,575300,646400,727200
부산신항↔의왕ICD,경기도,부천시 오정구,고강1동,450,656500,733000,819600,575000,646000,726800
부산신항↔의왕ICD,경기도,부천시 오정구,원종1동,448,654100,730500,817000,573300,644200,724900
부산신항↔의왕ICD,경기도,부천시 오정구,원종2동,448,654100,730500,817000,573300,644200,724900
부산신항↔의왕ICD,경기도,부천시 오정구,오정동,464,677300,754400,841600,592000,663600,744800
부산신항↔의왕ICD,경기도,부천시 오정구,신흥동,460,668600,745500,832500,584500,655900,736900
부산신항↔의왕ICD,경기도,광명시,광명1동,437,639800,715600,801600,563500,634000,714200
부산신항↔의왕ICD,경기도,광명시,광명2동,439,644000,720200,806500,566100,636800,717300
부산신항↔의왕ICD,경기도,광명시,광명3동,437,639800,715600,801600,563500,634000,714200
부산신항↔의왕ICD,경기도,광명시,광명4동,439,641800,717700,803600,564900,635400,715600
부산신항↔의왕ICD,경기도,광명시,광명5동,442,646800,722900,809200,568200,638900,719400
부산신항↔의왕ICD,경기도,광명시,광명6동,441,645300,721400,807600,567200,637800,718200
부산신항↔의왕ICD,경기도,광명시,광명7동,438,642500,718600,804800,565000,635700,716100
부산신항↔의왕ICD,경기도,광명시,철산1동,437,641100,717100,803200,564000,634600,714900
부산신항↔의왕ICD,경기도,광명시,철산2동,434,636600,712300,798200,561100,631500,711600
부산신항↔의왕ICD,경기도,광명시,철산3동,431,633200,708900,794700,558600,628900,709000
부산신항↔의왕ICD,경기도,광명시,철산4동,433,635600,711400,797300,560300,630700,710800
부산신항↔의왕ICD,경기도,광명시,하안1동,435,637400,713200,799100,561700,632100,712200
부산신항↔의왕ICD,경기도,광명시,하안2동,430,631700,707300,793100,557600,627800,707800
부산신항↔의왕ICD,경기도,광명시,하안3동,427,628800,704300,790000,555200,625400,705300
부산신항↔의왕ICD,경기도,광명시,하안4동,432,633700,709300,795000,559100,629300,709300
부산신항↔의왕ICD,경기도,광명시,소하1동,424,625900,701200,786700,552800,622800,702500
부산신항↔의왕ICD,경기도,광명시,소하2동,424,625900,701200,786700,552800,622800,702500
부산신항↔의왕ICD,경기도,광명시,일직동,421,621000,696100,781400,548400,618200,697700
부산신항↔의왕ICD,경기도,광명시,학온동,424,624800,700100,785600,551700,621700,701500
부산신항↔의왕ICD,경기도,평택시,팽성읍,403,620400,694000,777500,552100,620600,698500
부산신항↔의왕ICD,경기도,평택시,안중읍,401,621500,695000,778300,549400,617800,695600
부산신항↔의왕ICD,경기도,평택시,포승읍,403,623400,697000,780500,550900,619400,697400
부산신항↔의왕ICD,경기도,평택시,청북읍,407,624000,698000,781800,550500,619300,697600
부산신항↔의왕ICD,경기도,평택시,진위면,392,604100,676900,759500,534100,601800,679000
부산신항↔의왕ICD,경기도,평택시,서탄면,397,605500,678700,761800,536000,604200,681800
부산신항↔의왕ICD,경기도,평택시,고덕면,399,611900,685300,768500,540500,608700,686400
부산신항↔의왕ICD,경기도,평택시,오성면,400,618000,691400,774600,545900,614200,692000
부산신항↔의왕ICD,경기도,평택시,현덕면,402,619100,692700,776100,550600,619100,697000
부산신항↔의왕ICD,경기도,평택시,중앙동,395,609600,682600,765500,538900,606800,684200
부산신항↔의왕ICD,경기도,평택시,서정동,396,610500,683600,766600,539700,607700,685200
부산신항↔의왕ICD,경기도,평택시,송탄동,397,614300,687500,770400,546800,615000,692500
부산신항↔의왕ICD,경기도,평택시,지산동,391,602200,674900,757400,532600,600300,677400
부산신항↔의왕ICD,경기도,평택시,송북동,393,605600,678500,761200,535400,603200,680400
부산신항↔의왕ICD,경기도,평택시,신장1동,396,609000,682100,765000,538200,606200,683700
부산신항↔의왕ICD,경기도,평택시,신장2동,398,616700,690000,773100,544900,613100,690700
부산신항↔의왕ICD,경기도,평택시,신평동,395,612700,685700,768500,545700,613700,691000
부산신항↔의왕ICD,경기도,평택시,원평동,397,614400,687600,770500,547000,615100,692600
부산신항↔의왕ICD,경기도,평택시,통복동,395,612400,685400,768200,545600,613600,690900
부산신항↔의왕ICD,경기도,평택시,비전1동,399,617100,690500,773600,549700,617900,695500
부산신항↔의왕ICD,경기도,평택시,비전2동,395,612900,685900,768700,546300,614300,691600
부산신항↔의왕ICD,경기도,평택시,용이동,393,610900,683700,766300,544500,612400,689600
부산신항↔의왕ICD,경기도,평택시,세교동,397,614400,687600,770500,547000,615100,692600
부산신항↔의왕ICD,경기도,평택시,동삭동,400,618000,691400,774600,550500,618800,696500
부산신항↔의왕ICD,경기도,평택시,고덕동,400,618500,691900,775200,546300,614600,692400
부산신항↔의왕ICD,경기도,동두천시,생연1동,505,724800,805200,895900,636900,711300,795600
부산신항↔의왕ICD,경기도,동두천시,생연2동,507,726800,807300,898100,638500,713000,797400
부산신항↔의왕ICD,경기도,동두천시,중앙동,509,728700,809300,900100,640100,714700,799200
부산신항↔의왕ICD,경기도,동두천시,보산동,515,734400,815100,906000,644600,719300,803800
부산신항↔의왕ICD,경기도,동두천시,불현동,503,722800,803100,893700,635200,709600,793800
부산신항↔의왕ICD,경기도,동두천시,송내동,505,724800,805200,895900,636900,711300,795600
부산신항↔의왕ICD,경기도,동두천시,소요동,517,736700,817600,908800,646700,721600,806300
부산신항↔의왕ICD,경기도,동두천시,상패동,511,730800,811500,902500,641800,716500,801000
부산신항↔의왕ICD,경기도,안산시 상록구,일동,408,605500,679600,763800,532700,601600,680100
부산신항↔의왕ICD,경기도,안산시 상록구,이동,408,605500,679600,763800,532700,601600,680100
부산신항↔의왕ICD,경기도,안산시 상록구,사동,414,612200,686700,771400,539200,608500,687600
부산신항↔의왕ICD,경기도,안산시 상록구,사이동,414,612200,686700,771400,539200,608500,687600
부산신항↔의왕ICD,경기도,안산시 상록구,해양동,419,618600,693600,778700,545900,615600,695000
부산신항↔의왕ICD,경기도,안산시 상록구,본오1동,410,607400,681700,766000,534100,603100,681900
부산신항↔의왕ICD,경기도,안산시 상록구,본오2동,409,606500,680700,764900,533400,602400,681000
부산신항↔의왕ICD,경기도,안산시 상록구,본오3동,408,605500,679600,763800,532700,601600,680100
부산신항↔의왕ICD,경기도,안산시 상록구,부곡동,414,612800,687300,772000,540200,609500,688500
부산신항↔의왕ICD,경기도,안산시 상록구,월피동,413,611900,686400,770900,539500,608800,687700
부산신항↔의왕ICD,경기도,안산시 상록구,성포동,412,610400,684800,769300,537700,606900,685800
부산신항↔의왕ICD,경기도,안산시 상록구,반월동,397,590500,663700,747000,519000,587100,664900
부산신항↔의왕ICD,경기도,안산시 상록구,안산동,415,613700,688300,773100,541000,610400,689500
부산신항↔의왕ICD,경기도,안산시 단원구,와동,413,611300,685800,770400,538400,607600,686600
부산신항↔의왕ICD,경기도,안산시 단원구,고잔동,418,617700,692600,777700,545200,614800,694100
부산신항↔의왕ICD,경기도,안산시 단원구,중앙동,416,615300,690000,774800,542800,612200,691400
부산신항↔의왕ICD,경기도,안산시 단원구,호수동,418,617700,692600,777700,545200,614800,694100
부산신항↔의왕ICD,경기도,안산시 단원구,원곡동,419,618600,693600,778700,545900,615600,695000
부산신항↔의왕ICD,경기도,안산시 단원구,백운동,422,622900,698100,783400,550300,620200,699800
부산신항↔의왕ICD,경기도,안산시 단원구,신길동,419,618600,693600,778700,545900,615600,695000
부산신항↔의왕ICD,경기도,안산시 단원구,초지동,420,620100,695200,780400,547600,617300,696800
부산신항↔의왕ICD,경기도,안산시 단원구,선부1동,422,622900,698100,783400,550300,620200,699800
부산신항↔의왕ICD,경기도,안산시 단원구,선부2동,420,620100,695200,780400,547600,617300,696800
부산신항↔의왕ICD,경기도,안산시 단원구,선부3동,416,615300,690000,774800,542800,612200,691400
부산신항↔의왕ICD,경기도,안산시 단원구,대부동,458,674700,752100,839700,590800,662600,744200
부산신항↔의왕ICD,경기도,고양시 덕양구,주교동,482,698600,776700,864900,613500,686000,768100
부산신항↔의왕ICD,경기도,고양시 덕양구,원신동,480,697600,776100,864600,613100,685800,768200
부산신항↔의왕ICD,경기도,고양시 덕양구,흥도동,480,696100,773900,861700,611000,683200,765000
부산신항↔의왕ICD,경기도,고양시 덕양구,성사1동,481,697500,775500,863600,612500,684900,766900
부산신항↔의왕ICD,경기도,고양시 덕양구,성사2동,482,698600,776700,864900,613500,686000,768100
부산신항↔의왕ICD,경기도,고양시 덕양구,효자동,477,693900,772100,860300,610000,682400,764500
부산신항↔의왕ICD,경기도,고양시 덕양구,삼송1동,474,691000,769000,857000,607300,679600,761500
부산신항↔의왕ICD,경기도,고양시 덕양구,삼송2동,471,687900,765700,853500,604600,676800,758600
부산신항↔의왕ICD,경기도,고양시 덕양구,창릉동,476,692800,770800,858800,608700,681000,763000
부산신항↔의왕ICD,경기도,고양시 덕양구,고양동,483,701100,779900,868900,616400,689400,772200
부산신항↔의왕ICD,경기도,고양시 덕양구,관산동,483,700500,779100,867800,615700,688500,771100
부산신항↔의왕ICD,경기도,고양시 덕양구,능곡동,480,695600,773300,861000,610600,682700,764300
부산신항↔의왕ICD,경기도,고양시 덕양구,화정1동,482,698400,776400,864500,613200,685600,767600
부산신항↔의왕ICD,경기도,고양시 덕양구,화정2동,479,694600,772300,860000,609800,681900,763500
부산신항↔의왕ICD,경기도,고양시 덕양구,행주동,479,694000,771500,859000,605700,677600,759100
부산신항↔의왕ICD,경기도,고양시 덕양구,행신1동,481,696600,774300,861900,611300,683400,765000
부산신항↔의왕ICD,경기도,고양시 덕양구,행신2동,481,696300,773900,861500,610900,682900,764400
부산신항↔의왕ICD,경기도,고양시 덕양구,행신3동,482,697400,775100,862700,611900,684000,765600
부산신항↔의왕ICD,경기도,고양시 덕양구,행신4동,476,691200,768700,856200,603500,675400,757000
부산신항↔의왕ICD,경기도,고양시 덕양구,화전동,461,675800,753000,840300,591100,662800,744100
부산신항↔의왕ICD,경기도,고양시 덕양구,대덕동,460,673200,750200,837200,588600,660100,741200
부산신항↔의왕ICD,경기도,고양시 일산동구,식사동,488,704600,783000,871400,618400,691100,773400
부산신항↔의왕ICD,경기도,고양시 일산동구,중산1동,492,708700,787200,875800,621900,694700,777200
부산신항↔의왕ICD,경기도,고양시 일산동구,중산2동,488,704500,782800,871100,618300,690900,773200
부산신항↔의왕ICD,경기도,고양시 일산동구,정발산동,489,705400,783700,872000,619000,691600,773900
부산신항↔의왕ICD,경기도,고양시 일산동구,풍산동,486,702700,781000,869300,616900,689500,771700
부산신항↔의왕ICD,경기도,고양시 일산동구,백석1동,483,699100,777100,865100,613600,685900,767900
부산신항↔의왕ICD,경기도,고양시 일산동구,백석2동,482,698300,776300,864300,613000,685300,767200
부산신항↔의왕ICD,경기도,고양시 일산동구,마두1동,485,701200,779300,867400,615400,687800,769800
부산신항↔의왕ICD,경기도,고양시 일산동구,마두2동,482,698400,776400,864500,613200,685600,767600
부산신항↔의왕ICD,경기도,고양시 일산동구,장항1동,485,701200,779300,867400,615400,687800,769800
부산신항↔의왕ICD,경기도,고양시 일산동구,장항2동,484,700200,778300,866400,614600,687000,769000
부산신항↔의왕ICD,경기도,고양시 일산동구,고봉동,485,701900,780300,868700,616300,689000,771300
부산신항↔의왕ICD,경기도,고양시 일산서구,일산1동,494,710600,789200,877900,623400,696300,778800
부산신항↔의왕ICD,경기도,고양시 일산서구,일산2동,490,706500,784900,873300,619900,692600,774900
부산신항↔의왕ICD,경기도,고양시 일산서구,일산3동,490,706200,784500,872800,619600,692200,774500
부산신항↔의왕ICD,경기도,고양시 일산서구,탄현1동,494,711000,789700,878400,623800,696700,779300
부산신항↔의왕ICD,경기도,고양시 일산서구,탄현2동,496,712500,791200,879800,624800,697700,780200
부산신항↔의왕ICD,경기도,고양시 일산서구,주엽1동,489,705100,783400,871600,618700,691200,773400
부산신항↔의왕ICD,경기도,고양시 일산서구,주엽2동,489,705400,783700,872000,619000,691600,773900
부산신항↔의왕ICD,경기도,고양시 일산서구,대화동,494,710400,789000,877500,623200,696000,778500
부산신항↔의왕ICD,경기도,고양시 일산서구,송포동,497,712900,791300,879700,624700,697400,779600
부산신항↔의왕ICD,경기도,고양시 일산서구,덕이동,495,711400,790000,878500,623900,696700,779200
부산신항↔의왕ICD,경기도,고양시 일산서구,가좌동,501,717100,795800,884400,628300,701200,783700
부산신항↔의왕ICD,경기도,과천시,중앙동,409,607000,681200,765500,534500,603500,682100
부산신항↔의왕ICD,경기도,과천시,갈현동,403,599700,673400,757200,527000,595600,673800
부산신항↔의왕ICD,경기도,과천시,원문동,410,609700,684000,768300,538400,607400,686100
부산신항↔의왕ICD,경기도,과천시,별양동,407,604600,678600,762700,531900,600800,679300
부산신항↔의왕ICD,경기도,과천시,부림동,408,606100,680200,764300,533700,602600,681200
부산신항↔의왕ICD,경기도,과천시,과천동,410,608500,682800,767100,536300,605300,684000
부산신항↔의왕ICD,경기도,과천시,문원동,406,603700,677600,761600,531300,600000,678400
부산신항↔의왕ICD,경기도,구리시,갈매동,444,662700,739600,826700,585100,656500,737600
부산신항↔의왕ICD,경기도,구리시,동구동,440,658900,735600,822300,582300,653400,734200
부산신항↔의왕ICD,경기도,구리시,인창동,436,654900,731200,817600,578900,649700,730200
부산신항↔의왕ICD,경기도,구리시,교문1동,439,657200,733800,820400,577200,648200,729000
부산신항↔의왕ICD,경기도,구리시,교문2동,433,649900,726000,812100,571100,641700,722000
부산신항↔의왕ICD,경기도,구리시,수택1동,433,650500,726500,812600,571600,642200,722500
부산신항↔의왕ICD,경기도,구리시,수택2동,434,650800,727000,813300,571900,642600,723000
부산신항↔의왕ICD,경기도,구리시,수택3동,433,649900,726000,812100,571100,641700,722000
부산신항↔의왕ICD,경기도,남양주시,와부읍,432,651400,727400,813400,576200,646800,727000
부산신항↔의왕ICD,경기도,남양주시,진접읍,467,686400,765100,854100,605100,678100,760900
부산신항↔의왕ICD,경기도,남양주시,화도읍,441,661400,738100,824900,585200,656400,737200
부산신항↔의왕ICD,경기도,남양주시,진건읍,448,667300,744600,832000,589300,661000,742400
부산신항↔의왕ICD,경기도,남양주시,오남읍,458,678000,756000,844300,598400,670700,752800
부산신항↔의왕ICD,경기도,남양주시,퇴계원읍,445,664000,741000,828100,586300,657800,739000
부산신항↔의왕ICD,경기도,남양주시,별내면,459,677900,756000,844400,597900,670300,752500
부산신항↔의왕ICD,경기도,남양주시,수동면,453,674000,751600,839400,596000,667900,749600
부산신항↔의왕ICD,경기도,남양주시,조안면,420,640000,715000,800000,567300,637000,716300
부산신항↔의왕ICD,경기도,남양주시,호평동,443,662700,739500,826400,585700,657100,738100
부산신항↔의왕ICD,경기도,남양주시,평내동,445,664900,741800,828900,587600,659100,740300
부산신항↔의왕ICD,경기도,남양주시,금곡동,441,659900,736600,823500,582900,654100,735000
부산신항↔의왕ICD,경기도,남양주시,양정동,436,654900,731200,817600,578900,649700,730200
부산신항↔의왕ICD,경기도,남양주시,다산1동,436,655100,731400,817700,579100,649900,730400
부산신항↔의왕ICD,경기도,남양주시,다산2동,434,652000,728100,814300,572900,643600,724000
부산신항↔의왕ICD,경기도,남양주시,별내동,445,664000,741000,828100,586300,657800,739000
부산신항↔의왕ICD,경기도,오산시,중앙동,385,591000,663200,745300,525600,592900,669600
부산신항↔의왕ICD,경기도,오산시,남촌동,388,594900,667400,749700,528300,595800,672700
부산신항↔의왕ICD,경기도,오산시,신장1동,386,590800,663100,745300,525800,593200,670000
부산신항↔의왕ICD,경기도,오산시,신장2동,382,586700,658700,740500,522200,589300,665800
부산신항↔의왕ICD,경기도,오산시,세마동,388,592300,664800,747100,526600,594100,671100
부산신항↔의왕ICD,경기도,오산시,초평동,389,595800,668400,750800,529000,596600,673600
부산신항↔의왕ICD,경기도,오산시,대원1동,391,600500,673200,755700,531800,599500,676600
부산신항↔의왕ICD,경기도,오산시,대원2동,391,600500,673200,755700,531800,599500,676600
부산신항↔의왕ICD,경기도,시흥시,대야동,435,638100,713900,799900,562100,632600,712800
부산신항↔의왕ICD,경기도,시흥시,신천동,438,641900,717900,804100,564600,635200,715500
부산신항↔의왕ICD,경기도,시흥시,신현동,426,627700,703100,788700,554100,624200,704100
부산신항↔의왕ICD,경기도,시흥시,은행동,439,643400,719500,805700,565600,636300,716700
부산신항↔의왕ICD,경기도,시흥시,매화동,428,629900,705500,791300,556200,626400,706400
부산신항↔의왕ICD,경기도,시흥시,목감동,417,615500,690300,775300,542300,611800,691100
부산신항↔의왕ICD,경기도,시흥시,군자동,417,616200,691000,776000,543400,612900,692100
부산신항↔의왕ICD,경기도,시흥시,월곶동,436,639600,715500,801600,563100,633600,713800
부산신항↔의왕ICD,경기도,시흥시,정왕본동,429,630900,706500,792200,556900,627100,707100
부산신항↔의왕ICD,경기도,시흥시,정왕1동,426,627900,703400,789100,554500,624600,704500
부산신항↔의왕ICD,경기도,시흥시,정왕2동,429,630900,706500,792200,556900,627100,707100
부산신항↔의왕ICD,경기도,시흥시,거북섬동,439,644000,720200,806500,566100,636800,717300
부산신항↔의왕ICD,경기도,시흥시,정왕3동,431,633200,708900,794700,558600,628900,709000
부산신항↔의왕ICD,경기도,시흥시,정왕4동,437,640400,716300,802400,563700,634200,714400
부산신항↔의왕ICD,경기도,시흥시,배곧1동,434,637100,712900,798900,561400,631800,712000
부산신항↔의왕ICD,경기도,시흥시,배곧2동,433,635600,711400,797300,560300,630700,710800
부산신항↔의왕ICD,경기도,시흥시,과림동,436,639600,715500,801600,563100,633600,713800
부산신항↔의왕ICD,경기도,시흥시,연성동,425,626800,702200,787800,553400,623500,703300
부산신항↔의왕ICD,경기도,시흥시,장곡동,426,627900,703400,789100,554500,624600,704500
부산신항↔의왕ICD,경기도,시흥시,능곡동,422,621300,696500,781900,548100,618000,697600
부산신항↔의왕ICD,경기도,군포시,군포1동,390,582600,655200,737900,512800,580400,657600
부산신항↔의왕ICD,경기도,군포시,군포2동,390,582600,655200,737900,512800,580400,657600
부산신항↔의왕ICD,경기도,군포시,산본1동,398,592600,665900,749300,521000,589200,667100
부산신항↔의왕ICD,경기도,군포시,산본2동,396,590100,663200,746300,518900,587000,664700
부산신항↔의왕ICD,경기도,군포시,금정동,397,591000,664200,747500,519700,587900,665700
부산신항↔의왕ICD,경기도,군포시,재궁동,393,586200,659000,741900,515500,583400,660900
부산신항↔의왕ICD,경기도,군포시,오금동,392,585200,658000,740800,514700,582500,659900
부산신항↔의왕ICD,경기도,군포시,수리동,394,587600,660500,743500,516900,584800,662400
부산신항↔의왕ICD,경기도,군포시,궁내동,394,587600,660500,743500,516900,584800,662400
부산신항↔의왕ICD,경기도,군포시,대야동,391,583600,656300,739000,513400,581100,658400
부산신항↔의왕ICD,경기도,군포시,광정동,394,587600,660500,743500,516900,584800,662400
부산신항↔의왕ICD,경기도,군포시,송부동,392,584500,657300,740100,514200,582000,659400
부산신항↔의왕ICD,경기도,의왕시,고천동,384,575700,647900,730000,507100,574300,651100
부산신항↔의왕ICD,경기도,의왕시,부곡동,384,575400,647600,729700,506600,573900,650700
부산신항↔의왕ICD,경기도,의왕시,오전동,386,578300,650700,733000,509200,576600,653600
부산신항↔의왕ICD,경기도,의왕시,내손1동,392,587000,659800,742600,516500,584300,661600
부산신항↔의왕ICD,경기도,의왕시,내손2동,403,599000,672700,756500,526400,595000,673200
부산신항↔의왕ICD,경기도,의왕시,청계동,399,594700,668000,751400,523000,591200,669100
부산신항↔의왕ICD,경기도,하남시,천현동,417,628700,703500,788200,553600,623100,702300
부산신항↔의왕ICD,경기도,하남시,신장1동,417,628200,703000,787700,553100,622600,701700
부산신항↔의왕ICD,경기도,하남시,신장2동,419,635700,710700,795600,559800,629500,708700
부산신항↔의왕ICD,경기도,하남시,덕풍1동,424,640400,715700,801100,563400,633400,713000
부산신항↔의왕ICD,경기도,하남시,덕풍2동,422,638000,713200,798400,561400,631300,710700
부산신항↔의왕ICD,경기도,하남시,덕풍3동,423,638900,714200,799400,562100,632000,711600
부산신항↔의왕ICD,경기도,하남시,미사3동,419,630000,704900,789900,554500,624100,703400
부산신항↔의왕ICD,경기도,하남시,감북동,416,623900,698600,783400,550000,619500,698600
부산신항↔의왕ICD,경기도,하남시,감일동,418,626300,701200,786100,551700,621200,700400
부산신항↔의왕ICD,경기도,하남시,위례동,420,626400,701400,786500,552400,622100,701500
부산신항↔의왕ICD,경기도,하남시,춘궁동,416,625600,700300,785000,550900,620300,699400
부산신항↔의왕ICD,경기도,하남시,초이동,420,629300,704300,789400,553700,623400,702800
부산신항↔의왕ICD,경기도,하남시,미사1동,424,640400,715700,801100,563400,633400,713000
부산신항↔의왕ICD,경기도,하남시,미사2동,434,652500,728600,814800,573500,644200,724600
부산신항↔의왕ICD,경기도,용인시 처인구,포곡읍,389,596400,668900,751300,529200,596800,673800
부산신항↔의왕ICD,경기도,용인시 처인구,모현읍,403,613400,687000,770600,541400,609900,688000
부산신항↔의왕ICD,경기도,용인시 처인구,이동읍,402,614600,688200,771700,542700,611200,689100
부산신항↔의왕ICD,경기도,용인시 처인구,남사읍,396,613700,686800,769700,542400,610500,687900
부산신항↔의왕ICD,경기도,용인시 처인구,원삼면,406,625200,699100,782900,551900,620600,698800
부산신항↔의왕ICD,경기도,용인시 처인구,백암면,398,613400,686700,769800,542200,610400,688000
부산신항↔의왕ICD,경기도,용인시 처인구,양지면,387,594200,666500,748700,526000,593400,670200
부산신항↔의왕ICD,경기도,용인시 처인구,중앙동,391,598800,671500,754000,531000,598700,675800
부산신항↔의왕ICD,경기도,용인시 처인구,역북동,389,596400,668900,751300,529200,596800,673800
부산신항↔의왕ICD,경기도,용인시 처인구,삼가동,390,595600,668200,750700,529200,596900,674000
부산신항↔의왕ICD,경기도,용인시 처인구,유림1동,385,591500,663700,745700,525900,593200,669900
부산신항↔의왕ICD,경기도,용인시 처인구,유림2동,389,596400,668900,751300,529200,596800,673800
부산신항↔의왕ICD,경기도,용인시 처인구,동부동,387,595000,667400,749600,528000,595400,672300
부산신항↔의왕ICD,경기도,용인시 기흥구,신갈동,392,593400,666200,749000,526500,594300,671500
부산신항↔의왕ICD,경기도,용인시 기흥구,영덕1동,391,590800,663500,746200,522600,590300,667600
부산신항↔의왕ICD,경기도,용인시 기흥구,영덕2동,393,595000,667900,750700,528200,596100,673400
부산신항↔의왕ICD,경기도,용인시 기흥구,구갈동,391,593200,665900,748600,526700,594400,671600
부산신항↔의왕ICD,경기도,용인시 기흥구,상갈동,394,595900,668900,751800,528800,596700,674200
부산신항↔의왕ICD,경기도,용인시 기흥구,보라동,395,597800,670900,753900,530700,598700,676200
부산신항↔의왕ICD,경기도,용인시 기흥구,기흥동,394,598300,671200,754100,531400,599300,676700
부산신항↔의왕ICD,경기도,용인시 기흥구,서농동,390,592300,664900,747500,526000,593700,670800
부산신항↔의왕ICD,경기도,용인시 기흥구,구성동,388,589200,661700,744100,522500,590000,667000
부산신항↔의왕ICD,경기도,용인시 기흥구,마북동,395,595600,668700,751700,527500,595500,673100
부산신항↔의왕ICD,경기도,용인시 기흥구,동백1동,392,596200,669000,751700,529600,597400,674700
부산신항↔의왕ICD,경기도,용인시 기흥구,동백2동,393,597400,670300,753100,530900,598700,676000
부산신항↔의왕ICD,경기도,용인시 기흥구,동백3동,391,594200,666900,749500,527900,595600,672800
부산신항↔의왕ICD,경기도,용인시 기흥구,상하동,394,598300,671200,754100,531400,599300,676700
부산신항↔의왕ICD,경기도,용인시 기흥구,보정동,395,596900,670000,753000,529700,597700,675200
부산신항↔의왕ICD,경기도,용인시 수지구,풍덕천1동,394,594100,667000,749900,525700,593700,671200
부산신항↔의왕ICD,경기도,용인시 수지구,풍덕천2동,395,594500,667600,750600,525400,593400,670900
부산신항↔의왕ICD,경기도,용인시 수지구,신봉동,396,595400,668500,751600,526200,594300,671900
부산신항↔의왕ICD,경기도,용인시 수지구,죽전1동,393,594400,667300,750100,527100,594900,672300
부산신항↔의왕ICD,경기도,용인시 수지구,죽전2동,393,593900,666800,749600,526200,594000,671400
부산신항↔의왕ICD,경기도,용인시 수지구,죽전3동,393,593900,666800,749600,526200,594000,671400
부산신항↔의왕ICD,경기도,용인시 수지구,동천동,402,604300,677900,761500,535800,604300,682400
부산신항↔의왕ICD,경기도,용인시 수지구,상현1동,395,594500,667600,750600,525400,593400,670900
부산신항↔의왕ICD,경기도,용인시 수지구,상현2동,395,594500,667600,750600,525400,593400,670900
부산신항↔의왕ICD,경기도,용인시 수지구,상현3동,391,589600,662300,745000,520400,588100,665400
부산신항↔의왕ICD,경기도,용인시 수지구,성복동,397,596300,669500,752700,526900,595000,672700
부산신항↔의왕ICD,경기도,파주시,문산읍,527,749000,829500,920100,656100,730600,814800
부산신항↔의왕ICD,경기도,파주시,파주읍,514,732000,812000,902000,641500,715500,799300
부산신항↔의왕ICD,경기도,파주시,법원읍,513,731300,811400,901600,641400,715500,799400
부산신항↔의왕ICD,경기도,파주시,조리읍,503,720000,799100,888200,631300,704600,787500
부산신항↔의왕ICD,경기도,파주시,월롱면,513,734200,813700,903200,643200,716900,800100
부산신항↔의왕ICD,경기도,파주시,탄현면,530,751100,831300,921400,657000,731300,815100
부산신항↔의왕ICD,경기도,파주시,광탄면,500,718200,797700,887400,630600,704300,787700
부산신항↔의왕ICD,경기도,파주시,파평면,544,766100,847300,938600,669900,745100,829900
부산신항↔의왕ICD,경기도,파주시,적성면,540,759700,841600,933800,665400,741200,826800
부산신항↔의왕ICD,경기도,파주시,장단면,539,761100,842200,933300,666000,741000,825700
부산신항↔의왕ICD,경기도,파주시,금촌1동,502,718900,797900,887000,630300,703500,786400
부산신항↔의왕ICD,경기도,파주시,금촌2동,501,718000,797000,886000,629600,702800,785700
부산신항↔의왕ICD,경기도,파주시,금촌3동,508,725400,804900,894400,636000,709600,792900
부산신항↔의왕ICD,경기도,파주시,교하동,503,720000,799100,888200,631300,704600,787500
부산신항↔의왕ICD,경기도,파주시,운정1동,502,719000,798100,887200,630600,703900,786900
부산신항↔의왕ICD,경기도,파주시,운정2동,502,719000,798100,887200,630600,703900,786900
부산신항↔의왕ICD,경기도,파주시,운정3동,503,720000,799100,888200,631300,704600,787500
부산신항↔의왕ICD,경기도,파주시,운정4동,499,715900,794800,883800,628000,701200,784000
부산신항↔의왕ICD,경기도,파주시,운정5동,519,739200,818500,907700,646700,720200,803200
부산신항↔의왕ICD,경기도,파주시,운정6동,506,723000,802200,891400,633700,707000,790000
부산신항↔의왕ICD,경기도,이천시,장호원읍,391,612700,685300,767600,548400,616000,692900
부산신항↔의왕ICD,경기도,이천시,부발읍,393,611500,684300,766900,545500,613300,690400
부산신항↔의왕ICD,경기도,이천시,신둔면,397,614600,687800,770700,547300,615400,692900
부산신항↔의왕ICD,경기도,이천시,백사면,405,623700,697500,781100,555400,624000,702000
부산신항↔의왕ICD,경기도,이천시,호법면,389,606600,679100,761400,540900,608500,685300
부산신항↔의왕ICD,경기도,이천시,마장면,386,600500,672800,754900,531700,599000,675700
부산신항↔의왕ICD,경기도,이천시,대월면,394,613000,685900,768500,546900,614800,692000
부산신항↔의왕ICD,경기도,이천시,모가면,405,623100,696900,780500,554600,623300,701400
부산신항↔의왕ICD,경기도,이천시,설성면,388,607900,680400,762500,543300,610700,687400
부산신항↔의왕ICD,경기도,이천시,율면,394,615100,687900,770500,549900,617700,694800
부산신항↔의왕ICD,경기도,이천시,창전동,393,611500,684300,766900,545500,613300,690400
부산신항↔의왕ICD,경기도,이천시,증포동,393,611500,684300,766900,545500,613300,690400
부산신항↔의왕ICD,경기도,이천시,중리동,390,608400,681000,763300,542700,610300,687300
부산신항↔의왕ICD,경기도,이천시,관고동,392,610400,683200,765700,544500,612200,689300
부산신항↔의왕ICD,경기도,안성시,공도읍,393,610900,683700,766300,544500,612400,689600
부산신항↔의왕ICD,경기도,안성시,보개면,412,630600,704900,789100,560900,630000,708600
부산신항↔의왕ICD,경기도,안성시,금광면,416,634600,709200,793800,564200,633600,712500
부산신항↔의왕ICD,경기도,안성시,서운면,401,620200,693700,776900,552600,621000,698700
부산신항↔의왕ICD,경기도,안성시,미양면,398,616600,689800,772800,549600,617700,695200
부산신항↔의왕ICD,경기도,안성시,대덕면,407,625100,699100,782900,556200,625000,703200
부산신항↔의왕ICD,경기도,안성시,양성면,408,625800,699800,783700,556500,625400,703700
부산신항↔의왕ICD,경기도,안성시,원곡면,400,617200,690600,773800,549300,617600,695300
부산신항↔의왕ICD,경기도,안성시,일죽면,393,612900,685700,768200,547400,615300,692400
부산신항↔의왕ICD,경기도,안성시,죽산면,403,621600,695200,778700,553500,622000,699900
부산신항↔의왕ICD,경기도,안성시,삼죽면,417,636300,711000,795600,566000,635500,714400
부산신항↔의왕ICD,경기도,안성시,고삼면,406,627400,701300,785000,557700,626500,704600
부산신항↔의왕ICD,경기도,안성시,안성1동,413,631500,705900,790200,561700,630900,709500
부산신항↔의왕ICD,경기도,안성시,안성2동,409,627800,701900,785800,558900,627800,706100
부산신항↔의왕ICD,경기도,안성시,안성3동,415,633800,708400,792800,563800,633200,712000
부산신항↔의왕ICD,경기도,김포시,통진읍,517,736800,815900,904800,644700,718000,800800
부산신항↔의왕ICD,경기도,김포시,고촌읍,474,689300,766800,854300,602100,674000,755500
부산신항↔의왕ICD,경기도,김포시,양촌읍,508,728400,807400,896300,638100,711300,794000
부산신항↔의왕ICD,경기도,김포시,대곶면,507,727500,806500,895400,637400,710600,793300
부산신항↔의왕ICD,경기도,김포시,월곶면,522,742400,822000,911400,649600,723300,806500
부산신항↔의왕ICD,경기도,김포시,하성면,516,736300,815600,904700,644400,717800,800700
부산신항↔의왕ICD,경기도,김포시,김포본동,493,708300,786400,874300,620600,693000,774900
부산신항↔의왕ICD,경기도,김포시,장기본동,491,707300,785700,874100,620500,693200,775500
부산신항↔의왕ICD,경기도,김포시,사우동,484,699900,777800,865700,614200,686500,768300
부산신항↔의왕ICD,경기도,김포시,풍무동,476,691700,769300,856900,607400,679400,761000
부산신항↔의왕ICD,경기도,김포시,장기동,496,712000,790400,878800,624100,696800,779000
부산신항↔의왕ICD,경기도,김포시,구래동,502,718400,797200,886000,629500,702500,785200
부산신항↔의왕ICD,경기도,김포시,마산동,503,723100,801800,890400,633500,706400,788900
부산신항↔의왕ICD,경기도,김포시,운양동,490,706500,784900,873300,619900,692600,774900
부산신항↔의왕ICD,경기도,화성시,봉담읍,398,596200,669500,752800,525400,593600,671300
부산신항↔의왕ICD,경기도,화성시,우정읍,420,629900,704900,789900,554100,623800,703200
부산신항↔의왕ICD,경기도,화성시,향남읍,400,604500,678000,761400,536400,604700,682600
부산신항↔의왕ICD,경기도,화성시,남양읍,418,621300,696200,781100,549300,618900,698200
부산신항↔의왕ICD,경기도,화성시,매송면,403,601400,675100,758800,530200,598700,676900
부산신항↔의왕ICD,경기도,화성시,비봉면,409,608800,683000,767300,537700,606600,685200
부산신항↔의왕ICD,경기도,화성시,마도면,421,626300,701400,786700,552600,622400,701800
부산신항↔의왕ICD,경기도,화성시,송산면,426,633800,709300,795000,557600,627700,707500
부산신항↔의왕ICD,경기도,화성시,서신면,439,654500,731000,817700,574200,645300,726100
부산신항↔의왕ICD,경기도,화성시,팔탄면,404,607500,681300,765000,538600,607200,685400
부산신항↔의왕ICD,경기도,화성시,장안면,414,625400,700000,784500,550900,620200,699100
부산신항↔의왕ICD,경기도,화성시,양감면,406,616800,690700,774500,543900,612600,690900
부산신항↔의왕ICD,경기도,화성시,정남면,400,603700,677200,760600,535700,604100,682000
부산신항↔의왕ICD,경기도,화성시,새솔동,421,621000,696100,781400,548400,618200,697700
부산신항↔의왕ICD,경기도,화성시,진안동,386,586700,659000,741200,519900,587300,664100
부산신항↔의왕ICD,경기도,화성시,병점1동,385,585800,658000,740100,519200,586500,663300
부산신항↔의왕ICD,경기도,화성시,병점2동,386,586700,659000,741200,519900,587300,664100
부산신항↔의왕ICD,경기도,화성시,반월동,387,587700,660100,742400,520700,588200,665100
부산신항↔의왕ICD,경기도,화성시,기배동,390,589800,662500,745100,521800,589400,666600
부산신항↔의왕ICD,경기도,화성시,화산동,389,590700,663300,745800,524300,591900,668900
부산신항↔의왕ICD,경기도,화성시,동탄1동,394,599400,672400,755200,532200,600200,677600
부산신항↔의왕ICD,경기도,화성시,동탄2동,396,601800,674900,758000,533900,602000,679500
부산신항↔의왕ICD,경기도,화성시,동탄3동,388,589700,662200,744600,523500,591000,667900
부산신항↔의왕ICD,경기도,화성시,동탄4동,397,602300,675500,758600,534400,602500,680200
부산신항↔의왕ICD,경기도,화성시,동탄5동,396,600200,673300,756400,533100,601200,678800
부산신항↔의왕ICD,경기도,화성시,동탄6동,390,596200,668800,751300,529500,597200,674300
부산신항↔의왕ICD,경기도,화성시,동탄7동,392,600800,673600,756200,532300,600100,677300
부산신항↔의왕ICD,경기도,화성시,동탄8동,389,596900,669500,751900,529500,597100,674100
부산신항↔의왕ICD,경기도,화성시,동탄9동,396,605700,678800,761800,535800,603800,681300
부산신항↔의왕ICD,경기도,광주시,초월읍,403,614500,688200,771800,542300,610800,688900
부산신항↔의왕ICD,경기도,광주시,곤지암읍,401,621500,695000,778300,549400,617800,695600
부산신항↔의왕ICD,경기도,광주시,도척면,392,601100,673800,756400,531500,599200,676400
부산신항↔의왕ICD,경기도,광주시,퇴촌면,417,635500,710300,795100,560000,629500,708600
부산신항↔의왕ICD,경기도,광주시,남종면,421,640300,715400,800500,564100,633900,713200
부산신항↔의왕ICD,경기도,광주시,남한산성면,409,625900,700100,784100,552000,621000,699400
부산신항↔의왕ICD,경기도,광주시,경안동,398,608700,682000,765100,537800,606000,683700
부산신항↔의왕ICD,경기도,광주시,송정동,405,615900,689700,773400,543200,611900,690100
부산신항↔의왕ICD,경기도,광주시,쌍령동,398,608700,682000,765100,537800,606000,683700
부산신항↔의왕ICD,경기도,광주시,탄벌동,404,613800,687600,771300,541900,610500,688600
부산신항↔의왕ICD,경기도,광주시,광남1동,398,607600,680900,764000,537200,605400,683000
부산신항↔의왕ICD,경기도,광주시,광남2동,399,608000,681400,764600,537700,606000,683700
부산신항↔의왕ICD,경기도,광주시,오포1동,399,606900,680200,763400,537200,605500,683300
부산신항↔의왕ICD,경기도,광주시,오포2동,406,616800,690700,774500,543900,612600,690900
부산신항↔의왕ICD,경기도,광주시,신현동,395,599900,672900,755900,532700,600700,678200
부산신항↔의왕ICD,경기도,광주시,능평동,396,601800,674900,758000,533900,602000,679500
부산신항↔의왕ICD,경기도,양주시,백석읍,495,714300,794100,884100,628000,701900,785600
부산신항↔의왕ICD,경기도,양주시,은현면,501,720600,800700,891100,633100,707300,791300
부산신항↔의왕ICD,경기도,양주시,남면,518,737600,818500,909700,647400,722300,807000
부산신항↔의왕ICD,경기도,양주시,광적면,502,721100,801100,891300,633500,707600,791400
부산신항↔의왕ICD,경기도,양주시,장흥면,486,705400,784900,874600,620700,694300,777800
부산신항↔의왕ICD,경기도,양주시,양주1동,480,699300,778500,868000,615700,689100,772400
부산신항↔의왕ICD,경기도,양주시,양주2동,485,704300,783700,873300,619800,693400,776800
부산신항↔의왕ICD,경기도,양주시,회천1동,491,710900,790800,880900,625400,699300,783100
부산신항↔의왕ICD,경기도,양주시,회천2동,495,714300,794100,884100,628000,701900,785600
부산신항↔의왕ICD,경기도,양주시,회천3동,492,712100,792100,882400,626500,700600,784600
부산신항↔의왕ICD,경기도,양주시,옥정1동,488,708000,787800,878000,623200,697200,781000
부산신항↔의왕ICD,경기도,양주시,옥정2동,488,707800,787500,877400,622800,696600,780300
부산신항↔의왕ICD,경기도,포천시,소흘읍,481,701000,780600,870600,617600,691300,774900
부산신항↔의왕ICD,경기도,포천시,군내면,500,720000,800400,891000,633100,707500,791700
부산신항↔의왕ICD,경기도,포천시,내촌면,468,688600,767400,856400,607400,680400,763300
부산신항↔의왕ICD,경기도,포천시,가산면,489,709500,789600,880000,624600,698800,782800
부산신항↔의왕ICD,경기도,포천시,신북면,508,728100,808800,899700,639700,714300,798800
부산신항↔의왕ICD,경기도,포천시,창수면,525,744800,826100,917700,653400,728600,813700
부산신항↔의왕ICD,경기도,포천시,영중면,526,745900,827300,918900,654200,729500,814700
부산신항↔의왕ICD,경기도,포천시,일동면,515,735600,816800,908300,646000,721100,806200
부산신항↔의왕ICD,경기도,포천시,이동면,533,753300,835200,927400,660600,736400,822000
부산신항↔의왕ICD,경기도,포천시,영북면,546,765500,847700,940200,670200,746200,832000
부산신항↔의왕ICD,경기도,포천시,관인면,568,795400,878500,971800,695000,771800,858300
부산신항↔의왕ICD,경기도,포천시,화현면,502,722500,803100,894100,635400,710100,794600
부산신항↔의왕ICD,경기도,포천시,포천동,502,722000,802400,893100,634800,709200,793500
부산신항↔의왕ICD,경기도,포천시,선단동,486,706300,786100,876300,621800,695800,779600
부산신항↔의왕ICD,경기도,여주시,가남읍,390,609800,682400,764600,544800,612400,689300
부산신항↔의왕ICD,경기도,여주시,점동면,409,629300,703400,787300,561200,630100,708400
부산신항↔의왕ICD,경기도,여주시,흥천면,405,624700,698400,782000,556900,625500,703500
부산신항↔의왕ICD,경기도,여주시,금사면,404,622900,696600,780100,554900,623500,701500
부산신항↔의왕ICD,경기도,여주시,세종대왕면,396,615900,688900,771700,550000,618000,695300
부산신항↔의왕ICD,경기도,여주시,대신면,411,630200,704500,788600,561200,630200,708700
부산신항↔의왕ICD,경기도,여주시,북내면,421,641300,716300,801200,571000,640800,720000
부산신항↔의왕ICD,경기도,여주시,강천면,416,636600,711200,795700,567300,636600,715400
부산신항↔의왕ICD,경기도,여주시,산북면,408,629600,703700,787600,559600,628500,706800
부산신항↔의왕ICD,경기도,여주시,여흥동,408,628100,702100,785900,560100,629000,707200
부산신항↔의왕ICD,경기도,여주시,중앙동,409,629300,703400,787300,561200,630100,708400
부산신항↔의왕ICD,경기도,여주시,오학동,412,632200,706500,790700,563500,632600,711100
부산신항↔의왕ICD,경기도,연천군,연천읍,555,782500,865000,957600,684400,760700,846700
부산신항↔의왕ICD,경기도,연천군,전곡읍,537,756600,838300,930300,662700,738300,823700
부산신항↔의왕ICD,경기도,연천군,군남면,559,786300,868900,961700,687600,764000,850200
부산신항↔의왕ICD,경기도,연천군,청산면,527,746600,827900,919500,654800,730000,815100
부산신항↔의왕ICD,경기도,연천군,백학면,549,772200,854300,946500,675600,751500,837200
부산신항↔의왕ICD,경기도,연천군,미산면,559,786300,868900,961700,687600,764000,850200
부산신항↔의왕ICD,경기도,연천군,왕징면,553,780500,862900,955400,682700,758900,844800
부산신항↔의왕ICD,경기도,연천군,신서면,573,799900,883100,976400,699000,775900,862500
부산신항↔의왕ICD,경기도,연천군,중면,573,799900,883100,976400,699000,775900,862500
부산신항↔의왕ICD,경기도,연천군,장남면,546,769500,851600,943800,673500,749400,835100
부산신항↔의왕ICD,경기도,가평군,가평읍,497,718400,799300,890600,632600,707500,792400
부산신항↔의왕ICD,경기도,가평군,설악면,472,693200,772300,861700,611600,684900,768000
부산신항↔의왕ICD,경기도,가평군,청평면,469,690600,769500,858700,609600,682700,765600
부산신항↔의왕ICD,경기도,가평군,상면,492,713600,794300,885400,628700,703400,788000
부산신항↔의왕ICD,경기도,가평군,조종면,496,717500,798400,889700,631900,706800,791700
부산신항↔의왕ICD,경기도,가평군,북면,515,736400,818000,910100,647200,722700,808200
부산신항↔의왕ICD,경기도,양평군,양평읍,431,653500,729400,815200,579800,650300,730300
부산신항↔의왕ICD,경기도,양평군,강상면,435,657400,733600,819800,583000,653800,734100
부산신항↔의왕ICD,경기도,양평군,강하면,426,647000,722500,808000,573600,643800,723500
부산신항↔의왕ICD,경기도,양평군,양서면,423,643500,718800,804000,570400,640400,719900
부산신항↔의왕ICD,경기도,양평군,옥천면,425,647300,722700,808000,574600,644600,724200
부산신항↔의왕ICD,경기도,양평군,서종면,445,665300,742300,829400,588400,659800,740900
부산신항↔의왕ICD,경기도,양평군,단월면,471,693700,772700,861900,612900,686100,769100
부산신항↔의왕ICD,경기도,양평군,청운면,477,699800,779300,869000,618200,691800,775200
부산신항↔의왕ICD,경기도,양평군,양동면,449,672700,750000,837300,596400,668100,749400
부산신항↔의왕ICD,경기도,양평군,지평면,439,663000,739400,825900,588500,659500,740100
부산신항↔의왕ICD,경기도,양평군,용문면,453,675700,753300,841000,598100,670100,751700
부산신항↔의왕ICD,경기도,양평군,개군면,418,637500,712300,796900,567200,636800,715800
부산신항↔의왕ICD,강원특별자치도,춘천시,신북읍,561,786500,870700,965300,689000,766700,854500
부산신항↔의왕ICD,강원특별자치도,춘천시,동면,550,775700,859400,953600,680300,757600,844900
부산신항↔의왕ICD,강원특별자치도,춘천시,동산면,511,733200,815200,907700,645300,721100,807000
부산신항↔의왕ICD,강원특별자치도,춘천시,신동면,532,757400,839800,932600,664700,740900,827100
부산신항↔의왕ICD,강원특별자치도,춘천시,남면,506,727100,808200,899700,639400,714400,799400
부산신항↔의왕ICD,강원특별자치도,춘천시,서면,545,769500,852200,945100,674400,750800,837000
부산신항↔의왕ICD,강원특별자치도,춘천시,사북면,575,802700,886400,980300,701400,778700,865900
부산신항↔의왕ICD,강원특별자치도,춘천시,북산면,601,829400,915200,1011400,723800,803000,892100
부산신항↔의왕ICD,강원특별자치도,춘천시,동내면,538,764200,847400,941000,670700,747600,834500
부산신항↔의왕ICD,강원특별자치도,춘천시,남산면,514,735000,816400,908200,646000,721300,806500
부산신항↔의왕ICD,강원특별자치도,춘천시,교동,539,764700,847700,941100,670900,747600,834200
부산신항↔의왕ICD,강원특별자치도,춘천시,조운동,538,763700,846600,939900,670000,746700,833300
부산신항↔의왕ICD,강원특별자치도,춘천시,약사명동,539,764400,847300,940700,670700,747400,834000
부산신항↔의왕ICD,강원특별자치도,춘천시,근화동,539,764700,847700,941100,670900,747600,834200
부산신항↔의왕ICD,강원특별자치도,춘천시,소양동,540,765500,848500,941900,671600,748300,834900
부산신항↔의왕ICD,강원특별자치도,춘천시,후평1동,543,768900,852200,945900,674400,751400,838400
부산신항↔의왕ICD,강원특별자치도,춘천시,후평2동,545,770900,854400,948300,676200,753300,840400
부산신항↔의왕ICD,강원특별자치도,춘천시,후평3동,545,771000,854500,948500,676400,753600,840800
부산신항↔의왕ICD,강원특별자치도,춘천시,효자1동,536,761700,844500,937700,668400,745000,831500
부산신항↔의왕ICD,강원특별자치도,춘천시,효자2동,536,761800,844700,938000,668600,745200,831800
부산신항↔의왕ICD,강원특별자치도,춘천시,효자3동,538,763800,846800,940200,670200,746900,833500
부산신항↔의왕ICD,강원특별자치도,춘천시,석사동,540,766000,849300,943000,672300,749200,836200
부산신항↔의왕ICD,강원특별자치도,춘천시,퇴계동,542,768000,851400,945200,673900,750900,837900
부산신항↔의왕ICD,강원특별자치도,춘천시,강남동,536,761700,844500,937700,668400,745000,831500
부산신항↔의왕ICD,강원특별자치도,춘천시,신사우동,546,771400,854600,948200,676400,753300,840200
부산신항↔의왕ICD,강원특별자치도,홍천군,홍천읍,517,744800,827400,920500,655700,732100,818500
부산신항↔의왕ICD,강원특별자치도,홍천군,화촌면,532,758900,842300,936300,667000,744000,831200
부산신항↔의왕ICD,강원특별자치도,홍천군,두촌면,558,784300,868700,963700,687600,765600,853600
부산신항↔의왕ICD,강원특별자치도,홍천군,내촌면,561,787100,871700,966800,689900,767900,856000
부산신항↔의왕ICD,강원특별자치도,홍천군,서석면,553,780600,865700,961600,685400,764000,852800
부산신항↔의왕ICD,강원특별자치도,홍천군,영귀미면,528,755400,838800,932900,664600,741700,829000
부산신항↔의왕ICD,강원특별자치도,홍천군,남면,501,723200,804600,896400,637100,712300,797600
부산신항↔의왕ICD,강원특별자치도,홍천군,서면,528,753400,835700,928300,661400,737500,823500
부산신항↔의왕ICD,강원특별자치도,홍천군,북방면,510,737500,819600,912100,649600,725400,811300
부산신항↔의왕ICD,강원특별자치도,홍천군,내면,633,866200,955000,1054400,754700,836400,928400
부산북항↔의왕ICD,서울특별시,종로구,청운효자동,448,653500,729900,816300,573000,643800,724400
부산북항↔의왕ICD,서울특별시,종로구,사직동,445,650100,726300,812700,570600,641400,722000
부산북항↔의왕ICD,서울특별시,종로구,삼청동,448,654100,730500,817000,573300,644200,724900
부산북항↔의왕ICD,서울특별시,종로구,부암동,447,653800,730300,816900,572900,643900,724600
부산북항↔의왕ICD,서울특별시,종로구,평창동,455,670700,748000,835400,587300,659000,740500
부산북항↔의왕ICD,서울특별시,종로구,무악동,448,653500,729900,816300,573000,643800,724400
부산북항↔의왕ICD,서울특별시,종로구,교남동,447,652600,729000,815400,572300,643100,723700
부산북항↔의왕ICD,서울특별시,종로구,가회동,445,650800,727100,813600,570800,641700,722300
부산북항↔의왕ICD,서울특별시,종로구,종로1234가동,442,647300,723500,809900,568500,639300,719800
부산북항↔의왕ICD,서울특별시,종로구,종로5.6가동,441,646400,722600,809000,567700,638500,719000
부산북항↔의왕ICD,서울특별시,종로구,이화동,442,647900,724200,810700,568600,639500,720100
부산북항↔의왕ICD,서울특별시,종로구,혜화동,443,650100,726600,813200,570100,641100,721800
부산북항↔의왕ICD,서울특별시,종로구,창신1동,441,646400,722600,809000,567700,638500,719000
부산북항↔의왕ICD,서울특별시,종로구,창신2동,437,642700,718900,805300,564900,635700,716300
부산북항↔의왕ICD,서울특별시,종로구,창신3동,447,652600,729000,815400,572300,643100,723700
부산북항↔의왕ICD,서울특별시,종로구,숭인1동,443,648800,725100,811600,569400,640300,720900
부산북항↔의왕ICD,서울특별시,종로구,숭인2동,437,643300,719600,806100,565200,636000,716600
부산북항↔의왕ICD,서울특별시,중구,소공동,448,652300,728500,814800,572500,643300,723700
부산북항↔의왕ICD,서울특별시,중구,회현동,442,646200,722300,808500,567800,638500,718900
부산북항↔의왕ICD,서울특별시,중구,명동,443,647100,723200,809400,568600,639200,719600
부산북항↔의왕ICD,서울특별시,중구,필동,439,644000,720200,806500,566100,636800,717300
부산북항↔의왕ICD,서울특별시,중구,장충동,439,644000,720200,806500,566100,636800,717300
부산북항↔의왕ICD,서울특별시,중구,광희동,439,644000,720200,806500,566100,636800,717300
부산북항↔의왕ICD,서울특별시,중구,을지로동,442,647300,723500,809900,568500,639300,719800
부산북항↔의왕ICD,서울특별시,중구,신당동,439,644500,720800,807200,566300,637100,717700
부산북항↔의왕ICD,서울특별시,중구,다산동,438,643000,719200,805500,565300,636000,716500
부산북항↔의왕ICD,서울특별시,중구,약수동,439,644500,720800,807200,566300,637100,717700
부산북항↔의왕ICD,서울특별시,중구,청구동,439,644500,720800,807200,566300,637100,717700
부산북항↔의왕ICD,서울특별시,중구,신당5동,440,646100,722400,808900,567300,638100,718700
부산북항↔의왕ICD,서울특별시,중구,동화동,438,643000,719200,805500,565300,636000,716500
부산북항↔의왕ICD,서울특별시,중구,황학동,440,646100,722400,808900,567300,638100,718700
부산북항↔의왕ICD,서울특별시,중구,중림동,448,652900,729200,815500,572800,643600,724100
부산북항↔의왕ICD,서울특별시,용산구,후암동,439,643400,719500,805700,565600,636300,716700
부산북항↔의왕ICD,서울특별시,용산구,용산2가동,440,643300,719200,805300,565900,636400,716600
부산북항↔의왕ICD,서울특별시,용산구,남영동,443,646600,722600,808700,568300,638900,719200
부산북항↔의왕ICD,서울특별시,용산구,청파동,446,649900,726000,812200,570700,641400,721800
부산북항↔의왕ICD,서울특별시,용산구,원효로1동,445,649500,725700,812000,570300,641000,721500
부산북항↔의왕ICD,서울특별시,용산구,원효로2동,444,648600,724800,811100,569600,640300,720800
부산북항↔의왕ICD,서울특별시,용산구,효창동,444,648000,724100,810300,569300,640000,720300
부산북항↔의왕ICD,서울특별시,용산구,용문동,444,648000,724100,810300,569300,640000,720300
부산북항↔의왕ICD,서울특별시,용산구,한강로동,442,645700,721700,807800,567600,638200,718500
부산북항↔의왕ICD,서울특별시,용산구,이촌1동,439,642300,718200,804300,565200,635700,716000
부산북항↔의왕ICD,서울특별시,용산구,이촌2동,443,647100,723200,809400,568600,639200,719600
부산북항↔의왕ICD,서울특별시,용산구,이태원1동,436,638900,714700,800700,562700,633200,713400
부산북항↔의왕ICD,서울특별시,용산구,이태원2동,439,642300,718200,804300,565200,635700,716000
부산북항↔의왕ICD,서울특별시,용산구,한남동,435,638600,714500,800600,562300,632800,713100
부산북항↔의왕ICD,서울특별시,용산구,서빙고동,435,637400,713200,799100,561700,632100,712200
부산북항↔의왕ICD,서울특별시,용산구,보광동,434,636600,712300,798200,561100,631500,711600
부산북항↔의왕ICD,서울특별시,성동구,왕십리2동,437,642700,718900,805300,564900,635700,716300
부산북항↔의왕ICD,서울특별시,성동구,왕십리도선동,443,648800,725100,811600,569400,640300,720900
부산북항↔의왕ICD,서울특별시,성동구,마장동,442,648600,725000,811500,569000,639900,720600
부산북항↔의왕ICD,서울특별시,성동구,사근동,438,644300,720600,807100,565800,636700,717300
부산북항↔의왕ICD,서울특별시,성동구,행당1동,437,642700,718900,805300,564900,635700,716300
부산북항↔의왕ICD,서울특별시,성동구,행당2동,438,643600,719800,806200,565600,636400,717000
부산북항↔의왕ICD,서울특별시,성동구,응봉동,437,642700,718900,805300,564900,635700,716300
부산북항↔의왕ICD,서울특별시,성동구,금호1가동,437,642100,718300,804600,564600,635300,715800
부산북항↔의왕ICD,서울특별시,성동구,금호2.3가동,436,640600,716700,802900,563600,634200,714600
부산북항↔의왕ICD,서울특별시,성동구,금호4가동,435,639700,715800,802000,562800,633500,713900
부산북항↔의왕ICD,서울특별시,성동구,옥수동,435,639100,715100,801300,562600,633200,713500
부산북항↔의왕ICD,서울특별시,성동구,성수1가1동,434,639400,715500,801800,562500,633200,713700
부산북항↔의왕ICD,서울특별시,성동구,성수1가2동,434,639400,715500,801800,562500,633200,713700
부산북항↔의왕ICD,서울특별시,성동구,성수2가1동,433,638500,714600,800800,561900,632500,712900
부산북항↔의왕ICD,서울특별시,성동구,성수2가3동,435,640900,717100,803500,563500,634300,714800
부산북항↔의왕ICD,서울특별시,성동구,송정동,436,644200,720500,807000,565300,636200,716800
부산북항↔의왕ICD,서울특별시,성동구,용답동,437,644500,720900,807500,565900,636800,717400
부산북항↔의왕ICD,서울특별시,광진구,화양동,433,640300,716400,802700,562500,633100,713500
부산북항↔의왕ICD,서울특별시,광진구,군자동,431,638500,714400,800400,561100,631600,711800
부산북항↔의왕ICD,서울특별시,광진구,중곡1동,434,642400,718500,804800,564000,634700,715100
부산북항↔의왕ICD,서울특별시,광진구,중곡2동,434,642400,718500,804800,564000,634700,715100
부산북항↔의왕ICD,서울특별시,광진구,중곡3동,435,643800,720000,806400,565000,635800,716300
부산북항↔의왕ICD,서울특별시,광진구,중곡4동,439,654500,731000,817700,574200,645300,726100
부산북항↔의왕ICD,서울특별시,광진구,능동,434,642400,718500,804800,564000,634700,715100
부산북항↔의왕ICD,서울특별시,광진구,광장동,434,644100,720200,806500,565300,636000,716400
부산북항↔의왕ICD,서울특별시,광진구,자양1동,431,637300,713200,799300,560600,631100,711300
부산북항↔의왕ICD,서울특별시,광진구,자양2동,431,637300,713200,799300,560600,631100,711300
부산북항↔의왕ICD,서울특별시,광진구,자양3동,431,636600,712500,798600,560300,630800,711100
부산북항↔의왕ICD,서울특별시,광진구,자양4동,433,638500,714600,800800,561900,632500,712900
부산북항↔의왕ICD,서울특별시,광진구,구의1동,440,650100,726800,813600,570200,641300,722200
부산북항↔의왕ICD,서울특별시,광진구,구의2동,445,654100,730900,817900,573200,644500,725500
부산북항↔의왕ICD,서울특별시,광진구,구의3동,434,642400,718500,804800,564000,634700,715100
부산북항↔의왕ICD,서울특별시,동대문구,신설동,436,642400,718700,805200,564400,635300,715900
부산북항↔의왕ICD,서울특별시,동대문구,용두동,438,646000,722500,809100,566900,637900,718600
부산북항↔의왕ICD,서울특별시,동대문구,제기동,442,649600,726200,812900,569600,640700,721500
부산북항↔의왕ICD,서울특별시,동대문구,전농1동,437,644500,720900,807500,565900,636800,717400
부산북항↔의왕ICD,서울특별시,동대문구,전농2동,434,642400,718500,804800,564000,634700,715100
부산북항↔의왕ICD,서울특별시,동대문구,답십리1동,436,643500,719800,806300,565100,635900,716500
부산북항↔의왕ICD,서울특별시,동대문구,답십리2동,438,647100,723600,810300,567600,638600,719300
부산북항↔의왕ICD,서울특별시,동대문구,장안1동,437,645600,722000,808600,566300,637200,717900
부산북항↔의왕ICD,서울특별시,동대문구,장안2동,434,642900,719000,805300,564200,634900,715300
부산북항↔의왕ICD,서울특별시,동대문구,청량리동,441,649300,725900,812700,569200,640300,721300
부산북항↔의왕ICD,서울특별시,동대문구,회기동,443,652300,729100,816000,571800,643000,724100
부산북항↔의왕ICD,서울특별시,동대문구,휘경1동,442,652000,728800,815700,571800,643000,724000
부산북항↔의왕ICD,서울특별시,동대문구,휘경2동,439,653900,730400,817100,573700,644800,725600
부산북항↔의왕ICD,서울특별시,동대문구,이문1동,441,655700,732400,819300,575100,646300,727200
부산북항↔의왕ICD,서울특별시,동대문구,이문2동,443,657500,734400,821400,576600,647900,729000
부산북항↔의왕ICD,서울특별시,중랑구,면목2동,442,652000,728800,815700,571800,643000,724000
부산북항↔의왕ICD,서울특별시,중랑구,면목4동,435,644400,720600,807000,565500,636200,716700
부산북항↔의왕ICD,서울특별시,중랑구,면목5동,436,645900,722200,808700,566700,637500,718100
부산북항↔의왕ICD,서울특별시,중랑구,면목본동,435,645000,721200,807600,566000,636800,717300
부산북항↔의왕ICD,서울특별시,중랑구,면목7동,434,643500,719600,805900,564800,635500,715900
부산북항↔의왕ICD,서울특별시,중랑구,면목3.8동,433,642600,718700,804900,564000,634600,715000
부산북항↔의왕ICD,서울특별시,중랑구,상봉1동,440,650100,726800,813600,570200,641300,722200
부산북항↔의왕ICD,서울특별시,중랑구,상봉2동,441,651000,727700,814600,571000,642200,723100
부산북항↔의왕ICD,서울특별시,중랑구,중화1동,440,650100,726800,813600,570200,641300,722200
부산북항↔의왕ICD,서울특별시,중랑구,중화2동,441,651000,727700,814600,571000,642200,723100
부산북항↔의왕ICD,서울특별시,중랑구,묵1동,441,655700,732400,819300,575100,646300,727200
부산북항↔의왕ICD,서울특별시,중랑구,묵2동,444,659500,736500,823600,578400,649800,730900
부산북항↔의왕ICD,서울특별시,중랑구,망우본동,446,664500,741600,828900,586500,658000,739300
부산북항↔의왕ICD,서울특별시,중랑구,망우3동,439,648600,725200,811900,568900,639900,720700
부산북항↔의왕ICD,서울특별시,중랑구,신내1동,447,665300,742500,829800,587100,658700,740100
부산북항↔의왕ICD,서울특별시,중랑구,신내2동,441,655700,732400,819300,575100,646300,727200
부산북항↔의왕ICD,서울특별시,성북구,성북동,443,650100,726600,813200,570100,641100,721800
부산북항↔의왕ICD,서울특별시,성북구,삼선동,443,650100,726600,813200,570100,641100,721800
부산북항↔의왕ICD,서울특별시,성북구,동선동,443,650100,726600,813200,570100,641100,721800
부산북항↔의왕ICD,서울특별시,성북구,돈암1동,444,653800,730700,817700,573100,644400,725600
부산북항↔의왕ICD,서울특별시,성북구,돈암2동,444,652000,728700,815500,571300,642500,723400
부산북항↔의왕ICD,서울특별시,성북구,안암동,442,648600,725000,811500,569000,639900,720600
부산북항↔의왕ICD,서울특별시,성북구,보문동,441,647600,724000,810600,568300,639200,719900
부산북항↔의왕ICD,서울특별시,성북구,정릉1동,447,661100,738100,825200,579400,650800,732000
부산북항↔의왕ICD,서울특별시,성북구,정릉2동,447,661100,738100,825200,579400,650800,732000
부산북항↔의왕ICD,서울특별시,성북구,정릉3동,454,669800,747100,834500,586500,658200,739700
부산북항↔의왕ICD,서울특별시,성북구,정릉4동,451,666500,743700,831100,584000,655600,737000
부산북항↔의왕ICD,서울특별시,성북구,길음1동,446,660300,737200,824300,578600,650100,731300
부산북항↔의왕ICD,서울특별시,성북구,길음2동,445,654700,731600,818600,573800,645100,726300
부산북항↔의왕ICD,서울특별시,성북구,종암동,445,654700,731600,818600,573800,645100,726300
부산북항↔의왕ICD,서울특별시,성북구,월곡1동,444,653800,730700,817700,573100,644400,725600
부산북항↔의왕ICD,서울특별시,성북구,월곡2동,451,659700,736500,823500,577400,648700,729700
부산북항↔의왕ICD,서울특별시,성북구,장위1동,445,654700,731600,818600,573800,645100,726300
부산북항↔의왕ICD,서울특별시,성북구,장위2동,451,660300,737200,824200,578100,649500,730600
부산북항↔의왕ICD,서울특별시,성북구,장위3동,445,660500,737600,824800,579200,650600,731800
부산북항↔의왕ICD,서울특별시,성북구,석관동,446,660300,737200,824300,578600,650100,731300
부산북항↔의왕ICD,서울특별시,강북구,삼양동,449,663600,740600,827800,581400,652900,734100
부산북항↔의왕ICD,서울특별시,강북구,미아동,448,662600,739700,826900,580700,652200,733400
부산북항↔의왕ICD,서울특별시,강북구,송중동,445,654700,731600,818600,573800,645100,726300
부산북항↔의왕ICD,서울특별시,강북구,송천동,448,662600,739700,826900,580700,652200,733400
부산북항↔의왕ICD,서울특별시,강북구,삼각산동,447,661100,738100,825200,579400,650800,732000
부산북항↔의왕ICD,서울특별시,강북구,번1동,452,667500,744700,832000,584700,656300,737700
부산북항↔의왕ICD,서울특별시,강북구,번2동,447,662300,739400,826700,580500,652100,733400
부산북항↔의왕ICD,서울특별시,강북구,번3동,445,659900,736900,824100,578500,650000,731300
부산북항↔의왕ICD,서울특별시,강북구,수유1동,450,665100,742200,829500,582600,654200,735500
부산북항↔의왕ICD,서울특별시,강북구,수유2동,452,667500,744700,832000,584700,656300,737700
부산북항↔의왕ICD,서울특별시,강북구,수유3동,451,666100,743200,830500,583400,654900,736200
부산북항↔의왕ICD,서울특별시,강북구,우이동,461,676300,753600,841000,591600,663300,744800
부산북항↔의왕ICD,서울특별시,강북구,인수동,461,676300,753600,841000,591600,663300,744800
부산북항↔의왕ICD,서울특별시,도봉구,창1동,452,669100,746500,834100,586400,658300,739900
부산북항↔의왕ICD,서울특별시,도봉구,창2동,462,678300,755800,843400,593600,665400,747000
부산북항↔의왕ICD,서울특별시,도봉구,창3동,453,670000,747400,835000,587200,659000,740600
부산북항↔의왕ICD,서울특별시,도봉구,창4동,460,676000,753400,840900,591500,663300,744800
부산북항↔의왕ICD,서울특별시,도봉구,창5동,460,677100,754600,842300,596000,667900,749600
부산북항↔의왕ICD,서울특별시,도봉구,도봉1동,470,688400,766900,855500,606300,679000,761500
부산북항↔의왕ICD,서울특별시,도봉구,도봉2동,459,676200,753700,841400,595400,667300,748900
부산북항↔의왕ICD,서울특별시,도봉구,쌍문1동,463,680000,757600,845400,598500,670500,752200
부산북항↔의왕ICD,서울특별시,도봉구,쌍문2동,460,677100,754600,842300,596000,667900,749600
부산북항↔의왕ICD,서울특별시,도봉구,쌍문3동,461,678000,755500,843200,596800,668700,750300
부산북항↔의왕ICD,서울특별시,도봉구,쌍문4동,462,679100,756700,844500,597800,669800,751500
부산북항↔의왕ICD,서울특별시,도봉구,방학1동,460,677300,754900,842600,596400,668400,750100
부산북항↔의왕ICD,서울특별시,도봉구,방학2동,460,677300,754900,842600,596400,668400,750100
부산북항↔의왕ICD,서울특별시,도봉구,방학3동,462,679100,756700,844500,597800,669800,751500
부산북항↔의왕ICD,서울특별시,노원구,월계1동,444,659500,736500,823600,578400,649800,730900
부산북항↔의왕ICD,서울특별시,노원구,월계2동,449,665200,742500,829900,583100,654800,736200
부산북항↔의왕ICD,서울특별시,노원구,월계3동,443,658000,734900,821900,577100,648500,729600
부산북항↔의왕ICD,서울특별시,노원구,공릉1동,442,657200,734000,820900,576400,647700,728700
부산북항↔의왕ICD,서울특별시,노원구,공릉2동,449,667300,744700,832200,588600,660400,741900
부산북항↔의왕ICD,서울특별시,노원구,하계1동,453,671300,749000,836800,592100,664200,746000
부산북항↔의왕ICD,서울특별시,노원구,하계2동,445,660900,738000,825200,579700,651200,732400
부산북항↔의왕ICD,서울특별시,노원구,중계본동,455,673400,751200,839300,593900,666000,747900
부산북항↔의왕ICD,서울특별시,노원구,중계1동,456,674300,752200,840300,594500,666700,748700
부산북항↔의왕ICD,서울특별시,노원구,중계4동,457,675400,753400,841600,595400,667700,749800
부산북항↔의왕ICD,서울특별시,노원구,중계2.3동,447,663400,740600,828000,581700,653300,734700
부산북항↔의왕ICD,서울특별시,노원구,상계1동,468,686700,765100,853800,604900,677600,760100
부산북항↔의왕ICD,서울특별시,노원구,상계2동,460,677100,754600,842300,596000,667900,749600
부산북항↔의왕ICD,서울특별시,노원구,상계3.4동,462,680700,759000,847500,600000,672600,755000
부산북항↔의왕ICD,서울특별시,노원구,상계5동,453,670600,748100,835800,591000,662900,744600
부산북항↔의왕ICD,서울특별시,노원구,상계6.7동,459,675600,753000,840600,591400,663300,744900
부산북항↔의왕ICD,서울특별시,노원구,상계8동,458,675200,752700,840400,594600,666500,748200
부산북항↔의왕ICD,서울특별시,노원구,상계9동,459,676200,753700,841400,595400,667300,748900
부산북항↔의왕ICD,서울특별시,노원구,상계10동,459,676200,753700,841400,595400,667300,748900
부산북항↔의왕ICD,서울특별시,은평구,녹번동,460,675400,752700,840100,590900,662600,744000
부산북항↔의왕ICD,서울특별시,은평구,불광1동,460,675400,752700,840100,590900,662600,744000
부산북항↔의왕ICD,서울특별시,은평구,불광2동,471,686000,763500,850900,599300,671100,752600
부산북항↔의왕ICD,서울특별시,은평구,갈현1동,472,687000,764500,851900,600100,671900,753400
부산북항↔의왕ICD,서울특별시,은평구,갈현2동,463,678100,755400,842800,593000,664700,746100
부산북항↔의왕ICD,서울특별시,은평구,구산동,462,677300,754600,842000,592300,664000,745500
부산북항↔의왕ICD,서울특별시,은평구,대조동,461,675800,753000,840300,591100,662800,744100
부산북항↔의왕ICD,서울특별시,은평구,응암1동,459,673900,751200,838500,589700,661300,742700
부산북항↔의왕ICD,서울특별시,은평구,응암2동,459,673400,750600,837800,589100,660700,741900
부산북항↔의왕ICD,서울특별시,은평구,응암3동,459,672900,750000,837100,588500,660100,741300
부산북항↔의왕ICD,서울특별시,은평구,역촌동,460,674400,751600,838800,589800,661400,742600
부산북항↔의왕ICD,서울특별시,은평구,신사1동,459,672900,750000,837100,588500,660100,741300
부산북항↔의왕ICD,서울특별시,은평구,신사2동,462,675700,752800,839900,590600,662200,743400
부산북항↔의왕ICD,서울특별시,은평구,증산동,461,674200,751200,838200,589300,660800,741900
부산북항↔의왕ICD,서울특별시,은평구,수색동,461,674700,751800,838900,589900,661400,742600
부산북항↔의왕ICD,서울특별시,은평구,진관동,476,691200,768700,856200,603500,675400,757000
부산북항↔의왕ICD,서울특별시,서대문구,천연동,449,654400,730800,817200,573700,644600,725200
부산북항↔의왕ICD,서울특별시,서대문구,북아현동,452,658400,734900,821500,576500,647500,728200
부산북항↔의왕ICD,서울특별시,서대문구,충현동,451,656200,732600,819000,575100,646000,726500
부산북항↔의왕ICD,서울특별시,서대문구,신촌동,453,659200,735700,822300,577100,648100,728900
부산북항↔의왕ICD,서울특별시,서대문구,연희동,457,671000,748100,835200,587100,658600,739800
부산북항↔의왕ICD,서울특별시,서대문구,홍제1동,457,671600,748800,836000,587600,659200,740500
부산북항↔의왕ICD,서울특별시,서대문구,홍제3동,457,672100,749300,836600,588300,659900,741300
부산북항↔의왕ICD,서울특별시,서대문구,홍제2동,458,673000,750200,837500,589000,660600,742000
부산북항↔의왕ICD,서울특별시,서대문구,홍은1동,457,672100,749300,836600,588300,659900,741300
부산북항↔의왕ICD,서울특별시,서대문구,홍은2동,457,671000,748100,835200,587100,658600,739800
부산북항↔의왕ICD,서울특별시,서대문구,남가좌1동,459,672200,749200,836300,587900,659400,740500
부산북항↔의왕ICD,서울특별시,서대문구,남가좌2동,460,673700,750800,837900,589200,660700,741900
부산북항↔의왕ICD,서울특별시,서대문구,북가좌1동,459,672200,749200,836300,587900,659400,740500
부산북항↔의왕ICD,서울특별시,서대문구,북가좌2동,460,673200,750200,837200,588600,660100,741200
부산북항↔의왕ICD,서울특별시,마포구,아현동,446,650400,726600,812900,571000,641800,722200
부산북항↔의왕ICD,서울특별시,마포구,공덕동,450,655900,732400,818900,574700,645600,726300
부산북항↔의왕ICD,서울특별시,마포구,도화동,447,651900,728200,814600,572000,642800,723400
부산북항↔의왕ICD,서울특별시,마포구,용강동,448,653500,729900,816300,573000,643800,724400
부산북항↔의왕ICD,서울특별시,마포구,대흥동,451,656900,733300,819800,575400,646400,727000
부산북항↔의왕ICD,서울특별시,마포구,염리동,448,652900,729200,815500,572800,643600,724100
부산북항↔의왕ICD,서울특별시,마포구,신수동,450,655900,732400,818900,574700,645600,726300
부산북항↔의왕ICD,서울특별시,마포구,서강동,449,654400,730800,817200,573700,644600,725200
부산북항↔의왕ICD,서울특별시,마포구,서교동,458,666100,743000,829900,582400,653700,734700
부산북항↔의왕ICD,서울특별시,마포구,합정동,458,666100,743000,829900,582400,653700,734700
부산북항↔의왕ICD,서울특별시,마포구,망원1동,458,666100,743000,829900,582400,653700,734700
부산북항↔의왕ICD,서울특별시,마포구,망원2동,457,664600,741400,828200,581100,652300,733300
부산북항↔의왕ICD,서울특별시,마포구,연남동,456,663700,740500,827300,580400,651600,732600
부산북항↔의왕ICD,서울특별시,마포구,성산1동,456,663700,740500,827300,580400,651600,732600
부산북항↔의왕ICD,서울특별시,마포구,성산2동,457,665200,742000,828900,581700,653000,734000
부산북항↔의왕ICD,서울특별시,마포구,상암동,462,670300,747200,834200,585900,657300,738300
부산북항↔의왕ICD,서울특별시,양천구,목1동,453,658700,735100,821600,576800,647800,728400
부산북항↔의왕ICD,서울특별시,양천구,목2동,460,667300,744100,830900,583300,654500,735400
부산북항↔의왕ICD,서울특별시,양천구,목3동,456,662100,738600,825200,579300,650300,731000
부산북항↔의왕ICD,서울특별시,양천구,목4동,454,659700,736100,822600,577500,648500,729100
부산북항↔의왕ICD,서울특별시,양천구,목5동,456,662100,738600,825200,579300,650300,731000
부산북항↔의왕ICD,서울특별시,양천구,신월1동,457,663600,740200,826800,580300,651400,732200
부산북항↔의왕ICD,서울특별시,양천구,신월2동,455,661200,737700,824300,578600,649600,730300
부산북항↔의왕ICD,서울특별시,양천구,신월3동,454,659100,735500,821900,577200,648100,728700
부산북항↔의왕ICD,서울특별시,양천구,신월4동,455,661200,737700,824300,578600,649600,730300
부산북항↔의왕ICD,서울특별시,양천구,신월5동,464,670400,747100,833800,585500,656700,737600
부산북항↔의왕ICD,서울특별시,양천구,신월6동,451,655600,731900,818200,574800,645700,726200
부산북항↔의왕ICD,서울특별시,양천구,신월7동,452,656600,732900,819200,575600,646400,726900
부산북항↔의왕ICD,서울특별시,양천구,신정1동,450,654700,731000,817300,574100,645000,725500
부산북항↔의왕ICD,서울특별시,양천구,신정2동,448,651700,727800,814000,572100,642800,723100
부산북항↔의왕ICD,서울특별시,양천구,신정3동,450,654700,731000,817300,574100,645000,725500
부산북항↔의왕ICD,서울특별시,양천구,신정4동,452,657200,733600,820000,575800,646700,727200
부산북항↔의왕ICD,서울특별시,양천구,신정6동,450,654700,731000,817300,574100,645000,725500
부산북항↔의왕ICD,서울특별시,양천구,신정7동,449,653200,729400,815600,573100,643900,724300
부산북항↔의왕ICD,서울특별시,강서구,염창동,460,667300,744100,830900,583300,654500,735400
부산북항↔의왕ICD,서울특별시,강서구,등촌1동,462,669800,746700,833600,585300,656600,737600
부산북항↔의왕ICD,서울특별시,강서구,등촌2동,452,656600,732900,819200,575600,646400,726900
부산북항↔의왕ICD,서울특별시,강서구,등촌3동,464,672100,749000,836000,587300,658700,739700
부산북항↔의왕ICD,서울특별시,강서구,화곡1동,455,661200,737700,824300,578600,649600,730300
부산북항↔의왕ICD,서울특별시,강서구,화곡2동,452,656600,732900,819200,575600,646400,726900
부산북항↔의왕ICD,서울특별시,강서구,화곡3동,457,663600,740200,826800,580300,651400,732200
부산북항↔의왕ICD,서울특별시,강서구,화곡4동,454,659700,736100,822600,577500,648500,729100
부산북항↔의왕ICD,서울특별시,강서구,화곡본동,463,669500,746200,832900,584900,656100,736900
부산북항↔의왕ICD,서울특별시,강서구,화곡6동,464,672100,749000,836000,587300,658700,739700
부산북항↔의왕ICD,서울특별시,강서구,화곡8동,455,661200,737700,824300,578600,649600,730300
부산북항↔의왕ICD,서울특별시,강서구,가양1동,466,678600,755600,842600,592900,664400,745500
부산북항↔의왕ICD,서울특별시,강서구,가양2동,464,672100,749000,836000,587300,658700,739700
부산북항↔의왕ICD,서울특별시,강서구,가양3동,464,672100,749000,836000,587300,658700,739700
부산북항↔의왕ICD,서울특별시,강서구,발산1동,465,671900,748700,835500,586800,658100,739000
부산북항↔의왕ICD,서울특별시,강서구,우장산동,462,668500,745200,831900,584100,655300,736200
부산북항↔의왕ICD,서울특별시,강서구,공항동,463,670600,747500,834400,585900,657200,738200
부산북항↔의왕ICD,서울특별시,강서구,방화1동,472,685400,762600,849800,598300,669900,751100
부산북항↔의왕ICD,서울특별시,강서구,방화2동,481,695300,772700,860100,606300,678200,759600
부산북항↔의왕ICD,서울특별시,강서구,방화3동,473,687300,764700,852000,600100,671900,753300
부산북항↔의왕ICD,서울특별시,구로구,신도림동,449,653200,729400,815600,573100,643900,724300
부산북항↔의왕ICD,서울특별시,구로구,구로1동,446,650400,726600,812900,571000,641800,722200
부산북항↔의왕ICD,서울특별시,구로구,구로2동,442,645700,721700,807800,567600,638200,718500
부산북항↔의왕ICD,서울특별시,구로구,구로3동,443,646600,722600,808700,568300,638900,719200
부산북항↔의왕ICD,서울특별시,구로구,구로4동,444,646900,722900,808900,568800,639300,719500
부산북항↔의왕ICD,서울특별시,구로구,구로5동,448,652300,728500,814800,572500,643300,723700
부산북항↔의왕ICD,서울특별시,구로구,가리봉동,442,645100,721100,807100,567300,637900,718100
부산북항↔의왕ICD,서울특별시,구로구,고척1동,446,649900,726000,812200,570700,641400,721800
부산북항↔의왕ICD,서울특별시,구로구,고척2동,448,652300,728500,814800,572500,643300,723700
부산북항↔의왕ICD,서울특별시,구로구,개봉1동,448,651700,727800,814000,572100,642800,723100
부산북항↔의왕ICD,서울특별시,구로구,개봉2동,447,651400,727600,813800,571800,642600,723000
부산북항↔의왕ICD,서울특별시,구로구,개봉3동,452,656000,732200,818500,575300,646100,726500
부산북항↔의왕ICD,서울특별시,구로구,오류1동,447,650200,726300,812400,571100,641700,722000
부산북항↔의왕ICD,서울특별시,구로구,오류2동,448,652300,728500,814800,572500,643300,723700
부산북항↔의왕ICD,서울특별시,구로구,수궁동,450,654700,731000,817300,574100,645000,725500
부산북항↔의왕ICD,서울특별시,구로구,항동,444,647500,723600,809700,569000,639600,719900
부산북항↔의왕ICD,서울특별시,금천구,가산동,442,645100,721100,807100,567300,637900,718100
부산북항↔의왕ICD,서울특별시,금천구,독산1동,433,634500,710100,795900,559700,629900,709900
부산북항↔의왕ICD,서울특별시,금천구,독산2동,436,637900,713600,799400,562200,632500,712600
부산북항↔의왕ICD,서울특별시,금천구,독산3동,435,636900,712600,798400,561500,631800,711800
부산북항↔의왕ICD,서울특별시,금천구,독산4동,433,635100,710800,796600,560100,630400,710400
부산북항↔의왕ICD,서울특별시,금천구,시흥1동,432,633400,708900,794600,558700,628900,708700
부산북항↔의왕ICD,서울특별시,금천구,시흥2동,424,622500,697700,783000,548400,618200,697800
부산북항↔의왕ICD,서울특별시,금천구,시흥3동,424,621400,696400,781500,546300,616000,695400
부산북항↔의왕ICD,서울특별시,금천구,시흥4동,431,632600,708100,793800,558100,628300,708100
부산북항↔의왕ICD,서울특별시,금천구,시흥5동,429,630600,706200,791900,556600,626800,706700
부산북항↔의왕ICD,서울특별시,영등포구,영등포본동,454,660200,736700,823300,577800,648900,729600
부산북항↔의왕ICD,서울특별시,영등포구,영등포동,451,657400,733900,820500,575800,646800,727500
부산북항↔의왕ICD,서울특별시,영등포구,여의동,442,645100,721100,807100,567300,637900,718100
부산북항↔의왕ICD,서울특별시,영등포구,당산1동,453,658700,735100,821600,576800,647800,728400
부산북항↔의왕ICD,서울특별시,영등포구,당산2동,455,661200,737700,824300,578600,649600,730300
부산북항↔의왕ICD,서울특별시,영등포구,도림동,450,654700,731000,817300,574100,645000,725500
부산북항↔의왕ICD,서울특별시,영등포구,문래동,454,659700,736100,822600,577500,648500,729100
부산북항↔의왕ICD,서울특별시,영등포구,양평1동,452,657200,733600,820000,575800,646700,727200
부산북항↔의왕ICD,서울특별시,영등포구,양평2동,454,660200,736700,823300,577800,648900,729600
부산북항↔의왕ICD,서울특별시,영등포구,신길1동,445,648400,724500,810600,569700,640300,720600
부산북항↔의왕ICD,서울특별시,영등포구,신길3동,446,648700,724700,810700,570100,640700,720900
부산북항↔의왕ICD,서울특별시,영등포구,신길4동,444,648000,724100,810300,569300,640000,720300
부산북항↔의왕ICD,서울특별시,영등포구,신길5동,445,647900,723900,809900,569500,640000,720200
부산북항↔의왕ICD,서울특별시,영등포구,신길6동,445,647900,723900,809900,569500,640000,720200
부산북항↔의왕ICD,서울특별시,영등포구,신길7동,441,644800,720800,806900,566800,637400,717700
부산북항↔의왕ICD,서울특별시,영등포구,대림1동,442,646200,722300,808500,567800,638500,718900
부산북항↔의왕ICD,서울특별시,영등포구,대림2동,442,646200,722300,808500,567800,638500,718900
부산북항↔의왕ICD,서울특별시,영등포구,대림3동,444,648600,724800,811100,569600,640300,720800
부산북항↔의왕ICD,서울특별시,동작구,노량진1동,439,641200,717000,802800,564600,635000,715100
부산북항↔의왕ICD,서울특별시,동작구,노량진2동,442,645100,721100,807100,567300,637900,718100
부산북항↔의왕ICD,서울특별시,동작구,상도1동,431,632700,708300,794100,558300,628500,708500
부산북항↔의왕ICD,서울특별시,동작구,상도2동,439,640600,716300,802100,564300,634700,714700
부산북항↔의왕ICD,서울특별시,동작구,상도3동,443,646000,722000,808000,568000,638600,718800
부산북항↔의왕ICD,서울특별시,동작구,상도4동,439,640600,716300,802100,564300,634700,714700
부산북항↔의왕ICD,서울특별시,동작구,흑석동,437,638800,714500,800300,562900,633200,713200
부산북항↔의왕ICD,서울특별시,동작구,사당1동,423,623900,699200,784600,551100,621000,700700
부산북항↔의왕ICD,서울특별시,동작구,사당2동,424,624800,700100,785600,551700,621700,701500
부산북항↔의왕ICD,서울특별시,동작구,사당3동,424,625900,701200,786700,552800,622800,702500
부산북항↔의왕ICD,서울특별시,동작구,사당4동,423,623900,699200,784600,551100,621000,700700
부산북항↔의왕ICD,서울특별시,동작구,사당5동,425,626800,702200,787800,553400,623500,703300
부산북항↔의왕ICD,서울특별시,동작구,대방동,445,648400,724500,810600,569700,640300,720600
부산북항↔의왕ICD,서울특별시,동작구,신대방1동,442,646200,722300,808500,567800,638500,718900
부산북항↔의왕ICD,서울특별시,동작구,신대방2동,436,639600,715500,801600,563100,633600,713800
부산북항↔의왕ICD,서울특별시,관악구,보라매동,429,630900,706500,792200,556900,627100,707100
부산북항↔의왕ICD,서울특별시,관악구,청림동,434,637100,712900,798900,561400,631800,712000
부산북항↔의왕ICD,서울특별시,관악구,성현동,434,637100,712900,798900,561400,631800,712000
부산북항↔의왕ICD,서울특별시,관악구,행운동,425,626800,702200,787800,553400,623500,703300
부산북항↔의왕ICD,서울특별시,관악구,낙성대동,425,626800,702200,787800,553400,623500,703300
부산북항↔의왕ICD,서울특별시,관악구,청룡동,430,632300,708000,793800,557900,628200,708300
부산북항↔의왕ICD,서울특별시,관악구,은천동,430,631700,707300,793100,557600,627800,707800
부산북항↔의왕ICD,서울특별시,관악구,중앙동,427,628800,704300,790000,555200,625400,705300
부산북항↔의왕ICD,서울특별시,관악구,인헌동,424,624800,700100,785600,551700,621700,701500
부산북항↔의왕ICD,서울특별시,관악구,남현동,420,620100,695200,780400,547600,617300,696800
부산북항↔의왕ICD,서울특별시,관악구,서원동,430,632300,708000,793800,557900,628200,708300
부산북항↔의왕ICD,서울특별시,관악구,신원동,432,634600,710400,796300,559600,630000,710100
부산북항↔의왕ICD,서울특별시,관악구,서림동,428,629900,705500,791300,556200,626400,706400
부산북항↔의왕ICD,서울특별시,관악구,신사동,444,645200,720900,806700,567800,638200,718200
부산북항↔의왕ICD,서울특별시,관악구,신림동,432,634600,710400,796300,559600,630000,710100
부산북항↔의왕ICD,서울특별시,관악구,난향동,428,626200,701300,786600,551300,621100,700600
부산북항↔의왕ICD,서울특별시,관악구,조원동,445,646700,722500,808300,568800,639200,719300
부산북항↔의왕ICD,서울특별시,관악구,대학동,437,638300,713900,799600,562600,632900,712800
부산북항↔의왕ICD,서울특별시,관악구,삼성동,428,629900,705500,791300,556200,626400,706400
부산북항↔의왕ICD,서울특별시,관악구,미성동,439,641800,717700,803600,564900,635400,715600
부산북항↔의왕ICD,서울특별시,관악구,난곡동,429,629400,704800,790300,555300,625300,705100
부산북항↔의왕ICD,서울특별시,서초구,서초1동,420,622200,697200,782400,549900,619700,699100
부산북항↔의왕ICD,서울특별시,서초구,서초2동,422,624300,699500,784900,551600,621500,701000
부산북항↔의왕ICD,서울특별시,서초구,서초3동,419,620200,695100,780200,548200,617900,697200
부산북항↔의왕ICD,서울특별시,서초구,서초4동,424,626900,702300,787800,553600,623600,703300
부산북항↔의왕ICD,서울특별시,서초구,잠원동,427,629600,705200,790900,555900,626100,706000
부산북항↔의왕ICD,서울특별시,서초구,반포본동,424,625900,701200,786700,552800,622800,702500
부산북항↔의왕ICD,서울특별시,서초구,반포1동,423,625400,700700,786200,552600,622500,702200
부산북항↔의왕ICD,서울특별시,서초구,반포2동,425,627100,702600,788200,554100,624200,704000
부산북항↔의왕ICD,서울특별시,서초구,반포3동,425,627700,703200,788800,554300,624400,704200
부산북항↔의왕ICD,서울특별시,서초구,반포4동,424,626000,701400,786900,553100,623100,702800
부산북항↔의왕ICD,서울특별시,서초구,방배본동,424,625900,701200,786700,552800,622800,702500
부산북항↔의왕ICD,서울특별시,서초구,방배1동,422,624000,699200,784600,551200,621100,700700
부산북항↔의왕ICD,서울특별시,서초구,방배2동,420,620100,695200,780400,547600,617300,696800
부산북항↔의왕ICD,서울특별시,서초구,방배3동,421,623200,698300,783600,550500,620300,699800
부산북항↔의왕ICD,서울특별시,서초구,방배4동,423,625200,700500,785900,552300,622200,701900
부산북항↔의왕ICD,서울특별시,서초구,양재1동,424,624800,700100,785600,551700,621700,701500
부산북항↔의왕ICD,서울특별시,서초구,양재2동,416,617500,692200,777000,545900,615400,694500
부산북항↔의왕ICD,서울특별시,서초구,내곡동,418,620600,695500,780500,548700,618300,697600
부산북항↔의왕ICD,서울특별시,강남구,신사동,429,632500,708300,794200,557900,628300,708400
부산북항↔의왕ICD,서울특별시,강남구,논현1동,425,627700,703200,788800,554300,624400,704200
부산북항↔의왕ICD,서울특별시,강남구,논현2동,433,636100,712000,798000,560700,631100,711300
부산북항↔의왕ICD,서울특별시,강남구,압구정동,433,637300,713300,799500,561200,631800,712100
부산북항↔의왕ICD,서울특별시,강남구,청담동,434,639400,715500,801800,562500,633200,713700
부산북항↔의왕ICD,서울특별시,강남구,삼성1동,427,630700,706300,792000,556400,626600,706600
부산북항↔의왕ICD,서울특별시,강남구,삼성2동,429,632500,708300,794200,557900,628300,708400
부산북항↔의왕ICD,서울특별시,강남구,대치1동,418,621300,696200,781100,549300,618900,698200
부산북항↔의왕ICD,서울특별시,강남구,대치2동,428,631000,706700,792500,556900,627200,707200
부산북항↔의왕ICD,서울특별시,강남구,대치4동,423,626500,701700,787100,553200,623100,702800
부산북항↔의왕ICD,서울특별시,강남구,역삼1동,422,624500,699700,785000,552000,621900,701400
부산북항↔의왕ICD,서울특별시,강남구,역삼2동,419,622200,697200,782300,550000,619700,699000
부산북항↔의왕ICD,서울특별시,강남구,도곡1동,419,621700,696700,781800,549700,619400,698700
부산북항↔의왕ICD,서울특별시,강남구,도곡2동,417,619700,694500,779400,548000,617500,696700
부산북항↔의왕ICD,서울특별시,강남구,개포1동,416,618700,693500,778300,547300,616800,695900
부산북항↔의왕ICD,서울특별시,강남구,개포2동,424,626900,702300,787800,553600,623600,703300
부산북항↔의왕ICD,서울특별시,강남구,개포3동,423,625900,701200,786600,553000,622900,702600
부산북항↔의왕ICD,서울특별시,강남구,개포4동,417,619700,694500,779400,548000,617500,696700
부산북항↔의왕ICD,서울특별시,강남구,세곡동,423,627600,702900,788300,553700,623600,703300
부산북항↔의왕ICD,서울특별시,강남구,일원본동,424,626900,702300,787800,553600,623600,703300
부산북항↔의왕ICD,서울특별시,강남구,일원1동,424,626900,702300,787800,553600,623600,703300
부산북항↔의왕ICD,서울특별시,강남구,수서동,424,628000,703300,788800,554200,624200,704000
부산북항↔의왕ICD,서울특별시,송파구,풍납1동,432,641100,717100,803200,562700,633300,713600
부산북항↔의왕ICD,서울특별시,송파구,풍납2동,433,641500,717500,803700,563200,633800,714200
부산북항↔의왕ICD,서울특별시,송파구,거여1동,422,628900,704100,789400,554200,624100,703700
부산북항↔의왕ICD,서울특별시,송파구,거여2동,421,627400,702500,787700,553200,623000,702500
부산북항↔의왕ICD,서울특별시,송파구,마천1동,425,633400,708900,794400,557200,627300,707100
부산북항↔의왕ICD,서울특별시,송파구,마천2동,425,633400,708900,794400,557200,627300,707100
부산북항↔의왕ICD,서울특별시,송파구,방이1동,421,626900,702000,787200,552800,622600,702100
부산북항↔의왕ICD,서울특별시,송파구,방이2동,422,627800,703000,788300,553600,623500,703000
부산북항↔의왕ICD,서울특별시,송파구,오륜동,425,633400,708900,794400,557200,627300,707100
부산북항↔의왕ICD,서울특별시,송파구,오금동,420,625400,700500,785600,551800,621500,700900
부산북항↔의왕ICD,서울특별시,송파구,송파1동,422,627200,702400,787700,553200,623100,702700
부산북항↔의왕ICD,서울특별시,송파구,송파2동,420,624800,699900,785000,551600,621300,700700
부산북항↔의왕ICD,서울특별시,송파구,석촌동,422,627200,702400,787700,553200,623100,702700
부산북항↔의왕ICD,서울특별시,송파구,삼전동,421,625200,700300,785500,552100,621900,701400
부산북항↔의왕ICD,서울특별시,송파구,가락본동,421,626300,701400,786700,552600,622400,701800
부산북항↔의왕ICD,서울특별시,송파구,가락1동,420,624800,699900,785000,551600,621300,700700
부산북항↔의왕ICD,서울특별시,송파구,가락2동,420,625400,700500,785600,551800,621500,700900
부산북항↔의왕ICD,서울특별시,송파구,문정1동,422,627200,702400,787700,553200,623100,702700
부산북항↔의왕ICD,서울특별시,송파구,문정2동,422,626100,701300,786600,552800,622700,702200
부산북항↔의왕ICD,서울특별시,송파구,장지동,424,629600,705000,790500,555000,625000,704700
부산북항↔의왕ICD,서울특별시,송파구,위례동,424,629600,705000,790500,555000,625000,704700
부산북항↔의왕ICD,서울특별시,송파구,잠실본동,428,632200,707900,793700,557300,627600,707600
부산북항↔의왕ICD,서울특별시,송파구,잠실2동,427,631300,706900,792700,556600,626800,706700
부산북항↔의왕ICD,서울특별시,송파구,잠실3동,427,631300,706900,792700,556600,626800,706700
부산북항↔의왕ICD,서울특별시,송파구,잠실4동,435,643800,720000,806400,565000,635800,716300
부산북항↔의왕ICD,서울특별시,송파구,잠실6동,429,634300,710100,796000,558500,628900,709000
부산북항↔의왕ICD,서울특별시,송파구,잠실7동,428,631500,707200,793000,557100,627400,707500
부산북항↔의왕ICD,서울특별시,강동구,강일동,430,646100,721900,807700,567800,638200,718300
부산북항↔의왕ICD,서울특별시,강동구,상일1동,427,642700,718300,803900,565100,635300,715100
부산북항↔의왕ICD,서울특별시,강동구,상일2동,426,637100,712600,798200,560200,630300,710100
부산북항↔의왕ICD,서울특별시,강동구,명일1동,431,640700,716600,802600,562600,633100,713300
부산북항↔의왕ICD,서울특별시,강동구,명일2동,426,635400,710900,796500,558400,628600,708400
부산북항↔의왕ICD,서울특별시,강동구,고덕1동,429,638900,714600,800500,561200,631500,711500
부산북항↔의왕ICD,서울특별시,강동구,고덕2동,429,644600,720300,806100,566500,636900,716900
부산북항↔의왕ICD,서울특별시,강동구,암사1동,429,637200,712900,798800,560000,630300,710400
부산북항↔의왕ICD,서울특별시,강동구,암사2동,429,637200,712900,798800,560000,630300,710400
부산북항↔의왕ICD,서울특별시,강동구,암사3동,436,652200,728500,815000,572600,643400,724000
부산북항↔의왕ICD,서울특별시,강동구,천호1동,426,635400,710900,796500,558400,628600,708400
부산북항↔의왕ICD,서울특별시,강동구,천호2동,437,645600,722000,808600,566300,637200,717900
부산북항↔의왕ICD,서울특별시,강동구,천호3동,425,634000,709400,794900,557400,627500,707200
부산북항↔의왕ICD,서울특별시,강동구,성내1동,427,635900,711500,797200,558900,629100,709000
부산북항↔의왕ICD,서울특별시,강동구,성내2동,426,634900,710400,796100,558200,628400,708200
부산북항↔의왕ICD,서울특별시,강동구,성내3동,424,632500,707800,793200,556400,626400,706100
부산북항↔의왕ICD,서울특별시,강동구,길동,424,633100,708400,793800,556700,626700,706400
부산북항↔의왕ICD,서울특별시,강동구,둔촌1동,425,633400,708900,794400,557200,627300,707100
부산북항↔의왕ICD,서울특별시,강동구,둔촌2동,426,634900,710400,796100,558200,628400,708200
부산북항↔의왕ICD,인천광역시,중구,연안동,468,680500,757500,844500,594300,665800,746900
부산북항↔의왕ICD,인천광역시,중구,신포동,470,682900,760000,847100,596300,667900,749100
부산북항↔의왕ICD,인천광역시,중구,신흥동,468,680500,757500,844500,594300,665800,746900
부산북항↔의왕ICD,인천광역시,중구,도원동,468,680500,757500,844500,594300,665800,746900
부산북항↔의왕ICD,인천광역시,중구,율목동,468,680500,757500,844500,594300,665800,746900
부산북항↔의왕ICD,인천광역시,중구,동인천동,470,682900,760000,847100,596300,667900,749100
부산북항↔의왕ICD,인천광역시,중구,개항동,472,685400,762600,849800,598300,669900,751100
부산북항↔의왕ICD,인천광역시,중구,영종동,496,715600,793800,881900,627000,699500,781500
부산북항↔의왕ICD,인천광역시,중구,영종1동,500,719700,798100,886300,630400,703000,785200
부산북항↔의왕ICD,인천광역시,중구,영종2동,504,723800,802300,890700,633700,706500,788800
부산북항↔의왕ICD,인천광역시,중구,운서동,494,709400,787500,875600,621600,694000,776000
부산북항↔의왕ICD,인천광역시,중구,용유동,521,739900,818800,907500,647400,720500,803100
부산북항↔의왕ICD,인천광역시,동구,만석동,474,687600,764900,852200,600300,672000,753300
부산북항↔의왕ICD,인천광역시,동구,화수1.화평동,472,685400,762600,849800,598300,669900,751100
부산북항↔의왕ICD,인천광역시,동구,화수2동,475,688600,765900,853200,601100,672800,754100
부산북항↔의왕ICD,인천광역시,동구,송현1.2동,470,682900,760000,847100,596300,667900,749100
부산북항↔의왕ICD,인천광역시,동구,송현3동,472,685400,762600,849800,598300,669900,751100
부산북항↔의왕ICD,인천광역시,동구,송림1동,472,685400,762600,849800,598300,669900,751100
부산북항↔의왕ICD,인천광역시,동구,송림2동,470,682900,760000,847100,596300,667900,749100
부산북항↔의왕ICD,인천광역시,동구,송림3.5동,470,682900,760000,847100,596300,667900,749100
부산북항↔의왕ICD,인천광역시,동구,송림4동,472,685400,762600,849800,598300,669900,751100
부산북항↔의왕ICD,인천광역시,동구,송림6동,472,685400,762600,849800,598300,669900,751100
부산북항↔의왕ICD,인천광역시,동구,금창동,470,682900,760000,847100,596300,667900,749100
부산북항↔의왕ICD,인천광역시,미추홀구,숭의2동,468,680500,757500,844500,594300,665800,746900
부산북항↔의왕ICD,인천광역시,미추홀구,숭의1.3동,468,680500,757500,844500,594300,665800,746900
부산북항↔의왕ICD,인천광역시,미추홀구,숭의4동,467,674300,751200,838100,588800,660100,741100
부산북항↔의왕ICD,인천광역시,미추홀구,용현1.4동,470,682900,760000,847100,596300,667900,749100
부산북항↔의왕ICD,인천광역시,미추홀구,용현2동,468,680500,757500,844500,594300,665800,746900
부산북항↔의왕ICD,인천광역시,미추홀구,용현3동,462,669100,745900,832700,584700,655900,736800
부산북항↔의왕ICD,인천광역시,미추홀구,용현5동,466,674000,750900,837900,588800,660200,741200
부산북항↔의왕ICD,인천광역시,미추홀구,학익1동,458,664300,740900,827600,581000,652100,732900
부산북항↔의왕ICD,인천광역시,미추홀구,학익2동,458,664300,740900,827600,581000,652100,732900
부산북항↔의왕ICD,인천광역시,미추홀구,도화1동,460,666800,743500,830300,582700,653900,734800
부산북항↔의왕ICD,인천광역시,미추홀구,도화2.3동,463,670600,747500,834400,585900,657200,738200
부산북항↔의왕ICD,인천광역시,미추홀구,주안1동,460,666800,743500,830300,582700,653900,734800
부산북항↔의왕ICD,인천광역시,미추홀구,주안2동,460,666800,743500,830300,582700,653900,734800
부산북항↔의왕ICD,인천광역시,미추홀구,주안3동,459,665800,742500,829200,582000,653200,734000
부산북항↔의왕ICD,인천광역시,미추홀구,주안4동,457,663600,740200,826800,580300,651400,732200
부산북항↔의왕ICD,인천광역시,미추홀구,주안5동,468,674100,750900,837600,588400,659600,740500
부산북항↔의왕ICD,인천광역시,미추홀구,주안6동,460,666800,743500,830300,582700,653900,734800
부산북항↔의왕ICD,인천광역시,미추홀구,주안7동,457,663600,740200,826800,580300,651400,732200
부산북항↔의왕ICD,인천광역시,미추홀구,주안8동,456,662100,738600,825200,579300,650300,731000
부산북항↔의왕ICD,인천광역시,미추홀구,관교동,454,659700,736100,822600,577500,648500,729100
부산북항↔의왕ICD,인천광역시,미추홀구,문학동,456,662100,738600,825200,579300,650300,731000
부산북항↔의왕ICD,인천광역시,연수구,옥련1동,460,666800,743500,830300,582700,653900,734800
부산북항↔의왕ICD,인천광역시,연수구,옥련2동,462,669100,745900,832700,584700,655900,736800
부산북항↔의왕ICD,인천광역시,연수구,선학동,456,662100,738600,825200,579300,650300,731000
부산북항↔의왕ICD,인천광역시,연수구,연수1동,456,662100,738600,825200,579300,650300,731000
부산북항↔의왕ICD,인천광역시,연수구,연수2동,454,659700,736100,822600,577500,648500,729100
부산북항↔의왕ICD,인천광역시,연수구,연수3동,454,659700,736100,822600,577500,648500,729100
부산북항↔의왕ICD,인천광역시,연수구,청학동,458,664300,740900,827600,581000,652100,732900
부산북항↔의왕ICD,인천광역시,연수구,동춘1동,453,658700,735100,821600,576800,647800,728400
부산북항↔의왕ICD,인천광역시,연수구,동춘2동,450,654700,731000,817300,574100,645000,725500
부산북항↔의왕ICD,인천광역시,연수구,동춘3동,452,657200,733600,820000,575800,646700,727200
부산북항↔의왕ICD,인천광역시,연수구,송도1동,452,657200,733600,820000,575800,646700,727200
부산북항↔의왕ICD,인천광역시,연수구,송도2동,454,659700,736100,822600,577500,648500,729100
부산북항↔의왕ICD,인천광역시,연수구,송도3동,451,656200,732600,819000,575100,646000,726500
부산북항↔의왕ICD,인천광역시,연수구,송도4동,457,663600,740200,826800,580300,651400,732200
부산북항↔의왕ICD,인천광역시,연수구,송도5동,458,664300,740900,827600,581000,652100,732900
부산북항↔의왕ICD,인천광역시,남동구,구월1동,452,657200,733600,820000,575800,646700,727200
부산북항↔의왕ICD,인천광역시,남동구,구월2동,464,669400,746000,832500,585000,656000,736700
부산북항↔의왕ICD,인천광역시,남동구,구월3동,454,659700,736100,822600,577500,648500,729100
부산북항↔의왕ICD,인천광역시,남동구,구월4동,459,662900,739200,825500,580500,651400,731900
부산북항↔의왕ICD,인천광역시,남동구,간석1동,457,662800,739400,826000,580000,651000,731700
부산북항↔의왕ICD,인천광역시,남동구,간석2동,457,663600,740200,826800,580300,651400,732200
부산북항↔의왕ICD,인천광역시,남동구,간석3동,453,658700,735100,821600,576800,647800,728400
부산북항↔의왕ICD,인천광역시,남동구,간석4동,457,663600,740200,826800,580300,651400,732200
부산북항↔의왕ICD,인천광역시,남동구,만수1동,448,652300,728500,814800,572500,643300,723700
부산북항↔의왕ICD,인천광역시,남동구,만수2동,451,656200,732600,819000,575100,646000,726500
부산북항↔의왕ICD,인천광역시,남동구,만수3동,451,656200,732600,819000,575100,646000,726500
부산북항↔의왕ICD,인천광역시,남동구,만수4동,450,654700,731000,817300,574100,645000,725500
부산북항↔의왕ICD,인천광역시,남동구,만수5동,450,654700,731000,817300,574100,645000,725500
부산북항↔의왕ICD,인천광역시,남동구,만수6동,448,652300,728500,814800,572500,643300,723700
부산북항↔의왕ICD,인천광역시,남동구,장수서창동,457,660500,736800,823000,578900,649700,730100
부산북항↔의왕ICD,인천광역시,남동구,서창2동,456,659500,735700,822000,578100,648900,729300
부산북항↔의왕ICD,인천광역시,남동구,남촌도림동,451,656200,732600,819000,575100,646000,726500
부산북항↔의왕ICD,인천광역시,남동구,논현1동,448,652300,728500,814800,572500,643300,723700
부산북항↔의왕ICD,인천광역시,남동구,논현2동,447,651400,727600,813800,571800,642600,723000
부산북항↔의왕ICD,인천광역시,남동구,논현고잔동,448,652300,728500,814800,572500,643300,723700
부산북항↔의왕ICD,인천광역시,부평구,부평1동,460,666200,742800,829400,582400,653500,734300
부산북항↔의왕ICD,인천광역시,부평구,부평2동,460,666200,742800,829400,582400,653500,734300
부산북항↔의왕ICD,인천광역시,부평구,부평3동,461,667600,744300,831000,583400,654600,735400
부산북항↔의왕ICD,인천광역시,부평구,부평4동,459,665400,742000,828700,581700,652800,733600
부산북항↔의왕ICD,인천광역시,부평구,부평5동,460,666200,742800,829400,582400,653500,734300
부산북항↔의왕ICD,인천광역시,부평구,부평6동,459,664700,741200,827800,581400,652400,733100
부산북항↔의왕ICD,인천광역시,부평구,산곡1동,465,671900,748700,835500,586800,658100,739000
부산북항↔의왕ICD,인천광역시,부평구,산곡2동,465,671900,748700,835500,586800,658100,739000
부산북항↔의왕ICD,인천광역시,부평구,산곡3동,459,665800,742500,829200,582000,653200,734000
부산북항↔의왕ICD,인천광역시,부평구,산곡4동,464,671000,747800,834600,586200,657400,738300
부산북항↔의왕ICD,인천광역시,부평구,청천1동,478,690800,768000,855200,602400,674100,755300
부산북항↔의왕ICD,인천광역시,부평구,청천2동,473,679800,756700,843500,593000,664300,745300
부산북항↔의왕ICD,인천광역시,부평구,갈산1동,460,666800,743500,830300,582700,653900,734800
부산북항↔의왕ICD,인천광역시,부평구,갈산2동,459,665800,742500,829200,582000,653200,734000
부산북항↔의왕ICD,인천광역시,부평구,삼산1동,458,664300,740900,827600,581000,652100,732900
부산북항↔의왕ICD,인천광역시,부평구,삼산2동,458,664300,740900,827600,581000,652100,732900
부산북항↔의왕ICD,인천광역시,부평구,부개1동,455,660600,737000,823500,578200,649200,729800
부산북항↔의왕ICD,인천광역시,부평구,부개2동,465,670200,746800,833300,585600,656700,737400
부산북항↔의왕ICD,인천광역시,부평구,부개3동,458,664300,740900,827600,581000,652100,732900
부산북항↔의왕ICD,인천광역시,부평구,일신동,454,659100,735500,821900,577200,648100,728700
부산북항↔의왕ICD,인천광역시,부평구,십정1동,458,664300,740900,827600,581000,652100,732900
부산북항↔의왕ICD,인천광역시,부평구,십정2동,458,665000,741700,828400,581300,652500,733300
부산북항↔의왕ICD,인천광역시,계양구,효성1동,471,683900,761000,848100,597000,668600,749800
부산북항↔의왕ICD,인천광역시,계양구,효성2동,468,675800,752800,839700,590200,661600,742600
부산북항↔의왕ICD,인천광역시,계양구,계산1동,470,682900,760000,847100,596300,667900,749100
부산북항↔의왕ICD,인천광역시,계양구,계산2동,467,679600,756600,843600,593600,665100,746200
부산북항↔의왕ICD,인천광역시,계양구,계산3동,468,680500,757500,844500,594300,665800,746900
부산북항↔의왕ICD,인천광역시,계양구,계산4동,468,680500,757500,844500,594300,665800,746900
부산북항↔의왕ICD,인천광역시,계양구,작전1동,469,682000,759100,846200,595600,667100,748300
부산북항↔의왕ICD,인천광역시,계양구,작전2동,468,680500,757500,844500,594300,665800,746900
부산북항↔의왕ICD,인천광역시,계양구,작전서운동,467,674300,751200,838100,588800,660100,741100
부산북항↔의왕ICD,인천광역시,계양구,계양1동,478,691800,769200,856500,603600,675400,756700
부산북항↔의왕ICD,인천광역시,계양구,계양2동,466,674000,750900,837900,588800,660200,741200
부산북항↔의왕ICD,인천광역시,계양구,계양3동,474,687200,764400,851600,599700,671300,752600
부산북항↔의왕ICD,인천광역시,서구,검암경서동,485,699500,777100,864500,609800,681800,763300
부산북항↔의왕ICD,인천광역시,서구,연희동,477,691600,769100,856500,603600,675400,756900
부산북항↔의왕ICD,인천광역시,서구,청라1동,483,698200,775800,863400,612300,684300,765800
부산북항↔의왕ICD,인천광역시,서구,청라2동,486,701000,778700,866200,614400,686400,768000
부산북항↔의왕ICD,인천광역시,서구,청라3동,489,704000,781800,869500,616900,689100,770800
부산북항↔의왕ICD,인천광역시,서구,가정1동,478,691800,769200,856500,603600,675400,756700
부산북항↔의왕ICD,인천광역시,서구,가정2동,477,691000,768400,855700,603000,674800,756100
부산북항↔의왕ICD,인천광역시,서구,가정3동,481,694700,772100,859400,605600,677400,758800
부산북항↔의왕ICD,인천광역시,서구,석남1동,480,694300,771700,859100,605600,677500,758900
부산북항↔의왕ICD,인천광역시,서구,석남2동,482,696700,774200,861700,607700,679600,761100
부산북항↔의왕ICD,인천광역시,서구,석남3동,479,692200,769500,856800,603800,675500,756800
부산북항↔의왕ICD,인천광역시,서구,신현원창동,480,694300,771700,859100,605600,677500,758900
부산북항↔의왕ICD,인천광역시,서구,가좌1동,479,691800,769100,856200,603100,674700,755900
부산북항↔의왕ICD,인천광역시,서구,가좌2동,462,669100,745900,832700,584700,655900,736800
부산북항↔의왕ICD,인천광역시,서구,가좌3동,466,673400,750300,837200,588100,659400,740400
부산북항↔의왕ICD,인천광역시,서구,가좌4동,463,670000,746800,833600,585400,656700,737600
부산북항↔의왕ICD,인천광역시,서구,검단동,505,724200,802600,890800,633900,706600,788700
부산북항↔의왕ICD,인천광역시,서구,불로대곡동,506,724900,803300,891400,634300,706900,789000
부산북항↔의왕ICD,인천광역시,서구,원당동,495,713500,791300,878900,624700,696800,778400
부산북항↔의왕ICD,인천광역시,서구,당하동,494,712800,790600,878300,624100,696300,778000
부산북항↔의왕ICD,인천광역시,서구,오류왕길동,509,728400,807000,895500,637500,710400,792700
부산북항↔의왕ICD,인천광역시,서구,마전동,496,714900,792800,880600,625900,698200,779900
부산북항↔의왕ICD,인천광역시,서구,아라동,489,707300,784900,872300,616300,688300,769800
부산북항↔의왕ICD,인천광역시,강화군,강화읍,542,761700,841900,931900,666500,740700,824400
부산북항↔의왕ICD,인천광역시,강화군,선원면,545,764700,844900,935000,668900,743200,827000
부산북항↔의왕ICD,인천광역시,강화군,불은면,557,776200,856800,947100,678900,753500,837500
부산북항↔의왕ICD,인천광역시,강화군,길상면,574,793400,874900,966100,693700,769100,853900
부산북항↔의왕ICD,인천광역시,강화군,화도면,582,801200,883000,974600,700600,776200,861300
부산북항↔의왕ICD,인천광역시,강화군,양도면,571,790000,871100,962000,691000,766100,850600
부산북항↔의왕ICD,인천광역시,강화군,내가면,573,791800,873000,963900,692400,767500,852000
부산북항↔의왕ICD,인천광역시,강화군,하점면,559,778700,859600,950300,681100,755900,840200
부산북항↔의왕ICD,인천광역시,강화군,양사면,574,792700,873900,964800,693300,768400,852900
부산북항↔의왕ICD,인천광역시,강화군,송해면,557,776000,856500,946800,678800,753300,837300
부산북항↔의왕ICD,인천광역시,강화군,교동면,591,809500,891400,983000,707700,783500,868600
부산북항↔의왕ICD,인천광역시,강화군,삼산면,580,799200,881000,972500,698800,774300,859300
부산북항↔의왕ICD,인천광역시,옹진군,영흥면,488,704900,783400,871900,618800,691500,773900
부산북항↔의왕ICD,경기도,수원시 장안구,파장동,395,589200,662200,745200,518200,586200,663900
부산북항↔의왕ICD,경기도,수원시 장안구,율천동,394,586400,659400,742400,515700,583600,661200
부산북항↔의왕ICD,경기도,수원시 장안구,정자1동,396,590100,663200,746300,518900,587000,664700
부산북항↔의왕ICD,경기도,수원시 장안구,정자2동,391,585400,658200,740900,515200,582900,660200
부산북항↔의왕ICD,경기도,수원시 장안구,정자3동,396,589500,662600,745800,518400,586500,664200
부산북항↔의왕ICD,경기도,수원시 장안구,영화동,391,586500,659300,742000,516500,584200,661500
부산북항↔의왕ICD,경기도,수원시 장안구,송죽동,391,586100,658800,741500,515900,583600,660900
부산북항↔의왕ICD,경기도,수원시 장안구,조원1동,391,586500,659300,742000,516500,584200,661500
부산북항↔의왕ICD,경기도,수원시 장안구,조원2동,391,586100,658800,741500,515900,583600,660900
부산북항↔의왕ICD,경기도,수원시 장안구,연무동,391,586500,659300,742000,516500,584200,661500
부산북항↔의왕ICD,경기도,수원시 권선구,세류1동,396,591900,665000,748100,520900,588900,666600
부산북항↔의왕ICD,경기도,수원시 권선구,세류2동,390,586900,659500,742100,516900,584500,661700
부산북항↔의왕ICD,경기도,수원시 권선구,세류3동,400,596200,669600,753100,524200,592500,670500
부산북항↔의왕ICD,경기도,수원시 권선구,평동,391,587200,659900,742600,517200,584900,662200
부산북항↔의왕ICD,경기도,수원시 권선구,서둔동,395,590300,663300,746400,519500,587500,665100
부산북항↔의왕ICD,경기도,수원시 권선구,구운동,402,596900,670500,754200,524500,593000,671100
부산북항↔의왕ICD,경기도,수원시 권선구,금곡동,403,598400,672100,755900,525800,594400,672600
부산북항↔의왕ICD,경기도,수원시 권선구,호매실동,407,602200,676200,760300,528700,597500,676100
부산북항↔의왕ICD,경기도,수원시 권선구,권선1동,391,588500,661200,743900,518300,586000,663200
부산북항↔의왕ICD,경기도,수원시 권선구,권선2동,393,590900,663800,746700,520800,588600,666000
부산북항↔의왕ICD,경기도,수원시 권선구,곡선동,394,592400,665400,748300,522600,590500,668000
부산북항↔의왕ICD,경기도,수원시 권선구,입북동,399,592900,666300,749700,521100,589400,667300
부산북항↔의왕ICD,경기도,수원시 팔달구,매교동,395,591500,664600,747600,520500,588500,666100
부산북항↔의왕ICD,경기도,수원시 팔달구,매산동,393,588500,661400,744300,517900,585700,663200
부산북항↔의왕ICD,경기도,수원시 팔달구,고등동,392,587000,659800,742600,516500,584300,661600
부산북항↔의왕ICD,경기도,수원시 팔달구,화서1동,392,587000,659800,742600,516500,584300,661600
부산북항↔의왕ICD,경기도,수원시 팔달구,화서2동,394,589300,662300,745300,518800,586700,664200
부산북항↔의왕ICD,경기도,수원시 팔달구,지동,393,589600,662500,745300,519100,587000,664400
부산북항↔의왕ICD,경기도,수원시 팔달구,우만1동,392,588700,661500,744300,518400,586200,663600
부산북항↔의왕ICD,경기도,수원시 팔달구,우만2동,396,594200,667400,750500,524000,592100,669700
부산북항↔의왕ICD,경기도,수원시 팔달구,인계동,398,596800,670100,753300,526500,594700,672600
부산북항↔의왕ICD,경기도,수원시 팔달구,행궁동,392,588100,660900,743700,517900,585700,663000
부산북항↔의왕ICD,경기도,수원시 영통구,매탄1동,398,596800,670100,753300,526500,594700,672600
부산북항↔의왕ICD,경기도,수원시 영통구,매탄2동,398,596800,670100,753300,526500,594700,672600
부산북항↔의왕ICD,경기도,수원시 영통구,매탄3동,403,604400,678100,761700,535400,604000,682100
부산북항↔의왕ICD,경기도,수원시 영통구,매탄4동,402,602800,676400,760000,533700,602200,680300
부산북항↔의왕ICD,경기도,수원시 영통구,원천동,395,593300,666400,749400,523300,591300,668800
부산북항↔의왕ICD,경기도,수원시 영통구,영통1동,402,605400,679000,762600,536800,605300,683400
부산북항↔의왕ICD,경기도,수원시 영통구,영통2동,392,591100,663900,746600,522200,590000,667300
부산북항↔의왕ICD,경기도,수원시 영통구,영통3동,403,606300,680000,763700,537500,606100,684200
부산북항↔의왕ICD,경기도,수원시 영통구,망포1동,392,592300,665100,747900,524400,592200,669500
부산북항↔의왕ICD,경기도,수원시 영통구,망포2동,401,600000,673500,757100,529800,598200,676200
부산북항↔의왕ICD,경기도,수원시 영통구,광교1동,393,590300,663200,746000,519800,587700,665100
부산북항↔의왕ICD,경기도,수원시 영통구,광교2동,395,592700,665800,748800,522200,590200,667700
부산북항↔의왕ICD,경기도,성남시 수정구,신흥1동,410,613700,687900,772200,543600,612600,691200
부산북항↔의왕ICD,경기도,성남시 수정구,신흥2동,409,613400,687500,771700,543100,612100,690700
부산북항↔의왕ICD,경기도,성남시 수정구,신흥3동,410,613700,687900,772200,543600,612600,691200
부산북항↔의왕ICD,경기도,성남시 수정구,태평1동,408,611400,685500,769600,541700,610600,689100
부산북항↔의왕ICD,경기도,성남시 수정구,태평2동,410,614300,688500,772800,543700,612700,691400
부산북항↔의왕ICD,경기도,성남시 수정구,태평3동,407,610500,684500,768500,541100,610000,688400
부산북항↔의왕ICD,경기도,성남시 수정구,태평4동,410,614300,688500,772800,543700,612700,691400
부산북항↔의왕ICD,경기도,성남시 수정구,수진1동,405,608600,682500,766300,539600,608300,686600
부산북항↔의왕ICD,경기도,성남시 수정구,수진2동,405,608400,682200,766100,539300,608000,686300
부산북항↔의왕ICD,경기도,성남시 수정구,단대동,412,616700,691100,775500,545600,614800,693600
부산북항↔의왕ICD,경기도,성남시 수정구,산성동,410,614900,689100,773400,544100,613200,691900
부산북항↔의왕ICD,경기도,성남시 수정구,양지동,410,614900,689100,773400,544100,613200,691900
부산북항↔의왕ICD,경기도,성남시 수정구,복정동,421,625700,700800,786100,552300,622100,701600
부산북항↔의왕ICD,경기도,성남시 수정구,위례동,422,627200,702400,787700,553200,623100,702700
부산북항↔의왕ICD,경기도,성남시 수정구,신촌동,412,615200,689600,774000,544700,613900,692700
부산북항↔의왕ICD,경기도,성남시 수정구,고등동,406,608000,681900,765900,538800,607600,685900
부산북항↔의왕ICD,경기도,성남시 수정구,시흥동,406,609500,683400,767300,540300,609100,687400
부산북항↔의왕ICD,경기도,성남시 중원구,성남동,404,607700,681500,765200,538900,607500,685700
부산북항↔의왕ICD,경기도,성남시 중원구,중앙동,407,610900,684900,768900,541300,610200,688600
부산북항↔의왕ICD,경기도,성남시 중원구,금광1동,407,611500,685500,769500,541600,610500,688900
부산북항↔의왕ICD,경기도,성남시 중원구,금광2동,407,611500,685500,769500,541600,610500,688900
부산북항↔의왕ICD,경기도,성남시 중원구,은행1동,417,621400,696200,781100,549300,618800,698000
부산북항↔의왕ICD,경기도,성남시 중원구,은행2동,410,614900,689100,773400,544100,613200,691900
부산북항↔의왕ICD,경기도,성남시 중원구,상대원1동,408,612000,686000,770100,542100,611000,689500
부산북항↔의왕ICD,경기도,성남시 중원구,상대원2동,406,610000,683900,767900,540600,609400,687700
부산북항↔의왕ICD,경기도,성남시 중원구,상대원3동,410,614300,688500,772800,543700,612700,691400
부산북항↔의왕ICD,경기도,성남시 중원구,하대원동,406,609500,683400,767300,540300,609100,687400
부산북항↔의왕ICD,경기도,성남시 중원구,도촌동,407,610900,684900,768900,541300,610200,688600
부산북항↔의왕ICD,경기도,성남시 분당구,분당동,402,605400,679000,762600,536800,605300,683400
부산북항↔의왕ICD,경기도,성남시 분당구,수내1동,408,609000,683100,767200,539000,607900,686500
부산북항↔의왕ICD,경기도,성남시 분당구,수내2동,408,609000,683100,767200,539000,607900,686500
부산북항↔의왕ICD,경기도,성남시 분당구,수내3동,401,603400,676900,760400,535100,603500,681500
부산북항↔의왕ICD,경기도,성남시 분당구,정자동,403,605200,678900,762600,536500,605100,683200
부산북항↔의왕ICD,경기도,성남시 분당구,정자1동,408,609000,683100,767200,539000,607900,686500
부산북항↔의왕ICD,경기도,성남시 분당구,정자2동,403,605200,678900,762600,536500,605100,683200
부산북항↔의왕ICD,경기도,성남시 분당구,정자3동,403,606300,680000,763700,537500,606100,684200
부산북항↔의왕ICD,경기도,성남시 분당구,서현1동,402,605400,679000,762600,536800,605300,683400
부산북항↔의왕ICD,경기도,성남시 분당구,서현2동,402,605700,679300,762900,537100,605600,683600
부산북항↔의왕ICD,경기도,성남시 분당구,이매1동,406,609200,683100,767000,539600,608400,686700
부산북항↔의왕ICD,경기도,성남시 분당구,이매2동,408,610000,684000,768100,540100,609000,687600
부산북항↔의왕ICD,경기도,성남시 분당구,야탑1동,406,609400,683300,767300,540100,608900,687200
부산북항↔의왕ICD,경기도,성남시 분당구,야탑2동,406,609500,683400,767300,540300,609100,687400
부산북항↔의왕ICD,경기도,성남시 분당구,야탑3동,408,611400,685500,769600,541700,610600,689100
부산북항↔의왕ICD,경기도,성남시 분당구,판교동,406,607100,681000,765000,537600,606300,684700
부산북항↔의왕ICD,경기도,성남시 분당구,삼평동,408,610000,684000,768100,540100,609000,687600
부산북항↔의왕ICD,경기도,성남시 분당구,백현동,407,609000,683000,767000,539500,608300,686800
부산북항↔의왕ICD,경기도,성남시 분당구,금곡동,406,609400,683300,767300,540100,608900,687200
부산북항↔의왕ICD,경기도,성남시 분당구,구미1동,405,608400,682200,766100,539300,608000,686300
부산북항↔의왕ICD,경기도,성남시 분당구,구미동,401,602400,676000,759500,533900,602300,680300
부산북항↔의왕ICD,경기도,성남시 분당구,운중동,403,602000,675600,759300,531200,599700,677900
부산북항↔의왕ICD,경기도,의정부시,의정부1동,478,696900,775800,865000,613400,686600,769500
부산북항↔의왕ICD,경기도,의정부시,의정부2동,478,696900,775800,865000,613400,686600,769500
부산북항↔의왕ICD,경기도,의정부시,호원1동,475,693900,772700,861800,611100,684200,767000
부산북항↔의왕ICD,경기도,의정부시,호원2동,478,696900,775800,865000,613400,686600,769500
부산북항↔의왕ICD,경기도,의정부시,장암동,477,696000,774900,864000,612700,685800,768800
부산북항↔의왕ICD,경기도,의정부시,신곡1동,478,696900,775800,865000,613400,686600,769500
부산북항↔의왕ICD,경기도,의정부시,신곡2동,482,700900,780000,869300,616700,690000,773100
부산북항↔의왕ICD,경기도,의정부시,송산1동,475,693800,772500,861500,610800,683800,766600
부산북항↔의왕ICD,경기도,의정부시,고산동,484,702100,780900,869900,617200,690200,773000
부산북항↔의왕ICD,경기도,의정부시,송산2동,477,695800,774600,863700,612500,685600,768400
부산북항↔의왕ICD,경기도,의정부시,송산3동,480,698500,777400,866500,614600,687700,770600
부산북항↔의왕ICD,경기도,의정부시,자금동,484,703000,782200,871700,618600,692000,775200
부산북항↔의왕ICD,경기도,의정부시,가능동,481,700000,779100,868400,616000,689300,772400
부산북항↔의왕ICD,경기도,의정부시,흥선동,479,697800,776700,865900,614100,687300,770200
부산북항↔의왕ICD,경기도,의정부시,녹양동,483,702000,781200,870600,617600,691000,774100
부산북항↔의왕ICD,경기도,안양시 만안구,안양1동,405,600300,674200,758100,527300,596000,674300
부산북항↔의왕ICD,경기도,안양시 만안구,안양2동,411,608300,682600,767100,534800,603900,682700
부산북항↔의왕ICD,경기도,안양시 만안구,안양3동,409,605300,679500,763700,531300,600300,679000
부산북항↔의왕ICD,경기도,안양시 만안구,안양4동,407,602700,676700,760800,529300,598100,676600
부산북항↔의왕ICD,경기도,안양시 만안구,안양5동,405,600300,674200,758100,527300,596000,674300
부산북항↔의왕ICD,경기도,안양시 만안구,안양6동,404,598800,672600,756400,525900,594500,672800
부산북항↔의왕ICD,경기도,안양시 만안구,안양7동,405,600300,674200,758100,527300,596000,674300
부산북항↔의왕ICD,경기도,안양시 만안구,안양8동,403,597800,671500,755300,525200,593800,672000
부산북항↔의왕ICD,경기도,안양시 만안구,안양9동,409,605300,679500,763700,531300,600300,679000
부산북항↔의왕ICD,경기도,안양시 만안구,석수1동,420,616500,691300,776300,541300,610800,690100
부산북항↔의왕ICD,경기도,안양시 만안구,석수2동,420,616500,691300,776300,541300,610800,690100
부산북항↔의왕ICD,경기도,안양시 만안구,충훈동,420,615900,690700,775600,540200,609600,688800
부산북항↔의왕ICD,경기도,안양시 만안구,박달동,420,615900,690700,775600,540200,609600,688800
부산북항↔의왕ICD,경기도,안양시 만안구,호현동,422,618900,693800,778900,543800,613400,692700
부산북항↔의왕ICD,경기도,안양시 동안구,비산1동,405,600900,674800,758700,527800,596500,674900
부산북항↔의왕ICD,경기도,안양시 동안구,비산2동,404,599400,673200,757000,526600,595200,673500
부산북항↔의왕ICD,경기도,안양시 동안구,비산3동,406,601800,675800,759800,528500,597300,675700
부산북항↔의왕ICD,경기도,안양시 동안구,부흥동,403,598400,672100,755900,525800,594400,672600
부산북항↔의왕ICD,경기도,안양시 동안구,달안동,403,598400,672100,755900,525800,594400,672600
부산북항↔의왕ICD,경기도,안양시 동안구,관양동,411,606400,680700,765200,532100,601200,680100
부산북항↔의왕ICD,경기도,안양시 동안구,인덕원동,412,608000,682400,766900,533500,602700,681600
부산북항↔의왕ICD,경기도,안양시 동안구,부림동,405,600900,674800,758700,527800,596500,674900
부산북항↔의왕ICD,경기도,안양시 동안구,평촌동,412,606700,681100,765700,532400,601600,680500
부산북항↔의왕ICD,경기도,안양시 동안구,평안동,412,606700,681100,765700,532400,601600,680500
부산북항↔의왕ICD,경기도,안양시 동안구,귀인동,400,593800,667300,750800,521800,590200,668200
부산북항↔의왕ICD,경기도,안양시 동안구,호계1동,397,591000,664200,747500,519700,587900,665700
부산북항↔의왕ICD,경기도,안양시 동안구,호계2동,399,593600,667000,750400,521700,589900,667800
부산북항↔의왕ICD,경기도,안양시 동안구,호계3동,395,588000,661100,744200,517000,585000,662700
부산북항↔의왕ICD,경기도,안양시 동안구,범계동,402,596900,670500,754200,524500,593000,671100
부산북항↔의왕ICD,경기도,안양시 동안구,신촌동,398,591400,664700,748000,519800,588000,665800
부산북항↔의왕ICD,경기도,안양시 동안구,갈산동,399,593600,667000,750400,521700,589900,667800
부산북항↔의왕ICD,경기도,부천시 원미구,심곡1동,454,657800,734000,820300,576700,647500,727900
부산북항↔의왕ICD,경기도,부천시 원미구,심곡2동,445,648900,725100,811300,570000,640700,721000
부산북항↔의왕ICD,경기도,부천시 원미구,심곡3동,458,664300,740900,827600,581000,652100,732900
부산북항↔의왕ICD,경기도,부천시 원미구,원미2동,447,651400,727600,813800,571800,642600,723000
부산북항↔의왕ICD,경기도,부천시 원미구,소사동,444,647500,723600,809700,569000,639600,719900
부산북항↔의왕ICD,경기도,부천시 원미구,원미1동,447,651400,727600,813800,571800,642600,723000
부산북항↔의왕ICD,경기도,부천시 원미구,역곡1동,446,649900,726000,812200,570700,641400,721800
부산북항↔의왕ICD,경기도,부천시 원미구,역곡2동,446,649900,726000,812200,570700,641400,721800
부산북항↔의왕ICD,경기도,부천시 원미구,춘의동,456,660900,737300,823700,578700,649600,730100
부산북항↔의왕ICD,경기도,부천시 원미구,도당동,461,666000,742500,828900,582500,653500,734100
부산북항↔의왕ICD,경기도,부천시 원미구,중동,456,662100,738600,825200,579300,650300,731000
부산북항↔의왕ICD,경기도,부천시 원미구,상동,457,662800,739400,826000,580000,651000,731700
부산북항↔의왕ICD,경기도,부천시 원미구,약대동,460,666800,743500,830300,582700,653900,734800
부산북항↔의왕ICD,경기도,부천시 원미구,중1동,459,665400,742000,828700,581700,652800,733600
부산북항↔의왕ICD,경기도,부천시 원미구,중2동,459,665400,742000,828700,581700,652800,733600
부산북항↔의왕ICD,경기도,부천시 원미구,중3동,456,660900,737300,823700,578700,649600,730100
부산북항↔의왕ICD,경기도,부천시 원미구,중4동,457,663600,740200,826800,580300,651400,732200
부산북항↔의왕ICD,경기도,부천시 원미구,상1동,456,662100,738600,825200,579300,650300,731000
부산북항↔의왕ICD,경기도,부천시 원미구,상2동,456,662100,738600,825200,579300,650300,731000
부산북항↔의왕ICD,경기도,부천시 원미구,상3동,457,663600,740200,826800,580300,651400,732200
부산북항↔의왕ICD,경기도,부천시 소사구,심곡본1동,452,655300,731400,817600,574900,645600,726000
부산북항↔의왕ICD,경기도,부천시 소사구,심곡본동,457,660500,736800,823000,578900,649700,730100
부산북항↔의왕ICD,경기도,부천시 소사구,송내1동,454,659700,736100,822600,577500,648500,729100
부산북항↔의왕ICD,경기도,부천시 소사구,송내2동,456,662100,738600,825200,579300,650300,731000
부산북항↔의왕ICD,경기도,부천시 소사구,소사본동,442,645100,721100,807100,567300,637900,718100
부산북항↔의왕ICD,경기도,부천시 소사구,소사본1동,442,645100,721100,807100,567300,637900,718100
부산북항↔의왕ICD,경기도,부천시 소사구,범박동,443,646600,722600,808700,568300,638900,719200
부산북항↔의왕ICD,경기도,부천시 소사구,옥길동,444,647500,723600,809700,569000,639600,719900
부산북항↔의왕ICD,경기도,부천시 소사구,괴안동,444,647500,723600,809700,569000,639600,719900
부산북항↔의왕ICD,경기도,부천시 소사구,역곡3동,445,648900,725100,811300,570000,640700,721000
부산북항↔의왕ICD,경기도,부천시 오정구,성곡동,452,657200,733600,820000,575800,646700,727200
부산북항↔의왕ICD,경기도,부천시 오정구,고강본동,457,663600,740200,826800,580300,651400,732200
부산북항↔의왕ICD,경기도,부천시 오정구,고강1동,456,662100,738600,825200,579300,650300,731000
부산북항↔의왕ICD,경기도,부천시 오정구,원종1동,454,659700,736100,822600,577500,648500,729100
부산북항↔의왕ICD,경기도,부천시 오정구,원종2동,454,659700,736100,822600,577500,648500,729100
부산북항↔의왕ICD,경기도,부천시 오정구,오정동,469,682000,759100,846200,595600,667100,748300
부산북항↔의왕ICD,경기도,부천시 오정구,신흥동,466,674000,750900,837900,588800,660200,741200
부산북항↔의왕ICD,경기도,광명시,광명1동,442,644500,720400,806300,567100,637600,717700
부산북항↔의왕ICD,경기도,광명시,광명2동,446,650400,726600,812900,571000,641800,722200
부산북항↔의왕ICD,경기도,광명시,광명3동,442,644500,720400,806300,567100,637600,717700
부산북항↔의왕ICD,경기도,광명시,광명4동,442,644500,720400,806300,567100,637600,717700
부산북항↔의왕ICD,경기도,광명시,광명5동,445,649500,725700,812000,570300,641000,721500
부산북항↔의왕ICD,경기도,광명시,광명6동,444,648000,724100,810300,569300,640000,720300
부산북항↔의왕ICD,경기도,광명시,광명7동,444,648000,724100,810300,569300,640000,720300
부산북항↔의왕ICD,경기도,광명시,철산1동,444,647500,723600,809700,569000,639600,719900
부산북항↔의왕ICD,경기도,광명시,철산2동,438,640300,716100,801900,563900,634300,714400
부산북항↔의왕ICD,경기도,광명시,철산3동,436,637900,713600,799400,562200,632500,712600
부산북항↔의왕ICD,경기도,광명시,철산4동,440,642100,717900,803700,565300,635700,715800
부산북항↔의왕ICD,경기도,광명시,하안1동,441,643000,718800,804700,566000,636400,716500
부산북항↔의왕ICD,경기도,광명시,하안2동,437,638300,713900,799600,562600,632900,712800
부산북항↔의왕ICD,경기도,광명시,하안3동,432,633400,708900,794600,558700,628900,708700
부산북항↔의왕ICD,경기도,광명시,하안4동,437,638300,713900,799600,562600,632900,712800
부산북항↔의왕ICD,경기도,광명시,소하1동,431,632300,707700,793300,557600,627700,707500
부산북항↔의왕ICD,경기도,광명시,소하2동,430,631400,706800,792400,557000,627100,706900
부산북항↔의왕ICD,경기도,광명시,일직동,426,625600,700900,786300,551900,621900,701600
부산북항↔의왕ICD,경기도,광명시,학온동,428,628400,703800,789300,554500,624500,704300
부산북항↔의왕ICD,경기도,평택시,팽성읍,406,627400,701300,785000,557900,626700,704800
부산북항↔의왕ICD,경기도,평택시,안중읍,416,635700,710400,795000,560400,629800,708800
부산북항↔의왕ICD,경기도,평택시,포승읍,418,637600,712500,797300,561900,631500,710700
부산북항↔의왕ICD,경기도,평택시,청북읍,416,632500,707200,791900,557100,626600,705600
부산북항↔의왕ICD,경기도,평택시,진위면,399,610800,684100,767300,539300,607600,685300
부산북항↔의왕ICD,경기도,평택시,서탄면,402,610300,683900,767400,539700,608200,686200
부산북항↔의왕ICD,경기도,평택시,고덕면,404,616500,690300,773900,544100,612700,690800
부산북항↔의왕ICD,경기도,평택시,오성면,414,631100,705700,790200,556200,625500,704400
부산북항↔의왕ICD,경기도,평택시,현덕면,416,636500,711200,795800,564800,634300,713200
부산북항↔의왕ICD,경기도,평택시,중앙동,409,627000,701200,785200,553000,622000,700400
부산북항↔의왕ICD,경기도,평택시,서정동,410,627900,702200,786300,553700,622700,701300
부산북항↔의왕ICD,경기도,평택시,송탄동,402,619000,692600,776000,550500,619000,696900
부산북항↔의왕ICD,경기도,평택시,지산동,395,606000,679000,761900,535600,603600,681000
부산북항↔의왕ICD,경기도,평택시,송북동,407,618900,692800,776700,545800,614600,692900
부산북항↔의왕ICD,경기도,평택시,신장1동,410,622300,696500,780700,548600,617600,696200
부산북항↔의왕ICD,경기도,평택시,신장2동,403,621400,695100,778600,548600,617100,695100
부산북항↔의왕ICD,경기도,평택시,신평동,409,630200,704300,788300,559900,628900,707300
부산북항↔의왕ICD,경기도,평택시,원평동,410,630900,705100,789200,560300,629300,707800
부산북항↔의왕ICD,경기도,평택시,통복동,410,630900,705100,789200,560300,629300,707800
부산북항↔의왕ICD,경기도,평택시,비전1동,404,621800,695500,779100,553400,622000,700000
부산북항↔의왕ICD,경기도,평택시,비전2동,409,630400,704600,788600,560300,629200,707600
부산북항↔의왕ICD,경기도,평택시,용이동,398,615600,688900,771900,548300,616500,694000
부산북항↔의왕ICD,경기도,평택시,세교동,402,619100,692700,776100,550600,619100,697000
부산북항↔의왕ICD,경기도,평택시,동삭동,422,643000,718200,803300,570400,640300,719700
부산북항↔의왕ICD,경기도,평택시,고덕동,415,632600,707300,791900,557400,626800,705700
부산북항↔의왕ICD,경기도,동두천시,생연1동,520,738400,818900,909500,647400,721900,806200
부산북항↔의왕ICD,경기도,동두천시,생연2동,521,739600,820100,910800,648300,722900,807200
부산북항↔의왕ICD,경기도,동두천시,중앙동,516,735200,815800,906600,645100,719800,804200
부산북항↔의왕ICD,경기도,동두천시,보산동,520,739100,819800,910700,648200,722900,807400
부산북항↔의왕ICD,경기도,동두천시,불현동,518,736400,816800,907400,645800,720200,804400
부산북항↔의왕ICD,경기도,동두천시,송내동,519,737400,817900,908500,646700,721200,805500
부산북항↔의왕ICD,경기도,동두천시,소요동,532,754700,835700,926700,660800,735700,820400
부산북항↔의왕ICD,경기도,동두천시,상패동,525,743600,824300,915200,651700,726400,810800
부산북항↔의왕ICD,경기도,안산시 상록구,일동,413,610200,684700,769300,536200,605400,684400
부산북항↔의왕ICD,경기도,안산시 상록구,이동,413,610200,684700,769300,536200,605400,684400
부산북항↔의왕ICD,경기도,안산시 상록구,사동,419,616800,691700,776800,542700,612400,691800
부산북항↔의왕ICD,경기도,안산시 상록구,사이동,419,616800,691700,776800,542700,612400,691800
부산북항↔의왕ICD,경기도,안산시 상록구,해양동,425,624000,699200,784600,550200,620100,699700
부산북항↔의왕ICD,경기도,안산시 상록구,본오1동,415,611900,686500,771300,537700,607100,686200
부산북항↔의왕ICD,경기도,안산시 상록구,본오2동,414,611000,685600,770300,537000,606300,685300
부산북항↔의왕ICD,경기도,안산시 상록구,본오3동,422,618400,693200,778200,542700,612200,691500
부산북항↔의왕ICD,경기도,안산시 상록구,부곡동,419,617400,692300,777400,543900,613500,692900
부산북항↔의왕ICD,경기도,안산시 상록구,월피동,419,617400,692300,777400,543900,613500,692900
부산북항↔의왕ICD,경기도,안산시 상록구,성포동,417,614900,689700,774600,541300,610800,690100
부산북항↔의왕ICD,경기도,안산시 상록구,반월동,402,595100,668700,752400,522600,591100,669300
부산북항↔의왕ICD,경기도,안산시 상록구,안산동,420,618300,693300,778500,544500,614200,693700
부산북항↔의왕ICD,경기도,안산시 단원구,와동,418,615900,690800,775800,542100,611700,691000
부산북항↔의왕ICD,경기도,안산시 단원구,고잔동,423,622200,697400,782800,548800,618700,698300
부산북항↔의왕ICD,경기도,안산시 단원구,중앙동,421,619800,694900,780200,546300,616100,695600
부산북항↔의왕ICD,경기도,안산시 단원구,호수동,423,622200,697400,782800,548800,618700,698300
부산북항↔의왕ICD,경기도,안산시 단원구,원곡동,424,623200,698400,783700,549500,619400,699000
부산북항↔의왕ICD,경기도,안산시 단원구,백운동,427,627500,702900,788400,553800,623800,703600
부산북항↔의왕ICD,경기도,안산시 단원구,신길동,424,623200,698400,783700,549500,619400,699000
부산북항↔의왕ICD,경기도,안산시 단원구,초지동,425,624700,700000,785400,551200,621200,700900
부산북항↔의왕ICD,경기도,안산시 단원구,선부1동,427,627500,702900,788400,553800,623800,703600
부산북항↔의왕ICD,경기도,안산시 단원구,선부2동,425,624700,700000,785400,551200,621200,700900
부산북항↔의왕ICD,경기도,안산시 단원구,선부3동,424,622500,697700,783000,548400,618200,697800
부산북항↔의왕ICD,경기도,안산시 단원구,대부동,464,680200,757700,845200,595000,666900,748500
부산북항↔의왕ICD,경기도,고양시 덕양구,주교동,487,703200,781400,869500,617100,689600,771700
부산북항↔의왕ICD,경기도,고양시 덕양구,원신동,485,702100,780600,869100,616700,689400,771800
부산북항↔의왕ICD,경기도,고양시 덕양구,흥도동,485,700500,778400,866200,614500,686700,768500
부산북항↔의왕ICD,경기도,고양시 덕양구,성사1동,487,702900,781000,869100,616700,689100,771100
부산북항↔의왕ICD,경기도,고양시 덕양구,성사2동,487,703200,781400,869500,617100,689600,771700
부산북항↔의왕ICD,경기도,고양시 덕양구,효자동,482,698600,776700,864900,613500,686000,768100
부산북항↔의왕ICD,경기도,고양시 덕양구,삼송1동,479,695500,773500,861500,610900,683200,765100
부산북항↔의왕ICD,경기도,고양시 덕양구,삼송2동,479,695100,772900,860700,610300,682500,764300
부산북항↔의왕ICD,경기도,고양시 덕양구,창릉동,481,697300,775300,863300,612300,684600,766500
부산북항↔의왕ICD,경기도,고양시 덕양구,고양동,491,708400,787300,876200,622100,695200,777900
부산북항↔의왕ICD,경기도,고양시 덕양구,관산동,488,705200,783800,872400,619200,692100,774600
부산북항↔의왕ICD,경기도,고양시 덕양구,능곡동,486,701100,778800,866400,614700,686800,768400
부산북항↔의왕ICD,경기도,고양시 덕양구,화정1동,487,702900,781000,869100,616700,689100,771100
부산북항↔의왕ICD,경기도,고양시 덕양구,화정2동,484,699300,777000,864600,613300,685400,767000
부산북항↔의왕ICD,경기도,고양시 덕양구,행주동,479,694000,771500,859000,605700,677600,759100
부산북항↔의왕ICD,경기도,고양시 덕양구,행신1동,487,702100,779800,867400,615400,687500,769100
부산북항↔의왕ICD,경기도,고양시 덕양구,행신2동,486,701000,778700,866200,614400,686400,768000
부산북항↔의왕ICD,경기도,고양시 덕양구,행신3동,487,702100,779800,867400,615400,687500,769100
부산북항↔의왕ICD,경기도,고양시 덕양구,행신4동,482,696700,774200,861700,607700,679600,761100
부산북항↔의왕ICD,경기도,고양시 덕양구,화전동,467,681300,758600,845900,595400,667100,748400
부산북항↔의왕ICD,경기도,고양시 덕양구,대덕동,465,677700,754700,841700,592100,663600,744700
부산북항↔의왕ICD,경기도,고양시 일산동구,식사동,493,709200,787600,876000,621900,694600,776900
부산북항↔의왕ICD,경기도,고양시 일산동구,중산1동,497,713200,791800,880300,625400,698200,780600
부산북항↔의왕ICD,경기도,고양시 일산동구,중산2동,493,709100,787400,875700,621700,694300,776500
부산북항↔의왕ICD,경기도,고양시 일산동구,정발산동,494,709900,788200,876500,622500,695100,777300
부산북항↔의왕ICD,경기도,고양시 일산동구,풍산동,491,707100,785400,873700,620300,692900,775200
부산북항↔의왕ICD,경기도,고양시 일산동구,백석1동,488,703700,781700,869700,617100,689500,771400
부산북항↔의왕ICD,경기도,고양시 일산동구,백석2동,488,703700,781700,869700,617100,689500,771400
부산북항↔의왕ICD,경기도,고양시 일산동구,마두1동,490,705800,783900,871900,618700,691100,773100
부산북항↔의왕ICD,경기도,고양시 일산동구,마두2동,490,705800,783900,871900,618700,691100,773100
부산북항↔의왕ICD,경기도,고양시 일산동구,장항1동,491,706600,784700,872800,619500,691900,773900
부산북항↔의왕ICD,경기도,고양시 일산동구,장항2동,490,705800,783900,871900,618700,691100,773100
부산북항↔의왕ICD,경기도,고양시 일산동구,고봉동,490,706500,784900,873300,619900,692600,774900
부산북항↔의왕ICD,경기도,고양시 일산서구,일산1동,499,715300,794000,882600,627000,699900,782400
부산북항↔의왕ICD,경기도,고양시 일산서구,일산2동,495,711000,789400,877800,623400,696100,778300
부산북항↔의왕ICD,경기도,고양시 일산서구,일산3동,495,710900,789200,877500,623200,695800,778000
부산북항↔의왕ICD,경기도,고양시 일산서구,탄현1동,502,718300,797000,885700,629300,702300,784800
부산북항↔의왕ICD,경기도,고양시 일산서구,탄현2동,501,717100,795800,884400,628300,701200,783700
부산북항↔의왕ICD,경기도,고양시 일산서구,주엽1동,494,709800,788100,876300,622200,694800,776900
부산북항↔의왕ICD,경기도,고양시 일산서구,주엽2동,496,711800,790100,878400,623800,696400,778600
부산북항↔의왕ICD,경기도,고양시 일산서구,대화동,500,716000,794600,883100,627400,700300,782700
부산북항↔의왕ICD,경기도,고양시 일산서구,송포동,503,722600,801100,889400,632700,705400,787600
부산북항↔의왕ICD,경기도,고양시 일산서구,덕이동,500,716000,794600,883100,627400,700300,782700
부산북항↔의왕ICD,경기도,고양시 일산서구,가좌동,508,727700,806400,894900,637000,709900,792400
부산북항↔의왕ICD,경기도,과천시,중앙동,415,612500,687200,772000,538800,608200,687300
부산북항↔의왕ICD,경기도,과천시,갈현동,418,613400,688100,772900,537800,607200,686300
부산북항↔의왕ICD,경기도,과천시,원문동,417,616200,691000,776000,543400,612900,692100
부산북항↔의왕ICD,경기도,과천시,별양동,412,609200,683600,768100,535600,604800,683700
부산북항↔의왕ICD,경기도,과천시,부림동,413,610700,685200,769800,537400,606600,685600
부산북항↔의왕ICD,경기도,과천시,과천동,416,614000,688700,773600,540600,610000,689200
부산북항↔의왕ICD,경기도,과천시,문원동,411,608300,682600,767100,534800,603900,682700
부산북항↔의왕ICD,경기도,구리시,갈매동,449,667300,744700,832200,588600,660400,741900
부산북항↔의왕ICD,경기도,구리시,동구동,445,663600,740600,827800,585800,657200,738400
부산북항↔의왕ICD,경기도,구리시,인창동,442,660500,737300,824300,583200,654500,735400
부산북항↔의왕ICD,경기도,구리시,교문1동,443,660900,737700,824700,580000,651300,732400
부산북항↔의왕ICD,경기도,구리시,교문2동,437,653600,730000,816500,573900,644800,725500
부산북항↔의왕ICD,경기도,구리시,수택1동,438,655100,731600,818200,575100,646100,726800
부산북항↔의왕ICD,경기도,구리시,수택2동,438,654600,731100,817700,574700,645600,726300
부산북항↔의왕ICD,경기도,구리시,수택3동,437,653600,730000,816500,573900,644800,725500
부산북항↔의왕ICD,경기도,남양주시,와부읍,447,665300,742500,829800,587100,658700,740100
부산북항↔의왕ICD,경기도,남양주시,진접읍,470,689100,767900,856900,607200,680200,763000
부산북항↔의왕ICD,경기도,남양주시,화도읍,455,674600,752400,840400,595300,667500,749400
부산북항↔의왕ICD,경기도,남양주시,진건읍,453,672000,749600,837400,593000,665000,746800
부산북항↔의왕ICD,경기도,남양주시,오남읍,473,691700,770400,859300,609100,682100,764800
부산북항↔의왕ICD,경기도,남양주시,퇴계원읍,450,668600,746000,833600,590000,661800,743400
부산북항↔의왕ICD,경기도,남양주시,별내면,465,683500,761800,850300,602100,674700,757100
부산북항↔의왕ICD,경기도,남양주시,수동면,467,687200,766000,855000,606000,678900,761700
부산북항↔의왕ICD,경기도,남양주시,조안면,426,645600,721100,806600,571700,641900,721600
부산북항↔의왕ICD,경기도,남양주시,호평동,454,672900,750700,838600,593600,665700,747500
부산북항↔의왕ICD,경기도,남양주시,평내동,459,677800,755900,844300,597800,670200,752400
부산북항↔의왕ICD,경기도,남양주시,금곡동,457,674600,752300,840100,594400,666400,748200
부산북항↔의왕ICD,경기도,남양주시,양정동,445,663300,740300,827500,585300,656800,738000
부산북항↔의왕ICD,경기도,남양주시,다산1동,444,662600,739500,826600,584900,656300,737400
부산북항↔의왕ICD,경기도,남양주시,다산2동,439,656700,733200,819900,576500,647500,728300
부산북항↔의왕ICD,경기도,남양주시,별내동,450,668600,746000,833600,590000,661800,743400
부산북항↔의왕ICD,경기도,오산시,중앙동,389,594700,667200,749600,528400,596000,673100
부산북항↔의왕ICD,경기도,오산시,남촌동,393,599600,672500,755200,532000,599900,677200
부산북항↔의왕ICD,경기도,오산시,신장1동,391,595500,668200,750800,529400,597100,674300
부산북항↔의왕ICD,경기도,오산시,신장2동,397,600800,674000,757200,533300,601400,679100
부산북항↔의왕ICD,경기도,오산시,세마동,393,597100,670000,752800,530300,598200,675500
부산북항↔의왕ICD,경기도,오산시,초평동,394,600500,673500,756300,532700,600600,678000
부산북항↔의왕ICD,경기도,오산시,대원1동,397,606100,679300,762400,536200,604300,681900
부산북항↔의왕ICD,경기도,오산시,대원2동,396,605200,678300,761300,535400,603500,681000
부산북항↔의왕ICD,경기도,시흥시,대야동,440,642700,718600,804500,565700,636200,716300
부산북항↔의왕ICD,경기도,시흥시,신천동,447,650200,726300,812400,571100,641700,722000
부산북항↔의왕ICD,경기도,시흥시,신현동,434,635100,710600,796100,559800,629900,709700
부산북항↔의왕ICD,경기도,시흥시,은행동,450,653600,729700,815900,573500,644200,724600
부산북항↔의왕ICD,경기도,시흥시,매화동,434,635400,711000,796800,560500,630800,710700
부산북항↔의왕ICD,경기도,시흥시,목감동,422,620100,695100,780300,545900,615700,695200
부산북항↔의왕ICD,경기도,시흥시,군자동,422,620700,695800,781100,547000,616800,696400
부산북항↔의왕ICD,경기도,시흥시,월곶동,441,644200,720200,806200,566600,637100,717400
부산북항↔의왕ICD,경기도,시흥시,정왕본동,433,634500,710100,795900,559700,629900,709900
부산북항↔의왕ICD,경기도,시흥시,정왕1동,432,633400,708900,794600,558700,628900,708700
부산북항↔의왕ICD,경기도,시흥시,정왕2동,434,635400,711000,796800,560500,630800,710700
부산북항↔의왕ICD,경기도,시흥시,거북섬동,444,648600,724800,811100,569600,640300,720800
부산북항↔의왕ICD,경기도,시흥시,정왕3동,436,637900,713600,799400,562200,632500,712600
부산북항↔의왕ICD,경기도,시흥시,정왕4동,442,645100,721100,807100,567300,637900,718100
부산북항↔의왕ICD,경기도,시흥시,배곧1동,440,642700,718600,804500,565700,636200,716300
부산북항↔의왕ICD,경기도,시흥시,배곧2동,438,640300,716100,801900,563900,634300,714400
부산북항↔의왕ICD,경기도,시흥시,과림동,442,645100,721100,807100,567300,637900,718100
부산북항↔의왕ICD,경기도,시흥시,연성동,434,635100,710600,796100,559800,629900,709700
부산북항↔의왕ICD,경기도,시흥시,장곡동,431,632600,708100,793800,558100,628300,708100
부산북항↔의왕ICD,경기도,시흥시,능곡동,424,623200,698400,783700,549500,619400,699000
부산북항↔의왕ICD,경기도,군포시,군포1동,395,587400,660500,743600,516300,584300,661900
부산북항↔의왕ICD,경기도,군포시,군포2동,394,586400,659400,742400,515700,583600,661200
부산북항↔의왕ICD,경기도,군포시,산본1동,403,597300,671000,754800,524500,593100,671300
부산북항↔의왕ICD,경기도,군포시,산본2동,402,595700,669300,753000,523200,591700,669900
부산북항↔의왕ICD,경기도,군포시,금정동,399,592900,666300,749700,521100,589400,667300
부산북항↔의왕ICD,경기도,군포시,재궁동,406,598100,672000,756100,524900,593600,672100
부산북항↔의왕ICD,경기도,군포시,오금동,397,589900,663100,746400,518400,586500,664300
부산북항↔의왕ICD,경기도,군포시,수리동,399,592300,665700,749100,520400,588700,666700
부산북항↔의왕ICD,경기도,군포시,궁내동,399,592300,665700,749100,520400,588700,666700
부산북항↔의왕ICD,경기도,군포시,대야동,397,589200,662400,745700,517700,585900,663700
부산북항↔의왕ICD,경기도,군포시,광정동,399,592300,665700,749100,520400,588700,666700
부산북항↔의왕ICD,경기도,군포시,송부동,397,589200,662400,745700,517700,585900,663700
부산북항↔의왕ICD,경기도,의왕시,고천동,389,580500,653000,735600,510700,578300,655500
부산북항↔의왕ICD,경기도,의왕시,부곡동,389,580000,652500,735100,510200,577800,655000
부산북항↔의왕ICD,경기도,의왕시,오전동,391,583000,655700,738400,512900,580600,657900
부산북항↔의왕ICD,경기도,의왕시,내손1동,400,594500,668000,751500,522400,590700,668700
부산북항↔의왕ICD,경기도,의왕시,내손2동,405,600900,674800,758700,527800,596500,674900
부산북항↔의왕ICD,경기도,의왕시,청계동,403,598400,672100,755900,525800,594400,672600
부산북항↔의왕ICD,경기도,하남시,천현동,423,634400,709600,794900,558000,627900,707500
부산북항↔의왕ICD,경기도,하남시,신장1동,423,633800,709100,794400,557300,627200,706700
부산북항↔의왕ICD,경기도,하남시,신장2동,424,640400,715700,801100,563400,633400,713000
부산북항↔의왕ICD,경기도,하남시,덕풍1동,429,645100,720800,806600,567000,637400,717400
부산북항↔의왕ICD,경기도,하남시,덕풍2동,428,643600,719300,805000,565700,636000,715900
부산북항↔의왕ICD,경기도,하남시,덕풍3동,428,643600,719300,805000,565700,636000,715900
부산북항↔의왕ICD,경기도,하남시,미사3동,424,634600,710000,795400,558100,628100,707700
부산북항↔의왕ICD,경기도,하남시,감북동,421,628600,703700,788800,553700,623500,702900
부산북항↔의왕ICD,경기도,하남시,감일동,423,631000,706300,791600,555400,625300,704900
부산북항↔의왕ICD,경기도,하남시,위례동,425,631100,706500,792100,556000,626100,705900
부산북항↔의왕ICD,경기도,하남시,춘궁동,421,630200,705300,790400,554600,624400,703800
부산북항↔의왕ICD,경기도,하남시,초이동,424,633100,708400,793800,556700,626700,706400
부산북항↔의왕ICD,경기도,하남시,미사1동,429,645100,720800,806600,567000,637400,717400
부산북항↔의왕ICD,경기도,하남시,미사2동,439,657200,733800,820400,577200,648200,729000
부산북항↔의왕ICD,경기도,용인시 처인구,포곡읍,395,602000,675000,757900,533700,601700,679100
부산북항↔의왕ICD,경기도,용인시 처인구,모현읍,408,618100,692200,776200,545100,614000,692500
부산북항↔의왕ICD,경기도,용인시 처인구,이동읍,408,620400,694400,778400,547100,616000,694400
부산북항↔의왕ICD,경기도,용인시 처인구,남사읍,410,626800,701100,785200,552600,621600,700200
부산북항↔의왕ICD,경기도,용인시 처인구,원삼면,411,629900,704200,788400,555600,624700,703300
부산북항↔의왕ICD,경기도,용인시 처인구,백암면,404,623400,697100,780700,550400,619000,697100
부산북항↔의왕ICD,경기도,용인시 처인구,양지면,393,604000,676900,759600,534000,601900,679200
부산북항↔의왕ICD,경기도,용인시 처인구,중앙동,396,603400,676500,759500,534700,602800,680300
부산북항↔의왕ICD,경기도,용인시 처인구,역북동,397,603900,677100,760200,535200,603300,680900
부산북항↔의왕ICD,경기도,용인시 처인구,삼가동,397,602300,675500,758600,534400,602500,680200
부산북항↔의왕ICD,경기도,용인시 처인구,유림1동,391,597100,669800,752400,530300,598000,675200
부산북항↔의왕ICD,경기도,용인시 처인구,유림2동,394,601100,674100,756900,533000,600900,678300
부산북항↔의왕ICD,경기도,용인시 처인구,동부동,392,599600,672400,755100,531800,599600,676800
부산북항↔의왕ICD,경기도,용인시 기흥구,신갈동,398,599100,672400,755600,530700,598900,676600
부산북항↔의왕ICD,경기도,용인시 기흥구,영덕1동,396,595400,668500,751600,526200,594300,671900
부산북항↔의왕ICD,경기도,용인시 기흥구,영덕2동,399,600600,674000,757300,532400,600700,678500
부산북항↔의왕ICD,경기도,용인시 기흥구,구갈동,396,597800,670900,754000,530400,598400,676000
부산북항↔의왕ICD,경기도,용인시 기흥구,상갈동,399,600600,674000,757300,532400,600700,678500
부산북항↔의왕ICD,경기도,용인시 기흥구,보라동,400,602500,676000,759400,534300,602600,680500
부산북항↔의왕ICD,경기도,용인시 기흥구,기흥동,404,607500,681300,765000,538600,607200,685400
부산북항↔의왕ICD,경기도,용인시 기흥구,서농동,395,596900,670000,753000,529700,597700,675200
부산북항↔의왕ICD,경기도,용인시 기흥구,구성동,400,600300,673800,757200,531100,599500,677400
부산북항↔의왕ICD,경기도,용인시 기흥구,마북동,400,600300,673800,757200,531100,599500,677400
부산북항↔의왕ICD,경기도,용인시 기흥구,동백1동,397,600800,674000,757200,533300,601400,679100
부산북항↔의왕ICD,경기도,용인시 기흥구,동백2동,398,602100,675400,758600,534500,602700,680400
부산북항↔의왕ICD,경기도,용인시 기흥구,동백3동,399,601600,674900,758200,533700,602000,679900
부산북항↔의왕ICD,경기도,용인시 기흥구,상하동,400,603700,677200,760600,535700,604100,682000
부산북항↔의왕ICD,경기도,용인시 기흥구,보정동,400,601500,675000,758400,533200,601600,679500
부산북항↔의왕ICD,경기도,용인시 수지구,풍덕천1동,399,598700,672100,755400,529300,597600,675500
부산북항↔의왕ICD,경기도,용인시 수지구,풍덕천2동,400,599200,672600,756100,529000,597300,675200
부산북항↔의왕ICD,경기도,용인시 수지구,신봉동,401,600000,673500,757100,529800,598200,676200
부산북항↔의왕ICD,경기도,용인시 수지구,죽전1동,399,600000,673400,756700,531500,599800,677600
부산북항↔의왕ICD,경기도,용인시 수지구,죽전2동,398,598500,671800,755000,529700,597900,675700
부산북항↔의왕ICD,경기도,용인시 수지구,죽전3동,398,598500,671800,755000,529700,597900,675700
부산북항↔의왕ICD,경기도,용인시 수지구,동천동,415,616500,691200,775900,545200,614600,693700
부산북항↔의왕ICD,경기도,용인시 수지구,상현1동,400,599200,672600,756100,529000,597300,675200
부산북항↔의왕ICD,경기도,용인시 수지구,상현2동,400,599200,672600,756100,529000,597300,675200
부산북항↔의왕ICD,경기도,용인시 수지구,상현3동,397,595300,668500,751700,524700,592800,670600
부산북항↔의왕ICD,경기도,용인시 수지구,성복동,400,599200,672600,756100,529000,597300,675200
부산북항↔의왕ICD,경기도,파주시,문산읍,532,753600,834200,924700,659600,734100,818300
부산북항↔의왕ICD,경기도,파주시,파주읍,528,748900,828900,918900,655100,729200,812900
부산북항↔의왕ICD,경기도,파주시,법원읍,518,736000,816100,906300,644900,719100,803000
부산북항↔의왕ICD,경기도,파주시,조리읍,508,728700,807800,896900,638500,711800,794700
부산북항↔의왕ICD,경기도,파주시,월롱면,518,738700,818200,907700,646800,720500,803700
부산북항↔의왕ICD,경기도,파주시,탄현면,536,756500,836700,926800,661800,736100,819900
부산북항↔의왕ICD,경기도,파주시,광탄면,504,721900,801500,891100,633500,707200,790600
부산북항↔의왕ICD,경기도,파주시,파평면,557,777800,859100,950400,680200,755400,840200
부산북항↔의왕ICD,경기도,파주시,적성면,554,776600,858700,950800,679000,754800,840400
부산북항↔의왕ICD,경기도,파주시,장단면,550,771100,852200,943300,674500,749600,834200
부산북항↔의왕ICD,경기도,파주시,금촌1동,507,727700,806700,895700,637500,710800,793600
부산북항↔의왕ICD,경기도,파주시,금촌2동,506,722600,801600,890600,633100,706300,789200
부산북항↔의왕ICD,경기도,파주시,금촌3동,513,734200,813700,903200,643200,716900,800100
부산북항↔의왕ICD,경기도,파주시,교하동,508,728700,807800,896900,638500,711800,794700
부산북항↔의왕ICD,경기도,파주시,운정1동,507,723600,802700,891800,634100,707400,790400
부산북항↔의왕ICD,경기도,파주시,운정2동,507,723600,802700,891800,634100,707400,790400
부산북항↔의왕ICD,경기도,파주시,운정3동,508,728700,807800,896900,638500,711800,794700
부산북항↔의왕ICD,경기도,파주시,운정4동,504,720500,799500,888500,631500,704600,787400
부산북항↔의왕ICD,경기도,파주시,운정5동,524,743700,823000,912200,650700,724200,807200
부산북항↔의왕ICD,경기도,파주시,운정6동,511,731700,810900,900100,640900,714300,797200
부산북항↔의왕ICD,경기도,이천시,장호원읍,396,617500,690500,773200,552100,620100,697400
부산북항↔의왕ICD,경기도,이천시,부발읍,398,616200,689500,772500,549200,617400,695000
부산북항↔의왕ICD,경기도,이천시,신둔면,402,619400,692900,776300,551100,619600,697400
부산북항↔의왕ICD,경기도,이천시,백사면,411,629400,703700,787800,559900,629000,707500
부산북항↔의왕ICD,경기도,이천시,호법면,394,611400,684300,767000,544700,612600,689800
부산북항↔의왕ICD,경기도,이천시,마장면,391,605200,677900,760400,535500,603200,680300
부산북항↔의왕ICD,경기도,이천시,대월면,399,617700,691000,774100,550600,618800,696400
부산북항↔의왕ICD,경기도,이천시,모가면,410,627800,702000,786100,558300,627300,705800
부산북항↔의왕ICD,경기도,이천시,설성면,393,612700,685500,768000,547100,614900,692000
부산북항↔의왕ICD,경기도,이천시,율면,399,619800,693100,776100,553600,621800,699300
부산북항↔의왕ICD,경기도,이천시,창전동,398,616200,689500,772500,549200,617400,695000
부산북항↔의왕ICD,경기도,이천시,증포동,398,616200,689500,772500,549200,617400,695000
부산북항↔의왕ICD,경기도,이천시,중리동,395,613200,686200,768900,546400,614400,691700
부산북항↔의왕ICD,경기도,이천시,관고동,397,615100,688300,771200,548300,616400,693900
부산북항↔의왕ICD,경기도,안성시,공도읍,407,628400,702400,786200,558700,627500,705700
부산북항↔의왕ICD,경기도,안성시,보개면,417,639500,714300,798900,568300,637800,716700
부산북항↔의왕ICD,경기도,안성시,금광면,421,643500,718500,803500,571600,641400,720700
부산북항↔의왕ICD,경기도,안성시,서운면,406,624900,698700,782400,556300,625000,703100
부산북항↔의왕ICD,경기도,안성시,미양면,412,634000,708400,792700,563600,632700,711300
부산북항↔의왕ICD,경기도,안성시,대덕면,413,635100,709600,793900,564400,633600,712300
부산북항↔의왕ICD,경기도,안성시,양성면,413,634700,709200,793500,564000,633200,711900
부산북항↔의왕ICD,경기도,안성시,원곡면,404,625100,698900,782500,555900,624500,702500
부산북항↔의왕ICD,경기도,안성시,일죽면,407,626300,700200,784000,558000,626800,705000
부산북항↔의왕ICD,경기도,안성시,죽산면,408,626300,700300,784200,557300,626100,704400
부산북항↔의왕ICD,경기도,안성시,삼죽면,424,647100,722400,807700,574900,644900,724300
부산북항↔의왕ICD,경기도,안성시,고삼면,414,634900,709400,793800,563500,632800,711600
부산북항↔의왕ICD,경기도,안성시,안성1동,423,645200,720400,805500,572700,642600,722000
부산북항↔의왕ICD,경기도,안성시,안성2동,418,640600,715500,800200,569300,638800,717800
부산북항↔의왕ICD,경기도,안성시,안성3동,427,649200,724800,810300,576400,646600,726300
부산북항↔의왕ICD,경기도,김포시,통진읍,516,735900,815000,903900,643900,717200,800000
부산북항↔의왕ICD,경기도,김포시,고촌읍,480,694800,772300,859800,606300,678200,759700
부산북항↔의왕ICD,경기도,김포시,양촌읍,513,733000,812000,900900,641600,714800,797500
부산북항↔의왕ICD,경기도,김포시,대곶면,516,735700,814700,903600,643800,717000,799700
부산북항↔의왕ICD,경기도,김포시,월곶면,527,746900,826500,915900,653600,727300,810500
부산북항↔의왕ICD,경기도,김포시,하성면,520,739900,819200,908300,647400,720800,803800
부산북항↔의왕ICD,경기도,김포시,김포본동,498,717100,795200,883100,627900,700300,782100
부산북항↔의왕ICD,경기도,김포시,장기본동,508,727100,805600,893900,636200,708900,791100
부산북항↔의왕ICD,경기도,김포시,사우동,496,715000,793000,880800,626100,698500,780300
부산북항↔의왕ICD,경기도,김포시,풍무동,490,708800,786500,874000,620900,693000,774500
부산북항↔의왕ICD,경기도,김포시,장기동,508,727100,805600,893900,636200,708900,791100
부산북항↔의왕ICD,경기도,김포시,구래동,518,737100,816000,904700,645000,718100,800700
부산북항↔의왕ICD,경기도,김포시,마산동,514,733000,811800,900300,641500,714500,796900
부산북항↔의왕ICD,경기도,김포시,운양동,508,727100,805600,893900,636200,708900,791100
부산북항↔의왕ICD,경기도,화성시,봉담읍,399,597000,670400,753800,526200,594400,672300
부산북항↔의왕ICD,경기도,화성시,우정읍,434,642900,719000,805300,564200,634900,715300
부산북항↔의왕ICD,경기도,화성시,향남읍,415,618500,693200,777900,547200,616600,695700
부산북항↔의왕ICD,경기도,화성시,남양읍,433,635100,710800,796600,560100,630400,710400
부산북항↔의왕ICD,경기도,화성시,매송면,404,602300,676100,759900,530900,599500,677700
부산북항↔의왕ICD,경기도,화성시,비봉면,414,613400,688000,772700,541300,610600,689600
부산북항↔의왕ICD,경기도,화성시,마도면,435,639100,715100,801300,562600,633200,713500
부산북항↔의왕ICD,경기도,화성시,송산면,431,638500,714400,800400,561100,631600,711800
부산북항↔의왕ICD,경기도,화성시,서신면,453,667300,744300,831500,584300,655800,737000
부산북항↔의왕ICD,경기도,화성시,팔탄면,417,619700,694500,779400,548000,617500,696700
부산북항↔의왕ICD,경기도,화성시,장안면,428,638400,714100,799800,561000,631300,711200
부산북항↔의왕ICD,경기도,화성시,양감면,419,628800,703700,788700,553300,623000,702300
부산북항↔의왕ICD,경기도,화성시,정남면,405,608400,682200,766100,539300,608000,686300
부산북항↔의왕ICD,경기도,화성시,새솔동,427,626500,701800,787300,552600,622600,702300
부산북항↔의왕ICD,경기도,화성시,진안동,392,592300,665100,747900,524400,592200,669500
부산북항↔의왕ICD,경기도,화성시,병점1동,391,591300,664000,746700,523500,591200,668500
부산북항↔의왕ICD,경기도,화성시,병점2동,391,591300,664000,746700,523500,591200,668500
부산북항↔의왕ICD,경기도,화성시,반월동,392,592300,665100,747900,524400,592200,669500
부산북항↔의왕ICD,경기도,화성시,기배동,395,594500,667600,750600,525400,593400,670900
부산북항↔의왕ICD,경기도,화성시,화산동,395,596300,669300,752300,528700,596700,674200
부산북항↔의왕ICD,경기도,화성시,동탄1동,400,605000,678400,761800,536500,604800,682700
부산북항↔의왕ICD,경기도,화성시,동탄2동,401,606500,680000,763500,537600,606000,683900
부산북항↔의왕ICD,경기도,화성시,동탄3동,394,595400,668400,751300,528000,595900,673300
부산북항↔의왕ICD,경기도,화성시,동탄4동,399,604000,677400,760700,535900,604100,681900
부산북항↔의왕ICD,경기도,화성시,동탄5동,398,602100,675400,758600,534500,602700,680400
부산북항↔의왕ICD,경기도,화성시,동탄6동,395,600900,673900,756800,533300,601300,678800
부산북항↔의왕ICD,경기도,화성시,동탄7동,400,608400,681800,765100,538200,606500,684400
부산북항↔의왕ICD,경기도,화성시,동탄8동,397,604400,677600,760600,535400,603500,681100
부산북항↔의왕ICD,경기도,화성시,동탄9동,402,611400,685000,768500,540200,608600,686600
부산북항↔의왕ICD,경기도,광주시,초월읍,406,617400,691300,775100,544500,613200,691500
부산북항↔의왕ICD,경기도,광주시,곤지암읍,407,627200,701200,785000,553800,622600,700900
부산북항↔의왕ICD,경기도,광주시,도척면,407,619400,693300,777200,546300,615100,693500
부산북항↔의왕ICD,경기도,광주시,퇴촌면,422,640100,715300,800500,563600,633500,712900
부산북항↔의왕ICD,경기도,광주시,남종면,426,645000,720500,806000,567700,637800,717500
부산북항↔의왕ICD,경기도,광주시,남한산성면,415,631500,706100,790700,556300,625700,704600
부산북항↔의왕ICD,경기도,광주시,경안동,405,615300,689100,772900,542900,611500,689700
부산북항↔의왕ICD,경기도,광주시,송정동,410,620500,694700,778900,546900,615900,694500
부산북항↔의왕ICD,경기도,광주시,쌍령동,404,614400,688100,771800,542200,610800,689000
부산북항↔의왕ICD,경기도,광주시,탄벌동,410,619500,693700,777900,546400,615400,694000
부산북항↔의왕ICD,경기도,광주시,광남1동,407,616000,690000,774000,543800,612600,691000
부산북항↔의왕ICD,경기도,광주시,광남2동,413,621100,695500,780000,547900,617100,695900
부산북항↔의왕ICD,경기도,광주시,오포1동,404,611500,685200,768900,540900,609500,687600
부산북항↔의왕ICD,경기도,광주시,오포2동,412,622400,696800,781200,548400,617600,696300
부산북항↔의왕ICD,경기도,광주시,신현동,400,604500,678000,761400,536400,604700,682600
부산북항↔의왕ICD,경기도,광주시,능평동,401,606500,680000,763500,537600,606000,683900
부산북항↔의왕ICD,경기도,양주시,백석읍,500,719000,798800,888800,631600,705500,789200
부산북항↔의왕ICD,경기도,양주시,은현면,515,733300,813400,903700,643000,717200,801200
부산북항↔의왕ICD,경기도,양주시,남면,524,743100,824000,915100,651600,726500,811200
부산북항↔의왕ICD,경기도,양주시,광적면,507,725600,805600,895800,637000,711100,794900
부산북항↔의왕ICD,경기도,양주시,장흥면,491,709900,789400,879100,624200,697900,781300
부산북항↔의왕ICD,경기도,양주시,양주1동,486,704900,784100,873600,620000,693500,776700
부산북항↔의왕ICD,경기도,양주시,양주2동,493,711700,791100,880700,625500,699100,782400
부산북항↔의왕ICD,경기도,양주시,회천1동,505,723700,803600,893700,635300,709300,793000
부산북항↔의왕ICD,경기도,양주시,회천2동,500,719000,798800,888800,631600,705500,789200
부산북항↔의왕ICD,경기도,양주시,회천3동,506,724900,805000,895200,636500,710700,794600
부산북항↔의왕ICD,경기도,양주시,옥정1동,493,712700,792600,882700,626800,700700,784500
부산북항↔의왕ICD,경기도,양주시,옥정2동,493,712400,792100,882000,626400,700200,783900
부산북항↔의왕ICD,경기도,포천시,소흘읍,495,714100,793800,883600,627500,701300,784900
부산북항↔의왕ICD,경기도,포천시,군내면,514,732800,813200,903800,643000,717400,801600
부산북항↔의왕ICD,경기도,포천시,내촌면,483,702400,781700,871200,618100,691600,774900
부산북항↔의왕ICD,경기도,포천시,가산면,503,722300,802400,892800,634500,708700,792700
부산북항↔의왕ICD,경기도,포천시,신북면,523,741800,822500,913400,650200,724900,809400
부산북항↔의왕ICD,경기도,포천시,창수면,540,762700,844100,935600,667500,742800,827800
부산북항↔의왕ICD,경기도,포천시,영중면,541,763800,845300,936800,668300,743700,828800
부산북항↔의왕ICD,경기도,포천시,일동면,521,741000,822200,913700,650300,725500,810500
부산북항↔의왕ICD,경기도,포천시,이동면,539,758700,840700,932900,664800,740600,826200
부산북항↔의왕ICD,경기도,포천시,영북면,560,782400,864700,957000,684100,760200,846000
부산북항↔의왕ICD,경기도,포천시,관인면,582,808100,891300,984500,706100,782900,869400
부산북항↔의왕ICD,경기도,포천시,화현면,516,735300,816000,906900,645400,720100,804500
부산북항↔의왕ICD,경기도,포천시,포천동,516,734800,815300,905900,644700,719200,803500
부산북항↔의왕ICD,경기도,포천시,선단동,502,720900,800800,890900,633100,707100,790900
부산북항↔의왕ICD,경기도,여주시,가남읍,394,613600,686500,769100,547900,615800,692900
부산북항↔의왕ICD,경기도,여주시,점동면,402,622600,696100,779400,555900,624300,702100
부산북항↔의왕ICD,경기도,여주시,흥천면,410,629400,703600,787600,560700,629700,708100
부산북항↔의왕ICD,경기도,여주시,금사면,409,627700,701800,785700,558600,627500,705900
부산북항↔의왕ICD,경기도,여주시,세종대왕면,403,622600,696200,779500,555300,623800,701700
부산북항↔의왕ICD,경기도,여주시,대신면,416,634900,709500,794100,564900,634300,713200
부산북항↔의왕ICD,경기도,여주시,북내면,426,646100,721500,806900,574700,644800,724400
부산북항↔의왕ICD,경기도,여주시,강천면,431,650900,726700,812500,578300,648700,728700
부산북항↔의왕ICD,경기도,여주시,산북면,413,634300,708800,793100,563300,632500,711200
부산북항↔의왕ICD,경기도,여주시,여흥동,413,632900,707300,791500,563900,633000,711600
부산북항↔의왕ICD,경기도,여주시,중앙동,414,634200,708700,793000,564900,634100,712800
부산북항↔의왕ICD,경기도,여주시,오학동,417,636900,711600,796200,567200,636700,715600
부산북항↔의왕ICD,경기도,연천군,연천읍,569,795100,877600,970200,695100,771400,857300
부산북항↔의왕ICD,경기도,연천군,전곡읍,551,773600,855400,947200,676300,752000,837300
부산북항↔의왕ICD,경기도,연천군,군남면,573,799000,881700,974500,698600,775000,861100
부산북항↔의왕ICD,경기도,연천군,청산면,541,763700,845100,936500,668300,743600,828600
부산북항↔의왕ICD,경기도,연천군,백학면,554,776700,858800,951000,679200,755100,840800
부산북항↔의왕ICD,경기도,연천군,미산면,577,802700,885400,978100,701600,778100,864200
부산북항↔의왕ICD,경기도,연천군,왕징면,567,793200,875700,968100,693400,769600,855500
부산북항↔의왕ICD,경기도,연천군,신서면,587,812700,896000,989300,710100,787000,873600
부산북항↔의왕ICD,경기도,연천군,중면,588,813500,896800,990100,710900,787800,874400
부산북항↔의왕ICD,경기도,연천군,장남면,561,783100,865200,957400,684700,760700,846300
부산북항↔의왕ICD,경기도,가평군,가평읍,511,731300,812200,903500,642500,717500,802300
부산북항↔의왕ICD,경기도,가평군,설악면,478,698600,778200,868100,615900,689600,773300
부산북항↔의왕ICD,경기도,가평군,청평면,483,703500,783300,873500,619600,693500,777400
부산북항↔의왕ICD,경기도,가평군,상면,507,727500,808300,899400,639300,714100,798800
부산북항↔의왕ICD,경기도,가평군,조종면,511,731300,812200,903500,642500,717500,802300
부산북항↔의왕ICD,경기도,가평군,북면,529,749200,830900,922900,657200,732800,818200
부산북항↔의왕ICD,경기도,양평군,양평읍,436,658300,734500,820800,583600,654400,734800
부산북항↔의왕ICD,경기도,양평군,강상면,440,662200,738800,825400,586700,657800,738500
부산북항↔의왕ICD,경기도,양평군,강하면,433,653400,729400,815500,578700,649400,729600
부산북항↔의왕ICD,경기도,양평군,양서면,428,648100,723800,809400,574100,644400,724300
부산북항↔의왕ICD,경기도,양평군,옥천면,430,651900,727700,813500,578300,648700,728700
부산북항↔의왕ICD,경기도,양평군,서종면,450,670000,747400,835000,592000,663800,745400
부산북항↔의왕ICD,경기도,양평군,단월면,476,698300,777700,867400,616600,690100,773500
부산북항↔의왕ICD,경기도,양평군,청운면,478,700800,780300,870100,618800,692500,776000
부산북항↔의왕ICD,경기도,양평군,양동면,450,673600,750900,838300,597100,668800,750200
부산북항↔의왕ICD,경기도,양평군,지평면,444,667700,744500,831400,592300,663600,744600
부산북항↔의왕ICD,경기도,양평군,용문면,458,680300,758300,846400,601700,674000,756000
부산북항↔의왕ICD,경기도,양평군,개군면,423,642200,717400,802500,570800,640700,720100
부산북항↔의왕ICD,강원특별자치도,춘천시,신북읍,562,787500,871700,966300,689700,767400,855200
부산북항↔의왕ICD,강원특별자치도,춘천시,동면,550,775700,859400,953600,680300,757600,844900
부산북항↔의왕ICD,강원특별자치도,춘천시,동산면,512,734100,816100,908600,646000,721800,807700
부산북항↔의왕ICD,강원특별자치도,춘천시,신동면,533,758100,840600,933400,665400,741600,827800
부산북항↔의왕ICD,강원특별자치도,춘천시,남면,516,736200,817400,908800,646500,721600,806500
부산북항↔의왕ICD,강원특별자치도,춘천시,서면,545,769500,852200,945100,674400,750800,837000
부산북항↔의왕ICD,강원특별자치도,춘천시,사북면,570,798200,881900,975800,697800,775100,862300
부산북항↔의왕ICD,강원특별자치도,춘천시,북산면,602,830300,916100,1012300,724500,803700,892800
부산북항↔의왕ICD,강원특별자치도,춘천시,동내면,539,765000,848200,941900,671400,748300,835200
부산북항↔의왕ICD,강원특별자치도,춘천시,남산면,524,744200,825700,917400,653100,728400,813600
부산북항↔의왕ICD,강원특별자치도,춘천시,교동,540,765500,848500,941900,671600,748300,834900
부산북항↔의왕ICD,강원특별자치도,춘천시,조운동,539,764400,847300,940700,670700,747400,834000
부산북항↔의왕ICD,강원특별자치도,춘천시,약사명동,539,764400,847300,940700,670700,747400,834000
부산북항↔의왕ICD,강원특별자치도,춘천시,근화동,540,765500,848500,941900,671600,748300,834900
부산북항↔의왕ICD,강원특별자치도,춘천시,소양동,541,766500,849500,943000,672300,749000,835700
부산북항↔의왕ICD,강원특별자치도,춘천시,후평1동,544,769600,852900,946700,675100,752100,839100
부산북항↔의왕ICD,강원특별자치도,춘천시,후평2동,545,770900,854400,948300,676200,753300,840400
부산북항↔의왕ICD,강원특별자치도,춘천시,후평3동,547,772700,856200,950200,677800,755000,842200
부산북항↔의왕ICD,강원특별자치도,춘천시,효자1동,537,762600,845400,938600,669100,745700,832200
부산북항↔의왕ICD,강원특별자치도,춘천시,효자2동,537,762800,845700,939000,669300,746000,832600
부산북항↔의왕ICD,강원특별자치도,춘천시,효자3동,539,764700,847700,941100,670900,747600,834200
부산북항↔의왕ICD,강원특별자치도,춘천시,석사동,541,767000,850300,944000,673000,749900,836900
부산북항↔의왕ICD,강원특별자치도,춘천시,퇴계동,543,769000,852400,946200,674600,751600,838700
부산북항↔의왕ICD,강원특별자치도,춘천시,강남동,537,762600,845400,938600,669100,745700,832200
부산북항↔의왕ICD,강원특별자치도,춘천시,신사우동,547,772400,855600,949200,677100,754000,840900
부산북항↔의왕ICD,강원특별자치도,홍천군,홍천읍,517,744800,827400,920500,655700,732100,818500
부산북항↔의왕ICD,강원특별자치도,홍천군,화촌면,533,759800,843200,937100,667600,744700,831800
부산북항↔의왕ICD,강원특별자치도,홍천군,두촌면,559,785100,869500,964500,688300,766300,854300
부산북항↔의왕ICD,강원특별자치도,홍천군,내촌면,562,787900,872400,967500,690500,768600,856700
부산북항↔의왕ICD,강원특별자치도,홍천군,서석면,554,781500,866700,962600,686100,764700,853500
부산북항↔의왕ICD,강원특별자치도,홍천군,영귀미면,529,756400,839900,934000,665400,742600,829900
부산북항↔의왕ICD,강원특별자치도,홍천군,남면,503,725100,806600,898600,638500,713900,799300
부산북항↔의왕ICD,강원특별자치도,홍천군,서면,529,754400,836700,929300,662200,738300,824300
부산북항↔의왕ICD,강원특별자치도,홍천군,북방면,511,738400,820600,913200,650300,726200,812200
부산북항↔의왕ICD,강원특별자치도,홍천군,내면,634,867100,955900,1055300,755500,837200,929200
광양항↔의왕ICD,서울특별시,종로구,청운효자동,378,583900,655600,737000,518500,585300,661400
광양항↔의왕ICD,서울특별시,종로구,사직동,376,581500,653000,734200,516700,583300,659300
광양항↔의왕ICD,서울특별시,종로구,삼청동,378,584500,656200,737600,518600,585400,661500
광양항↔의왕ICD,서울특별시,종로구,부암동,392,602500,675300,757900,533000,600800,678000
광양항↔의왕ICD,서울특별시,종로구,평창동,400,619600,693100,776300,547500,615800,693500
광양항↔의왕ICD,서울특별시,종로구,무악동,378,583900,655600,737000,518500,585300,661400
광양항↔의왕ICD,서울특별시,종로구,교남동,377,583000,654600,736000,517600,584300,660300
광양항↔의왕ICD,서울특별시,종로구,가회동,376,582100,653600,734800,517000,583600,659600
광양항↔의왕ICD,서울특별시,종로구,종로1234가동,375,580500,651900,733100,516000,582600,658600
광양항↔의왕ICD,서울특별시,종로구,종로5.6가동,374,579500,650800,731900,515300,581800,657700
광양항↔의왕ICD,서울특별시,종로구,이화동,376,582100,653600,734800,517000,583600,659600
광양항↔의왕ICD,서울특별시,종로구,혜화동,379,586000,657800,739300,519700,586500,662700
광양항↔의왕ICD,서울특별시,종로구,창신1동,374,579500,650800,731900,515300,581800,657700
광양항↔의왕ICD,서울특별시,종로구,창신2동,375,580500,651900,733100,516000,582600,658600
광양항↔의왕ICD,서울특별시,종로구,창신3동,376,582100,653600,734800,517000,583600,659600
광양항↔의왕ICD,서울특별시,종로구,숭인1동,376,582100,653600,734800,517000,583600,659600
광양항↔의왕ICD,서울특별시,종로구,숭인2동,376,582100,653600,734800,517000,583600,659600
광양항↔의왕ICD,서울특별시,중구,소공동,374,579000,650300,731400,515000,581500,657400
광양항↔의왕ICD,서울특별시,중구,회현동,373,577500,648800,729800,514000,580400,656200
광양항↔의왕ICD,서울특별시,중구,명동,373,577500,648800,729800,514000,580400,656200
광양항↔의왕ICD,서울특별시,중구,필동,372,577100,648300,729200,513500,579900,655600
광양항↔의왕ICD,서울특별시,중구,장충동,372,577100,648300,729200,513500,579900,655600
광양항↔의왕ICD,서울특별시,중구,광희동,373,578000,649200,730200,514300,580700,656500
광양항↔의왕ICD,서울특별시,중구,을지로동,374,579500,650800,731900,515300,581800,657700
광양항↔의왕ICD,서울특별시,중구,신당동,373,578600,649800,730800,514500,580900,656700
광양항↔의왕ICD,서울특별시,중구,다산동,372,577100,648300,729200,513500,579900,655600
광양항↔의왕ICD,서울특별시,중구,약수동,372,577600,648800,729700,513800,580100,655800
광양항↔의왕ICD,서울특별시,중구,청구동,373,578600,649800,730800,514500,580900,656700
광양항↔의왕ICD,서울특별시,중구,신당5동,376,582100,653600,734800,517000,583600,659600
광양항↔의왕ICD,서울특별시,중구,동화동,373,578000,649200,730200,514300,580700,656500
광양항↔의왕ICD,서울특별시,중구,황학동,376,582100,653600,734800,517000,583600,659600
광양항↔의왕ICD,서울특별시,중구,중림동,380,585300,657100,738600,519700,586700,663000
광양항↔의왕ICD,서울특별시,용산구,후암동,374,578500,649800,730900,514600,581100,656900
광양항↔의왕ICD,서울특별시,용산구,용산2가동,369,572700,643600,724300,510500,576600,652100
광양항↔의왕ICD,서울특별시,용산구,남영동,372,576100,647300,728200,513000,579400,655100
광양항↔의왕ICD,서울특별시,용산구,청파동,378,582300,653900,735300,517600,584400,660600
광양항↔의왕ICD,서울특별시,용산구,원효로1동,377,581800,653400,734700,517200,583900,660000
광양항↔의왕ICD,서울특별시,용산구,원효로2동,375,580000,651400,732600,515700,582200,658100
광양항↔의왕ICD,서울특별시,용산구,효창동,374,578500,649800,730900,514600,581100,656900
광양항↔의왕ICD,서울특별시,용산구,용문동,377,581300,652900,734200,516900,583600,659700
광양항↔의왕ICD,서울특별시,용산구,한강로동,372,576100,647300,728200,513000,579400,655100
광양항↔의왕ICD,서울특별시,용산구,이촌1동,371,574600,645700,726500,512000,578300,654000
광양항↔의왕ICD,서울특별시,용산구,이촌2동,375,579400,650800,732000,515500,582100,658000
광양항↔의왕ICD,서울특별시,용산구,이태원1동,366,569300,640000,720400,508000,574000,649200
광양항↔의왕ICD,서울특별시,용산구,이태원2동,369,572700,643600,724300,510500,576600,652100
광양항↔의왕ICD,서울특별시,용산구,한남동,366,569800,640500,720900,508300,574300,649500
광양항↔의왕ICD,서울특별시,용산구,서빙고동,367,569700,640400,720900,508500,574500,649900
광양항↔의왕ICD,서울특별시,용산구,보광동,365,567800,638400,718800,507000,572900,648000
광양항↔의왕ICD,서울특별시,성동구,왕십리2동,374,579500,650800,731900,515300,581800,657700
광양항↔의왕ICD,서울특별시,성동구,왕십리도선동,376,582100,653600,734800,517000,583600,659600
광양항↔의왕ICD,서울특별시,성동구,마장동,378,584500,656200,737600,518600,585400,661500
광양항↔의왕ICD,서울특별시,성동구,사근동,375,581000,652400,733600,516200,582800,658700
광양항↔의왕ICD,서울특별시,성동구,행당1동,373,578600,649800,730800,514500,580900,656700
광양항↔의왕ICD,서울특별시,성동구,행당2동,374,579500,650800,731900,515300,581800,657700
광양항↔의왕ICD,서울특별시,성동구,응봉동,373,578600,649800,730800,514500,580900,656700
광양항↔의왕ICD,서울특별시,성동구,금호1가동,372,577100,648300,729200,513500,579900,655600
광양항↔의왕ICD,서울특별시,성동구,금호2.3가동,373,577500,648800,729800,514000,580400,656200
광양항↔의왕ICD,서울특별시,성동구,금호4가동,370,574600,645600,726400,511700,577900,653500
광양항↔의왕ICD,서울특별시,성동구,옥수동,368,572300,643200,723800,509900,576000,651400
광양항↔의왕ICD,서울특별시,성동구,성수1가1동,372,577100,648300,729200,513500,579900,655600
광양항↔의왕ICD,서울특별시,성동구,성수1가2동,372,577100,648300,729200,513500,579900,655600
광양항↔의왕ICD,서울특별시,성동구,성수2가1동,374,579000,650300,731400,515000,581500,657400
광양항↔의왕ICD,서울특별시,성동구,성수2가3동,374,579500,650800,731900,515300,581800,657700
광양항↔의왕ICD,서울특별시,성동구,송정동,381,588400,660300,742000,521500,588500,664900
광양항↔의왕ICD,서울특별시,성동구,용답동,380,586900,658700,740300,520500,587400,663700
광양항↔의왕ICD,서울특별시,광진구,화양동,377,583600,655200,736500,518000,584700,660800
광양항↔의왕ICD,서울특별시,광진구,군자동,383,589200,661300,743100,522400,589500,666000
광양항↔의왕ICD,서울특별시,광진구,중곡1동,382,589400,661400,743100,522200,589300,665700
광양항↔의왕ICD,서울특별시,광진구,중곡2동,388,595100,667500,749800,526600,594100,671000
광양항↔의왕ICD,서울특별시,광진구,중곡3동,389,596600,669100,751400,527600,595100,672100
광양항↔의왕ICD,서울특별시,광진구,중곡4동,393,607200,680000,762600,537100,604900,682100
광양항↔의왕ICD,서울특별시,광진구,능동,380,587500,659300,740900,520700,587600,663800
광양항↔의왕ICD,서울특별시,광진구,광장동,382,591000,663000,744700,523600,590700,667100
광양항↔의왕ICD,서울특별시,광진구,자양1동,376,581500,653000,734200,516700,583300,659300
광양항↔의왕ICD,서울특별시,광진구,자양2동,375,580500,651900,733100,516000,582600,658600
광양항↔의왕ICD,서울특별시,광진구,자양3동,374,579000,650300,731400,515000,581500,657400
광양항↔의왕ICD,서울특별시,광진구,자양4동,374,579000,650300,731400,515000,581500,657400
광양항↔의왕ICD,서울특별시,광진구,구의1동,385,594400,666600,748600,526400,593700,670300
광양항↔의왕ICD,서울특별시,광진구,구의2동,381,590000,661900,743500,522800,589800,666200
광양항↔의왕ICD,서울특별시,광진구,구의3동,378,585500,657200,738600,519300,586100,662200
광양항↔의왕ICD,서울특별시,동대문구,신설동,377,583000,654600,736000,517600,584300,660300
광양항↔의왕ICD,서울특별시,동대문구,용두동,381,588400,660300,742000,521500,588500,664900
광양항↔의왕ICD,서울특별시,동대문구,제기동,382,589400,661400,743100,522200,589300,665700
광양항↔의왕ICD,서울특별시,동대문구,전농1동,380,586900,658700,740300,520500,587400,663700
광양항↔의왕ICD,서울특별시,동대문구,전농2동,381,588400,660300,742000,521500,588500,664900
광양항↔의왕ICD,서울특별시,동대문구,답십리1동,379,586000,657800,739300,519700,586500,662700
광양항↔의왕ICD,서울특별시,동대문구,답십리2동,385,593300,665500,747500,525300,592600,669200
광양항↔의왕ICD,서울특별시,동대문구,장안1동,384,591800,663900,745800,524000,591200,667800
광양항↔의왕ICD,서울특별시,동대문구,장안2동,383,590800,662900,744700,523200,590400,666900
광양항↔의왕ICD,서울특별시,동대문구,청량리동,384,591800,663900,745800,524000,591200,667800
광양항↔의왕ICD,서울특별시,동대문구,회기동,390,598600,671200,753600,529600,597200,674200
광양항↔의왕ICD,서울특별시,동대문구,휘경1동,390,599200,671800,754200,530100,597700,674800
광양항↔의왕ICD,서울특별시,동대문구,휘경2동,393,606600,679500,762100,536300,604100,681400
광양항↔의왕ICD,서울특별시,동대문구,이문1동,391,604700,677400,759900,535000,602700,679800
광양항↔의왕ICD,서울특별시,동대문구,이문2동,398,615500,688800,771900,543800,612000,689600
광양항↔의왕ICD,서울특별시,중랑구,면목2동,390,599200,671800,754200,530100,597700,674800
광양항↔의왕ICD,서울특별시,중랑구,면목4동,386,594300,666600,748600,526000,593300,670100
광양항↔의왕ICD,서울특별시,중랑구,면목5동,388,596700,669100,751400,528000,595400,672300
광양항↔의왕ICD,서울특별시,중랑구,면목본동,389,597700,670200,752500,528800,596300,673300
광양항↔의왕ICD,서울특별시,중랑구,면목7동,387,595200,667500,749700,526700,594100,670900
광양항↔의왕ICD,서울특별시,중랑구,면목3.8동,387,595200,667500,749700,526700,594100,670900
광양항↔의왕ICD,서울특별시,중랑구,상봉1동,394,607100,680000,762800,536700,604600,681900
광양항↔의왕ICD,서울특별시,중랑구,상봉2동,395,608100,681100,764000,537500,605500,682900
광양항↔의왕ICD,서울특별시,중랑구,중화1동,394,607100,680000,762800,536700,604600,681900
광양항↔의왕ICD,서울특별시,중랑구,중화2동,394,607100,680000,762800,536700,604600,681900
광양항↔의왕ICD,서울특별시,중랑구,묵1동,395,612600,685700,768500,541600,609600,686900
광양항↔의왕ICD,서울특별시,중랑구,묵2동,398,616700,690000,773100,544900,613100,690700
광양항↔의왕ICD,서울특별시,중랑구,망우본동,404,625100,698900,782500,555900,624500,702500
광양항↔의왕ICD,서울특별시,중랑구,망우3동,394,606600,679600,762400,536200,604100,681400
광양항↔의왕ICD,서울특별시,중랑구,신내1동,401,618100,691600,774900,549700,618100,695900
광양항↔의왕ICD,서울특별시,중랑구,신내2동,395,612600,685700,768500,541600,609600,686900
광양항↔의왕ICD,서울특별시,성북구,성북동,380,586900,658700,740300,520500,587400,663700
광양항↔의왕ICD,서울특별시,성북구,삼선동,379,586000,657800,739300,519700,586500,662700
광양항↔의왕ICD,서울특별시,성북구,동선동,380,586900,658700,740300,520500,587400,663700
광양항↔의왕ICD,서울특별시,성북구,돈암1동,390,599200,671800,754200,530100,597700,674800
광양항↔의왕ICD,서울특별시,성북구,돈암2동,390,597500,670100,752500,528400,596000,673100
광양항↔의왕ICD,서울특별시,성북구,안암동,378,584500,656200,737600,518600,585400,661500
광양항↔의왕ICD,서울특별시,성북구,보문동,378,584500,656200,737600,518600,585400,661500
광양항↔의왕ICD,서울특별시,성북구,정릉1동,392,605700,678500,761000,535800,603600,680700
광양항↔의왕ICD,서울특별시,성북구,정릉2동,396,613700,686800,769700,542400,610500,687900
광양항↔의왕ICD,서울특별시,성북구,정릉3동,397,612500,685700,768700,541400,609500,687100
광양항↔의왕ICD,서울특별시,성북구,정릉4동,396,611000,684100,767000,540200,608200,685700
광양항↔의왕ICD,서울특별시,성북구,길음1동,392,605700,678500,761000,535800,603600,680700
광양항↔의왕ICD,서울특별시,성북구,길음2동,390,599200,671800,754200,530100,597700,674800
광양항↔의왕ICD,서울특별시,성북구,종암동,390,599200,671800,754200,530100,597700,674800
광양항↔의왕ICD,서울특별시,성북구,월곡1동,389,598200,670700,753000,529300,596800,673800
광양항↔의왕ICD,서울특별시,성북구,월곡2동,396,608500,681600,764500,537600,605600,683100
광양항↔의왕ICD,서울특별시,성북구,장위1동,390,599200,671800,754200,530100,597700,674800
광양항↔의왕ICD,서울특별시,성북구,장위2동,390,599200,671800,754200,530100,597700,674800
광양항↔의왕ICD,서울특별시,성북구,장위3동,399,617500,690900,774100,545600,613800,691500
광양항↔의왕ICD,서울특별시,성북구,석관동,391,604700,677400,759900,535000,602700,679800
광양항↔의왕ICD,서울특별시,강북구,삼양동,394,608100,681000,763800,537600,605500,682900
광양항↔의왕ICD,서울특별시,강북구,미아동,394,608100,681000,763800,537600,605500,682900
광양항↔의왕ICD,서울특별시,강북구,송중동,390,599200,671800,754200,530100,597700,674800
광양항↔의왕ICD,서울특별시,강북구,송천동,394,608100,681000,763800,537600,605500,682900
광양항↔의왕ICD,서울특별시,강북구,삼각산동,392,605700,678500,761000,535800,603600,680700
광양항↔의왕ICD,서울특별시,강북구,번1동,397,611900,685100,768100,541000,609100,686700
광양항↔의왕ICD,서울특별시,강북구,번2동,401,619500,693000,776300,547100,615500,693400
광양항↔의왕ICD,서울특별시,강북구,번3동,399,617000,690300,773500,545100,613400,691100
광양항↔의왕ICD,서울특별시,강북구,수유1동,396,610500,683600,766600,539700,607700,685200
광양항↔의왕ICD,서울특별시,강북구,수유2동,398,617000,690300,773400,545500,613700,691200
광양항↔의왕ICD,서울특별시,강북구,수유3동,396,610500,683600,766600,539700,607700,685200
광양항↔의왕ICD,서울특별시,강북구,우이동,400,619600,693100,776300,547500,615800,693500
광양항↔의왕ICD,서울특별시,강북구,인수동,404,623400,697100,780700,550400,619000,697100
광양항↔의왕ICD,서울특별시,도봉구,창1동,406,626300,700200,784000,553100,621900,700100
광양항↔의왕ICD,서울특별시,도봉구,창2동,407,627200,701200,785000,553800,622600,700900
광양항↔의왕ICD,서울특별시,도봉구,창3동,407,627200,701200,785000,553800,622600,700900
광양항↔의왕ICD,서울특별시,도봉구,창4동,405,624900,698700,782400,551800,620500,698600
광양항↔의왕ICD,서울특별시,도봉구,창5동,409,629700,703800,787800,559200,628100,706500
광양항↔의왕ICD,서울특별시,도봉구,도봉1동,427,648500,724100,809600,575200,645400,725200
광양항↔의왕ICD,서울특별시,도봉구,도봉2동,416,636300,711000,795600,564400,633900,712800
광양항↔의왕ICD,서울특별시,도봉구,쌍문1동,408,628900,703000,786900,558700,627600,705900
광양항↔의왕ICD,서울특별시,도봉구,쌍문2동,409,629700,703800,787800,559200,628100,706500
광양항↔의왕ICD,서울특별시,도봉구,쌍문3동,409,629700,703800,787800,559200,628100,706500
광양항↔의왕ICD,서울특별시,도봉구,쌍문4동,410,630800,705000,789100,560200,629200,707700
광양항↔의왕ICD,서울특별시,도봉구,방학1동,418,638300,713200,798000,566000,635600,714700
광양항↔의왕ICD,서울특별시,도봉구,방학2동,418,638300,713200,798000,566000,635600,714700
광양항↔의왕ICD,서울특별시,도봉구,방학3동,420,640200,715200,800200,567500,637200,716500
광양항↔의왕ICD,서울특별시,노원구,월계1동,398,616700,690000,773100,544900,613100,690700
광양항↔의왕ICD,서울특별시,노원구,월계2동,403,622400,696000,779500,549700,618200,696200
광양항↔의왕ICD,서울특별시,노원구,월계3동,397,615200,688400,771400,543700,611800,689300
광양항↔의왕ICD,서울특별시,노원구,공릉1동,396,614100,687300,770200,542900,611000,688400
광양항↔의왕ICD,서울특별시,노원구,공릉2동,403,620000,693700,777200,551400,619900,697900
광양항↔의왕ICD,서울특별시,노원구,하계1동,407,628400,702400,786200,558700,627500,705700
광양항↔의왕ICD,서울특별시,노원구,하계2동,399,618100,691500,774600,546300,614600,692200
광양항↔의왕ICD,서울특별시,노원구,중계본동,409,630400,704600,788600,560300,629200,707600
광양항↔의왕ICD,서울특별시,노원구,중계1동,409,630400,704600,788600,560300,629200,707600
광양항↔의왕ICD,서울특별시,노원구,중계4동,411,632500,706800,791000,562000,631100,709600
광양항↔의왕ICD,서울특별시,노원구,중계2.3동,401,620400,693900,777300,548200,616600,694400
광양항↔의왕ICD,서울특별시,노원구,상계1동,426,647600,723100,808500,574500,644600,724300
광양항↔의왕ICD,서울특별시,노원구,상계2동,405,625900,699700,783400,556200,624900,703000
광양항↔의왕ICD,서울특별시,노원구,상계3.4동,419,640700,715600,800500,568800,638500,717600
광양항↔의왕ICD,서울특별시,노원구,상계5동,406,626800,700700,784500,557000,625800,703900
광양항↔의왕ICD,서울특별시,노원구,상계6.7동,404,624400,698100,781700,551600,620200,698300
광양항↔의왕ICD,서울특별시,노원구,상계8동,409,629700,703800,787800,559200,628100,706500
광양항↔의왕ICD,서울특별시,노원구,상계9동,406,626800,700700,784500,557000,625800,703900
광양항↔의왕ICD,서울특별시,노원구,상계10동,406,626800,700700,784500,557000,625800,703900
광양항↔의왕ICD,서울특별시,은평구,녹번동,405,624300,698100,781800,551100,619800,697900
광양항↔의왕ICD,서울특별시,은평구,불광1동,404,623400,697100,780700,550400,619000,697100
광양항↔의왕ICD,서울특별시,은평구,불광2동,409,628600,702800,786800,554600,623600,702100
광양항↔의왕ICD,서울특별시,은평구,갈현1동,406,625800,699700,783500,552500,621200,699400
광양항↔의왕ICD,서울특별시,은평구,갈현2동,404,623400,697100,780700,550400,619000,697100
광양항↔의왕ICD,서울특별시,은평구,구산동,404,623400,697100,780700,550400,619000,697100
광양항↔의왕ICD,서울특별시,은평구,대조동,403,621900,695600,779100,549200,617700,695700
광양항↔의왕ICD,서울특별시,은평구,응암1동,404,622800,696500,780100,549900,618500,696600
광양항↔의왕ICD,서울특별시,은평구,응암2동,400,618500,691900,775200,546300,614600,692400
광양항↔의왕ICD,서울특별시,은평구,응암3동,399,617000,690300,773500,545100,613400,691100
광양항↔의왕ICD,서울특별시,은평구,역촌동,401,619500,693000,776300,547100,615500,693400
광양항↔의왕ICD,서울특별시,은평구,신사1동,399,617000,690300,773500,545100,613400,691100
광양항↔의왕ICD,서울특별시,은평구,신사2동,398,616000,689300,772400,544400,612600,690200
광양항↔의왕ICD,서울특별시,은평구,증산동,396,613700,686800,769700,542400,610500,687900
광양항↔의왕ICD,서울특별시,은평구,수색동,398,616000,689300,772400,544400,612600,690200
광양항↔의왕ICD,서울특별시,은평구,진관동,409,629000,703200,787200,555400,624400,702800
광양항↔의왕ICD,서울특별시,서대문구,천연동,378,583900,655600,737000,518500,585300,661400
광양항↔의왕ICD,서울특별시,서대문구,북아현동,383,589800,661900,743700,522700,589900,666400
광양항↔의왕ICD,서울특별시,서대문구,충현동,378,583900,655600,737000,518500,585300,661400
광양항↔의왕ICD,서울특별시,서대문구,신촌동,384,590700,662800,744800,523400,590600,667200
광양항↔의왕ICD,서울특별시,서대문구,연희동,399,617000,690300,773500,545100,613400,691100
광양항↔의왕ICD,서울특별시,서대문구,홍제1동,401,619500,693000,776300,547100,615500,693400
광양항↔의왕ICD,서울특별시,서대문구,홍제3동,402,620900,694500,777900,548500,617000,694900
광양항↔의왕ICD,서울특별시,서대문구,홍제2동,392,607200,680000,762500,537300,605100,682300
광양항↔의왕ICD,서울특별시,서대문구,홍은1동,403,621900,695600,779100,549200,617700,695700
광양항↔의왕ICD,서울특별시,서대문구,홍은2동,400,618000,691400,774600,545900,614200,692000
광양항↔의왕ICD,서울특별시,서대문구,남가좌1동,397,614500,687700,770700,543100,611200,688700
광양항↔의왕ICD,서울특별시,서대문구,남가좌2동,398,616000,689300,772400,544400,612600,690200
광양항↔의왕ICD,서울특별시,서대문구,북가좌1동,396,613700,686800,769700,542400,610500,687900
광양항↔의왕ICD,서울특별시,서대문구,북가좌2동,396,613700,686800,769700,542400,610500,687900
광양항↔의왕ICD,서울특별시,마포구,아현동,378,582800,654500,735900,518000,584800,660900
광양항↔의왕ICD,서울특별시,마포구,공덕동,382,588300,660300,742000,521600,588700,665200
광양항↔의왕ICD,서울특별시,마포구,도화동,380,585300,657100,738600,519700,586700,663000
광양항↔의왕ICD,서울특별시,마포구,용강동,381,586800,658700,740400,520600,587600,664000
광양항↔의왕ICD,서울특별시,마포구,대흥동,383,589200,661300,743100,522400,589500,666000
광양항↔의왕ICD,서울특별시,마포구,염리동,379,584300,656000,737500,519000,585900,662100
광양항↔의왕ICD,서울특별시,마포구,신수동,382,588300,660300,742000,521600,588700,665200
광양항↔의왕ICD,서울특별시,마포구,서강동,380,585900,657700,739300,519900,586800,663100
광양항↔의왕ICD,서울특별시,마포구,서교동,391,599600,672300,754800,530100,597800,674900
광양항↔의왕ICD,서울특별시,마포구,합정동,391,599600,672300,754800,530100,597800,674900
광양항↔의왕ICD,서울특별시,마포구,망원1동,391,599600,672300,754800,530100,597800,674900
광양항↔의왕ICD,서울특별시,마포구,망원2동,391,599000,671700,754200,529700,597400,674500
광양항↔의왕ICD,서울특별시,마포구,연남동,391,599000,671700,754200,529700,597400,674500
광양항↔의왕ICD,서울특별시,마포구,성산1동,391,599000,671700,754200,529700,597400,674500
광양항↔의왕ICD,서울특별시,마포구,성산2동,393,605600,678500,761200,535400,603200,680400
광양항↔의왕ICD,서울특별시,마포구,상암동,394,607100,680000,762800,536700,604600,681900
광양항↔의왕ICD,서울특별시,양천구,목1동,391,601000,673700,756300,532000,599700,676800
광양항↔의왕ICD,서울특별시,양천구,목2동,391,599000,671700,754200,529700,597400,674500
광양항↔의왕ICD,서울특별시,양천구,목3동,384,590700,662800,744800,523400,590600,667200
광양항↔의왕ICD,서울특별시,양천구,목4동,383,589200,661300,743100,522400,589500,666000
광양항↔의왕ICD,서울특별시,양천구,목5동,383,589800,661900,743700,522700,589900,666400
광양항↔의왕ICD,서울특별시,양천구,신월1동,385,592200,664400,746400,524400,591700,668400
광양항↔의왕ICD,서울특별시,양천구,신월2동,384,590700,662800,744800,523400,590600,667200
광양항↔의왕ICD,서울특별시,양천구,신월3동,383,588700,660700,742600,522200,589300,665800
광양항↔의왕ICD,서울특별시,양천구,신월4동,383,589800,661900,743700,522700,589900,666400
광양항↔의왕ICD,서울특별시,양천구,신월5동,387,594700,667000,749200,526200,593600,670500
광양항↔의왕ICD,서울특별시,양천구,신월6동,380,585300,657100,738600,519700,586700,663000
광양항↔의왕ICD,서울특별시,양천구,신월7동,380,585300,657100,738600,519700,586700,663000
광양항↔의왕ICD,서울특별시,양천구,신정1동,388,597000,669400,751700,529300,596800,673700
광양항↔의왕ICD,서울특별시,양천구,신정2동,385,593100,665300,747400,526600,593900,670500
광양항↔의왕ICD,서울특별시,양천구,신정3동,378,583300,655000,736400,518200,585000,661200
광양항↔의왕ICD,서울특별시,양천구,신정4동,381,586800,658700,740400,520600,587600,664000
광양항↔의왕ICD,서울특별시,양천구,신정6동,379,584300,656000,737500,519000,585900,662100
광양항↔의왕ICD,서울특별시,양천구,신정7동,377,581800,653400,734700,517200,583900,660000
광양항↔의왕ICD,서울특별시,강서구,염창동,389,597100,669600,752000,528300,595800,672800
광양항↔의왕ICD,서울특별시,강서구,등촌1동,399,611300,684700,767900,539800,608100,685800
광양항↔의왕ICD,서울특별시,강서구,등촌2동,382,587200,659200,740900,521200,588300,664800
광양항↔의왕ICD,서울특별시,강서구,등촌3동,395,608100,681100,764000,537500,605500,682900
광양항↔의왕ICD,서울특별시,강서구,화곡1동,385,591700,663900,745900,524200,591500,668200
광양항↔의왕ICD,서울특별시,강서구,화곡2동,381,586200,658100,739700,520400,587400,663800
광양항↔의왕ICD,서울특별시,강서구,화곡3동,387,594200,666500,748700,526000,593400,670200
광양항↔의왕ICD,서울특별시,강서구,화곡4동,383,589200,661300,743100,522400,589500,666000
광양항↔의왕ICD,서울특별시,강서구,화곡본동,388,595600,668000,750300,527000,594500,671400
광양항↔의왕ICD,서울특별시,강서구,화곡6동,395,608100,681100,764000,537500,605500,682900
광양항↔의왕ICD,서울특별시,강서구,화곡8동,393,603500,676300,759000,533800,601700,679000
광양항↔의왕ICD,서울특별시,강서구,가양1동,397,614500,687700,770700,543100,611200,688700
광양항↔의왕ICD,서울특별시,강서구,가양2동,394,607100,680000,762800,536700,604600,681900
광양항↔의왕ICD,서울특별시,강서구,가양3동,395,608100,681100,764000,537500,605500,682900
광양항↔의왕ICD,서울특별시,강서구,발산1동,390,598100,670700,753100,528900,596500,673500
광양항↔의왕ICD,서울특별시,강서구,우장산동,393,604500,677300,760000,534300,602100,679400
광양항↔의왕ICD,서울특별시,강서구,공항동,392,600500,673300,755900,530900,598700,675900
광양항↔의왕ICD,서울특별시,강서구,방화1동,397,615600,688900,771900,544100,612200,689700
광양항↔의왕ICD,서울특별시,강서구,방화2동,400,620100,693600,776800,548000,616300,694100
광양항↔의왕ICD,서울특별시,강서구,방화3동,404,623400,697100,780700,550400,619000,697100
광양항↔의왕ICD,서울특별시,구로구,신도림동,377,581800,653400,734700,517200,583900,660000
광양항↔의왕ICD,서울특별시,구로구,구로1동,374,579000,650300,731400,515000,581500,657400
광양항↔의왕ICD,서울특별시,구로구,구로2동,373,577000,648300,729300,513600,580000,655800
광양항↔의왕ICD,서울특별시,구로구,구로3동,373,577000,648300,729300,513600,580000,655800
광양항↔의왕ICD,서울특별시,구로구,구로4동,373,576400,647700,728700,513500,579900,655700
광양항↔의왕ICD,서울특별시,구로구,구로5동,377,581800,653400,734700,517200,583900,660000
광양항↔의왕ICD,서울특별시,구로구,가리봉동,380,583100,654900,736600,518600,585500,661800
광양항↔의왕ICD,서울특별시,구로구,고척1동,376,580300,651800,733100,516200,582800,658800
광양항↔의왕ICD,서울특별시,구로구,고척2동,386,594600,666900,749100,527600,595000,671700
광양항↔의왕ICD,서울특별시,구로구,개봉1동,376,580300,651800,733100,516200,582800,658800
광양항↔의왕ICD,서울특별시,구로구,개봉2동,376,580900,652400,733600,516500,583200,659200
광양항↔의왕ICD,서울특별시,구로구,개봉3동,375,580000,651400,732600,515700,582200,658100
광양항↔의왕ICD,서울특별시,구로구,오류1동,375,578900,650300,731500,515200,581800,657700
광양항↔의왕ICD,서울특별시,구로구,오류2동,386,594600,666900,749100,527600,595000,671700
광양항↔의왕ICD,서울특별시,구로구,수궁동,377,582400,654000,735300,517500,584200,660300
광양항↔의왕ICD,서울특별시,구로구,항동,382,585500,657500,739300,520300,587400,663900
광양항↔의왕ICD,서울특별시,금천구,가산동,379,582200,653900,735400,518000,584900,661100
광양항↔의왕ICD,서울특별시,금천구,독산1동,365,566800,637400,717700,506500,572400,647600
광양항↔의왕ICD,서울특별시,금천구,독산2동,365,567200,637800,718200,506800,572700,647800
광양항↔의왕ICD,서울특별시,금천구,독산3동,367,569100,639900,720400,508300,574300,649700
광양항↔의왕ICD,서울특별시,금천구,독산4동,365,567200,637800,718200,506800,572700,647800
광양항↔의왕ICD,서울특별시,금천구,시흥1동,362,563800,634200,714300,504000,569700,644600
광양항↔의왕ICD,서울특별시,금천구,시흥2동,357,555700,625700,705400,495800,561100,635700
광양항↔의왕ICD,서울특별시,금천구,시흥3동,353,550700,620400,699700,490800,555800,630100
광양항↔의왕ICD,서울특별시,금천구,시흥4동,362,563800,634200,714300,504000,569700,644600
광양항↔의왕ICD,서울특별시,금천구,시흥5동,362,563800,634200,714300,504000,569700,644600
광양항↔의왕ICD,서울특별시,영등포구,영등포본동,380,586900,658700,740300,520500,587400,663700
광양항↔의왕ICD,서울특별시,영등포구,영등포동,386,592700,664900,747000,525000,592300,669100
광양항↔의왕ICD,서울특별시,영등포구,여의동,373,576400,647700,728700,513500,579900,655700
광양항↔의왕ICD,서울특별시,영등포구,당산1동,382,588300,660300,742000,521600,588700,665200
광양항↔의왕ICD,서울특별시,영등포구,당산2동,385,591700,663900,745900,524200,591500,668200
광양항↔의왕ICD,서울특별시,영등포구,도림동,388,597000,669400,751700,529300,596800,673700
광양항↔의왕ICD,서울특별시,영등포구,문래동,392,602000,674800,757400,532800,600600,677800
광양항↔의왕ICD,서울특별시,영등포구,양평1동,381,586800,658700,740400,520600,587600,664000
광양항↔의왕ICD,서울특별시,영등포구,양평2동,385,591700,663900,745900,524200,591500,668200
광양항↔의왕ICD,서울특별시,영등포구,신길1동,375,578900,650300,731500,515200,581800,657700
광양항↔의왕ICD,서울특별시,영등포구,신길3동,377,580200,651800,733200,516400,583100,659200
광양항↔의왕ICD,서울특별시,영등포구,신길4동,375,579400,650800,732000,515500,582100,658000
광양항↔의왕ICD,서울특별시,영등포구,신길5동,375,578400,649800,731000,515000,581600,657500
광양항↔의왕ICD,서울특별시,영등포구,신길6동,372,575500,646700,727700,512700,579000,654700
광양항↔의왕ICD,서울특별시,영등포구,신길7동,374,577900,649300,730400,514500,581000,656800
광양항↔의왕ICD,서울특별시,영등포구,대림1동,374,578500,649800,730900,514600,581100,656900
광양항↔의왕ICD,서울특별시,영등포구,대림2동,374,578500,649800,730900,514600,581100,656900
광양항↔의왕ICD,서울특별시,영등포구,대림3동,375,580000,651400,732600,515700,582200,658100
광양항↔의왕ICD,서울특별시,동작구,노량진1동,370,572500,643500,724300,510700,576900,652400
광양항↔의왕ICD,서울특별시,동작구,노량진2동,373,576400,647700,728700,513500,579900,655700
광양항↔의왕ICD,서울특별시,동작구,상도1동,371,572500,643600,724400,511000,577300,652900
광양항↔의왕ICD,서울특별시,동작구,상도2동,369,571100,642000,722700,509700,575800,651300
광양항↔의왕ICD,서울특별시,동작구,상도3동,376,579300,650800,732100,515700,582400,658400
광양항↔의왕ICD,서울특별시,동작구,상도4동,373,574900,646100,727100,512700,579200,655000
광양항↔의왕ICD,서울특별시,동작구,흑석동,368,570100,641000,721600,509000,575100,650600
광양항↔의왕ICD,서울특별시,동작구,사당1동,358,558700,628800,708500,499700,565100,639800
광양항↔의왕ICD,서울특별시,동작구,사당2동,361,561500,631800,711800,502000,567600,642500
광양항↔의왕ICD,서울특별시,동작구,사당3동,363,564500,635000,715100,504400,570200,645200
광양항↔의왕ICD,서울특별시,동작구,사당4동,362,562500,632900,713000,502700,568400,643400
광양항↔의왕ICD,서울특별시,동작구,사당5동,363,564500,635000,715100,504400,570200,645200
광양항↔의왕ICD,서울특별시,동작구,대방동,375,578900,650300,731500,515200,581800,657700
광양항↔의왕ICD,서울특별시,동작구,신대방1동,373,577500,648800,729800,514000,580400,656200
광양항↔의왕ICD,서울특별시,동작구,신대방2동,376,579300,650800,732100,515700,582400,658400
광양항↔의왕ICD,서울특별시,관악구,보라매동,371,572500,643600,724400,511000,577300,652900
광양항↔의왕ICD,서울특별시,관악구,청림동,373,575900,647100,728100,513300,579700,655500
광양항↔의왕ICD,서울특별시,관악구,성현동,373,575900,647100,728100,513300,579700,655500
광양항↔의왕ICD,서울특별시,관악구,행운동,365,566400,637000,717400,505900,571800,647100
광양항↔의왕ICD,서울특별시,관악구,낙성대동,360,561600,631800,711700,502200,567800,642600
광양항↔의왕ICD,서울특별시,관악구,청룡동,370,572000,643000,723800,510500,576700,652300
광양항↔의왕ICD,서울특별시,관악구,은천동,371,572500,643600,724400,511000,577300,652900
광양항↔의왕ICD,서울특별시,관악구,중앙동,365,566500,637100,717500,506300,572200,647400
광양항↔의왕ICD,서울특별시,관악구,인헌동,359,559600,629800,709600,500500,566000,640700
광양항↔의왕ICD,서울특별시,관악구,남현동,359,558800,629000,708800,499300,564800,639500
광양항↔의왕ICD,서울특별시,관악구,서원동,370,572000,643000,723800,510500,576700,652300
광양항↔의왕ICD,서울특별시,관악구,신원동,371,573400,644500,725400,511500,577800,653500
광양항↔의왕ICD,서울특별시,관악구,서림동,368,569600,640500,721100,508700,574800,650100
광양항↔의왕ICD,서울특별시,관악구,신사동,368,570100,641000,721600,509000,575100,650600
광양항↔의왕ICD,서울특별시,관악구,신림동,372,574400,645600,726500,512200,578600,654300
광양항↔의왕ICD,서울특별시,관악구,난향동,369,567100,638000,718700,504800,571000,646500
광양항↔의왕ICD,서울특별시,관악구,조원동,368,570500,641400,722000,509300,575400,650800
광양항↔의왕ICD,서울특별시,관악구,대학동,367,568700,639500,720000,508000,574000,649400
광양항↔의왕ICD,서울특별시,관악구,삼성동,368,569600,640500,721100,508700,574800,650100
광양항↔의왕ICD,서울특별시,관악구,미성동,374,576900,648200,729300,514000,580500,656400
광양항↔의왕ICD,서울특별시,관악구,난곡동,365,565400,636000,716400,504900,570800,645900
광양항↔의왕ICD,서울특별시,서초구,서초1동,355,556800,626600,706100,498300,563500,638000
광양항↔의왕ICD,서울특별시,서초구,서초2동,356,558000,627900,707400,499400,564700,639200
광양항↔의왕ICD,서울특별시,서초구,서초3동,354,554800,624500,703900,496600,561700,636100
광양항↔의왕ICD,서울특별시,서초구,서초4동,359,561500,631600,711400,502200,567700,642400
광양항↔의왕ICD,서울특별시,서초구,잠원동,362,564400,634800,714800,504500,570200,645100
광양항↔의왕ICD,서울특별시,서초구,반포본동,359,560700,630800,710600,501400,566900,641600
광양항↔의왕ICD,서울특별시,서초구,반포1동,358,560000,630100,709800,501200,566600,641300
광양항↔의왕ICD,서울특별시,서초구,반포2동,360,562000,632200,712100,502800,568300,643100
광양항↔의왕ICD,서울특별시,서초구,반포3동,361,563400,633700,713700,503800,569400,644300
광양항↔의왕ICD,서울특별시,서초구,반포4동,359,560900,631000,710800,501800,567300,642000
광양항↔의왕ICD,서울특별시,서초구,방배본동,359,560700,630800,710600,501400,566900,641600
광양항↔의왕ICD,서울특별시,서초구,방배1동,358,559700,629800,709500,500700,566100,640800
광양항↔의왕ICD,서울특별시,서초구,방배2동,359,558800,629000,708800,499300,564800,639500
광양항↔의왕ICD,서울특별시,서초구,방배3동,356,557800,627700,707200,499100,564400,638900
광양항↔의왕ICD,서울특별시,서초구,방배4동,359,560900,631000,710800,501800,567300,642000
광양항↔의왕ICD,서울특별시,서초구,양재1동,352,552900,622500,701700,495200,560200,634400
광양항↔의왕ICD,서울특별시,서초구,양재2동,352,552900,622500,701700,495200,560200,634400
광양항↔의왕ICD,서울특별시,서초구,내곡동,353,555100,624800,704100,497300,562300,636500
광양항↔의왕ICD,서울특별시,강남구,신사동,364,567300,637900,718100,506600,572400,647500
광양항↔의왕ICD,서울특별시,강남구,논현1동,361,563400,633700,713700,503800,569400,644300
광양항↔의왕ICD,서울특별시,강남구,논현2동,363,566400,636800,716900,505800,571600,646600
광양항↔의왕ICD,서울특별시,강남구,압구정동,368,572300,643200,723800,509900,576000,651400
광양항↔의왕ICD,서울특별시,강남구,청담동,372,577100,648300,729200,513500,579900,655600
광양항↔의왕ICD,서울특별시,강남구,삼성1동,366,569300,640000,720400,508000,574000,649200
광양항↔의왕ICD,서울특별시,강남구,삼성2동,363,566400,636800,716900,505800,571600,646600
광양항↔의왕ICD,서울특별시,강남구,대치1동,359,561500,631600,711400,502200,567700,642400
광양항↔의왕ICD,서울특별시,강남구,대치2동,361,563900,634200,714200,504000,569600,644500
광양항↔의왕ICD,서울특별시,강남구,대치4동,361,563900,634200,714200,504000,569600,644500
광양항↔의왕ICD,서울특별시,강남구,역삼1동,357,559100,629100,708700,500400,565700,640300
광양항↔의왕ICD,서울특별시,강남구,역삼2동,358,560500,630600,710300,501400,566800,641500
광양항↔의왕ICD,서울특별시,강남구,도곡1동,357,559100,629100,708700,500400,565700,640300
광양항↔의왕ICD,서울특별시,강남구,도곡2동,355,557000,626800,706300,498700,563900,638300
광양항↔의왕ICD,서울특별시,강남구,개포1동,355,557000,626800,706300,498700,563900,638300
광양항↔의왕ICD,서울특별시,강남구,개포2동,358,560500,630600,710300,501400,566800,641500
광양항↔의왕ICD,서울특별시,강남구,개포3동,359,561500,631600,711400,502200,567700,642400
광양항↔의왕ICD,서울특별시,강남구,개포4동,354,556000,625800,705200,498000,563100,637400
광양항↔의왕ICD,서울특별시,강남구,세곡동,357,561200,631200,710800,501500,566800,641300
광양항↔의왕ICD,서울특별시,강남구,일원본동,359,561500,631600,711400,502200,567700,642400
광양항↔의왕ICD,서울특별시,강남구,일원1동,359,561500,631600,711400,502200,567700,642400
광양항↔의왕ICD,서울특별시,강남구,수서동,358,561500,631600,711300,502000,567400,642100
광양항↔의왕ICD,서울특별시,송파구,풍납1동,379,587000,658700,740200,520300,587200,663400
광양항↔의왕ICD,서울특별시,송파구,풍납2동,375,582800,654200,735400,517000,583500,659400
광양항↔의왕ICD,서울특별시,송파구,거여1동,367,572900,643700,724100,510000,576100,651400
광양항↔의왕ICD,서울특별시,송파구,거여2동,366,571400,642100,722400,509000,575000,650200
광양항↔의왕ICD,서울특별시,송파구,마천1동,373,580300,651500,732500,515300,581700,657500
광양항↔의왕ICD,서울특별시,송파구,마천2동,373,580300,651500,732500,515300,581700,657500
광양항↔의왕ICD,서울특별시,송파구,방이1동,369,573800,644700,725400,510900,577100,652500
광양항↔의왕ICD,서울특별시,송파구,방이2동,370,574600,645600,726400,511700,577900,653500
광양항↔의왕ICD,서울특별시,송파구,오륜동,373,580300,651500,732500,515300,581700,657500
광양항↔의왕ICD,서울특별시,송파구,오금동,364,568400,639000,719200,507000,572800,647900
광양항↔의왕ICD,서울특별시,송파구,송파1동,364,568400,639000,719200,507000,572800,647900
광양항↔의왕ICD,서울특별시,송파구,송파2동,363,566900,637400,717500,506000,571800,646800
광양항↔의왕ICD,서울특별시,송파구,석촌동,365,569400,640000,720300,507700,573600,648800
광양항↔의왕ICD,서울특별시,송파구,삼전동,364,567300,637900,718100,506600,572400,647500
광양항↔의왕ICD,서울특별시,송파구,가락본동,363,567400,637900,718000,506200,571900,646900
광양항↔의왕ICD,서울특별시,송파구,가락1동,362,565900,636300,716400,505200,570900,645800
광양항↔의왕ICD,서울특별시,송파구,가락2동,363,567400,637900,718000,506200,571900,646900
광양항↔의왕ICD,서울특별시,송파구,문정1동,362,566500,636900,716900,505400,571100,646000
광양항↔의왕ICD,서울특별시,송파구,문정2동,361,564400,634700,714700,504300,569900,644800
광양항↔의왕ICD,서울특별시,송파구,장지동,363,567900,638400,718500,506400,572100,647100
광양항↔의왕ICD,서울특별시,송파구,위례동,363,567900,638400,718500,506400,572100,647100
광양항↔의왕ICD,서울특별시,송파구,잠실본동,362,565900,636300,716400,505200,570900,645800
광양항↔의왕ICD,서울특별시,송파구,잠실2동,365,568800,639500,719800,507500,573400,648500
광양항↔의왕ICD,서울특별시,송파구,잠실3동,365,568800,639500,719800,507500,573400,648500
광양항↔의왕ICD,서울특별시,송파구,잠실4동,377,585100,656700,738000,518800,585500,661500
광양항↔의왕ICD,서울특별시,송파구,잠실6동,372,576500,647700,728600,513200,579600,655300
광양항↔의왕ICD,서울특별시,송파구,잠실7동,367,570200,640900,721400,508800,574900,650200
광양항↔의왕ICD,서울특별시,강동구,강일동,387,601400,673800,755900,532600,600000,676800
광양항↔의왕ICD,서울특별시,강동구,상일1동,385,599000,671200,753200,530400,597700,674300
광양항↔의왕ICD,서울특별시,강동구,상일2동,383,592500,664600,746400,524900,592100,668600
광양항↔의왕ICD,서울특별시,강동구,명일1동,379,587600,659300,740800,520800,587600,663800
광양항↔의왕ICD,서울특별시,강동구,명일2동,377,585100,656700,738000,518800,585500,661500
광양항↔의왕ICD,서울특별시,강동구,고덕1동,379,587600,659300,740800,520800,587600,663800
광양항↔의왕ICD,서울특별시,강동구,고덕2동,386,599900,672200,754300,531300,598600,675300
광양항↔의왕ICD,서울특별시,강동구,암사1동,377,584000,655600,736900,518300,585000,661100
광양항↔의왕ICD,서울특별시,강동구,암사2동,378,585100,656700,738100,519000,585800,662000
광양항↔의왕ICD,서울특별시,강동구,암사3동,390,604900,677500,759900,535300,602900,679900
광양항↔의왕ICD,서울특별시,강동구,천호1동,377,585100,656700,738000,518800,585500,661500
광양항↔의왕ICD,서울특별시,강동구,천호2동,378,586100,657700,739100,519500,586300,662400
광양항↔의왕ICD,서울특별시,강동구,천호3동,375,582800,654200,735400,517000,583500,659400
광양항↔의왕ICD,서울특별시,강동구,성내1동,375,582800,654200,735400,517000,583500,659400
광양항↔의왕ICD,서울특별시,강동구,성내2동,375,582800,654200,735400,517000,583500,659400
광양항↔의왕ICD,서울특별시,강동구,성내3동,373,580300,651500,732500,515300,581700,657500
광양항↔의왕ICD,서울특별시,강동구,길동,376,583700,655200,736400,517800,584400,660400
광양항↔의왕ICD,서울특별시,강동구,둔촌1동,373,580300,651500,732500,515300,581700,657500
광양항↔의왕ICD,서울특별시,강동구,둔촌2동,375,582800,654200,735400,517000,583500,659400
광양항↔의왕ICD,인천광역시,중구,연안동,406,623100,697000,780800,549800,618600,696800
광양항↔의왕ICD,인천광역시,중구,신포동,407,624600,698600,782400,551100,619900,698200
광양항↔의왕ICD,인천광역시,중구,신흥동,406,623100,697000,780800,549800,618600,696800
광양항↔의왕ICD,인천광역시,중구,도원동,406,623100,697000,780800,549800,618600,696800
광양항↔의왕ICD,인천광역시,중구,율목동,404,621200,694900,778500,548200,616800,694900
광양항↔의왕ICD,인천광역시,중구,동인천동,408,625500,699600,783500,551800,620700,699100
광양항↔의왕ICD,인천광역시,중구,개항동,409,627000,701200,785200,553000,622000,700400
광양항↔의왕ICD,인천광역시,중구,영종동,430,650600,726400,812200,576400,646800,726800
광양항↔의왕ICD,인천광역시,중구,영종1동,434,654500,730600,816800,579600,650300,730700
광양항↔의왕ICD,인천광역시,중구,영종2동,438,658700,735200,821700,583000,653900,734500
광양항↔의왕ICD,인천광역시,중구,운서동,432,652200,728200,814200,577500,648100,728200
광양항↔의왕ICD,인천광역시,중구,용유동,450,670500,747900,835400,592600,664400,745900
광양항↔의왕ICD,인천광역시,동구,만석동,409,627500,701700,785700,553700,622700,701100
광양항↔의왕ICD,인천광역시,동구,화수1.화평동,409,627000,701200,785200,553000,622000,700400
광양항↔의왕ICD,인천광역시,동구,화수2동,413,631200,705700,790100,556500,625700,704500
광양항↔의왕ICD,인천광역시,동구,송현1.2동,407,624600,698600,782400,551100,619900,698200
광양항↔의왕ICD,인천광역시,동구,송현3동,410,627900,702200,786300,553700,622700,701300
광양항↔의왕ICD,인천광역시,동구,송림1동,409,627000,701200,785200,553000,622000,700400
광양항↔의왕ICD,인천광역시,동구,송림2동,408,625500,699600,783500,551800,620700,699100
광양항↔의왕ICD,인천광역시,동구,송림3.5동,408,625500,699600,783500,551800,620700,699100
광양항↔의왕ICD,인천광역시,동구,송림4동,410,627900,702200,786300,553700,622700,701300
광양항↔의왕ICD,인천광역시,동구,송림6동,406,624200,698100,781900,550700,619500,697700
광양항↔의왕ICD,인천광역시,동구,금창동,407,624600,698600,782400,551100,619900,698200
광양항↔의왕ICD,인천광역시,미추홀구,숭의2동,406,623100,697000,780800,549800,618600,696800
광양항↔의왕ICD,인천광역시,미추홀구,숭의1.3동,404,621200,694900,778500,548200,616800,694900
광양항↔의왕ICD,인천광역시,미추홀구,숭의4동,405,616900,690700,774500,544300,612900,691100
광양항↔의왕ICD,인천광역시,미추홀구,용현1.4동,408,625500,699600,783500,551800,620700,699100
광양항↔의왕ICD,인천광역시,미추홀구,용현2동,402,619300,692900,776300,546800,615300,693200
광양항↔의왕ICD,인천광역시,미추홀구,용현3동,400,611600,685100,768400,540100,608400,686200
광양항↔의왕ICD,인천광역시,미추홀구,용현5동,400,612800,686200,769500,541200,609500,687300
광양항↔의왕ICD,인천광역시,미추홀구,학익1동,396,606900,680000,762900,536300,604300,681800
광양항↔의왕ICD,인천광역시,미추홀구,학익2동,396,606900,680000,762900,536300,604300,681800
광양항↔의왕ICD,인천광역시,미추홀구,도화1동,398,609300,682500,765600,538000,606200,683900
광양항↔의왕ICD,인천광역시,미추홀구,도화2.3동,401,613100,686600,770000,541400,609800,687600
광양항↔의왕ICD,인천광역시,미추홀구,주안1동,396,607400,680500,763500,536600,604600,682100
광양항↔의왕ICD,인천광역시,미추홀구,주안2동,394,605500,678400,761200,535000,602900,680300
광양항↔의왕ICD,인천광역시,미추홀구,주안3동,397,608300,681500,764500,537300,605400,683000
광양항↔의왕ICD,인천광역시,미추홀구,주안4동,395,606000,679000,761900,535600,603600,681000
광양항↔의왕ICD,인천광역시,미추홀구,주안5동,397,608300,681500,764500,537300,605400,683000
광양항↔의왕ICD,인천광역시,미추홀구,주안6동,396,607400,680500,763500,536600,604600,682100
광양항↔의왕ICD,인천광역시,미추홀구,주안7동,395,606000,679000,761900,535600,603600,681000
광양항↔의왕ICD,인천광역시,미추홀구,주안8동,393,603500,676300,759000,533800,601700,679000
광양항↔의왕ICD,인천광역시,미추홀구,관교동,392,602000,674800,757400,532800,600600,677800
광양항↔의왕ICD,인천광역시,미추홀구,문학동,390,600700,673300,755800,531600,599200,676300
광양항↔의왕ICD,인천광역시,연수구,옥련1동,398,609300,682500,765600,538000,606200,683900
광양항↔의왕ICD,인천광역시,연수구,옥련2동,399,610800,684100,767300,539300,607600,685300
광양항↔의왕ICD,인천광역시,연수구,선학동,394,604500,677400,760200,534600,602500,679800
광양항↔의왕ICD,인천광역시,연수구,연수1동,394,604500,677400,760200,534600,602500,679800
광양항↔의왕ICD,인천광역시,연수구,연수2동,391,601000,673700,756300,532000,599700,676800
광양항↔의왕ICD,인천광역시,연수구,연수3동,392,602000,674800,757400,532800,600600,677800
광양항↔의왕ICD,인천광역시,연수구,청학동,395,606000,679000,761900,535600,603600,681000
광양항↔의왕ICD,인천광역시,연수구,동춘1동,391,601000,673700,756300,532000,599700,676800
광양항↔의왕ICD,인천광역시,연수구,동춘2동,388,597000,669400,751700,529300,596800,673700
광양항↔의왕ICD,인천광역시,연수구,동춘3동,390,599500,672100,754600,531000,598600,675700
광양항↔의왕ICD,인천광역시,연수구,송도1동,389,598500,671100,753500,530300,597800,674800
광양항↔의왕ICD,인천광역시,연수구,송도2동,392,602000,674800,757400,532800,600600,677800
광양항↔의왕ICD,인천광역시,연수구,송도3동,389,598500,671100,753500,530300,597800,674800
광양항↔의왕ICD,인천광역시,연수구,송도4동,393,604000,676900,759600,534000,601900,679200
광양항↔의왕ICD,인천광역시,연수구,송도5동,396,606900,680000,762900,536300,604300,681800
광양항↔의왕ICD,인천광역시,남동구,구월1동,390,599500,672100,754600,531000,598600,675700
광양항↔의왕ICD,인천광역시,남동구,구월2동,393,603500,676300,759000,533800,601700,679000
광양항↔의왕ICD,인천광역시,남동구,구월3동,392,602000,674800,757400,532800,600600,677800
광양항↔의왕ICD,인천광역시,남동구,구월4동,384,589100,661200,743100,522600,589800,666400
광양항↔의왕ICD,인천광역시,남동구,간석1동,390,600700,673300,755800,531600,599200,676300
광양항↔의왕ICD,인천광역시,남동구,간석2동,394,605000,677900,760700,534800,602700,680100
광양항↔의왕ICD,인천광역시,남동구,간석3동,391,601000,673700,756300,532000,599700,676800
광양항↔의왕ICD,인천광역시,남동구,간석4동,395,606000,679000,761900,535600,603600,681000
광양항↔의왕ICD,인천광역시,남동구,만수1동,385,593600,665900,747900,526800,594100,670800
광양항↔의왕ICD,인천광역시,남동구,만수2동,389,598500,671100,753500,530300,597800,674800
광양항↔의왕ICD,인천광역시,남동구,만수3동,389,598500,671100,753500,530300,597800,674800
광양항↔의왕ICD,인천광역시,남동구,만수4동,387,596100,668500,750700,528600,596000,672900
광양항↔의왕ICD,인천광역시,남동구,만수5동,384,589100,661200,743100,522600,589800,666400
광양항↔의왕ICD,인천광역시,남동구,만수6동,385,593600,665900,747900,526800,594100,670800
광양항↔의왕ICD,인천광역시,남동구,장수서창동,383,587600,659600,741500,521600,588700,665300
광양항↔의왕ICD,인천광역시,남동구,서창2동,385,593600,665900,747900,526800,594100,670800
광양항↔의왕ICD,인천광역시,남동구,남촌도림동,389,598500,671100,753500,530300,597800,674800
광양항↔의왕ICD,인천광역시,남동구,논현1동,386,594600,666900,749100,527600,595000,671700
광양항↔의왕ICD,인천광역시,남동구,논현2동,388,596500,668900,751200,529000,596500,673500
광양항↔의왕ICD,인천광역시,남동구,논현고잔동,385,593600,665900,747900,526800,594100,670800
광양항↔의왕ICD,인천광역시,부평구,부평1동,395,606000,679000,761900,535600,603600,681000
광양항↔의왕ICD,인천광역시,부평구,부평2동,395,606000,679000,761900,535600,603600,681000
광양항↔의왕ICD,인천광역시,부평구,부평3동,397,608300,681500,764500,537300,605400,683000
광양항↔의왕ICD,인천광역시,부평구,부평4동,397,607800,681000,764000,537000,605100,682700
광양항↔의왕ICD,인천광역시,부평구,부평5동,395,606000,679000,761900,535600,603600,681000
광양항↔의왕ICD,인천광역시,부평구,부평6동,394,604500,677400,760200,534600,602500,679800
광양항↔의왕ICD,인천광역시,부평구,산곡1동,400,611600,685100,768400,540100,608400,686200
광양항↔의왕ICD,인천광역시,부평구,산곡2동,400,611600,685100,768400,540100,608400,686200
광양항↔의왕ICD,인천광역시,부평구,산곡3동,397,608300,681500,764500,537300,605400,683000
광양항↔의왕ICD,인천광역시,부평구,산곡4동,400,611600,685100,768400,540100,608400,686200
광양항↔의왕ICD,인천광역시,부평구,청천1동,406,624200,698100,781900,550700,619500,697700
광양항↔의왕ICD,인천광역시,부평구,청천2동,401,613100,686600,770000,541400,609800,687600
광양항↔의왕ICD,인천광역시,부평구,갈산1동,398,609300,682500,765600,538000,606200,683900
광양항↔의왕ICD,인천광역시,부평구,갈산2동,397,608300,681500,764500,537300,605400,683000
광양항↔의왕ICD,인천광역시,부평구,삼산1동,396,606900,680000,762900,536300,604300,681800
광양항↔의왕ICD,인천광역시,부평구,삼산2동,395,606000,679000,761900,535600,603600,681000
광양항↔의왕ICD,인천광역시,부평구,부개1동,391,601000,673700,756300,532000,599700,676800
광양항↔의왕ICD,인천광역시,부평구,부개2동,393,603500,676300,759000,533800,601700,679000
광양항↔의왕ICD,인천광역시,부평구,부개3동,395,606000,679000,761900,535600,603600,681000
광양항↔의왕ICD,인천광역시,부평구,일신동,389,598500,671100,753500,530300,597800,674800
광양항↔의왕ICD,인천광역시,부평구,십정1동,395,606000,679000,761900,535600,603600,681000
광양항↔의왕ICD,인천광역시,부평구,십정2동,398,609300,682500,765600,538000,606200,683900
광양항↔의왕ICD,인천광역시,계양구,효성1동,408,625500,699600,783500,551800,620700,699100
광양항↔의왕ICD,인천광역시,계양구,효성2동,404,616500,690300,773900,544100,612700,690800
광양항↔의왕ICD,인천광역시,계양구,계산1동,407,624600,698600,782400,551100,619900,698200
광양항↔의왕ICD,인천광역시,계양구,계산2동,405,622100,695900,779600,549000,617700,695800
광양항↔의왕ICD,인천광역시,계양구,계산3동,405,622100,695900,779600,549000,617700,695800
광양항↔의왕ICD,인천광역시,계양구,계산4동,405,622100,695900,779600,549000,617700,695800
광양항↔의왕ICD,인천광역시,계양구,작전1동,407,624600,698600,782400,551100,619900,698200
광양항↔의왕ICD,인천광역시,계양구,작전2동,406,623100,697000,780800,549800,618600,696800
광양항↔의왕ICD,인천광역시,계양구,작전서운동,404,616000,689800,773400,543600,612200,690300
광양항↔의왕ICD,인천광역시,계양구,계양1동,413,631800,706300,790600,557100,626300,705100
광양항↔의왕ICD,인천광역시,계양구,계양2동,404,616500,690300,773900,544100,612700,690800
광양항↔의왕ICD,인천광역시,계양구,계양3동,409,627000,701200,785200,553000,622000,700400
광양항↔의왕ICD,인천광역시,서구,검암경서동,418,637600,712500,797300,561900,631500,710700
광양항↔의왕ICD,인천광역시,서구,연희동,415,634300,708900,793500,559100,628400,707300
광양항↔의왕ICD,인천광역시,서구,청라1동,419,639100,714100,799000,566500,636200,715400
광양항↔의왕ICD,인천광역시,서구,청라2동,419,639100,714100,799000,566500,636200,715400
광양항↔의왕ICD,인천광역시,서구,청라3동,423,643000,718300,803500,569900,639800,719300
광양항↔의왕ICD,인천광역시,서구,가정1동,413,631800,706300,790600,557100,626300,705100
광양항↔의왕ICD,인천광역시,서구,가정2동,413,631800,706300,790600,557100,626300,705100
광양항↔의왕ICD,인천광역시,서구,가정3동,416,634700,709400,794000,559200,628700,707700
광양항↔의왕ICD,인천광역시,서구,석남1동,415,634300,708900,793500,559100,628400,707300
광양항↔의왕ICD,인천광역시,서구,석남2동,417,636700,711500,796200,561200,630700,709800
광양항↔의왕ICD,인천광역시,서구,석남3동,414,632200,706800,791300,557300,626600,705500
광양항↔의왕ICD,인천광역시,서구,신현원창동,416,635300,710000,794600,559900,629300,708300
광양항↔의왕ICD,인천광역시,서구,가좌1동,414,631800,706300,790800,556700,626000,704800
광양항↔의왕ICD,인천광역시,서구,가좌2동,399,610800,684100,767300,539300,607600,685300
광양항↔의왕ICD,인천광역시,서구,가좌3동,411,622600,696900,781200,548700,617800,696400
광양항↔의왕ICD,인천광역시,서구,가좌4동,399,610800,684100,767300,539300,607600,685300
광양항↔의왕ICD,인천광역시,서구,검단동,433,653700,729700,815800,579000,649600,729800
광양항↔의왕ICD,인천광역시,서구,불로대곡동,436,656300,732600,818900,580900,651700,732200
광양항↔의왕ICD,인천광역시,서구,원당동,420,640200,715200,800200,567500,637200,716500
광양항↔의왕ICD,인천광역시,서구,당하동,426,645900,721400,806900,572100,642300,722000
광양항↔의왕ICD,인천광역시,서구,오류왕길동,442,662500,739300,826100,586100,657400,738300
광양항↔의왕ICD,인천광역시,서구,마전동,425,645200,720600,806000,571600,641700,721300
광양항↔의왕ICD,인천광역시,서구,아라동,417,636700,711500,796200,561200,630700,709800
광양항↔의왕ICD,인천광역시,강화군,강화읍,483,703600,783500,873700,620000,694000,777900
광양항↔의왕ICD,인천광역시,강화군,선원면,475,696500,775800,865500,614400,687900,771200
광양항↔의왕ICD,인천광역시,강화군,불은면,483,704400,784400,874800,620900,694900,778900
광양항↔의왕ICD,인천광역시,강화군,길상면,498,719800,800900,892500,633900,709000,794100
광양항↔의왕ICD,인천광역시,강화군,화도면,506,727700,809200,901100,640500,715800,801200
광양항↔의왕ICD,인천광역시,강화군,양도면,496,717400,798200,889500,631700,706600,791400
광양항↔의왕ICD,인천광역시,강화군,내가면,495,716500,797300,888500,631100,705900,790700
광양항↔의왕ICD,인천광역시,강화군,하점면,500,720700,801300,892300,634000,708600,793100
광양항↔의왕ICD,인천광역시,강화군,양사면,508,728500,809400,900600,640300,715200,799900
광양항↔의왕ICD,인천광역시,강화군,송해면,488,708800,789000,879600,624400,698700,782900
광양항↔의왕ICD,인천광역시,강화군,교동면,513,734400,815900,907900,645600,721100,806500
광양항↔의왕ICD,인천광역시,강화군,삼산면,509,730400,811800,903600,642400,717700,803000
광양항↔의왕ICD,인천광역시,옹진군,영흥면,416,638100,712800,797300,566900,636300,715200
광양항↔의왕ICD,경기도,수원시 장안구,파장동,333,526400,594500,672100,468700,532400,605200
광양항↔의왕ICD,경기도,수원시 장안구,율천동,323,515100,582400,659100,459400,522300,594400
광양항↔의왕ICD,경기도,수원시 장안구,정자1동,327,520800,588300,665400,464300,527500,599900
광양항↔의왕ICD,경기도,수원시 장안구,정자2동,329,522600,590300,667600,465800,529200,601700
광양항↔의왕ICD,경기도,수원시 장안구,정자3동,327,520100,587700,664800,463700,526900,599300
광양항↔의왕ICD,경기도,수원시 장안구,영화동,325,519900,587400,664300,463900,527000,599100
광양항↔의왕ICD,경기도,수원시 장안구,송죽동,325,519400,586800,663700,463200,526300,598500
광양항↔의왕ICD,경기도,수원시 장안구,조원1동,326,520900,588400,665400,464600,527700,600000
광양항↔의왕ICD,경기도,수원시 장안구,조원2동,326,520300,587800,664800,464000,527100,599400
광양항↔의왕ICD,경기도,수원시 장안구,연무동,324,518900,586300,663100,463100,526100,598300
광양항↔의왕ICD,경기도,수원시 권선구,세류1동,322,517600,584800,661500,462200,525100,597000
광양항↔의왕ICD,경기도,수원시 권선구,세류2동,321,517100,584200,660800,461900,524700,596600
광양항↔의왕ICD,경기도,수원시 권선구,세류3동,322,518100,585300,661900,462600,525500,597500
광양항↔의왕ICD,경기도,수원시 권선구,평동,322,517600,584800,661500,462200,525100,597000
광양항↔의왕ICD,경기도,수원시 권선구,서둔동,323,517900,585200,662000,462300,525300,597300
광양항↔의왕ICD,경기도,수원시 권선구,구운동,327,521800,589400,666400,465400,528600,601000
광양항↔의왕ICD,경기도,수원시 권선구,금곡동,326,521500,589000,666000,465200,528300,600600
광양항↔의왕ICD,경기도,수원시 권선구,호매실동,323,518600,585900,662600,462900,525900,597900
광양항↔의왕ICD,경기도,수원시 권선구,권선1동,323,519700,587000,663700,464000,527000,599000
광양항↔의왕ICD,경기도,수원시 권선구,권선2동,323,520200,587500,664300,464900,527900,599900
광양항↔의왕ICD,경기도,수원시 권선구,곡선동,323,520800,588100,664900,465900,528800,600800
광양항↔의왕ICD,경기도,수원시 권선구,입북동,323,516900,584200,660900,461200,524100,596200
광양항↔의왕ICD,경기도,수원시 팔달구,매교동,324,520100,587400,664200,464100,527200,599300
광양항↔의왕ICD,경기도,수원시 팔달구,매산동,322,517000,584200,660900,461500,524400,596400
광양항↔의왕ICD,경기도,수원시 팔달구,고등동,321,515500,582600,659200,460100,523000,594900
광양항↔의왕ICD,경기도,수원시 팔달구,화서1동,321,515500,582600,659200,460100,523000,594900
광양항↔의왕ICD,경기도,수원시 팔달구,화서2동,328,522800,590400,667600,466100,529400,601800
광양항↔의왕ICD,경기도,수원시 팔달구,지동,325,521000,588400,665300,464900,528000,600200
광양항↔의왕ICD,경기도,수원시 팔달구,우만1동,325,521000,588400,665300,464900,528000,600200
광양항↔의왕ICD,경기도,수원시 팔달구,우만2동,325,522700,590200,667100,467500,530600,602700
광양항↔의왕ICD,경기도,수원시 팔달구,인계동,328,526200,593900,671000,470800,534100,606500
광양항↔의왕ICD,경기도,수원시 팔달구,행궁동,328,523300,590900,668100,466700,530000,602500
광양항↔의왕ICD,경기도,수원시 영통구,매탄1동,326,524200,591700,668700,469300,532500,604700
광양항↔의왕ICD,경기도,수원시 영통구,매탄2동,326,524200,591700,668700,469300,532500,604700
광양항↔의왕ICD,경기도,수원시 영통구,매탄3동,330,530800,598700,676000,477400,540800,613300
광양항↔의왕ICD,경기도,수원시 영통구,매탄4동,330,530300,598100,675400,476400,539900,612400
광양항↔의왕ICD,경기도,수원시 영통구,원천동,324,521700,589100,665900,466700,529700,601800
광양항↔의왕ICD,경기도,수원시 영통구,영통1동,330,532800,600600,677800,479400,542900,615400
광양항↔의왕ICD,경기도,수원시 영통구,영통2동,323,521300,588500,665200,467000,529900,601900
광양항↔의왕ICD,경기도,수원시 영통구,영통3동,331,533800,601700,679100,480100,543600,616200
광양항↔의왕ICD,경기도,수원시 영통구,망포1동,322,521500,588600,665200,468200,531100,603000
광양항↔의왕ICD,경기도,수원시 영통구,망포2동,321,520000,587100,663600,466400,529200,601100
광양항↔의왕ICD,경기도,수원시 영통구,광교1동,328,524600,592300,669400,467800,531100,603500
광양항↔의왕ICD,경기도,수원시 영통구,광교2동,325,522300,589700,666600,466500,529600,601700
광양항↔의왕ICD,경기도,성남시 수정구,신흥1동,353,555900,625500,704800,497700,562800,637000
광양항↔의왕ICD,경기도,성남시 수정구,신흥2동,355,558200,628000,707500,499500,564700,639100
광양항↔의왕ICD,경기도,성남시 수정구,신흥3동,354,556800,626500,705900,498500,563600,637900
광양항↔의왕ICD,경기도,성남시 수정구,태평1동,351,553300,622800,701900,495900,560900,635000
광양항↔의왕ICD,경기도,성남시 수정구,태평2동,354,557400,627100,706400,498700,563800,638200
광양항↔의왕ICD,경기도,성남시 수정구,태평3동,352,554500,624000,703200,496700,561700,635900
광양항↔의왕ICD,경기도,성남시 수정구,태평4동,355,558200,628000,707500,499500,564700,639100
광양항↔의왕ICD,경기도,성남시 수정구,수진1동,352,554500,624000,703200,496700,561700,635900
광양항↔의왕ICD,경기도,성남시 수정구,수진2동,349,551300,620700,699600,494200,559000,632900
광양항↔의왕ICD,경기도,성남시 수정구,단대동,357,560600,630600,710200,501300,566600,641200
광양항↔의왕ICD,경기도,성남시 수정구,산성동,357,560600,630600,710200,501300,566600,641200
광양항↔의왕ICD,경기도,성남시 수정구,양지동,357,560600,630600,710200,501300,566600,641200
광양항↔의왕ICD,경기도,성남시 수정구,복정동,358,562100,632200,711900,502300,567600,642200
광양항↔의왕ICD,경기도,성남시 수정구,위례동,361,565500,635800,715800,504600,570200,645100
광양항↔의왕ICD,경기도,성남시 수정구,신촌동,351,553300,622800,701900,495900,560900,635000
광양항↔의왕ICD,경기도,성남시 수정구,고등동,345,546300,615400,694000,489900,554400,628000
광양항↔의왕ICD,경기도,성남시 수정구,시흥동,348,550600,619900,698700,493700,558400,632200
광양항↔의왕ICD,경기도,성남시 중원구,성남동,351,553300,622800,701900,495900,560900,635000
광양항↔의왕ICD,경기도,성남시 중원구,중앙동,354,556800,626500,705900,498500,563600,637900
광양항↔의왕ICD,경기도,성남시 중원구,금광1동,356,559100,629000,708500,500300,565500,640000
광양항↔의왕ICD,경기도,성남시 중원구,금광2동,355,558200,628000,707500,499500,564700,639100
광양항↔의왕ICD,경기도,성남시 중원구,은행1동,358,561500,631600,711300,502000,567400,642100
광양항↔의왕ICD,경기도,성남시 중원구,은행2동,358,561500,631600,711300,502000,567400,642100
광양항↔의왕ICD,경기도,성남시 중원구,상대원1동,354,556800,626500,705900,498500,563600,637900
광양항↔의왕ICD,경기도,성남시 중원구,상대원2동,353,555900,625500,704800,497700,562800,637000
광양항↔의왕ICD,경기도,성남시 중원구,상대원3동,356,559100,629000,708500,500300,565500,640000
광양항↔의왕ICD,경기도,성남시 중원구,하대원동,351,553300,622800,701900,495900,560900,635000
광양항↔의왕ICD,경기도,성남시 중원구,도촌동,354,556800,626500,705900,498500,563600,637900
광양항↔의왕ICD,경기도,성남시 분당구,분당동,346,548300,617400,696100,491600,556200,629900
광양항↔의왕ICD,경기도,성남시 분당구,수내1동,343,543300,612200,690600,487300,551700,625200
광양항↔의왕ICD,경기도,성남시 분당구,수내2동,343,543300,612200,690600,487300,551700,625200
광양항↔의왕ICD,경기도,성남시 분당구,수내3동,345,546300,615400,694000,489900,554400,628000
광양항↔의왕ICD,경기도,성남시 분당구,정자동,338,539600,608000,686000,484600,548600,621700
광양항↔의왕ICD,경기도,성남시 분당구,정자1동,343,543300,612200,690600,487300,551700,625200
광양항↔의왕ICD,경기도,성남시 분당구,정자2동,345,546300,615400,694000,489900,554400,628000
광양항↔의왕ICD,경기도,성남시 분당구,정자3동,339,541600,610100,688100,486300,550400,623600
광양항↔의왕ICD,경기도,성남시 분당구,서현1동,345,547200,616200,694800,490900,555400,629100
광양항↔의왕ICD,경기도,성남시 분당구,서현2동,347,549500,618700,697500,492700,557300,631100
광양항↔의왕ICD,경기도,성남시 분당구,이매1동,345,547200,616200,694800,490900,555400,629100
광양항↔의왕ICD,경기도,성남시 분당구,이매2동,343,544300,613200,691600,488500,552900,626400
광양항↔의왕ICD,경기도,성남시 분당구,야탑1동,350,552200,621600,700700,494900,559800,633800
광양항↔의왕ICD,경기도,성남시 분당구,야탑2동,348,550600,619900,698700,493700,558400,632200
광양항↔의왕ICD,경기도,성남시 분당구,야탑3동,352,554500,624000,703200,496700,561700,635900
광양항↔의왕ICD,경기도,성남시 분당구,판교동,341,541500,610200,688400,485800,550000,623400
광양항↔의왕ICD,경기도,성남시 분당구,삼평동,343,544300,613200,691600,488500,552900,626400
광양항↔의왕ICD,경기도,성남시 분당구,백현동,342,543400,612200,690500,487700,552000,625500
광양항↔의왕ICD,경기도,성남시 분당구,금곡동,338,540700,609200,687200,485900,549900,623000
광양항↔의왕ICD,경기도,성남시 분당구,구미1동,338,540700,609200,687200,485900,549900,623000
광양항↔의왕ICD,경기도,성남시 분당구,구미동,335,535700,603900,681600,481200,545000,617900
광양항↔의왕ICD,경기도,성남시 분당구,운중동,339,537200,605700,683800,480300,544400,617600
광양항↔의왕ICD,경기도,의정부시,의정부1동,435,657000,733200,819400,582400,653100,733400
광양항↔의왕ICD,경기도,의정부시,의정부2동,435,657000,733200,819400,582400,653100,733400
광양항↔의왕ICD,경기도,의정부시,호원1동,433,655000,731000,817000,580800,651400,731600
광양항↔의왕ICD,경기도,의정부시,호원2동,435,657000,733200,819400,582400,653100,733400
광양항↔의왕ICD,경기도,의정부시,장암동,435,657000,733200,819400,582400,653100,733400
광양항↔의왕ICD,경기도,의정부시,신곡1동,435,657000,733200,819400,582400,653100,733400
광양항↔의왕ICD,경기도,의정부시,신곡2동,439,661100,737600,824200,585800,656800,737400
광양항↔의왕ICD,경기도,의정부시,송산1동,431,652900,728800,814600,579000,649500,729500
광양항↔의왕ICD,경기도,의정부시,고산동,431,652900,728800,814600,579000,649500,729500
광양항↔의왕ICD,경기도,의정부시,송산2동,433,655000,731000,817000,580800,651400,731600
광양항↔의왕ICD,경기도,의정부시,송산3동,433,655000,731000,817000,580800,651400,731600
광양항↔의왕ICD,경기도,의정부시,자금동,444,665900,742800,829800,589800,661100,742100
광양항↔의왕ICD,경기도,의정부시,가능동,439,661100,737600,824200,585800,656800,737400
광양항↔의왕ICD,경기도,의정부시,흥선동,436,658000,734200,820500,583200,654000,734400
광양항↔의왕ICD,경기도,의정부시,녹양동,441,663100,739800,826500,587400,658600,739400
광양항↔의왕ICD,경기도,안양시 만안구,안양1동,341,535700,604400,682800,476500,540700,614200
광양항↔의왕ICD,경기도,안양시 만안구,안양2동,352,548600,618200,697500,487900,552900,627200
광양항↔의왕ICD,경기도,안양시 만안구,안양3동,348,543700,612900,691800,482900,547600,621600
광양항↔의왕ICD,경기도,안양시 만안구,안양4동,342,537200,606000,684400,477800,542100,615600
광양항↔의왕ICD,경기도,안양시 만안구,안양5동,339,533900,602500,680600,475000,539100,612400
광양항↔의왕ICD,경기도,안양시 만안구,안양6동,337,531500,599900,677900,472900,536800,610000
광양항↔의왕ICD,경기도,안양시 만안구,안양7동,341,535700,604400,682800,476500,540700,614200
광양항↔의왕ICD,경기도,안양시 만안구,안양8동,337,531500,599900,677900,472900,536800,610000
광양항↔의왕ICD,경기도,안양시 만안구,안양9동,349,544600,614000,693000,483700,548500,622500
광양항↔의왕ICD,경기도,안양시 만안구,석수1동,360,556200,626400,706400,493900,559400,634300
광양항↔의왕ICD,경기도,안양시 만안구,석수2동,360,556200,626400,706400,493900,559400,634300
광양항↔의왕ICD,경기도,안양시 만안구,충훈동,357,552900,622900,702600,490500,555800,630400
광양항↔의왕ICD,경기도,안양시 만안구,박달동,348,544300,613600,692500,483900,548600,622500
광양항↔의왕ICD,경기도,안양시 만안구,호현동,350,547300,616700,695800,487500,552300,626400
광양항↔의왕ICD,경기도,안양시 동안구,비산1동,341,536300,605000,683300,477100,541300,614700
광양항↔의왕ICD,경기도,안양시 동안구,비산2동,339,533900,602500,680600,475000,539100,612400
광양항↔의왕ICD,경기도,안양시 동안구,비산3동,341,536300,605000,683300,477100,541300,614700
광양항↔의왕ICD,경기도,안양시 동안구,부흥동,339,533900,602500,680600,475000,539100,612400
광양항↔의왕ICD,경기도,안양시 동안구,달안동,339,533900,602500,680600,475000,539100,612400
광양항↔의왕ICD,경기도,안양시 동안구,관양동,342,537200,606000,684400,477800,542100,615600
광양항↔의왕ICD,경기도,안양시 동안구,인덕원동,342,537900,606700,685100,478400,542700,616200
광양항↔의왕ICD,경기도,안양시 동안구,부림동,341,536300,605000,683300,477100,541300,614700
광양항↔의왕ICD,경기도,안양시 동안구,평촌동,339,533900,602500,680600,475000,539100,612400
광양항↔의왕ICD,경기도,안양시 동안구,평안동,343,537700,606500,685000,478000,542300,615900
광양항↔의왕ICD,경기도,안양시 동안구,귀인동,339,532100,600600,678800,473200,537300,610600
광양항↔의왕ICD,경기도,안양시 동안구,호계1동,333,526400,594500,672100,468700,532400,605200
광양항↔의왕ICD,경기도,안양시 동안구,호계2동,335,528900,597100,674900,470700,534500,607500
광양항↔의왕ICD,경기도,안양시 동안구,호계3동,330,522500,590300,667700,465300,528800,601400
광양항↔의왕ICD,경기도,안양시 동안구,범계동,338,532400,600900,678900,473700,537700,610900
광양항↔의왕ICD,경기도,안양시 동안구,신촌동,333,525800,593900,671500,468100,531800,604600
광양항↔의왕ICD,경기도,안양시 동안구,갈산동,335,528900,597100,674900,470700,534500,607500
광양항↔의왕ICD,경기도,부천시 원미구,심곡1동,388,596500,668900,751200,529000,596500,673500
광양항↔의왕ICD,경기도,부천시 원미구,심곡2동,377,581300,652900,734200,516900,583600,659700
광양항↔의왕ICD,경기도,부천시 원미구,심곡3동,389,596000,668500,750900,527400,594900,671900
광양항↔의왕ICD,경기도,부천시 원미구,원미2동,385,593600,665900,747900,526800,594100,670800
광양항↔의왕ICD,경기도,부천시 원미구,소사동,382,585500,657500,739300,520300,587400,663900
광양항↔의왕ICD,경기도,부천시 원미구,원미1동,385,593600,665900,747900,526800,594100,670800
광양항↔의왕ICD,경기도,부천시 원미구,역곡1동,384,592100,664300,746200,525800,593000,669600
광양항↔의왕ICD,경기도,부천시 원미구,역곡2동,383,587000,659000,740900,521300,588400,665000
광양항↔의왕ICD,경기도,부천시 원미구,춘의동,394,603300,676300,759100,534000,601900,679200
광양항↔의왕ICD,경기도,부천시 원미구,도당동,398,607600,680900,764000,537200,605400,683000
광양항↔의왕ICD,경기도,부천시 원미구,중동,394,604500,677400,760200,534600,602500,679800
광양항↔의왕ICD,경기도,부천시 원미구,상동,395,605400,678400,761300,535300,603300,680700
광양항↔의왕ICD,경기도,부천시 원미구,약대동,398,609300,682500,765600,538000,606200,683900
광양항↔의왕ICD,경기도,부천시 원미구,중1동,393,604000,676900,759600,534000,601900,679200
광양항↔의왕ICD,경기도,부천시 원미구,중2동,387,594200,666500,748700,526000,593400,670200
광양항↔의왕ICD,경기도,부천시 원미구,중3동,394,603300,676300,759100,534000,601900,679200
광양항↔의왕ICD,경기도,부천시 원미구,중4동,395,606000,679000,761900,535600,603600,681000
광양항↔의왕ICD,경기도,부천시 원미구,상1동,394,604500,677400,760200,534600,602500,679800
광양항↔의왕ICD,경기도,부천시 원미구,상2동,394,604500,677400,760200,534600,602500,679800
광양항↔의왕ICD,경기도,부천시 원미구,상3동,395,606000,679000,761900,535600,603600,681000
광양항↔의왕ICD,경기도,부천시 소사구,심곡본1동,387,595000,667400,749600,528000,595400,672300
광양항↔의왕ICD,경기도,부천시 소사구,심곡본동,385,593600,665900,747900,526800,594100,670800
광양항↔의왕ICD,경기도,부천시 소사구,송내1동,391,601000,673700,756300,532000,599700,676800
광양항↔의왕ICD,경기도,부천시 소사구,송내2동,394,604500,677400,760200,534600,602500,679800
광양항↔의왕ICD,경기도,부천시 소사구,소사본동,380,583100,654900,736600,518600,585500,661800
광양항↔의왕ICD,경기도,부천시 소사구,소사본1동,380,583100,654900,736600,518600,585500,661800
광양항↔의왕ICD,경기도,부천시 소사구,범박동,382,585500,657500,739300,520300,587400,663900
광양항↔의왕ICD,경기도,부천시 소사구,옥길동,383,590600,662700,744600,524800,591900,668400
광양항↔의왕ICD,경기도,부천시 소사구,괴안동,381,584600,656500,738200,519500,586500,662900
광양항↔의왕ICD,경기도,부천시 소사구,역곡3동,383,587000,659000,740900,521300,588400,665000
광양항↔의왕ICD,경기도,부천시 오정구,성곡동,390,599500,672100,754600,531000,598600,675700
광양항↔의왕ICD,경기도,부천시 오정구,고강본동,385,592200,664400,746400,524400,591700,668400
광양항↔의왕ICD,경기도,부천시 오정구,고강1동,393,603500,676300,759000,533800,601700,679000
광양항↔의왕ICD,경기도,부천시 오정구,원종1동,391,601000,673700,756300,532000,599700,676800
광양항↔의왕ICD,경기도,부천시 오정구,원종2동,392,602000,674800,757400,532800,600600,677800
광양항↔의왕ICD,경기도,부천시 오정구,오정동,407,624600,698600,782400,551100,619900,698200
광양항↔의왕ICD,경기도,부천시 오정구,신흥동,403,615600,689300,772800,543300,611900,689900
광양항↔의왕ICD,경기도,광명시,광명1동,370,573100,644100,724800,511100,577300,652900
광양항↔의왕ICD,경기도,광명시,광명2동,375,580000,651400,732600,515700,582200,658100
광양항↔의왕ICD,경기도,광명시,광명3동,370,573100,644100,724800,511100,577300,652900
광양항↔의왕ICD,경기도,광명시,광명4동,369,572000,642900,723600,510300,576500,652000
광양항↔의왕ICD,경기도,광명시,광명5동,373,578000,649200,730200,514300,580700,656500
광양항↔의왕ICD,경기도,광명시,광명6동,372,576500,647700,728600,513200,579600,655300
광양항↔의왕ICD,경기도,광명시,광명7동,372,576500,647700,728600,513200,579600,655300
광양항↔의왕ICD,경기도,광명시,철산1동,372,576100,647300,728200,513000,579400,655100
광양항↔의왕ICD,경기도,광명시,철산2동,368,570500,641400,722000,509300,575400,650800
광양항↔의왕ICD,경기도,광명시,철산3동,366,568200,638900,719300,507500,573500,648700
광양항↔의왕ICD,경기도,광명시,철산4동,368,570500,641400,722000,509300,575400,650800
광양항↔의왕ICD,경기도,광명시,하안1동,367,569700,640400,720900,508500,574500,649900
광양항↔의왕ICD,경기도,광명시,하안2동,364,565800,636300,716600,505800,571600,646700
광양항↔의왕ICD,경기도,광명시,하안3동,362,563800,634200,714300,504000,569700,644600
광양항↔의왕ICD,경기도,광명시,하안4동,364,565800,636300,716600,505800,571600,646700
광양항↔의왕ICD,경기도,광명시,소하1동,361,562700,633000,713000,502900,568500,643400
광양항↔의왕ICD,경기도,광명시,소하2동,360,561600,631800,711700,502200,567800,642600
광양항↔의왕ICD,경기도,광명시,일직동,364,563500,634000,714300,503000,568800,643900
광양항↔의왕ICD,경기도,광명시,학온동,356,556800,626700,706200,498200,563500,638000
광양항↔의왕ICD,경기도,평택시,팽성읍,329,547300,615000,691900,492800,556200,628500
광양항↔의왕ICD,경기도,평택시,안중읍,327,543900,611500,688300,486700,549900,622000
광양항↔의왕ICD,경기도,평택시,포승읍,344,559800,628700,707000,500000,564400,637900
광양항↔의왕ICD,경기도,평택시,청북읍,333,546100,614100,691500,488300,552000,624600
광양항↔의왕ICD,경기도,평택시,진위면,328,535700,603300,680300,479400,542700,614900
광양항↔의왕ICD,경기도,평택시,서탄면,334,538300,606400,684000,482300,546000,618800
광양항↔의왕ICD,경기도,평택시,고덕면,332,540500,608500,685800,483400,547000,619600
광양항↔의왕ICD,경기도,평택시,오성면,326,540100,607600,684300,483400,546500,618600
광양항↔의왕ICD,경기도,평택시,현덕면,339,555600,624100,702000,500300,564300,637300
광양항↔의왕ICD,경기도,평택시,중앙동,330,544200,612000,689200,487000,550400,622800
광양항↔의왕ICD,경기도,평택시,서정동,331,545200,613100,690300,487700,551200,623700
광양항↔의왕ICD,경기도,평택시,송탄동,332,549200,617100,694400,494700,558300,630800
광양항↔의왕ICD,경기도,평택시,지산동,325,531600,599000,675700,476200,539300,611300
광양항↔의왕ICD,경기도,평택시,송북동,328,536000,603700,680700,479800,543100,615300
광양항↔의왕ICD,경기도,평택시,신장1동,335,543600,611800,689400,485800,549500,622300
광양항↔의왕ICD,경기도,평택시,신장2동,337,551100,619500,697200,492500,556400,629300
광양항↔의왕ICD,경기도,평택시,신평동,330,548000,615800,692900,493500,557000,629300
광양항↔의왕ICD,경기도,평택시,원평동,329,546800,614500,691500,492500,555900,628100
광양항↔의왕ICD,경기도,평택시,통복동,331,548500,616400,693600,494000,557500,629900
광양항↔의왕ICD,경기도,평택시,비전1동,334,552400,620500,697900,497500,561200,633800
광양항↔의왕ICD,경기도,평택시,비전2동,330,548400,616200,693300,493800,557200,629500
광양항↔의왕ICD,경기도,평택시,용이동,327,545500,613100,689900,491300,554500,626600
광양항↔의왕ICD,경기도,평택시,세교동,331,548500,616400,693600,494000,557500,629900
광양항↔의왕ICD,경기도,평택시,동삭동,342,559300,628100,706200,503700,568000,641200
광양항↔의왕ICD,경기도,평택시,고덕동,335,549100,617300,694800,490800,554600,627400
광양항↔의왕ICD,경기도,동두천시,생연1동,473,695200,774300,863700,614000,687400,770600
광양항↔의왕ICD,경기도,동두천시,생연2동,475,697200,776500,866100,615600,689100,772400
광양항↔의왕ICD,경기도,동두천시,중앙동,477,699300,778800,868600,617400,691000,774500
광양항↔의왕ICD,경기도,동두천시,보산동,483,705100,785100,875400,621800,695800,779800
광양항↔의왕ICD,경기도,동두천시,불현동,472,694200,773300,862600,613100,686400,769500
광양항↔의왕ICD,경기도,동두천시,송내동,473,695200,774300,863700,614000,687400,770600
광양항↔의왕ICD,경기도,동두천시,소요동,485,707300,787400,877900,623900,698000,782100
광양항↔의왕ICD,경기도,동두천시,상패동,479,701400,781000,871000,619000,692700,776300
광양항↔의왕ICD,경기도,안산시 상록구,일동,338,535300,603800,681900,477300,541300,614500
광양항↔의왕ICD,경기도,안산시 상록구,이동,338,535300,603800,681900,477300,541300,614500
광양항↔의왕ICD,경기도,안산시 상록구,사동,339,537200,605700,683800,480300,544400,617600
광양항↔의왕ICD,경기도,안산시 상록구,사이동,347,544900,614100,692900,486200,550800,624700
광양항↔의왕ICD,경기도,안산시 상록구,해양동,353,552300,622000,701300,493800,558900,633200
광양항↔의왕ICD,경기도,안산시 상록구,본오1동,343,540100,609000,687400,481100,545400,619000
광양항↔의왕ICD,경기도,안산시 상록구,본오2동,343,540100,609000,687400,481100,545400,619000
광양항↔의왕ICD,경기도,안산시 상록구,본오3동,338,535300,603800,681900,477300,541300,614500
광양항↔의왕ICD,경기도,안산시 상록구,부곡동,344,542600,611500,690000,484900,549400,623000
광양항↔의왕ICD,경기도,안산시 상록구,월피동,344,542600,611500,690000,484900,549400,623000
광양항↔의왕ICD,경기도,안산시 상록구,성포동,342,540200,609000,687300,482500,546800,620200
광양항↔의왕ICD,경기도,안산시 상록구,반월동,327,520100,587700,664800,463700,526900,599300
광양항↔의왕ICD,경기도,안산시 상록구,안산동,348,546400,615600,694500,488000,552700,626600
광양항↔의왕ICD,경기도,안산시 단원구,와동,356,553500,623400,703000,493000,558300,632800
광양항↔의왕ICD,경기도,안산시 단원구,고잔동,348,547600,616900,695800,490100,554800,628700
광양항↔의왕ICD,경기도,안산시 단원구,중앙동,346,545300,614400,693100,487500,552100,625800
광양항↔의왕ICD,경기도,안산시 단원구,호수동,348,547600,616900,695800,490100,554800,628700
광양항↔의왕ICD,경기도,안산시 단원구,원곡동,359,558100,628300,708100,498400,563900,638600
광양항↔의왕ICD,경기도,안산시 단원구,백운동,356,556800,626700,706200,498200,563500,638000
광양항↔의왕ICD,경기도,안산시 단원구,신길동,358,557200,627300,707100,497600,563000,637600
광양항↔의왕ICD,경기도,안산시 단원구,초지동,357,556800,626800,706400,497800,563100,637700
광양항↔의왕ICD,경기도,안산시 단원구,선부1동,365,565400,636000,716400,504900,570800,645900
광양항↔의왕ICD,경기도,안산시 단원구,선부2동,363,562500,633000,713200,502300,568100,643200
광양항↔의왕ICD,경기도,안산시 단원구,선부3동,359,557600,627700,707600,497300,562800,637500
광양항↔의왕ICD,경기도,안산시 단원구,대부동,391,607900,680600,763000,538200,605900,682900
광양항↔의왕ICD,경기도,고양시 덕양구,주교동,434,654300,730400,816600,579100,649800,730100
광양항↔의왕ICD,경기도,고양시 덕양구,원신동,443,663400,740300,827200,586600,657900,738800
광양항↔의왕ICD,경기도,고양시 덕양구,흥도동,425,645200,720600,806000,571600,641700,721300
광양항↔의왕ICD,경기도,고양시 덕양구,성사1동,433,653200,729200,815300,578100,648700,728900
광양항↔의왕ICD,경기도,고양시 덕양구,성사2동,433,653300,729300,815400,578500,649200,729400
광양항↔의왕ICD,경기도,고양시 덕양구,효자동,424,644900,720300,805600,571900,641900,721400
광양항↔의왕ICD,경기도,고양시 덕양구,삼송1동,421,641800,716900,801900,569200,639000,718300
광양항↔의왕ICD,경기도,고양시 덕양구,삼송2동,426,646200,721700,807200,572400,642600,722300
광양항↔의왕ICD,경기도,고양시 덕양구,창릉동,420,640800,715800,800800,568400,638100,717400
광양항↔의왕ICD,경기도,고양시 덕양구,고양동,449,669600,746900,834400,592200,663900,745300
광양항↔의왕ICD,경기도,고양시 덕양구,관산동,435,656200,732400,818600,581200,652000,732300
광양항↔의왕ICD,경기도,고양시 덕양구,능곡동,413,633500,708000,792400,562400,631600,710300
광양항↔의왕ICD,경기도,고양시 덕양구,화정1동,422,642900,718100,803200,570200,640000,719400
광양항↔의왕ICD,경기도,고양시 덕양구,화정2동,429,648500,724200,810000,574100,644500,724400
광양항↔의왕ICD,경기도,고양시 덕양구,행주동,423,642200,717500,802700,565600,635600,715100
광양항↔의왕ICD,경기도,고양시 덕양구,행신1동,413,633500,708000,792400,562400,631600,710300
광양항↔의왕ICD,경기도,고양시 덕양구,행신2동,425,644600,720000,805400,570900,641000,720600
광양항↔의왕ICD,경기도,고양시 덕양구,행신3동,428,647600,723300,809000,573300,643600,723400
광양항↔의왕ICD,경기도,고양시 덕양구,행신4동,409,629000,703200,787200,555400,624400,702800
광양항↔의왕ICD,경기도,고양시 덕양구,화전동,403,621900,695600,779100,549200,617700,695700
광양항↔의왕ICD,경기도,고양시 덕양구,대덕동,397,614500,687700,770700,543100,611200,688700
광양항↔의왕ICD,경기도,고양시 일산동구,식사동,439,659400,735900,822500,583400,654400,735100
광양항↔의왕ICD,경기도,고양시 일산동구,중산1동,444,664400,741300,828400,587500,658900,739900
광양항↔의왕ICD,경기도,고양시 일산동구,중산2동,429,649900,725700,811400,576000,646400,726300
광양항↔의왕ICD,경기도,고양시 일산동구,정발산동,429,649900,725700,811400,576000,646400,726300
광양항↔의왕ICD,경기도,고양시 일산동구,풍산동,438,658300,734700,821200,582500,653500,734100
광양항↔의왕ICD,경기도,고양시 일산동구,백석1동,430,650100,725900,811800,575700,646200,726200
광양항↔의왕ICD,경기도,고양시 일산동구,백석2동,429,649300,725100,810800,575100,645400,725300
광양항↔의왕ICD,경기도,고양시 일산동구,마두1동,432,652200,728200,814200,577500,648100,728200
광양항↔의왕ICD,경기도,고양시 일산동구,마두2동,431,651200,727100,813000,576700,647200,727300
광양항↔의왕ICD,경기도,고양시 일산동구,장항1동,432,652200,728200,814200,577500,648100,728200
광양항↔의왕ICD,경기도,고양시 일산동구,장항2동,431,651200,727100,813000,576700,647200,727300
광양항↔의왕ICD,경기도,고양시 일산동구,고봉동,445,665000,742000,829100,587700,659200,740300
광양항↔의왕ICD,경기도,고양시 일산서구,일산1동,445,665500,742500,829600,588400,659900,741000
광양항↔의왕ICD,경기도,고양시 일산서구,일산2동,441,661300,738000,824800,584900,656100,736900
광양항↔의왕ICD,경기도,고양시 일산서구,일산3동,433,653700,729700,815800,579000,649600,729800
광양항↔의왕ICD,경기도,고양시 일산서구,탄현1동,438,659200,735600,822100,583700,654700,735300
광양항↔의왕ICD,경기도,고양시 일산서구,탄현2동,447,667400,744500,831800,590000,661600,742900
광양항↔의왕ICD,경기도,고양시 일산서구,주엽1동,436,656300,732600,818900,580900,651700,732200
광양항↔의왕ICD,경기도,고양시 일산서구,주엽2동,438,658300,734700,821200,582500,653500,734100
광양항↔의왕ICD,경기도,고양시 일산서구,대화동,445,665300,742300,829400,588400,659800,740900
광양항↔의왕ICD,경기도,고양시 일산서구,송포동,441,661300,738000,824800,584900,656100,736900
광양항↔의왕ICD,경기도,고양시 일산서구,덕이동,445,665300,742300,829400,588400,659800,740900
광양항↔의왕ICD,경기도,고양시 일산서구,가좌동,446,666400,743400,830600,589300,660800,742000
광양항↔의왕ICD,경기도,과천시,중앙동,351,548200,617700,696900,488200,553100,627300
광양항↔의왕ICD,경기도,과천시,갈현동,350,545600,615000,694100,484400,549300,623400
광양항↔의왕ICD,경기도,과천시,원문동,355,553700,623600,703100,494300,559500,633900
광양항↔의왕ICD,경기도,과천시,별양동,348,544800,614100,693000,484900,549600,623500
광양항↔의왕ICD,경기도,과천시,부림동,349,546300,615600,694600,486700,551500,625500
광양항↔의왕ICD,경기도,과천시,과천동,351,548800,618300,697400,489300,554200,628400
광양항↔의왕ICD,경기도,과천시,문원동,347,543800,613000,691800,484100,548700,622600
광양항↔의왕ICD,경기도,구리시,갈매동,403,620000,693700,777200,551400,619900,697900
광양항↔의왕ICD,경기도,구리시,동구동,403,620000,693700,777200,551400,619900,697900
광양항↔의왕ICD,경기도,구리시,인창동,399,616000,689300,772500,548200,616400,694000
광양항↔의왕ICD,경기도,구리시,교문1동,401,621500,695000,778300,549400,617800,695600
광양항↔의왕ICD,경기도,구리시,교문2동,391,606300,679000,761400,536600,604300,681400
광양항↔의왕ICD,경기도,구리시,수택1동,395,610600,683600,766400,540100,608100,685400
광양항↔의왕ICD,경기도,구리시,수택2동,391,606300,679000,761400,536600,604300,681400
광양항↔의왕ICD,경기도,구리시,수택3동,391,606300,679000,761400,536600,604300,681400
광양항↔의왕ICD,경기도,남양주시,와부읍,401,618100,691600,774900,549700,618100,695900
광양항↔의왕ICD,경기도,남양주시,진접읍,431,652900,728800,814600,579000,649500,729500
광양항↔의왕ICD,경기도,남양주시,화도읍,421,642700,717800,802800,570700,640500,719700
광양항↔의왕ICD,경기도,남양주시,진건읍,414,635600,710100,794500,564600,633900,712600
광양항↔의왕ICD,경기도,남양주시,오남읍,431,652800,728700,814500,578900,649400,729400
광양항↔의왕ICD,경기도,남양주시,퇴계원읍,407,628400,702400,786200,558700,627500,705700
광양항↔의왕ICD,경기도,남양주시,별내면,419,640700,715600,800500,568800,638500,717600
광양항↔의왕ICD,경기도,남양주시,수동면,439,661100,737600,824200,585800,656800,737400
광양항↔의왕ICD,경기도,남양주시,조안면,399,616000,689300,772500,548200,616400,694000
광양항↔의왕ICD,경기도,남양주시,호평동,414,635600,710100,794500,564600,633900,712600
광양항↔의왕ICD,경기도,남양주시,평내동,418,639600,714500,799200,567900,637500,716600
광양항↔의왕ICD,경기도,남양주시,금곡동,407,628000,702000,785800,558100,626900,705200
광양항↔의왕ICD,경기도,남양주시,양정동,403,624000,697700,781200,554800,623300,701200
광양항↔의왕ICD,경기도,남양주시,다산1동,399,616200,689500,772600,548400,616700,694300
광양항↔의왕ICD,경기도,남양주시,다산2동,397,613100,686300,769200,542200,610300,687800
광양항↔의왕ICD,경기도,남양주시,별내동,408,629300,703300,787200,559400,628300,706600
광양항↔의왕ICD,경기도,오산시,중앙동,319,520600,587500,663800,469400,532100,603700
광양항↔의왕ICD,경기도,오산시,남촌동,322,524600,591800,668300,472200,535100,606900
광양항↔의왕ICD,경기도,오산시,신장1동,321,521600,588700,665100,470500,533300,605100
광양항↔의왕ICD,경기도,오산시,신장2동,317,517500,584300,660400,466800,529300,600800
광양항↔의왕ICD,경기도,오산시,세마동,323,523300,590500,667200,471400,534400,606300
광양항↔의왕ICD,경기도,오산시,초평동,324,526500,593800,670500,473600,536600,608600
광양항↔의왕ICD,경기도,오산시,대원1동,326,531100,598600,675400,476300,539500,611600
광양항↔의왕ICD,경기도,오산시,대원2동,326,531100,598600,675400,476300,539500,611600
광양항↔의왕ICD,경기도,시흥시,대야동,378,580700,652300,733700,517100,583900,660000
광양항↔의왕ICD,경기도,시흥시,신천동,381,584600,656500,738200,519500,586500,662900
광양항↔의왕ICD,경기도,시흥시,신현동,361,562700,633000,713000,502900,568500,643400
광양항↔의왕ICD,경기도,시흥시,은행동,372,576500,647700,728600,513200,579600,655300
광양항↔의왕ICD,경기도,시흥시,매화동,362,563900,634300,714300,504300,570000,644900
광양항↔의왕ICD,경기도,시흥시,목감동,350,548300,617700,696800,489400,554300,628400
광양항↔의왕ICD,경기도,시흥시,군자동,360,558400,628600,708600,498100,563700,638500
광양항↔의왕ICD,경기도,시흥시,월곶동,376,579300,650800,732100,515700,582400,658400
광양항↔의왕ICD,경기도,시흥시,정왕본동,363,564900,635400,715600,505000,570700,645700
광양항↔의왕ICD,경기도,시흥시,정왕1동,362,563800,634200,714300,504000,569700,644600
광양항↔의왕ICD,경기도,시흥시,정왕2동,364,565800,636300,716600,505800,571600,646700
광양항↔의왕ICD,경기도,시흥시,거북섬동,372,577100,648300,729200,513500,579900,655600
광양항↔의왕ICD,경기도,시흥시,정왕3동,366,568200,638900,719300,507500,573500,648700
광양항↔의왕ICD,경기도,시흥시,정왕4동,370,573500,644500,725300,511300,577500,653100
광양항↔의왕ICD,경기도,시흥시,배곧1동,377,579700,651300,732600,516300,583000,659100
광양항↔의왕ICD,경기도,시흥시,배곧2동,368,570500,641400,722000,509300,575400,650800
광양항↔의왕ICD,경기도,시흥시,과림동,367,570800,641600,722100,509000,575000,650300
광양항↔의왕ICD,경기도,시흥시,연성동,360,561600,631800,711700,502200,567800,642600
광양항↔의왕ICD,경기도,시흥시,장곡동,363,564700,635200,715300,504800,570500,645500
광양항↔의왕ICD,경기도,시흥시,능곡동,362,561000,631400,711500,500600,566300,641300
광양항↔의왕ICD,경기도,군포시,군포1동,328,519900,587600,664900,463100,526400,598900
광양항↔의왕ICD,경기도,군포시,군포2동,327,518800,586400,663500,462500,525700,598100
광양항↔의왕ICD,경기도,군포시,산본1동,334,528000,596200,673900,470000,533700,606600
광양항↔의왕ICD,경기도,군포시,산본2동,332,525500,593500,671000,468000,531600,604400
광양항↔의왕ICD,경기도,군포시,금정동,332,525500,593500,671000,468000,531600,604400
광양항↔의왕ICD,경기도,군포시,재궁동,329,521600,589400,666700,464500,527900,600400
광양항↔의왕ICD,경기도,군포시,오금동,328,520500,588100,665300,463800,527100,599600
광양항↔의왕ICD,경기도,군포시,수리동,330,523000,590900,668300,465800,529300,601900
광양항↔의왕ICD,경기도,군포시,궁내동,330,523000,590900,668300,465800,529300,601900
광양항↔의왕ICD,경기도,군포시,대야동,326,517900,585400,662500,461700,524900,597200
광양항↔의왕ICD,경기도,군포시,광정동,330,523000,590900,668300,465800,529300,601900
광양항↔의왕ICD,경기도,군포시,송부동,326,517900,585400,662500,461700,524900,597200
광양항↔의왕ICD,경기도,의왕시,고천동,324,514800,582100,659000,459000,522100,594300
광양항↔의왕ICD,경기도,의왕시,부곡동,320,510600,577600,654100,455400,518100,590000
광양항↔의왕ICD,경기도,의왕시,오전동,326,517300,584800,661800,461200,524400,596700
광양항↔의왕ICD,경기도,의왕시,내손1동,336,530000,598300,676200,471500,535400,608400
광양항↔의왕ICD,경기도,의왕시,내손2동,340,535400,604000,682300,476300,540400,613800
광양항↔의왕ICD,경기도,의왕시,청계동,339,533900,602500,680600,475000,539100,612400
광양항↔의왕ICD,경기도,하남시,천현동,383,592500,664600,746400,524900,592100,668600
광양항↔의왕ICD,경기도,하남시,신장1동,384,592900,665000,746900,525100,592300,668800
광양항↔의왕ICD,경기도,하남시,신장2동,388,602400,674800,757000,533300,600800,677600
광양항↔의왕ICD,경기도,하남시,덕풍1동,387,601400,673800,755900,532600,600000,676800
광양항↔의왕ICD,경기도,하남시,덕풍2동,385,599000,671200,753200,530400,597700,674300
광양항↔의왕ICD,경기도,하남시,덕풍3동,385,599000,671200,753200,530400,597700,674300
광양항↔의왕ICD,경기도,하남시,미사3동,381,590000,661900,743500,522800,589800,666200
광양항↔의왕ICD,경기도,하남시,감북동,369,575400,646300,726900,511700,577900,653300
광양항↔의왕ICD,경기도,하남시,감일동,371,577800,648900,729700,513500,579800,655300
광양항↔의왕ICD,경기도,하남시,위례동,365,570400,641000,721300,508200,574100,649300
광양항↔의왕ICD,경기도,하남시,춘궁동,375,582800,654200,735400,517000,583500,659400
광양항↔의왕ICD,경기도,하남시,초이동,375,582800,654200,735400,517000,583500,659400
광양항↔의왕ICD,경기도,하남시,미사1동,387,601400,673800,755900,532600,600000,676800
광양항↔의왕ICD,경기도,하남시,미사2동,397,613600,686800,769700,542800,610900,688400
광양항↔의왕ICD,경기도,용인시 처인구,포곡읍,342,547400,616200,694400,490300,554600,628000
광양항↔의왕ICD,경기도,용인시 처인구,모현읍,356,564700,634600,714000,502800,568100,642500
광양항↔의왕ICD,경기도,용인시 처인구,이동읍,337,545400,613700,691500,487400,551300,624200
광양항↔의왕ICD,경기도,용인시 처인구,남사읍,331,544200,612100,689300,486800,550300,622800
광양항↔의왕ICD,경기도,용인시 처인구,원삼면,348,565600,634800,713500,504500,569200,643000
광양항↔의왕ICD,경기도,용인시 처인구,백암면,360,577100,647300,727100,513800,579300,654000
광양항↔의왕ICD,경기도,용인시 처인구,양지면,348,556900,626100,704900,496600,561300,635100
광양항↔의왕ICD,경기도,용인시 처인구,중앙동,337,542900,611300,689100,486700,550700,623700
광양항↔의왕ICD,경기도,용인시 처인구,역북동,337,542400,610800,688600,486500,550400,623400
광양항↔의왕ICD,경기도,용인시 처인구,삼가동,332,536000,604000,681400,482000,545600,618300
광양항↔의왕ICD,경기도,용인시 처인구,유림1동,340,544400,613000,691100,488400,552600,625800
광양항↔의왕ICD,경기도,용인시 처인구,유림2동,338,543500,612000,689900,487200,551200,624200
광양항↔의왕ICD,경기도,용인시 처인구,동부동,337,542900,611300,689100,486700,550700,623700
광양항↔의왕ICD,경기도,용인시 기흥구,신갈동,326,526400,593900,670800,473400,536600,608800
광양항↔의왕ICD,경기도,용인시 기흥구,영덕1동,325,523800,591300,668200,469500,532600,604700
광양항↔의왕ICD,경기도,용인시 기흥구,영덕2동,327,527900,595500,672500,475100,538300,610600
광양항↔의왕ICD,경기도,용인시 기흥구,구갈동,329,529900,597700,674900,476500,539900,612300
광양항↔의왕ICD,경기도,용인시 기흥구,상갈동,327,527900,595500,672500,475100,538300,610600
광양항↔의왕ICD,경기도,용인시 기흥구,보라동,329,530800,598500,675700,477700,541100,613500
광양항↔의왕ICD,경기도,용인시 기흥구,기흥동,324,524500,591800,668600,472500,535500,607500
광양항↔의왕ICD,경기도,용인시 기흥구,서농동,324,525100,592400,669200,472800,535800,607800
광양항↔의왕ICD,경기도,용인시 기흥구,구성동,329,528800,596600,673800,474600,538000,610400
광양항↔의왕ICD,경기도,용인시 기흥구,마북동,330,529800,597700,675000,475400,538900,611400
광양항↔의왕ICD,경기도,용인시 기흥구,동백1동,332,534700,602700,680200,481000,544600,617200
광양항↔의왕ICD,경기도,용인시 기흥구,동백2동,333,536100,604200,681700,482200,545900,618600
광양항↔의왕ICD,경기도,용인시 기흥구,동백3동,332,533700,601700,679200,480000,543600,616300
광양항↔의왕ICD,경기도,용인시 기흥구,상하동,333,535900,604000,681500,482100,545700,618400
광양항↔의왕ICD,경기도,용인시 기흥구,보정동,333,533800,601900,679400,479600,543300,616100
광양항↔의왕ICD,경기도,용인시 수지구,풍덕천1동,330,529200,597000,674300,474300,537800,610400
광양항↔의왕ICD,경기도,용인시 수지구,풍덕천2동,329,527700,595500,672700,472600,536000,608500
광양항↔의왕ICD,경기도,용인시 수지구,신봉동,331,529600,597500,674900,474200,537700,610300
광양항↔의왕ICD,경기도,용인시 수지구,죽전1동,332,532300,600300,677700,477900,541500,614200
광양항↔의왕ICD,경기도,용인시 수지구,죽전2동,330,529800,597700,675000,475400,538900,611400
광양항↔의왕ICD,경기도,용인시 수지구,죽전3동,331,530800,598700,676100,476100,539700,612300
광양항↔의왕ICD,경기도,용인시 수지구,동천동,335,536600,604900,682600,482300,546100,619000
광양항↔의왕ICD,경기도,용인시 수지구,상현1동,328,526800,594500,671600,471900,535200,607600
광양항↔의왕ICD,경기도,용인시 수지구,상현2동,328,526800,594500,671600,471900,535200,607600
광양항↔의왕ICD,경기도,용인시 수지구,상현3동,325,522700,590200,667100,467500,530600,602700
광양항↔의왕ICD,경기도,용인시 수지구,성복동,332,530600,598600,676100,474900,538500,611200
광양항↔의왕ICD,경기도,파주시,문산읍,493,713700,794100,884800,628400,702800,787100
광양항↔의왕ICD,경기도,파주시,파주읍,484,704300,784200,874400,620400,694300,778100
광양항↔의왕ICD,경기도,파주시,법원읍,484,704700,784700,875000,620900,694900,778900
광양항↔의왕ICD,경기도,파주시,조리읍,462,682300,760600,849200,602200,674900,757300
광양항↔의왕ICD,경기도,파주시,월롱면,459,680300,758400,846600,601100,673500,755700
광양항↔의왕ICD,경기도,파주시,탄현면,483,703800,783800,874100,620100,694200,778200
광양항↔의왕ICD,경기도,파주시,광탄면,461,682300,760500,848900,602800,675400,757700
광양항↔의왕ICD,경기도,파주시,파평면,511,731700,812800,904300,643000,718000,803000
광양항↔의왕ICD,경기도,파주시,적성면,511,733000,814900,907200,645000,720700,806400
광양항↔의왕ICD,경기도,파주시,장단면,504,724900,805800,897100,637600,712500,797300
광양항↔의왕ICD,경기도,파주시,금촌1동,444,665400,742300,829200,589000,660400,741500
광양항↔의왕ICD,경기도,파주시,금촌2동,460,680300,758500,846900,600500,673000,755300
광양항↔의왕ICD,경기도,파주시,금촌3동,468,688700,767500,856500,607700,680700,763600
광양항↔의왕ICD,경기도,파주시,교하동,464,684200,762700,851400,603700,676400,759000
광양항↔의왕ICD,경기도,파주시,운정1동,461,681400,759600,848100,601500,674100,756400
광양항↔의왕ICD,경기도,파주시,운정2동,461,681400,759600,848100,601500,674100,756400
광양항↔의왕ICD,경기도,파주시,운정3동,459,679500,757600,845900,600100,672500,754700
광양항↔의왕ICD,경기도,파주시,운정4동,459,679200,757300,845700,599600,672000,754200
광양항↔의왕ICD,경기도,파주시,운정5동,462,682700,761000,849600,602600,675200,757600
광양항↔의왕ICD,경기도,파주시,운정6동,462,682500,760900,849500,602400,675000,757400
광양항↔의왕ICD,경기도,이천시,장호원읍,394,615500,688300,770900,550700,618500,695600
광양항↔의왕ICD,경기도,이천시,부발읍,386,604800,677100,759000,540200,607500,684100
광양항↔의왕ICD,경기도,이천시,신둔면,378,596400,668000,749300,533000,599800,675800
광양항↔의왕ICD,경기도,이천시,백사면,399,618000,691300,774300,551000,619200,696800
광양항↔의왕ICD,경기도,이천시,호법면,367,585600,656300,736600,524300,590300,665500
광양항↔의왕ICD,경기도,이천시,마장면,367,582400,653200,733500,517600,583600,658800
광양항↔의왕ICD,경기도,이천시,대월면,388,607300,679700,761800,542300,609800,686500
광양항↔의왕ICD,경기도,이천시,모가면,373,592600,663800,744600,530600,597000,672600
광양항↔의왕ICD,경기도,이천시,설성면,376,596400,667900,748900,534200,600800,676600
광양항↔의왕ICD,경기도,이천시,율면,386,607300,679500,761400,543700,611000,687500
광양항↔의왕ICD,경기도,이천시,창전동,386,604800,677100,759000,540200,607500,684100
광양항↔의왕ICD,경기도,이천시,증포동,387,605700,678100,760100,540900,608300,685000
광양항↔의왕ICD,경기도,이천시,중리동,384,602600,674700,756500,538200,605400,681800
광양항↔의왕ICD,경기도,이천시,관고동,385,603700,675900,757800,539300,606500,683000
광양항↔의왕ICD,경기도,안성시,공도읍,327,545500,613100,689900,491300,554500,626600
광양항↔의왕ICD,경기도,안성시,보개면,349,567100,636300,715000,510300,575100,648800
광양항↔의왕ICD,경기도,안성시,금광면,348,566500,635700,714300,510000,574600,648200
광양항↔의왕ICD,경기도,안성시,서운면,335,553300,621400,698900,486500,550200,623000
광양항↔의왕ICD,경기도,안성시,미양면,340,558300,626900,704800,502500,566600,639600
광양항↔의왕ICD,경기도,안성시,대덕면,340,558300,626900,704800,502500,566600,639600
광양항↔의왕ICD,경기도,안성시,양성면,345,562300,631300,709600,506200,570700,644100
광양항↔의왕ICD,경기도,안성시,원곡면,335,551800,620000,697600,497100,560900,633600
광양항↔의왕ICD,경기도,안성시,일죽면,370,590800,661800,742300,530000,596200,671500
광양항↔의왕ICD,경기도,안성시,죽산면,363,583200,653600,733600,523300,589000,663800
광양항↔의왕ICD,경기도,안성시,삼죽면,362,580600,650900,730600,521700,587300,662000
광양항↔의왕ICD,경기도,안성시,고삼면,348,564700,633900,712500,507500,572200,645900
광양항↔의왕ICD,경기도,안성시,안성1동,343,561900,630700,708800,505600,569900,643200
광양항↔의왕ICD,경기도,안성시,안성2동,344,562900,631800,710100,506600,571000,644300
광양항↔의왕ICD,경기도,안성시,안성3동,347,566000,635100,713600,509300,573900,647400
광양항↔의왕ICD,경기도,김포시,통진읍,455,675600,753400,841300,596900,669000,750900
광양항↔의왕ICD,경기도,김포시,고촌읍,417,636700,711500,796200,561200,630700,709800
광양항↔의왕ICD,경기도,김포시,양촌읍,453,673600,751200,839000,595300,667300,749100
광양항↔의왕ICD,경기도,김포시,대곶면,453,673600,751200,839000,595300,667300,749100
광양항↔의왕ICD,경기도,김포시,월곶면,468,688700,767500,856500,607700,680700,763600
광양항↔의왕ICD,경기도,김포시,하성면,460,680700,758900,847300,601000,673500,755700
광양항↔의왕ICD,경기도,김포시,김포본동,430,650100,725900,811800,575700,646200,726200
광양항↔의왕ICD,경기도,김포시,장기본동,439,659400,735900,822500,583400,654400,735100
광양항↔의왕ICD,경기도,김포시,사우동,422,642600,717800,802900,569700,639600,719000
광양항↔의왕ICD,경기도,김포시,풍무동,418,638200,713100,797900,565800,635400,714500
광양항↔의왕ICD,경기도,김포시,장기동,432,652900,728900,814900,578300,648900,729000
광양항↔의왕ICD,경기도,김포시,구래동,449,669600,746900,834300,592000,663700,745100
광양항↔의왕ICD,경기도,김포시,마산동,446,666400,743400,830600,589300,660800,742000
광양항↔의왕ICD,경기도,김포시,운양동,440,660300,736900,823600,584100,655200,736000
광양항↔의왕ICD,경기도,화성시,봉담읍,324,521700,589100,665900,466700,529700,601800
광양항↔의왕ICD,경기도,화성시,우정읍,353,562200,631800,711000,500700,565700,639900
광양항↔의왕ICD,경기도,화성시,향남읍,327,527900,595500,672500,475300,538500,610800
광양항↔의왕ICD,경기도,화성시,남양읍,351,553900,623400,702500,496200,561100,635200
광양항↔의왕ICD,경기도,화성시,매송면,331,529100,597000,674400,473100,536600,609200
광양항↔의왕ICD,경기도,화성시,비봉면,341,540300,609000,687200,483800,548000,621400
광양항↔의왕ICD,경기도,화성시,마도면,354,558900,628600,708000,499500,564600,638900
광양항↔의왕ICD,경기도,화성시,송산면,359,566400,636500,716300,504500,569900,644600
광양항↔의왕ICD,경기도,화성시,서신면,372,587100,658300,739100,521300,587700,663300
광양항↔의왕ICD,경기도,화성시,팔탄면,331,533900,601800,679200,480500,544000,616600
광양항↔의왕ICD,경기도,화성시,장안면,349,559300,628600,707500,498600,563300,637200
광양항↔의왕ICD,경기도,화성시,양감면,331,538000,605900,683200,481200,544700,617200
광양항↔의왕ICD,경기도,화성시,정남면,330,533000,600800,678100,479800,543200,615700
광양항↔의왕ICD,경기도,화성시,새솔동,351,551000,620500,699600,493300,558200,632300
광양항↔의왕ICD,경기도,화성시,진안동,321,520500,587600,664100,467500,530300,602100
광양항↔의왕ICD,경기도,화성시,병점1동,320,519600,586600,663000,466700,529400,601200
광양항↔의왕ICD,경기도,화성시,병점2동,324,523300,590600,667400,469800,532800,604900
광양항↔의왕ICD,경기도,화성시,반월동,322,521500,588600,665200,468200,531100,603000
광양항↔의왕ICD,경기도,화성시,기배동,325,523800,591300,668200,469500,532600,604700
광양항↔의왕ICD,경기도,화성시,화산동,325,525400,592800,669700,472600,535700,607900
광양항↔의왕ICD,경기도,화성시,동탄1동,329,533200,600900,678100,479700,543100,615500
광양항↔의왕ICD,경기도,화성시,동탄2동,331,535700,603600,680900,481500,545000,617600
광양항↔의왕ICD,경기도,화성시,동탄3동,323,523600,590800,667500,471100,534000,606000
광양항↔의왕ICD,경기도,화성시,동탄4동,326,527400,594900,671800,474600,537800,610000
광양항↔의왕ICD,경기도,화성시,동탄5동,328,531300,598900,676000,478500,541800,614100
광양항↔의왕ICD,경기도,화성시,동탄6동,325,527000,594400,671200,474300,537400,609500
광양항↔의왕ICD,경기도,화성시,동탄7동,327,531600,599200,676100,476900,540100,612300
광양항↔의왕ICD,경기도,화성시,동탄8동,324,527500,594900,671600,474100,537100,609100
광양항↔의왕ICD,경기도,화성시,동탄9동,331,536500,604300,681600,480400,543900,616400
광양항↔의왕ICD,경기도,광주시,초월읍,379,587600,659300,740800,520800,587600,663800
광양항↔의왕ICD,경기도,광주시,곤지암읍,384,601200,673300,755100,533100,600300,676800
광양항↔의왕ICD,경기도,광주시,도척면,365,575300,645900,726200,511400,577300,652400
광양항↔의왕ICD,경기도,광주시,퇴촌면,397,612500,685700,768700,541400,609500,687100
광양항↔의왕ICD,경기도,광주시,남종면,402,622500,696100,779500,550200,618600,696500
광양항↔의왕ICD,경기도,광주시,남한산성면,390,603700,676300,758700,534200,601800,678800
광양항↔의왕ICD,경기도,광주시,경안동,369,577000,647900,728500,512400,578600,654000
광양항↔의왕ICD,경기도,광주시,송정동,371,579400,650500,731200,514200,580500,656100
광양항↔의왕ICD,경기도,광주시,쌍령동,371,578900,650000,730800,514000,580300,655900
광양항↔의왕ICD,경기도,광주시,탄벌동,370,577400,648400,729100,513000,579300,654800
광양항↔의왕ICD,경기도,광주시,광남1동,366,573000,643700,724100,509600,575600,650800
광양항↔의왕ICD,경기도,광주시,광남2동,364,570500,641100,721300,507900,573700,648800
광양항↔의왕ICD,경기도,광주시,오포1동,358,563700,633700,713400,502900,568300,643000
광양항↔의왕ICD,경기도,광주시,오포2동,367,575600,646300,726700,511300,577300,652500
광양항↔의왕ICD,경기도,광주시,신현동,355,557700,627500,706900,499300,564500,638800
광양항↔의왕ICD,경기도,광주시,능평동,356,559700,629600,709100,500500,565800,640300
광양항↔의왕ICD,경기도,양주시,백석읍,460,682000,760200,848500,602900,675400,757700
광양항↔의왕ICD,경기도,양주시,은현면,469,691000,769800,858900,610300,683400,766300
광양항↔의왕ICD,경기도,양주시,남면,486,708300,788500,879000,624600,698800,783000
광양항↔의왕ICD,경기도,양주시,광적면,473,694400,773600,863100,612800,686100,769300
광양항↔의왕ICD,경기도,양주시,장흥면,449,671100,748400,835800,594200,665900,747200
광양항↔의왕ICD,경기도,양주시,양주1동,447,668700,745800,833000,592000,663600,744800
광양항↔의왕ICD,경기도,양주시,양주2동,448,670000,747200,834500,593300,664900,746200
광양항↔의왕ICD,경기도,양주시,회천1동,459,681200,759300,847500,602400,674800,756900
광양항↔의왕ICD,경기도,양주시,회천2동,457,679200,757100,845100,600800,673000,755000
광양항↔의왕ICD,경기도,양주시,회천3동,460,682400,760600,848900,603600,676000,758200
광양항↔의왕ICD,경기도,양주시,옥정1동,459,681200,759300,847500,602400,674800,756900
광양항↔의왕ICD,경기도,양주시,옥정2동,455,677200,754900,842800,599100,671200,753000
광양항↔의왕ICD,경기도,포천시,소흘읍,453,675100,752700,840400,597500,669500,751200
광양항↔의왕ICD,경기도,포천시,군내면,479,700700,780400,870400,618100,691900,775500
광양항↔의왕ICD,경기도,포천시,내촌면,446,668100,745200,832300,591600,663100,744300
광양항↔의왕ICD,경기도,포천시,가산면,465,687300,765800,854600,607300,680100,762600
광양항↔의왕ICD,경기도,포천시,신북면,479,701400,781000,871000,619000,692700,776300
광양항↔의왕ICD,경기도,포천시,창수면,497,719000,800000,891500,633500,708500,793500
광양항↔의왕ICD,경기도,포천시,영중면,498,720100,801200,892800,634300,709400,794500
광양항↔의왕ICD,경기도,포천시,일동면,500,721700,802800,894400,635300,710400,795500
광양항↔의왕ICD,경기도,포천시,이동면,518,739500,821300,913600,650000,725700,811400
광양항↔의왕ICD,경기도,포천시,영북면,517,738900,821000,913500,649800,725700,811600
광양항↔의왕ICD,경기도,포천시,관인면,539,764700,847700,941100,670900,747600,834200
광양항↔의왕ICD,경기도,포천시,화현면,479,701400,781000,871000,619000,692700,776300
광양항↔의왕ICD,경기도,포천시,포천동,473,695200,774300,863700,614000,687400,770600
광양항↔의왕ICD,경기도,포천시,선단동,459,681200,759300,847500,602400,674800,756900
광양항↔의왕ICD,경기도,여주시,가남읍,390,609800,682400,764600,544800,612400,689300
광양항↔의왕ICD,경기도,여주시,점동면,420,639800,714700,799600,569500,639200,718300
광양항↔의왕ICD,경기도,여주시,흥천면,416,635200,709800,794300,565100,634500,713400
광양항↔의왕ICD,경기도,여주시,금사면,415,633400,708000,792400,563000,632400,711200
광양항↔의왕ICD,경기도,여주시,세종대왕면,409,628200,702300,786200,559800,628700,707100
광양항↔의왕ICD,경기도,여주시,대신면,422,644900,720000,805100,573100,643000,722300
광양항↔의왕ICD,경기도,여주시,북내면,429,649000,724600,810200,577000,647300,727100
광양항↔의왕ICD,경기도,여주시,강천면,428,648000,723600,809100,576200,646400,726100
광양항↔의왕ICD,경기도,여주시,산북면,395,612900,685900,768700,546300,614300,691600
광양항↔의왕ICD,경기도,여주시,여흥동,416,635800,710400,794900,566100,635500,714400
광양항↔의왕ICD,경기도,여주시,중앙동,420,639800,714700,799600,569500,639200,718300
광양항↔의왕ICD,경기도,여주시,오학동,424,643600,718900,804100,572400,642300,721800
광양항↔의왕ICD,경기도,연천군,연천읍,523,748900,831200,924000,658200,734300,820400
광양항↔의왕ICD,경기도,연천군,전곡읍,505,727200,808800,900800,640100,715600,801100
광양항↔의왕ICD,경기도,연천군,군남면,527,752800,835300,928300,661400,737700,823900
광양항↔의왕ICD,경기도,연천군,청산면,495,717300,798200,889500,632000,706900,791700
광양항↔의왕ICD,경기도,연천군,백학면,520,741400,823400,915800,651600,727400,813100
광양항↔의왕ICD,경기도,연천군,미산면,528,753800,836300,929200,662100,738400,824700
광양항↔의왕ICD,경기도,연천군,왕징면,521,747000,829200,921900,656500,732600,818600
광양항↔의왕ICD,경기도,연천군,신서면,541,766400,849500,943000,672500,749300,836000
광양항↔의왕ICD,경기도,연천군,중면,542,767500,850600,944100,673200,750000,836700
광양항↔의왕ICD,경기도,연천군,장남면,517,738700,820600,913000,649400,725200,811000
광양항↔의왕ICD,경기도,가평군,가평읍,487,709300,789600,880200,625400,699700,784000
광양항↔의왕ICD,경기도,가평군,설악면,457,679200,757100,845100,600800,673000,755000
광양항↔의왕ICD,경기도,가평군,청평면,459,681200,759300,847500,602400,674800,756900
광양항↔의왕ICD,경기도,가평군,상면,483,705300,785300,875600,622100,696100,780100
광양항↔의왕ICD,경기도,가평군,조종면,487,709300,789600,880200,625400,699700,784000
광양항↔의왕ICD,경기도,가평군,북면,505,727200,808800,900800,640100,715600,801100
광양항↔의왕ICD,경기도,양평군,양평읍,444,665700,742600,829600,589500,660800,741800
광양항↔의왕ICD,경기도,양평군,강상면,447,668700,745800,833000,591800,663400,744700
광양항↔의왕ICD,경기도,양평군,강하면,420,641300,716300,801200,569200,638900,718100
광양항↔의왕ICD,경기도,양평군,양서면,407,628400,702400,786200,558700,627500,705700
광양항↔의왕ICD,경기도,양평군,옥천면,436,657600,733900,820200,582700,653500,734000
광양항↔의왕ICD,경기도,양평군,서종면,430,651400,727200,813000,577500,647900,727900
광양항↔의왕ICD,경기도,양평군,단월면,483,704900,784800,875100,621600,695600,779600
광양항↔의왕ICD,경기도,양평군,청운면,490,712000,792500,883400,627400,701900,786400
광양항↔의왕ICD,경기도,양평군,양동면,465,687600,766100,854900,608000,680800,763300
광양항↔의왕ICD,경기도,양평군,지평면,451,674300,751700,839300,597400,669200,750700
광양항↔의왕ICD,경기도,양평군,용문면,465,686800,765300,854100,606700,679500,762100
광양항↔의왕ICD,경기도,양평군,개군면,429,652100,727800,813400,579100,649400,729300
광양항↔의왕ICD,강원특별자치도,춘천시,신북읍,582,809900,894200,988700,707400,785200,872900
광양항↔의왕ICD,강원특별자치도,춘천시,동면,570,798200,882000,976000,698000,775400,862700
광양항↔의왕ICD,강원특별자치도,춘천시,동산면,532,752500,834600,927000,660300,736200,822000
광양항↔의왕ICD,강원특별자치도,춘천시,신동면,525,750900,833300,926100,659800,736000,822200
광양항↔의왕ICD,강원특별자치도,춘천시,남면,491,713300,793900,884900,628700,703300,787800
광양항↔의왕ICD,강원특별자치도,춘천시,서면,529,754800,837400,930400,663000,739400,825700
광양항↔의왕ICD,강원특별자치도,춘천시,사북면,583,809900,893700,987600,707700,785100,872200
광양항↔의왕ICD,강원특별자치도,춘천시,북산면,622,848400,934300,1030400,740300,819500,908500
광양항↔의왕ICD,강원특별자치도,춘천시,동내면,559,783400,866700,960300,685500,762500,849300
광양항↔의왕ICD,강원특별자치도,춘천시,남산면,525,745100,826600,918300,653700,729100,814300
광양항↔의왕ICD,강원특별자치도,춘천시,교동,561,789000,872100,965400,690100,766900,853400
광양항↔의왕ICD,강원특별자치도,춘천시,조운동,559,787000,870000,963200,688500,765200,851800
광양항↔의왕ICD,강원특별자치도,춘천시,약사명동,559,787000,870000,963200,688500,765200,851800
광양항↔의왕ICD,강원특별자치도,춘천시,근화동,560,788100,871200,964500,689400,766100,852700
광양항↔의왕ICD,강원특별자치도,춘천시,소양동,561,789000,872100,965400,690100,766900,853400
광양항↔의왕ICD,강원특별자치도,춘천시,후평1동,564,792200,875600,969200,692900,770000,856900
광양항↔의왕ICD,강원특별자치도,춘천시,후평2동,565,793400,876900,970700,693900,771100,858100
광양항↔의왕ICD,강원특별자치도,춘천시,후평3동,565,789300,872900,966800,690500,767700,854800
광양항↔의왕ICD,강원특별자치도,춘천시,효자1동,557,785000,868000,961100,686800,763400,849900
광양항↔의왕ICD,강원특별자치도,춘천시,효자2동,557,781000,864000,957200,683400,760100,846600
광양항↔의왕ICD,강원특별자치도,춘천시,효자3동,559,787200,870300,963600,688600,765300,851900
광양항↔의왕ICD,강원특별자치도,춘천시,석사동,561,785300,868700,962300,687000,764100,851000
광양항↔의왕ICD,강원특별자치도,춘천시,퇴계동,563,787300,870800,964500,688700,765800,852700
광양항↔의왕ICD,강원특별자치도,춘천시,강남동,557,785000,868000,961100,686800,763400,849900
광양항↔의왕ICD,강원특별자치도,춘천시,신사우동,567,794800,878200,971700,694800,771800,858600
광양항↔의왕ICD,강원특별자치도,홍천군,홍천읍,537,763200,846400,940100,670000,746900,833800
광양항↔의왕ICD,강원특별자치도,홍천군,화촌면,553,778200,861700,955600,681900,759000,846100
광양항↔의왕ICD,강원특별자치도,홍천군,두촌면,579,807700,892200,987100,706100,784100,872100
광양항↔의왕ICD,강원특별자치도,홍천군,내촌면,582,810500,895100,990100,708200,786300,874400
광양항↔의왕ICD,강원특별자치도,홍천군,서석면,576,801800,887000,982800,701700,780400,869200
광양항↔의왕ICD,강원특별자치도,홍천군,영귀미면,549,774700,858400,952500,679500,756800,844200
광양항↔의왕ICD,강원특별자치도,홍천군,남면,513,734400,815900,907900,645600,721100,806500
광양항↔의왕ICD,강원특별자치도,홍천군,서면,521,747000,829200,921900,656500,732600,818600
광양항↔의왕ICD,강원특별자치도,홍천군,북방면,531,756800,839500,932600,664600,741000,827400
광양항↔의왕ICD,강원특별자치도,홍천군,내면,654,885200,974100,1073400,770700,852600,944500
