carrier_id,timestamp,hub_code,container_size,demand,external_supply,rail_inbound_boxes,rail_outbound_boxes,baseline_inventory,post_rail_inventory,baseline_unmet_demand,post_rail_unmet_demand
CARRIER_A,2025-07-01 00:00,BUGANG,20FT,0,0,0,0,3,3,0,0
CARRIER_A,2025-07-01 01:00,BUGANG,20FT,0,0,0,0,3,3,0,0
CARRIER_A,2025-07-01 02:00,BUGANG,20FT,0,0,0,0,3,3,0,0
CARRIER_A,2025-07-01 03:00,BUGANG,20FT,0,0,0,0,3,3,0,0
CARRIER_A,2025-07-01 04:00,BUGANG,20FT,0,0,0,0,3,3,0,0
CARRIER_A,2025-07-01 05:00,BUGANG,20FT,0,0,0,0,3,3,0,0
CARRIER_A,2025-07-01 06:00,BUGANG,20FT,0,0,0,0,3,3,0,0
CARRIER_A,2025-07-01 07:00,BUGANG,20FT,0,0,0,0,3,3,0,0
CARRIER_A,2025-07-01 08:00,BUGANG,20FT,0,0,0,0,3,3,0,0
CARRIER_A,2025-07-01 09:00,BUGANG,20FT,0,1,0,0,4,4,0,0
CARRIER_A,2025-07-01 10:00,BUGANG,20FT,0,0,0,0,4,4,0,0
CARRIER_A,2025-07-01 11:00,BUGANG,20FT,0,0,0,0,4,4,0,0
CARRIER_A,2025-07-01 12:00,BUGANG,20FT,0,1,0,0,5,5,0,0
CARRIER_A,2025-07-01 13:00,BUGANG,20FT,0,1,0,0,6,6,0,0
CARRIER_A,2025-07-01 14:00,BUGANG,20FT,0,0,0,0,6,6,0,0
CARRIER_A,2025-07-01 15:00,BUGANG,20FT,0,0,0,0,6,6,0,0
CARRIER_A,2025-07-01 16:00,BUGANG,20FT,0,0,0,0,6,6,0,0
CARRIER_A,2025-07-01 17:00,BUGANG,20FT,0,2,0,0,8,8,0,0
CARRIER_A,2025-07-01 18:00,BUGANG,20FT,0,0,0,0,8,8,0,0
CARRIER_A,2025-07-01 19:00,BUGANG,20FT,0,0,0,0,8,8,0,0
CARRIER_A,2025-07-01 20:00,BUGANG,20FT,0,0,0,2,8,6,0,0
CARRIER_A,2025-07-01 21:00,BUGANG,20FT,0,0,0,0,8,6,0,0
CARRIER_A,2025-07-01 22:00,BUGANG,20FT,0,0,0,0,8,6,0,0
CARRIER_A,2025-07-01 23:00,BUGANG,20FT,0,0,0,0,8,6,0,0
CARRIER_A,2025-07-02 00:00,BUGANG,20FT,0,0,0,0,8,6,0,0
CARRIER_A,2025-07-02 01:00,BUGANG,20FT,0,0,0,0,8,6,0,0
CARRIER_A,2025-07-02 02:00,BUGANG,20FT,0,0,0,0,8,6,0,0
CARRIER_A,2025-07-02 03:00,BUGANG,20FT,0,0,0,0,8,6,0,0
CARRIER_A,2025-07-02 04:00,BUGANG,20FT,0,0,0,0,8,6,0,0
CARRIER_A,2025-07-02 05:00,BUGANG,20FT,0,0,0,0,8,6,0,0
CARRIER_A,2025-07-02 06:00,BUGANG,20FT,0,0,0,0,8,6,0,0
CARRIER_A,2025-07-02 07:00,BUGANG,20FT,0,0,0,0,8,6,0,0
CARRIER_A,2025-07-02 08:00,BUGANG,20FT,0,0,0,0,8,6,0,0
CARRIER_A,2025-07-02 09:00,BUGANG,20FT,0,0,0,0,8,6,0,0
CARRIER_A,2025-07-02 10:00,BUGANG,20FT,0,1,0,0,9,7,0,0
CARRIER_A,2025-07-02 11:00,BUGANG,20FT,0,0,0,0,9,7,0,0
CARRIER_A,2025-07-02 12:00,BUGANG,20FT,0,2,0,0,11,9,0,0
CARRIER_A,2025-07-02 13:00,BUGANG,20FT,0,1,0,0,12,10,0,0
CARRIER_A,2025-07-02 14:00,BUGANG,20FT,1,0,0,0,11,9,0,0
CARRIER_A,2025-07-02 15:00,BUGANG,20FT,0,0,0,0,11,9,0,0
CARRIER_A,2025-07-02 16:00,BUGANG,20FT,0,0,0,0,11,9,0,0
CARRIER_A,2025-07-02 17:00,BUGANG,20FT,1,0,0,0,10,8,0,0
CARRIER_A,2025-07-02 18:00,BUGANG,20FT,0,0,0,0,10,8,0,0
CARRIER_A,2025-07-02 19:00,BUGANG,20FT,0,0,0,0,10,8,0,0
CARRIER_A,2025-07-02 20:00,BUGANG,20FT,0,0,0,0,10,8,0,0
CARRIER_A,2025-07-02 21:00,BUGANG,20FT,0,0,0,0,10,8,0,0
CARRIER_A,2025-07-02 22:00,BUGANG,20FT,0,1,0,0,11,9,0,0
CARRIER_A,2025-07-02 23:00,BUGANG,20FT,0,0,0,0,11,9,0,0
CARRIER_A,2025-07-03 00:00,BUGANG,20FT,0,0,0,0,11,9,0,0
CARRIER_A,2025-07-03 01:00,BUGANG,20FT,0,0,0,0,11,9,0,0
CARRIER_A,2025-07-03 02:00,BUGANG,20FT,0,0,0,0,11,9,0,0
CARRIER_A,2025-07-03 03:00,BUGANG,20FT,0,0,0,0,11,9,0,0
CARRIER_A,2025-07-03 04:00,BUGANG,20FT,0,0,0,0,11,9,0,0
CARRIER_A,2025-07-03 05:00,BUGANG,20FT,0,0,0,0,11,9,0,0
CARRIER_A,2025-07-03 06:00,BUGANG,20FT,0,0,0,0,11,9,0,0
CARRIER_A,2025-07-03 07:00,BUGANG,20FT,0,0,0,0,11,9,0,0
CARRIER_A,2025-07-03 08:00,BUGANG,20FT,0,0,0,0,11,9,0,0
CARRIER_A,2025-07-03 09:00,BUGANG,20FT,0,1,0,0,12,10,0,0
CARRIER_A,2025-07-03 10:00,BUGANG,20FT,0,0,0,0,12,10,0,0
CARRIER_A,2025-07-03 11:00,BUGANG,20FT,0,0,0,0,12,10,0,0
CARRIER_A,2025-07-03 12:00,BUGANG,20FT,0,0,0,0,12,10,0,0
CARRIER_A,2025-07-03 13:00,BUGANG,20FT,1,0,0,0,11,9,0,0
CARRIER_A,2025-07-03 14:00,BUGANG,20FT,0,0,0,0,11,9,0,0
CARRIER_A,2025-07-03 15:00,BUGANG,20FT,0,0,0,0,11,9,0,0
CARRIER_A,2025-07-03 16:00,BUGANG,20FT,0,0,0,0,11,9,0,0
CARRIER_A,2025-07-03 17:00,BUGANG,20FT,0,0,0,0,11,9,0,0
CARRIER_A,2025-07-03 18:00,BUGANG,20FT,0,0,0,0,11,9,0,0
CARRIER_A,2025-07-03 19:00,BUGANG,20FT,0,0,0,0,11,9,0,0
CARRIER_A,2025-07-03 20:00,BUGANG,20FT,0,1,0,0,12,10,0,0
CARRIER_A,2025-07-03 21:00,BUGANG,20FT,0,0,0,0,12,10,0,0
CARRIER_A,2025-07-03 22:00,BUGANG,20FT,0,0,0,0,12,10,0,0
CARRIER_A,2025-07-03 23:00,BUGANG,20FT,0,0,0,0,12,10,0,0
CARRIER_A,2025-07-04 00:00,BUGANG,20FT,0,0,0,0,12,10,0,0
CARRIER_A,2025-07-04 01:00,BUGANG,20FT,0,0,0,0,12,10,0,0
CARRIER_A,2025-07-04 02:00,BUGANG,20FT,0,0,0,0,12,10,0,0
CARRIER_A,2025-07-04 03:00,BUGANG,20FT,0,0,0,0,12,10,0,0
CARRIER_A,2025-07-04 04:00,BUGANG,20FT,0,0,0,0,12,10,0,0
CARRIER_A,2025-07-04 05:00,BUGANG,20FT,0,0,0,0,12,10,0,0
CARRIER_A,2025-07-04 06:00,BUGANG,20FT,0,0,0,0,12,10,0,0
CARRIER_A,2025-07-04 07:00,BUGANG,20FT,0,0,0,0,12,10,0,0
CARRIER_A,2025-07-04 08:00,BUGANG,20FT,0,0,0,0,12,10,0,0
CARRIER_A,2025-07-04 09:00,BUGANG,20FT,0,0,0,0,12,10,0,0
CARRIER_A,2025-07-04 10:00,BUGANG,20FT,1,0,0,0,11,9,0,0
CARRIER_A,2025-07-04 11:00,BUGANG,20FT,0,0,0,0,11,9,0,0
CARRIER_A,2025-07-04 12:00,BUGANG,20FT,0,0,0,0,11,9,0,0
CARRIER_A,2025-07-04 13:00,BUGANG,20FT,0,0,0,0,11,9,0,0
CARRIER_A,2025-07-04 14:00,BUGANG,20FT,1,0,0,0,10,8,0,0
CARRIER_A,2025-07-04 15:00,BUGANG,20FT,0,0,0,0,10,8,0,0
CARRIER_A,2025-07-04 16:00,BUGANG,20FT,1,0,0,0,9,7,0,0
CARRIER_A,2025-07-04 17:00,BUGANG,20FT,0,0,0,0,9,7,0,0
CARRIER_A,2025-07-04 18:00,BUGANG,20FT,0,0,0,0,9,7,0,0
CARRIER_A,2025-07-04 19:00,BUGANG,20FT,0,0,0,0,9,7,0,0
CARRIER_A,2025-07-04 20:00,BUGANG,20FT,0,0,0,5,9,2,0,0
CARRIER_A,2025-07-04 21:00,BUGANG,20FT,0,0,0,0,9,2,0,0
CARRIER_A,2025-07-04 22:00,BUGANG,20FT,0,0,0,0,9,2,0,0
CARRIER_A,2025-07-04 23:00,BUGANG,20FT,0,0,0,0,9,2,0,0
CARRIER_A,2025-07-05 00:00,BUGANG,20FT,0,0,0,0,9,2,0,0
CARRIER_A,2025-07-05 01:00,BUGANG,20FT,0,0,0,0,9,2,0,0
CARRIER_A,2025-07-05 02:00,BUGANG,20FT,0,0,0,0,9,2,0,0
CARRIER_A,2025-07-05 03:00,BUGANG,20FT,0,0,0,0,9,2,0,0
CARRIER_A,2025-07-05 04:00,BUGANG,20FT,0,0,0,0,9,2,0,0
CARRIER_A,2025-07-05 05:00,BUGANG,20FT,0,0,0,0,9,2,0,0
CARRIER_A,2025-07-05 06:00,BUGANG,20FT,0,0,0,0,9,2,0,0
CARRIER_A,2025-07-05 07:00,BUGANG,20FT,0,0,0,0,9,2,0,0
CARRIER_A,2025-07-05 08:00,BUGANG,20FT,0,0,0,0,9,2,0,0
CARRIER_A,2025-07-05 09:00,BUGANG,20FT,0,0,0,0,9,2,0,0
CARRIER_A,2025-07-05 10:00,BUGANG,20FT,1,0,0,0,8,1,0,0
CARRIER_A,2025-07-05 11:00,BUGANG,20FT,0,0,0,0,8,1,0,0
CARRIER_A,2025-07-05 12:00,BUGANG,20FT,0,0,0,0,8,1,0,0
CARRIER_A,2025-07-05 13:00,BUGANG,20FT,0,0,0,0,8,1,0,0
CARRIER_A,2025-07-05 14:00,BUGANG,20FT,0,0,0,0,8,1,0,0
CARRIER_A,2025-07-05 15:00,BUGANG,20FT,0,0,0,0,8,1,0,0
CARRIER_A,2025-07-05 16:00,BUGANG,20FT,0,0,0,0,8,1,0,0
CARRIER_A,2025-07-05 17:00,BUGANG,20FT,0,0,0,0,8,1,0,0
CARRIER_A,2025-07-05 18:00,BUGANG,20FT,0,1,0,0,9,2,0,0
CARRIER_A,2025-07-05 19:00,BUGANG,20FT,0,0,0,0,9,2,0,0
CARRIER_A,2025-07-05 20:00,BUGANG,20FT,0,0,0,0,9,2,0,0
CARRIER_A,2025-07-05 21:00,BUGANG,20FT,0,0,0,0,9,2,0,0
CARRIER_A,2025-07-05 22:00,BUGANG,20FT,0,0,0,0,9,2,0,0
CARRIER_A,2025-07-05 23:00,BUGANG,20FT,0,0,0,0,9,2,0,0
CARRIER_A,2025-07-06 00:00,BUGANG,20FT,0,0,0,0,9,2,0,0
CARRIER_A,2025-07-06 01:00,BUGANG,20FT,0,0,0,0,9,2,0,0
CARRIER_A,2025-07-06 02:00,BUGANG,20FT,0,0,0,0,9,2,0,0
CARRIER_A,2025-07-06 03:00,BUGANG,20FT,0,0,0,0,9,2,0,0
CARRIER_A,2025-07-06 04:00,BUGANG,20FT,0,0,0,0,9,2,0,0
CARRIER_A,2025-07-06 05:00,BUGANG,20FT,0,0,0,0,9,2,0,0
CARRIER_A,2025-07-06 06:00,BUGANG,20FT,0,0,0,0,9,2,0,0
CARRIER_A,2025-07-06 07:00,BUGANG,20FT,0,0,0,0,9,2,0,0
CARRIER_A,2025-07-06 08:00,BUGANG,20FT,0,0,0,0,9,2,0,0
CARRIER_A,2025-07-06 09:00,BUGANG,20FT,0,0,0,0,9,2,0,0
CARRIER_A,2025-07-06 10:00,BUGANG,20FT,0,1,0,0,10,3,0,0
CARRIER_A,2025-07-06 11:00,BUGANG,20FT,0,0,0,0,10,3,0,0
CARRIER_A,2025-07-06 12:00,BUGANG,20FT,0,0,0,0,10,3,0,0
CARRIER_A,2025-07-06 13:00,BUGANG,20FT,0,0,0,0,10,3,0,0
CARRIER_A,2025-07-06 14:00,BUGANG,20FT,0,0,0,0,10,3,0,0
CARRIER_A,2025-07-06 15:00,BUGANG,20FT,0,1,0,0,11,4,0,0
CARRIER_A,2025-07-06 16:00,BUGANG,20FT,1,0,0,0,10,3,0,0
CARRIER_A,2025-07-06 17:00,BUGANG,20FT,0,0,0,0,10,3,0,0
CARRIER_A,2025-07-06 18:00,BUGANG,20FT,0,0,0,0,10,3,0,0
CARRIER_A,2025-07-06 19:00,BUGANG,20FT,1,0,0,0,9,2,0,0
CARRIER_A,2025-07-06 20:00,BUGANG,20FT,0,0,0,0,9,2,0,0
CARRIER_A,2025-07-06 21:00,BUGANG,20FT,0,0,0,0,9,2,0,0
CARRIER_A,2025-07-06 22:00,BUGANG,20FT,0,0,0,0,9,2,0,0
CARRIER_A,2025-07-06 23:00,BUGANG,20FT,0,0,0,0,9,2,0,0
CARRIER_A,2025-07-07 00:00,BUGANG,20FT,0,0,0,0,9,2,0,0
CARRIER_A,2025-07-07 01:00,BUGANG,20FT,0,0,0,0,9,2,0,0
CARRIER_A,2025-07-07 02:00,BUGANG,20FT,0,0,0,0,9,2,0,0
CARRIER_A,2025-07-07 03:00,BUGANG,20FT,0,0,0,0,9,2,0,0
CARRIER_A,2025-07-07 04:00,BUGANG,20FT,0,0,0,0,9,2,0,0
CARRIER_A,2025-07-07 05:00,BUGANG,20FT,0,0,0,0,9,2,0,0
CARRIER_A,2025-07-07 06:00,BUGANG,20FT,0,0,0,0,9,2,0,0
CARRIER_A,2025-07-07 07:00,BUGANG,20FT,0,0,0,0,9,2,0,0
CARRIER_A,2025-07-07 08:00,BUGANG,20FT,0,0,0,0,9,2,0,0
CARRIER_A,2025-07-07 09:00,BUGANG,20FT,0,0,0,0,9,2,0,0
CARRIER_A,2025-07-07 10:00,BUGANG,20FT,0,0,0,0,9,2,0,0
CARRIER_A,2025-07-07 11:00,BUGANG,20FT,1,0,0,0,8,1,0,0
CARRIER_A,2025-07-07 12:00,BUGANG,20FT,0,0,0,0,8,1,0,0
CARRIER_A,2025-07-07 13:00,BUGANG,20FT,0,0,0,0,8,1,0,0
CARRIER_A,2025-07-07 14:00,BUGANG,20FT,1,0,0,0,7,0,0,0
CARRIER_A,2025-07-07 15:00,BUGANG,20FT,0,0,0,0,7,0,0,0
CARRIER_A,2025-07-07 16:00,BUGANG,20FT,0,0,0,0,7,0,0,0
CARRIER_A,2025-07-07 17:00,BUGANG,20FT,0,1,0,0,8,1,0,0
CARRIER_A,2025-07-07 18:00,BUGANG,20FT,0,0,0,0,8,1,0,0
CARRIER_A,2025-07-07 19:00,BUGANG,20FT,0,0,0,0,8,1,0,0
CARRIER_A,2025-07-07 20:00,BUGANG,20FT,0,0,0,0,8,1,0,0
CARRIER_A,2025-07-07 21:00,BUGANG,20FT,0,0,0,0,8,1,0,0
CARRIER_A,2025-07-07 22:00,BUGANG,20FT,0,0,0,0,8,1,0,0
CARRIER_A,2025-07-07 23:00,BUGANG,20FT,0,0,0,0,8,1,0,0
CARRIER_A,2025-07-01 00:00,BUGANG,40FT,0,0,0,0,1,1,0,0
CARRIER_A,2025-07-01 01:00,BUGANG,40FT,0,0,0,0,1,1,0,0
CARRIER_A,2025-07-01 02:00,BUGANG,40FT,0,0,0,0,1,1,0,0
CARRIER_A,2025-07-01 03:00,BUGANG,40FT,0,0,0,0,1,1,0,0
CARRIER_A,2025-07-01 04:00,BUGANG,40FT,0,0,0,0,1,1,0,0
CARRIER_A,2025-07-01 05:00,BUGANG,40FT,0,0,0,0,1,1,0,0
CARRIER_A,2025-07-01 06:00,BUGANG,40FT,0,0,0,0,1,1,0,0
CARRIER_A,2025-07-01 07:00,BUGANG,40FT,0,0,0,0,1,1,0,0
CARRIER_A,2025-07-01 08:00,BUGANG,40FT,0,0,0,0,1,1,0,0
CARRIER_A,2025-07-01 09:00,BUGANG,40FT,0,0,0,0,1,1,0,0
CARRIER_A,2025-07-01 10:00,BUGANG,40FT,0,0,0,0,1,1,0,0
CARRIER_A,2025-07-01 11:00,BUGANG,40FT,0,0,0,0,1,1,0,0
CARRIER_A,2025-07-01 12:00,BUGANG,40FT,0,0,0,0,1,1,0,0
CARRIER_A,2025-07-01 13:00,BUGANG,40FT,1,0,0,0,0,0,0,0
CARRIER_A,2025-07-01 14:00,BUGANG,40FT,0,0,0,0,0,0,0,0
CARRIER_A,2025-07-01 15:00,BUGANG,40FT,0,0,0,0,0,0,0,0
CARRIER_A,2025-07-01 16:00,BUGANG,40FT,0,0,0,0,0,0,0,0
CARRIER_A,2025-07-01 17:00,BUGANG,40FT,0,0,0,0,0,0,0,0
CARRIER_A,2025-07-01 18:00,BUGANG,40FT,0,0,0,0,0,0,0,0
CARRIER_A,2025-07-01 19:00,BUGANG,40FT,0,0,0,0,0,0,0,0
CARRIER_A,2025-07-01 20:00,BUGANG,40FT,0,0,0,0,0,0,0,0
CARRIER_A,2025-07-01 21:00,BUGANG,40FT,0,0,0,0,0,0,0,0
CARRIER_A,2025-07-01 22:00,BUGANG,40FT,0,0,0,0,0,0,0,0
CARRIER_A,2025-07-01 23:00,BUGANG,40FT,0,0,0,0,0,0,0,0
CARRIER_A,2025-07-02 00:00,BUGANG,40FT,0,0,0,0,0,0,0,0
CARRIER_A,2025-07-02 01:00,BUGANG,40FT,0,0,0,0,0,0,0,0
CARRIER_A,2025-07-02 02:00,BUGANG,40FT,0,0,0,0,0,0,0,0
CARRIER_A,2025-07-02 03:00,BUGANG,40FT,0,0,0,0,0,0,0,0
CARRIER_A,2025-07-02 04:00,BUGANG,40FT,0,0,0,0,0,0,0,0
CARRIER_A,2025-07-02 05:00,BUGANG,40FT,0,0,0,0,0,0,0,0
CARRIER_A,2025-07-02 06:00,BUGANG,40FT,0,0,0,0,0,0,0,0
CARRIER_A,2025-07-02 07:00,BUGANG,40FT,0,0,0,0,0,0,0,0
CARRIER_A,2025-07-02 08:00,BUGANG,40FT,0,0,0,0,0,0,0,0
CARRIER_A,2025-07-02 09:00,BUGANG,40FT,0,0,0,0,0,0,0,0
CARRIER_A,2025-07-02 10:00,BUGANG,40FT,0,0,0,0,0,0,0,0
CARRIER_A,2025-07-02 11:00,BUGANG,40FT,0,0,0,0,0,0,0,0
CARRIER_A,2025-07-02 12:00,BUGANG,40FT,0,0,0,0,0,0,0,0
CARRIER_A,2025-07-02 13:00,BUGANG,40FT,0,0,0,0,0,0,0,0
CARRIER_A,2025-07-02 14:00,BUGANG,40FT,0,0,0,0,0,0,0,0
CARRIER_A,2025-07-02 15:00,BUGANG,40FT,0,0,0,0,0,0,0,0
CARRIER_A,2025-07-02 16:00,BUGANG,40FT,0,0,0,0,0,0,0,0
CARRIER_A,2025-07-02 17:00,BUGANG,40FT,0,0,0,0,0,0,0,0
CARRIER_A,2025-07-02 18:00,BUGANG,40FT,0,0,0,0,0,0,0,0
CARRIER_A,2025-07-02 19:00,BUGANG,40FT,0,0,0,0,0,0,0,0
CARRIER_A,2025-07-02 20:00,BUGANG,40FT,0,0,0,0,0,0,0,0
CARRIER_A,2025-07-02 21:00,BUGANG,40FT,0,0,0,0,0,0,0,0
CARRIER_A,2025-07-02 22:00,BUGANG,40FT,0,0,0,0,0,0,0,0
CARRIER_A,2025-07-02 23:00,BUGANG,40FT,0,0,0,0,0,0,0,0
CARRIER_A,2025-07-03 00:00,BUGANG,40FT,0,0,0,0,0,0,0,0
CARRIER_A,2025-07-03 01:00,BUGANG,40FT,0,0,0,0,0,0,0,0
CARRIER_A,2025-07-03 02:00,BUGANG,40FT,0,0,0,0,0,0,0,0
CARRIER_A,2025-07-03 03:00,BUGANG,40FT,0,0,0,0,0,0,0,0
CARRIER_A,2025-07-03 04:00,BUGANG,40FT,0,0,0,0,0,0,0,0
CARRIER_A,2025-07-03 05:00,BUGANG,40FT,0,0,0,0,0,0,0,0
CARRIER_A,2025-07-03 06:00,BUGANG,40FT,0,0,0,0,0,0,0,0
CARRIER_A,2025-07-03 07:00,BUGANG,40FT,0,0,0,0,0,0,0,0
CARRIER_A,2025-07-03 08:00,BUGANG,40FT,0,1,0,0,1,1,0,0
CARRIER_A,2025-07-03 09:00,BUGANG,40FT,0,0,0,0,1,1,0,0
CARRIER_A,2025-07-03 10:00,BUGANG,40FT,0,0,0,0,1,1,0,0
CARRIER_A,2025-07-03 11:00,BUGANG,40FT,0,0,0,0,1,1,0,0
CARRIER_A,2025-07-03 12:00,BUGANG,40FT,0,0,0,0,1,1,0,0
CARRIER_A,2025-07-03 13:00,BUGANG,40FT,0,0,0,0,1,1,0,0
CARRIER_A,2025-07-03 14:00,BUGANG,40FT,0,1,0,0,2,2,0,0
CARRIER_A,2025-07-03 15:00,BUGANG,40FT,0,0,0,0,2,2,0,0
CARRIER_A,2025-07-03 16:00,BUGANG,40FT,0,0,0,0,2,2,0,0
CARRIER_A,2025-07-03 17:00,BUGANG,40FT,0,0,0,0,2,2,0,0
CARRIER_A,2025-07-03 18:00,BUGANG,40FT,0,0,0,0,2,2,0,0
CARRIER_A,2025-07-03 19:00,BUGANG,40FT,0,0,0,0,2,2,0,0
CARRIER_A,2025-07-03 20:00,BUGANG,40FT,0,0,0,0,2,2,0,0
CARRIER_A,2025-07-03 21:00,BUGANG,40FT,0,0,0,0,2,2,0,0
CARRIER_A,2025-07-03 22:00,BUGANG,40FT,0,0,0,0,2,2,0,0
CARRIER_A,2025-07-03 23:00,BUGANG,40FT,0,0,0,0,2,2,0,0
CARRIER_A,2025-07-04 00:00,BUGANG,40FT,0,0,0,0,2,2,0,0
CARRIER_A,2025-07-04 01:00,BUGANG,40FT,0,0,0,0,2,2,0,0
CARRIER_A,2025-07-04 02:00,BUGANG,40FT,0,0,0,0,2,2,0,0
CARRIER_A,2025-07-04 03:00,BUGANG,40FT,0,0,0,0,2,2,0,0
CARRIER_A,2025-07-04 04:00,BUGANG,40FT,0,0,0,0,2,2,0,0
CARRIER_A,2025-07-04 05:00,BUGANG,40FT,0,0,0,0,2,2,0,0
CARRIER_A,2025-07-04 06:00,BUGANG,40FT,0,0,0,0,2,2,0,0
CARRIER_A,2025-07-04 07:00,BUGANG,40FT,0,0,0,0,2,2,0,0
CARRIER_A,2025-07-04 08:00,BUGANG,40FT,0,0,0,0,2,2,0,0
CARRIER_A,2025-07-04 09:00,BUGANG,40FT,0,0,0,0,2,2,0,0
CARRIER_A,2025-07-04 10:00,BUGANG,40FT,0,0,0,0,2,2,0,0
CARRIER_A,2025-07-04 11:00,BUGANG,40FT,0,1,0,0,3,3,0,0
CARRIER_A,2025-07-04 12:00,BUGANG,40FT,0,0,0,0,3,3,0,0
CARRIER_A,2025-07-04 13:00,BUGANG,40FT,0,0,0,0,3,3,0,0
CARRIER_A,2025-07-04 14:00,BUGANG,40FT,0,0,0,0,3,3,0,0
CARRIER_A,2025-07-04 15:00,BUGANG,40FT,0,0,0,0,3,3,0,0
CARRIER_A,2025-07-04 16:00,BUGANG,40FT,0,0,0,0,3,3,0,0
CARRIER_A,2025-07-04 17:00,BUGANG,40FT,0,0,0,0,3,3,0,0
CARRIER_A,2025-07-04 18:00,BUGANG,40FT,0,0,0,0,3,3,0,0
CARRIER_A,2025-07-04 19:00,BUGANG,40FT,0,0,0,0,3,3,0,0
CARRIER_A,2025-07-04 20:00,BUGANG,40FT,0,0,0,0,3,3,0,0
CARRIER_A,2025-07-04 21:00,BUGANG,40FT,0,0,0,0,3,3,0,0
CARRIER_A,2025-07-04 22:00,BUGANG,40FT,0,0,0,0,3,3,0,0
CARRIER_A,2025-07-04 23:00,BUGANG,40FT,0,0,0,0,3,3,0,0
CARRIER_A,2025-07-05 00:00,BUGANG,40FT,0,0,0,0,3,3,0,0
CARRIER_A,2025-07-05 01:00,BUGANG,40FT,0,0,0,0,3,3,0,0
CARRIER_A,2025-07-05 02:00,BUGANG,40FT,0,0,0,0,3,3,0,0
CARRIER_A,2025-07-05 03:00,BUGANG,40FT,0,0,0,0,3,3,0,0
CARRIER_A,2025-07-05 04:00,BUGANG,40FT,0,0,0,0,3,3,0,0
CARRIER_A,2025-07-05 05:00,BUGANG,40FT,0,0,0,0,3,3,0,0
CARRIER_A,2025-07-05 06:00,BUGANG,40FT,0,0,0,0,3,3,0,0
CARRIER_A,2025-07-05 07:00,BUGANG,40FT,0,0,0,0,3,3,0,0
CARRIER_A,2025-07-05 08:00,BUGANG,40FT,0,0,0,0,3,3,0,0
CARRIER_A,2025-07-05 09:00,BUGANG,40FT,0,0,0,0,3,3,0,0
CARRIER_A,2025-07-05 10:00,BUGANG,40FT,0,0,0,0,3,3,0,0
CARRIER_A,2025-07-05 11:00,BUGANG,40FT,0,0,0,0,3,3,0,0
CARRIER_A,2025-07-05 12:00,BUGANG,40FT,0,0,0,0,3,3,0,0
CARRIER_A,2025-07-05 13:00,BUGANG,40FT,0,0,0,0,3,3,0,0
CARRIER_A,2025-07-05 14:00,BUGANG,40FT,0,0,0,0,3,3,0,0
CARRIER_A,2025-07-05 15:00,BUGANG,40FT,0,0,0,0,3,3,0,0
CARRIER_A,2025-07-05 16:00,BUGANG,40FT,0,0,0,0,3,3,0,0
CARRIER_A,2025-07-05 17:00,BUGANG,40FT,0,0,0,0,3,3,0,0
CARRIER_A,2025-07-05 18:00,BUGANG,40FT,0,0,0,0,3,3,0,0
CARRIER_A,2025-07-05 19:00,BUGANG,40FT,0,0,0,0,3,3,0,0
CARRIER_A,2025-07-05 20:00,BUGANG,40FT,0,0,0,0,3,3,0,0
CARRIER_A,2025-07-05 21:00,BUGANG,40FT,0,0,0,0,3,3,0,0
CARRIER_A,2025-07-05 22:00,BUGANG,40FT,0,0,0,0,3,3,0,0
CARRIER_A,2025-07-05 23:00,BUGANG,40FT,0,0,0,0,3,3,0,0
CARRIER_A,2025-07-06 00:00,BUGANG,40FT,0,0,0,0,3,3,0,0
CARRIER_A,2025-07-06 01:00,BUGANG,40FT,0,0,0,0,3,3,0,0
CARRIER_A,2025-07-06 02:00,BUGANG,40FT,0,0,0,0,3,3,0,0
CARRIER_A,2025-07-06 03:00,BUGANG,40FT,0,0,0,0,3,3,0,0
CARRIER_A,2025-07-06 04:00,BUGANG,40FT,0,0,0,0,3,3,0,0
CARRIER_A,2025-07-06 05:00,BUGANG,40FT,0,0,0,0,3,3,0,0
CARRIER_A,2025-07-06 06:00,BUGANG,40FT,0,0,0,0,3,3,0,0
CARRIER_A,2025-07-06 07:00,BUGANG,40FT,0,0,0,0,3,3,0,0
CARRIER_A,2025-07-06 08:00,BUGANG,40FT,0,0,0,0,3,3,0,0
CARRIER_A,2025-07-06 09:00,BUGANG,40FT,1,0,0,0,2,2,0,0
CARRIER_A,2025-07-06 10:00,BUGANG,40FT,0,0,0,0,2,2,0,0
CARRIER_A,2025-07-06 11:00,BUGANG,40FT,0,0,0,0,2,2,0,0
CARRIER_A,2025-07-06 12:00,BUGANG,40FT,0,0,0,0,2,2,0,0
CARRIER_A,2025-07-06 13:00,BUGANG,40FT,1,0,0,0,1,1,0,0
CARRIER_A,2025-07-06 14:00,BUGANG,40FT,0,0,0,0,1,1,0,0
CARRIER_A,2025-07-06 15:00,BUGANG,40FT,0,0,0,0,1,1,0,0
CARRIER_A,2025-07-06 16:00,BUGANG,40FT,0,1,0,0,2,2,0,0
CARRIER_A,2025-07-06 17:00,BUGANG,40FT,0,0,0,0,2,2,0,0
CARRIER_A,2025-07-06 18:00,BUGANG,40FT,0,0,0,0,2,2,0,0
CARRIER_A,2025-07-06 19:00,BUGANG,40FT,0,0,0,0,2,2,0,0
CARRIER_A,2025-07-06 20:00,BUGANG,40FT,0,0,0,0,2,2,0,0
CARRIER_A,2025-07-06 21:00,BUGANG,40FT,0,0,0,0,2,2,0,0
CARRIER_A,2025-07-06 22:00,BUGANG,40FT,0,0,0,0,2,2,0,0
CARRIER_A,2025-07-06 23:00,BUGANG,40FT,0,0,0,0,2,2,0,0
CARRIER_A,2025-07-07 00:00,BUGANG,40FT,0,0,0,0,2,2,0,0
CARRIER_A,2025-07-07 01:00,BUGANG,40FT,0,0,0,0,2,2,0,0
CARRIER_A,2025-07-07 02:00,BUGANG,40FT,0,0,0,0,2,2,0,0
CARRIER_A,2025-07-07 03:00,BUGANG,40FT,0,0,0,0,2,2,0,0
CARRIER_A,2025-07-07 04:00,BUGANG,40FT,0,0,0,0,2,2,0,0
CARRIER_A,2025-07-07 05:00,BUGANG,40FT,0,0,0,0,2,2,0,0
CARRIER_A,2025-07-07 06:00,BUGANG,40FT,0,0,0,0,2,2,0,0
CARRIER_A,2025-07-07 07:00,BUGANG,40FT,0,0,0,0,2,2,0,0
CARRIER_A,2025-07-07 08:00,BUGANG,40FT,0,0,0,0,2,2,0,0
CARRIER_A,2025-07-07 09:00,BUGANG,40FT,0,0,0,0,2,2,0,0
CARRIER_A,2025-07-07 10:00,BUGANG,40FT,0,0,0,0,2,2,0,0
CARRIER_A,2025-07-07 11:00,BUGANG,40FT,0,0,0,0,2,2,0,0
CARRIER_A,2025-07-07 12:00,BUGANG,40FT,0,0,0,0,2,2,0,0
CARRIER_A,2025-07-07 13:00,BUGANG,40FT,0,0,0,0,2,2,0,0
CARRIER_A,2025-07-07 14:00,BUGANG,40FT,0,0,0,0,2,2,0,0
CARRIER_A,2025-07-07 15:00,BUGANG,40FT,0,0,0,0,2,2,0,0
CARRIER_A,2025-07-07 16:00,BUGANG,40FT,0,0,0,0,2,2,0,0
CARRIER_A,2025-07-07 17:00,BUGANG,40FT,0,0,0,0,2,2,0,0
CARRIER_A,2025-07-07 18:00,BUGANG,40FT,0,0,0,0,2,2,0,0
CARRIER_A,2025-07-07 19:00,BUGANG,40FT,0,0,0,0,2,2,0,0
CARRIER_A,2025-07-07 20:00,BUGANG,40FT,0,0,0,0,2,2,0,0
CARRIER_A,2025-07-07 21:00,BUGANG,40FT,0,0,0,0,2,2,0,0
CARRIER_A,2025-07-07 22:00,BUGANG,40FT,0,0,0,0,2,2,0,0
CARRIER_A,2025-07-07 23:00,BUGANG,40FT,0,0,0,0,2,2,0,0
CARRIER_A,2025-07-01 00:00,BUSAN,20FT,0,0,0,0,45,45,0,0
CARRIER_A,2025-07-01 01:00,BUSAN,20FT,0,0,0,0,45,45,0,0
CARRIER_A,2025-07-01 02:00,BUSAN,20FT,0,0,0,0,45,45,0,0
CARRIER_A,2025-07-01 03:00,BUSAN,20FT,0,0,0,0,45,45,0,0
CARRIER_A,2025-07-01 04:00,BUSAN,20FT,0,0,0,0,45,45,0,0
CARRIER_A,2025-07-01 05:00,BUSAN,20FT,0,0,0,0,45,45,0,0
CARRIER_A,2025-07-01 06:00,BUSAN,20FT,1,0,0,0,44,44,0,0
CARRIER_A,2025-07-01 07:00,BUSAN,20FT,0,0,0,0,44,44,0,0
CARRIER_A,2025-07-01 08:00,BUSAN,20FT,1,0,0,0,43,43,0,0
CARRIER_A,2025-07-01 09:00,BUSAN,20FT,2,3,0,0,44,44,0,0
CARRIER_A,2025-07-01 10:00,BUSAN,20FT,0,11,0,0,55,55,0,0
CARRIER_A,2025-07-01 11:00,BUSAN,20FT,2,4,0,0,57,57,0,0
CARRIER_A,2025-07-01 12:00,BUSAN,20FT,0,1,0,0,58,58,0,0
CARRIER_A,2025-07-01 13:00,BUSAN,20FT,0,5,0,0,63,63,0,0
CARRIER_A,2025-07-01 14:00,BUSAN,20FT,1,4,0,0,66,66,0,0
CARRIER_A,2025-07-01 15:00,BUSAN,20FT,0,0,0,0,66,66,0,0
CARRIER_A,2025-07-01 16:00,BUSAN,20FT,1,3,0,0,68,68,0,0
CARRIER_A,2025-07-01 17:00,BUSAN,20FT,1,1,0,0,68,68,0,0
CARRIER_A,2025-07-01 18:00,BUSAN,20FT,1,2,0,0,69,69,0,0
CARRIER_A,2025-07-01 19:00,BUSAN,20FT,0,1,0,0,70,70,0,0
CARRIER_A,2025-07-01 20:00,BUSAN,20FT,0,0,0,0,70,70,0,0
CARRIER_A,2025-07-01 21:00,BUSAN,20FT,0,0,0,0,70,70,0,0
CARRIER_A,2025-07-01 22:00,BUSAN,20FT,0,0,0,0,70,70,0,0
CARRIER_A,2025-07-01 23:00,BUSAN,20FT,0,0,0,0,70,70,0,0
CARRIER_A,2025-07-02 00:00,BUSAN,20FT,0,0,0,0,70,70,0,0
CARRIER_A,2025-07-02 01:00,BUSAN,20FT,0,0,0,0,70,70,0,0
CARRIER_A,2025-07-02 02:00,BUSAN,20FT,0,0,0,0,70,70,0,0
CARRIER_A,2025-07-02 03:00,BUSAN,20FT,0,0,0,0,70,70,0,0
CARRIER_A,2025-07-02 04:00,BUSAN,20FT,0,0,0,0,70,70,0,0
CARRIER_A,2025-07-02 05:00,BUSAN,20FT,0,0,0,0,70,70,0,0
CARRIER_A,2025-07-02 06:00,BUSAN,20FT,0,0,0,0,70,70,0,0
CARRIER_A,2025-07-02 07:00,BUSAN,20FT,0,0,0,0,70,70,0,0
CARRIER_A,2025-07-02 08:00,BUSAN,20FT,2,0,0,0,68,68,0,0
CARRIER_A,2025-07-02 09:00,BUSAN,20FT,0,0,0,0,68,68,0,0
CARRIER_A,2025-07-02 10:00,BUSAN,20FT,1,0,0,0,67,67,0,0
CARRIER_A,2025-07-02 11:00,BUSAN,20FT,2,0,0,0,65,65,0,0
CARRIER_A,2025-07-02 12:00,BUSAN,20FT,0,0,0,0,65,65,0,0
CARRIER_A,2025-07-02 13:00,BUSAN,20FT,1,1,0,0,65,65,0,0
CARRIER_A,2025-07-02 14:00,BUSAN,20FT,0,0,0,0,65,65,0,0
CARRIER_A,2025-07-02 15:00,BUSAN,20FT,0,0,0,0,65,65,0,0
CARRIER_A,2025-07-02 16:00,BUSAN,20FT,1,0,0,0,64,64,0,0
CARRIER_A,2025-07-02 17:00,BUSAN,20FT,1,0,0,0,63,63,0,0
CARRIER_A,2025-07-02 18:00,BUSAN,20FT,1,0,0,0,62,62,0,0
CARRIER_A,2025-07-02 19:00,BUSAN,20FT,0,0,0,0,62,62,0,0
CARRIER_A,2025-07-02 20:00,BUSAN,20FT,0,0,0,0,62,62,0,0
CARRIER_A,2025-07-02 21:00,BUSAN,20FT,0,0,0,0,62,62,0,0
CARRIER_A,2025-07-02 22:00,BUSAN,20FT,0,0,0,0,62,62,0,0
CARRIER_A,2025-07-02 23:00,BUSAN,20FT,0,0,0,0,62,62,0,0
CARRIER_A,2025-07-03 00:00,BUSAN,20FT,0,0,0,0,62,62,0,0
CARRIER_A,2025-07-03 01:00,BUSAN,20FT,0,0,0,0,62,62,0,0
CARRIER_A,2025-07-03 02:00,BUSAN,20FT,0,0,0,0,62,62,0,0
CARRIER_A,2025-07-03 03:00,BUSAN,20FT,0,0,0,0,62,62,0,0
CARRIER_A,2025-07-03 04:00,BUSAN,20FT,0,0,0,0,62,62,0,0
CARRIER_A,2025-07-03 05:00,BUSAN,20FT,0,0,0,0,62,62,0,0
CARRIER_A,2025-07-03 06:00,BUSAN,20FT,0,0,0,0,62,62,0,0
CARRIER_A,2025-07-03 07:00,BUSAN,20FT,1,0,0,0,61,61,0,0
CARRIER_A,2025-07-03 08:00,BUSAN,20FT,0,0,0,0,61,61,0,0
CARRIER_A,2025-07-03 09:00,BUSAN,20FT,0,0,0,0,61,61,0,0
CARRIER_A,2025-07-03 10:00,BUSAN,20FT,1,0,0,0,60,60,0,0
CARRIER_A,2025-07-03 11:00,BUSAN,20FT,0,0,0,0,60,60,0,0
CARRIER_A,2025-07-03 12:00,BUSAN,20FT,1,1,0,0,60,60,0,0
CARRIER_A,2025-07-03 13:00,BUSAN,20FT,2,1,0,0,59,59,0,0
CARRIER_A,2025-07-03 14:00,BUSAN,20FT,2,0,0,0,57,57,0,0
CARRIER_A,2025-07-03 15:00,BUSAN,20FT,3,1,0,0,55,55,0,0
CARRIER_A,2025-07-03 16:00,BUSAN,20FT,2,0,0,0,53,53,0,0
CARRIER_A,2025-07-03 17:00,BUSAN,20FT,0,1,0,0,54,54,0,0
CARRIER_A,2025-07-03 18:00,BUSAN,20FT,0,0,0,0,54,54,0,0
CARRIER_A,2025-07-03 19:00,BUSAN,20FT,0,1,0,0,55,55,0,0
CARRIER_A,2025-07-03 20:00,BUSAN,20FT,0,1,0,0,56,56,0,0
CARRIER_A,2025-07-03 21:00,BUSAN,20FT,0,0,0,0,56,56,0,0
CARRIER_A,2025-07-03 22:00,BUSAN,20FT,0,0,0,0,56,56,0,0
CARRIER_A,2025-07-03 23:00,BUSAN,20FT,0,0,0,0,56,56,0,0
CARRIER_A,2025-07-04 00:00,BUSAN,20FT,0,0,0,0,56,56,0,0
CARRIER_A,2025-07-04 01:00,BUSAN,20FT,0,0,0,0,56,56,0,0
CARRIER_A,2025-07-04 02:00,BUSAN,20FT,0,0,0,0,56,56,0,0
CARRIER_A,2025-07-04 03:00,BUSAN,20FT,0,0,0,0,56,56,0,0
CARRIER_A,2025-07-04 04:00,BUSAN,20FT,0,0,0,0,56,56,0,0
CARRIER_A,2025-07-04 05:00,BUSAN,20FT,0,0,0,0,56,56,0,0
CARRIER_A,2025-07-04 06:00,BUSAN,20FT,0,0,0,0,56,56,0,0
CARRIER_A,2025-07-04 07:00,BUSAN,20FT,1,0,0,0,55,55,0,0
CARRIER_A,2025-07-04 08:00,BUSAN,20FT,2,0,0,0,53,53,0,0
CARRIER_A,2025-07-04 09:00,BUSAN,20FT,3,7,0,0,57,57,0,0
CARRIER_A,2025-07-04 10:00,BUSAN,20FT,5,2,0,0,54,54,0,0
CARRIER_A,2025-07-04 11:00,BUSAN,20FT,1,1,0,0,54,54,0,0
CARRIER_A,2025-07-04 12:00,BUSAN,20FT,0,3,0,0,57,57,0,0
CARRIER_A,2025-07-04 13:00,BUSAN,20FT,0,2,0,0,59,59,0,0
CARRIER_A,2025-07-04 14:00,BUSAN,20FT,0,4,0,0,63,63,0,0
CARRIER_A,2025-07-04 15:00,BUSAN,20FT,1,2,0,0,64,64,0,0
CARRIER_A,2025-07-04 16:00,BUSAN,20FT,0,2,0,0,66,66,0,0
CARRIER_A,2025-07-04 17:00,BUSAN,20FT,0,0,0,0,66,66,0,0
CARRIER_A,2025-07-04 18:00,BUSAN,20FT,0,1,0,0,67,67,0,0
CARRIER_A,2025-07-04 19:00,BUSAN,20FT,0,1,0,0,68,68,0,0
CARRIER_A,2025-07-04 20:00,BUSAN,20FT,0,0,0,0,68,68,0,0
CARRIER_A,2025-07-04 21:00,BUSAN,20FT,0,2,0,0,70,70,0,0
CARRIER_A,2025-07-04 22:00,BUSAN,20FT,0,0,0,0,70,70,0,0
CARRIER_A,2025-07-04 23:00,BUSAN,20FT,0,0,0,0,70,70,0,0
CARRIER_A,2025-07-05 00:00,BUSAN,20FT,0,0,0,0,70,70,0,0
CARRIER_A,2025-07-05 01:00,BUSAN,20FT,0,0,0,0,70,70,0,0
CARRIER_A,2025-07-05 02:00,BUSAN,20FT,0,0,0,0,70,70,0,0
CARRIER_A,2025-07-05 03:00,BUSAN,20FT,0,0,0,0,70,70,0,0
CARRIER_A,2025-07-05 04:00,BUSAN,20FT,0,0,0,0,70,70,0,0
CARRIER_A,2025-07-05 05:00,BUSAN,20FT,0,0,0,0,70,70,0,0
CARRIER_A,2025-07-05 06:00,BUSAN,20FT,0,0,0,0,70,70,0,0
CARRIER_A,2025-07-05 07:00,BUSAN,20FT,1,0,0,0,69,69,0,0
CARRIER_A,2025-07-05 08:00,BUSAN,20FT,0,1,0,0,70,70,0,0
CARRIER_A,2025-07-05 09:00,BUSAN,20FT,0,0,0,0,70,70,0,0
CARRIER_A,2025-07-05 10:00,BUSAN,20FT,1,0,0,0,69,69,0,0
CARRIER_A,2025-07-05 11:00,BUSAN,20FT,0,2,0,0,71,71,0,0
CARRIER_A,2025-07-05 12:00,BUSAN,20FT,1,0,0,0,70,70,0,0
CARRIER_A,2025-07-05 13:00,BUSAN,20FT,0,1,0,0,71,71,0,0
CARRIER_A,2025-07-05 14:00,BUSAN,20FT,1,0,0,0,70,70,0,0
CARRIER_A,2025-07-05 15:00,BUSAN,20FT,0,1,0,0,71,71,0,0
CARRIER_A,2025-07-05 16:00,BUSAN,20FT,0,1,0,0,72,72,0,0
CARRIER_A,2025-07-05 17:00,BUSAN,20FT,2,16,0,0,86,86,0,0
CARRIER_A,2025-07-05 18:00,BUSAN,20FT,0,0,0,0,86,86,0,0
CARRIER_A,2025-07-05 19:00,BUSAN,20FT,0,1,0,0,87,87,0,0
CARRIER_A,2025-07-05 20:00,BUSAN,20FT,0,1,0,0,88,88,0,0
CARRIER_A,2025-07-05 21:00,BUSAN,20FT,0,1,0,0,89,89,0,0
CARRIER_A,2025-07-05 22:00,BUSAN,20FT,0,0,0,0,89,89,0,0
CARRIER_A,2025-07-05 23:00,BUSAN,20FT,0,0,0,0,89,89,0,0
CARRIER_A,2025-07-06 00:00,BUSAN,20FT,0,0,0,0,89,89,0,0
CARRIER_A,2025-07-06 01:00,BUSAN,20FT,0,0,0,0,89,89,0,0
CARRIER_A,2025-07-06 02:00,BUSAN,20FT,0,0,0,0,89,89,0,0
CARRIER_A,2025-07-06 03:00,BUSAN,20FT,0,0,0,0,89,89,0,0
CARRIER_A,2025-07-06 04:00,BUSAN,20FT,0,0,0,0,89,89,0,0
CARRIER_A,2025-07-06 05:00,BUSAN,20FT,0,0,0,0,89,89,0,0
CARRIER_A,2025-07-06 06:00,BUSAN,20FT,1,0,0,0,88,88,0,0
CARRIER_A,2025-07-06 07:00,BUSAN,20FT,3,0,0,0,85,85,0,0
CARRIER_A,2025-07-06 08:00,BUSAN,20FT,0,0,0,0,85,85,0,0
CARRIER_A,2025-07-06 09:00,BUSAN,20FT,1,0,0,0,84,84,0,0
CARRIER_A,2025-07-06 10:00,BUSAN,20FT,1,1,0,0,84,84,0,0
CARRIER_A,2025-07-06 11:00,BUSAN,20FT,0,1,0,0,85,85,0,0
CARRIER_A,2025-07-06 12:00,BUSAN,20FT,0,1,0,0,86,86,0,0
CARRIER_A,2025-07-06 13:00,BUSAN,20FT,0,1,0,0,87,87,0,0
CARRIER_A,2025-07-06 14:00,BUSAN,20FT,0,0,0,0,87,87,0,0
CARRIER_A,2025-07-06 15:00,BUSAN,20FT,1,0,0,0,86,86,0,0
CARRIER_A,2025-07-06 16:00,BUSAN,20FT,1,1,0,0,86,86,0,0
CARRIER_A,2025-07-06 17:00,BUSAN,20FT,1,0,0,0,85,85,0,0
CARRIER_A,2025-07-06 18:00,BUSAN,20FT,1,1,0,0,85,85,0,0
CARRIER_A,2025-07-06 19:00,BUSAN,20FT,0,0,0,0,85,85,0,0
CARRIER_A,2025-07-06 20:00,BUSAN,20FT,0,1,0,0,86,86,0,0
CARRIER_A,2025-07-06 21:00,BUSAN,20FT,0,0,0,0,86,86,0,0
CARRIER_A,2025-07-06 22:00,BUSAN,20FT,0,0,0,0,86,86,0,0
CARRIER_A,2025-07-06 23:00,BUSAN,20FT,0,0,0,0,86,86,0,0
CARRIER_A,2025-07-07 00:00,BUSAN,20FT,0,0,0,0,86,86,0,0
CARRIER_A,2025-07-07 01:00,BUSAN,20FT,0,0,0,0,86,86,0,0
CARRIER_A,2025-07-07 02:00,BUSAN,20FT,0,0,0,0,86,86,0,0
CARRIER_A,2025-07-07 03:00,BUSAN,20FT,0,0,0,0,86,86,0,0
CARRIER_A,2025-07-07 04:00,BUSAN,20FT,0,0,0,0,86,86,0,0
CARRIER_A,2025-07-07 05:00,BUSAN,20FT,0,0,0,0,86,86,0,0
CARRIER_A,2025-07-07 06:00,BUSAN,20FT,1,0,0,0,85,85,0,0
CARRIER_A,2025-07-07 07:00,BUSAN,20FT,0,1,0,0,86,86,0,0
CARRIER_A,2025-07-07 08:00,BUSAN,20FT,0,0,0,0,86,86,0,0
CARRIER_A,2025-07-07 09:00,BUSAN,20FT,0,0,0,0,86,86,0,0
CARRIER_A,2025-07-07 10:00,BUSAN,20FT,1,1,0,0,86,86,0,0
CARRIER_A,2025-07-07 11:00,BUSAN,20FT,0,0,0,0,86,86,0,0
CARRIER_A,2025-07-07 12:00,BUSAN,20FT,0,0,0,0,86,86,0,0
CARRIER_A,2025-07-07 13:00,BUSAN,20FT,2,0,0,0,84,84,0,0
CARRIER_A,2025-07-07 14:00,BUSAN,20FT,3,0,0,0,81,81,0,0
CARRIER_A,2025-07-07 15:00,BUSAN,20FT,1,1,0,0,81,81,0,0
CARRIER_A,2025-07-07 16:00,BUSAN,20FT,0,1,0,0,82,82,0,0
CARRIER_A,2025-07-07 17:00,BUSAN,20FT,0,0,0,0,82,82,0,0
CARRIER_A,2025-07-07 18:00,BUSAN,20FT,0,2,0,0,84,84,0,0
CARRIER_A,2025-07-07 19:00,BUSAN,20FT,1,1,0,0,84,84,0,0
CARRIER_A,2025-07-07 20:00,BUSAN,20FT,0,0,0,0,84,84,0,0
CARRIER_A,2025-07-07 21:00,BUSAN,20FT,0,0,0,0,84,84,0,0
CARRIER_A,2025-07-07 22:00,BUSAN,20FT,0,0,0,0,84,84,0,0
CARRIER_A,2025-07-07 23:00,BUSAN,20FT,0,0,0,0,84,84,0,0
CARRIER_A,2025-07-01 00:00,BUSAN,40FT,0,0,0,0,15,15,0,0
CARRIER_A,2025-07-01 01:00,BUSAN,40FT,0,0,0,0,15,15,0,0
CARRIER_A,2025-07-01 02:00,BUSAN,40FT,0,0,0,0,15,15,0,0
CARRIER_A,2025-07-01 03:00,BUSAN,40FT,0,0,0,0,15,15,0,0
CARRIER_A,2025-07-01 04:00,BUSAN,40FT,0,0,0,0,15,15,0,0
CARRIER_A,2025-07-01 05:00,BUSAN,40FT,0,0,0,0,15,15,0,0
CARRIER_A,2025-07-01 06:00,BUSAN,40FT,0,0,0,0,15,15,0,0
CARRIER_A,2025-07-01 07:00,BUSAN,40FT,1,0,0,0,14,14,0,0
CARRIER_A,2025-07-01 08:00,BUSAN,40FT,0,0,0,0,14,14,0,0
CARRIER_A,2025-07-01 09:00,BUSAN,40FT,0,0,0,0,14,14,0,0
CARRIER_A,2025-07-01 10:00,BUSAN,40FT,0,1,0,0,15,15,0,0
CARRIER_A,2025-07-01 11:00,BUSAN,40FT,2,1,0,0,14,14,0,0
CARRIER_A,2025-07-01 12:00,BUSAN,40FT,1,1,0,0,14,14,0,0
CARRIER_A,2025-07-01 13:00,BUSAN,40FT,0,2,0,0,16,16,0,0
CARRIER_A,2025-07-01 14:00,BUSAN,40FT,1,0,0,0,15,15,0,0
CARRIER_A,2025-07-01 15:00,BUSAN,40FT,0,2,0,0,17,17,0,0
CARRIER_A,2025-07-01 16:00,BUSAN,40FT,0,1,0,0,18,18,0,0
CARRIER_A,2025-07-01 17:00,BUSAN,40FT,0,1,0,0,19,19,0,0
CARRIER_A,2025-07-01 18:00,BUSAN,40FT,0,0,0,0,19,19,0,0
CARRIER_A,2025-07-01 19:00,BUSAN,40FT,0,2,0,0,21,21,0,0
CARRIER_A,2025-07-01 20:00,BUSAN,40FT,0,2,0,0,23,23,0,0
CARRIER_A,2025-07-01 21:00,BUSAN,40FT,0,0,0,0,23,23,0,0
CARRIER_A,2025-07-01 22:00,BUSAN,40FT,0,0,0,0,23,23,0,0
CARRIER_A,2025-07-01 23:00,BUSAN,40FT,0,0,0,0,23,23,0,0
CARRIER_A,2025-07-02 00:00,BUSAN,40FT,0,0,0,0,23,23,0,0
CARRIER_A,2025-07-02 01:00,BUSAN,40FT,0,0,0,0,23,23,0,0
CARRIER_A,2025-07-02 02:00,BUSAN,40FT,0,0,0,0,23,23,0,0
CARRIER_A,2025-07-02 03:00,BUSAN,40FT,0,0,0,0,23,23,0,0
CARRIER_A,2025-07-02 04:00,BUSAN,40FT,0,0,0,0,23,23,0,0
CARRIER_A,2025-07-02 05:00,BUSAN,40FT,0,0,0,0,23,23,0,0
CARRIER_A,2025-07-02 06:00,BUSAN,40FT,0,0,0,0,23,23,0,0
CARRIER_A,2025-07-02 07:00,BUSAN,40FT,2,0,0,0,21,21,0,0
CARRIER_A,2025-07-02 08:00,BUSAN,40FT,0,0,0,0,21,21,0,0
CARRIER_A,2025-07-02 09:00,BUSAN,40FT,1,0,0,0,20,20,0,0
CARRIER_A,2025-07-02 10:00,BUSAN,40FT,1,0,0,0,19,19,0,0
CARRIER_A,2025-07-02 11:00,BUSAN,40FT,0,0,0,0,19,19,0,0
CARRIER_A,2025-07-02 12:00,BUSAN,40FT,0,0,0,0,19,19,0,0
CARRIER_A,2025-07-02 13:00,BUSAN,40FT,1,0,0,0,18,18,0,0
CARRIER_A,2025-07-02 14:00,BUSAN,40FT,0,0,0,0,18,18,0,0
CARRIER_A,2025-07-02 15:00,BUSAN,40FT,0,0,0,0,18,18,0,0
CARRIER_A,2025-07-02 16:00,BUSAN,40FT,0,0,0,0,18,18,0,0
CARRIER_A,2025-07-02 17:00,BUSAN,40FT,0,0,0,0,18,18,0,0
CARRIER_A,2025-07-02 18:00,BUSAN,40FT,0,0,0,0,18,18,0,0
CARRIER_A,2025-07-02 19:00,BUSAN,40FT,0,0,0,0,18,18,0,0
CARRIER_A,2025-07-02 20:00,BUSAN,40FT,0,0,0,0,18,18,0,0
CARRIER_A,2025-07-02 21:00,BUSAN,40FT,0,0,0,0,18,18,0,0
CARRIER_A,2025-07-02 22:00,BUSAN,40FT,0,0,0,0,18,18,0,0
CARRIER_A,2025-07-02 23:00,BUSAN,40FT,0,0,0,0,18,18,0,0
CARRIER_A,2025-07-03 00:00,BUSAN,40FT,0,0,0,0,18,18,0,0
CARRIER_A,2025-07-03 01:00,BUSAN,40FT,0,0,0,0,18,18,0,0
CARRIER_A,2025-07-03 02:00,BUSAN,40FT,0,0,0,0,18,18,0,0
CARRIER_A,2025-07-03 03:00,BUSAN,40FT,0,0,0,0,18,18,0,0
CARRIER_A,2025-07-03 04:00,BUSAN,40FT,0,0,0,0,18,18,0,0
CARRIER_A,2025-07-03 05:00,BUSAN,40FT,0,0,0,0,18,18,0,0
CARRIER_A,2025-07-03 06:00,BUSAN,40FT,1,0,0,0,17,17,0,0
CARRIER_A,2025-07-03 07:00,BUSAN,40FT,0,0,0,0,17,17,0,0
CARRIER_A,2025-07-03 08:00,BUSAN,40FT,0,0,0,0,17,17,0,0
CARRIER_A,2025-07-03 09:00,BUSAN,40FT,1,0,0,0,16,16,0,0
CARRIER_A,2025-07-03 10:00,BUSAN,40FT,1,3,0,0,18,18,0,0
CARRIER_A,2025-07-03 11:00,BUSAN,40FT,0,0,0,0,18,18,0,0
CARRIER_A,2025-07-03 12:00,BUSAN,40FT,0,0,0,0,18,18,0,0
CARRIER_A,2025-07-03 13:00,BUSAN,40FT,1,0,0,0,17,17,0,0
CARRIER_A,2025-07-03 14:00,BUSAN,40FT,0,0,0,0,17,17,0,0
CARRIER_A,2025-07-03 15:00,BUSAN,40FT,1,0,0,0,16,16,0,0
CARRIER_A,2025-07-03 16:00,BUSAN,40FT,0,0,0,0,16,16,0,0
CARRIER_A,2025-07-03 17:00,BUSAN,40FT,0,0,0,0,16,16,0,0
CARRIER_A,2025-07-03 18:00,BUSAN,40FT,0,0,0,0,16,16,0,0
CARRIER_A,2025-07-03 19:00,BUSAN,40FT,0,0,0,0,16,16,0,0
CARRIER_A,2025-07-03 20:00,BUSAN,40FT,0,0,0,0,16,16,0,0
CARRIER_A,2025-07-03 21:00,BUSAN,40FT,0,0,0,0,16,16,0,0
CARRIER_A,2025-07-03 22:00,BUSAN,40FT,0,0,0,0,16,16,0,0
CARRIER_A,2025-07-03 23:00,BUSAN,40FT,0,0,0,0,16,16,0,0
CARRIER_A,2025-07-04 00:00,BUSAN,40FT,0,0,0,0,16,16,0,0
CARRIER_A,2025-07-04 01:00,BUSAN,40FT,0,0,0,0,16,16,0,0
CARRIER_A,2025-07-04 02:00,BUSAN,40FT,0,0,0,0,16,16,0,0
CARRIER_A,2025-07-04 03:00,BUSAN,40FT,0,0,0,0,16,16,0,0
CARRIER_A,2025-07-04 04:00,BUSAN,40FT,0,0,0,0,16,16,0,0
CARRIER_A,2025-07-04 05:00,BUSAN,40FT,0,0,0,0,16,16,0,0
CARRIER_A,2025-07-04 06:00,BUSAN,40FT,1,1,0,0,16,16,0,0
CARRIER_A,2025-07-04 07:00,BUSAN,40FT,1,17,0,0,32,32,0,0
CARRIER_A,2025-07-04 08:00,BUSAN,40FT,0,1,0,0,33,33,0,0
CARRIER_A,2025-07-04 09:00,BUSAN,40FT,2,0,0,0,31,31,0,0
CARRIER_A,2025-07-04 10:00,BUSAN,40FT,0,0,0,0,31,31,0,0
CARRIER_A,2025-07-04 11:00,BUSAN,40FT,1,0,0,0,30,30,0,0
CARRIER_A,2025-07-04 12:00,BUSAN,40FT,1,0,0,0,29,29,0,0
CARRIER_A,2025-07-04 13:00,BUSAN,40FT,0,0,0,0,29,29,0,0
CARRIER_A,2025-07-04 14:00,BUSAN,40FT,0,1,0,0,30,30,0,0
CARRIER_A,2025-07-04 15:00,BUSAN,40FT,1,1,0,0,30,30,0,0
CARRIER_A,2025-07-04 16:00,BUSAN,40FT,0,1,0,0,31,31,0,0
CARRIER_A,2025-07-04 17:00,BUSAN,40FT,1,0,0,0,30,30,0,0
CARRIER_A,2025-07-04 18:00,BUSAN,40FT,0,1,0,0,31,31,0,0
CARRIER_A,2025-07-04 19:00,BUSAN,40FT,0,0,0,0,31,31,0,0
CARRIER_A,2025-07-04 20:00,BUSAN,40FT,0,0,0,0,31,31,0,0
CARRIER_A,2025-07-04 21:00,BUSAN,40FT,0,0,0,0,31,31,0,0
CARRIER_A,2025-07-04 22:00,BUSAN,40FT,0,0,0,0,31,31,0,0
CARRIER_A,2025-07-04 23:00,BUSAN,40FT,0,0,0,0,31,31,0,0
CARRIER_A,2025-07-05 00:00,BUSAN,40FT,0,0,0,0,31,31,0,0
CARRIER_A,2025-07-05 01:00,BUSAN,40FT,0,0,0,0,31,31,0,0
CARRIER_A,2025-07-05 02:00,BUSAN,40FT,0,0,0,0,31,31,0,0
CARRIER_A,2025-07-05 03:00,BUSAN,40FT,0,0,0,0,31,31,0,0
CARRIER_A,2025-07-05 04:00,BUSAN,40FT,0,0,0,0,31,31,0,0
CARRIER_A,2025-07-05 05:00,BUSAN,40FT,0,0,0,0,31,31,0,0
CARRIER_A,2025-07-05 06:00,BUSAN,40FT,1,0,0,0,30,30,0,0
CARRIER_A,2025-07-05 07:00,BUSAN,40FT,0,0,0,0,30,30,0,0
CARRIER_A,2025-07-05 08:00,BUSAN,40FT,0,0,0,0,30,30,0,0
CARRIER_A,2025-07-05 09:00,BUSAN,40FT,0,0,0,0,30,30,0,0
CARRIER_A,2025-07-05 10:00,BUSAN,40FT,0,2,0,0,32,32,0,0
CARRIER_A,2025-07-05 11:00,BUSAN,40FT,0,0,0,0,32,32,0,0
CARRIER_A,2025-07-05 12:00,BUSAN,40FT,0,0,0,0,32,32,0,0
CARRIER_A,2025-07-05 13:00,BUSAN,40FT,1,0,0,0,31,31,0,0
CARRIER_A,2025-07-05 14:00,BUSAN,40FT,0,1,0,0,32,32,0,0
CARRIER_A,2025-07-05 15:00,BUSAN,40FT,1,0,0,0,31,31,0,0
CARRIER_A,2025-07-05 16:00,BUSAN,40FT,0,1,0,0,32,32,0,0
CARRIER_A,2025-07-05 17:00,BUSAN,40FT,0,0,0,0,32,32,0,0
CARRIER_A,2025-07-05 18:00,BUSAN,40FT,0,1,0,0,33,33,0,0
CARRIER_A,2025-07-05 19:00,BUSAN,40FT,0,0,0,0,33,33,0,0
CARRIER_A,2025-07-05 20:00,BUSAN,40FT,0,0,0,0,33,33,0,0
CARRIER_A,2025-07-05 21:00,BUSAN,40FT,0,0,0,0,33,33,0,0
CARRIER_A,2025-07-05 22:00,BUSAN,40FT,0,0,0,0,33,33,0,0
CARRIER_A,2025-07-05 23:00,BUSAN,40FT,0,0,0,0,33,33,0,0
CARRIER_A,2025-07-06 00:00,BUSAN,40FT,0,0,0,0,33,33,0,0
CARRIER_A,2025-07-06 01:00,BUSAN,40FT,0,0,0,0,33,33,0,0
CARRIER_A,2025-07-06 02:00,BUSAN,40FT,0,12,0,0,45,45,0,0
CARRIER_A,2025-07-06 03:00,BUSAN,40FT,0,0,0,0,45,45,0,0
CARRIER_A,2025-07-06 04:00,BUSAN,40FT,0,0,0,0,45,45,0,0
CARRIER_A,2025-07-06 05:00,BUSAN,40FT,0,0,0,0,45,45,0,0
CARRIER_A,2025-07-06 06:00,BUSAN,40FT,0,0,0,0,45,45,0,0
CARRIER_A,2025-07-06 07:00,BUSAN,40FT,1,0,0,0,44,44,0,0
CARRIER_A,2025-07-06 08:00,BUSAN,40FT,0,0,0,0,44,44,0,0
CARRIER_A,2025-07-06 09:00,BUSAN,40FT,2,1,0,0,43,43,0,0
CARRIER_A,2025-07-06 10:00,BUSAN,40FT,0,0,0,0,43,43,0,0
CARRIER_A,2025-07-06 11:00,BUSAN,40FT,0,0,0,0,43,43,0,0
CARRIER_A,2025-07-06 12:00,BUSAN,40FT,0,0,0,0,43,43,0,0
CARRIER_A,2025-07-06 13:00,BUSAN,40FT,0,0,0,0,43,43,0,0
CARRIER_A,2025-07-06 14:00,BUSAN,40FT,0,1,0,0,44,44,0,0
CARRIER_A,2025-07-06 15:00,BUSAN,40FT,0,0,0,0,44,44,0,0
CARRIER_A,2025-07-06 16:00,BUSAN,40FT,0,0,0,0,44,44,0,0
CARRIER_A,2025-07-06 17:00,BUSAN,40FT,0,0,0,0,44,44,0,0
CARRIER_A,2025-07-06 18:00,BUSAN,40FT,0,0,0,0,44,44,0,0
CARRIER_A,2025-07-06 19:00,BUSAN,40FT,0,1,0,0,45,45,0,0
CARRIER_A,2025-07-06 20:00,BUSAN,40FT,0,0,0,0,45,45,0,0
CARRIER_A,2025-07-06 21:00,BUSAN,40FT,0,0,0,0,45,45,0,0
CARRIER_A,2025-07-06 22:00,BUSAN,40FT,0,0,0,0,45,45,0,0
CARRIER_A,2025-07-06 23:00,BUSAN,40FT,0,0,0,0,45,45,0,0
CARRIER_A,2025-07-07 00:00,BUSAN,40FT,0,0,0,0,45,45,0,0
CARRIER_A,2025-07-07 01:00,BUSAN,40FT,0,0,0,0,45,45,0,0
CARRIER_A,2025-07-07 02:00,BUSAN,40FT,0,0,0,0,45,45,0,0
CARRIER_A,2025-07-07 03:00,BUSAN,40FT,0,0,0,0,45,45,0,0
CARRIER_A,2025-07-07 04:00,BUSAN,40FT,0,0,0,0,45,45,0,0
CARRIER_A,2025-07-07 05:00,BUSAN,40FT,0,0,0,0,45,45,0,0
CARRIER_A,2025-07-07 06:00,BUSAN,40FT,0,0,0,0,45,45,0,0
CARRIER_A,2025-07-07 07:00,BUSAN,40FT,1,0,0,0,44,44,0,0
CARRIER_A,2025-07-07 08:00,BUSAN,40FT,0,0,0,0,44,44,0,0
CARRIER_A,2025-07-07 09:00,BUSAN,40FT,0,1,0,0,45,45,0,0
CARRIER_A,2025-07-07 10:00,BUSAN,40FT,0,0,0,0,45,45,0,0
CARRIER_A,2025-07-07 11:00,BUSAN,40FT,0,2,0,0,47,47,0,0
CARRIER_A,2025-07-07 12:00,BUSAN,40FT,0,1,0,0,48,48,0,0
CARRIER_A,2025-07-07 13:00,BUSAN,40FT,1,0,0,0,47,47,0,0
CARRIER_A,2025-07-07 14:00,BUSAN,40FT,1,1,0,0,47,47,0,0
CARRIER_A,2025-07-07 15:00,BUSAN,40FT,0,2,0,0,49,49,0,0
CARRIER_A,2025-07-07 16:00,BUSAN,40FT,0,0,0,0,49,49,0,0
CARRIER_A,2025-07-07 17:00,BUSAN,40FT,0,0,0,0,49,49,0,0
CARRIER_A,2025-07-07 18:00,BUSAN,40FT,0,1,0,0,50,50,0,0
CARRIER_A,2025-07-07 19:00,BUSAN,40FT,0,1,0,0,51,51,0,0
CARRIER_A,2025-07-07 20:00,BUSAN,40FT,0,1,0,0,52,52,0,0
CARRIER_A,2025-07-07 21:00,BUSAN,40FT,0,1,0,0,53,53,0,0
CARRIER_A,2025-07-07 22:00,BUSAN,40FT,0,0,0,0,53,53,0,0
CARRIER_A,2025-07-07 23:00,BUSAN,40FT,0,0,0,0,53,53,0,0
CARRIER_A,2025-07-01 00:00,DONGSAN,20FT,0,0,0,0,1,1,0,0
CARRIER_A,2025-07-01 01:00,DONGSAN,20FT,0,0,0,0,1,1,0,0
CARRIER_A,2025-07-01 02:00,DONGSAN,20FT,0,0,0,0,1,1,0,0
CARRIER_A,2025-07-01 03:00,DONGSAN,20FT,0,0,0,0,1,1,0,0
CARRIER_A,2025-07-01 04:00,DONGSAN,20FT,0,0,0,0,1,1,0,0
CARRIER_A,2025-07-01 05:00,DONGSAN,20FT,0,0,0,0,1,1,0,0
CARRIER_A,2025-07-01 06:00,DONGSAN,20FT,0,0,0,0,1,1,0,0
CARRIER_A,2025-07-01 07:00,DONGSAN,20FT,0,0,0,0,1,1,0,0
CARRIER_A,2025-07-01 08:00,DONGSAN,20FT,0,0,0,0,1,1,0,0
CARRIER_A,2025-07-01 09:00,DONGSAN,20FT,0,0,0,0,1,1,0,0
CARRIER_A,2025-07-01 10:00,DONGSAN,20FT,0,0,0,0,1,1,0,0
CARRIER_A,2025-07-01 11:00,DONGSAN,20FT,0,0,0,0,1,1,0,0
CARRIER_A,2025-07-01 12:00,DONGSAN,20FT,0,0,0,0,1,1,0,0
CARRIER_A,2025-07-01 13:00,DONGSAN,20FT,0,0,0,0,1,1,0,0
CARRIER_A,2025-07-01 14:00,DONGSAN,20FT,0,0,0,0,1,1,0,0
CARRIER_A,2025-07-01 15:00,DONGSAN,20FT,0,0,0,0,1,1,0,0
CARRIER_A,2025-07-01 16:00,DONGSAN,20FT,0,0,0,0,1,1,0,0
CARRIER_A,2025-07-01 17:00,DONGSAN,20FT,1,0,0,0,0,0,0,0
CARRIER_A,2025-07-01 18:00,DONGSAN,20FT,0,0,0,0,0,0,0,0
CARRIER_A,2025-07-01 19:00,DONGSAN,20FT,0,0,0,0,0,0,0,0
CARRIER_A,2025-07-01 20:00,DONGSAN,20FT,0,0,0,0,0,0,0,0
CARRIER_A,2025-07-01 21:00,DONGSAN,20FT,0,0,0,0,0,0,0,0
CARRIER_A,2025-07-01 22:00,DONGSAN,20FT,0,0,0,0,0,0,0,0
CARRIER_A,2025-07-01 23:00,DONGSAN,20FT,0,0,0,0,0,0,0,0
CARRIER_A,2025-07-02 00:00,DONGSAN,20FT,0,0,0,0,0,0,0,0
CARRIER_A,2025-07-02 01:00,DONGSAN,20FT,0,0,0,0,0,0,0,0
CARRIER_A,2025-07-02 02:00,DONGSAN,20FT,0,0,0,0,0,0,0,0
CARRIER_A,2025-07-02 03:00,DONGSAN,20FT,0,0,0,0,0,0,0,0
CARRIER_A,2025-07-02 04:00,DONGSAN,20FT,0,0,0,0,0,0,0,0
CARRIER_A,2025-07-02 05:00,DONGSAN,20FT,0,0,0,0,0,0,0,0
CARRIER_A,2025-07-02 06:00,DONGSAN,20FT,0,0,0,0,0,0,0,0
CARRIER_A,2025-07-02 07:00,DONGSAN,20FT,0,0,0,0,0,0,0,0
CARRIER_A,2025-07-02 08:00,DONGSAN,20FT,0,0,0,0,0,0,0,0
CARRIER_A,2025-07-02 09:00,DONGSAN,20FT,0,0,0,0,0,0,0,0
CARRIER_A,2025-07-02 10:00,DONGSAN,20FT,0,0,0,0,0,0,0,0
CARRIER_A,2025-07-02 11:00,DONGSAN,20FT,0,0,0,0,0,0,0,0
CARRIER_A,2025-07-02 12:00,DONGSAN,20FT,0,0,0,0,0,0,0,0
CARRIER_A,2025-07-02 13:00,DONGSAN,20FT,0,0,0,0,0,0,0,0
CARRIER_A,2025-07-02 14:00,DONGSAN,20FT,0,0,0,0,0,0,0,0
CARRIER_A,2025-07-02 15:00,DONGSAN,20FT,0,0,0,0,0,0,0,0
CARRIER_A,2025-07-02 16:00,DONGSAN,20FT,0,0,0,0,0,0,0,0
CARRIER_A,2025-07-02 17:00,DONGSAN,20FT,0,0,0,0,0,0,0,0
CARRIER_A,2025-07-02 18:00,DONGSAN,20FT,0,0,0,0,0,0,0,0
CARRIER_A,2025-07-02 19:00,DONGSAN,20FT,0,0,0,0,0,0,0,0
CARRIER_A,2025-07-02 20:00,DONGSAN,20FT,0,0,0,0,0,0,0,0
CARRIER_A,2025-07-02 21:00,DONGSAN,20FT,0,0,0,0,0,0,0,0
CARRIER_A,2025-07-02 22:00,DONGSAN,20FT,0,0,0,0,0,0,0,0
CARRIER_A,2025-07-02 23:00,DONGSAN,20FT,0,0,0,0,0,0,0,0
CARRIER_A,2025-07-03 00:00,DONGSAN,20FT,0,0,0,0,0,0,0,0
CARRIER_A,2025-07-03 01:00,DONGSAN,20FT,0,0,0,0,0,0,0,0
CARRIER_A,2025-07-03 02:00,DONGSAN,20FT,0,0,0,0,0,0,0,0
CARRIER_A,2025-07-03 03:00,DONGSAN,20FT,0,0,0,0,0,0,0,0
CARRIER_A,2025-07-03 04:00,DONGSAN,20FT,0,0,0,0,0,0,0,0
CARRIER_A,2025-07-03 05:00,DONGSAN,20FT,0,0,0,0,0,0,0,0
CARRIER_A,2025-07-03 06:00,DONGSAN,20FT,0,0,0,0,0,0,0,0
CARRIER_A,2025-07-03 07:00,DONGSAN,20FT,0,0,0,0,0,0,0,0
CARRIER_A,2025-07-03 08:00,DONGSAN,20FT,0,0,0,0,0,0,0,0
CARRIER_A,2025-07-03 09:00,DONGSAN,20FT,0,0,0,0,0,0,0,0
CARRIER_A,2025-07-03 10:00,DONGSAN,20FT,0,0,0,0,0,0,0,0
CARRIER_A,2025-07-03 11:00,DONGSAN,20FT,0,0,0,0,0,0,0,0
CARRIER_A,2025-07-03 12:00,DONGSAN,20FT,0,0,0,0,0,0,0,0
CARRIER_A,2025-07-03 13:00,DONGSAN,20FT,0,0,0,0,0,0,0,0
CARRIER_A,2025-07-03 14:00,DONGSAN,20FT,0,0,0,0,0,0,0,0
CARRIER_A,2025-07-03 15:00,DONGSAN,20FT,0,0,0,0,0,0,0,0
CARRIER_A,2025-07-03 16:00,DONGSAN,20FT,0,0,0,0,0,0,0,0
CARRIER_A,2025-07-03 17:00,DONGSAN,20FT,0,0,0,0,0,0,0,0
CARRIER_A,2025-07-03 18:00,DONGSAN,20FT,0,0,0,0,0,0,0,0
CARRIER_A,2025-07-03 19:00,DONGSAN,20FT,0,0,0,0,0,0,0,0
CARRIER_A,2025-07-03 20:00,DONGSAN,20FT,0,0,0,0,0,0,0,0
CARRIER_A,2025-07-03 21:00,DONGSAN,20FT,0,0,0,0,0,0,0,0
CARRIER_A,2025-07-03 22:00,DONGSAN,20FT,0,0,0,0,0,0,0,0
CARRIER_A,2025-07-03 23:00,DONGSAN,20FT,0,0,0,0,0,0,0,0
CARRIER_A,2025-07-04 00:00,DONGSAN,20FT,0,0,0,0,0,0,0,0
CARRIER_A,2025-07-04 01:00,DONGSAN,20FT,0,0,0,0,0,0,0,0
CARRIER_A,2025-07-04 02:00,DONGSAN,20FT,0,0,0,0,0,0,0,0
CARRIER_A,2025-07-04 03:00,DONGSAN,20FT,0,0,0,0,0,0,0,0
CARRIER_A,2025-07-04 04:00,DONGSAN,20FT,0,0,2,0,0,2,0,0
CARRIER_A,2025-07-04 05:00,DONGSAN,20FT,0,0,0,0,0,2,0,0
CARRIER_A,2025-07-04 06:00,DONGSAN,20FT,0,0,0,0,0,2,0,0
CARRIER_A,2025-07-04 07:00,DONGSAN,20FT,0,0,0,0,0,2,0,0
CARRIER_A,2025-07-04 08:00,DONGSAN,20FT,0,0,0,0,0,2,0,0
CARRIER_A,2025-07-04 09:00,DONGSAN,20FT,0,0,0,0,0,2,0,0
CARRIER_A,2025-07-04 10:00,DONGSAN,20FT,0,0,0,0,0,2,0,0
CARRIER_A,2025-07-04 11:00,DONGSAN,20FT,0,0,0,0,0,2,0,0
CARRIER_A,2025-07-04 12:00,DONGSAN,20FT,0,0,0,0,0,2,0,0
CARRIER_A,2025-07-04 13:00,DONGSAN,20FT,0,0,0,0,0,2,0,0
CARRIER_A,2025-07-04 14:00,DONGSAN,20FT,0,0,0,0,0,2,0,0
CARRIER_A,2025-07-04 15:00,DONGSAN,20FT,0,0,0,0,0,2,0,0
CARRIER_A,2025-07-04 16:00,DONGSAN,20FT,0,0,0,0,0,2,0,0
CARRIER_A,2025-07-04 17:00,DONGSAN,20FT,0,0,0,0,0,2,0,0
CARRIER_A,2025-07-04 18:00,DONGSAN,20FT,0,0,0,0,0,2,0,0
CARRIER_A,2025-07-04 19:00,DONGSAN,20FT,0,0,0,0,0,2,0,0
CARRIER_A,2025-07-04 20:00,DONGSAN,20FT,0,0,0,0,0,2,0,0
CARRIER_A,2025-07-04 21:00,DONGSAN,20FT,0,0,0,0,0,2,0,0
CARRIER_A,2025-07-04 22:00,DONGSAN,20FT,0,0,0,0,0,2,0,0
CARRIER_A,2025-07-04 23:00,DONGSAN,20FT,0,0,0,0,0,2,0,0
CARRIER_A,2025-07-05 00:00,DONGSAN,20FT,0,0,0,0,0,2,0,0
CARRIER_A,2025-07-05 01:00,DONGSAN,20FT,0,0,0,0,0,2,0,0
CARRIER_A,2025-07-05 02:00,DONGSAN,20FT,0,0,0,0,0,2,0,0
CARRIER_A,2025-07-05 03:00,DONGSAN,20FT,0,0,0,0,0,2,0,0
CARRIER_A,2025-07-05 04:00,DONGSAN,20FT,0,0,0,0,0,2,0,0
CARRIER_A,2025-07-05 05:00,DONGSAN,20FT,0,0,0,0,0,2,0,0
CARRIER_A,2025-07-05 06:00,DONGSAN,20FT,0,0,0,0,0,2,0,0
CARRIER_A,2025-07-05 07:00,DONGSAN,20FT,0,0,0,0,0,2,0,0
CARRIER_A,2025-07-05 08:00,DONGSAN,20FT,0,0,0,0,0,2,0,0
CARRIER_A,2025-07-05 09:00,DONGSAN,20FT,0,0,0,0,0,2,0,0
CARRIER_A,2025-07-05 10:00,DONGSAN,20FT,0,0,0,0,0,2,0,0
CARRIER_A,2025-07-05 11:00,DONGSAN,20FT,0,0,0,0,0,2,0,0
CARRIER_A,2025-07-05 12:00,DONGSAN,20FT,0,0,0,0,0,2,0,0
CARRIER_A,2025-07-05 13:00,DONGSAN,20FT,0,0,0,0,0,2,0,0
CARRIER_A,2025-07-05 14:00,DONGSAN,20FT,0,0,0,0,0,2,0,0
CARRIER_A,2025-07-05 15:00,DONGSAN,20FT,0,0,0,0,0,2,0,0
CARRIER_A,2025-07-05 16:00,DONGSAN,20FT,1,0,0,0,0,1,1,0
CARRIER_A,2025-07-05 17:00,DONGSAN,20FT,1,0,0,0,0,0,1,0
CARRIER_A,2025-07-05 18:00,DONGSAN,20FT,0,0,0,0,0,0,0,0
CARRIER_A,2025-07-05 19:00,DONGSAN,20FT,0,0,0,0,0,0,0,0
CARRIER_A,2025-07-05 20:00,DONGSAN,20FT,0,0,0,0,0,0,0,0
CARRIER_A,2025-07-05 21:00,DONGSAN,20FT,0,0,0,0,0,0,0,0
CARRIER_A,2025-07-05 22:00,DONGSAN,20FT,0,0,0,0,0,0,0,0
CARRIER_A,2025-07-05 23:00,DONGSAN,20FT,0,0,0,0,0,0,0,0
CARRIER_A,2025-07-06 00:00,DONGSAN,20FT,0,0,0,0,0,0,0,0
CARRIER_A,2025-07-06 01:00,DONGSAN,20FT,0,0,0,0,0,0,0,0
CARRIER_A,2025-07-06 02:00,DONGSAN,20FT,0,0,0,0,0,0,0,0
CARRIER_A,2025-07-06 03:00,DONGSAN,20FT,0,0,0,0,0,0,0,0
CARRIER_A,2025-07-06 04:00,DONGSAN,20FT,0,0,0,0,0,0,0,0
CARRIER_A,2025-07-06 05:00,DONGSAN,20FT,0,0,0,0,0,0,0,0
CARRIER_A,2025-07-06 06:00,DONGSAN,20FT,0,0,0,0,0,0,0,0
CARRIER_A,2025-07-06 07:00,DONGSAN,20FT,0,0,0,0,0,0,0,0
CARRIER_A,2025-07-06 08:00,DONGSAN,20FT,0,0,0,0,0,0,0,0
CARRIER_A,2025-07-06 09:00,DONGSAN,20FT,0,0,0,0,0,0,0,0
CARRIER_A,2025-07-06 10:00,DONGSAN,20FT,0,0,0,0,0,0,0,0
CARRIER_A,2025-07-06 11:00,DONGSAN,20FT,0,0,0,0,0,0,0,0
CARRIER_A,2025-07-06 12:00,DONGSAN,20FT,0,0,0,0,0,0,0,0
CARRIER_A,2025-07-06 13:00,DONGSAN,20FT,0,0,0,0,0,0,0,0
CARRIER_A,2025-07-06 14:00,DONGSAN,20FT,0,0,0,0,0,0,0,0
CARRIER_A,2025-07-06 15:00,DONGSAN,20FT,0,0,0,0,0,0,0,0
CARRIER_A,2025-07-06 16:00,DONGSAN,20FT,0,0,0,0,0,0,0,0
CARRIER_A,2025-07-06 17:00,DONGSAN,20FT,0,0,0,0,0,0,0,0
CARRIER_A,2025-07-06 18:00,DONGSAN,20FT,0,0,0,0,0,0,0,0
CARRIER_A,2025-07-06 19:00,DONGSAN,20FT,0,1,0,0,1,1,0,0
CARRIER_A,2025-07-06 20:00,DONGSAN,20FT,0,0,0,0,1,1,0,0
CARRIER_A,2025-07-06 21:00,DONGSAN,20FT,0,0,0,0,1,1,0,0
CARRIER_A,2025-07-06 22:00,DONGSAN,20FT,0,0,0,0,1,1,0,0
CARRIER_A,2025-07-06 23:00,DONGSAN,20FT,0,0,0,0,1,1,0,0
CARRIER_A,2025-07-07 00:00,DONGSAN,20FT,0,0,0,0,1,1,0,0
CARRIER_A,2025-07-07 01:00,DONGSAN,20FT,0,0,0,0,1,1,0,0
CARRIER_A,2025-07-07 02:00,DONGSAN,20FT,0,0,0,0,1,1,0,0
CARRIER_A,2025-07-07 03:00,DONGSAN,20FT,0,0,0,0,1,1,0,0
CARRIER_A,2025-07-07 04:00,DONGSAN,20FT,0,0,0,0,1,1,0,0
CARRIER_A,2025-07-07 05:00,DONGSAN,20FT,0,0,0,0,1,1,0,0
CARRIER_A,2025-07-07 06:00,DONGSAN,20FT,0,0,0,0,1,1,0,0
CARRIER_A,2025-07-07 07:00,DONGSAN,20FT,0,0,0,0,1,1,0,0
CARRIER_A,2025-07-07 08:00,DONGSAN,20FT,0,0,0,0,1,1,0,0
CARRIER_A,2025-07-07 09:00,DONGSAN,20FT,0,0,0,0,1,1,0,0
CARRIER_A,2025-07-07 10:00,DONGSAN,20FT,0,0,0,0,1,1,0,0
CARRIER_A,2025-07-07 11:00,DONGSAN,20FT,0,0,0,0,1,1,0,0
CARRIER_A,2025-07-07 12:00,DONGSAN,20FT,0,0,0,0,1,1,0,0
CARRIER_A,2025-07-07 13:00,DONGSAN,20FT,0,0,0,0,1,1,0,0
CARRIER_A,2025-07-07 14:00,DONGSAN,20FT,1,0,0,0,0,0,0,0
CARRIER_A,2025-07-07 15:00,DONGSAN,20FT,0,0,0,0,0,0,0,0
CARRIER_A,2025-07-07 16:00,DONGSAN,20FT,0,0,0,0,0,0,0,0
CARRIER_A,2025-07-07 17:00,DONGSAN,20FT,0,0,0,0,0,0,0,0
CARRIER_A,2025-07-07 18:00,DONGSAN,20FT,0,0,0,0,0,0,0,0
CARRIER_A,2025-07-07 19:00,DONGSAN,20FT,0,0,0,0,0,0,0,0
CARRIER_A,2025-07-07 20:00,DONGSAN,20FT,0,0,0,0,0,0,0,0
CARRIER_A,2025-07-07 21:00,DONGSAN,20FT,0,0,0,0,0,0,0,0
CARRIER_A,2025-07-07 22:00,DONGSAN,20FT,0,0,0,0,0,0,0,0
CARRIER_A,2025-07-07 23:00,DONGSAN,20FT,0,0,0,0,0,0,0,0
CARRIER_A,2025-07-01 00:00,DONGSAN,40FT,0,0,0,0,0,0,0,0
CARRIER_A,2025-07-01 01:00,DONGSAN,40FT,0,0,0,0,0,0,0,0
CARRIER_A,2025-07-01 02:00,DONGSAN,40FT,0,0,0,0,0,0,0,0
CARRIER_A,2025-07-01 03:00,DONGSAN,40FT,0,0,0,0,0,0,0,0
CARRIER_A,2025-07-01 04:00,DONGSAN,40FT,0,0,0,0,0,0,0,0
CARRIER_A,2025-07-01 05:00,DONGSAN,40FT,0,0,0,0,0,0,0,0
CARRIER_A,2025-07-01 06:00,DONGSAN,40FT,0,0,0,0,0,0,0,0
CARRIER_A,2025-07-01 07:00,DONGSAN,40FT,0,0,0,0,0,0,0,0
CARRIER_A,2025-07-01 08:00,DONGSAN,40FT,0,0,0,0,0,0,0,0
CARRIER_A,2025-07-01 09:00,DONGSAN,40FT,0,0,0,0,0,0,0,0
CARRIER_A,2025-07-01 10:00,DONGSAN,40FT,0,0,0,0,0,0,0,0
CARRIER_A,2025-07-01 11:00,DONGSAN,40FT,0,0,0,0,0,0,0,0
CARRIER_A,2025-07-01 12:00,DONGSAN,40FT,0,0,0,0,0,0,0,0
CARRIER_A,2025-07-01 13:00,DONGSAN,40FT,0,0,0,0,0,0,0,0
CARRIER_A,2025-07-01 14:00,DONGSAN,40FT,0,0,0,0,0,0,0,0
CARRIER_A,2025-07-01 15:00,DONGSAN,40FT,0,0,0,0,0,0,0,0
CARRIER_A,2025-07-01 16:00,DONGSAN,40FT,0,0,0,0,0,0,0,0
CARRIER_A,2025-07-01 17:00,DONGSAN,40FT,0,0,0,0,0,0,0,0
CARRIER_A,2025-07-01 18:00,DONGSAN,40FT,0,0,0,0,0,0,0,0
CARRIER_A,2025-07-01 19:00,DONGSAN,40FT,0,0,0,0,0,0,0,0
CARRIER_A,2025-07-01 20:00,DONGSAN,40FT,0,0,0,0,0,0,0,0
CARRIER_A,2025-07-01 21:00,DONGSAN,40FT,0,0,0,0,0,0,0,0
CARRIER_A,2025-07-01 22:00,DONGSAN,40FT,0,0,0,0,0,0,0,0
CARRIER_A,2025-07-01 23:00,DONGSAN,40FT,0,0,0,0,0,0,0,0
CARRIER_A,2025-07-02 00:00,DONGSAN,40FT,0,0,0,0,0,0,0,0
CARRIER_A,2025-07-02 01:00,DONGSAN,40FT,0,0,0,0,0,0,0,0
CARRIER_A,2025-07-02 02:00,DONGSAN,40FT,0,0,0,0,0,0,0,0
CARRIER_A,2025-07-02 03:00,DONGSAN,40FT,0,0,0,0,0,0,0,0
CARRIER_A,2025-07-02 04:00,DONGSAN,40FT,0,0,0,0,0,0,0,0
CARRIER_A,2025-07-02 05:00,DONGSAN,40FT,0,0,0,0,0,0,0,0
CARRIER_A,2025-07-02 06:00,DONGSAN,40FT,0,0,0,0,0,0,0,0
CARRIER_A,2025-07-02 07:00,DONGSAN,40FT,0,0,0,0,0,0,0,0
CARRIER_A,2025-07-02 08:00,DONGSAN,40FT,0,1,0,0,1,1,0,0
CARRIER_A,2025-07-02 09:00,DONGSAN,40FT,0,0,0,0,1,1,0,0
CARRIER_A,2025-07-02 10:00,DONGSAN,40FT,0,0,0,0,1,1,0,0
CARRIER_A,2025-07-02 11:00,DONGSAN,40FT,0,0,0,0,1,1,0,0
CARRIER_A,2025-07-02 12:00,DONGSAN,40FT,0,0,0,0,1,1,0,0
CARRIER_A,2025-07-02 13:00,DONGSAN,40FT,0,0,0,0,1,1,0,0
CARRIER_A,2025-07-02 14:00,DONGSAN,40FT,0,0,0,0,1,1,0,0
CARRIER_A,2025-07-02 15:00,DONGSAN,40FT,0,0,0,0,1,1,0,0
CARRIER_A,2025-07-02 16:00,DONGSAN,40FT,0,0,0,0,1,1,0,0
CARRIER_A,2025-07-02 17:00,DONGSAN,40FT,0,0,0,0,1,1,0,0
CARRIER_A,2025-07-02 18:00,DONGSAN,40FT,0,0,0,0,1,1,0,0
CARRIER_A,2025-07-02 19:00,DONGSAN,40FT,0,0,0,0,1,1,0,0
CARRIER_A,2025-07-02 20:00,DONGSAN,40FT,0,0,0,0,1,1,0,0
CARRIER_A,2025-07-02 21:00,DONGSAN,40FT,0,0,0,0,1,1,0,0
CARRIER_A,2025-07-02 22:00,DONGSAN,40FT,0,0,0,0,1,1,0,0
CARRIER_A,2025-07-02 23:00,DONGSAN,40FT,0,0,0,0,1,1,0,0
CARRIER_A,2025-07-03 00:00,DONGSAN,40FT,0,0,0,0,1,1,0,0
CARRIER_A,2025-07-03 01:00,DONGSAN,40FT,0,0,0,0,1,1,0,0
CARRIER_A,2025-07-03 02:00,DONGSAN,40FT,0,0,0,0,1,1,0,0
CARRIER_A,2025-07-03 03:00,DONGSAN,40FT,0,0,0,0,1,1,0,0
CARRIER_A,2025-07-03 04:00,DONGSAN,40FT,0,0,0,0,1,1,0,0
CARRIER_A,2025-07-03 05:00,DONGSAN,40FT,0,0,0,0,1,1,0,0
CARRIER_A,2025-07-03 06:00,DONGSAN,40FT,0,0,0,0,1,1,0,0
CARRIER_A,2025-07-03 07:00,DONGSAN,40FT,0,0,0,0,1,1,0,0
CARRIER_A,2025-07-03 08:00,DONGSAN,40FT,0,0,0,0,1,1,0,0
CARRIER_A,2025-07-03 09:00,DONGSAN,40FT,0,0,0,0,1,1,0,0
CARRIER_A,2025-07-03 10:00,DONGSAN,40FT,0,0,0,0,1,1,0,0
CARRIER_A,2025-07-03 11:00,DONGSAN,40FT,0,0,0,0,1,1,0,0
CARRIER_A,2025-07-03 12:00,DONGSAN,40FT,0,0,0,0,1,1,0,0
CARRIER_A,2025-07-03 13:00,DONGSAN,40FT,0,0,0,0,1,1,0,0
CARRIER_A,2025-07-03 14:00,DONGSAN,40FT,0,0,0,0,1,1,0,0
CARRIER_A,2025-07-03 15:00,DONGSAN,40FT,0,0,0,0,1,1,0,0
CARRIER_A,2025-07-03 16:00,DONGSAN,40FT,0,0,0,0,1,1,0,0
CARRIER_A,2025-07-03 17:00,DONGSAN,40FT,1,0,0,0,0,0,0,0
CARRIER_A,2025-07-03 18:00,DONGSAN,40FT,0,0,0,0,0,0,0,0
CARRIER_A,2025-07-03 19:00,DONGSAN,40FT,0,0,0,0,0,0,0,0
CARRIER_A,2025-07-03 20:00,DONGSAN,40FT,0,0,0,0,0,0,0,0
CARRIER_A,2025-07-03 21:00,DONGSAN,40FT,0,0,0,0,0,0,0,0
CARRIER_A,2025-07-03 22:00,DONGSAN,40FT,0,0,0,0,0,0,0,0
CARRIER_A,2025-07-03 23:00,DONGSAN,40FT,0,0,0,0,0,0,0,0
CARRIER_A,2025-07-04 00:00,DONGSAN,40FT,0,0,0,0,0,0,0,0
CARRIER_A,2025-07-04 01:00,DONGSAN,40FT,0,0,0,0,0,0,0,0
CARRIER_A,2025-07-04 02:00,DONGSAN,40FT,0,0,0,0,0,0,0,0
CARRIER_A,2025-07-04 03:00,DONGSAN,40FT,0,0,0,0,0,0,0,0
CARRIER_A,2025-07-04 04:00,DONGSAN,40FT,0,0,0,0,0,0,0,0
CARRIER_A,2025-07-04 05:00,DONGSAN,40FT,0,0,0,0,0,0,0,0
CARRIER_A,2025-07-04 06:00,DONGSAN,40FT,0,0,0,0,0,0,0,0
CARRIER_A,2025-07-04 07:00,DONGSAN,40FT,0,0,0,0,0,0,0,0
CARRIER_A,2025-07-04 08:00,DONGSAN,40FT,0,0,0,0,0,0,0,0
CARRIER_A,2025-07-04 09:00,DONGSAN,40FT,0,0,0,0,0,0,0,0
CARRIER_A,2025-07-04 10:00,DONGSAN,40FT,0,0,0,0,0,0,0,0
CARRIER_A,2025-07-04 11:00,DONGSAN,40FT,0,0,0,0,0,0,0,0
CARRIER_A,2025-07-04 12:00,DONGSAN,40FT,0,0,0,0,0,0,0,0
CARRIER_A,2025-07-04 13:00,DONGSAN,40FT,0,0,0,0,0,0,0,0
CARRIER_A,2025-07-04 14:00,DONGSAN,40FT,0,0,0,0,0,0,0,0
CARRIER_A,2025-07-04 15:00,DONGSAN,40FT,0,0,0,0,0,0,0,0
CARRIER_A,2025-07-04 16:00,DONGSAN,40FT,0,0,0,0,0,0,0,0
CARRIER_A,2025-07-04 17:00,DONGSAN,40FT,0,0,0,0,0,0,0,0
CARRIER_A,2025-07-04 18:00,DONGSAN,40FT,0,0,0,0,0,0,0,0
CARRIER_A,2025-07-04 19:00,DONGSAN,40FT,0,0,0,0,0,0,0,0
CARRIER_A,2025-07-04 20:00,DONGSAN,40FT,0,0,0,0,0,0,0,0
CARRIER_A,2025-07-04 21:00,DONGSAN,40FT,0,0,0,0,0,0,0,0
CARRIER_A,2025-07-04 22:00,DONGSAN,40FT,0,0,0,0,0,0,0,0
CARRIER_A,2025-07-04 23:00,DONGSAN,40FT,0,0,0,0,0,0,0,0
CARRIER_A,2025-07-05 00:00,DONGSAN,40FT,0,0,0,0,0,0,0,0
CARRIER_A,2025-07-05 01:00,DONGSAN,40FT,0,0,0,0,0,0,0,0
CARRIER_A,2025-07-05 02:00,DONGSAN,40FT,0,0,0,0,0,0,0,0
CARRIER_A,2025-07-05 03:00,DONGSAN,40FT,0,0,0,0,0,0,0,0
CARRIER_A,2025-07-05 04:00,DONGSAN,40FT,0,0,0,0,0,0,0,0
CARRIER_A,2025-07-05 05:00,DONGSAN,40FT,0,0,0,0,0,0,0,0
CARRIER_A,2025-07-05 06:00,DONGSAN,40FT,0,0,0,0,0,0,0,0
CARRIER_A,2025-07-05 07:00,DONGSAN,40FT,0,0,0,0,0,0,0,0
CARRIER_A,2025-07-05 08:00,DONGSAN,40FT,0,0,0,0,0,0,0,0
CARRIER_A,2025-07-05 09:00,DONGSAN,40FT,0,0,0,0,0,0,0,0
CARRIER_A,2025-07-05 10:00,DONGSAN,40FT,0,0,0,0,0,0,0,0
CARRIER_A,2025-07-05 11:00,DONGSAN,40FT,0,0,0,0,0,0,0,0
CARRIER_A,2025-07-05 12:00,DONGSAN,40FT,0,0,0,0,0,0,0,0
CARRIER_A,2025-07-05 13:00,DONGSAN,40FT,0,0,0,0,0,0,0,0
CARRIER_A,2025-07-05 14:00,DONGSAN,40FT,0,0,0,0,0,0,0,0
CARRIER_A,2025-07-05 15:00,DONGSAN,40FT,0,0,0,0,0,0,0,0
CARRIER_A,2025-07-05 16:00,DONGSAN,40FT,0,0,0,0,0,0,0,0
CARRIER_A,2025-07-05 17:00,DONGSAN,40FT,0,0,0,0,0,0,0,0
CARRIER_A,2025-07-05 18:00,DONGSAN,40FT,0,0,0,0,0,0,0,0
CARRIER_A,2025-07-05 19:00,DONGSAN,40FT,0,0,0,0,0,0,0,0
CARRIER_A,2025-07-05 20:00,DONGSAN,40FT,0,0,0,0,0,0,0,0
CARRIER_A,2025-07-05 21:00,DONGSAN,40FT,0,0,0,0,0,0,0,0
CARRIER_A,2025-07-05 22:00,DONGSAN,40FT,0,0,0,0,0,0,0,0
CARRIER_A,2025-07-05 23:00,DONGSAN,40FT,0,0,0,0,0,0,0,0
CARRIER_A,2025-07-06 00:00,DONGSAN,40FT,0,0,0,0,0,0,0,0
CARRIER_A,2025-07-06 01:00,DONGSAN,40FT,0,0,0,0,0,0,0,0
CARRIER_A,2025-07-06 02:00,DONGSAN,40FT,0,0,0,0,0,0,0,0
CARRIER_A,2025-07-06 03:00,DONGSAN,40FT,0,0,0,0,0,0,0,0
CARRIER_A,2025-07-06 04:00,DONGSAN,40FT,0,0,0,0,0,0,0,0
CARRIER_A,2025-07-06 05:00,DONGSAN,40FT,0,0,0,0,0,0,0,0
CARRIER_A,2025-07-06 06:00,DONGSAN,40FT,0,0,0,0,0,0,0,0
CARRIER_A,2025-07-06 07:00,DONGSAN,40FT,0,0,0,0,0,0,0,0
CARRIER_A,2025-07-06 08:00,DONGSAN,40FT,0,0,0,0,0,0,0,0
CARRIER_A,2025-07-06 09:00,DONGSAN,40FT,0,0,0,0,0,0,0,0
CARRIER_A,2025-07-06 10:00,DONGSAN,40FT,0,0,0,0,0,0,0,0
CARRIER_A,2025-07-06 11:00,DONGSAN,40FT,0,0,0,0,0,0,0,0
CARRIER_A,2025-07-06 12:00,DONGSAN,40FT,0,0,0,0,0,0,0,0
CARRIER_A,2025-07-06 13:00,DONGSAN,40FT,0,0,0,0,0,0,0,0
CARRIER_A,2025-07-06 14:00,DONGSAN,40FT,0,0,0,0,0,0,0,0
CARRIER_A,2025-07-06 15:00,DONGSAN,40FT,0,0,0,0,0,0,0,0
CARRIER_A,2025-07-06 16:00,DONGSAN,40FT,0,0,0,0,0,0,0,0
CARRIER_A,2025-07-06 17:00,DONGSAN,40FT,0,0,0,0,0,0,0,0
CARRIER_A,2025-07-06 18:00,DONGSAN,40FT,0,0,0,0,0,0,0,0
CARRIER_A,2025-07-06 19:00,DONGSAN,40FT,0,0,0,0,0,0,0,0
CARRIER_A,2025-07-06 20:00,DONGSAN,40FT,0,0,0,0,0,0,0,0
CARRIER_A,2025-07-06 21:00,DONGSAN,40FT,0,0,0,0,0,0,0,0
CARRIER_A,2025-07-06 22:00,DONGSAN,40FT,0,0,0,0,0,0,0,0
CARRIER_A,2025-07-06 23:00,DONGSAN,40FT,0,0,0,0,0,0,0,0
CARRIER_A,2025-07-07 00:00,DONGSAN,40FT,0,0,0,0,0,0,0,0
CARRIER_A,2025-07-07 01:00,DONGSAN,40FT,0,0,0,0,0,0,0,0
CARRIER_A,2025-07-07 02:00,DONGSAN,40FT,0,0,0,0,0,0,0,0
CARRIER_A,2025-07-07 03:00,DONGSAN,40FT,0,0,0,0,0,0,0,0
CARRIER_A,2025-07-07 04:00,DONGSAN,40FT,0,0,0,0,0,0,0,0
CARRIER_A,2025-07-07 05:00,DONGSAN,40FT,0,0,0,0,0,0,0,0
CARRIER_A,2025-07-07 06:00,DONGSAN,40FT,0,0,0,0,0,0,0,0
CARRIER_A,2025-07-07 07:00,DONGSAN,40FT,0,0,0,0,0,0,0,0
CARRIER_A,2025-07-07 08:00,DONGSAN,40FT,0,0,0,0,0,0,0,0
CARRIER_A,2025-07-07 09:00,DONGSAN,40FT,0,0,0,0,0,0,0,0
CARRIER_A,2025-07-07 10:00,DONGSAN,40FT,0,0,0,0,0,0,0,0
CARRIER_A,2025-07-07 11:00,DONGSAN,40FT,0,0,0,0,0,0,0,0
CARRIER_A,2025-07-07 12:00,DONGSAN,40FT,0,0,0,0,0,0,0,0
CARRIER_A,2025-07-07 13:00,DONGSAN,40FT,0,0,0,0,0,0,0,0
CARRIER_A,2025-07-07 14:00,DONGSAN,40FT,0,0,0,0,0,0,0,0
CARRIER_A,2025-07-07 15:00,DONGSAN,40FT,0,0,0,0,0,0,0,0
CARRIER_A,2025-07-07 16:00,DONGSAN,40FT,0,0,0,0,0,0,0,0
CARRIER_A,2025-07-07 17:00,DONGSAN,40FT,0,0,0,0,0,0,0,0
CARRIER_A,2025-07-07 18:00,DONGSAN,40FT,0,0,0,0,0,0,0,0
CARRIER_A,2025-07-07 19:00,DONGSAN,40FT,0,0,0,0,0,0,0,0
CARRIER_A,2025-07-07 20:00,DONGSAN,40FT,0,0,0,0,0,0,0,0
CARRIER_A,2025-07-07 21:00,DONGSAN,40FT,0,0,0,0,0,0,0,0
CARRIER_A,2025-07-07 22:00,DONGSAN,40FT,0,0,0,0,0,0,0,0
CARRIER_A,2025-07-07 23:00,DONGSAN,40FT,0,0,0,0,0,0,0,0
CARRIER_A,2025-07-01 00:00,GWANGYANG,20FT,0,0,0,0,6,6,0,0
CARRIER_A,2025-07-01 01:00,GWANGYANG,20FT,0,0,0,0,6,6,0,0
CARRIER_A,2025-07-01 02:00,GWANGYANG,20FT,0,0,0,0,6,6,0,0
CARRIER_A,2025-07-01 03:00,GWANGYANG,20FT,0,0,0,0,6,6,0,0
CARRIER_A,2025-07-01 04:00,GWANGYANG,20FT,0,0,0,0,6,6,0,0
CARRIER_A,2025-07-01 05:00,GWANGYANG,20FT,0,0,0,0,6,6,0,0
CARRIER_A,2025-07-01 06:00,GWANGYANG,20FT,1,0,0,0,5,5,0,0
CARRIER_A,2025-07-01 07:00,GWANGYANG,20FT,1,0,0,0,4,4,0,0
CARRIER_A,2025-07-01 08:00,GWANGYANG,20FT,0,0,0,0,4,4,0,0
CARRIER_A,2025-07-01 09:00,GWANGYANG,20FT,0,0,0,0,4,4,0,0
CARRIER_A,2025-07-01 10:00,GWANGYANG,20FT,0,0,0,0,4,4,0,0
CARRIER_A,2025-07-01 11:00,GWANGYANG,20FT,0,0,0,0,4,4,0,0
CARRIER_A,2025-07-01 12:00,GWANGYANG,20FT,0,0,0,0,4,4,0,0
CARRIER_A,2025-07-01 13:00,GWANGYANG,20FT,0,0,0,0,4,4,0,0
CARRIER_A,2025-07-01 14:00,GWANGYANG,20FT,0,0,0,0,4,4,0,0
CARRIER_A,2025-07-01 15:00,GWANGYANG,20FT,0,1,0,0,5,5,0,0
CARRIER_A,2025-07-01 16:00,GWANGYANG,20FT,0,1,0,0,6,6,0,0
CARRIER_A,2025-07-01 17:00,GWANGYANG,20FT,0,0,0,0,6,6,0,0
CARRIER_A,2025-07-01 18:00,GWANGYANG,20FT,1,0,0,0,5,5,0,0
CARRIER_A,2025-07-01 19:00,GWANGYANG,20FT,0,0,0,0,5,5,0,0
CARRIER_A,2025-07-01 20:00,GWANGYANG,20FT,0,0,0,0,5,5,0,0
CARRIER_A,2025-07-01 21:00,GWANGYANG,20FT,0,0,0,0,5,5,0,0
CARRIER_A,2025-07-01 22:00,GWANGYANG,20FT,0,0,0,0,5,5,0,0
CARRIER_A,2025-07-01 23:00,GWANGYANG,20FT,0,0,0,0,5,5,0,0
CARRIER_A,2025-07-02 00:00,GWANGYANG,20FT,0,0,0,0,5,5,0,0
CARRIER_A,2025-07-02 01:00,GWANGYANG,20FT,0,0,0,0,5,5,0,0
CARRIER_A,2025-07-02 02:00,GWANGYANG,20FT,0,0,0,0,5,5,0,0
CARRIER_A,2025-07-02 03:00,GWANGYANG,20FT,0,0,0,0,5,5,0,0
CARRIER_A,2025-07-02 04:00,GWANGYANG,20FT,0,0,0,0,5,5,0,0
CARRIER_A,2025-07-02 05:00,GWANGYANG,20FT,0,0,0,0,5,5,0,0
CARRIER_A,2025-07-02 06:00,GWANGYANG,20FT,0,0,0,0,5,5,0,0
CARRIER_A,2025-07-02 07:00,GWANGYANG,20FT,0,0,0,0,5,5,0,0
CARRIER_A,2025-07-02 08:00,GWANGYANG,20FT,0,0,0,0,5,5,0,0
CARRIER_A,2025-07-02 09:00,GWANGYANG,20FT,0,1,0,0,6,6,0,0
CARRIER_A,2025-07-02 10:00,GWANGYANG,20FT,1,0,0,0,5,5,0,0
CARRIER_A,2025-07-02 11:00,GWANGYANG,20FT,0,0,0,0,5,5,0,0
CARRIER_A,2025-07-02 12:00,GWANGYANG,20FT,0,0,0,0,5,5,0,0
CARRIER_A,2025-07-02 13:00,GWANGYANG,20FT,0,1,0,0,6,6,0,0
CARRIER_A,2025-07-02 14:00,GWANGYANG,20FT,1,0,0,0,5,5,0,0
CARRIER_A,2025-07-02 15:00,GWANGYANG,20FT,0,0,0,0,5,5,0,0
CARRIER_A,2025-07-02 16:00,GWANGYANG,20FT,0,0,0,0,5,5,0,0
CARRIER_A,2025-07-02 17:00,GWANGYANG,20FT,0,0,0,0,5,5,0,0
CARRIER_A,2025-07-02 18:00,GWANGYANG,20FT,0,0,0,0,5,5,0,0
CARRIER_A,2025-07-02 19:00,GWANGYANG,20FT,0,0,0,0,5,5,0,0
CARRIER_A,2025-07-02 20:00,GWANGYANG,20FT,0,0,0,0,5,5,0,0
CARRIER_A,2025-07-02 21:00,GWANGYANG,20FT,0,0,0,0,5,5,0,0
CARRIER_A,2025-07-02 22:00,GWANGYANG,20FT,0,0,0,0,5,5,0,0
CARRIER_A,2025-07-02 23:00,GWANGYANG,20FT,0,0,0,0,5,5,0,0
CARRIER_A,2025-07-03 00:00,GWANGYANG,20FT,0,0,0,0,5,5,0,0
CARRIER_A,2025-07-03 01:00,GWANGYANG,20FT,0,0,0,0,5,5,0,0
CARRIER_A,2025-07-03 02:00,GWANGYANG,20FT,0,0,0,0,5,5,0,0
CARRIER_A,2025-07-03 03:00,GWANGYANG,20FT,0,0,0,0,5,5,0,0
CARRIER_A,2025-07-03 04:00,GWANGYANG,20FT,0,0,0,0,5,5,0,0
CARRIER_A,2025-07-03 05:00,GWANGYANG,20FT,0,0,0,0,5,5,0,0
CARRIER_A,2025-07-03 06:00,GWANGYANG,20FT,0,0,0,0,5,5,0,0
CARRIER_A,2025-07-03 07:00,GWANGYANG,20FT,0,0,0,0,5,5,0,0
CARRIER_A,2025-07-03 08:00,GWANGYANG,20FT,0,0,0,0,5,5,0,0
CARRIER_A,2025-07-03 09:00,GWANGYANG,20FT,0,0,0,0,5,5,0,0
CARRIER_A,2025-07-03 10:00,GWANGYANG,20FT,0,0,0,0,5,5,0,0
CARRIER_A,2025-07-03 11:00,GWANGYANG,20FT,0,0,0,0,5,5,0,0
CARRIER_A,2025-07-03 12:00,GWANGYANG,20FT,0,0,0,0,5,5,0,0
CARRIER_A,2025-07-03 13:00,GWANGYANG,20FT,1,0,0,0,4,4,0,0
CARRIER_A,2025-07-03 14:00,GWANGYANG,20FT,0,0,0,0,4,4,0,0
CARRIER_A,2025-07-03 15:00,GWANGYANG,20FT,0,0,0,0,4,4,0,0
CARRIER_A,2025-07-03 16:00,GWANGYANG,20FT,1,1,0,0,4,4,0,0
CARRIER_A,2025-07-03 17:00,GWANGYANG,20FT,1,0,0,0,3,3,0,0
CARRIER_A,2025-07-03 18:00,GWANGYANG,20FT,2,0,0,0,1,1,0,0
CARRIER_A,2025-07-03 19:00,GWANGYANG,20FT,0,0,0,0,1,1,0,0
CARRIER_A,2025-07-03 20:00,GWANGYANG,20FT,0,1,0,0,2,2,0,0
CARRIER_A,2025-07-03 21:00,GWANGYANG,20FT,0,0,0,0,2,2,0,0
CARRIER_A,2025-07-03 22:00,GWANGYANG,20FT,0,0,0,0,2,2,0,0
CARRIER_A,2025-07-03 23:00,GWANGYANG,20FT,0,0,0,0,2,2,0,0
CARRIER_A,2025-07-04 00:00,GWANGYANG,20FT,0,0,0,0,2,2,0,0
CARRIER_A,2025-07-04 01:00,GWANGYANG,20FT,0,0,0,0,2,2,0,0
CARRIER_A,2025-07-04 02:00,GWANGYANG,20FT,0,0,0,0,2,2,0,0
CARRIER_A,2025-07-04 03:00,GWANGYANG,20FT,0,0,0,0,2,2,0,0
CARRIER_A,2025-07-04 04:00,GWANGYANG,20FT,0,0,0,0,2,2,0,0
CARRIER_A,2025-07-04 05:00,GWANGYANG,20FT,0,0,0,0,2,2,0,0
CARRIER_A,2025-07-04 06:00,GWANGYANG,20FT,1,0,0,0,1,1,0,0
CARRIER_A,2025-07-04 07:00,GWANGYANG,20FT,0,0,0,0,1,1,0,0
CARRIER_A,2025-07-04 08:00,GWANGYANG,20FT,0,0,0,0,1,1,0,0
CARRIER_A,2025-07-04 09:00,GWANGYANG,20FT,1,0,6,0,0,6,0,0
CARRIER_A,2025-07-04 10:00,GWANGYANG,20FT,1,1,0,0,0,6,0,0
CARRIER_A,2025-07-04 11:00,GWANGYANG,20FT,0,0,0,0,0,6,0,0
CARRIER_A,2025-07-04 12:00,GWANGYANG,20FT,0,0,0,0,0,6,0,0
CARRIER_A,2025-07-04 13:00,GWANGYANG,20FT,1,0,0,0,0,5,1,0
CARRIER_A,2025-07-04 14:00,GWANGYANG,20FT,0,0,0,0,0,5,0,0
CARRIER_A,2025-07-04 15:00,GWANGYANG,20FT,0,0,0,0,0,5,0,0
CARRIER_A,2025-07-04 16:00,GWANGYANG,20FT,0,0,0,0,0,5,0,0
CARRIER_A,2025-07-04 17:00,GWANGYANG,20FT,0,0,0,0,0,5,0,0
CARRIER_A,2025-07-04 18:00,GWANGYANG,20FT,0,0,0,0,0,5,0,0
CARRIER_A,2025-07-04 19:00,GWANGYANG,20FT,1,1,0,0,0,5,0,0
CARRIER_A,2025-07-04 20:00,GWANGYANG,20FT,0,0,0,0,0,5,0,0
CARRIER_A,2025-07-04 21:00,GWANGYANG,20FT,0,0,0,0,0,5,0,0
CARRIER_A,2025-07-04 22:00,GWANGYANG,20FT,0,0,0,0,0,5,0,0
CARRIER_A,2025-07-04 23:00,GWANGYANG,20FT,0,0,0,0,0,5,0,0
CARRIER_A,2025-07-05 00:00,GWANGYANG,20FT,0,0,0,0,0,5,0,0
CARRIER_A,2025-07-05 01:00,GWANGYANG,20FT,0,0,0,0,0,5,0,0
CARRIER_A,2025-07-05 02:00,GWANGYANG,20FT,0,0,0,0,0,5,0,0
CARRIER_A,2025-07-05 03:00,GWANGYANG,20FT,0,0,0,0,0,5,0,0
CARRIER_A,2025-07-05 04:00,GWANGYANG,20FT,0,0,0,0,0,5,0,0
CARRIER_A,2025-07-05 05:00,GWANGYANG,20FT,0,0,0,0,0,5,0,0
CARRIER_A,2025-07-05 06:00,GWANGYANG,20FT,0,0,0,0,0,5,0,0
CARRIER_A,2025-07-05 07:00,GWANGYANG,20FT,0,0,0,0,0,5,0,0
CARRIER_A,2025-07-05 08:00,GWANGYANG,20FT,0,0,0,0,0,5,0,0
CARRIER_A,2025-07-05 09:00,GWANGYANG,20FT,1,0,0,0,0,4,1,0
CARRIER_A,2025-07-05 10:00,GWANGYANG,20FT,0,0,0,0,0,4,0,0
CARRIER_A,2025-07-05 11:00,GWANGYANG,20FT,0,0,0,0,0,4,0,0
CARRIER_A,2025-07-05 12:00,GWANGYANG,20FT,0,0,0,0,0,4,0,0
CARRIER_A,2025-07-05 13:00,GWANGYANG,20FT,0,0,0,0,0,4,0,0
CARRIER_A,2025-07-05 14:00,GWANGYANG,20FT,0,0,0,0,0,4,0,0
CARRIER_A,2025-07-05 15:00,GWANGYANG,20FT,0,0,0,0,0,4,0,0
CARRIER_A,2025-07-05 16:00,GWANGYANG,20FT,1,0,0,0,0,3,1,0
CARRIER_A,2025-07-05 17:00,GWANGYANG,20FT,1,0,0,0,0,2,1,0
CARRIER_A,2025-07-05 18:00,GWANGYANG,20FT,0,0,0,0,0,2,0,0
CARRIER_A,2025-07-05 19:00,GWANGYANG,20FT,0,0,0,0,0,2,0,0
CARRIER_A,2025-07-05 20:00,GWANGYANG,20FT,0,0,0,0,0,2,0,0
CARRIER_A,2025-07-05 21:00,GWANGYANG,20FT,0,0,0,0,0,2,0,0
CARRIER_A,2025-07-05 22:00,GWANGYANG,20FT,0,0,0,0,0,2,0,0
CARRIER_A,2025-07-05 23:00,GWANGYANG,20FT,0,0,0,0,0,2,0,0
CARRIER_A,2025-07-06 00:00,GWANGYANG,20FT,0,0,0,0,0,2,0,0
CARRIER_A,2025-07-06 01:00,GWANGYANG,20FT,0,0,0,0,0,2,0,0
CARRIER_A,2025-07-06 02:00,GWANGYANG,20FT,0,0,0,0,0,2,0,0
CARRIER_A,2025-07-06 03:00,GWANGYANG,20FT,0,0,0,0,0,2,0,0
CARRIER_A,2025-07-06 04:00,GWANGYANG,20FT,0,0,0,0,0,2,0,0
CARRIER_A,2025-07-06 05:00,GWANGYANG,20FT,0,0,0,0,0,2,0,0
CARRIER_A,2025-07-06 06:00,GWANGYANG,20FT,0,0,0,0,0,2,0,0
CARRIER_A,2025-07-06 07:00,GWANGYANG,20FT,0,0,0,0,0,2,0,0
CARRIER_A,2025-07-06 08:00,GWANGYANG,20FT,0,0,0,0,0,2,0,0
CARRIER_A,2025-07-06 09:00,GWANGYANG,20FT,0,0,0,0,0,2,0,0
CARRIER_A,2025-07-06 10:00,GWANGYANG,20FT,0,0,0,0,0,2,0,0
CARRIER_A,2025-07-06 11:00,GWANGYANG,20FT,1,0,0,0,0,1,1,0
CARRIER_A,2025-07-06 12:00,GWANGYANG,20FT,0,0,0,0,0,1,0,0
CARRIER_A,2025-07-06 13:00,GWANGYANG,20FT,0,0,0,0,0,1,0,0
CARRIER_A,2025-07-06 14:00,GWANGYANG,20FT,1,0,0,0,0,0,1,0
CARRIER_A,2025-07-06 15:00,GWANGYANG,20FT,0,0,0,0,0,0,0,0
CARRIER_A,2025-07-06 16:00,GWANGYANG,20FT,0,1,0,0,1,1,0,0
CARRIER_A,2025-07-06 17:00,GWANGYANG,20FT,0,0,0,0,1,1,0,0
CARRIER_A,2025-07-06 18:00,GWANGYANG,20FT,0,0,0,0,1,1,0,0
CARRIER_A,2025-07-06 19:00,GWANGYANG,20FT,0,0,0,0,1,1,0,0
CARRIER_A,2025-07-06 20:00,GWANGYANG,20FT,0,0,0,0,1,1,0,0
CARRIER_A,2025-07-06 21:00,GWANGYANG,20FT,0,0,0,0,1,1,0,0
CARRIER_A,2025-07-06 22:00,GWANGYANG,20FT,0,0,0,0,1,1,0,0
CARRIER_A,2025-07-06 23:00,GWANGYANG,20FT,0,0,0,0,1,1,0,0
CARRIER_A,2025-07-07 00:00,GWANGYANG,20FT,0,0,0,0,1,1,0,0
CARRIER_A,2025-07-07 01:00,GWANGYANG,20FT,0,0,0,0,1,1,0,0
CARRIER_A,2025-07-07 02:00,GWANGYANG,20FT,0,0,0,0,1,1,0,0
CARRIER_A,2025-07-07 03:00,GWANGYANG,20FT,0,0,0,0,1,1,0,0
CARRIER_A,2025-07-07 04:00,GWANGYANG,20FT,0,0,0,0,1,1,0,0
CARRIER_A,2025-07-07 05:00,GWANGYANG,20FT,0,0,0,0,1,1,0,0
CARRIER_A,2025-07-07 06:00,GWANGYANG,20FT,0,0,0,0,1,1,0,0
CARRIER_A,2025-07-07 07:00,GWANGYANG,20FT,0,0,0,0,1,1,0,0
CARRIER_A,2025-07-07 08:00,GWANGYANG,20FT,0,0,0,0,1,1,0,0
CARRIER_A,2025-07-07 09:00,GWANGYANG,20FT,0,0,0,0,1,1,0,0
CARRIER_A,2025-07-07 10:00,GWANGYANG,20FT,0,0,0,0,1,1,0,0
CARRIER_A,2025-07-07 11:00,GWANGYANG,20FT,0,0,0,0,1,1,0,0
CARRIER_A,2025-07-07 12:00,GWANGYANG,20FT,0,0,0,0,1,1,0,0
CARRIER_A,2025-07-07 13:00,GWANGYANG,20FT,0,0,0,0,1,1,0,0
CARRIER_A,2025-07-07 14:00,GWANGYANG,20FT,0,0,0,0,1,1,0,0
CARRIER_A,2025-07-07 15:00,GWANGYANG,20FT,0,0,0,0,1,1,0,0
CARRIER_A,2025-07-07 16:00,GWANGYANG,20FT,0,0,0,0,1,1,0,0
CARRIER_A,2025-07-07 17:00,GWANGYANG,20FT,0,0,0,0,1,1,0,0
CARRIER_A,2025-07-07 18:00,GWANGYANG,20FT,0,0,0,0,1,1,0,0
CARRIER_A,2025-07-07 19:00,GWANGYANG,20FT,0,0,0,0,1,1,0,0
CARRIER_A,2025-07-07 20:00,GWANGYANG,20FT,0,0,0,0,1,1,0,0
CARRIER_A,2025-07-07 21:00,GWANGYANG,20FT,0,0,0,0,1,1,0,0
CARRIER_A,2025-07-07 22:00,GWANGYANG,20FT,0,0,0,0,1,1,0,0
CARRIER_A,2025-07-07 23:00,GWANGYANG,20FT,0,0,0,0,1,1,0,0
CARRIER_A,2025-07-01 00:00,GWANGYANG,40FT,0,0,0,0,1,1,0,0
CARRIER_A,2025-07-01 01:00,GWANGYANG,40FT,0,0,0,0,1,1,0,0
CARRIER_A,2025-07-01 02:00,GWANGYANG,40FT,0,0,0,0,1,1,0,0
CARRIER_A,2025-07-01 03:00,GWANGYANG,40FT,0,0,0,0,1,1,0,0
CARRIER_A,2025-07-01 04:00,GWANGYANG,40FT,0,0,0,0,1,1,0,0
CARRIER_A,2025-07-01 05:00,GWANGYANG,40FT,0,0,0,0,1,1,0,0
CARRIER_A,2025-07-01 06:00,GWANGYANG,40FT,0,0,0,0,1,1,0,0
CARRIER_A,2025-07-01 07:00,GWANGYANG,40FT,0,0,0,0,1,1,0,0
CARRIER_A,2025-07-01 08:00,GWANGYANG,40FT,0,0,0,0,1,1,0,0
CARRIER_A,2025-07-01 09:00,GWANGYANG,40FT,0,0,0,0,1,1,0,0
CARRIER_A,2025-07-01 10:00,GWANGYANG,40FT,0,0,0,0,1,1,0,0
CARRIER_A,2025-07-01 11:00,GWANGYANG,40FT,0,0,0,0,1,1,0,0
CARRIER_A,2025-07-01 12:00,GWANGYANG,40FT,0,0,0,0,1,1,0,0
CARRIER_A,2025-07-01 13:00,GWANGYANG,40FT,0,0,0,0,1,1,0,0
CARRIER_A,2025-07-01 14:00,GWANGYANG,40FT,0,0,0,0,1,1,0,0
CARRIER_A,2025-07-01 15:00,GWANGYANG,40FT,0,0,0,0,1,1,0,0
CARRIER_A,2025-07-01 16:00,GWANGYANG,40FT,0,0,0,0,1,1,0,0
CARRIER_A,2025-07-01 17:00,GWANGYANG,40FT,0,0,0,0,1,1,0,0
CARRIER_A,2025-07-01 18:00,GWANGYANG,40FT,0,0,0,0,1,1,0,0
CARRIER_A,2025-07-01 19:00,GWANGYANG,40FT,0,0,0,0,1,1,0,0
CARRIER_A,2025-07-01 20:00,GWANGYANG,40FT,0,0,0,0,1,1,0,0
CARRIER_A,2025-07-01 21:00,GWANGYANG,40FT,0,0,0,0,1,1,0,0
CARRIER_A,2025-07-01 22:00,GWANGYANG,40FT,0,0,0,0,1,1,0,0
CARRIER_A,2025-07-01 23:00,GWANGYANG,40FT,0,0,0,0,1,1,0,0
CARRIER_A,2025-07-02 00:00,GWANGYANG,40FT,0,0,0,0,1,1,0,0
CARRIER_A,2025-07-02 01:00,GWANGYANG,40FT,0,0,0,0,1,1,0,0
CARRIER_A,2025-07-02 02:00,GWANGYANG,40FT,0,0,0,0,1,1,0,0
CARRIER_A,2025-07-02 03:00,GWANGYANG,40FT,0,0,0,0,1,1,0,0
CARRIER_A,2025-07-02 04:00,GWANGYANG,40FT,0,0,0,0,1,1,0,0
CARRIER_A,2025-07-02 05:00,GWANGYANG,40FT,0,0,0,0,1,1,0,0
CARRIER_A,2025-07-02 06:00,GWANGYANG,40FT,0,0,0,0,1,1,0,0
CARRIER_A,2025-07-02 07:00,GWANGYANG,40FT,0,0,0,0,1,1,0,0
CARRIER_A,2025-07-02 08:00,GWANGYANG,40FT,0,0,0,0,1,1,0,0
CARRIER_A,2025-07-02 09:00,GWANGYANG,40FT,0,0,0,0,1,1,0,0
CARRIER_A,2025-07-02 10:00,GWANGYANG,40FT,1,0,0,0,0,0,0,0
CARRIER_A,2025-07-02 11:00,GWANGYANG,40FT,0,0,0,0,0,0,0,0
CARRIER_A,2025-07-02 12:00,GWANGYANG,40FT,0,0,0,0,0,0,0,0
CARRIER_A,2025-07-02 13:00,GWANGYANG,40FT,1,0,0,0,0,0,1,1
CARRIER_A,2025-07-02 14:00,GWANGYANG,40FT,0,0,0,0,0,0,0,0
CARRIER_A,2025-07-02 15:00,GWANGYANG,40FT,0,0,0,0,0,0,0,0
CARRIER_A,2025-07-02 16:00,GWANGYANG,40FT,0,0,0,0,0,0,0,0
CARRIER_A,2025-07-02 17:00,GWANGYANG,40FT,1,0,0,0,0,0,1,1
CARRIER_A,2025-07-02 18:00,GWANGYANG,40FT,0,0,0,0,0,0,0,0
CARRIER_A,2025-07-02 19:00,GWANGYANG,40FT,0,0,0,0,0,0,0,0
CARRIER_A,2025-07-02 20:00,GWANGYANG,40FT,0,0,0,0,0,0,0,0
CARRIER_A,2025-07-02 21:00,GWANGYANG,40FT,0,0,0,0,0,0,0,0
CARRIER_A,2025-07-02 22:00,GWANGYANG,40FT,0,0,0,0,0,0,0,0
CARRIER_A,2025-07-02 23:00,GWANGYANG,40FT,0,0,0,0,0,0,0,0
CARRIER_A,2025-07-03 00:00,GWANGYANG,40FT,0,0,0,0,0,0,0,0
CARRIER_A,2025-07-03 01:00,GWANGYANG,40FT,0,0,0,0,0,0,0,0
CARRIER_A,2025-07-03 02:00,GWANGYANG,40FT,0,0,0,0,0,0,0,0
CARRIER_A,2025-07-03 03:00,GWANGYANG,40FT,0,0,0,0,0,0,0,0
CARRIER_A,2025-07-03 04:00,GWANGYANG,40FT,0,0,0,0,0,0,0,0
CARRIER_A,2025-07-03 05:00,GWANGYANG,40FT,0,0,0,0,0,0,0,0
CARRIER_A,2025-07-03 06:00,GWANGYANG,40FT,0,0,0,0,0,0,0,0
CARRIER_A,2025-07-03 07:00,GWANGYANG,40FT,0,0,0,0,0,0,0,0
CARRIER_A,2025-07-03 08:00,GWANGYANG,40FT,0,0,0,0,0,0,0,0
CARRIER_A,2025-07-03 09:00,GWANGYANG,40FT,1,0,0,0,0,0,1,1
CARRIER_A,2025-07-03 10:00,GWANGYANG,40FT,0,0,0,0,0,0,0,0
CARRIER_A,2025-07-03 11:00,GWANGYANG,40FT,0,0,0,0,0,0,0,0
CARRIER_A,2025-07-03 12:00,GWANGYANG,40FT,0,1,0,0,1,1,0,0
CARRIER_A,2025-07-03 13:00,GWANGYANG,40FT,0,0,0,0,1,1,0,0
CARRIER_A,2025-07-03 14:00,GWANGYANG,40FT,0,0,0,0,1,1,0,0
CARRIER_A,2025-07-03 15:00,GWANGYANG,40FT,0,1,0,0,2,2,0,0
CARRIER_A,2025-07-03 16:00,GWANGYANG,40FT,0,0,0,0,2,2,0,0
CARRIER_A,2025-07-03 17:00,GWANGYANG,40FT,0,0,0,0,2,2,0,0
CARRIER_A,2025-07-03 18:00,GWANGYANG,40FT,0,0,0,0,2,2,0,0
CARRIER_A,2025-07-03 19:00,GWANGYANG,40FT,0,0,0,0,2,2,0,0
CARRIER_A,2025-07-03 20:00,GWANGYANG,40FT,0,0,0,0,2,2,0,0
CARRIER_A,2025-07-03 21:00,GWANGYANG,40FT,0,0,0,0,2,2,0,0
CARRIER_A,2025-07-03 22:00,GWANGYANG,40FT,0,0,0,0,2,2,0,0
CARRIER_A,2025-07-03 23:00,GWANGYANG,40FT,0,0,0,0,2,2,0,0
CARRIER_A,2025-07-04 00:00,GWANGYANG,40FT,0,0,0,0,2,2,0,0
CARRIER_A,2025-07-04 01:00,GWANGYANG,40FT,0,0,0,0,2,2,0,0
CARRIER_A,2025-07-04 02:00,GWANGYANG,40FT,0,0,0,0,2,2,0,0
CARRIER_A,2025-07-04 03:00,GWANGYANG,40FT,0,0,0,0,2,2,0,0
CARRIER_A,2025-07-04 04:00,GWANGYANG,40FT,0,0,0,0,2,2,0,0
CARRIER_A,2025-07-04 05:00,GWANGYANG,40FT,0,0,0,0,2,2,0,0
CARRIER_A,2025-07-04 06:00,GWANGYANG,40FT,0,0,0,0,2,2,0,0
CARRIER_A,2025-07-04 07:00,GWANGYANG,40FT,0,0,0,0,2,2,0,0
CARRIER_A,2025-07-04 08:00,GWANGYANG,40FT,0,0,0,0,2,2,0,0
CARRIER_A,2025-07-04 09:00,GWANGYANG,40FT,0,0,0,0,2,2,0,0
CARRIER_A,2025-07-04 10:00,GWANGYANG,40FT,0,0,0,0,2,2,0,0
CARRIER_A,2025-07-04 11:00,GWANGYANG,40FT,0,0,0,0,2,2,0,0
CARRIER_A,2025-07-04 12:00,GWANGYANG,40FT,0,0,0,0,2,2,0,0
CARRIER_A,2025-07-04 13:00,GWANGYANG,40FT,0,0,0,0,2,2,0,0
CARRIER_A,2025-07-04 14:00,GWANGYANG,40FT,0,0,0,0,2,2,0,0
CARRIER_A,2025-07-04 15:00,GWANGYANG,40FT,0,0,0,0,2,2,0,0
CARRIER_A,2025-07-04 16:00,GWANGYANG,40FT,0,0,0,0,2,2,0,0
CARRIER_A,2025-07-04 17:00,GWANGYANG,40FT,0,0,0,0,2,2,0,0
CARRIER_A,2025-07-04 18:00,GWANGYANG,40FT,0,0,0,0,2,2,0,0
CARRIER_A,2025-07-04 19:00,GWANGYANG,40FT,0,0,0,0,2,2,0,0
CARRIER_A,2025-07-04 20:00,GWANGYANG,40FT,0,0,0,0,2,2,0,0
CARRIER_A,2025-07-04 21:00,GWANGYANG,40FT,0,0,0,0,2,2,0,0
CARRIER_A,2025-07-04 22:00,GWANGYANG,40FT,0,0,0,0,2,2,0,0
CARRIER_A,2025-07-04 23:00,GWANGYANG,40FT,0,0,0,0,2,2,0,0
CARRIER_A,2025-07-05 00:00,GWANGYANG,40FT,0,0,0,0,2,2,0,0
CARRIER_A,2025-07-05 01:00,GWANGYANG,40FT,0,0,0,0,2,2,0,0
CARRIER_A,2025-07-05 02:00,GWANGYANG,40FT,0,0,0,0,2,2,0,0
CARRIER_A,2025-07-05 03:00,GWANGYANG,40FT,0,0,0,0,2,2,0,0
CARRIER_A,2025-07-05 04:00,GWANGYANG,40FT,0,0,0,0,2,2,0,0
CARRIER_A,2025-07-05 05:00,GWANGYANG,40FT,0,0,0,0,2,2,0,0
CARRIER_A,2025-07-05 06:00,GWANGYANG,40FT,0,0,0,0,2,2,0,0
CARRIER_A,2025-07-05 07:00,GWANGYANG,40FT,0,0,0,0,2,2,0,0
CARRIER_A,2025-07-05 08:00,GWANGYANG,40FT,0,0,0,0,2,2,0,0
CARRIER_A,2025-07-05 09:00,GWANGYANG,40FT,0,0,0,0,2,2,0,0
CARRIER_A,2025-07-05 10:00,GWANGYANG,40FT,0,0,0,0,2,2,0,0
CARRIER_A,2025-07-05 11:00,GWANGYANG,40FT,0,0,0,0,2,2,0,0
CARRIER_A,2025-07-05 12:00,GWANGYANG,40FT,0,0,0,0,2,2,0,0
CARRIER_A,2025-07-05 13:00,GWANGYANG,40FT,0,0,0,0,2,2,0,0
CARRIER_A,2025-07-05 14:00,GWANGYANG,40FT,0,0,0,0,2,2,0,0
CARRIER_A,2025-07-05 15:00,GWANGYANG,40FT,0,0,0,0,2,2,0,0
CARRIER_A,2025-07-05 16:00,GWANGYANG,40FT,0,0,0,0,2,2,0,0
CARRIER_A,2025-07-05 17:00,GWANGYANG,40FT,0,0,0,0,2,2,0,0
CARRIER_A,2025-07-05 18:00,GWANGYANG,40FT,0,0,0,0,2,2,0,0
CARRIER_A,2025-07-05 19:00,GWANGYANG,40FT,0,0,0,0,2,2,0,0
CARRIER_A,2025-07-05 20:00,GWANGYANG,40FT,0,0,0,0,2,2,0,0
CARRIER_A,2025-07-05 21:00,GWANGYANG,40FT,0,0,0,0,2,2,0,0
CARRIER_A,2025-07-05 22:00,GWANGYANG,40FT,0,0,0,0,2,2,0,0
CARRIER_A,2025-07-05 23:00,GWANGYANG,40FT,0,0,0,0,2,2,0,0
CARRIER_A,2025-07-06 00:00,GWANGYANG,40FT,0,0,0,0,2,2,0,0
CARRIER_A,2025-07-06 01:00,GWANGYANG,40FT,0,0,0,0,2,2,0,0
CARRIER_A,2025-07-06 02:00,GWANGYANG,40FT,0,0,0,0,2,2,0,0
CARRIER_A,2025-07-06 03:00,GWANGYANG,40FT,0,0,0,0,2,2,0,0
CARRIER_A,2025-07-06 04:00,GWANGYANG,40FT,0,0,0,0,2,2,0,0
CARRIER_A,2025-07-06 05:00,GWANGYANG,40FT,0,0,0,0,2,2,0,0
CARRIER_A,2025-07-06 06:00,GWANGYANG,40FT,0,0,0,0,2,2,0,0
CARRIER_A,2025-07-06 07:00,GWANGYANG,40FT,0,0,0,0,2,2,0,0
CARRIER_A,2025-07-06 08:00,GWANGYANG,40FT,0,0,0,0,2,2,0,0
CARRIER_A,2025-07-06 09:00,GWANGYANG,40FT,0,0,0,0,2,2,0,0
CARRIER_A,2025-07-06 10:00,GWANGYANG,40FT,0,0,0,0,2,2,0,0
CARRIER_A,2025-07-06 11:00,GWANGYANG,40FT,0,0,0,0,2,2,0,0
CARRIER_A,2025-07-06 12:00,GWANGYANG,40FT,0,0,0,0,2,2,0,0
CARRIER_A,2025-07-06 13:00,GWANGYANG,40FT,0,0,0,0,2,2,0,0
CARRIER_A,2025-07-06 14:00,GWANGYANG,40FT,0,0,0,0,2,2,0,0
CARRIER_A,2025-07-06 15:00,GWANGYANG,40FT,0,0,0,0,2,2,0,0
CARRIER_A,2025-07-06 16:00,GWANGYANG,40FT,0,0,0,0,2,2,0,0
CARRIER_A,2025-07-06 17:00,GWANGYANG,40FT,0,0,0,0,2,2,0,0
CARRIER_A,2025-07-06 18:00,GWANGYANG,40FT,1,0,0,0,1,1,0,0
CARRIER_A,2025-07-06 19:00,GWANGYANG,40FT,0,0,0,0,1,1,0,0
CARRIER_A,2025-07-06 20:00,GWANGYANG,40FT,0,0,0,0,1,1,0,0
CARRIER_A,2025-07-06 21:00,GWANGYANG,40FT,0,0,0,0,1,1,0,0
CARRIER_A,2025-07-06 22:00,GWANGYANG,40FT,0,0,0,0,1,1,0,0
CARRIER_A,2025-07-06 23:00,GWANGYANG,40FT,0,0,0,0,1,1,0,0
CARRIER_A,2025-07-07 00:00,GWANGYANG,40FT,0,0,0,0,1,1,0,0
CARRIER_A,2025-07-07 01:00,GWANGYANG,40FT,0,0,0,0,1,1,0,0
CARRIER_A,2025-07-07 02:00,GWANGYANG,40FT,0,0,0,0,1,1,0,0
CARRIER_A,2025-07-07 03:00,GWANGYANG,40FT,0,0,0,0,1,1,0,0
CARRIER_A,2025-07-07 04:00,GWANGYANG,40FT,0,0,0,0,1,1,0,0
CARRIER_A,2025-07-07 05:00,GWANGYANG,40FT,0,0,0,0,1,1,0,0
CARRIER_A,2025-07-07 06:00,GWANGYANG,40FT,0,0,0,0,1,1,0,0
CARRIER_A,2025-07-07 07:00,GWANGYANG,40FT,0,0,0,0,1,1,0,0
CARRIER_A,2025-07-07 08:00,GWANGYANG,40FT,0,0,0,0,1,1,0,0
CARRIER_A,2025-07-07 09:00,GWANGYANG,40FT,0,0,0,0,1,1,0,0
CARRIER_A,2025-07-07 10:00,GWANGYANG,40FT,0,0,0,0,1,1,0,0
CARRIER_A,2025-07-07 11:00,GWANGYANG,40FT,0,0,0,0,1,1,0,0
CARRIER_A,2025-07-07 12:00,GWANGYANG,40FT,0,0,0,0,1,1,0,0
CARRIER_A,2025-07-07 13:00,GWANGYANG,40FT,0,0,0,0,1,1,0,0
CARRIER_A,2025-07-07 14:00,GWANGYANG,40FT,0,0,0,0,1,1,0,0
CARRIER_A,2025-07-07 15:00,GWANGYANG,40FT,0,0,0,0,1,1,0,0
CARRIER_A,2025-07-07 16:00,GWANGYANG,40FT,0,0,0,0,1,1,0,0
CARRIER_A,2025-07-07 17:00,GWANGYANG,40FT,0,0,0,0,1,1,0,0
CARRIER_A,2025-07-07 18:00,GWANGYANG,40FT,0,0,0,0,1,1,0,0
CARRIER_A,2025-07-07 19:00,GWANGYANG,40FT,0,0,0,0,1,1,0,0
CARRIER_A,2025-07-07 20:00,GWANGYANG,40FT,0,0,0,0,1,1,0,0
CARRIER_A,2025-07-07 21:00,GWANGYANG,40FT,0,0,0,0,1,1,0,0
CARRIER_A,2025-07-07 22:00,GWANGYANG,40FT,0,0,0,0,1,1,0,0
CARRIER_A,2025-07-07 23:00,GWANGYANG,40FT,0,0,0,0,1,1,0,0
CARRIER_A,2025-07-01 00:00,UIWANG,20FT,0,0,0,0,15,15,0,0
CARRIER_A,2025-07-01 01:00,UIWANG,20FT,0,0,0,0,15,15,0,0
CARRIER_A,2025-07-01 02:00,UIWANG,20FT,0,0,0,0,15,15,0,0
CARRIER_A,2025-07-01 03:00,UIWANG,20FT,0,0,0,0,15,15,0,0
CARRIER_A,2025-07-01 04:00,UIWANG,20FT,0,0,0,0,15,15,0,0
CARRIER_A,2025-07-01 05:00,UIWANG,20FT,0,0,0,0,15,15,0,0
CARRIER_A,2025-07-01 06:00,UIWANG,20FT,2,0,0,0,13,13,0,0
CARRIER_A,2025-07-01 07:00,UIWANG,20FT,0,1,0,0,14,14,0,0
CARRIER_A,2025-07-01 08:00,UIWANG,20FT,0,0,0,0,14,14,0,0
CARRIER_A,2025-07-01 09:00,UIWANG,20FT,1,0,0,0,13,13,0,0
CARRIER_A,2025-07-01 10:00,UIWANG,20FT,2,1,0,0,12,12,0,0
CARRIER_A,2025-07-01 11:00,UIWANG,20FT,1,0,0,0,11,11,0,0
CARRIER_A,2025-07-01 12:00,UIWANG,20FT,1,0,0,0,10,10,0,0
CARRIER_A,2025-07-01 13:00,UIWANG,20FT,1,1,0,0,10,10,0,0
CARRIER_A,2025-07-01 14:00,UIWANG,20FT,0,0,0,0,10,10,0,0
CARRIER_A,2025-07-01 15:00,UIWANG,20FT,2,1,0,0,9,9,0,0
CARRIER_A,2025-07-01 16:00,UIWANG,20FT,0,1,0,0,10,10,0,0
CARRIER_A,2025-07-01 17:00,UIWANG,20FT,0,0,0,0,10,10,0,0
CARRIER_A,2025-07-01 18:00,UIWANG,20FT,0,1,0,0,11,11,0,0
CARRIER_A,2025-07-01 19:00,UIWANG,20FT,0,0,0,0,11,11,0,0
CARRIER_A,2025-07-01 20:00,UIWANG,20FT,0,0,0,0,11,11,0,0
CARRIER_A,2025-07-01 21:00,UIWANG,20FT,0,0,0,0,11,11,0,0
CARRIER_A,2025-07-01 22:00,UIWANG,20FT,0,0,0,0,11,11,0,0
CARRIER_A,2025-07-01 23:00,UIWANG,20FT,0,0,0,0,11,11,0,0
CARRIER_A,2025-07-02 00:00,UIWANG,20FT,0,0,0,0,11,11,0,0
CARRIER_A,2025-07-02 01:00,UIWANG,20FT,0,0,0,0,11,11,0,0
CARRIER_A,2025-07-02 02:00,UIWANG,20FT,0,0,0,0,11,11,0,0
CARRIER_A,2025-07-02 03:00,UIWANG,20FT,0,0,0,0,11,11,0,0
CARRIER_A,2025-07-02 04:00,UIWANG,20FT,0,0,0,0,11,11,0,0
CARRIER_A,2025-07-02 05:00,UIWANG,20FT,1,0,0,0,10,10,0,0
CARRIER_A,2025-07-02 06:00,UIWANG,20FT,0,0,0,0,10,10,0,0
CARRIER_A,2025-07-02 07:00,UIWANG,20FT,1,0,0,0,9,9,0,0
CARRIER_A,2025-07-02 08:00,UIWANG,20FT,1,0,0,0,8,8,0,0
CARRIER_A,2025-07-02 09:00,UIWANG,20FT,0,0,0,0,8,8,0,0
CARRIER_A,2025-07-02 10:00,UIWANG,20FT,0,0,0,0,8,8,0,0
CARRIER_A,2025-07-02 11:00,UIWANG,20FT,1,0,0,0,7,7,0,0
CARRIER_A,2025-07-02 12:00,UIWANG,20FT,0,1,0,0,8,8,0,0
CARRIER_A,2025-07-02 13:00,UIWANG,20FT,0,0,0,0,8,8,0,0
CARRIER_A,2025-07-02 14:00,UIWANG,20FT,0,2,0,0,10,10,0,0
CARRIER_A,2025-07-02 15:00,UIWANG,20FT,0,0,0,0,10,10,0,0
CARRIER_A,2025-07-02 16:00,UIWANG,20FT,2,1,0,0,9,9,0,0
CARRIER_A,2025-07-02 17:00,UIWANG,20FT,0,1,0,0,10,10,0,0
CARRIER_A,2025-07-02 18:00,UIWANG,20FT,0,0,0,0,10,10,0,0
CARRIER_A,2025-07-02 19:00,UIWANG,20FT,0,0,0,0,10,10,0,0
CARRIER_A,2025-07-02 20:00,UIWANG,20FT,0,0,0,0,10,10,0,0
CARRIER_A,2025-07-02 21:00,UIWANG,20FT,0,0,0,0,10,10,0,0
CARRIER_A,2025-07-02 22:00,UIWANG,20FT,0,0,0,0,10,10,0,0
CARRIER_A,2025-07-02 23:00,UIWANG,20FT,0,0,0,0,10,10,0,0
CARRIER_A,2025-07-03 00:00,UIWANG,20FT,0,0,0,0,10,10,0,0
CARRIER_A,2025-07-03 01:00,UIWANG,20FT,0,0,0,0,10,10,0,0
CARRIER_A,2025-07-03 02:00,UIWANG,20FT,0,0,0,0,10,10,0,0
CARRIER_A,2025-07-03 03:00,UIWANG,20FT,0,0,0,0,10,10,0,0
CARRIER_A,2025-07-03 04:00,UIWANG,20FT,0,0,0,0,10,10,0,0
CARRIER_A,2025-07-03 05:00,UIWANG,20FT,0,0,0,0,10,10,0,0
CARRIER_A,2025-07-03 06:00,UIWANG,20FT,0,0,0,0,10,10,0,0
CARRIER_A,2025-07-03 07:00,UIWANG,20FT,0,0,0,0,10,10,0,0
CARRIER_A,2025-07-03 08:00,UIWANG,20FT,0,0,0,0,10,10,0,0
CARRIER_A,2025-07-03 09:00,UIWANG,20FT,0,1,0,0,11,11,0,0
CARRIER_A,2025-07-03 10:00,UIWANG,20FT,0,0,0,0,11,11,0,0
CARRIER_A,2025-07-03 11:00,UIWANG,20FT,1,1,0,0,11,11,0,0
CARRIER_A,2025-07-03 12:00,UIWANG,20FT,0,1,0,0,12,12,0,0
CARRIER_A,2025-07-03 13:00,UIWANG,20FT,0,0,0,0,12,12,0,0
CARRIER_A,2025-07-03 14:00,UIWANG,20FT,0,1,0,0,13,13,0,0
CARRIER_A,2025-07-03 15:00,UIWANG,20FT,0,0,0,8,13,5,0,0
CARRIER_A,2025-07-03 16:00,UIWANG,20FT,0,1,0,0,14,6,0,0
CARRIER_A,2025-07-03 17:00,UIWANG,20FT,0,2,0,0,16,8,0,0
CARRIER_A,2025-07-03 18:00,UIWANG,20FT,0,0,0,0,16,8,0,0
CARRIER_A,2025-07-03 19:00,UIWANG,20FT,0,0,0,0,16,8,0,0
CARRIER_A,2025-07-03 20:00,UIWANG,20FT,0,0,0,0,16,8,0,0
CARRIER_A,2025-07-03 21:00,UIWANG,20FT,0,0,0,0,16,8,0,0
CARRIER_A,2025-07-03 22:00,UIWANG,20FT,0,0,0,0,16,8,0,0
CARRIER_A,2025-07-03 23:00,UIWANG,20FT,0,0,0,0,16,8,0,0
CARRIER_A,2025-07-04 00:00,UIWANG,20FT,0,0,0,0,16,8,0,0
CARRIER_A,2025-07-04 01:00,UIWANG,20FT,0,0,0,0,16,8,0,0
CARRIER_A,2025-07-04 02:00,UIWANG,20FT,0,0,0,0,16,8,0,0
CARRIER_A,2025-07-04 03:00,UIWANG,20FT,0,0,0,0,16,8,0,0
CARRIER_A,2025-07-04 04:00,UIWANG,20FT,0,0,0,0,16,8,0,0
CARRIER_A,2025-07-04 05:00,UIWANG,20FT,0,0,0,0,16,8,0,0
CARRIER_A,2025-07-04 06:00,UIWANG,20FT,1,1,0,0,16,8,0,0
CARRIER_A,2025-07-04 07:00,UIWANG,20FT,0,0,0,0,16,8,0,0
CARRIER_A,2025-07-04 08:00,UIWANG,20FT,0,1,0,0,17,9,0,0
CARRIER_A,2025-07-04 09:00,UIWANG,20FT,0,1,0,0,18,10,0,0
CARRIER_A,2025-07-04 10:00,UIWANG,20FT,0,0,0,0,18,10,0,0
CARRIER_A,2025-07-04 11:00,UIWANG,20FT,0,1,0,0,19,11,0,0
CARRIER_A,2025-07-04 12:00,UIWANG,20FT,0,0,0,0,19,11,0,0
CARRIER_A,2025-07-04 13:00,UIWANG,20FT,0,0,0,0,19,11,0,0
CARRIER_A,2025-07-04 14:00,UIWANG,20FT,1,0,0,0,18,10,0,0
CARRIER_A,2025-07-04 15:00,UIWANG,20FT,0,1,0,7,19,4,0,0
CARRIER_A,2025-07-04 16:00,UIWANG,20FT,0,3,0,0,22,7,0,0
CARRIER_A,2025-07-04 17:00,UIWANG,20FT,0,1,0,0,23,8,0,0
CARRIER_A,2025-07-04 18:00,UIWANG,20FT,0,0,0,0,23,8,0,0
CARRIER_A,2025-07-04 19:00,UIWANG,20FT,0,0,0,0,23,8,0,0
CARRIER_A,2025-07-04 20:00,UIWANG,20FT,0,0,0,0,23,8,0,0
CARRIER_A,2025-07-04 21:00,UIWANG,20FT,0,0,0,0,23,8,0,0
CARRIER_A,2025-07-04 22:00,UIWANG,20FT,0,0,0,0,23,8,0,0
CARRIER_A,2025-07-04 23:00,UIWANG,20FT,0,0,0,0,23,8,0,0
CARRIER_A,2025-07-05 00:00,UIWANG,20FT,0,0,0,0,23,8,0,0
CARRIER_A,2025-07-05 01:00,UIWANG,20FT,0,0,0,0,23,8,0,0
CARRIER_A,2025-07-05 02:00,UIWANG,20FT,0,0,0,0,23,8,0,0
CARRIER_A,2025-07-05 03:00,UIWANG,20FT,0,0,0,0,23,8,0,0
CARRIER_A,2025-07-05 04:00,UIWANG,20FT,0,0,0,0,23,8,0,0
CARRIER_A,2025-07-05 05:00,UIWANG,20FT,0,0,0,0,23,8,0,0
CARRIER_A,2025-07-05 06:00,UIWANG,20FT,0,0,0,0,23,8,0,0
CARRIER_A,2025-07-05 07:00,UIWANG,20FT,0,0,0,0,23,8,0,0
CARRIER_A,2025-07-05 08:00,UIWANG,20FT,1,1,0,0,23,8,0,0
CARRIER_A,2025-07-05 09:00,UIWANG,20FT,1,0,0,0,22,7,0,0
CARRIER_A,2025-07-05 10:00,UIWANG,20FT,0,0,0,0,22,7,0,0
CARRIER_A,2025-07-05 11:00,UIWANG,20FT,0,0,0,0,22,7,0,0
CARRIER_A,2025-07-05 12:00,UIWANG,20FT,0,0,0,0,22,7,0,0
CARRIER_A,2025-07-05 13:00,UIWANG,20FT,0,0,0,0,22,7,0,0
CARRIER_A,2025-07-05 14:00,UIWANG,20FT,2,0,0,0,20,5,0,0
CARRIER_A,2025-07-05 15:00,UIWANG,20FT,0,0,0,0,20,5,0,0
CARRIER_A,2025-07-05 16:00,UIWANG,20FT,1,1,0,0,20,5,0,0
CARRIER_A,2025-07-05 17:00,UIWANG,20FT,1,0,0,0,19,4,0,0
CARRIER_A,2025-07-05 18:00,UIWANG,20FT,0,0,0,0,19,4,0,0
CARRIER_A,2025-07-05 19:00,UIWANG,20FT,0,0,0,0,19,4,0,0
CARRIER_A,2025-07-05 20:00,UIWANG,20FT,0,0,0,0,19,4,0,0
CARRIER_A,2025-07-05 21:00,UIWANG,20FT,0,0,0,0,19,4,0,0
CARRIER_A,2025-07-05 22:00,UIWANG,20FT,0,0,0,0,19,4,0,0
CARRIER_A,2025-07-05 23:00,UIWANG,20FT,0,0,0,0,19,4,0,0
CARRIER_A,2025-07-06 00:00,UIWANG,20FT,0,0,0,0,19,4,0,0
CARRIER_A,2025-07-06 01:00,UIWANG,20FT,0,0,0,0,19,4,0,0
CARRIER_A,2025-07-06 02:00,UIWANG,20FT,0,0,0,0,19,4,0,0
CARRIER_A,2025-07-06 03:00,UIWANG,20FT,0,0,0,0,19,4,0,0
CARRIER_A,2025-07-06 04:00,UIWANG,20FT,0,0,0,0,19,4,0,0
CARRIER_A,2025-07-06 05:00,UIWANG,20FT,0,0,0,0,19,4,0,0
CARRIER_A,2025-07-06 06:00,UIWANG,20FT,0,0,0,0,19,4,0,0
CARRIER_A,2025-07-06 07:00,UIWANG,20FT,0,0,0,0,19,4,0,0
CARRIER_A,2025-07-06 08:00,UIWANG,20FT,0,0,0,0,19,4,0,0
CARRIER_A,2025-07-06 09:00,UIWANG,20FT,1,1,0,0,19,4,0,0
CARRIER_A,2025-07-06 10:00,UIWANG,20FT,0,0,0,0,19,4,0,0
CARRIER_A,2025-07-06 11:00,UIWANG,20FT,1,0,0,0,18,3,0,0
CARRIER_A,2025-07-06 12:00,UIWANG,20FT,0,1,0,0,19,4,0,0
CARRIER_A,2025-07-06 13:00,UIWANG,20FT,1,0,0,0,18,3,0,0
CARRIER_A,2025-07-06 14:00,UIWANG,20FT,1,0,0,0,17,2,0,0
CARRIER_A,2025-07-06 15:00,UIWANG,20FT,0,0,0,0,17,2,0,0
CARRIER_A,2025-07-06 16:00,UIWANG,20FT,2,0,0,0,15,0,0,0
CARRIER_A,2025-07-06 17:00,UIWANG,20FT,0,0,0,0,15,0,0,0
CARRIER_A,2025-07-06 18:00,UIWANG,20FT,0,0,0,0,15,0,0,0
CARRIER_A,2025-07-06 19:00,UIWANG,20FT,0,0,0,0,15,0,0,0
CARRIER_A,2025-07-06 20:00,UIWANG,20FT,0,0,0,0,15,0,0,0
CARRIER_A,2025-07-06 21:00,UIWANG,20FT,0,0,0,0,15,0,0,0
CARRIER_A,2025-07-06 22:00,UIWANG,20FT,0,0,0,0,15,0,0,0
CARRIER_A,2025-07-06 23:00,UIWANG,20FT,0,0,0,0,15,0,0,0
CARRIER_A,2025-07-07 00:00,UIWANG,20FT,0,0,0,0,15,0,0,0
CARRIER_A,2025-07-07 01:00,UIWANG,20FT,0,0,0,0,15,0,0,0
CARRIER_A,2025-07-07 02:00,UIWANG,20FT,0,0,0,0,15,0,0,0
CARRIER_A,2025-07-07 03:00,UIWANG,20FT,0,0,0,0,15,0,0,0
CARRIER_A,2025-07-07 04:00,UIWANG,20FT,0,0,0,0,15,0,0,0
CARRIER_A,2025-07-07 05:00,UIWANG,20FT,0,0,0,0,15,0,0,0
CARRIER_A,2025-07-07 06:00,UIWANG,20FT,0,0,0,0,15,0,0,0
CARRIER_A,2025-07-07 07:00,UIWANG,20FT,0,0,0,0,15,0,0,0
CARRIER_A,2025-07-07 08:00,UIWANG,20FT,0,0,0,0,15,0,0,0
CARRIER_A,2025-07-07 09:00,UIWANG,20FT,0,0,0,0,15,0,0,0
CARRIER_A,2025-07-07 10:00,UIWANG,20FT,2,2,0,0,15,0,0,0
CARRIER_A,2025-07-07 11:00,UIWANG,20FT,0,0,0,0,15,0,0,0
CARRIER_A,2025-07-07 12:00,UIWANG,20FT,0,1,0,0,16,1,0,0
CARRIER_A,2025-07-07 13:00,UIWANG,20FT,1,2,0,0,17,2,0,0
CARRIER_A,2025-07-07 14:00,UIWANG,20FT,0,0,0,0,17,2,0,0
CARRIER_A,2025-07-07 15:00,UIWANG,20FT,0,1,0,0,18,3,0,0
CARRIER_A,2025-07-07 16:00,UIWANG,20FT,0,1,0,0,19,4,0,0
CARRIER_A,2025-07-07 17:00,UIWANG,20FT,1,3,0,0,21,6,0,0
CARRIER_A,2025-07-07 18:00,UIWANG,20FT,1,0,0,0,20,5,0,0
CARRIER_A,2025-07-07 19:00,UIWANG,20FT,0,1,0,0,21,6,0,0
CARRIER_A,2025-07-07 20:00,UIWANG,20FT,0,0,0,0,21,6,0,0
CARRIER_A,2025-07-07 21:00,UIWANG,20FT,0,0,0,0,21,6,0,0
CARRIER_A,2025-07-07 22:00,UIWANG,20FT,0,0,0,0,21,6,0,0
CARRIER_A,2025-07-07 23:00,UIWANG,20FT,0,0,0,0,21,6,0,0
CARRIER_A,2025-07-01 00:00,UIWANG,40FT,0,0,0,0,3,3,0,0
CARRIER_A,2025-07-01 01:00,UIWANG,40FT,0,0,0,0,3,3,0,0
CARRIER_A,2025-07-01 02:00,UIWANG,40FT,0,0,0,0,3,3,0,0
CARRIER_A,2025-07-01 03:00,UIWANG,40FT,0,0,0,0,3,3,0,0
CARRIER_A,2025-07-01 04:00,UIWANG,40FT,0,0,0,0,3,3,0,0
CARRIER_A,2025-07-01 05:00,UIWANG,40FT,0,0,0,0,3,3,0,0
CARRIER_A,2025-07-01 06:00,UIWANG,40FT,0,0,0,0,3,3,0,0
CARRIER_A,2025-07-01 07:00,UIWANG,40FT,0,0,0,0,3,3,0,0
CARRIER_A,2025-07-01 08:00,UIWANG,40FT,0,0,0,0,3,3,0,0
CARRIER_A,2025-07-01 09:00,UIWANG,40FT,0,0,0,0,3,3,0,0
CARRIER_A,2025-07-01 10:00,UIWANG,40FT,0,1,0,0,4,4,0,0
CARRIER_A,2025-07-01 11:00,UIWANG,40FT,1,0,0,0,3,3,0,0
CARRIER_A,2025-07-01 12:00,UIWANG,40FT,0,0,0,0,3,3,0,0
CARRIER_A,2025-07-01 13:00,UIWANG,40FT,0,0,0,0,3,3,0,0
CARRIER_A,2025-07-01 14:00,UIWANG,40FT,0,0,0,0,3,3,0,0
CARRIER_A,2025-07-01 15:00,UIWANG,40FT,1,0,0,0,2,2,0,0
CARRIER_A,2025-07-01 16:00,UIWANG,40FT,0,0,0,0,2,2,0,0
CARRIER_A,2025-07-01 17:00,UIWANG,40FT,0,0,0,0,2,2,0,0
CARRIER_A,2025-07-01 18:00,UIWANG,40FT,0,0,0,0,2,2,0,0
CARRIER_A,2025-07-01 19:00,UIWANG,40FT,0,0,0,0,2,2,0,0
CARRIER_A,2025-07-01 20:00,UIWANG,40FT,0,0,0,0,2,2,0,0
CARRIER_A,2025-07-01 21:00,UIWANG,40FT,0,0,0,0,2,2,0,0
CARRIER_A,2025-07-01 22:00,UIWANG,40FT,0,0,0,0,2,2,0,0
CARRIER_A,2025-07-01 23:00,UIWANG,40FT,0,0,0,0,2,2,0,0
CARRIER_A,2025-07-02 00:00,UIWANG,40FT,0,0,0,0,2,2,0,0
CARRIER_A,2025-07-02 01:00,UIWANG,40FT,0,0,0,0,2,2,0,0
CARRIER_A,2025-07-02 02:00,UIWANG,40FT,0,0,0,0,2,2,0,0
CARRIER_A,2025-07-02 03:00,UIWANG,40FT,0,0,0,0,2,2,0,0
CARRIER_A,2025-07-02 04:00,UIWANG,40FT,0,0,0,0,2,2,0,0
CARRIER_A,2025-07-02 05:00,UIWANG,40FT,0,0,0,0,2,2,0,0
CARRIER_A,2025-07-02 06:00,UIWANG,40FT,0,0,0,0,2,2,0,0
CARRIER_A,2025-07-02 07:00,UIWANG,40FT,0,0,0,0,2,2,0,0
CARRIER_A,2025-07-02 08:00,UIWANG,40FT,0,0,0,0,2,2,0,0
CARRIER_A,2025-07-02 09:00,UIWANG,40FT,0,0,0,0,2,2,0,0
CARRIER_A,2025-07-02 10:00,UIWANG,40FT,1,0,0,0,1,1,0,0
CARRIER_A,2025-07-02 11:00,UIWANG,40FT,0,0,0,0,1,1,0,0
CARRIER_A,2025-07-02 12:00,UIWANG,40FT,0,0,0,0,1,1,0,0
CARRIER_A,2025-07-02 13:00,UIWANG,40FT,0,0,0,0,1,1,0,0
CARRIER_A,2025-07-02 14:00,UIWANG,40FT,0,0,0,0,1,1,0,0
CARRIER_A,2025-07-02 15:00,UIWANG,40FT,1,0,0,0,0,0,0,0
CARRIER_A,2025-07-02 16:00,UIWANG,40FT,0,1,0,0,1,1,0,0
CARRIER_A,2025-07-02 17:00,UIWANG,40FT,0,1,0,0,2,2,0,0
CARRIER_A,2025-07-02 18:00,UIWANG,40FT,0,0,0,0,2,2,0,0
CARRIER_A,2025-07-02 19:00,UIWANG,40FT,0,0,0,0,2,2,0,0
CARRIER_A,2025-07-02 20:00,UIWANG,40FT,0,1,0,0,3,3,0,0
CARRIER_A,2025-07-02 21:00,UIWANG,40FT,0,0,0,0,3,3,0,0
CARRIER_A,2025-07-02 22:00,UIWANG,40FT,0,0,0,0,3,3,0,0
CARRIER_A,2025-07-02 23:00,UIWANG,40FT,0,0,0,0,3,3,0,0
CARRIER_A,2025-07-03 00:00,UIWANG,40FT,0,0,0,0,3,3,0,0
CARRIER_A,2025-07-03 01:00,UIWANG,40FT,0,0,0,0,3,3,0,0
CARRIER_A,2025-07-03 02:00,UIWANG,40FT,0,0,0,0,3,3,0,0
CARRIER_A,2025-07-03 03:00,UIWANG,40FT,0,0,0,0,3,3,0,0
CARRIER_A,2025-07-03 04:00,UIWANG,40FT,0,0,0,0,3,3,0,0
CARRIER_A,2025-07-03 05:00,UIWANG,40FT,0,0,0,0,3,3,0,0
CARRIER_A,2025-07-03 06:00,UIWANG,40FT,0,0,0,0,3,3,0,0
CARRIER_A,2025-07-03 07:00,UIWANG,40FT,1,0,0,0,2,2,0,0
CARRIER_A,2025-07-03 08:00,UIWANG,40FT,0,0,0,0,2,2,0,0
CARRIER_A,2025-07-03 09:00,UIWANG,40FT,0,0,0,0,2,2,0,0
CARRIER_A,2025-07-03 10:00,UIWANG,40FT,0,0,0,0,2,2,0,0
CARRIER_A,2025-07-03 11:00,UIWANG,40FT,0,1,0,0,3,3,0,0
CARRIER_A,2025-07-03 12:00,UIWANG,40FT,0,0,0,0,3,3,0,0
CARRIER_A,2025-07-03 13:00,UIWANG,40FT,0,0,0,0,3,3,0,0
CARRIER_A,2025-07-03 14:00,UIWANG,40FT,1,0,0,0,2,2,0,0
CARRIER_A,2025-07-03 15:00,UIWANG,40FT,0,0,0,0,2,2,0,0
CARRIER_A,2025-07-03 16:00,UIWANG,40FT,0,0,0,0,2,2,0,0
CARRIER_A,2025-07-03 17:00,UIWANG,40FT,0,0,0,0,2,2,0,0
CARRIER_A,2025-07-03 18:00,UIWANG,40FT,0,0,0,0,2,2,0,0
CARRIER_A,2025-07-03 19:00,UIWANG,40FT,0,0,0,0,2,2,0,0
CARRIER_A,2025-07-03 20:00,UIWANG,40FT,0,0,0,0,2,2,0,0
CARRIER_A,2025-07-03 21:00,UIWANG,40FT,0,0,0,0,2,2,0,0
CARRIER_A,2025-07-03 22:00,UIWANG,40FT,0,0,0,0,2,2,0,0
CARRIER_A,2025-07-03 23:00,UIWANG,40FT,0,0,0,0,2,2,0,0
CARRIER_A,2025-07-04 00:00,UIWANG,40FT,0,0,0,0,2,2,0,0
CARRIER_A,2025-07-04 01:00,UIWANG,40FT,0,0,0,0,2,2,0,0
CARRIER_A,2025-07-04 02:00,UIWANG,40FT,0,0,0,0,2,2,0,0
CARRIER_A,2025-07-04 03:00,UIWANG,40FT,0,0,0,0,2,2,0,0
CARRIER_A,2025-07-04 04:00,UIWANG,40FT,0,0,0,0,2,2,0,0
CARRIER_A,2025-07-04 05:00,UIWANG,40FT,0,0,0,0,2,2,0,0
CARRIER_A,2025-07-04 06:00,UIWANG,40FT,0,0,0,0,2,2,0,0
CARRIER_A,2025-07-04 07:00,UIWANG,40FT,0,0,0,0,2,2,0,0
CARRIER_A,2025-07-04 08:00,UIWANG,40FT,0,0,0,0,2,2,0,0
CARRIER_A,2025-07-04 09:00,UIWANG,40FT,0,0,0,0,2,2,0,0
CARRIER_A,2025-07-04 10:00,UIWANG,40FT,0,1,0,0,3,3,0,0
CARRIER_A,2025-07-04 11:00,UIWANG,40FT,0,0,0,0,3,3,0,0
CARRIER_A,2025-07-04 12:00,UIWANG,40FT,0,1,0,0,4,4,0,0
CARRIER_A,2025-07-04 13:00,UIWANG,40FT,0,0,0,0,4,4,0,0
CARRIER_A,2025-07-04 14:00,UIWANG,40FT,0,0,0,0,4,4,0,0
CARRIER_A,2025-07-04 15:00,UIWANG,40FT,0,0,0,0,4,4,0,0
CARRIER_A,2025-07-04 16:00,UIWANG,40FT,0,0,0,0,4,4,0,0
CARRIER_A,2025-07-04 17:00,UIWANG,40FT,0,1,0,0,5,5,0,0
CARRIER_A,2025-07-04 18:00,UIWANG,40FT,0,0,0,0,5,5,0,0
CARRIER_A,2025-07-04 19:00,UIWANG,40FT,0,0,0,0,5,5,0,0
CARRIER_A,2025-07-04 20:00,UIWANG,40FT,0,1,0,0,6,6,0,0
CARRIER_A,2025-07-04 21:00,UIWANG,40FT,0,0,0,0,6,6,0,0
CARRIER_A,2025-07-04 22:00,UIWANG,40FT,0,0,0,0,6,6,0,0
CARRIER_A,2025-07-04 23:00,UIWANG,40FT,0,0,0,0,6,6,0,0
CARRIER_A,2025-07-05 00:00,UIWANG,40FT,0,0,0,0,6,6,0,0
CARRIER_A,2025-07-05 01:00,UIWANG,40FT,0,0,0,0,6,6,0,0
CARRIER_A,2025-07-05 02:00,UIWANG,40FT,0,0,0,0,6,6,0,0
CARRIER_A,2025-07-05 03:00,UIWANG,40FT,0,0,0,0,6,6,0,0
CARRIER_A,2025-07-05 04:00,UIWANG,40FT,0,0,0,0,6,6,0,0
CARRIER_A,2025-07-05 05:00,UIWANG,40FT,0,0,0,0,6,6,0,0
CARRIER_A,2025-07-05 06:00,UIWANG,40FT,0,0,0,0,6,6,0,0
CARRIER_A,2025-07-05 07:00,UIWANG,40FT,0,0,0,0,6,6,0,0
CARRIER_A,2025-07-05 08:00,UIWANG,40FT,0,0,0,0,6,6,0,0
CARRIER_A,2025-07-05 09:00,UIWANG,40FT,0,0,0,0,6,6,0,0
CARRIER_A,2025-07-05 10:00,UIWANG,40FT,0,0,0,0,6,6,0,0
CARRIER_A,2025-07-05 11:00,UIWANG,40FT,0,0,0,0,6,6,0,0
CARRIER_A,2025-07-05 12:00,UIWANG,40FT,0,0,0,0,6,6,0,0
CARRIER_A,2025-07-05 13:00,UIWANG,40FT,0,0,0,0,6,6,0,0
CARRIER_A,2025-07-05 14:00,UIWANG,40FT,0,0,0,0,6,6,0,0
CARRIER_A,2025-07-05 15:00,UIWANG,40FT,0,0,0,0,6,6,0,0
CARRIER_A,2025-07-05 16:00,UIWANG,40FT,0,0,0,0,6,6,0,0
CARRIER_A,2025-07-05 17:00,UIWANG,40FT,0,0,0,0,6,6,0,0
CARRIER_A,2025-07-05 18:00,UIWANG,40FT,0,0,0,0,6,6,0,0
CARRIER_A,2025-07-05 19:00,UIWANG,40FT,0,0,0,0,6,6,0,0
CARRIER_A,2025-07-05 20:00,UIWANG,40FT,0,0,0,0,6,6,0,0
CARRIER_A,2025-07-05 21:00,UIWANG,40FT,0,0,0,0,6,6,0,0
CARRIER_A,2025-07-05 22:00,UIWANG,40FT,0,0,0,0,6,6,0,0
CARRIER_A,2025-07-05 23:00,UIWANG,40FT,0,0,0,0,6,6,0,0
CARRIER_A,2025-07-06 00:00,UIWANG,40FT,0,0,0,0,6,6,0,0
CARRIER_A,2025-07-06 01:00,UIWANG,40FT,0,0,0,0,6,6,0,0
CARRIER_A,2025-07-06 02:00,UIWANG,40FT,0,0,0,0,6,6,0,0
CARRIER_A,2025-07-06 03:00,UIWANG,40FT,0,0,0,0,6,6,0,0
CARRIER_A,2025-07-06 04:00,UIWANG,40FT,0,0,0,0,6,6,0,0
CARRIER_A,2025-07-06 05:00,UIWANG,40FT,0,0,0,0,6,6,0,0
CARRIER_A,2025-07-06 06:00,UIWANG,40FT,0,0,0,0,6,6,0,0
CARRIER_A,2025-07-06 07:00,UIWANG,40FT,0,0,0,0,6,6,0,0
CARRIER_A,2025-07-06 08:00,UIWANG,40FT,1,0,0,0,5,5,0,0
CARRIER_A,2025-07-06 09:00,UIWANG,40FT,0,0,0,0,5,5,0,0
CARRIER_A,2025-07-06 10:00,UIWANG,40FT,0,0,0,0,5,5,0,0
CARRIER_A,2025-07-06 11:00,UIWANG,40FT,0,0,0,0,5,5,0,0
CARRIER_A,2025-07-06 12:00,UIWANG,40FT,0,0,0,0,5,5,0,0
CARRIER_A,2025-07-06 13:00,UIWANG,40FT,1,0,0,0,4,4,0,0
CARRIER_A,2025-07-06 14:00,UIWANG,40FT,0,0,0,0,4,4,0,0
CARRIER_A,2025-07-06 15:00,UIWANG,40FT,1,0,0,0,3,3,0,0
CARRIER_A,2025-07-06 16:00,UIWANG,40FT,0,0,0,0,3,3,0,0
CARRIER_A,2025-07-06 17:00,UIWANG,40FT,0,0,0,0,3,3,0,0
CARRIER_A,2025-07-06 18:00,UIWANG,40FT,0,0,0,0,3,3,0,0
CARRIER_A,2025-07-06 19:00,UIWANG,40FT,0,0,0,0,3,3,0,0
CARRIER_A,2025-07-06 20:00,UIWANG,40FT,0,0,0,0,3,3,0,0
CARRIER_A,2025-07-06 21:00,UIWANG,40FT,0,0,0,0,3,3,0,0
CARRIER_A,2025-07-06 22:00,UIWANG,40FT,0,0,0,0,3,3,0,0
CARRIER_A,2025-07-06 23:00,UIWANG,40FT,0,0,0,0,3,3,0,0
CARRIER_A,2025-07-07 00:00,UIWANG,40FT,0,0,0,0,3,3,0,0
CARRIER_A,2025-07-07 01:00,UIWANG,40FT,0,0,0,0,3,3,0,0
CARRIER_A,2025-07-07 02:00,UIWANG,40FT,0,0,0,0,3,3,0,0
CARRIER_A,2025-07-07 03:00,UIWANG,40FT,0,0,0,0,3,3,0,0
CARRIER_A,2025-07-07 04:00,UIWANG,40FT,0,0,0,0,3,3,0,0
CARRIER_A,2025-07-07 05:00,UIWANG,40FT,0,0,0,0,3,3,0,0
CARRIER_A,2025-07-07 06:00,UIWANG,40FT,0,0,0,0,3,3,0,0
CARRIER_A,2025-07-07 07:00,UIWANG,40FT,0,0,0,0,3,3,0,0
CARRIER_A,2025-07-07 08:00,UIWANG,40FT,0,0,0,0,3,3,0,0
CARRIER_A,2025-07-07 09:00,UIWANG,40FT,0,0,0,0,3,3,0,0
CARRIER_A,2025-07-07 10:00,UIWANG,40FT,0,0,0,0,3,3,0,0
CARRIER_A,2025-07-07 11:00,UIWANG,40FT,0,0,0,0,3,3,0,0
CARRIER_A,2025-07-07 12:00,UIWANG,40FT,0,0,0,0,3,3,0,0
CARRIER_A,2025-07-07 13:00,UIWANG,40FT,0,0,0,0,3,3,0,0
CARRIER_A,2025-07-07 14:00,UIWANG,40FT,0,1,0,0,4,4,0,0
CARRIER_A,2025-07-07 15:00,UIWANG,40FT,0,0,0,0,4,4,0,0
CARRIER_A,2025-07-07 16:00,UIWANG,40FT,0,0,0,0,4,4,0,0
CARRIER_A,2025-07-07 17:00,UIWANG,40FT,0,0,0,0,4,4,0,0
CARRIER_A,2025-07-07 18:00,UIWANG,40FT,0,0,0,0,4,4,0,0
CARRIER_A,2025-07-07 19:00,UIWANG,40FT,0,0,0,0,4,4,0,0
CARRIER_A,2025-07-07 20:00,UIWANG,40FT,0,0,0,0,4,4,0,0
CARRIER_A,2025-07-07 21:00,UIWANG,40FT,0,0,0,0,4,4,0,0
CARRIER_A,2025-07-07 22:00,UIWANG,40FT,0,0,0,0,4,4,0,0
CARRIER_A,2025-07-07 23:00,UIWANG,40FT,0,0,0,0,4,4,0,0
CARRIER_A,2025-07-01 00:00,YAKMOK,20FT,0,0,0,0,15,15,0,0
CARRIER_A,2025-07-01 01:00,YAKMOK,20FT,0,0,0,0,15,15,0,0
CARRIER_A,2025-07-01 02:00,YAKMOK,20FT,0,0,0,0,15,15,0,0
CARRIER_A,2025-07-01 03:00,YAKMOK,20FT,0,0,0,0,15,15,0,0
CARRIER_A,2025-07-01 04:00,YAKMOK,20FT,0,0,0,0,15,15,0,0
CARRIER_A,2025-07-01 05:00,YAKMOK,20FT,0,0,0,0,15,15,0,0
CARRIER_A,2025-07-01 06:00,YAKMOK,20FT,1,0,0,0,14,14,0,0
CARRIER_A,2025-07-01 07:00,YAKMOK,20FT,0,0,0,0,14,14,0,0
CARRIER_A,2025-07-01 08:00,YAKMOK,20FT,1,0,0,0,13,13,0,0
CARRIER_A,2025-07-01 09:00,YAKMOK,20FT,0,0,0,0,13,13,0,0
CARRIER_A,2025-07-01 10:00,YAKMOK,20FT,1,0,0,0,12,12,0,0
CARRIER_A,2025-07-01 11:00,YAKMOK,20FT,2,2,0,0,12,12,0,0
CARRIER_A,2025-07-01 12:00,YAKMOK,20FT,2,0,0,0,10,10,0,0
CARRIER_A,2025-07-01 13:00,YAKMOK,20FT,1,0,0,0,9,9,0,0
CARRIER_A,2025-07-01 14:00,YAKMOK,20FT,0,0,0,0,9,9,0,0
CARRIER_A,2025-07-01 15:00,YAKMOK,20FT,2,0,0,0,7,7,0,0
CARRIER_A,2025-07-01 16:00,YAKMOK,20FT,0,0,0,0,7,7,0,0
CARRIER_A,2025-07-01 17:00,YAKMOK,20FT,0,0,0,0,7,7,0,0
CARRIER_A,2025-07-01 18:00,YAKMOK,20FT,0,0,0,0,7,7,0,0
CARRIER_A,2025-07-01 19:00,YAKMOK,20FT,0,0,0,0,7,7,0,0
CARRIER_A,2025-07-01 20:00,YAKMOK,20FT,0,0,0,0,7,7,0,0
CARRIER_A,2025-07-01 21:00,YAKMOK,20FT,0,0,0,0,7,7,0,0
CARRIER_A,2025-07-01 22:00,YAKMOK,20FT,0,0,0,0,7,7,0,0
CARRIER_A,2025-07-01 23:00,YAKMOK,20FT,0,0,0,0,7,7,0,0
CARRIER_A,2025-07-02 00:00,YAKMOK,20FT,0,0,0,0,7,7,0,0
CARRIER_A,2025-07-02 01:00,YAKMOK,20FT,0,0,0,0,7,7,0,0
CARRIER_A,2025-07-02 02:00,YAKMOK,20FT,0,0,0,0,7,7,0,0
CARRIER_A,2025-07-02 03:00,YAKMOK,20FT,0,0,0,0,7,7,0,0
CARRIER_A,2025-07-02 04:00,YAKMOK,20FT,0,0,2,0,7,9,0,0
CARRIER_A,2025-07-02 05:00,YAKMOK,20FT,0,0,0,0,7,9,0,0
CARRIER_A,2025-07-02 06:00,YAKMOK,20FT,0,0,0,0,7,9,0,0
CARRIER_A,2025-07-02 07:00,YAKMOK,20FT,1,0,0,0,6,8,0,0
CARRIER_A,2025-07-02 08:00,YAKMOK,20FT,0,1,0,0,7,9,0,0
CARRIER_A,2025-07-02 09:00,YAKMOK,20FT,1,0,0,0,6,8,0,0
CARRIER_A,2025-07-02 10:00,YAKMOK,20FT,2,2,0,0,6,8,0,0
CARRIER_A,2025-07-02 11:00,YAKMOK,20FT,1,1,0,0,6,8,0,0
CARRIER_A,2025-07-02 12:00,YAKMOK,20FT,0,0,0,0,6,8,0,0
CARRIER_A,2025-07-02 13:00,YAKMOK,20FT,1,0,0,0,5,7,0,0
CARRIER_A,2025-07-02 14:00,YAKMOK,20FT,3,1,0,0,3,5,0,0
CARRIER_A,2025-07-02 15:00,YAKMOK,20FT,0,1,0,0,4,6,0,0
CARRIER_A,2025-07-02 16:00,YAKMOK,20FT,2,0,0,0,2,4,0,0
CARRIER_A,2025-07-02 17:00,YAKMOK,20FT,1,0,0,0,1,3,0,0
CARRIER_A,2025-07-02 18:00,YAKMOK,20FT,0,0,0,0,1,3,0,0
CARRIER_A,2025-07-02 19:00,YAKMOK,20FT,0,0,0,0,1,3,0,0
CARRIER_A,2025-07-02 20:00,YAKMOK,20FT,0,0,0,0,1,3,0,0
CARRIER_A,2025-07-02 21:00,YAKMOK,20FT,0,0,0,0,1,3,0,0
CARRIER_A,2025-07-02 22:00,YAKMOK,20FT,0,0,0,0,1,3,0,0
CARRIER_A,2025-07-02 23:00,YAKMOK,20FT,0,0,0,0,1,3,0,0
CARRIER_A,2025-07-03 00:00,YAKMOK,20FT,0,0,0,0,1,3,0,0
CARRIER_A,2025-07-03 01:00,YAKMOK,20FT,0,0,0,0,1,3,0,0
CARRIER_A,2025-07-03 02:00,YAKMOK,20FT,0,0,0,0,1,3,0,0
CARRIER_A,2025-07-03 03:00,YAKMOK,20FT,0,0,0,0,1,3,0,0
CARRIER_A,2025-07-03 04:00,YAKMOK,20FT,0,0,0,0,1,3,0,0
CARRIER_A,2025-07-03 05:00,YAKMOK,20FT,0,0,0,0,1,3,0,0
CARRIER_A,2025-07-03 06:00,YAKMOK,20FT,0,0,0,0,1,3,0,0
CARRIER_A,2025-07-03 07:00,YAKMOK,20FT,0,0,0,0,1,3,0,0
CARRIER_A,2025-07-03 08:00,YAKMOK,20FT,0,0,0,0,1,3,0,0
CARRIER_A,2025-07-03 09:00,YAKMOK,20FT,1,1,0,0,1,3,0,0
CARRIER_A,2025-07-03 10:00,YAKMOK,20FT,1,0,0,0,0,2,0,0
CARRIER_A,2025-07-03 11:00,YAKMOK,20FT,1,0,0,0,0,1,1,0
CARRIER_A,2025-07-03 12:00,YAKMOK,20FT,0,1,0,0,1,2,0,0
CARRIER_A,2025-07-03 13:00,YAKMOK,20FT,0,1,0,0,2,3,0,0
CARRIER_A,2025-07-03 14:00,YAKMOK,20FT,1,0,0,0,1,2,0,0
CARRIER_A,2025-07-03 15:00,YAKMOK,20FT,2,0,0,0,0,0,1,0
CARRIER_A,2025-07-03 16:00,YAKMOK,20FT,0,0,0,0,0,0,0,0
CARRIER_A,2025-07-03 17:00,YAKMOK,20FT,0,1,0,0,1,1,0,0
CARRIER_A,2025-07-03 18:00,YAKMOK,20FT,0,0,0,0,1,1,0,0
CARRIER_A,2025-07-03 19:00,YAKMOK,20FT,0,2,0,0,3,3,0,0
CARRIER_A,2025-07-03 20:00,YAKMOK,20FT,1,0,0,0,2,2,0,0
CARRIER_A,2025-07-03 21:00,YAKMOK,20FT,0,0,0,0,2,2,0,0
CARRIER_A,2025-07-03 22:00,YAKMOK,20FT,0,0,0,0,2,2,0,0
CARRIER_A,2025-07-03 23:00,YAKMOK,20FT,0,0,0,0,2,2,0,0
CARRIER_A,2025-07-04 00:00,YAKMOK,20FT,0,0,0,0,2,2,0,0
CARRIER_A,2025-07-04 01:00,YAKMOK,20FT,0,0,0,0,2,2,0,0
CARRIER_A,2025-07-04 02:00,YAKMOK,20FT,0,0,0,0,2,2,0,0
CARRIER_A,2025-07-04 03:00,YAKMOK,20FT,0,0,0,0,2,2,0,0
CARRIER_A,2025-07-04 04:00,YAKMOK,20FT,0,0,0,0,2,2,0,0
CARRIER_A,2025-07-04 05:00,YAKMOK,20FT,0,0,0,0,2,2,0,0
CARRIER_A,2025-07-04 06:00,YAKMOK,20FT,0,0,0,0,2,2,0,0
CARRIER_A,2025-07-04 07:00,YAKMOK,20FT,1,0,0,0,1,1,0,0
CARRIER_A,2025-07-04 08:00,YAKMOK,20FT,1,0,0,0,0,0,0,0
CARRIER_A,2025-07-04 09:00,YAKMOK,20FT,1,1,0,0,0,0,0,0
CARRIER_A,2025-07-04 10:00,YAKMOK,20FT,0,1,0,0,1,1,0,0
CARRIER_A,2025-07-04 11:00,YAKMOK,20FT,1,0,0,0,0,0,0,0
CARRIER_A,2025-07-04 12:00,YAKMOK,20FT,0,0,0,0,0,0,0,0
CARRIER_A,2025-07-04 13:00,YAKMOK,20FT,0,1,0,0,1,1,0,0
CARRIER_A,2025-07-04 14:00,YAKMOK,20FT,0,0,0,0,1,1,0,0
CARRIER_A,2025-07-04 15:00,YAKMOK,20FT,1,0,0,0,0,0,0,0
CARRIER_A,2025-07-04 16:00,YAKMOK,20FT,0,0,0,0,0,0,0,0
CARRIER_A,2025-07-04 17:00,YAKMOK,20FT,0,0,0,0,0,0,0,0
CARRIER_A,2025-07-04 18:00,YAKMOK,20FT,0,0,0,0,0,0,0,0
CARRIER_A,2025-07-04 19:00,YAKMOK,20FT,0,1,0,0,1,1,0,0
CARRIER_A,2025-07-04 20:00,YAKMOK,20FT,0,0,0,0,1,1,0,0
CARRIER_A,2025-07-04 21:00,YAKMOK,20FT,0,0,0,0,1,1,0,0
CARRIER_A,2025-07-04 22:00,YAKMOK,20FT,0,0,0,0,1,1,0,0
CARRIER_A,2025-07-04 23:00,YAKMOK,20FT,0,0,0,0,1,1,0,0
CARRIER_A,2025-07-05 00:00,YAKMOK,20FT,0,0,0,0,1,1,0,0
CARRIER_A,2025-07-05 01:00,YAKMOK,20FT,0,0,0,0,1,1,0,0
CARRIER_A,2025-07-05 02:00,YAKMOK,20FT,0,0,0,0,1,1,0,0
CARRIER_A,2025-07-05 03:00,YAKMOK,20FT,0,0,0,0,1,1,0,0
CARRIER_A,2025-07-05 04:00,YAKMOK,20FT,0,0,12,0,1,13,0,0
CARRIER_A,2025-07-05 05:00,YAKMOK,20FT,0,0,0,0,1,13,0,0
CARRIER_A,2025-07-05 06:00,YAKMOK,20FT,0,0,0,0,1,13,0,0
CARRIER_A,2025-07-05 07:00,YAKMOK,20FT,0,0,0,0,1,13,0,0
CARRIER_A,2025-07-05 08:00,YAKMOK,20FT,0,0,0,0,1,13,0,0
CARRIER_A,2025-07-05 09:00,YAKMOK,20FT,0,0,0,0,1,13,0,0
CARRIER_A,2025-07-05 10:00,YAKMOK,20FT,0,0,0,0,1,13,0,0
CARRIER_A,2025-07-05 11:00,YAKMOK,20FT,0,0,0,0,1,13,0,0
CARRIER_A,2025-07-05 12:00,YAKMOK,20FT,0,1,0,0,2,14,0,0
CARRIER_A,2025-07-05 13:00,YAKMOK,20FT,0,0,0,0,2,14,0,0
CARRIER_A,2025-07-05 14:00,YAKMOK,20FT,0,0,0,0,2,14,0,0
CARRIER_A,2025-07-05 15:00,YAKMOK,20FT,0,0,0,0,2,14,0,0
CARRIER_A,2025-07-05 16:00,YAKMOK,20FT,1,0,0,0,1,13,0,0
CARRIER_A,2025-07-05 17:00,YAKMOK,20FT,0,0,0,0,1,13,0,0
CARRIER_A,2025-07-05 18:00,YAKMOK,20FT,0,0,0,0,1,13,0,0
CARRIER_A,2025-07-05 19:00,YAKMOK,20FT,0,0,0,0,1,13,0,0
CARRIER_A,2025-07-05 20:00,YAKMOK,20FT,0,0,0,0,1,13,0,0
CARRIER_A,2025-07-05 21:00,YAKMOK,20FT,0,0,0,0,1,13,0,0
CARRIER_A,2025-07-05 22:00,YAKMOK,20FT,0,0,0,0,1,13,0,0
CARRIER_A,2025-07-05 23:00,YAKMOK,20FT,0,0,0,0,1,13,0,0
CARRIER_A,2025-07-06 00:00,YAKMOK,20FT,0,0,0,0,1,13,0,0
CARRIER_A,2025-07-06 01:00,YAKMOK,20FT,0,0,0,0,1,13,0,0
CARRIER_A,2025-07-06 02:00,YAKMOK,20FT,0,0,0,0,1,13,0,0
CARRIER_A,2025-07-06 03:00,YAKMOK,20FT,0,0,0,0,1,13,0,0
CARRIER_A,2025-07-06 04:00,YAKMOK,20FT,0,0,0,0,1,13,0,0
CARRIER_A,2025-07-06 05:00,YAKMOK,20FT,0,0,0,0,1,13,0,0
CARRIER_A,2025-07-06 06:00,YAKMOK,20FT,0,0,0,0,1,13,0,0
CARRIER_A,2025-07-06 07:00,YAKMOK,20FT,0,0,0,0,1,13,0,0
CARRIER_A,2025-07-06 08:00,YAKMOK,20FT,1,0,0,0,0,12,0,0
CARRIER_A,2025-07-06 09:00,YAKMOK,20FT,1,0,0,0,0,11,1,0
CARRIER_A,2025-07-06 10:00,YAKMOK,20FT,0,0,0,0,0,11,0,0
CARRIER_A,2025-07-06 11:00,YAKMOK,20FT,2,0,0,0,0,9,2,0
CARRIER_A,2025-07-06 12:00,YAKMOK,20FT,0,0,0,0,0,9,0,0
CARRIER_A,2025-07-06 13:00,YAKMOK,20FT,1,1,0,0,0,9,0,0
CARRIER_A,2025-07-06 14:00,YAKMOK,20FT,1,0,0,0,0,8,1,0
CARRIER_A,2025-07-06 15:00,YAKMOK,20FT,0,0,0,0,0,8,0,0
CARRIER_A,2025-07-06 16:00,YAKMOK,20FT,1,0,0,0,0,7,1,0
CARRIER_A,2025-07-06 17:00,YAKMOK,20FT,1,0,0,0,0,6,1,0
CARRIER_A,2025-07-06 18:00,YAKMOK,20FT,0,1,0,0,1,7,0,0
CARRIER_A,2025-07-06 19:00,YAKMOK,20FT,0,0,0,0,1,7,0,0
CARRIER_A,2025-07-06 20:00,YAKMOK,20FT,0,0,0,0,1,7,0,0
CARRIER_A,2025-07-06 21:00,YAKMOK,20FT,0,0,0,0,1,7,0,0
CARRIER_A,2025-07-06 22:00,YAKMOK,20FT,0,0,0,0,1,7,0,0
CARRIER_A,2025-07-06 23:00,YAKMOK,20FT,0,0,0,0,1,7,0,0
CARRIER_A,2025-07-07 00:00,YAKMOK,20FT,0,0,0,0,1,7,0,0
CARRIER_A,2025-07-07 01:00,YAKMOK,20FT,0,0,0,0,1,7,0,0
CARRIER_A,2025-07-07 02:00,YAKMOK,20FT,0,0,0,0,1,7,0,0
CARRIER_A,2025-07-07 03:00,YAKMOK,20FT,0,0,0,0,1,7,0,0
CARRIER_A,2025-07-07 04:00,YAKMOK,20FT,0,0,0,0,1,7,0,0
CARRIER_A,2025-07-07 05:00,YAKMOK,20FT,0,0,0,0,1,7,0,0
CARRIER_A,2025-07-07 06:00,YAKMOK,20FT,0,0,0,0,1,7,0,0
CARRIER_A,2025-07-07 07:00,YAKMOK,20FT,0,0,0,0,1,7,0,0
CARRIER_A,2025-07-07 08:00,YAKMOK,20FT,2,0,0,0,0,5,1,0
CARRIER_A,2025-07-07 09:00,YAKMOK,20FT,1,0,0,0,0,4,1,0
CARRIER_A,2025-07-07 10:00,YAKMOK,20FT,1,0,0,0,0,3,1,0
CARRIER_A,2025-07-07 11:00,YAKMOK,20FT,3,0,0,0,0,0,3,0
CARRIER_A,2025-07-07 12:00,YAKMOK,20FT,1,0,0,0,0,0,1,1
CARRIER_A,2025-07-07 13:00,YAKMOK,20FT,0,0,0,0,0,0,0,0
CARRIER_A,2025-07-07 14:00,YAKMOK,20FT,0,0,0,0,0,0,0,0
CARRIER_A,2025-07-07 15:00,YAKMOK,20FT,0,0,0,0,0,0,0,0
CARRIER_A,2025-07-07 16:00,YAKMOK,20FT,2,1,0,0,0,0,1,1
CARRIER_A,2025-07-07 17:00,YAKMOK,20FT,0,0,0,0,0,0,0,0
CARRIER_A,2025-07-07 18:00,YAKMOK,20FT,0,0,0,0,0,0,0,0
CARRIER_A,2025-07-07 19:00,YAKMOK,20FT,0,0,0,0,0,0,0,0
CARRIER_A,2025-07-07 20:00,YAKMOK,20FT,0,0,0,0,0,0,0,0
CARRIER_A,2025-07-07 21:00,YAKMOK,20FT,0,0,0,0,0,0,0,0
CARRIER_A,2025-07-07 22:00,YAKMOK,20FT,0,0,0,0,0,0,0,0
CARRIER_A,2025-07-07 23:00,YAKMOK,20FT,0,0,0,0,0,0,0,0
CARRIER_A,2025-07-01 00:00,YAKMOK,40FT,0,0,0,0,7,7,0,0
CARRIER_A,2025-07-01 01:00,YAKMOK,40FT,0,0,0,0,7,7,0,0
CARRIER_A,2025-07-01 02:00,YAKMOK,40FT,0,0,0,0,7,7,0,0
CARRIER_A,2025-07-01 03:00,YAKMOK,40FT,0,0,0,0,7,7,0,0
CARRIER_A,2025-07-01 04:00,YAKMOK,40FT,0,0,0,0,7,7,0,0
CARRIER_A,2025-07-01 05:00,YAKMOK,40FT,0,0,0,0,7,7,0,0
CARRIER_A,2025-07-01 06:00,YAKMOK,40FT,0,0,0,0,7,7,0,0
CARRIER_A,2025-07-01 07:00,YAKMOK,40FT,0,1,0,0,8,8,0,0
CARRIER_A,2025-07-01 08:00,YAKMOK,40FT,0,0,0,0,8,8,0,0
CARRIER_A,2025-07-01 09:00,YAKMOK,40FT,0,1,0,0,9,9,0,0
CARRIER_A,2025-07-01 10:00,YAKMOK,40FT,0,0,0,0,9,9,0,0
CARRIER_A,2025-07-01 11:00,YAKMOK,40FT,1,0,0,0,8,8,0,0
CARRIER_A,2025-07-01 12:00,YAKMOK,40FT,0,0,0,0,8,8,0,0
CARRIER_A,2025-07-01 13:00,YAKMOK,40FT,0,0,0,0,8,8,0,0
CARRIER_A,2025-07-01 14:00,YAKMOK,40FT,0,1,0,0,9,9,0,0
CARRIER_A,2025-07-01 15:00,YAKMOK,40FT,2,0,0,0,7,7,0,0
CARRIER_A,2025-07-01 16:00,YAKMOK,40FT,0,0,0,0,7,7,0,0
CARRIER_A,2025-07-01 17:00,YAKMOK,40FT,0,0,0,0,7,7,0,0
CARRIER_A,2025-07-01 18:00,YAKMOK,40FT,0,0,0,0,7,7,0,0
CARRIER_A,2025-07-01 19:00,YAKMOK,40FT,0,0,0,0,7,7,0,0
CARRIER_A,2025-07-01 20:00,YAKMOK,40FT,0,0,0,0,7,7,0,0
CARRIER_A,2025-07-01 21:00,YAKMOK,40FT,0,0,0,0,7,7,0,0
CARRIER_A,2025-07-01 22:00,YAKMOK,40FT,0,0,0,0,7,7,0,0
CARRIER_A,2025-07-01 23:00,YAKMOK,40FT,0,0,0,0,7,7,0,0
CARRIER_A,2025-07-02 00:00,YAKMOK,40FT,0,0,0,0,7,7,0,0
CARRIER_A,2025-07-02 01:00,YAKMOK,40FT,0,0,0,0,7,7,0,0
CARRIER_A,2025-07-02 02:00,YAKMOK,40FT,0,0,0,0,7,7,0,0
CARRIER_A,2025-07-02 03:00,YAKMOK,40FT,0,0,0,0,7,7,0,0
CARRIER_A,2025-07-02 04:00,YAKMOK,40FT,0,0,0,0,7,7,0,0
CARRIER_A,2025-07-02 05:00,YAKMOK,40FT,0,0,0,0,7,7,0,0
CARRIER_A,2025-07-02 06:00,YAKMOK,40FT,0,0,0,0,7,7,0,0
CARRIER_A,2025-07-02 07:00,YAKMOK,40FT,0,0,0,0,7,7,0,0
CARRIER_A,2025-07-02 08:00,YAKMOK,40FT,1,0,0,0,6,6,0,0
CARRIER_A,2025-07-02 09:00,YAKMOK,40FT,1,0,0,0,5,5,0,0
CARRIER_A,2025-07-02 10:00,YAKMOK,40FT,0,1,0,0,6,6,0,0
CARRIER_A,2025-07-02 11:00,YAKMOK,40FT,0,0,0,0,6,6,0,0
CARRIER_A,2025-07-02 12:00,YAKMOK,40FT,0,0,0,0,6,6,0,0
CARRIER_A,2025-07-02 13:00,YAKMOK,40FT,0,1,0,0,7,7,0,0
CARRIER_A,2025-07-02 14:00,YAKMOK,40FT,1,1,0,0,7,7,0,0
CARRIER_A,2025-07-02 15:00,YAKMOK,40FT,0,0,0,0,7,7,0,0
CARRIER_A,2025-07-02 16:00,YAKMOK,40FT,0,0,0,0,7,7,0,0
CARRIER_A,2025-07-02 17:00,YAKMOK,40FT,0,0,0,0,7,7,0,0
CARRIER_A,2025-07-02 18:00,YAKMOK,40FT,0,0,0,0,7,7,0,0
CARRIER_A,2025-07-02 19:00,YAKMOK,40FT,0,0,0,0,7,7,0,0
CARRIER_A,2025-07-02 20:00,YAKMOK,40FT,0,0,0,0,7,7,0,0
CARRIER_A,2025-07-02 21:00,YAKMOK,40FT,0,0,0,0,7,7,0,0
CARRIER_A,2025-07-02 22:00,YAKMOK,40FT,0,0,0,0,7,7,0,0
CARRIER_A,2025-07-02 23:00,YAKMOK,40FT,0,0,0,0,7,7,0,0
CARRIER_A,2025-07-03 00:00,YAKMOK,40FT,0,0,0,0,7,7,0,0
CARRIER_A,2025-07-03 01:00,YAKMOK,40FT,0,0,0,0,7,7,0,0
CARRIER_A,2025-07-03 02:00,YAKMOK,40FT,0,0,0,0,7,7,0,0
CARRIER_A,2025-07-03 03:00,YAKMOK,40FT,0,0,0,0,7,7,0,0
CARRIER_A,2025-07-03 04:00,YAKMOK,40FT,0,0,0,0,7,7,0,0
CARRIER_A,2025-07-03 05:00,YAKMOK,40FT,0,0,0,0,7,7,0,0
CARRIER_A,2025-07-03 06:00,YAKMOK,40FT,0,0,0,0,7,7,0,0
CARRIER_A,2025-07-03 07:00,YAKMOK,40FT,0,0,0,0,7,7,0,0
CARRIER_A,2025-07-03 08:00,YAKMOK,40FT,0,0,0,0,7,7,0,0
CARRIER_A,2025-07-03 09:00,YAKMOK,40FT,0,0,0,0,7,7,0,0
CARRIER_A,2025-07-03 10:00,YAKMOK,40FT,0,0,0,0,7,7,0,0
CARRIER_A,2025-07-03 11:00,YAKMOK,40FT,0,0,0,0,7,7,0,0
CARRIER_A,2025-07-03 12:00,YAKMOK,40FT,0,0,0,0,7,7,0,0
CARRIER_A,2025-07-03 13:00,YAKMOK,40FT,0,1,0,0,8,8,0,0
CARRIER_A,2025-07-03 14:00,YAKMOK,40FT,0,0,0,0,8,8,0,0
CARRIER_A,2025-07-03 15:00,YAKMOK,40FT,0,0,0,0,8,8,0,0
CARRIER_A,2025-07-03 16:00,YAKMOK,40FT,0,1,0,0,9,9,0,0
CARRIER_A,2025-07-03 17:00,YAKMOK,40FT,0,0,0,0,9,9,0,0
CARRIER_A,2025-07-03 18:00,YAKMOK,40FT,0,0,0,0,9,9,0,0
CARRIER_A,2025-07-03 19:00,YAKMOK,40FT,0,0,0,0,9,9,0,0
CARRIER_A,2025-07-03 20:00,YAKMOK,40FT,0,0,0,0,9,9,0,0
CARRIER_A,2025-07-03 21:00,YAKMOK,40FT,0,0,0,0,9,9,0,0
CARRIER_A,2025-07-03 22:00,YAKMOK,40FT,0,0,0,0,9,9,0,0
CARRIER_A,2025-07-03 23:00,YAKMOK,40FT,0,0,0,0,9,9,0,0
CARRIER_A,2025-07-04 00:00,YAKMOK,40FT,0,0,0,0,9,9,0,0
CARRIER_A,2025-07-04 01:00,YAKMOK,40FT,0,0,0,0,9,9,0,0
CARRIER_A,2025-07-04 02:00,YAKMOK,40FT,0,0,0,0,9,9,0,0
CARRIER_A,2025-07-04 03:00,YAKMOK,40FT,0,0,0,0,9,9,0,0
CARRIER_A,2025-07-04 04:00,YAKMOK,40FT,0,0,0,0,9,9,0,0
CARRIER_A,2025-07-04 05:00,YAKMOK,40FT,0,0,0,0,9,9,0,0
CARRIER_A,2025-07-04 06:00,YAKMOK,40FT,1,0,0,0,8,8,0,0
CARRIER_A,2025-07-04 07:00,YAKMOK,40FT,0,0,0,0,8,8,0,0
CARRIER_A,2025-07-04 08:00,YAKMOK,40FT,0,0,0,0,8,8,0,0
CARRIER_A,2025-07-04 09:00,YAKMOK,40FT,0,0,0,0,8,8,0,0
CARRIER_A,2025-07-04 10:00,YAKMOK,40FT,0,0,0,0,8,8,0,0
CARRIER_A,2025-07-04 11:00,YAKMOK,40FT,1,0,0,0,7,7,0,0
CARRIER_A,2025-07-04 12:00,YAKMOK,40FT,0,0,0,0,7,7,0,0
CARRIER_A,2025-07-04 13:00,YAKMOK,40FT,0,1,0,0,8,8,0,0
CARRIER_A,2025-07-04 14:00,YAKMOK,40FT,0,0,0,0,8,8,0,0
CARRIER_A,2025-07-04 15:00,YAKMOK,40FT,0,0,0,0,8,8,0,0
CARRIER_A,2025-07-04 16:00,YAKMOK,40FT,1,0,0,0,7,7,0,0
CARRIER_A,2025-07-04 17:00,YAKMOK,40FT,0,0,0,0,7,7,0,0
CARRIER_A,2025-07-04 18:00,YAKMOK,40FT,0,0,0,0,7,7,0,0
CARRIER_A,2025-07-04 19:00,YAKMOK,40FT,0,0,0,0,7,7,0,0
CARRIER_A,2025-07-04 20:00,YAKMOK,40FT,0,0,0,0,7,7,0,0
CARRIER_A,2025-07-04 21:00,YAKMOK,40FT,0,0,0,0,7,7,0,0
CARRIER_A,2025-07-04 22:00,YAKMOK,40FT,0,0,0,0,7,7,0,0
CARRIER_A,2025-07-04 23:00,YAKMOK,40FT,0,0,0,0,7,7,0,0
CARRIER_A,2025-07-05 00:00,YAKMOK,40FT,0,0,0,0,7,7,0,0
CARRIER_A,2025-07-05 01:00,YAKMOK,40FT,0,0,0,0,7,7,0,0
CARRIER_A,2025-07-05 02:00,YAKMOK,40FT,0,0,0,0,7,7,0,0
CARRIER_A,2025-07-05 03:00,YAKMOK,40FT,0,0,0,0,7,7,0,0
CARRIER_A,2025-07-05 04:00,YAKMOK,40FT,0,0,0,0,7,7,0,0
CARRIER_A,2025-07-05 05:00,YAKMOK,40FT,0,0,0,0,7,7,0,0
CARRIER_A,2025-07-05 06:00,YAKMOK,40FT,0,0,0,0,7,7,0,0
CARRIER_A,2025-07-05 07:00,YAKMOK,40FT,0,0,0,0,7,7,0,0
CARRIER_A,2025-07-05 08:00,YAKMOK,40FT,0,0,0,0,7,7,0,0
CARRIER_A,2025-07-05 09:00,YAKMOK,40FT,0,0,0,0,7,7,0,0
CARRIER_A,2025-07-05 10:00,YAKMOK,40FT,0,0,0,0,7,7,0,0
CARRIER_A,2025-07-05 11:00,YAKMOK,40FT,0,0,0,0,7,7,0,0
CARRIER_A,2025-07-05 12:00,YAKMOK,40FT,0,0,0,0,7,7,0,0
CARRIER_A,2025-07-05 13:00,YAKMOK,40FT,0,0,0,0,7,7,0,0
CARRIER_A,2025-07-05 14:00,YAKMOK,40FT,0,0,0,0,7,7,0,0
CARRIER_A,2025-07-05 15:00,YAKMOK,40FT,0,0,0,0,7,7,0,0
CARRIER_A,2025-07-05 16:00,YAKMOK,40FT,0,0,0,0,7,7,0,0
CARRIER_A,2025-07-05 17:00,YAKMOK,40FT,0,0,0,0,7,7,0,0
CARRIER_A,2025-07-05 18:00,YAKMOK,40FT,0,0,0,0,7,7,0,0
CARRIER_A,2025-07-05 19:00,YAKMOK,40FT,0,0,0,0,7,7,0,0
CARRIER_A,2025-07-05 20:00,YAKMOK,40FT,0,0,0,0,7,7,0,0
CARRIER_A,2025-07-05 21:00,YAKMOK,40FT,0,0,0,0,7,7,0,0
CARRIER_A,2025-07-05 22:00,YAKMOK,40FT,0,0,0,0,7,7,0,0
CARRIER_A,2025-07-05 23:00,YAKMOK,40FT,0,0,0,0,7,7,0,0
CARRIER_A,2025-07-06 00:00,YAKMOK,40FT,0,0,0,0,7,7,0,0
CARRIER_A,2025-07-06 01:00,YAKMOK,40FT,0,0,0,0,7,7,0,0
CARRIER_A,2025-07-06 02:00,YAKMOK,40FT,0,0,0,0,7,7,0,0
CARRIER_A,2025-07-06 03:00,YAKMOK,40FT,0,0,0,0,7,7,0,0
CARRIER_A,2025-07-06 04:00,YAKMOK,40FT,0,0,0,0,7,7,0,0
CARRIER_A,2025-07-06 05:00,YAKMOK,40FT,0,0,0,0,7,7,0,0
CARRIER_A,2025-07-06 06:00,YAKMOK,40FT,0,0,0,0,7,7,0,0
CARRIER_A,2025-07-06 07:00,YAKMOK,40FT,0,0,0,0,7,7,0,0
CARRIER_A,2025-07-06 08:00,YAKMOK,40FT,0,0,0,0,7,7,0,0
CARRIER_A,2025-07-06 09:00,YAKMOK,40FT,0,0,0,0,7,7,0,0
CARRIER_A,2025-07-06 10:00,YAKMOK,40FT,0,0,0,0,7,7,0,0
CARRIER_A,2025-07-06 11:00,YAKMOK,40FT,0,0,0,0,7,7,0,0
CARRIER_A,2025-07-06 12:00,YAKMOK,40FT,0,0,0,0,7,7,0,0
CARRIER_A,2025-07-06 13:00,YAKMOK,40FT,0,0,0,0,7,7,0,0
CARRIER_A,2025-07-06 14:00,YAKMOK,40FT,0,0,0,0,7,7,0,0
CARRIER_A,2025-07-06 15:00,YAKMOK,40FT,0,0,0,0,7,7,0,0
CARRIER_A,2025-07-06 16:00,YAKMOK,40FT,0,0,0,0,7,7,0,0
CARRIER_A,2025-07-06 17:00,YAKMOK,40FT,0,0,0,0,7,7,0,0
CARRIER_A,2025-07-06 18:00,YAKMOK,40FT,0,0,0,0,7,7,0,0
CARRIER_A,2025-07-06 19:00,YAKMOK,40FT,0,0,0,0,7,7,0,0
CARRIER_A,2025-07-06 20:00,YAKMOK,40FT,0,0,0,0,7,7,0,0
CARRIER_A,2025-07-06 21:00,YAKMOK,40FT,0,0,0,0,7,7,0,0
CARRIER_A,2025-07-06 22:00,YAKMOK,40FT,0,0,0,0,7,7,0,0
CARRIER_A,2025-07-06 23:00,YAKMOK,40FT,0,0,0,0,7,7,0,0
CARRIER_A,2025-07-07 00:00,YAKMOK,40FT,0,0,0,0,7,7,0,0
CARRIER_A,2025-07-07 01:00,YAKMOK,40FT,0,0,0,0,7,7,0,0
CARRIER_A,2025-07-07 02:00,YAKMOK,40FT,0,0,0,0,7,7,0,0
CARRIER_A,2025-07-07 03:00,YAKMOK,40FT,0,0,0,0,7,7,0,0
CARRIER_A,2025-07-07 04:00,YAKMOK,40FT,0,0,0,0,7,7,0,0
CARRIER_A,2025-07-07 05:00,YAKMOK,40FT,0,0,0,0,7,7,0,0
CARRIER_A,2025-07-07 06:00,YAKMOK,40FT,0,0,0,0,7,7,0,0
CARRIER_A,2025-07-07 07:00,YAKMOK,40FT,0,0,0,0,7,7,0,0
CARRIER_A,2025-07-07 08:00,YAKMOK,40FT,1,0,0,0,6,6,0,0
CARRIER_A,2025-07-07 09:00,YAKMOK,40FT,0,0,0,0,6,6,0,0
CARRIER_A,2025-07-07 10:00,YAKMOK,40FT,1,1,0,0,6,6,0,0
CARRIER_A,2025-07-07 11:00,YAKMOK,40FT,0,0,0,0,6,6,0,0
CARRIER_A,2025-07-07 12:00,YAKMOK,40FT,0,0,0,0,6,6,0,0
CARRIER_A,2025-07-07 13:00,YAKMOK,40FT,0,0,0,0,6,6,0,0
CARRIER_A,2025-07-07 14:00,YAKMOK,40FT,0,0,0,0,6,6,0,0
CARRIER_A,2025-07-07 15:00,YAKMOK,40FT,0,0,0,0,6,6,0,0
CARRIER_A,2025-07-07 16:00,YAKMOK,40FT,0,0,0,0,6,6,0,0
CARRIER_A,2025-07-07 17:00,YAKMOK,40FT,0,0,0,0,6,6,0,0
CARRIER_A,2025-07-07 18:00,YAKMOK,40FT,0,0,0,0,6,6,0,0
CARRIER_A,2025-07-07 19:00,YAKMOK,40FT,0,0,0,0,6,6,0,0
CARRIER_A,2025-07-07 20:00,YAKMOK,40FT,0,0,0,0,6,6,0,0
CARRIER_A,2025-07-07 21:00,YAKMOK,40FT,0,0,0,0,6,6,0,0
CARRIER_A,2025-07-07 22:00,YAKMOK,40FT,0,0,0,0,6,6,0,0
CARRIER_A,2025-07-07 23:00,YAKMOK,40FT,0,0,0,0,6,6,0,0
CARRIER_B,2025-07-01 00:00,BUGANG,20FT,0,0,0,0,9,9,0,0
CARRIER_B,2025-07-01 01:00,BUGANG,20FT,0,0,0,0,9,9,0,0
CARRIER_B,2025-07-01 02:00,BUGANG,20FT,0,0,0,0,9,9,0,0
CARRIER_B,2025-07-01 03:00,BUGANG,20FT,0,0,0,0,9,9,0,0
CARRIER_B,2025-07-01 04:00,BUGANG,20FT,0,0,0,0,9,9,0,0
CARRIER_B,2025-07-01 05:00,BUGANG,20FT,0,0,0,0,9,9,0,0
CARRIER_B,2025-07-01 06:00,BUGANG,20FT,0,0,0,0,9,9,0,0
CARRIER_B,2025-07-01 07:00,BUGANG,20FT,0,0,0,0,9,9,0,0
CARRIER_B,2025-07-01 08:00,BUGANG,20FT,0,0,0,0,9,9,0,0
CARRIER_B,2025-07-01 09:00,BUGANG,20FT,1,0,0,0,8,8,0,0
CARRIER_B,2025-07-01 10:00,BUGANG,20FT,1,0,0,0,7,7,0,0
CARRIER_B,2025-07-01 11:00,BUGANG,20FT,0,1,0,0,8,8,0,0
CARRIER_B,2025-07-01 12:00,BUGANG,20FT,0,1,0,0,9,9,0,0
CARRIER_B,2025-07-01 13:00,BUGANG,20FT,0,0,0,0,9,9,0,0
CARRIER_B,2025-07-01 14:00,BUGANG,20FT,1,0,0,0,8,8,0,0
CARRIER_B,2025-07-01 15:00,BUGANG,20FT,0,0,0,0,8,8,0,0
CARRIER_B,2025-07-01 16:00,BUGANG,20FT,0,0,0,0,8,8,0,0
CARRIER_B,2025-07-01 17:00,BUGANG,20FT,0,0,0,0,8,8,0,0
CARRIER_B,2025-07-01 18:00,BUGANG,20FT,0,0,0,0,8,8,0,0
CARRIER_B,2025-07-01 19:00,BUGANG,20FT,0,0,0,0,8,8,0,0
CARRIER_B,2025-07-01 20:00,BUGANG,20FT,0,0,0,0,8,8,0,0
CARRIER_B,2025-07-01 21:00,BUGANG,20FT,0,0,0,0,8,8,0,0
CARRIER_B,2025-07-01 22:00,BUGANG,20FT,0,0,0,0,8,8,0,0
CARRIER_B,2025-07-01 23:00,BUGANG,20FT,0,0,0,0,8,8,0,0
CARRIER_B,2025-07-02 00:00,BUGANG,20FT,0,0,0,0,8,8,0,0
CARRIER_B,2025-07-02 01:00,BUGANG,20FT,0,0,0,0,8,8,0,0
CARRIER_B,2025-07-02 02:00,BUGANG,20FT,0,0,0,0,8,8,0,0
CARRIER_B,2025-07-02 03:00,BUGANG,20FT,0,0,0,0,8,8,0,0
CARRIER_B,2025-07-02 04:00,BUGANG,20FT,0,0,0,0,8,8,0,0
CARRIER_B,2025-07-02 05:00,BUGANG,20FT,0,0,0,0,8,8,0,0
CARRIER_B,2025-07-02 06:00,BUGANG,20FT,0,0,0,0,8,8,0,0
CARRIER_B,2025-07-02 07:00,BUGANG,20FT,0,0,0,0,8,8,0,0
CARRIER_B,2025-07-02 08:00,BUGANG,20FT,0,0,0,0,8,8,0,0
CARRIER_B,2025-07-02 09:00,BUGANG,20FT,1,0,0,0,7,7,0,0
CARRIER_B,2025-07-02 10:00,BUGANG,20FT,0,1,0,0,8,8,0,0
CARRIER_B,2025-07-02 11:00,BUGANG,20FT,1,0,0,0,7,7,0,0
CARRIER_B,2025-07-02 12:00,BUGANG,20FT,0,0,0,0,7,7,0,0
CARRIER_B,2025-07-02 13:00,BUGANG,20FT,0,0,0,0,7,7,0,0
CARRIER_B,2025-07-02 14:00,BUGANG,20FT,0,0,0,0,7,7,0,0
CARRIER_B,2025-07-02 15:00,BUGANG,20FT,1,2,0,0,8,8,0,0
CARRIER_B,2025-07-02 16:00,BUGANG,20FT,0,0,0,0,8,8,0,0
CARRIER_B,2025-07-02 17:00,BUGANG,20FT,0,0,0,0,8,8,0,0
CARRIER_B,2025-07-02 18:00,BUGANG,20FT,0,0,0,0,8,8,0,0
CARRIER_B,2025-07-02 19:00,BUGANG,20FT,0,0,0,0,8,8,0,0
CARRIER_B,2025-07-02 20:00,BUGANG,20FT,0,0,0,0,8,8,0,0
CARRIER_B,2025-07-02 21:00,BUGANG,20FT,0,0,0,0,8,8,0,0
CARRIER_B,2025-07-02 22:00,BUGANG,20FT,0,0,0,0,8,8,0,0
CARRIER_B,2025-07-02 23:00,BUGANG,20FT,0,0,0,0,8,8,0,0
CARRIER_B,2025-07-03 00:00,BUGANG,20FT,0,0,0,0,8,8,0,0
CARRIER_B,2025-07-03 01:00,BUGANG,20FT,0,0,0,0,8,8,0,0
CARRIER_B,2025-07-03 02:00,BUGANG,20FT,0,0,0,0,8,8,0,0
CARRIER_B,2025-07-03 03:00,BUGANG,20FT,0,0,0,0,8,8,0,0
CARRIER_B,2025-07-03 04:00,BUGANG,20FT,0,0,0,0,8,8,0,0
CARRIER_B,2025-07-03 05:00,BUGANG,20FT,0,0,0,0,8,8,0,0
CARRIER_B,2025-07-03 06:00,BUGANG,20FT,0,0,0,0,8,8,0,0
CARRIER_B,2025-07-03 07:00,BUGANG,20FT,0,0,0,0,8,8,0,0
CARRIER_B,2025-07-03 08:00,BUGANG,20FT,0,0,0,0,8,8,0,0
CARRIER_B,2025-07-03 09:00,BUGANG,20FT,0,0,0,0,8,8,0,0
CARRIER_B,2025-07-03 10:00,BUGANG,20FT,0,1,0,0,9,9,0,0
CARRIER_B,2025-07-03 11:00,BUGANG,20FT,0,0,0,0,9,9,0,0
CARRIER_B,2025-07-03 12:00,BUGANG,20FT,0,0,0,0,9,9,0,0
CARRIER_B,2025-07-03 13:00,BUGANG,20FT,0,0,0,0,9,9,0,0
CARRIER_B,2025-07-03 14:00,BUGANG,20FT,0,0,0,0,9,9,0,0
CARRIER_B,2025-07-03 15:00,BUGANG,20FT,0,0,0,0,9,9,0,0
CARRIER_B,2025-07-03 16:00,BUGANG,20FT,1,0,0,0,8,8,0,0
CARRIER_B,2025-07-03 17:00,BUGANG,20FT,0,0,0,0,8,8,0,0
CARRIER_B,2025-07-03 18:00,BUGANG,20FT,0,0,0,0,8,8,0,0
CARRIER_B,2025-07-03 19:00,BUGANG,20FT,1,0,0,0,7,7,0,0
CARRIER_B,2025-07-03 20:00,BUGANG,20FT,0,0,0,0,7,7,0,0
CARRIER_B,2025-07-03 21:00,BUGANG,20FT,0,0,0,0,7,7,0,0
CARRIER_B,2025-07-03 22:00,BUGANG,20FT,0,0,0,0,7,7,0,0
CARRIER_B,2025-07-03 23:00,BUGANG,20FT,0,0,3,0,7,10,0,0
CARRIER_B,2025-07-04 00:00,BUGANG,20FT,0,0,0,0,7,10,0,0
CARRIER_B,2025-07-04 01:00,BUGANG,20FT,0,0,0,0,7,10,0,0
CARRIER_B,2025-07-04 02:00,BUGANG,20FT,0,0,0,0,7,10,0,0
CARRIER_B,2025-07-04 03:00,BUGANG,20FT,0,0,0,0,7,10,0,0
CARRIER_B,2025-07-04 04:00,BUGANG,20FT,0,0,0,0,7,10,0,0
CARRIER_B,2025-07-04 05:00,BUGANG,20FT,0,0,0,0,7,10,0,0
CARRIER_B,2025-07-04 06:00,BUGANG,20FT,0,0,0,0,7,10,0,0
CARRIER_B,2025-07-04 07:00,BUGANG,20FT,0,0,0,0,7,10,0,0
CARRIER_B,2025-07-04 08:00,BUGANG,20FT,1,0,0,0,6,9,0,0
CARRIER_B,2025-07-04 09:00,BUGANG,20FT,0,0,0,0,6,9,0,0
CARRIER_B,2025-07-04 10:00,BUGANG,20FT,1,0,0,0,5,8,0,0
CARRIER_B,2025-07-04 11:00,BUGANG,20FT,0,0,0,0,5,8,0,0
CARRIER_B,2025-07-04 12:00,BUGANG,20FT,1,0,0,0,4,7,0,0
CARRIER_B,2025-07-04 13:00,BUGANG,20FT,0,0,0,0,4,7,0,0
CARRIER_B,2025-07-04 14:00,BUGANG,20FT,0,0,0,0,4,7,0,0
CARRIER_B,2025-07-04 15:00,BUGANG,20FT,0,1,0,0,5,8,0,0
CARRIER_B,2025-07-04 16:00,BUGANG,20FT,0,0,0,0,5,8,0,0
CARRIER_B,2025-07-04 17:00,BUGANG,20FT,0,0,0,0,5,8,0,0
CARRIER_B,2025-07-04 18:00,BUGANG,20FT,1,0,0,0,4,7,0,0
CARRIER_B,2025-07-04 19:00,BUGANG,20FT,0,0,0,0,4,7,0,0
CARRIER_B,2025-07-04 20:00,BUGANG,20FT,0,0,0,0,4,7,0,0
CARRIER_B,2025-07-04 21:00,BUGANG,20FT,0,0,0,0,4,7,0,0
CARRIER_B,2025-07-04 22:00,BUGANG,20FT,0,0,0,0,4,7,0,0
CARRIER_B,2025-07-04 23:00,BUGANG,20FT,0,0,1,0,4,8,0,0
CARRIER_B,2025-07-05 00:00,BUGANG,20FT,0,0,0,0,4,8,0,0
CARRIER_B,2025-07-05 01:00,BUGANG,20FT,0,0,0,0,4,8,0,0
CARRIER_B,2025-07-05 02:00,BUGANG,20FT,0,0,0,0,4,8,0,0
CARRIER_B,2025-07-05 03:00,BUGANG,20FT,0,0,0,0,4,8,0,0
CARRIER_B,2025-07-05 04:00,BUGANG,20FT,0,0,0,0,4,8,0,0
CARRIER_B,2025-07-05 05:00,BUGANG,20FT,0,0,0,0,4,8,0,0
CARRIER_B,2025-07-05 06:00,BUGANG,20FT,0,0,0,0,4,8,0,0
CARRIER_B,2025-07-05 07:00,BUGANG,20FT,0,0,0,0,4,8,0,0
CARRIER_B,2025-07-05 08:00,BUGANG,20FT,2,0,0,0,2,6,0,0
CARRIER_B,2025-07-05 09:00,BUGANG,20FT,1,0,0,0,1,5,0,0
CARRIER_B,2025-07-05 10:00,BUGANG,20FT,0,0,0,0,1,5,0,0
CARRIER_B,2025-07-05 11:00,BUGANG,20FT,1,0,0,0,0,4,0,0
CARRIER_B,2025-07-05 12:00,BUGANG,20FT,0,0,0,0,0,4,0,0
CARRIER_B,2025-07-05 13:00,BUGANG,20FT,0,0,0,0,0,4,0,0
CARRIER_B,2025-07-05 14:00,BUGANG,20FT,0,0,0,0,0,4,0,0
CARRIER_B,2025-07-05 15:00,BUGANG,20FT,0,0,0,0,0,4,0,0
CARRIER_B,2025-07-05 16:00,BUGANG,20FT,0,0,0,0,0,4,0,0
CARRIER_B,2025-07-05 17:00,BUGANG,20FT,1,0,0,0,0,3,1,0
CARRIER_B,2025-07-05 18:00,BUGANG,20FT,0,0,0,0,0,3,0,0
CARRIER_B,2025-07-05 19:00,BUGANG,20FT,0,0,0,0,0,3,0,0
CARRIER_B,2025-07-05 20:00,BUGANG,20FT,0,0,0,0,0,3,0,0
CARRIER_B,2025-07-05 21:00,BUGANG,20FT,0,0,0,0,0,3,0,0
CARRIER_B,2025-07-05 22:00,BUGANG,20FT,0,0,0,0,0,3,0,0
CARRIER_B,2025-07-05 23:00,BUGANG,20FT,0,0,0,0,0,3,0,0
CARRIER_B,2025-07-06 00:00,BUGANG,20FT,0,0,0,0,0,3,0,0
CARRIER_B,2025-07-06 01:00,BUGANG,20FT,0,0,0,0,0,3,0,0
CARRIER_B,2025-07-06 02:00,BUGANG,20FT,0,0,0,0,0,3,0,0
CARRIER_B,2025-07-06 03:00,BUGANG,20FT,0,0,0,0,0,3,0,0
CARRIER_B,2025-07-06 04:00,BUGANG,20FT,0,0,0,0,0,3,0,0
CARRIER_B,2025-07-06 05:00,BUGANG,20FT,0,0,0,0,0,3,0,0
CARRIER_B,2025-07-06 06:00,BUGANG,20FT,0,0,0,0,0,3,0,0
CARRIER_B,2025-07-06 07:00,BUGANG,20FT,0,0,0,0,0,3,0,0
CARRIER_B,2025-07-06 08:00,BUGANG,20FT,0,0,0,0,0,3,0,0
CARRIER_B,2025-07-06 09:00,BUGANG,20FT,0,0,0,0,0,3,0,0
CARRIER_B,2025-07-06 10:00,BUGANG,20FT,1,0,0,0,0,2,1,0
CARRIER_B,2025-07-06 11:00,BUGANG,20FT,0,0,0,0,0,2,0,0
CARRIER_B,2025-07-06 12:00,BUGANG,20FT,0,0,0,0,0,2,0,0
CARRIER_B,2025-07-06 13:00,BUGANG,20FT,1,1,0,0,0,2,0,0
CARRIER_B,2025-07-06 14:00,BUGANG,20FT,0,0,0,0,0,2,0,0
CARRIER_B,2025-07-06 15:00,BUGANG,20FT,2,0,0,0,0,0,2,0
CARRIER_B,2025-07-06 16:00,BUGANG,20FT,0,0,0,0,0,0,0,0
CARRIER_B,2025-07-06 17:00,BUGANG,20FT,0,1,0,0,1,1,0,0
CARRIER_B,2025-07-06 18:00,BUGANG,20FT,0,0,0,0,1,1,0,0
CARRIER_B,2025-07-06 19:00,BUGANG,20FT,0,0,0,0,1,1,0,0
CARRIER_B,2025-07-06 20:00,BUGANG,20FT,0,0,0,0,1,1,0,0
CARRIER_B,2025-07-06 21:00,BUGANG,20FT,0,0,0,0,1,1,0,0
CARRIER_B,2025-07-06 22:00,BUGANG,20FT,0,0,0,0,1,1,0,0
CARRIER_B,2025-07-06 23:00,BUGANG,20FT,0,0,0,0,1,1,0,0
CARRIER_B,2025-07-07 00:00,BUGANG,20FT,0,0,0,0,1,1,0,0
CARRIER_B,2025-07-07 01:00,BUGANG,20FT,0,0,0,0,1,1,0,0
CARRIER_B,2025-07-07 02:00,BUGANG,20FT,0,0,0,0,1,1,0,0
CARRIER_B,2025-07-07 03:00,BUGANG,20FT,0,0,0,0,1,1,0,0
CARRIER_B,2025-07-07 04:00,BUGANG,20FT,0,0,0,0,1,1,0,0
CARRIER_B,2025-07-07 05:00,BUGANG,20FT,0,0,0,0,1,1,0,0
CARRIER_B,2025-07-07 06:00,BUGANG,20FT,0,0,0,0,1,1,0,0
CARRIER_B,2025-07-07 07:00,BUGANG,20FT,0,0,0,0,1,1,0,0
CARRIER_B,2025-07-07 08:00,BUGANG,20FT,0,1,0,0,2,2,0,0
CARRIER_B,2025-07-07 09:00,BUGANG,20FT,0,0,0,0,2,2,0,0
CARRIER_B,2025-07-07 10:00,BUGANG,20FT,1,0,0,0,1,1,0,0
CARRIER_B,2025-07-07 11:00,BUGANG,20FT,0,0,0,0,1,1,0,0
CARRIER_B,2025-07-07 12:00,BUGANG,20FT,0,3,0,0,4,4,0,0
CARRIER_B,2025-07-07 13:00,BUGANG,20FT,0,0,0,0,4,4,0,0
CARRIER_B,2025-07-07 14:00,BUGANG,20FT,0,1,0,0,5,5,0,0
CARRIER_B,2025-07-07 15:00,BUGANG,20FT,0,0,0,0,5,5,0,0
CARRIER_B,2025-07-07 16:00,BUGANG,20FT,0,0,0,0,5,5,0,0
CARRIER_B,2025-07-07 17:00,BUGANG,20FT,1,0,0,0,4,4,0,0
CARRIER_B,2025-07-07 18:00,BUGANG,20FT,0,0,0,0,4,4,0,0
CARRIER_B,2025-07-07 19:00,BUGANG,20FT,0,0,0,0,4,4,0,0
CARRIER_B,2025-07-07 20:00,BUGANG,20FT,0,0,0,0,4,4,0,0
CARRIER_B,2025-07-07 21:00,BUGANG,20FT,0,1,0,0,5,5,0,0
CARRIER_B,2025-07-07 22:00,BUGANG,20FT,0,0,0,0,5,5,0,0
CARRIER_B,2025-07-07 23:00,BUGANG,20FT,0,0,0,0,5,5,0,0
CARRIER_B,2025-07-01 00:00,BUGANG,40FT,0,0,0,0,3,3,0,0
CARRIER_B,2025-07-01 01:00,BUGANG,40FT,0,0,0,0,3,3,0,0
CARRIER_B,2025-07-01 02:00,BUGANG,40FT,0,0,0,0,3,3,0,0
CARRIER_B,2025-07-01 03:00,BUGANG,40FT,0,0,0,0,3,3,0,0
CARRIER_B,2025-07-01 04:00,BUGANG,40FT,0,0,0,0,3,3,0,0
CARRIER_B,2025-07-01 05:00,BUGANG,40FT,0,0,0,0,3,3,0,0
CARRIER_B,2025-07-01 06:00,BUGANG,40FT,0,0,0,0,3,3,0,0
CARRIER_B,2025-07-01 07:00,BUGANG,40FT,0,0,0,0,3,3,0,0
CARRIER_B,2025-07-01 08:00,BUGANG,40FT,0,0,0,0,3,3,0,0
CARRIER_B,2025-07-01 09:00,BUGANG,40FT,0,0,0,0,3,3,0,0
CARRIER_B,2025-07-01 10:00,BUGANG,40FT,0,0,0,0,3,3,0,0
CARRIER_B,2025-07-01 11:00,BUGANG,40FT,0,0,0,0,3,3,0,0
CARRIER_B,2025-07-01 12:00,BUGANG,40FT,0,0,0,0,3,3,0,0
CARRIER_B,2025-07-01 13:00,BUGANG,40FT,0,0,0,0,3,3,0,0
CARRIER_B,2025-07-01 14:00,BUGANG,40FT,0,0,0,0,3,3,0,0
CARRIER_B,2025-07-01 15:00,BUGANG,40FT,0,0,0,0,3,3,0,0
CARRIER_B,2025-07-01 16:00,BUGANG,40FT,0,0,0,0,3,3,0,0
CARRIER_B,2025-07-01 17:00,BUGANG,40FT,0,0,0,0,3,3,0,0
CARRIER_B,2025-07-01 18:00,BUGANG,40FT,0,0,0,0,3,3,0,0
CARRIER_B,2025-07-01 19:00,BUGANG,40FT,0,0,0,0,3,3,0,0
CARRIER_B,2025-07-01 20:00,BUGANG,40FT,0,0,0,0,3,3,0,0
CARRIER_B,2025-07-01 21:00,BUGANG,40FT,0,0,0,0,3,3,0,0
CARRIER_B,2025-07-01 22:00,BUGANG,40FT,0,0,0,0,3,3,0,0
CARRIER_B,2025-07-01 23:00,BUGANG,40FT,0,0,0,0,3,3,0,0
CARRIER_B,2025-07-02 00:00,BUGANG,40FT,0,0,0,0,3,3,0,0
CARRIER_B,2025-07-02 01:00,BUGANG,40FT,0,0,0,0,3,3,0,0
CARRIER_B,2025-07-02 02:00,BUGANG,40FT,0,0,0,0,3,3,0,0
CARRIER_B,2025-07-02 03:00,BUGANG,40FT,0,0,0,0,3,3,0,0
CARRIER_B,2025-07-02 04:00,BUGANG,40FT,0,0,0,0,3,3,0,0
CARRIER_B,2025-07-02 05:00,BUGANG,40FT,0,0,0,0,3,3,0,0
CARRIER_B,2025-07-02 06:00,BUGANG,40FT,0,0,0,0,3,3,0,0
CARRIER_B,2025-07-02 07:00,BUGANG,40FT,0,0,0,0,3,3,0,0
CARRIER_B,2025-07-02 08:00,BUGANG,40FT,0,0,0,0,3,3,0,0
CARRIER_B,2025-07-02 09:00,BUGANG,40FT,0,0,0,0,3,3,0,0
CARRIER_B,2025-07-02 10:00,BUGANG,40FT,1,0,0,0,2,2,0,0
CARRIER_B,2025-07-02 11:00,BUGANG,40FT,0,0,0,0,2,2,0,0
CARRIER_B,2025-07-02 12:00,BUGANG,40FT,0,1,0,0,3,3,0,0
CARRIER_B,2025-07-02 13:00,BUGANG,40FT,0,0,0,0,3,3,0,0
CARRIER_B,2025-07-02 14:00,BUGANG,40FT,0,0,0,0,3,3,0,0
CARRIER_B,2025-07-02 15:00,BUGANG,40FT,0,1,0,0,4,4,0,0
CARRIER_B,2025-07-02 16:00,BUGANG,40FT,0,0,0,0,4,4,0,0
CARRIER_B,2025-07-02 17:00,BUGANG,40FT,0,0,0,0,4,4,0,0
CARRIER_B,2025-07-02 18:00,BUGANG,40FT,1,0,0,0,3,3,0,0
CARRIER_B,2025-07-02 19:00,BUGANG,40FT,0,0,0,0,3,3,0,0
CARRIER_B,2025-07-02 20:00,BUGANG,40FT,0,0,0,0,3,3,0,0
CARRIER_B,2025-07-02 21:00,BUGANG,40FT,0,0,0,0,3,3,0,0
CARRIER_B,2025-07-02 22:00,BUGANG,40FT,0,0,0,0,3,3,0,0
CARRIER_B,2025-07-02 23:00,BUGANG,40FT,0,0,0,0,3,3,0,0
CARRIER_B,2025-07-03 00:00,BUGANG,40FT,0,0,0,0,3,3,0,0
CARRIER_B,2025-07-03 01:00,BUGANG,40FT,0,0,0,0,3,3,0,0
CARRIER_B,2025-07-03 02:00,BUGANG,40FT,0,0,0,0,3,3,0,0
CARRIER_B,2025-07-03 03:00,BUGANG,40FT,0,0,0,0,3,3,0,0
CARRIER_B,2025-07-03 04:00,BUGANG,40FT,0,0,0,0,3,3,0,0
CARRIER_B,2025-07-03 05:00,BUGANG,40FT,0,0,0,0,3,3,0,0
CARRIER_B,2025-07-03 06:00,BUGANG,40FT,0,0,0,0,3,3,0,0
CARRIER_B,2025-07-03 07:00,BUGANG,40FT,0,0,0,0,3,3,0,0
CARRIER_B,2025-07-03 08:00,BUGANG,40FT,0,0,0,0,3,3,0,0
CARRIER_B,2025-07-03 09:00,BUGANG,40FT,0,0,0,0,3,3,0,0
CARRIER_B,2025-07-03 10:00,BUGANG,40FT,0,0,0,0,3,3,0,0
CARRIER_B,2025-07-03 11:00,BUGANG,40FT,0,0,0,0,3,3,0,0
CARRIER_B,2025-07-03 12:00,BUGANG,40FT,0,0,0,0,3,3,0,0
CARRIER_B,2025-07-03 13:00,BUGANG,40FT,0,0,0,0,3,3,0,0
CARRIER_B,2025-07-03 14:00,BUGANG,40FT,0,0,0,0,3,3,0,0
CARRIER_B,2025-07-03 15:00,BUGANG,40FT,0,0,0,0,3,3,0,0
CARRIER_B,2025-07-03 16:00,BUGANG,40FT,0,0,0,0,3,3,0,0
CARRIER_B,2025-07-03 17:00,BUGANG,40FT,0,0,0,0,3,3,0,0
CARRIER_B,2025-07-03 18:00,BUGANG,40FT,0,0,0,0,3,3,0,0
CARRIER_B,2025-07-03 19:00,BUGANG,40FT,0,0,0,0,3,3,0,0
CARRIER_B,2025-07-03 20:00,BUGANG,40FT,0,0,0,0,3,3,0,0
CARRIER_B,2025-07-03 21:00,BUGANG,40FT,0,0,0,0,3,3,0,0
CARRIER_B,2025-07-03 22:00,BUGANG,40FT,0,0,0,0,3,3,0,0
CARRIER_B,2025-07-03 23:00,BUGANG,40FT,0,0,5,0,3,8,0,0
CARRIER_B,2025-07-04 00:00,BUGANG,40FT,0,0,0,0,3,8,0,0
CARRIER_B,2025-07-04 01:00,BUGANG,40FT,0,0,0,0,3,8,0,0
CARRIER_B,2025-07-04 02:00,BUGANG,40FT,0,0,0,0,3,8,0,0
CARRIER_B,2025-07-04 03:00,BUGANG,40FT,0,0,0,0,3,8,0,0
CARRIER_B,2025-07-04 04:00,BUGANG,40FT,0,0,0,0,3,8,0,0
CARRIER_B,2025-07-04 05:00,BUGANG,40FT,0,0,0,0,3,8,0,0
CARRIER_B,2025-07-04 06:00,BUGANG,40FT,0,0,0,0,3,8,0,0
CARRIER_B,2025-07-04 07:00,BUGANG,40FT,0,0,0,0,3,8,0,0
CARRIER_B,2025-07-04 08:00,BUGANG,40FT,0,0,0,0,3,8,0,0
CARRIER_B,2025-07-04 09:00,BUGANG,40FT,0,0,0,0,3,8,0,0
CARRIER_B,2025-07-04 10:00,BUGANG,40FT,0,1,0,0,4,9,0,0
CARRIER_B,2025-07-04 11:00,BUGANG,40FT,0,0,0,0,4,9,0,0
CARRIER_B,2025-07-04 12:00,BUGANG,40FT,0,0,0,0,4,9,0,0
CARRIER_B,2025-07-04 13:00,BUGANG,40FT,1,0,0,0,3,8,0,0
CARRIER_B,2025-07-04 14:00,BUGANG,40FT,0,0,0,0,3,8,0,0
CARRIER_B,2025-07-04 15:00,BUGANG,40FT,1,0,0,0,2,7,0,0
CARRIER_B,2025-07-04 16:00,BUGANG,40FT,0,0,0,0,2,7,0,0
CARRIER_B,2025-07-04 17:00,BUGANG,40FT,0,0,0,0,2,7,0,0
CARRIER_B,2025-07-04 18:00,BUGANG,40FT,0,0,0,0,2,7,0,0
CARRIER_B,2025-07-04 19:00,BUGANG,40FT,0,0,0,0,2,7,0,0
CARRIER_B,2025-07-04 20:00,BUGANG,40FT,0,0,0,0,2,7,0,0
CARRIER_B,2025-07-04 21:00,BUGANG,40FT,0,0,0,0,2,7,0,0
CARRIER_B,2025-07-04 22:00,BUGANG,40FT,0,0,0,0,2,7,0,0
CARRIER_B,2025-07-04 23:00,BUGANG,40FT,0,0,1,0,2,8,0,0
CARRIER_B,2025-07-05 00:00,BUGANG,40FT,0,0,0,0,2,8,0,0
CARRIER_B,2025-07-05 01:00,BUGANG,40FT,0,0,0,0,2,8,0,0
CARRIER_B,2025-07-05 02:00,BUGANG,40FT,0,0,0,0,2,8,0,0
CARRIER_B,2025-07-05 03:00,BUGANG,40FT,0,0,0,0,2,8,0,0
CARRIER_B,2025-07-05 04:00,BUGANG,40FT,0,0,0,0,2,8,0,0
CARRIER_B,2025-07-05 05:00,BUGANG,40FT,0,0,0,0,2,8,0,0
CARRIER_B,2025-07-05 06:00,BUGANG,40FT,0,0,0,0,2,8,0,0
CARRIER_B,2025-07-05 07:00,BUGANG,40FT,0,0,0,0,2,8,0,0
CARRIER_B,2025-07-05 08:00,BUGANG,40FT,0,0,0,0,2,8,0,0
CARRIER_B,2025-07-05 09:00,BUGANG,40FT,1,0,0,0,1,7,0,0
CARRIER_B,2025-07-05 10:00,BUGANG,40FT,0,0,0,0,1,7,0,0
CARRIER_B,2025-07-05 11:00,BUGANG,40FT,0,0,0,0,1,7,0,0
CARRIER_B,2025-07-05 12:00,BUGANG,40FT,0,0,0,0,1,7,0,0
CARRIER_B,2025-07-05 13:00,BUGANG,40FT,0,0,0,0,1,7,0,0
CARRIER_B,2025-07-05 14:00,BUGANG,40FT,1,0,0,0,0,6,0,0
CARRIER_B,2025-07-05 15:00,BUGANG,40FT,0,0,0,0,0,6,0,0
CARRIER_B,2025-07-05 16:00,BUGANG,40FT,0,0,0,0,0,6,0,0
CARRIER_B,2025-07-05 17:00,BUGANG,40FT,0,0,0,0,0,6,0,0
CARRIER_B,2025-07-05 18:00,BUGANG,40FT,0,0,0,0,0,6,0,0
CARRIER_B,2025-07-05 19:00,BUGANG,40FT,0,0,0,0,0,6,0,0
CARRIER_B,2025-07-05 20:00,BUGANG,40FT,0,0,0,0,0,6,0,0
CARRIER_B,2025-07-05 21:00,BUGANG,40FT,0,0,0,0,0,6,0,0
CARRIER_B,2025-07-05 22:00,BUGANG,40FT,0,0,0,0,0,6,0,0
CARRIER_B,2025-07-05 23:00,BUGANG,40FT,0,0,0,0,0,6,0,0
CARRIER_B,2025-07-06 00:00,BUGANG,40FT,0,0,0,0,0,6,0,0
CARRIER_B,2025-07-06 01:00,BUGANG,40FT,0,0,0,0,0,6,0,0
CARRIER_B,2025-07-06 02:00,BUGANG,40FT,0,0,0,0,0,6,0,0
CARRIER_B,2025-07-06 03:00,BUGANG,40FT,0,0,0,0,0,6,0,0
CARRIER_B,2025-07-06 04:00,BUGANG,40FT,0,0,0,0,0,6,0,0
CARRIER_B,2025-07-06 05:00,BUGANG,40FT,0,0,0,0,0,6,0,0
CARRIER_B,2025-07-06 06:00,BUGANG,40FT,1,0,0,0,0,5,1,0
CARRIER_B,2025-07-06 07:00,BUGANG,40FT,0,0,0,0,0,5,0,0
CARRIER_B,2025-07-06 08:00,BUGANG,40FT,0,0,0,0,0,5,0,0
CARRIER_B,2025-07-06 09:00,BUGANG,40FT,0,0,0,0,0,5,0,0
CARRIER_B,2025-07-06 10:00,BUGANG,40FT,0,0,0,0,0,5,0,0
CARRIER_B,2025-07-06 11:00,BUGANG,40FT,1,0,0,0,0,4,1,0
CARRIER_B,2025-07-06 12:00,BUGANG,40FT,0,0,0,0,0,4,0,0
CARRIER_B,2025-07-06 13:00,BUGANG,40FT,0,0,0,0,0,4,0,0
CARRIER_B,2025-07-06 14:00,BUGANG,40FT,0,0,0,0,0,4,0,0
CARRIER_B,2025-07-06 15:00,BUGANG,40FT,1,0,0,0,0,3,1,0
CARRIER_B,2025-07-06 16:00,BUGANG,40FT,1,0,0,0,0,2,1,0
CARRIER_B,2025-07-06 17:00,BUGANG,40FT,1,0,0,0,0,1,1,0
CARRIER_B,2025-07-06 18:00,BUGANG,40FT,0,0,0,0,0,1,0,0
CARRIER_B,2025-07-06 19:00,BUGANG,40FT,0,0,0,0,0,1,0,0
CARRIER_B,2025-07-06 20:00,BUGANG,40FT,0,0,0,0,0,1,0,0
CARRIER_B,2025-07-06 21:00,BUGANG,40FT,0,0,0,0,0,1,0,0
CARRIER_B,2025-07-06 22:00,BUGANG,40FT,0,0,0,0,0,1,0,0
CARRIER_B,2025-07-06 23:00,BUGANG,40FT,0,0,0,0,0,1,0,0
CARRIER_B,2025-07-07 00:00,BUGANG,40FT,0,0,0,0,0,1,0,0
CARRIER_B,2025-07-07 01:00,BUGANG,40FT,0,0,0,0,0,1,0,0
CARRIER_B,2025-07-07 02:00,BUGANG,40FT,0,0,0,0,0,1,0,0
CARRIER_B,2025-07-07 03:00,BUGANG,40FT,0,0,0,0,0,1,0,0
CARRIER_B,2025-07-07 04:00,BUGANG,40FT,0,0,0,0,0,1,0,0
CARRIER_B,2025-07-07 05:00,BUGANG,40FT,0,0,0,0,0,1,0,0
CARRIER_B,2025-07-07 06:00,BUGANG,40FT,0,0,0,0,0,1,0,0
CARRIER_B,2025-07-07 07:00,BUGANG,40FT,0,0,0,0,0,1,0,0
CARRIER_B,2025-07-07 08:00,BUGANG,40FT,0,0,0,0,0,1,0,0
CARRIER_B,2025-07-07 09:00,BUGANG,40FT,0,0,0,0,0,1,0,0
CARRIER_B,2025-07-07 10:00,BUGANG,40FT,0,0,0,0,0,1,0,0
CARRIER_B,2025-07-07 11:00,BUGANG,40FT,0,0,0,0,0,1,0,0
CARRIER_B,2025-07-07 12:00,BUGANG,40FT,0,0,0,0,0,1,0,0
CARRIER_B,2025-07-07 13:00,BUGANG,40FT,0,0,0,0,0,1,0,0
CARRIER_B,2025-07-07 14:00,BUGANG,40FT,0,0,0,0,0,1,0,0
CARRIER_B,2025-07-07 15:00,BUGANG,40FT,0,0,0,0,0,1,0,0
CARRIER_B,2025-07-07 16:00,BUGANG,40FT,1,0,0,0,0,0,1,0
CARRIER_B,2025-07-07 17:00,BUGANG,40FT,0,0,0,0,0,0,0,0
CARRIER_B,2025-07-07 18:00,BUGANG,40FT,0,0,0,0,0,0,0,0
CARRIER_B,2025-07-07 19:00,BUGANG,40FT,0,0,0,0,0,0,0,0
CARRIER_B,2025-07-07 20:00,BUGANG,40FT,0,0,0,0,0,0,0,0
CARRIER_B,2025-07-07 21:00,BUGANG,40FT,0,0,0,0,0,0,0,0
CARRIER_B,2025-07-07 22:00,BUGANG,40FT,0,0,0,0,0,0,0,0
CARRIER_B,2025-07-07 23:00,BUGANG,40FT,0,0,0,0,0,0,0,0
CARRIER_B,2025-07-01 00:00,BUSAN,20FT,0,0,0,0,15,15,0,0
CARRIER_B,2025-07-01 01:00,BUSAN,20FT,0,0,0,0,15,15,0,0
CARRIER_B,2025-07-01 02:00,BUSAN,20FT,0,0,0,0,15,15,0,0
CARRIER_B,2025-07-01 03:00,BUSAN,20FT,0,0,0,0,15,15,0,0
CARRIER_B,2025-07-01 04:00,BUSAN,20FT,0,0,0,0,15,15,0,0
CARRIER_B,2025-07-01 05:00,BUSAN,20FT,0,0,0,0,15,15,0,0
CARRIER_B,2025-07-01 06:00,BUSAN,20FT,0,0,0,0,15,15,0,0
CARRIER_B,2025-07-01 07:00,BUSAN,20FT,0,0,0,0,15,15,0,0
CARRIER_B,2025-07-01 08:00,BUSAN,20FT,2,0,0,0,13,13,0,0
CARRIER_B,2025-07-01 09:00,BUSAN,20FT,2,0,0,0,11,11,0,0
CARRIER_B,2025-07-01 10:00,BUSAN,20FT,0,2,0,0,13,13,0,0
CARRIER_B,2025-07-01 11:00,BUSAN,20FT,0,1,0,0,14,14,0,0
CARRIER_B,2025-07-01 12:00,BUSAN,20FT,0,0,0,0,14,14,0,0
CARRIER_B,2025-07-01 13:00,BUSAN,20FT,3,0,0,0,11,11,0,0
CARRIER_B,2025-07-01 14:00,BUSAN,20FT,0,0,0,0,11,11,0,0
CARRIER_B,2025-07-01 15:00,BUSAN,20FT,1,2,0,0,12,12,0,0
CARRIER_B,2025-07-01 16:00,BUSAN,20FT,1,1,0,0,12,12,0,0
CARRIER_B,2025-07-01 17:00,BUSAN,20FT,1,2,0,0,13,13,0,0
CARRIER_B,2025-07-01 18:00,BUSAN,20FT,3,2,0,0,12,12,0,0
CARRIER_B,2025-07-01 19:00,BUSAN,20FT,0,1,0,0,13,13,0,0
CARRIER_B,2025-07-01 20:00,BUSAN,20FT,0,0,0,0,13,13,0,0
CARRIER_B,2025-07-01 21:00,BUSAN,20FT,0,0,0,0,13,13,0,0
CARRIER_B,2025-07-01 22:00,BUSAN,20FT,0,0,0,0,13,13,0,0
CARRIER_B,2025-07-01 23:00,BUSAN,20FT,0,0,0,0,13,13,0,0
CARRIER_B,2025-07-02 00:00,BUSAN,20FT,0,0,0,0,13,13,0,0
CARRIER_B,2025-07-02 01:00,BUSAN,20FT,0,0,0,0,13,13,0,0
CARRIER_B,2025-07-02 02:00,BUSAN,20FT,0,0,0,0,13,13,0,0
CARRIER_B,2025-07-02 03:00,BUSAN,20FT,0,0,0,0,13,13,0,0
CARRIER_B,2025-07-02 04:00,BUSAN,20FT,0,0,0,0,13,13,0,0
CARRIER_B,2025-07-02 05:00,BUSAN,20FT,0,0,0,0,13,13,0,0
CARRIER_B,2025-07-02 06:00,BUSAN,20FT,2,0,0,0,11,11,0,0
CARRIER_B,2025-07-02 07:00,BUSAN,20FT,0,0,0,0,11,11,0,0
CARRIER_B,2025-07-02 08:00,BUSAN,20FT,1,0,0,0,10,10,0,0
CARRIER_B,2025-07-02 09:00,BUSAN,20FT,0,0,28,0,10,38,0,0
CARRIER_B,2025-07-02 10:00,BUSAN,20FT,1,0,0,0,9,37,0,0
CARRIER_B,2025-07-02 11:00,BUSAN,20FT,0,0,0,0,9,37,0,0
CARRIER_B,2025-07-02 12:00,BUSAN,20FT,2,1,0,0,8,36,0,0
CARRIER_B,2025-07-02 13:00,BUSAN,20FT,1,0,0,0,7,35,0,0
CARRIER_B,2025-07-02 14:00,BUSAN,20FT,2,0,0,0,5,33,0,0
CARRIER_B,2025-07-02 15:00,BUSAN,20FT,0,0,0,0,5,33,0,0
CARRIER_B,2025-07-02 16:00,BUSAN,20FT,0,0,0,0,5,33,0,0
CARRIER_B,2025-07-02 17:00,BUSAN,20FT,1,0,0,0,4,32,0,0
CARRIER_B,2025-07-02 18:00,BUSAN,20FT,1,0,0,0,3,31,0,0
CARRIER_B,2025-07-02 19:00,BUSAN,20FT,1,0,0,0,2,30,0,0
CARRIER_B,2025-07-02 20:00,BUSAN,20FT,0,0,0,0,2,30,0,0
CARRIER_B,2025-07-02 21:00,BUSAN,20FT,0,0,0,0,2,30,0,0
CARRIER_B,2025-07-02 22:00,BUSAN,20FT,0,0,0,0,2,30,0,0
CARRIER_B,2025-07-02 23:00,BUSAN,20FT,0,0,0,0,2,30,0,0
CARRIER_B,2025-07-03 00:00,BUSAN,20FT,0,0,0,0,2,30,0,0
CARRIER_B,2025-07-03 01:00,BUSAN,20FT,0,0,0,0,2,30,0,0
CARRIER_B,2025-07-03 02:00,BUSAN,20FT,0,0,0,0,2,30,0,0
CARRIER_B,2025-07-03 03:00,BUSAN,20FT,0,0,0,0,2,30,0,0
CARRIER_B,2025-07-03 04:00,BUSAN,20FT,0,0,0,0,2,30,0,0
CARRIER_B,2025-07-03 05:00,BUSAN,20FT,0,0,0,0,2,30,0,0
CARRIER_B,2025-07-03 06:00,BUSAN,20FT,0,0,0,0,2,30,0,0
CARRIER_B,2025-07-03 07:00,BUSAN,20FT,1,0,0,0,1,29,0,0
CARRIER_B,2025-07-03 08:00,BUSAN,20FT,2,0,0,0,0,27,1,0
CARRIER_B,2025-07-03 09:00,BUSAN,20FT,1,1,0,0,0,27,0,0
CARRIER_B,2025-07-03 10:00,BUSAN,20FT,2,0,0,0,0,25,2,0
CARRIER_B,2025-07-03 11:00,BUSAN,20FT,3,0,0,0,0,22,3,0
CARRIER_B,2025-07-03 12:00,BUSAN,20FT,2,1,0,0,0,21,1,0
CARRIER_B,2025-07-03 13:00,BUSAN,20FT,0,0,0,0,0,21,0,0
CARRIER_B,2025-07-03 14:00,BUSAN,20FT,3,0,0,0,0,18,3,0
CARRIER_B,2025-07-03 15:00,BUSAN,20FT,1,1,0,0,0,18,0,0
CARRIER_B,2025-07-03 16:00,BUSAN,20FT,0,0,0,0,0,18,0,0
CARRIER_B,2025-07-03 17:00,BUSAN,20FT,0,0,0,0,0,18,0,0
CARRIER_B,2025-07-03 18:00,BUSAN,20FT,1,0,0,0,0,17,1,0
CARRIER_B,2025-07-03 19:00,BUSAN,20FT,1,0,0,0,0,16,1,0
CARRIER_B,2025-07-03 20:00,BUSAN,20FT,0,0,0,0,0,16,0,0
CARRIER_B,2025-07-03 21:00,BUSAN,20FT,0,0,0,0,0,16,0,0
CARRIER_B,2025-07-03 22:00,BUSAN,20FT,0,0,0,0,0,16,0,0
CARRIER_B,2025-07-03 23:00,BUSAN,20FT,0,0,0,0,0,16,0,0
CARRIER_B,2025-07-04 00:00,BUSAN,20FT,0,0,0,0,0,16,0,0
CARRIER_B,2025-07-04 01:00,BUSAN,20FT,0,0,0,0,0,16,0,0
CARRIER_B,2025-07-04 02:00,BUSAN,20FT,0,0,0,0,0,16,0,0
CARRIER_B,2025-07-04 03:00,BUSAN,20FT,0,0,0,0,0,16,0,0
CARRIER_B,2025-07-04 04:00,BUSAN,20FT,0,0,0,0,0,16,0,0
CARRIER_B,2025-07-04 05:00,BUSAN,20FT,1,0,0,0,0,15,1,0
CARRIER_B,2025-07-04 06:00,BUSAN,20FT,1,0,0,0,0,14,1,0
CARRIER_B,2025-07-04 07:00,BUSAN,20FT,4,0,0,0,0,10,4,0
CARRIER_B,2025-07-04 08:00,BUSAN,20FT,0,0,0,0,0,10,0,0
CARRIER_B,2025-07-04 09:00,BUSAN,20FT,3,2,0,0,0,9,1,0
CARRIER_B,2025-07-04 10:00,BUSAN,20FT,2,0,0,0,0,7,2,0
CARRIER_B,2025-07-04 11:00,BUSAN,20FT,2,0,0,0,0,5,2,0
CARRIER_B,2025-07-04 12:00,BUSAN,20FT,0,0,0,0,0,5,0,0
CARRIER_B,2025-07-04 13:00,BUSAN,20FT,2,1,0,0,0,4,1,0
CARRIER_B,2025-07-04 14:00,BUSAN,20FT,1,1,0,0,0,4,0,0
CARRIER_B,2025-07-04 15:00,BUSAN,20FT,0,1,0,0,1,5,0,0
CARRIER_B,2025-07-04 16:00,BUSAN,20FT,1,0,0,0,0,4,0,0
CARRIER_B,2025-07-04 17:00,BUSAN,20FT,1,1,0,0,0,4,0,0
CARRIER_B,2025-07-04 18:00,BUSAN,20FT,1,0,0,0,0,3,1,0
CARRIER_B,2025-07-04 19:00,BUSAN,20FT,0,0,0,0,0,3,0,0
CARRIER_B,2025-07-04 20:00,BUSAN,20FT,1,1,0,0,0,3,0,0
CARRIER_B,2025-07-04 21:00,BUSAN,20FT,0,0,0,0,0,3,0,0
CARRIER_B,2025-07-04 22:00,BUSAN,20FT,0,0,0,0,0,3,0,0
CARRIER_B,2025-07-04 23:00,BUSAN,20FT,0,0,0,0,0,3,0,0
CARRIER_B,2025-07-05 00:00,BUSAN,20FT,0,0,0,0,0,3,0,0
CARRIER_B,2025-07-05 01:00,BUSAN,20FT,0,0,0,0,0,3,0,0
CARRIER_B,2025-07-05 02:00,BUSAN,20FT,0,0,0,0,0,3,0,0
CARRIER_B,2025-07-05 03:00,BUSAN,20FT,0,0,0,0,0,3,0,0
CARRIER_B,2025-07-05 04:00,BUSAN,20FT,0,0,0,0,0,3,0,0
CARRIER_B,2025-07-05 05:00,BUSAN,20FT,1,0,0,0,0,2,1,0
CARRIER_B,2025-07-05 06:00,BUSAN,20FT,0,0,0,0,0,2,0,0
CARRIER_B,2025-07-05 07:00,BUSAN,20FT,2,0,0,0,0,0,2,0
CARRIER_B,2025-07-05 08:00,BUSAN,20FT,1,1,0,0,0,0,0,0
CARRIER_B,2025-07-05 09:00,BUSAN,20FT,1,1,14,0,0,14,0,0
CARRIER_B,2025-07-05 10:00,BUSAN,20FT,0,1,0,0,1,15,0,0
CARRIER_B,2025-07-05 11:00,BUSAN,20FT,3,0,0,0,0,12,2,0
CARRIER_B,2025-07-05 12:00,BUSAN,20FT,0,1,0,0,1,13,0,0
CARRIER_B,2025-07-05 13:00,BUSAN,20FT,0,0,0,0,1,13,0,0
CARRIER_B,2025-07-05 14:00,BUSAN,20FT,1,1,0,0,1,13,0,0
CARRIER_B,2025-07-05 15:00,BUSAN,20FT,0,0,0,0,1,13,0,0
CARRIER_B,2025-07-05 16:00,BUSAN,20FT,1,0,0,0,0,12,0,0
CARRIER_B,2025-07-05 17:00,BUSAN,20FT,0,7,0,0,7,19,0,0
CARRIER_B,2025-07-05 18:00,BUSAN,20FT,2,0,0,0,5,17,0,0
CARRIER_B,2025-07-05 19:00,BUSAN,20FT,0,0,0,0,5,17,0,0
CARRIER_B,2025-07-05 20:00,BUSAN,20FT,0,0,0,0,5,17,0,0
CARRIER_B,2025-07-05 21:00,BUSAN,20FT,0,0,0,0,5,17,0,0
CARRIER_B,2025-07-05 22:00,BUSAN,20FT,0,0,0,0,5,17,0,0
CARRIER_B,2025-07-05 23:00,BUSAN,20FT,0,0,0,0,5,17,0,0
CARRIER_B,2025-07-06 00:00,BUSAN,20FT,0,0,0,0,5,17,0,0
CARRIER_B,2025-07-06 01:00,BUSAN,20FT,0,0,0,0,5,17,0,0
CARRIER_B,2025-07-06 02:00,BUSAN,20FT,0,0,0,0,5,17,0,0
CARRIER_B,2025-07-06 03:00,BUSAN,20FT,0,0,0,0,5,17,0,0
CARRIER_B,2025-07-06 04:00,BUSAN,20FT,0,0,0,0,5,17,0,0
CARRIER_B,2025-07-06 05:00,BUSAN,20FT,0,0,0,0,5,17,0,0
CARRIER_B,2025-07-06 06:00,BUSAN,20FT,2,0,0,0,3,15,0,0
CARRIER_B,2025-07-06 07:00,BUSAN,20FT,0,0,0,0,3,15,0,0
CARRIER_B,2025-07-06 08:00,BUSAN,20FT,0,0,0,0,3,15,0,0
CARRIER_B,2025-07-06 09:00,BUSAN,20FT,1,0,0,0,2,14,0,0
CARRIER_B,2025-07-06 10:00,BUSAN,20FT,2,0,0,0,0,12,0,0
CARRIER_B,2025-07-06 11:00,BUSAN,20FT,2,0,0,0,0,10,2,0
CARRIER_B,2025-07-06 12:00,BUSAN,20FT,2,0,0,0,0,8,2,0
CARRIER_B,2025-07-06 13:00,BUSAN,20FT,0,0,0,0,0,8,0,0
CARRIER_B,2025-07-06 14:00,BUSAN,20FT,1,2,0,0,1,9,0,0
CARRIER_B,2025-07-06 15:00,BUSAN,20FT,2,0,0,0,0,7,1,0
CARRIER_B,2025-07-06 16:00,BUSAN,20FT,1,0,0,0,0,6,1,0
CARRIER_B,2025-07-06 17:00,BUSAN,20FT,0,0,0,0,0,6,0,0
CARRIER_B,2025-07-06 18:00,BUSAN,20FT,0,0,0,0,0,6,0,0
CARRIER_B,2025-07-06 19:00,BUSAN,20FT,0,0,0,0,0,6,0,0
CARRIER_B,2025-07-06 20:00,BUSAN,20FT,0,1,0,0,1,7,0,0
CARRIER_B,2025-07-06 21:00,BUSAN,20FT,0,0,0,0,1,7,0,0
CARRIER_B,2025-07-06 22:00,BUSAN,20FT,0,0,0,0,1,7,0,0
CARRIER_B,2025-07-06 23:00,BUSAN,20FT,0,0,0,0,1,7,0,0
CARRIER_B,2025-07-07 00:00,BUSAN,20FT,0,0,0,0,1,7,0,0
CARRIER_B,2025-07-07 01:00,BUSAN,20FT,0,0,0,0,1,7,0,0
CARRIER_B,2025-07-07 02:00,BUSAN,20FT,0,0,0,0,1,7,0,0
CARRIER_B,2025-07-07 03:00,BUSAN,20FT,0,0,0,0,1,7,0,0
CARRIER_B,2025-07-07 04:00,BUSAN,20FT,0,0,0,0,1,7,0,0
CARRIER_B,2025-07-07 05:00,BUSAN,20FT,0,0,0,0,1,7,0,0
CARRIER_B,2025-07-07 06:00,BUSAN,20FT,1,0,0,0,0,6,0,0
CARRIER_B,2025-07-07 07:00,BUSAN,20FT,2,0,0,0,0,4,2,0
CARRIER_B,2025-07-07 08:00,BUSAN,20FT,1,0,0,0,0,3,1,0
CARRIER_B,2025-07-07 09:00,BUSAN,20FT,1,0,0,0,0,2,1,0
CARRIER_B,2025-07-07 10:00,BUSAN,20FT,2,0,0,0,0,0,2,0
CARRIER_B,2025-07-07 11:00,BUSAN,20FT,0,0,0,0,0,0,0,0
CARRIER_B,2025-07-07 12:00,BUSAN,20FT,1,1,0,0,0,0,0,0
CARRIER_B,2025-07-07 13:00,BUSAN,20FT,0,0,0,0,0,0,0,0
CARRIER_B,2025-07-07 14:00,BUSAN,20FT,0,1,0,0,1,1,0,0
CARRIER_B,2025-07-07 15:00,BUSAN,20FT,0,0,0,0,1,1,0,0
CARRIER_B,2025-07-07 16:00,BUSAN,20FT,0,0,0,0,1,1,0,0
CARRIER_B,2025-07-07 17:00,BUSAN,20FT,0,1,0,0,2,2,0,0
CARRIER_B,2025-07-07 18:00,BUSAN,20FT,0,2,0,0,4,4,0,0
CARRIER_B,2025-07-07 19:00,BUSAN,20FT,0,1,0,0,5,5,0,0
CARRIER_B,2025-07-07 20:00,BUSAN,20FT,0,0,0,0,5,5,0,0
CARRIER_B,2025-07-07 21:00,BUSAN,20FT,0,1,0,0,6,6,0,0
CARRIER_B,2025-07-07 22:00,BUSAN,20FT,0,0,0,0,6,6,0,0
CARRIER_B,2025-07-07 23:00,BUSAN,20FT,0,0,0,0,6,6,0,0
CARRIER_B,2025-07-01 00:00,BUSAN,40FT,0,0,0,0,4,4,0,0
CARRIER_B,2025-07-01 01:00,BUSAN,40FT,0,0,0,0,4,4,0,0
CARRIER_B,2025-07-01 02:00,BUSAN,40FT,0,0,0,0,4,4,0,0
CARRIER_B,2025-07-01 03:00,BUSAN,40FT,0,0,0,0,4,4,0,0
CARRIER_B,2025-07-01 04:00,BUSAN,40FT,0,0,0,0,4,4,0,0
CARRIER_B,2025-07-01 05:00,BUSAN,40FT,0,0,0,0,4,4,0,0
CARRIER_B,2025-07-01 06:00,BUSAN,40FT,0,0,0,0,4,4,0,0
CARRIER_B,2025-07-01 07:00,BUSAN,40FT,0,0,0,0,4,4,0,0
CARRIER_B,2025-07-01 08:00,BUSAN,40FT,1,0,0,0,3,3,0,0
CARRIER_B,2025-07-01 09:00,BUSAN,40FT,0,1,0,0,4,4,0,0
CARRIER_B,2025-07-01 10:00,BUSAN,40FT,2,0,0,0,2,2,0,0
CARRIER_B,2025-07-01 11:00,BUSAN,40FT,0,0,0,0,2,2,0,0
CARRIER_B,2025-07-01 12:00,BUSAN,40FT,0,0,0,0,2,2,0,0
CARRIER_B,2025-07-01 13:00,BUSAN,40FT,0,0,0,0,2,2,0,0
CARRIER_B,2025-07-01 14:00,BUSAN,40FT,2,0,0,0,0,0,0,0
CARRIER_B,2025-07-01 15:00,BUSAN,40FT,1,0,0,0,0,0,1,1
CARRIER_B,2025-07-01 16:00,BUSAN,40FT,0,0,0,0,0,0,0,0
CARRIER_B,2025-07-01 17:00,BUSAN,40FT,0,0,0,0,0,0,0,0
CARRIER_B,2025-07-01 18:00,BUSAN,40FT,0,0,0,0,0,0,0,0
CARRIER_B,2025-07-01 19:00,BUSAN,40FT,1,0,0,0,0,0,1,1
CARRIER_B,2025-07-01 20:00,BUSAN,40FT,0,0,0,0,0,0,0,0
CARRIER_B,2025-07-01 21:00,BUSAN,40FT,0,0,0,0,0,0,0,0
CARRIER_B,2025-07-01 22:00,BUSAN,40FT,0,0,0,0,0,0,0,0
CARRIER_B,2025-07-01 23:00,BUSAN,40FT,0,0,0,0,0,0,0,0
CARRIER_B,2025-07-02 00:00,BUSAN,40FT,0,0,0,0,0,0,0,0
CARRIER_B,2025-07-02 01:00,BUSAN,40FT,0,0,0,0,0,0,0,0
CARRIER_B,2025-07-02 02:00,BUSAN,40FT,0,0,0,0,0,0,0,0
CARRIER_B,2025-07-02 03:00,BUSAN,40FT,0,0,0,0,0,0,0,0
CARRIER_B,2025-07-02 04:00,BUSAN,40FT,0,0,0,0,0,0,0,0
CARRIER_B,2025-07-02 05:00,BUSAN,40FT,0,0,0,0,0,0,0,0
CARRIER_B,2025-07-02 06:00,BUSAN,40FT,0,0,0,0,0,0,0,0
CARRIER_B,2025-07-02 07:00,BUSAN,40FT,0,0,0,0,0,0,0,0
CARRIER_B,2025-07-02 08:00,BUSAN,40FT,0,0,0,0,0,0,0,0
CARRIER_B,2025-07-02 09:00,BUSAN,40FT,0,0,4,0,0,4,0,0
CARRIER_B,2025-07-02 10:00,BUSAN,40FT,2,0,0,0,0,2,2,0
CARRIER_B,2025-07-02 11:00,BUSAN,40FT,0,0,0,0,0,2,0,0
CARRIER_B,2025-07-02 12:00,BUSAN,40FT,0,0,0,0,0,2,0,0
CARRIER_B,2025-07-02 13:00,BUSAN,40FT,0,0,0,0,0,2,0,0
CARRIER_B,2025-07-02 14:00,BUSAN,40FT,0,0,0,0,0,2,0,0
CARRIER_B,2025-07-02 15:00,BUSAN,40FT,0,0,0,0,0,2,0,0
CARRIER_B,2025-07-02 16:00,BUSAN,40FT,0,0,0,0,0,2,0,0
CARRIER_B,2025-07-02 17:00,BUSAN,40FT,0,0,0,0,0,2,0,0
CARRIER_B,2025-07-02 18:00,BUSAN,40FT,0,0,0,0,0,2,0,0
CARRIER_B,2025-07-02 19:00,BUSAN,40FT,0,0,0,0,0,2,0,0
CARRIER_B,2025-07-02 20:00,BUSAN,40FT,0,0,0,0,0,2,0,0
CARRIER_B,2025-07-02 21:00,BUSAN,40FT,0,0,0,0,0,2,0,0
CARRIER_B,2025-07-02 22:00,BUSAN,40FT,0,0,0,0,0,2,0,0
CARRIER_B,2025-07-02 23:00,BUSAN,40FT,0,0,0,0,0,2,0,0
CARRIER_B,2025-07-03 00:00,BUSAN,40FT,0,0,0,0,0,2,0,0
CARRIER_B,2025-07-03 01:00,BUSAN,40FT,0,0,0,0,0,2,0,0
CARRIER_B,2025-07-03 02:00,BUSAN,40FT,0,0,0,0,0,2,0,0
CARRIER_B,2025-07-03 03:00,BUSAN,40FT,0,0,0,0,0,2,0,0
CARRIER_B,2025-07-03 04:00,BUSAN,40FT,0,0,0,0,0,2,0,0
CARRIER_B,2025-07-03 05:00,BUSAN,40FT,1,0,0,0,0,1,1,0
CARRIER_B,2025-07-03 06:00,BUSAN,40FT,1,0,0,0,0,0,1,0
CARRIER_B,2025-07-03 07:00,BUSAN,40FT,0,0,0,0,0,0,0,0
CARRIER_B,2025-07-03 08:00,BUSAN,40FT,0,0,0,0,0,0,0,0
CARRIER_B,2025-07-03 09:00,BUSAN,40FT,0,0,0,0,0,0,0,0
CARRIER_B,2025-07-03 10:00,BUSAN,40FT,0,1,0,0,1,1,0,0
CARRIER_B,2025-07-03 11:00,BUSAN,40FT,0,0,0,0,1,1,0,0
CARRIER_B,2025-07-03 12:00,BUSAN,40FT,0,0,0,0,1,1,0,0
CARRIER_B,2025-07-03 13:00,BUSAN,40FT,0,0,0,0,1,1,0,0
CARRIER_B,2025-07-03 14:00,BUSAN,40FT,0,0,0,0,1,1,0,0
CARRIER_B,2025-07-03 15:00,BUSAN,40FT,0,1,0,0,2,2,0,0
CARRIER_B,2025-07-03 16:00,BUSAN,40FT,1,0,0,0,1,1,0,0
CARRIER_B,2025-07-03 17:00,BUSAN,40FT,1,0,0,0,0,0,0,0
CARRIER_B,2025-07-03 18:00,BUSAN,40FT,0,0,0,0,0,0,0,0
CARRIER_B,2025-07-03 19:00,BUSAN,40FT,0,1,0,0,1,1,0,0
CARRIER_B,2025-07-03 20:00,BUSAN,40FT,0,0,0,0,1,1,0,0
CARRIER_B,2025-07-03 21:00,BUSAN,40FT,0,0,0,0,1,1,0,0
CARRIER_B,2025-07-03 22:00,BUSAN,40FT,0,0,0,0,1,1,0,0
CARRIER_B,2025-07-03 23:00,BUSAN,40FT,0,0,0,0,1,1,0,0
CARRIER_B,2025-07-04 00:00,BUSAN,40FT,0,0,0,0,1,1,0,0
CARRIER_B,2025-07-04 01:00,BUSAN,40FT,0,0,0,0,1,1,0,0
CARRIER_B,2025-07-04 02:00,BUSAN,40FT,0,0,0,0,1,1,0,0
CARRIER_B,2025-07-04 03:00,BUSAN,40FT,0,0,0,0,1,1,0,0
CARRIER_B,2025-07-04 04:00,BUSAN,40FT,0,0,0,0,1,1,0,0
CARRIER_B,2025-07-04 05:00,BUSAN,40FT,0,0,0,0,1,1,0,0
CARRIER_B,2025-07-04 06:00,BUSAN,40FT,1,0,0,0,0,0,0,0
CARRIER_B,2025-07-04 07:00,BUSAN,40FT,0,4,0,0,4,4,0,0
CARRIER_B,2025-07-04 08:00,BUSAN,40FT,0,0,0,0,4,4,0,0
CARRIER_B,2025-07-04 09:00,BUSAN,40FT,0,0,0,0,4,4,0,0
CARRIER_B,2025-07-04 10:00,BUSAN,40FT,2,0,0,0,2,2,0,0
CARRIER_B,2025-07-04 11:00,BUSAN,40FT,0,0,0,0,2,2,0,0
CARRIER_B,2025-07-04 12:00,BUSAN,40FT,1,0,0,0,1,1,0,0
CARRIER_B,2025-07-04 13:00,BUSAN,40FT,0,1,0,0,2,2,0,0
CARRIER_B,2025-07-04 14:00,BUSAN,40FT,0,0,0,0,2,2,0,0
CARRIER_B,2025-07-04 15:00,BUSAN,40FT,0,0,0,0,2,2,0,0
CARRIER_B,2025-07-04 16:00,BUSAN,40FT,1,0,0,0,1,1,0,0
CARRIER_B,2025-07-04 17:00,BUSAN,40FT,1,0,0,0,0,0,0,0
CARRIER_B,2025-07-04 18:00,BUSAN,40FT,0,0,0,0,0,0,0,0
CARRIER_B,2025-07-04 19:00,BUSAN,40FT,0,0,0,0,0,0,0,0
CARRIER_B,2025-07-04 20:00,BUSAN,40FT,0,0,0,0,0,0,0,0
CARRIER_B,2025-07-04 21:00,BUSAN,40FT,0,0,0,0,0,0,0,0
CARRIER_B,2025-07-04 22:00,BUSAN,40FT,0,0,0,0,0,0,0,0
CARRIER_B,2025-07-04 23:00,BUSAN,40FT,0,0,0,0,0,0,0,0
CARRIER_B,2025-07-05 00:00,BUSAN,40FT,0,0,0,0,0,0,0,0
CARRIER_B,2025-07-05 01:00,BUSAN,40FT,0,0,0,0,0,0,0,0
CARRIER_B,2025-07-05 02:00,BUSAN,40FT,0,0,0,0,0,0,0,0
CARRIER_B,2025-07-05 03:00,BUSAN,40FT,0,0,0,0,0,0,0,0
CARRIER_B,2025-07-05 04:00,BUSAN,40FT,0,0,0,0,0,0,0,0
CARRIER_B,2025-07-05 05:00,BUSAN,40FT,0,0,0,0,0,0,0,0
CARRIER_B,2025-07-05 06:00,BUSAN,40FT,0,0,0,0,0,0,0,0
CARRIER_B,2025-07-05 07:00,BUSAN,40FT,0,0,0,0,0,0,0,0
CARRIER_B,2025-07-05 08:00,BUSAN,40FT,0,0,0,0,0,0,0,0
CARRIER_B,2025-07-05 09:00,BUSAN,40FT,0,0,1,0,0,1,0,0
CARRIER_B,2025-07-05 10:00,BUSAN,40FT,1,0,0,0,0,0,1,0
CARRIER_B,2025-07-05 11:00,BUSAN,40FT,0,0,0,0,0,0,0,0
CARRIER_B,2025-07-05 12:00,BUSAN,40FT,0,1,0,0,1,1,0,0
CARRIER_B,2025-07-05 13:00,BUSAN,40FT,0,0,0,0,1,1,0,0
CARRIER_B,2025-07-05 14:00,BUSAN,40FT,1,0,0,0,0,0,0,0
CARRIER_B,2025-07-05 15:00,BUSAN,40FT,0,0,0,0,0,0,0,0
CARRIER_B,2025-07-05 16:00,BUSAN,40FT,0,1,0,0,1,1,0,0
CARRIER_B,2025-07-05 17:00,BUSAN,40FT,0,0,0,0,1,1,0,0
CARRIER_B,2025-07-05 18:00,BUSAN,40FT,0,0,0,0,1,1,0,0
CARRIER_B,2025-07-05 19:00,BUSAN,40FT,0,0,0,0,1,1,0,0
CARRIER_B,2025-07-05 20:00,BUSAN,40FT,0,0,0,0,1,1,0,0
CARRIER_B,2025-07-05 21:00,BUSAN,40FT,0,0,0,0,1,1,0,0
CARRIER_B,2025-07-05 22:00,BUSAN,40FT,0,0,0,0,1,1,0,0
CARRIER_B,2025-07-05 23:00,BUSAN,40FT,0,0,0,0,1,1,0,0
CARRIER_B,2025-07-06 00:00,BUSAN,40FT,0,0,0,0,1,1,0,0
CARRIER_B,2025-07-06 01:00,BUSAN,40FT,0,0,0,0,1,1,0,0
CARRIER_B,2025-07-06 02:00,BUSAN,40FT,0,5,0,0,6,6,0,0
CARRIER_B,2025-07-06 03:00,BUSAN,40FT,0,0,0,0,6,6,0,0
CARRIER_B,2025-07-06 04:00,BUSAN,40FT,0,0,0,0,6,6,0,0
CARRIER_B,2025-07-06 05:00,BUSAN,40FT,0,0,0,0,6,6,0,0
CARRIER_B,2025-07-06 06:00,BUSAN,40FT,1,0,0,0,5,5,0,0
CARRIER_B,2025-07-06 07:00,BUSAN,40FT,0,0,0,0,5,5,0,0
CARRIER_B,2025-07-06 08:00,BUSAN,40FT,0,0,0,0,5,5,0,0
CARRIER_B,2025-07-06 09:00,BUSAN,40FT,1,0,0,0,4,4,0,0
CARRIER_B,2025-07-06 10:00,BUSAN,40FT,0,0,0,0,4,4,0,0
CARRIER_B,2025-07-06 11:00,BUSAN,40FT,2,0,0,0,2,2,0,0
CARRIER_B,2025-07-06 12:00,BUSAN,40FT,0,0,0,0,2,2,0,0
CARRIER_B,2025-07-06 13:00,BUSAN,40FT,0,0,0,0,2,2,0,0
CARRIER_B,2025-07-06 14:00,BUSAN,40FT,0,0,0,0,2,2,0,0
CARRIER_B,2025-07-06 15:00,BUSAN,40FT,0,0,0,0,2,2,0,0
CARRIER_B,2025-07-06 16:00,BUSAN,40FT,0,0,0,0,2,2,0,0
CARRIER_B,2025-07-06 17:00,BUSAN,40FT,1,0,0,0,1,1,0,0
CARRIER_B,2025-07-06 18:00,BUSAN,40FT,0,0,0,0,1,1,0,0
CARRIER_B,2025-07-06 19:00,BUSAN,40FT,0,0,0,0,1,1,0,0
CARRIER_B,2025-07-06 20:00,BUSAN,40FT,0,0,0,0,1,1,0,0
CARRIER_B,2025-07-06 21:00,BUSAN,40FT,0,0,0,0,1,1,0,0
CARRIER_B,2025-07-06 22:00,BUSAN,40FT,0,0,0,0,1,1,0,0
CARRIER_B,2025-07-06 23:00,BUSAN,40FT,0,0,0,0,1,1,0,0
CARRIER_B,2025-07-07 00:00,BUSAN,40FT,0,0,0,0,1,1,0,0
CARRIER_B,2025-07-07 01:00,BUSAN,40FT,0,0,0,0,1,1,0,0
CARRIER_B,2025-07-07 02:00,BUSAN,40FT,0,0,0,0,1,1,0,0
CARRIER_B,2025-07-07 03:00,BUSAN,40FT,0,0,0,0,1,1,0,0
CARRIER_B,2025-07-07 04:00,BUSAN,40FT,0,0,0,0,1,1,0,0
CARRIER_B,2025-07-07 05:00,BUSAN,40FT,0,0,0,0,1,1,0,0
CARRIER_B,2025-07-07 06:00,BUSAN,40FT,0,0,0,0,1,1,0,0
CARRIER_B,2025-07-07 07:00,BUSAN,40FT,0,0,0,0,1,1,0,0
CARRIER_B,2025-07-07 08:00,BUSAN,40FT,0,0,0,0,1,1,0,0
CARRIER_B,2025-07-07 09:00,BUSAN,40FT,0,0,0,0,1,1,0,0
CARRIER_B,2025-07-07 10:00,BUSAN,40FT,1,0,0,0,0,0,0,0
CARRIER_B,2025-07-07 11:00,BUSAN,40FT,0,0,0,0,0,0,0,0
CARRIER_B,2025-07-07 12:00,BUSAN,40FT,0,0,0,0,0,0,0,0
CARRIER_B,2025-07-07 13:00,BUSAN,40FT,0,0,0,0,0,0,0,0
CARRIER_B,2025-07-07 14:00,BUSAN,40FT,0,0,0,0,0,0,0,0
CARRIER_B,2025-07-07 15:00,BUSAN,40FT,0,1,0,0,1,1,0,0
CARRIER_B,2025-07-07 16:00,BUSAN,40FT,1,0,0,0,0,0,0,0
CARRIER_B,2025-07-07 17:00,BUSAN,40FT,0,0,0,0,0,0,0,0
CARRIER_B,2025-07-07 18:00,BUSAN,40FT,0,0,0,0,0,0,0,0
CARRIER_B,2025-07-07 19:00,BUSAN,40FT,0,0,0,0,0,0,0,0
CARRIER_B,2025-07-07 20:00,BUSAN,40FT,0,0,0,0,0,0,0,0
CARRIER_B,2025-07-07 21:00,BUSAN,40FT,0,0,0,0,0,0,0,0
CARRIER_B,2025-07-07 22:00,BUSAN,40FT,0,0,0,0,0,0,0,0
CARRIER_B,2025-07-07 23:00,BUSAN,40FT,0,0,0,0,0,0,0,0
CARRIER_B,2025-07-01 00:00,DONGSAN,20FT,0,0,0,0,2,2,0,0
CARRIER_B,2025-07-01 01:00,DONGSAN,20FT,0,0,0,0,2,2,0,0
CARRIER_B,2025-07-01 02:00,DONGSAN,20FT,0,0,0,0,2,2,0,0
CARRIER_B,2025-07-01 03:00,DONGSAN,20FT,0,0,0,0,2,2,0,0
CARRIER_B,2025-07-01 04:00,DONGSAN,20FT,0,0,0,0,2,2,0,0
CARRIER_B,2025-07-01 05:00,DONGSAN,20FT,0,0,0,0,2,2,0,0
CARRIER_B,2025-07-01 06:00,DONGSAN,20FT,0,0,0,0,2,2,0,0
CARRIER_B,2025-07-01 07:00,DONGSAN,20FT,0,0,0,0,2,2,0,0
CARRIER_B,2025-07-01 08:00,DONGSAN,20FT,0,0,0,0,2,2,0,0
CARRIER_B,2025-07-01 09:00,DONGSAN,20FT,0,0,0,0,2,2,0,0
CARRIER_B,2025-07-01 10:00,DONGSAN,20FT,0,0,0,0,2,2,0,0
CARRIER_B,2025-07-01 11:00,DONGSAN,20FT,0,0,0,0,2,2,0,0
CARRIER_B,2025-07-01 12:00,DONGSAN,20FT,0,0,0,0,2,2,0,0
CARRIER_B,2025-07-01 13:00,DONGSAN,20FT,0,0,0,0,2,2,0,0
CARRIER_B,2025-07-01 14:00,DONGSAN,20FT,0,0,0,0,2,2,0,0
CARRIER_B,2025-07-01 15:00,DONGSAN,20FT,0,0,0,0,2,2,0,0
CARRIER_B,2025-07-01 16:00,DONGSAN,20FT,0,0,0,0,2,2,0,0
CARRIER_B,2025-07-01 17:00,DONGSAN,20FT,0,0,0,0,2,2,0,0
CARRIER_B,2025-07-01 18:00,DONGSAN,20FT,1,0,0,0,1,1,0,0
CARRIER_B,2025-07-01 19:00,DONGSAN,20FT,0,0,0,0,1,1,0,0
CARRIER_B,2025-07-01 20:00,DONGSAN,20FT,0,0,0,0,1,1,0,0
CARRIER_B,2025-07-01 21:00,DONGSAN,20FT,0,0,0,0,1,1,0,0
CARRIER_B,2025-07-01 22:00,DONGSAN,20FT,0,0,0,0,1,1,0,0
CARRIER_B,2025-07-01 23:00,DONGSAN,20FT,0,0,0,0,1,1,0,0
CARRIER_B,2025-07-02 00:00,DONGSAN,20FT,0,0,0,0,1,1,0,0
CARRIER_B,2025-07-02 01:00,DONGSAN,20FT,0,0,0,0,1,1,0,0
CARRIER_B,2025-07-02 02:00,DONGSAN,20FT,0,0,0,0,1,1,0,0
CARRIER_B,2025-07-02 03:00,DONGSAN,20FT,0,0,0,0,1,1,0,0
CARRIER_B,2025-07-02 04:00,DONGSAN,20FT,0,0,0,0,1,1,0,0
CARRIER_B,2025-07-02 05:00,DONGSAN,20FT,0,0,0,0,1,1,0,0
CARRIER_B,2025-07-02 06:00,DONGSAN,20FT,0,0,0,0,1,1,0,0
CARRIER_B,2025-07-02 07:00,DONGSAN,20FT,0,0,0,0,1,1,0,0
CARRIER_B,2025-07-02 08:00,DONGSAN,20FT,0,0,0,0,1,1,0,0
CARRIER_B,2025-07-02 09:00,DONGSAN,20FT,0,0,0,0,1,1,0,0
CARRIER_B,2025-07-02 10:00,DONGSAN,20FT,0,0,0,0,1,1,0,0
CARRIER_B,2025-07-02 11:00,DONGSAN,20FT,0,0,0,0,1,1,0,0
CARRIER_B,2025-07-02 12:00,DONGSAN,20FT,0,0,0,0,1,1,0,0
CARRIER_B,2025-07-02 13:00,DONGSAN,20FT,0,0,0,0,1,1,0,0
CARRIER_B,2025-07-02 14:00,DONGSAN,20FT,0,0,0,0,1,1,0,0
CARRIER_B,2025-07-02 15:00,DONGSAN,20FT,0,0,0,0,1,1,0,0
CARRIER_B,2025-07-02 16:00,DONGSAN,20FT,1,0,0,0,0,0,0,0
CARRIER_B,2025-07-02 17:00,DONGSAN,20FT,0,0,0,0,0,0,0,0
CARRIER_B,2025-07-02 18:00,DONGSAN,20FT,0,0,0,0,0,0,0,0
CARRIER_B,2025-07-02 19:00,DONGSAN,20FT,0,0,0,0,0,0,0,0
CARRIER_B,2025-07-02 20:00,DONGSAN,20FT,0,0,0,0,0,0,0,0
CARRIER_B,2025-07-02 21:00,DONGSAN,20FT,0,0,0,0,0,0,0,0
CARRIER_B,2025-07-02 22:00,DONGSAN,20FT,0,0,0,0,0,0,0,0
CARRIER_B,2025-07-02 23:00,DONGSAN,20FT,0,0,0,0,0,0,0,0
CARRIER_B,2025-07-03 00:00,DONGSAN,20FT,0,0,0,0,0,0,0,0
CARRIER_B,2025-07-03 01:00,DONGSAN,20FT,0,0,0,0,0,0,0,0
CARRIER_B,2025-07-03 02:00,DONGSAN,20FT,0,0,0,0,0,0,0,0
CARRIER_B,2025-07-03 03:00,DONGSAN,20FT,0,0,0,0,0,0,0,0
CARRIER_B,2025-07-03 04:00,DONGSAN,20FT,0,0,0,0,0,0,0,0
CARRIER_B,2025-07-03 05:00,DONGSAN,20FT,0,0,0,0,0,0,0,0
CARRIER_B,2025-07-03 06:00,DONGSAN,20FT,0,0,0,0,0,0,0,0
CARRIER_B,2025-07-03 07:00,DONGSAN,20FT,0,0,0,0,0,0,0,0
CARRIER_B,2025-07-03 08:00,DONGSAN,20FT,0,0,0,0,0,0,0,0
CARRIER_B,2025-07-03 09:00,DONGSAN,20FT,0,0,0,0,0,0,0,0
CARRIER_B,2025-07-03 10:00,DONGSAN,20FT,0,0,0,0,0,0,0,0
CARRIER_B,2025-07-03 11:00,DONGSAN,20FT,0,0,0,0,0,0,0,0
CARRIER_B,2025-07-03 12:00,DONGSAN,20FT,0,0,0,0,0,0,0,0
CARRIER_B,2025-07-03 13:00,DONGSAN,20FT,0,0,0,0,0,0,0,0
CARRIER_B,2025-07-03 14:00,DONGSAN,20FT,0,0,0,0,0,0,0,0
CARRIER_B,2025-07-03 15:00,DONGSAN,20FT,0,0,0,0,0,0,0,0
CARRIER_B,2025-07-03 16:00,DONGSAN,20FT,0,0,0,0,0,0,0,0
CARRIER_B,2025-07-03 17:00,DONGSAN,20FT,0,0,0,0,0,0,0,0
CARRIER_B,2025-07-03 18:00,DONGSAN,20FT,0,0,0,0,0,0,0,0
CARRIER_B,2025-07-03 19:00,DONGSAN,20FT,0,0,0,0,0,0,0,0
CARRIER_B,2025-07-03 20:00,DONGSAN,20FT,0,0,0,0,0,0,0,0
CARRIER_B,2025-07-03 21:00,DONGSAN,20FT,0,0,0,0,0,0,0,0
CARRIER_B,2025-07-03 22:00,DONGSAN,20FT,0,0,0,0,0,0,0,0
CARRIER_B,2025-07-03 23:00,DONGSAN,20FT,0,0,0,0,0,0,0,0
CARRIER_B,2025-07-04 00:00,DONGSAN,20FT,0,0,0,0,0,0,0,0
CARRIER_B,2025-07-04 01:00,DONGSAN,20FT,0,0,0,0,0,0,0,0
CARRIER_B,2025-07-04 02:00,DONGSAN,20FT,0,0,0,0,0,0,0,0
CARRIER_B,2025-07-04 03:00,DONGSAN,20FT,0,0,0,0,0,0,0,0
CARRIER_B,2025-07-04 04:00,DONGSAN,20FT,0,0,0,0,0,0,0,0
CARRIER_B,2025-07-04 05:00,DONGSAN,20FT,0,0,0,0,0,0,0,0
CARRIER_B,2025-07-04 06:00,DONGSAN,20FT,0,0,0,0,0,0,0,0
CARRIER_B,2025-07-04 07:00,DONGSAN,20FT,0,0,0,0,0,0,0,0
CARRIER_B,2025-07-04 08:00,DONGSAN,20FT,0,0,0,0,0,0,0,0
CARRIER_B,2025-07-04 09:00,DONGSAN,20FT,0,0,0,0,0,0,0,0
CARRIER_B,2025-07-04 10:00,DONGSAN,20FT,0,0,0,0,0,0,0,0
CARRIER_B,2025-07-04 11:00,DONGSAN,20FT,0,0,0,0,0,0,0,0
CARRIER_B,2025-07-04 12:00,DONGSAN,20FT,0,1,0,0,1,1,0,0
CARRIER_B,2025-07-04 13:00,DONGSAN,20FT,0,0,0,0,1,1,0,0
CARRIER_B,2025-07-04 14:00,DONGSAN,20FT,0,0,0,0,1,1,0,0
CARRIER_B,2025-07-04 15:00,DONGSAN,20FT,0,0,0,0,1,1,0,0
CARRIER_B,2025-07-04 16:00,DONGSAN,20FT,0,0,0,0,1,1,0,0
CARRIER_B,2025-07-04 17:00,DONGSAN,20FT,0,0,0,0,1,1,0,0
CARRIER_B,2025-07-04 18:00,DONGSAN,20FT,0,0,0,0,1,1,0,0
CARRIER_B,2025-07-04 19:00,DONGSAN,20FT,0,0,0,0,1,1,0,0
CARRIER_B,2025-07-04 20:00,DONGSAN,20FT,0,0,0,0,1,1,0,0
CARRIER_B,2025-07-04 21:00,DONGSAN,20FT,0,0,0,0,1,1,0,0
CARRIER_B,2025-07-04 22:00,DONGSAN,20FT,0,0,0,0,1,1,0,0
CARRIER_B,2025-07-04 23:00,DONGSAN,20FT,0,0,0,0,1,1,0,0
CARRIER_B,2025-07-05 00:00,DONGSAN,20FT,0,0,0,0,1,1,0,0
CARRIER_B,2025-07-05 01:00,DONGSAN,20FT,0,0,0,0,1,1,0,0
CARRIER_B,2025-07-05 02:00,DONGSAN,20FT,0,0,0,0,1,1,0,0
CARRIER_B,2025-07-05 03:00,DONGSAN,20FT,0,0,0,0,1,1,0,0
CARRIER_B,2025-07-05 04:00,DONGSAN,20FT,0,0,0,0,1,1,0,0
CARRIER_B,2025-07-05 05:00,DONGSAN,20FT,0,0,0,0,1,1,0,0
CARRIER_B,2025-07-05 06:00,DONGSAN,20FT,0,0,0,0,1,1,0,0
CARRIER_B,2025-07-05 07:00,DONGSAN,20FT,0,0,0,0,1,1,0,0
CARRIER_B,2025-07-05 08:00,DONGSAN,20FT,0,0,0,0,1,1,0,0
CARRIER_B,2025-07-05 09:00,DONGSAN,20FT,0,0,0,0,1,1,0,0
CARRIER_B,2025-07-05 10:00,DONGSAN,20FT,0,0,0,0,1,1,0,0
CARRIER_B,2025-07-05 11:00,DONGSAN,20FT,0,0,0,0,1,1,0,0
CARRIER_B,2025-07-05 12:00,DONGSAN,20FT,0,0,0,0,1,1,0,0
CARRIER_B,2025-07-05 13:00,DONGSAN,20FT,0,0,0,0,1,1,0,0
CARRIER_B,2025-07-05 14:00,DONGSAN,20FT,0,0,0,0,1,1,0,0
CARRIER_B,2025-07-05 15:00,DONGSAN,20FT,0,0,0,0,1,1,0,0
CARRIER_B,2025-07-05 16:00,DONGSAN,20FT,0,0,0,0,1,1,0,0
CARRIER_B,2025-07-05 17:00,DONGSAN,20FT,0,0,0,0,1,1,0,0
CARRIER_B,2025-07-05 18:00,DONGSAN,20FT,0,0,0,0,1,1,0,0
CARRIER_B,2025-07-05 19:00,DONGSAN,20FT,0,0,0,0,1,1,0,0
CARRIER_B,2025-07-05 20:00,DONGSAN,20FT,0,0,0,0,1,1,0,0
CARRIER_B,2025-07-05 21:00,DONGSAN,20FT,0,0,0,0,1,1,0,0
CARRIER_B,2025-07-05 22:00,DONGSAN,20FT,0,0,0,0,1,1,0,0
CARRIER_B,2025-07-05 23:00,DONGSAN,20FT,0,0,0,0,1,1,0,0
CARRIER_B,2025-07-06 00:00,DONGSAN,20FT,0,0,0,0,1,1,0,0
CARRIER_B,2025-07-06 01:00,DONGSAN,20FT,0,0,0,0,1,1,0,0
CARRIER_B,2025-07-06 02:00,DONGSAN,20FT,0,0,0,0,1,1,0,0
CARRIER_B,2025-07-06 03:00,DONGSAN,20FT,0,0,0,0,1,1,0,0
CARRIER_B,2025-07-06 04:00,DONGSAN,20FT,0,0,0,0,1,1,0,0
CARRIER_B,2025-07-06 05:00,DONGSAN,20FT,0,0,0,0,1,1,0,0
CARRIER_B,2025-07-06 06:00,DONGSAN,20FT,0,0,0,0,1,1,0,0
CARRIER_B,2025-07-06 07:00,DONGSAN,20FT,0,0,0,0,1,1,0,0
CARRIER_B,2025-07-06 08:00,DONGSAN,20FT,0,0,0,0,1,1,0,0
CARRIER_B,2025-07-06 09:00,DONGSAN,20FT,0,0,0,0,1,1,0,0
CARRIER_B,2025-07-06 10:00,DONGSAN,20FT,0,0,0,0,1,1,0,0
CARRIER_B,2025-07-06 11:00,DONGSAN,20FT,0,0,0,0,1,1,0,0
CARRIER_B,2025-07-06 12:00,DONGSAN,20FT,0,0,0,0,1,1,0,0
CARRIER_B,2025-07-06 13:00,DONGSAN,20FT,0,0,0,0,1,1,0,0
CARRIER_B,2025-07-06 14:00,DONGSAN,20FT,0,0,0,0,1,1,0,0
CARRIER_B,2025-07-06 15:00,DONGSAN,20FT,0,0,0,0,1,1,0,0
CARRIER_B,2025-07-06 16:00,DONGSAN,20FT,0,0,0,0,1,1,0,0
CARRIER_B,2025-07-06 17:00,DONGSAN,20FT,0,0,0,0,1,1,0,0
CARRIER_B,2025-07-06 18:00,DONGSAN,20FT,0,0,0,0,1,1,0,0
CARRIER_B,2025-07-06 19:00,DONGSAN,20FT,0,0,0,0,1,1,0,0
CARRIER_B,2025-07-06 20:00,DONGSAN,20FT,0,0,0,0,1,1,0,0
CARRIER_B,2025-07-06 21:00,DONGSAN,20FT,0,0,0,0,1,1,0,0
CARRIER_B,2025-07-06 22:00,DONGSAN,20FT,0,0,0,0,1,1,0,0
CARRIER_B,2025-07-06 23:00,DONGSAN,20FT,0,0,0,0,1,1,0,0
CARRIER_B,2025-07-07 00:00,DONGSAN,20FT,0,0,0,0,1,1,0,0
CARRIER_B,2025-07-07 01:00,DONGSAN,20FT,0,0,0,0,1,1,0,0
CARRIER_B,2025-07-07 02:00,DONGSAN,20FT,0,0,0,0,1,1,0,0
CARRIER_B,2025-07-07 03:00,DONGSAN,20FT,0,0,0,0,1,1,0,0
CARRIER_B,2025-07-07 04:00,DONGSAN,20FT,0,0,0,0,1,1,0,0
CARRIER_B,2025-07-07 05:00,DONGSAN,20FT,0,0,0,0,1,1,0,0
CARRIER_B,2025-07-07 06:00,DONGSAN,20FT,0,0,0,0,1,1,0,0
CARRIER_B,2025-07-07 07:00,DONGSAN,20FT,0,0,0,0,1,1,0,0
CARRIER_B,2025-07-07 08:00,DONGSAN,20FT,0,0,0,0,1,1,0,0
CARRIER_B,2025-07-07 09:00,DONGSAN,20FT,0,0,0,0,1,1,0,0
CARRIER_B,2025-07-07 10:00,DONGSAN,20FT,0,0,0,0,1,1,0,0
CARRIER_B,2025-07-07 11:00,DONGSAN,20FT,0,0,0,0,1,1,0,0
CARRIER_B,2025-07-07 12:00,DONGSAN,20FT,0,0,0,0,1,1,0,0
CARRIER_B,2025-07-07 13:00,DONGSAN,20FT,0,0,0,0,1,1,0,0
CARRIER_B,2025-07-07 14:00,DONGSAN,20FT,0,0,0,0,1,1,0,0
CARRIER_B,2025-07-07 15:00,DONGSAN,20FT,0,0,0,0,1,1,0,0
CARRIER_B,2025-07-07 16:00,DONGSAN,20FT,0,0,0,0,1,1,0,0
CARRIER_B,2025-07-07 17:00,DONGSAN,20FT,0,0,0,0,1,1,0,0
CARRIER_B,2025-07-07 18:00,DONGSAN,20FT,0,0,0,0,1,1,0,0
CARRIER_B,2025-07-07 19:00,DONGSAN,20FT,0,0,0,0,1,1,0,0
CARRIER_B,2025-07-07 20:00,DONGSAN,20FT,0,0,0,0,1,1,0,0
CARRIER_B,2025-07-07 21:00,DONGSAN,20FT,0,0,0,0,1,1,0,0
CARRIER_B,2025-07-07 22:00,DONGSAN,20FT,0,0,0,0,1,1,0,0
CARRIER_B,2025-07-07 23:00,DONGSAN,20FT,0,0,0,0,1,1,0,0
CARRIER_B,2025-07-01 00:00,DONGSAN,40FT,0,0,0,0,0,0,0,0
CARRIER_B,2025-07-01 01:00,DONGSAN,40FT,0,0,0,0,0,0,0,0
CARRIER_B,2025-07-01 02:00,DONGSAN,40FT,0,0,0,0,0,0,0,0
CARRIER_B,2025-07-01 03:00,DONGSAN,40FT,0,0,0,0,0,0,0,0
CARRIER_B,2025-07-01 04:00,DONGSAN,40FT,0,0,0,0,0,0,0,0
CARRIER_B,2025-07-01 05:00,DONGSAN,40FT,0,0,0,0,0,0,0,0
CARRIER_B,2025-07-01 06:00,DONGSAN,40FT,0,0,0,0,0,0,0,0
CARRIER_B,2025-07-01 07:00,DONGSAN,40FT,0,0,0,0,0,0,0,0
CARRIER_B,2025-07-01 08:00,DONGSAN,40FT,0,0,0,0,0,0,0,0
CARRIER_B,2025-07-01 09:00,DONGSAN,40FT,0,0,0,0,0,0,0,0
CARRIER_B,2025-07-01 10:00,DONGSAN,40FT,0,0,0,0,0,0,0,0
CARRIER_B,2025-07-01 11:00,DONGSAN,40FT,0,0,0,0,0,0,0,0
CARRIER_B,2025-07-01 12:00,DONGSAN,40FT,0,0,0,0,0,0,0,0
CARRIER_B,2025-07-01 13:00,DONGSAN,40FT,0,0,0,0,0,0,0,0
CARRIER_B,2025-07-01 14:00,DONGSAN,40FT,0,0,0,0,0,0,0,0
CARRIER_B,2025-07-01 15:00,DONGSAN,40FT,0,0,0,0,0,0,0,0
CARRIER_B,2025-07-01 16:00,DONGSAN,40FT,0,0,0,0,0,0,0,0
CARRIER_B,2025-07-01 17:00,DONGSAN,40FT,0,0,0,0,0,0,0,0
CARRIER_B,2025-07-01 18:00,DONGSAN,40FT,0,0,0,0,0,0,0,0
CARRIER_B,2025-07-01 19:00,DONGSAN,40FT,0,0,0,0,0,0,0,0
CARRIER_B,2025-07-01 20:00,DONGSAN,40FT,0,0,0,0,0,0,0,0
CARRIER_B,2025-07-01 21:00,DONGSAN,40FT,0,0,0,0,0,0,0,0
CARRIER_B,2025-07-01 22:00,DONGSAN,40FT,0,0,0,0,0,0,0,0
CARRIER_B,2025-07-01 23:00,DONGSAN,40FT,0,0,0,0,0,0,0,0
CARRIER_B,2025-07-02 00:00,DONGSAN,40FT,0,0,0,0,0,0,0,0
CARRIER_B,2025-07-02 01:00,DONGSAN,40FT,0,0,0,0,0,0,0,0
CARRIER_B,2025-07-02 02:00,DONGSAN,40FT,0,0,0,0,0,0,0,0
CARRIER_B,2025-07-02 03:00,DONGSAN,40FT,0,0,0,0,0,0,0,0
CARRIER_B,2025-07-02 04:00,DONGSAN,40FT,0,0,0,0,0,0,0,0
CARRIER_B,2025-07-02 05:00,DONGSAN,40FT,0,0,0,0,0,0,0,0
CARRIER_B,2025-07-02 06:00,DONGSAN,40FT,0,0,0,0,0,0,0,0
CARRIER_B,2025-07-02 07:00,DONGSAN,40FT,0,0,0,0,0,0,0,0
CARRIER_B,2025-07-02 08:00,DONGSAN,40FT,0,0,0,0,0,0,0,0
CARRIER_B,2025-07-02 09:00,DONGSAN,40FT,0,0,0,0,0,0,0,0
CARRIER_B,2025-07-02 10:00,DONGSAN,40FT,0,0,0,0,0,0,0,0
CARRIER_B,2025-07-02 11:00,DONGSAN,40FT,0,0,0,0,0,0,0,0
CARRIER_B,2025-07-02 12:00,DONGSAN,40FT,0,0,0,0,0,0,0,0
CARRIER_B,2025-07-02 13:00,DONGSAN,40FT,0,0,0,0,0,0,0,0
CARRIER_B,2025-07-02 14:00,DONGSAN,40FT,0,0,0,0,0,0,0,0
CARRIER_B,2025-07-02 15:00,DONGSAN,40FT,0,0,0,0,0,0,0,0
CARRIER_B,2025-07-02 16:00,DONGSAN,40FT,0,0,0,0,0,0,0,0
CARRIER_B,2025-07-02 17:00,DONGSAN,40FT,0,0,0,0,0,0,0,0
CARRIER_B,2025-07-02 18:00,DONGSAN,40FT,0,0,0,0,0,0,0,0
CARRIER_B,2025-07-02 19:00,DONGSAN,40FT,0,0,0,0,0,0,0,0
CARRIER_B,2025-07-02 20:00,DONGSAN,40FT,0,0,0,0,0,0,0,0
CARRIER_B,2025-07-02 21:00,DONGSAN,40FT,0,0,0,0,0,0,0,0
CARRIER_B,2025-07-02 22:00,DONGSAN,40FT,0,0,0,0,0,0,0,0
CARRIER_B,2025-07-02 23:00,DONGSAN,40FT,0,0,0,0,0,0,0,0
CARRIER_B,2025-07-03 00:00,DONGSAN,40FT,0,0,0,0,0,0,0,0
CARRIER_B,2025-07-03 01:00,DONGSAN,40FT,0,0,0,0,0,0,0,0
CARRIER_B,2025-07-03 02:00,DONGSAN,40FT,0,0,0,0,0,0,0,0
CARRIER_B,2025-07-03 03:00,DONGSAN,40FT,0,0,0,0,0,0,0,0
CARRIER_B,2025-07-03 04:00,DONGSAN,40FT,0,0,0,0,0,0,0,0
CARRIER_B,2025-07-03 05:00,DONGSAN,40FT,0,0,0,0,0,0,0,0
CARRIER_B,2025-07-03 06:00,DONGSAN,40FT,0,0,0,0,0,0,0,0
CARRIER_B,2025-07-03 07:00,DONGSAN,40FT,0,0,0,0,0,0,0,0
CARRIER_B,2025-07-03 08:00,DONGSAN,40FT,0,0,0,0,0,0,0,0
CARRIER_B,2025-07-03 09:00,DONGSAN,40FT,0,0,0,0,0,0,0,0
CARRIER_B,2025-07-03 10:00,DONGSAN,40FT,0,0,0,0,0,0,0,0
CARRIER_B,2025-07-03 11:00,DONGSAN,40FT,0,0,0,0,0,0,0,0
CARRIER_B,2025-07-03 12:00,DONGSAN,40FT,0,0,0,0,0,0,0,0
CARRIER_B,2025-07-03 13:00,DONGSAN,40FT,0,0,0,0,0,0,0,0
CARRIER_B,2025-07-03 14:00,DONGSAN,40FT,0,0,0,0,0,0,0,0
CARRIER_B,2025-07-03 15:00,DONGSAN,40FT,0,0,0,0,0,0,0,0
CARRIER_B,2025-07-03 16:00,DONGSAN,40FT,0,0,0,0,0,0,0,0
CARRIER_B,2025-07-03 17:00,DONGSAN,40FT,0,0,0,0,0,0,0,0
CARRIER_B,2025-07-03 18:00,DONGSAN,40FT,0,0,0,0,0,0,0,0
CARRIER_B,2025-07-03 19:00,DONGSAN,40FT,0,0,0,0,0,0,0,0
CARRIER_B,2025-07-03 20:00,DONGSAN,40FT,0,0,0,0,0,0,0,0
CARRIER_B,2025-07-03 21:00,DONGSAN,40FT,0,0,0,0,0,0,0,0
CARRIER_B,2025-07-03 22:00,DONGSAN,40FT,0,0,0,0,0,0,0,0
CARRIER_B,2025-07-03 23:00,DONGSAN,40FT,0,0,0,0,0,0,0,0
CARRIER_B,2025-07-04 00:00,DONGSAN,40FT,0,0,0,0,0,0,0,0
CARRIER_B,2025-07-04 01:00,DONGSAN,40FT,0,0,0,0,0,0,0,0
CARRIER_B,2025-07-04 02:00,DONGSAN,40FT,0,0,0,0,0,0,0,0
CARRIER_B,2025-07-04 03:00,DONGSAN,40FT,0,0,0,0,0,0,0,0
CARRIER_B,2025-07-04 04:00,DONGSAN,40FT,0,0,0,0,0,0,0,0
CARRIER_B,2025-07-04 05:00,DONGSAN,40FT,0,0,0,0,0,0,0,0
CARRIER_B,2025-07-04 06:00,DONGSAN,40FT,0,0,0,0,0,0,0,0
CARRIER_B,2025-07-04 07:00,DONGSAN,40FT,0,0,0,0,0,0,0,0
CARRIER_B,2025-07-04 08:00,DONGSAN,40FT,0,0,0,0,0,0,0,0
CARRIER_B,2025-07-04 09:00,DONGSAN,40FT,0,0,0,0,0,0,0,0
CARRIER_B,2025-07-04 10:00,DONGSAN,40FT,0,0,0,0,0,0,0,0
CARRIER_B,2025-07-04 11:00,DONGSAN,40FT,0,0,0,0,0,0,0,0
CARRIER_B,2025-07-04 12:00,DONGSAN,40FT,0,0,0,0,0,0,0,0
CARRIER_B,2025-07-04 13:00,DONGSAN,40FT,0,0,0,0,0,0,0,0
CARRIER_B,2025-07-04 14:00,DONGSAN,40FT,0,0,0,0,0,0,0,0
CARRIER_B,2025-07-04 15:00,DONGSAN,40FT,0,0,0,0,0,0,0,0
CARRIER_B,2025-07-04 16:00,DONGSAN,40FT,0,0,0,0,0,0,0,0
CARRIER_B,2025-07-04 17:00,DONGSAN,40FT,0,0,0,0,0,0,0,0
CARRIER_B,2025-07-04 18:00,DONGSAN,40FT,0,0,0,0,0,0,0,0
CARRIER_B,2025-07-04 19:00,DONGSAN,40FT,0,0,0,0,0,0,0,0
CARRIER_B,2025-07-04 20:00,DONGSAN,40FT,0,0,0,0,0,0,0,0
CARRIER_B,2025-07-04 21:00,DONGSAN,40FT,0,0,0,0,0,0,0,0
CARRIER_B,2025-07-04 22:00,DONGSAN,40FT,0,0,0,0,0,0,0,0
CARRIER_B,2025-07-04 23:00,DONGSAN,40FT,0,0,0,0,0,0,0,0
CARRIER_B,2025-07-05 00:00,DONGSAN,40FT,0,0,0,0,0,0,0,0
CARRIER_B,2025-07-05 01:00,DONGSAN,40FT,0,0,0,0,0,0,0,0
CARRIER_B,2025-07-05 02:00,DONGSAN,40FT,0,0,0,0,0,0,0,0
CARRIER_B,2025-07-05 03:00,DONGSAN,40FT,0,0,0,0,0,0,0,0
CARRIER_B,2025-07-05 04:00,DONGSAN,40FT,0,0,0,0,0,0,0,0
CARRIER_B,2025-07-05 05:00,DONGSAN,40FT,0,0,0,0,0,0,0,0
CARRIER_B,2025-07-05 06:00,DONGSAN,40FT,0,0,0,0,0,0,0,0
CARRIER_B,2025-07-05 07:00,DONGSAN,40FT,0,0,0,0,0,0,0,0
CARRIER_B,2025-07-05 08:00,DONGSAN,40FT,0,0,0,0,0,0,0,0
CARRIER_B,2025-07-05 09:00,DONGSAN,40FT,0,0,0,0,0,0,0,0
CARRIER_B,2025-07-05 10:00,DONGSAN,40FT,0,0,0,0,0,0,0,0
CARRIER_B,2025-07-05 11:00,DONGSAN,40FT,0,0,0,0,0,0,0,0
CARRIER_B,2025-07-05 12:00,DONGSAN,40FT,0,0,0,0,0,0,0,0
CARRIER_B,2025-07-05 13:00,DONGSAN,40FT,0,0,0,0,0,0,0,0
CARRIER_B,2025-07-05 14:00,DONGSAN,40FT,0,0,0,0,0,0,0,0
CARRIER_B,2025-07-05 15:00,DONGSAN,40FT,0,0,0,0,0,0,0,0
CARRIER_B,2025-07-05 16:00,DONGSAN,40FT,0,0,0,0,0,0,0,0
CARRIER_B,2025-07-05 17:00,DONGSAN,40FT,0,0,0,0,0,0,0,0
CARRIER_B,2025-07-05 18:00,DONGSAN,40FT,0,0,0,0,0,0,0,0
CARRIER_B,2025-07-05 19:00,DONGSAN,40FT,0,0,0,0,0,0,0,0
CARRIER_B,2025-07-05 20:00,DONGSAN,40FT,0,0,0,0,0,0,0,0
CARRIER_B,2025-07-05 21:00,DONGSAN,40FT,0,0,0,0,0,0,0,0
CARRIER_B,2025-07-05 22:00,DONGSAN,40FT,0,0,0,0,0,0,0,0
CARRIER_B,2025-07-05 23:00,DONGSAN,40FT,0,0,0,0,0,0,0,0
CARRIER_B,2025-07-06 00:00,DONGSAN,40FT,0,0,0,0,0,0,0,0
CARRIER_B,2025-07-06 01:00,DONGSAN,40FT,0,0,0,0,0,0,0,0
CARRIER_B,2025-07-06 02:00,DONGSAN,40FT,0,0,0,0,0,0,0,0
CARRIER_B,2025-07-06 03:00,DONGSAN,40FT,0,0,0,0,0,0,0,0
CARRIER_B,2025-07-06 04:00,DONGSAN,40FT,0,0,0,0,0,0,0,0
CARRIER_B,2025-07-06 05:00,DONGSAN,40FT,0,0,0,0,0,0,0,0
CARRIER_B,2025-07-06 06:00,DONGSAN,40FT,0,0,0,0,0,0,0,0
CARRIER_B,2025-07-06 07:00,DONGSAN,40FT,0,0,0,0,0,0,0,0
CARRIER_B,2025-07-06 08:00,DONGSAN,40FT,0,0,0,0,0,0,0,0
CARRIER_B,2025-07-06 09:00,DONGSAN,40FT,0,0,0,0,0,0,0,0
CARRIER_B,2025-07-06 10:00,DONGSAN,40FT,0,0,0,0,0,0,0,0
CARRIER_B,2025-07-06 11:00,DONGSAN,40FT,0,0,0,0,0,0,0,0
CARRIER_B,2025-07-06 12:00,DONGSAN,40FT,0,0,0,0,0,0,0,0
CARRIER_B,2025-07-06 13:00,DONGSAN,40FT,0,0,0,0,0,0,0,0
CARRIER_B,2025-07-06 14:00,DONGSAN,40FT,0,0,0,0,0,0,0,0
CARRIER_B,2025-07-06 15:00,DONGSAN,40FT,0,0,0,0,0,0,0,0
CARRIER_B,2025-07-06 16:00,DONGSAN,40FT,0,0,0,0,0,0,0,0
CARRIER_B,2025-07-06 17:00,DONGSAN,40FT,0,0,0,0,0,0,0,0
CARRIER_B,2025-07-06 18:00,DONGSAN,40FT,0,0,0,0,0,0,0,0
CARRIER_B,2025-07-06 19:00,DONGSAN,40FT,0,0,0,0,0,0,0,0
CARRIER_B,2025-07-06 20:00,DONGSAN,40FT,0,0,0,0,0,0,0,0
CARRIER_B,2025-07-06 21:00,DONGSAN,40FT,0,0,0,0,0,0,0,0
CARRIER_B,2025-07-06 22:00,DONGSAN,40FT,0,0,0,0,0,0,0,0
CARRIER_B,2025-07-06 23:00,DONGSAN,40FT,0,0,0,0,0,0,0,0
CARRIER_B,2025-07-07 00:00,DONGSAN,40FT,0,0,0,0,0,0,0,0
CARRIER_B,2025-07-07 01:00,DONGSAN,40FT,0,0,0,0,0,0,0,0
CARRIER_B,2025-07-07 02:00,DONGSAN,40FT,0,0,0,0,0,0,0,0
CARRIER_B,2025-07-07 03:00,DONGSAN,40FT,0,0,0,0,0,0,0,0
CARRIER_B,2025-07-07 04:00,DONGSAN,40FT,0,0,0,0,0,0,0,0
CARRIER_B,2025-07-07 05:00,DONGSAN,40FT,0,0,0,0,0,0,0,0
CARRIER_B,2025-07-07 06:00,DONGSAN,40FT,0,0,0,0,0,0,0,0
CARRIER_B,2025-07-07 07:00,DONGSAN,40FT,0,0,0,0,0,0,0,0
CARRIER_B,2025-07-07 08:00,DONGSAN,40FT,0,0,0,0,0,0,0,0
CARRIER_B,2025-07-07 09:00,DONGSAN,40FT,0,0,0,0,0,0,0,0
CARRIER_B,2025-07-07 10:00,DONGSAN,40FT,0,0,0,0,0,0,0,0
CARRIER_B,2025-07-07 11:00,DONGSAN,40FT,0,0,0,0,0,0,0,0
CARRIER_B,2025-07-07 12:00,DONGSAN,40FT,0,0,0,0,0,0,0,0
CARRIER_B,2025-07-07 13:00,DONGSAN,40FT,0,0,0,0,0,0,0,0
CARRIER_B,2025-07-07 14:00,DONGSAN,40FT,0,0,0,0,0,0,0,0
CARRIER_B,2025-07-07 15:00,DONGSAN,40FT,0,0,0,0,0,0,0,0
CARRIER_B,2025-07-07 16:00,DONGSAN,40FT,0,0,0,0,0,0,0,0
CARRIER_B,2025-07-07 17:00,DONGSAN,40FT,0,0,0,0,0,0,0,0
CARRIER_B,2025-07-07 18:00,DONGSAN,40FT,0,0,0,0,0,0,0,0
CARRIER_B,2025-07-07 19:00,DONGSAN,40FT,0,0,0,0,0,0,0,0
CARRIER_B,2025-07-07 20:00,DONGSAN,40FT,0,0,0,0,0,0,0,0
CARRIER_B,2025-07-07 21:00,DONGSAN,40FT,0,0,0,0,0,0,0,0
CARRIER_B,2025-07-07 22:00,DONGSAN,40FT,0,0,0,0,0,0,0,0
CARRIER_B,2025-07-07 23:00,DONGSAN,40FT,0,0,0,0,0,0,0,0
CARRIER_B,2025-07-01 00:00,GWANGYANG,20FT,0,0,0,0,4,4,0,0
CARRIER_B,2025-07-01 01:00,GWANGYANG,20FT,0,0,0,0,4,4,0,0
CARRIER_B,2025-07-01 02:00,GWANGYANG,20FT,0,0,0,0,4,4,0,0
CARRIER_B,2025-07-01 03:00,GWANGYANG,20FT,0,0,0,0,4,4,0,0
CARRIER_B,2025-07-01 04:00,GWANGYANG,20FT,0,0,0,0,4,4,0,0
CARRIER_B,2025-07-01 05:00,GWANGYANG,20FT,0,0,0,0,4,4,0,0
CARRIER_B,2025-07-01 06:00,GWANGYANG,20FT,0,0,0,0,4,4,0,0
CARRIER_B,2025-07-01 07:00,GWANGYANG,20FT,1,0,0,0,3,3,0,0
CARRIER_B,2025-07-01 08:00,GWANGYANG,20FT,1,0,0,0,2,2,0,0
CARRIER_B,2025-07-01 09:00,GWANGYANG,20FT,0,0,0,0,2,2,0,0
CARRIER_B,2025-07-01 10:00,GWANGYANG,20FT,0,0,0,0,2,2,0,0
CARRIER_B,2025-07-01 11:00,GWANGYANG,20FT,0,0,0,0,2,2,0,0
CARRIER_B,2025-07-01 12:00,GWANGYANG,20FT,0,0,0,0,2,2,0,0
CARRIER_B,2025-07-01 13:00,GWANGYANG,20FT,0,0,0,0,2,2,0,0
CARRIER_B,2025-07-01 14:00,GWANGYANG,20FT,0,0,0,0,2,2,0,0
CARRIER_B,2025-07-01 15:00,GWANGYANG,20FT,0,0,0,0,2,2,0,0
CARRIER_B,2025-07-01 16:00,GWANGYANG,20FT,0,0,0,0,2,2,0,0
CARRIER_B,2025-07-01 17:00,GWANGYANG,20FT,0,0,0,0,2,2,0,0
CARRIER_B,2025-07-01 18:00,GWANGYANG,20FT,0,0,0,0,2,2,0,0
CARRIER_B,2025-07-01 19:00,GWANGYANG,20FT,0,0,0,0,2,2,0,0
CARRIER_B,2025-07-01 20:00,GWANGYANG,20FT,0,0,0,0,2,2,0,0
CARRIER_B,2025-07-01 21:00,GWANGYANG,20FT,0,0,0,0,2,2,0,0
CARRIER_B,2025-07-01 22:00,GWANGYANG,20FT,0,0,0,0,2,2,0,0
CARRIER_B,2025-07-01 23:00,GWANGYANG,20FT,0,0,0,0,2,2,0,0
CARRIER_B,2025-07-02 00:00,GWANGYANG,20FT,0,0,0,0,2,2,0,0
CARRIER_B,2025-07-02 01:00,GWANGYANG,20FT,0,0,0,0,2,2,0,0
CARRIER_B,2025-07-02 02:00,GWANGYANG,20FT,0,0,0,0,2,2,0,0
CARRIER_B,2025-07-02 03:00,GWANGYANG,20FT,0,0,0,0,2,2,0,0
CARRIER_B,2025-07-02 04:00,GWANGYANG,20FT,0,0,0,0,2,2,0,0
CARRIER_B,2025-07-02 05:00,GWANGYANG,20FT,0,0,0,0,2,2,0,0
CARRIER_B,2025-07-02 06:00,GWANGYANG,20FT,0,0,0,0,2,2,0,0
CARRIER_B,2025-07-02 07:00,GWANGYANG,20FT,0,0,0,0,2,2,0,0
CARRIER_B,2025-07-02 08:00,GWANGYANG,20FT,0,0,0,0,2,2,0,0
CARRIER_B,2025-07-02 09:00,GWANGYANG,20FT,0,0,0,0,2,2,0,0
CARRIER_B,2025-07-02 10:00,GWANGYANG,20FT,0,0,0,0,2,2,0,0
CARRIER_B,2025-07-02 11:00,GWANGYANG,20FT,0,1,0,0,3,3,0,0
CARRIER_B,2025-07-02 12:00,GWANGYANG,20FT,0,0,0,0,3,3,0,0
CARRIER_B,2025-07-02 13:00,GWANGYANG,20FT,0,0,0,0,3,3,0,0
CARRIER_B,2025-07-02 14:00,GWANGYANG,20FT,0,0,0,0,3,3,0,0
CARRIER_B,2025-07-02 15:00,GWANGYANG,20FT,0,0,0,0,3,3,0,0
CARRIER_B,2025-07-02 16:00,GWANGYANG,20FT,0,0,0,0,3,3,0,0
CARRIER_B,2025-07-02 17:00,GWANGYANG,20FT,1,1,0,0,3,3,0,0
CARRIER_B,2025-07-02 18:00,GWANGYANG,20FT,0,0,0,0,3,3,0,0
CARRIER_B,2025-07-02 19:00,GWANGYANG,20FT,0,0,0,0,3,3,0,0
CARRIER_B,2025-07-02 20:00,GWANGYANG,20FT,0,0,0,0,3,3,0,0
CARRIER_B,2025-07-02 21:00,GWANGYANG,20FT,0,0,0,0,3,3,0,0
CARRIER_B,2025-07-02 22:00,GWANGYANG,20FT,0,0,0,0,3,3,0,0
CARRIER_B,2025-07-02 23:00,GWANGYANG,20FT,0,0,0,0,3,3,0,0
CARRIER_B,2025-07-03 00:00,GWANGYANG,20FT,0,0,0,0,3,3,0,0
CARRIER_B,2025-07-03 01:00,GWANGYANG,20FT,0,0,0,0,3,3,0,0
CARRIER_B,2025-07-03 02:00,GWANGYANG,20FT,0,0,0,0,3,3,0,0
CARRIER_B,2025-07-03 03:00,GWANGYANG,20FT,0,0,0,0,3,3,0,0
CARRIER_B,2025-07-03 04:00,GWANGYANG,20FT,0,0,0,0,3,3,0,0
CARRIER_B,2025-07-03 05:00,GWANGYANG,20FT,0,0,0,0,3,3,0,0
CARRIER_B,2025-07-03 06:00,GWANGYANG,20FT,0,0,0,0,3,3,0,0
CARRIER_B,2025-07-03 07:00,GWANGYANG,20FT,0,0,0,0,3,3,0,0
CARRIER_B,2025-07-03 08:00,GWANGYANG,20FT,0,0,0,0,3,3,0,0
CARRIER_B,2025-07-03 09:00,GWANGYANG,20FT,0,0,0,0,3,3,0,0
CARRIER_B,2025-07-03 10:00,GWANGYANG,20FT,0,0,0,0,3,3,0,0
CARRIER_B,2025-07-03 11:00,GWANGYANG,20FT,0,1,0,0,4,4,0,0
CARRIER_B,2025-07-03 12:00,GWANGYANG,20FT,0,0,0,0,4,4,0,0
CARRIER_B,2025-07-03 13:00,GWANGYANG,20FT,0,1,0,0,5,5,0,0
CARRIER_B,2025-07-03 14:00,GWANGYANG,20FT,0,0,0,0,5,5,0,0
CARRIER_B,2025-07-03 15:00,GWANGYANG,20FT,0,0,0,0,5,5,0,0
CARRIER_B,2025-07-03 16:00,GWANGYANG,20FT,0,0,0,0,5,5,0,0
CARRIER_B,2025-07-03 17:00,GWANGYANG,20FT,0,0,0,0,5,5,0,0
CARRIER_B,2025-07-03 18:00,GWANGYANG,20FT,0,1,0,0,6,6,0,0
CARRIER_B,2025-07-03 19:00,GWANGYANG,20FT,0,0,0,0,6,6,0,0
CARRIER_B,2025-07-03 20:00,GWANGYANG,20FT,0,0,0,0,6,6,0,0
CARRIER_B,2025-07-03 21:00,GWANGYANG,20FT,0,0,0,0,6,6,0,0
CARRIER_B,2025-07-03 22:00,GWANGYANG,20FT,0,0,0,0,6,6,0,0
CARRIER_B,2025-07-03 23:00,GWANGYANG,20FT,0,0,0,0,6,6,0,0
CARRIER_B,2025-07-04 00:00,GWANGYANG,20FT,0,0,0,0,6,6,0,0
CARRIER_B,2025-07-04 01:00,GWANGYANG,20FT,0,0,0,0,6,6,0,0
CARRIER_B,2025-07-04 02:00,GWANGYANG,20FT,0,0,0,0,6,6,0,0
CARRIER_B,2025-07-04 03:00,GWANGYANG,20FT,0,0,0,0,6,6,0,0
CARRIER_B,2025-07-04 04:00,GWANGYANG,20FT,0,0,0,0,6,6,0,0
CARRIER_B,2025-07-04 05:00,GWANGYANG,20FT,0,0,0,0,6,6,0,0
CARRIER_B,2025-07-04 06:00,GWANGYANG,20FT,0,0,0,0,6,6,0,0
CARRIER_B,2025-07-04 07:00,GWANGYANG,20FT,1,0,0,0,5,5,0,0
CARRIER_B,2025-07-04 08:00,GWANGYANG,20FT,0,0,0,0,5,5,0,0
CARRIER_B,2025-07-04 09:00,GWANGYANG,20FT,0,0,0,0,5,5,0,0
CARRIER_B,2025-07-04 10:00,GWANGYANG,20FT,0,0,0,0,5,5,0,0
CARRIER_B,2025-07-04 11:00,GWANGYANG,20FT,0,0,0,0,5,5,0,0
CARRIER_B,2025-07-04 12:00,GWANGYANG,20FT,1,0,0,0,4,4,0,0
CARRIER_B,2025-07-04 13:00,GWANGYANG,20FT,0,0,0,0,4,4,0,0
CARRIER_B,2025-07-04 14:00,GWANGYANG,20FT,0,0,0,0,4,4,0,0
CARRIER_B,2025-07-04 15:00,GWANGYANG,20FT,0,0,0,0,4,4,0,0
CARRIER_B,2025-07-04 16:00,GWANGYANG,20FT,0,0,0,0,4,4,0,0
CARRIER_B,2025-07-04 17:00,GWANGYANG,20FT,1,0,0,0,3,3,0,0
CARRIER_B,2025-07-04 18:00,GWANGYANG,20FT,0,1,0,0,4,4,0,0
CARRIER_B,2025-07-04 19:00,GWANGYANG,20FT,0,0,0,0,4,4,0,0
CARRIER_B,2025-07-04 20:00,GWANGYANG,20FT,0,0,0,0,4,4,0,0
CARRIER_B,2025-07-04 21:00,GWANGYANG,20FT,0,0,0,0,4,4,0,0
CARRIER_B,2025-07-04 22:00,GWANGYANG,20FT,0,0,0,0,4,4,0,0
CARRIER_B,2025-07-04 23:00,GWANGYANG,20FT,0,0,0,0,4,4,0,0
CARRIER_B,2025-07-05 00:00,GWANGYANG,20FT,0,0,0,0,4,4,0,0
CARRIER_B,2025-07-05 01:00,GWANGYANG,20FT,0,0,0,0,4,4,0,0
CARRIER_B,2025-07-05 02:00,GWANGYANG,20FT,0,0,0,0,4,4,0,0
CARRIER_B,2025-07-05 03:00,GWANGYANG,20FT,0,0,0,0,4,4,0,0
CARRIER_B,2025-07-05 04:00,GWANGYANG,20FT,0,0,0,0,4,4,0,0
CARRIER_B,2025-07-05 05:00,GWANGYANG,20FT,0,0,0,0,4,4,0,0
CARRIER_B,2025-07-05 06:00,GWANGYANG,20FT,1,0,0,0,3,3,0,0
CARRIER_B,2025-07-05 07:00,GWANGYANG,20FT,0,0,0,0,3,3,0,0
CARRIER_B,2025-07-05 08:00,GWANGYANG,20FT,0,1,0,0,4,4,0,0
CARRIER_B,2025-07-05 09:00,GWANGYANG,20FT,0,0,0,0,4,4,0,0
CARRIER_B,2025-07-05 10:00,GWANGYANG,20FT,1,0,0,0,3,3,0,0
CARRIER_B,2025-07-05 11:00,GWANGYANG,20FT,0,0,0,0,3,3,0,0
CARRIER_B,2025-07-05 12:00,GWANGYANG,20FT,0,0,0,0,3,3,0,0
CARRIER_B,2025-07-05 13:00,GWANGYANG,20FT,0,0,0,0,3,3,0,0
CARRIER_B,2025-07-05 14:00,GWANGYANG,20FT,0,0,0,0,3,3,0,0
CARRIER_B,2025-07-05 15:00,GWANGYANG,20FT,1,0,0,0,2,2,0,0
CARRIER_B,2025-07-05 16:00,GWANGYANG,20FT,0,0,0,0,2,2,0,0
CARRIER_B,2025-07-05 17:00,GWANGYANG,20FT,0,0,0,0,2,2,0,0
CARRIER_B,2025-07-05 18:00,GWANGYANG,20FT,0,0,0,0,2,2,0,0
CARRIER_B,2025-07-05 19:00,GWANGYANG,20FT,0,0,0,0,2,2,0,0
CARRIER_B,2025-07-05 20:00,GWANGYANG,20FT,0,0,0,0,2,2,0,0
CARRIER_B,2025-07-05 21:00,GWANGYANG,20FT,0,0,0,0,2,2,0,0
CARRIER_B,2025-07-05 22:00,GWANGYANG,20FT,0,0,0,0,2,2,0,0
CARRIER_B,2025-07-05 23:00,GWANGYANG,20FT,0,0,0,0,2,2,0,0
CARRIER_B,2025-07-06 00:00,GWANGYANG,20FT,0,0,0,0,2,2,0,0
CARRIER_B,2025-07-06 01:00,GWANGYANG,20FT,0,0,0,0,2,2,0,0
CARRIER_B,2025-07-06 02:00,GWANGYANG,20FT,0,0,0,0,2,2,0,0
CARRIER_B,2025-07-06 03:00,GWANGYANG,20FT,0,0,0,0,2,2,0,0
CARRIER_B,2025-07-06 04:00,GWANGYANG,20FT,0,0,0,0,2,2,0,0
CARRIER_B,2025-07-06 05:00,GWANGYANG,20FT,0,0,0,0,2,2,0,0
CARRIER_B,2025-07-06 06:00,GWANGYANG,20FT,0,0,0,0,2,2,0,0
CARRIER_B,2025-07-06 07:00,GWANGYANG,20FT,0,1,0,0,3,3,0,0
CARRIER_B,2025-07-06 08:00,GWANGYANG,20FT,0,0,0,0,3,3,0,0
CARRIER_B,2025-07-06 09:00,GWANGYANG,20FT,0,0,0,0,3,3,0,0
CARRIER_B,2025-07-06 10:00,GWANGYANG,20FT,0,0,0,0,3,3,0,0
CARRIER_B,2025-07-06 11:00,GWANGYANG,20FT,1,0,0,0,2,2,0,0
CARRIER_B,2025-07-06 12:00,GWANGYANG,20FT,0,0,0,0,2,2,0,0
CARRIER_B,2025-07-06 13:00,GWANGYANG,20FT,0,0,0,0,2,2,0,0
CARRIER_B,2025-07-06 14:00,GWANGYANG,20FT,0,0,0,0,2,2,0,0
CARRIER_B,2025-07-06 15:00,GWANGYANG,20FT,0,1,0,0,3,3,0,0
CARRIER_B,2025-07-06 16:00,GWANGYANG,20FT,0,0,0,0,3,3,0,0
CARRIER_B,2025-07-06 17:00,GWANGYANG,20FT,0,0,0,0,3,3,0,0
CARRIER_B,2025-07-06 18:00,GWANGYANG,20FT,0,0,0,0,3,3,0,0
CARRIER_B,2025-07-06 19:00,GWANGYANG,20FT,0,0,0,0,3,3,0,0
CARRIER_B,2025-07-06 20:00,GWANGYANG,20FT,0,0,0,0,3,3,0,0
CARRIER_B,2025-07-06 21:00,GWANGYANG,20FT,0,0,0,0,3,3,0,0
CARRIER_B,2025-07-06 22:00,GWANGYANG,20FT,0,0,0,0,3,3,0,0
CARRIER_B,2025-07-06 23:00,GWANGYANG,20FT,0,0,0,0,3,3,0,0
CARRIER_B,2025-07-07 00:00,GWANGYANG,20FT,0,0,0,0,3,3,0,0
CARRIER_B,2025-07-07 01:00,GWANGYANG,20FT,0,0,0,0,3,3,0,0
CARRIER_B,2025-07-07 02:00,GWANGYANG,20FT,0,0,0,0,3,3,0,0
CARRIER_B,2025-07-07 03:00,GWANGYANG,20FT,0,0,0,0,3,3,0,0
CARRIER_B,2025-07-07 04:00,GWANGYANG,20FT,0,0,0,0,3,3,0,0
CARRIER_B,2025-07-07 05:00,GWANGYANG,20FT,0,0,0,0,3,3,0,0
CARRIER_B,2025-07-07 06:00,GWANGYANG,20FT,0,0,0,0,3,3,0,0
CARRIER_B,2025-07-07 07:00,GWANGYANG,20FT,0,0,0,0,3,3,0,0
CARRIER_B,2025-07-07 08:00,GWANGYANG,20FT,0,0,0,0,3,3,0,0
CARRIER_B,2025-07-07 09:00,GWANGYANG,20FT,1,0,0,0,2,2,0,0
CARRIER_B,2025-07-07 10:00,GWANGYANG,20FT,0,0,0,0,2,2,0,0
CARRIER_B,2025-07-07 11:00,GWANGYANG,20FT,0,0,0,0,2,2,0,0
CARRIER_B,2025-07-07 12:00,GWANGYANG,20FT,0,0,0,0,2,2,0,0
CARRIER_B,2025-07-07 13:00,GWANGYANG,20FT,0,0,0,0,2,2,0,0
CARRIER_B,2025-07-07 14:00,GWANGYANG,20FT,0,0,0,0,2,2,0,0
CARRIER_B,2025-07-07 15:00,GWANGYANG,20FT,0,0,0,0,2,2,0,0
CARRIER_B,2025-07-07 16:00,GWANGYANG,20FT,0,0,0,0,2,2,0,0
CARRIER_B,2025-07-07 17:00,GWANGYANG,20FT,0,0,0,0,2,2,0,0
CARRIER_B,2025-07-07 18:00,GWANGYANG,20FT,0,0,0,0,2,2,0,0
CARRIER_B,2025-07-07 19:00,GWANGYANG,20FT,0,0,0,0,2,2,0,0
CARRIER_B,2025-07-07 20:00,GWANGYANG,20FT,0,0,0,0,2,2,0,0
CARRIER_B,2025-07-07 21:00,GWANGYANG,20FT,0,0,0,0,2,2,0,0
CARRIER_B,2025-07-07 22:00,GWANGYANG,20FT,0,0,0,0,2,2,0,0
CARRIER_B,2025-07-07 23:00,GWANGYANG,20FT,0,0,0,0,2,2,0,0
CARRIER_B,2025-07-01 00:00,GWANGYANG,40FT,0,0,0,0,2,2,0,0
CARRIER_B,2025-07-01 01:00,GWANGYANG,40FT,0,0,0,0,2,2,0,0
CARRIER_B,2025-07-01 02:00,GWANGYANG,40FT,0,0,0,0,2,2,0,0
CARRIER_B,2025-07-01 03:00,GWANGYANG,40FT,0,0,0,0,2,2,0,0
CARRIER_B,2025-07-01 04:00,GWANGYANG,40FT,0,0,0,0,2,2,0,0
CARRIER_B,2025-07-01 05:00,GWANGYANG,40FT,0,0,0,0,2,2,0,0
CARRIER_B,2025-07-01 06:00,GWANGYANG,40FT,0,0,0,0,2,2,0,0
CARRIER_B,2025-07-01 07:00,GWANGYANG,40FT,0,0,0,0,2,2,0,0
CARRIER_B,2025-07-01 08:00,GWANGYANG,40FT,0,0,0,0,2,2,0,0
CARRIER_B,2025-07-01 09:00,GWANGYANG,40FT,0,0,0,0,2,2,0,0
CARRIER_B,2025-07-01 10:00,GWANGYANG,40FT,0,0,0,0,2,2,0,0
CARRIER_B,2025-07-01 11:00,GWANGYANG,40FT,0,0,0,0,2,2,0,0
CARRIER_B,2025-07-01 12:00,GWANGYANG,40FT,0,0,0,0,2,2,0,0
CARRIER_B,2025-07-01 13:00,GWANGYANG,40FT,0,0,0,0,2,2,0,0
CARRIER_B,2025-07-01 14:00,GWANGYANG,40FT,0,0,0,0,2,2,0,0
CARRIER_B,2025-07-01 15:00,GWANGYANG,40FT,0,0,0,0,2,2,0,0
CARRIER_B,2025-07-01 16:00,GWANGYANG,40FT,0,0,0,0,2,2,0,0
CARRIER_B,2025-07-01 17:00,GWANGYANG,40FT,0,0,0,0,2,2,0,0
CARRIER_B,2025-07-01 18:00,GWANGYANG,40FT,0,0,0,0,2,2,0,0
CARRIER_B,2025-07-01 19:00,GWANGYANG,40FT,0,0,0,0,2,2,0,0
CARRIER_B,2025-07-01 20:00,GWANGYANG,40FT,0,0,0,0,2,2,0,0
CARRIER_B,2025-07-01 21:00,GWANGYANG,40FT,0,0,0,0,2,2,0,0
CARRIER_B,2025-07-01 22:00,GWANGYANG,40FT,0,0,0,0,2,2,0,0
CARRIER_B,2025-07-01 23:00,GWANGYANG,40FT,0,0,0,0,2,2,0,0
CARRIER_B,2025-07-02 00:00,GWANGYANG,40FT,0,0,0,0,2,2,0,0
CARRIER_B,2025-07-02 01:00,GWANGYANG,40FT,0,0,0,0,2,2,0,0
CARRIER_B,2025-07-02 02:00,GWANGYANG,40FT,0,0,0,0,2,2,0,0
CARRIER_B,2025-07-02 03:00,GWANGYANG,40FT,0,0,0,0,2,2,0,0
CARRIER_B,2025-07-02 04:00,GWANGYANG,40FT,0,0,0,0,2,2,0,0
CARRIER_B,2025-07-02 05:00,GWANGYANG,40FT,0,0,0,0,2,2,0,0
CARRIER_B,2025-07-02 06:00,GWANGYANG,40FT,0,0,0,0,2,2,0,0
CARRIER_B,2025-07-02 07:00,GWANGYANG,40FT,0,0,0,0,2,2,0,0
CARRIER_B,2025-07-02 08:00,GWANGYANG,40FT,0,0,0,0,2,2,0,0
CARRIER_B,2025-07-02 09:00,GWANGYANG,40FT,0,0,0,0,2,2,0,0
CARRIER_B,2025-07-02 10:00,GWANGYANG,40FT,0,0,0,0,2,2,0,0
CARRIER_B,2025-07-02 11:00,GWANGYANG,40FT,0,0,0,0,2,2,0,0
CARRIER_B,2025-07-02 12:00,GWANGYANG,40FT,0,0,0,0,2,2,0,0
CARRIER_B,2025-07-02 13:00,GWANGYANG,40FT,0,0,0,0,2,2,0,0
CARRIER_B,2025-07-02 14:00,GWANGYANG,40FT,0,0,0,0,2,2,0,0
CARRIER_B,2025-07-02 15:00,GWANGYANG,40FT,0,0,0,0,2,2,0,0
CARRIER_B,2025-07-02 16:00,GWANGYANG,40FT,0,0,0,0,2,2,0,0
CARRIER_B,2025-07-02 17:00,GWANGYANG,40FT,0,0,0,0,2,2,0,0
CARRIER_B,2025-07-02 18:00,GWANGYANG,40FT,0,0,0,0,2,2,0,0
CARRIER_B,2025-07-02 19:00,GWANGYANG,40FT,0,0,0,0,2,2,0,0
CARRIER_B,2025-07-02 20:00,GWANGYANG,40FT,0,0,0,0,2,2,0,0
CARRIER_B,2025-07-02 21:00,GWANGYANG,40FT,0,0,0,0,2,2,0,0
CARRIER_B,2025-07-02 22:00,GWANGYANG,40FT,0,0,0,0,2,2,0,0
CARRIER_B,2025-07-02 23:00,GWANGYANG,40FT,0,0,0,0,2,2,0,0
CARRIER_B,2025-07-03 00:00,GWANGYANG,40FT,0,0,0,0,2,2,0,0
CARRIER_B,2025-07-03 01:00,GWANGYANG,40FT,0,0,0,0,2,2,0,0
CARRIER_B,2025-07-03 02:00,GWANGYANG,40FT,0,0,0,0,2,2,0,0
CARRIER_B,2025-07-03 03:00,GWANGYANG,40FT,0,0,0,0,2,2,0,0
CARRIER_B,2025-07-03 04:00,GWANGYANG,40FT,0,0,0,0,2,2,0,0
CARRIER_B,2025-07-03 05:00,GWANGYANG,40FT,0,0,0,0,2,2,0,0
CARRIER_B,2025-07-03 06:00,GWANGYANG,40FT,0,0,0,0,2,2,0,0
CARRIER_B,2025-07-03 07:00,GWANGYANG,40FT,0,1,0,0,3,3,0,0
CARRIER_B,2025-07-03 08:00,GWANGYANG,40FT,0,0,0,0,3,3,0,0
CARRIER_B,2025-07-03 09:00,GWANGYANG,40FT,0,0,0,0,3,3,0,0
CARRIER_B,2025-07-03 10:00,GWANGYANG,40FT,1,0,0,0,2,2,0,0
CARRIER_B,2025-07-03 11:00,GWANGYANG,40FT,0,1,0,0,3,3,0,0
CARRIER_B,2025-07-03 12:00,GWANGYANG,40FT,0,1,0,0,4,4,0,0
CARRIER_B,2025-07-03 13:00,GWANGYANG,40FT,0,0,0,0,4,4,0,0
CARRIER_B,2025-07-03 14:00,GWANGYANG,40FT,0,0,0,0,4,4,0,0
CARRIER_B,2025-07-03 15:00,GWANGYANG,40FT,0,1,0,0,5,5,0,0
CARRIER_B,2025-07-03 16:00,GWANGYANG,40FT,0,0,0,0,5,5,0,0
CARRIER_B,2025-07-03 17:00,GWANGYANG,40FT,0,0,0,0,5,5,0,0
CARRIER_B,2025-07-03 18:00,GWANGYANG,40FT,0,0,0,0,5,5,0,0
CARRIER_B,2025-07-03 19:00,GWANGYANG,40FT,0,0,0,0,5,5,0,0
CARRIER_B,2025-07-03 20:00,GWANGYANG,40FT,0,1,0,0,6,6,0,0
CARRIER_B,2025-07-03 21:00,GWANGYANG,40FT,0,0,0,0,6,6,0,0
CARRIER_B,2025-07-03 22:00,GWANGYANG,40FT,0,0,0,0,6,6,0,0
CARRIER_B,2025-07-03 23:00,GWANGYANG,40FT,0,0,0,0,6,6,0,0
CARRIER_B,2025-07-04 00:00,GWANGYANG,40FT,0,0,0,0,6,6,0,0
CARRIER_B,2025-07-04 01:00,GWANGYANG,40FT,0,0,0,0,6,6,0,0
CARRIER_B,2025-07-04 02:00,GWANGYANG,40FT,0,0,0,0,6,6,0,0
CARRIER_B,2025-07-04 03:00,GWANGYANG,40FT,0,0,0,0,6,6,0,0
CARRIER_B,2025-07-04 04:00,GWANGYANG,40FT,0,0,0,0,6,6,0,0
CARRIER_B,2025-07-04 05:00,GWANGYANG,40FT,0,0,0,0,6,6,0,0
CARRIER_B,2025-07-04 06:00,GWANGYANG,40FT,0,0,0,0,6,6,0,0
CARRIER_B,2025-07-04 07:00,GWANGYANG,40FT,0,0,0,0,6,6,0,0
CARRIER_B,2025-07-04 08:00,GWANGYANG,40FT,0,0,0,0,6,6,0,0
CARRIER_B,2025-07-04 09:00,GWANGYANG,40FT,0,0,0,0,6,6,0,0
CARRIER_B,2025-07-04 10:00,GWANGYANG,40FT,0,0,0,0,6,6,0,0
CARRIER_B,2025-07-04 11:00,GWANGYANG,40FT,0,0,0,0,6,6,0,0
CARRIER_B,2025-07-04 12:00,GWANGYANG,40FT,0,0,0,0,6,6,0,0
CARRIER_B,2025-07-04 13:00,GWANGYANG,40FT,0,0,0,0,6,6,0,0
CARRIER_B,2025-07-04 14:00,GWANGYANG,40FT,1,0,0,0,5,5,0,0
CARRIER_B,2025-07-04 15:00,GWANGYANG,40FT,0,0,0,0,5,5,0,0
CARRIER_B,2025-07-04 16:00,GWANGYANG,40FT,0,0,0,0,5,5,0,0
CARRIER_B,2025-07-04 17:00,GWANGYANG,40FT,0,0,0,0,5,5,0,0
CARRIER_B,2025-07-04 18:00,GWANGYANG,40FT,0,0,0,0,5,5,0,0
CARRIER_B,2025-07-04 19:00,GWANGYANG,40FT,0,0,0,0,5,5,0,0
CARRIER_B,2025-07-04 20:00,GWANGYANG,40FT,0,0,0,0,5,5,0,0
CARRIER_B,2025-07-04 21:00,GWANGYANG,40FT,0,0,0,0,5,5,0,0
CARRIER_B,2025-07-04 22:00,GWANGYANG,40FT,0,0,0,0,5,5,0,0
CARRIER_B,2025-07-04 23:00,GWANGYANG,40FT,0,0,0,0,5,5,0,0
CARRIER_B,2025-07-05 00:00,GWANGYANG,40FT,0,0,0,0,5,5,0,0
CARRIER_B,2025-07-05 01:00,GWANGYANG,40FT,0,0,0,0,5,5,0,0
CARRIER_B,2025-07-05 02:00,GWANGYANG,40FT,0,0,0,0,5,5,0,0
CARRIER_B,2025-07-05 03:00,GWANGYANG,40FT,0,0,0,0,5,5,0,0
CARRIER_B,2025-07-05 04:00,GWANGYANG,40FT,0,0,0,0,5,5,0,0
CARRIER_B,2025-07-05 05:00,GWANGYANG,40FT,0,0,0,0,5,5,0,0
CARRIER_B,2025-07-05 06:00,GWANGYANG,40FT,0,0,0,0,5,5,0,0
CARRIER_B,2025-07-05 07:00,GWANGYANG,40FT,0,0,0,0,5,5,0,0
CARRIER_B,2025-07-05 08:00,GWANGYANG,40FT,0,0,0,0,5,5,0,0
CARRIER_B,2025-07-05 09:00,GWANGYANG,40FT,0,0,0,0,5,5,0,0
CARRIER_B,2025-07-05 10:00,GWANGYANG,40FT,0,0,0,0,5,5,0,0
CARRIER_B,2025-07-05 11:00,GWANGYANG,40FT,0,0,0,0,5,5,0,0
CARRIER_B,2025-07-05 12:00,GWANGYANG,40FT,0,0,0,0,5,5,0,0
CARRIER_B,2025-07-05 13:00,GWANGYANG,40FT,0,0,0,0,5,5,0,0
CARRIER_B,2025-07-05 14:00,GWANGYANG,40FT,0,0,0,0,5,5,0,0
CARRIER_B,2025-07-05 15:00,GWANGYANG,40FT,1,0,0,0,4,4,0,0
CARRIER_B,2025-07-05 16:00,GWANGYANG,40FT,0,0,0,0,4,4,0,0
CARRIER_B,2025-07-05 17:00,GWANGYANG,40FT,0,0,0,0,4,4,0,0
CARRIER_B,2025-07-05 18:00,GWANGYANG,40FT,0,0,0,0,4,4,0,0
CARRIER_B,2025-07-05 19:00,GWANGYANG,40FT,0,0,0,0,4,4,0,0
CARRIER_B,2025-07-05 20:00,GWANGYANG,40FT,0,0,0,0,4,4,0,0
CARRIER_B,2025-07-05 21:00,GWANGYANG,40FT,0,0,0,0,4,4,0,0
CARRIER_B,2025-07-05 22:00,GWANGYANG,40FT,0,0,0,0,4,4,0,0
CARRIER_B,2025-07-05 23:00,GWANGYANG,40FT,0,0,0,0,4,4,0,0
CARRIER_B,2025-07-06 00:00,GWANGYANG,40FT,0,0,0,0,4,4,0,0
CARRIER_B,2025-07-06 01:00,GWANGYANG,40FT,0,0,0,0,4,4,0,0
CARRIER_B,2025-07-06 02:00,GWANGYANG,40FT,0,0,0,0,4,4,0,0
CARRIER_B,2025-07-06 03:00,GWANGYANG,40FT,0,0,0,0,4,4,0,0
CARRIER_B,2025-07-06 04:00,GWANGYANG,40FT,0,0,0,0,4,4,0,0
CARRIER_B,2025-07-06 05:00,GWANGYANG,40FT,0,0,0,0,4,4,0,0
CARRIER_B,2025-07-06 06:00,GWANGYANG,40FT,0,0,0,0,4,4,0,0
CARRIER_B,2025-07-06 07:00,GWANGYANG,40FT,0,0,0,0,4,4,0,0
CARRIER_B,2025-07-06 08:00,GWANGYANG,40FT,0,0,0,0,4,4,0,0
CARRIER_B,2025-07-06 09:00,GWANGYANG,40FT,0,0,0,0,4,4,0,0
CARRIER_B,2025-07-06 10:00,GWANGYANG,40FT,0,0,0,0,4,4,0,0
CARRIER_B,2025-07-06 11:00,GWANGYANG,40FT,0,0,0,0,4,4,0,0
CARRIER_B,2025-07-06 12:00,GWANGYANG,40FT,0,0,0,0,4,4,0,0
CARRIER_B,2025-07-06 13:00,GWANGYANG,40FT,0,0,0,0,4,4,0,0
CARRIER_B,2025-07-06 14:00,GWANGYANG,40FT,0,0,0,0,4,4,0,0
CARRIER_B,2025-07-06 15:00,GWANGYANG,40FT,0,0,0,0,4,4,0,0
CARRIER_B,2025-07-06 16:00,GWANGYANG,40FT,0,0,0,0,4,4,0,0
CARRIER_B,2025-07-06 17:00,GWANGYANG,40FT,0,0,0,0,4,4,0,0
CARRIER_B,2025-07-06 18:00,GWANGYANG,40FT,0,0,0,0,4,4,0,0
CARRIER_B,2025-07-06 19:00,GWANGYANG,40FT,0,0,0,0,4,4,0,0
CARRIER_B,2025-07-06 20:00,GWANGYANG,40FT,0,0,0,0,4,4,0,0
CARRIER_B,2025-07-06 21:00,GWANGYANG,40FT,0,0,0,0,4,4,0,0
CARRIER_B,2025-07-06 22:00,GWANGYANG,40FT,0,0,0,0,4,4,0,0
CARRIER_B,2025-07-06 23:00,GWANGYANG,40FT,0,0,0,0,4,4,0,0
CARRIER_B,2025-07-07 00:00,GWANGYANG,40FT,0,0,0,0,4,4,0,0
CARRIER_B,2025-07-07 01:00,GWANGYANG,40FT,0,0,0,0,4,4,0,0
CARRIER_B,2025-07-07 02:00,GWANGYANG,40FT,0,0,0,0,4,4,0,0
CARRIER_B,2025-07-07 03:00,GWANGYANG,40FT,0,0,0,0,4,4,0,0
CARRIER_B,2025-07-07 04:00,GWANGYANG,40FT,0,0,0,0,4,4,0,0
CARRIER_B,2025-07-07 05:00,GWANGYANG,40FT,0,0,0,0,4,4,0,0
CARRIER_B,2025-07-07 06:00,GWANGYANG,40FT,0,0,0,0,4,4,0,0
CARRIER_B,2025-07-07 07:00,GWANGYANG,40FT,0,0,0,0,4,4,0,0
CARRIER_B,2025-07-07 08:00,GWANGYANG,40FT,0,0,0,0,4,4,0,0
CARRIER_B,2025-07-07 09:00,GWANGYANG,40FT,0,0,0,0,4,4,0,0
CARRIER_B,2025-07-07 10:00,GWANGYANG,40FT,0,0,0,0,4,4,0,0
CARRIER_B,2025-07-07 11:00,GWANGYANG,40FT,0,0,0,0,4,4,0,0
CARRIER_B,2025-07-07 12:00,GWANGYANG,40FT,0,0,0,0,4,4,0,0
CARRIER_B,2025-07-07 13:00,GWANGYANG,40FT,0,0,0,0,4,4,0,0
CARRIER_B,2025-07-07 14:00,GWANGYANG,40FT,0,0,0,0,4,4,0,0
CARRIER_B,2025-07-07 15:00,GWANGYANG,40FT,0,0,0,0,4,4,0,0
CARRIER_B,2025-07-07 16:00,GWANGYANG,40FT,0,0,0,0,4,4,0,0
CARRIER_B,2025-07-07 17:00,GWANGYANG,40FT,0,0,0,0,4,4,0,0
CARRIER_B,2025-07-07 18:00,GWANGYANG,40FT,0,0,0,0,4,4,0,0
CARRIER_B,2025-07-07 19:00,GWANGYANG,40FT,0,0,0,0,4,4,0,0
CARRIER_B,2025-07-07 20:00,GWANGYANG,40FT,0,0,0,0,4,4,0,0
CARRIER_B,2025-07-07 21:00,GWANGYANG,40FT,0,0,0,0,4,4,0,0
CARRIER_B,2025-07-07 22:00,GWANGYANG,40FT,0,0,0,0,4,4,0,0
CARRIER_B,2025-07-07 23:00,GWANGYANG,40FT,0,0,0,0,4,4,0,0
CARRIER_B,2025-07-01 00:00,UIWANG,20FT,0,0,0,0,22,22,0,0
CARRIER_B,2025-07-01 01:00,UIWANG,20FT,0,0,0,0,22,22,0,0
CARRIER_B,2025-07-01 02:00,UIWANG,20FT,0,0,0,0,22,22,0,0
CARRIER_B,2025-07-01 03:00,UIWANG,20FT,0,0,0,0,22,22,0,0
CARRIER_B,2025-07-01 04:00,UIWANG,20FT,0,0,0,0,22,22,0,0
CARRIER_B,2025-07-01 05:00,UIWANG,20FT,0,1,0,0,23,23,0,0
CARRIER_B,2025-07-01 06:00,UIWANG,20FT,0,0,0,0,23,23,0,0
CARRIER_B,2025-07-01 07:00,UIWANG,20FT,0,0,0,0,23,23,0,0
CARRIER_B,2025-07-01 08:00,UIWANG,20FT,1,0,0,0,22,22,0,0
CARRIER_B,2025-07-01 09:00,UIWANG,20FT,0,0,0,0,22,22,0,0
CARRIER_B,2025-07-01 10:00,UIWANG,20FT,0,3,0,0,25,25,0,0
CARRIER_B,2025-07-01 11:00,UIWANG,20FT,2,3,0,0,26,26,0,0
CARRIER_B,2025-07-01 12:00,UIWANG,20FT,0,3,0,0,29,29,0,0
CARRIER_B,2025-07-01 13:00,UIWANG,20FT,0,1,0,0,30,30,0,0
CARRIER_B,2025-07-01 14:00,UIWANG,20FT,0,3,0,0,33,33,0,0
CARRIER_B,2025-07-01 15:00,UIWANG,20FT,1,2,0,14,34,20,0,0
CARRIER_B,2025-07-01 16:00,UIWANG,20FT,1,2,0,0,35,21,0,0
CARRIER_B,2025-07-01 17:00,UIWANG,20FT,0,1,0,0,36,22,0,0
CARRIER_B,2025-07-01 18:00,UIWANG,20FT,0,3,0,0,39,25,0,0
CARRIER_B,2025-07-01 19:00,UIWANG,20FT,0,0,0,0,39,25,0,0
CARRIER_B,2025-07-01 20:00,UIWANG,20FT,0,1,0,0,40,26,0,0
CARRIER_B,2025-07-01 21:00,UIWANG,20FT,0,0,0,0,40,26,0,0
CARRIER_B,2025-07-01 22:00,UIWANG,20FT,0,0,0,0,40,26,0,0
CARRIER_B,2025-07-01 23:00,UIWANG,20FT,0,0,0,0,40,26,0,0
CARRIER_B,2025-07-02 00:00,UIWANG,20FT,0,0,0,0,40,26,0,0
CARRIER_B,2025-07-02 01:00,UIWANG,20FT,0,0,0,0,40,26,0,0
CARRIER_B,2025-07-02 02:00,UIWANG,20FT,0,0,0,0,40,26,0,0
CARRIER_B,2025-07-02 03:00,UIWANG,20FT,0,0,0,0,40,26,0,0
CARRIER_B,2025-07-02 04:00,UIWANG,20FT,0,0,0,0,40,26,0,0
CARRIER_B,2025-07-02 05:00,UIWANG,20FT,1,0,0,0,39,25,0,0
CARRIER_B,2025-07-02 06:00,UIWANG,20FT,0,0,0,0,39,25,0,0
CARRIER_B,2025-07-02 07:00,UIWANG,20FT,1,0,0,0,38,24,0,0
CARRIER_B,2025-07-02 08:00,UIWANG,20FT,0,0,0,0,38,24,0,0
CARRIER_B,2025-07-02 09:00,UIWANG,20FT,3,1,0,0,36,22,0,0
CARRIER_B,2025-07-02 10:00,UIWANG,20FT,1,2,0,0,37,23,0,0
CARRIER_B,2025-07-02 11:00,UIWANG,20FT,0,2,0,0,39,25,0,0
CARRIER_B,2025-07-02 12:00,UIWANG,20FT,0,1,0,0,40,26,0,0
CARRIER_B,2025-07-02 13:00,UIWANG,20FT,0,1,0,0,41,27,0,0
CARRIER_B,2025-07-02 14:00,UIWANG,20FT,1,0,0,0,40,26,0,0
CARRIER_B,2025-07-02 15:00,UIWANG,20FT,0,2,0,0,42,28,0,0
CARRIER_B,2025-07-02 16:00,UIWANG,20FT,0,2,0,0,44,30,0,0
CARRIER_B,2025-07-02 17:00,UIWANG,20FT,0,3,0,0,47,33,0,0
CARRIER_B,2025-07-02 18:00,UIWANG,20FT,0,1,0,0,48,34,0,0
CARRIER_B,2025-07-02 19:00,UIWANG,20FT,0,0,0,0,48,34,0,0
CARRIER_B,2025-07-02 20:00,UIWANG,20FT,0,1,0,0,49,35,0,0
CARRIER_B,2025-07-02 21:00,UIWANG,20FT,0,1,0,0,50,36,0,0
CARRIER_B,2025-07-02 22:00,UIWANG,20FT,0,0,0,0,50,36,0,0
CARRIER_B,2025-07-02 23:00,UIWANG,20FT,0,0,0,0,50,36,0,0
CARRIER_B,2025-07-03 00:00,UIWANG,20FT,0,0,0,0,50,36,0,0
CARRIER_B,2025-07-03 01:00,UIWANG,20FT,0,0,0,0,50,36,0,0
CARRIER_B,2025-07-03 02:00,UIWANG,20FT,0,0,0,0,50,36,0,0
CARRIER_B,2025-07-03 03:00,UIWANG,20FT,0,0,0,0,50,36,0,0
CARRIER_B,2025-07-03 04:00,UIWANG,20FT,0,0,0,0,50,36,0,0
CARRIER_B,2025-07-03 05:00,UIWANG,20FT,0,1,0,0,51,37,0,0
CARRIER_B,2025-07-03 06:00,UIWANG,20FT,0,0,0,0,51,37,0,0
CARRIER_B,2025-07-03 07:00,UIWANG,20FT,1,0,0,0,50,36,0,0
CARRIER_B,2025-07-03 08:00,UIWANG,20FT,0,0,0,0,50,36,0,0
CARRIER_B,2025-07-03 09:00,UIWANG,20FT,0,0,0,0,50,36,0,0
CARRIER_B,2025-07-03 10:00,UIWANG,20FT,0,1,0,0,51,37,0,0
CARRIER_B,2025-07-03 11:00,UIWANG,20FT,1,2,0,0,52,38,0,0
CARRIER_B,2025-07-03 12:00,UIWANG,20FT,0,1,0,0,53,39,0,0
CARRIER_B,2025-07-03 13:00,UIWANG,20FT,1,3,0,0,55,41,0,0
CARRIER_B,2025-07-03 14:00,UIWANG,20FT,0,3,0,0,58,44,0,0
CARRIER_B,2025-07-03 15:00,UIWANG,20FT,0,2,0,3,60,43,0,0
CARRIER_B,2025-07-03 16:00,UIWANG,20FT,0,3,0,0,63,46,0,0
CARRIER_B,2025-07-03 17:00,UIWANG,20FT,0,2,0,0,65,48,0,0
CARRIER_B,2025-07-03 18:00,UIWANG,20FT,0,0,0,0,65,48,0,0
CARRIER_B,2025-07-03 19:00,UIWANG,20FT,0,1,0,0,66,49,0,0
CARRIER_B,2025-07-03 20:00,UIWANG,20FT,0,0,0,0,66,49,0,0
CARRIER_B,2025-07-03 21:00,UIWANG,20FT,0,0,0,0,66,49,0,0
CARRIER_B,2025-07-03 22:00,UIWANG,20FT,0,0,0,0,66,49,0,0
CARRIER_B,2025-07-03 23:00,UIWANG,20FT,0,0,0,0,66,49,0,0
CARRIER_B,2025-07-04 00:00,UIWANG,20FT,0,0,0,0,66,49,0,0
CARRIER_B,2025-07-04 01:00,UIWANG,20FT,0,0,0,0,66,49,0,0
CARRIER_B,2025-07-04 02:00,UIWANG,20FT,0,0,0,0,66,49,0,0
CARRIER_B,2025-07-04 03:00,UIWANG,20FT,0,0,0,0,66,49,0,0
CARRIER_B,2025-07-04 04:00,UIWANG,20FT,0,0,0,0,66,49,0,0
CARRIER_B,2025-07-04 05:00,UIWANG,20FT,0,0,0,0,66,49,0,0
CARRIER_B,2025-07-04 06:00,UIWANG,20FT,0,0,0,0,66,49,0,0
CARRIER_B,2025-07-04 07:00,UIWANG,20FT,1,0,0,0,65,48,0,0
CARRIER_B,2025-07-04 08:00,UIWANG,20FT,0,1,0,0,66,49,0,0
CARRIER_B,2025-07-04 09:00,UIWANG,20FT,0,2,0,0,68,51,0,0
CARRIER_B,2025-07-04 10:00,UIWANG,20FT,0,4,0,0,72,55,0,0
CARRIER_B,2025-07-04 11:00,UIWANG,20FT,1,1,0,0,72,55,0,0
CARRIER_B,2025-07-04 12:00,UIWANG,20FT,1,1,0,0,72,55,0,0
CARRIER_B,2025-07-04 13:00,UIWANG,20FT,0,2,0,0,74,57,0,0
CARRIER_B,2025-07-04 14:00,UIWANG,20FT,0,2,0,0,76,59,0,0
CARRIER_B,2025-07-04 15:00,UIWANG,20FT,1,1,0,14,76,45,0,0
CARRIER_B,2025-07-04 16:00,UIWANG,20FT,0,1,0,0,77,46,0,0
CARRIER_B,2025-07-04 17:00,UIWANG,20FT,0,0,0,0,77,46,0,0
CARRIER_B,2025-07-04 18:00,UIWANG,20FT,1,2,0,0,78,47,0,0
CARRIER_B,2025-07-04 19:00,UIWANG,20FT,0,4,0,0,82,51,0,0
CARRIER_B,2025-07-04 20:00,UIWANG,20FT,0,3,0,0,85,54,0,0
CARRIER_B,2025-07-04 21:00,UIWANG,20FT,0,0,0,0,85,54,0,0
CARRIER_B,2025-07-04 22:00,UIWANG,20FT,0,0,0,0,85,54,0,0
CARRIER_B,2025-07-04 23:00,UIWANG,20FT,0,0,0,0,85,54,0,0
CARRIER_B,2025-07-05 00:00,UIWANG,20FT,0,0,0,0,85,54,0,0
CARRIER_B,2025-07-05 01:00,UIWANG,20FT,0,0,0,0,85,54,0,0
CARRIER_B,2025-07-05 02:00,UIWANG,20FT,0,0,0,0,85,54,0,0
CARRIER_B,2025-07-05 03:00,UIWANG,20FT,0,0,0,0,85,54,0,0
CARRIER_B,2025-07-05 04:00,UIWANG,20FT,0,0,0,0,85,54,0,0
CARRIER_B,2025-07-05 05:00,UIWANG,20FT,0,0,0,0,85,54,0,0
CARRIER_B,2025-07-05 06:00,UIWANG,20FT,0,0,0,0,85,54,0,0
CARRIER_B,2025-07-05 07:00,UIWANG,20FT,2,0,0,0,83,52,0,0
CARRIER_B,2025-07-05 08:00,UIWANG,20FT,0,0,0,0,83,52,0,0
CARRIER_B,2025-07-05 09:00,UIWANG,20FT,1,1,0,0,83,52,0,0
CARRIER_B,2025-07-05 10:00,UIWANG,20FT,1,0,0,0,82,51,0,0
CARRIER_B,2025-07-05 11:00,UIWANG,20FT,0,1,0,0,83,52,0,0
CARRIER_B,2025-07-05 12:00,UIWANG,20FT,0,1,0,0,84,53,0,0
CARRIER_B,2025-07-05 13:00,UIWANG,20FT,0,0,0,0,84,53,0,0
CARRIER_B,2025-07-05 14:00,UIWANG,20FT,0,1,0,0,85,54,0,0
CARRIER_B,2025-07-05 15:00,UIWANG,20FT,0,0,0,0,85,54,0,0
CARRIER_B,2025-07-05 16:00,UIWANG,20FT,0,1,0,0,86,55,0,0
CARRIER_B,2025-07-05 17:00,UIWANG,20FT,0,0,0,0,86,55,0,0
CARRIER_B,2025-07-05 18:00,UIWANG,20FT,0,1,0,0,87,56,0,0
CARRIER_B,2025-07-05 19:00,UIWANG,20FT,0,1,0,0,88,57,0,0
CARRIER_B,2025-07-05 20:00,UIWANG,20FT,0,0,0,0,88,57,0,0
CARRIER_B,2025-07-05 21:00,UIWANG,20FT,0,0,0,0,88,57,0,0
CARRIER_B,2025-07-05 22:00,UIWANG,20FT,0,0,0,0,88,57,0,0
CARRIER_B,2025-07-05 23:00,UIWANG,20FT,0,0,0,0,88,57,0,0
CARRIER_B,2025-07-06 00:00,UIWANG,20FT,0,0,0,0,88,57,0,0
CARRIER_B,2025-07-06 01:00,UIWANG,20FT,0,0,0,0,88,57,0,0
CARRIER_B,2025-07-06 02:00,UIWANG,20FT,0,0,0,0,88,57,0,0
CARRIER_B,2025-07-06 03:00,UIWANG,20FT,0,0,0,0,88,57,0,0
CARRIER_B,2025-07-06 04:00,UIWANG,20FT,0,0,0,0,88,57,0,0
CARRIER_B,2025-07-06 05:00,UIWANG,20FT,0,0,0,0,88,57,0,0
CARRIER_B,2025-07-06 06:00,UIWANG,20FT,0,0,0,0,88,57,0,0
CARRIER_B,2025-07-06 07:00,UIWANG,20FT,0,0,0,0,88,57,0,0
CARRIER_B,2025-07-06 08:00,UIWANG,20FT,0,1,0,0,89,58,0,0
CARRIER_B,2025-07-06 09:00,UIWANG,20FT,2,0,0,0,87,56,0,0
CARRIER_B,2025-07-06 10:00,UIWANG,20FT,0,0,0,0,87,56,0,0
CARRIER_B,2025-07-06 11:00,UIWANG,20FT,0,0,0,0,87,56,0,0
CARRIER_B,2025-07-06 12:00,UIWANG,20FT,0,0,0,0,87,56,0,0
CARRIER_B,2025-07-06 13:00,UIWANG,20FT,0,0,0,0,87,56,0,0
CARRIER_B,2025-07-06 14:00,UIWANG,20FT,0,0,0,0,87,56,0,0
CARRIER_B,2025-07-06 15:00,UIWANG,20FT,0,0,0,0,87,56,0,0
CARRIER_B,2025-07-06 16:00,UIWANG,20FT,0,0,0,0,87,56,0,0
CARRIER_B,2025-07-06 17:00,UIWANG,20FT,0,0,0,0,87,56,0,0
CARRIER_B,2025-07-06 18:00,UIWANG,20FT,0,0,0,0,87,56,0,0
CARRIER_B,2025-07-06 19:00,UIWANG,20FT,0,1,0,0,88,57,0,0
CARRIER_B,2025-07-06 20:00,UIWANG,20FT,0,0,0,0,88,57,0,0
CARRIER_B,2025-07-06 21:00,UIWANG,20FT,0,0,0,0,88,57,0,0
CARRIER_B,2025-07-06 22:00,UIWANG,20FT,0,0,0,0,88,57,0,0
CARRIER_B,2025-07-06 23:00,UIWANG,20FT,0,0,0,0,88,57,0,0
CARRIER_B,2025-07-07 00:00,UIWANG,20FT,0,0,0,0,88,57,0,0
CARRIER_B,2025-07-07 01:00,UIWANG,20FT,0,0,0,0,88,57,0,0
CARRIER_B,2025-07-07 02:00,UIWANG,20FT,0,0,0,0,88,57,0,0
CARRIER_B,2025-07-07 03:00,UIWANG,20FT,0,0,0,0,88,57,0,0
CARRIER_B,2025-07-07 04:00,UIWANG,20FT,0,0,0,0,88,57,0,0
CARRIER_B,2025-07-07 05:00,UIWANG,20FT,0,0,0,0,88,57,0,0
CARRIER_B,2025-07-07 06:00,UIWANG,20FT,0,0,0,0,88,57,0,0
CARRIER_B,2025-07-07 07:00,UIWANG,20FT,0,1,0,0,89,58,0,0
CARRIER_B,2025-07-07 08:00,UIWANG,20FT,0,1,0,0,90,59,0,0
CARRIER_B,2025-07-07 09:00,UIWANG,20FT,0,0,0,0,90,59,0,0
CARRIER_B,2025-07-07 10:00,UIWANG,20FT,0,3,0,0,93,62,0,0
CARRIER_B,2025-07-07 11:00,UIWANG,20FT,0,2,0,0,95,64,0,0
CARRIER_B,2025-07-07 12:00,UIWANG,20FT,1,0,0,0,94,63,0,0
CARRIER_B,2025-07-07 13:00,UIWANG,20FT,0,2,0,0,96,65,0,0
CARRIER_B,2025-07-07 14:00,UIWANG,20FT,0,2,0,0,98,67,0,0
CARRIER_B,2025-07-07 15:00,UIWANG,20FT,2,1,0,0,97,66,0,0
CARRIER_B,2025-07-07 16:00,UIWANG,20FT,1,1,0,0,97,66,0,0
CARRIER_B,2025-07-07 17:00,UIWANG,20FT,0,2,0,0,99,68,0,0
CARRIER_B,2025-07-07 18:00,UIWANG,20FT,0,0,0,0,99,68,0,0
CARRIER_B,2025-07-07 19:00,UIWANG,20FT,0,1,0,0,100,69,0,0
CARRIER_B,2025-07-07 20:00,UIWANG,20FT,0,2,0,0,102,71,0,0
CARRIER_B,2025-07-07 21:00,UIWANG,20FT,0,0,0,0,102,71,0,0
CARRIER_B,2025-07-07 22:00,UIWANG,20FT,0,0,0,0,102,71,0,0
CARRIER_B,2025-07-07 23:00,UIWANG,20FT,0,0,0,0,102,71,0,0
CARRIER_B,2025-07-01 00:00,UIWANG,40FT,0,0,0,0,8,8,0,0
CARRIER_B,2025-07-01 01:00,UIWANG,40FT,0,0,0,0,8,8,0,0
CARRIER_B,2025-07-01 02:00,UIWANG,40FT,0,0,0,0,8,8,0,0
CARRIER_B,2025-07-01 03:00,UIWANG,40FT,0,0,0,0,8,8,0,0
CARRIER_B,2025-07-01 04:00,UIWANG,40FT,0,0,0,0,8,8,0,0
CARRIER_B,2025-07-01 05:00,UIWANG,40FT,0,1,0,0,9,9,0,0
CARRIER_B,2025-07-01 06:00,UIWANG,40FT,0,0,0,0,9,9,0,0
CARRIER_B,2025-07-01 07:00,UIWANG,40FT,0,0,0,0,9,9,0,0
CARRIER_B,2025-07-01 08:00,UIWANG,40FT,0,0,0,0,9,9,0,0
CARRIER_B,2025-07-01 09:00,UIWANG,40FT,0,0,0,0,9,9,0,0
CARRIER_B,2025-07-01 10:00,UIWANG,40FT,1,0,0,0,8,8,0,0
CARRIER_B,2025-07-01 11:00,UIWANG,40FT,0,0,0,0,8,8,0,0
CARRIER_B,2025-07-01 12:00,UIWANG,40FT,0,0,0,0,8,8,0,0
CARRIER_B,2025-07-01 13:00,UIWANG,40FT,0,1,0,0,9,9,0,0
CARRIER_B,2025-07-01 14:00,UIWANG,40FT,0,0,0,0,9,9,0,0
CARRIER_B,2025-07-01 15:00,UIWANG,40FT,0,1,0,0,10,10,0,0
CARRIER_B,2025-07-01 16:00,UIWANG,40FT,0,1,0,0,11,11,0,0
CARRIER_B,2025-07-01 17:00,UIWANG,40FT,0,1,0,0,12,12,0,0
CARRIER_B,2025-07-01 18:00,UIWANG,40FT,0,0,0,0,12,12,0,0
CARRIER_B,2025-07-01 19:00,UIWANG,40FT,0,0,0,0,12,12,0,0
CARRIER_B,2025-07-01 20:00,UIWANG,40FT,0,0,0,0,12,12,0,0
CARRIER_B,2025-07-01 21:00,UIWANG,40FT,0,0,0,0,12,12,0,0
CARRIER_B,2025-07-01 22:00,UIWANG,40FT,0,0,0,0,12,12,0,0
CARRIER_B,2025-07-01 23:00,UIWANG,40FT,0,0,0,0,12,12,0,0
CARRIER_B,2025-07-02 00:00,UIWANG,40FT,0,0,0,0,12,12,0,0
CARRIER_B,2025-07-02 01:00,UIWANG,40FT,0,0,0,0,12,12,0,0
CARRIER_B,2025-07-02 02:00,UIWANG,40FT,0,0,0,0,12,12,0,0
CARRIER_B,2025-07-02 03:00,UIWANG,40FT,0,0,0,0,12,12,0,0
CARRIER_B,2025-07-02 04:00,UIWANG,40FT,0,0,0,0,12,12,0,0
CARRIER_B,2025-07-02 05:00,UIWANG,40FT,0,0,0,0,12,12,0,0
CARRIER_B,2025-07-02 06:00,UIWANG,40FT,0,0,0,0,12,12,0,0
CARRIER_B,2025-07-02 07:00,UIWANG,40FT,0,0,0,0,12,12,0,0
CARRIER_B,2025-07-02 08:00,UIWANG,40FT,0,0,0,0,12,12,0,0
CARRIER_B,2025-07-02 09:00,UIWANG,40FT,0,0,0,0,12,12,0,0
CARRIER_B,2025-07-02 10:00,UIWANG,40FT,0,1,0,0,13,13,0,0
CARRIER_B,2025-07-02 11:00,UIWANG,40FT,0,0,0,0,13,13,0,0
CARRIER_B,2025-07-02 12:00,UIWANG,40FT,0,0,0,0,13,13,0,0
CARRIER_B,2025-07-02 13:00,UIWANG,40FT,0,0,0,0,13,13,0,0
CARRIER_B,2025-07-02 14:00,UIWANG,40FT,0,0,0,0,13,13,0,0
CARRIER_B,2025-07-02 15:00,UIWANG,40FT,0,0,0,0,13,13,0,0
CARRIER_B,2025-07-02 16:00,UIWANG,40FT,0,1,0,0,14,14,0,0
CARRIER_B,2025-07-02 17:00,UIWANG,40FT,0,0,0,0,14,14,0,0
CARRIER_B,2025-07-02 18:00,UIWANG,40FT,0,1,0,0,15,15,0,0
CARRIER_B,2025-07-02 19:00,UIWANG,40FT,1,0,0,0,14,14,0,0
CARRIER_B,2025-07-02 20:00,UIWANG,40FT,0,0,0,0,14,14,0,0
CARRIER_B,2025-07-02 21:00,UIWANG,40FT,0,0,0,0,14,14,0,0
CARRIER_B,2025-07-02 22:00,UIWANG,40FT,0,0,0,0,14,14,0,0
CARRIER_B,2025-07-02 23:00,UIWANG,40FT,0,0,0,0,14,14,0,0
CARRIER_B,2025-07-03 00:00,UIWANG,40FT,0,0,0,0,14,14,0,0
CARRIER_B,2025-07-03 01:00,UIWANG,40FT,0,0,0,0,14,14,0,0
CARRIER_B,2025-07-03 02:00,UIWANG,40FT,0,0,0,0,14,14,0,0
CARRIER_B,2025-07-03 03:00,UIWANG,40FT,0,0,0,0,14,14,0,0
CARRIER_B,2025-07-03 04:00,UIWANG,40FT,0,0,0,0,14,14,0,0
CARRIER_B,2025-07-03 05:00,UIWANG,40FT,0,0,0,0,14,14,0,0
CARRIER_B,2025-07-03 06:00,UIWANG,40FT,0,0,0,0,14,14,0,0
CARRIER_B,2025-07-03 07:00,UIWANG,40FT,0,0,0,0,14,14,0,0
CARRIER_B,2025-07-03 08:00,UIWANG,40FT,0,1,0,0,15,15,0,0
CARRIER_B,2025-07-03 09:00,UIWANG,40FT,1,1,0,0,15,15,0,0
CARRIER_B,2025-07-03 10:00,UIWANG,40FT,0,0,0,0,15,15,0,0
CARRIER_B,2025-07-03 11:00,UIWANG,40FT,0,0,0,0,15,15,0,0
CARRIER_B,2025-07-03 12:00,UIWANG,40FT,0,1,0,0,16,16,0,0
CARRIER_B,2025-07-03 13:00,UIWANG,40FT,0,1,0,0,17,17,0,0
CARRIER_B,2025-07-03 14:00,UIWANG,40FT,0,0,0,0,17,17,0,0
CARRIER_B,2025-07-03 15:00,UIWANG,40FT,1,0,0,5,16,11,0,0
CARRIER_B,2025-07-03 16:00,UIWANG,40FT,0,1,0,0,17,12,0,0
CARRIER_B,2025-07-03 17:00,UIWANG,40FT,0,0,0,0,17,12,0,0
CARRIER_B,2025-07-03 18:00,UIWANG,40FT,1,1,0,0,17,12,0,0
CARRIER_B,2025-07-03 19:00,UIWANG,40FT,0,0,0,0,17,12,0,0
CARRIER_B,2025-07-03 20:00,UIWANG,40FT,0,0,0,0,17,12,0,0
CARRIER_B,2025-07-03 21:00,UIWANG,40FT,0,0,0,0,17,12,0,0
CARRIER_B,2025-07-03 22:00,UIWANG,40FT,0,0,0,0,17,12,0,0
CARRIER_B,2025-07-03 23:00,UIWANG,40FT,0,0,0,0,17,12,0,0
CARRIER_B,2025-07-04 00:00,UIWANG,40FT,0,0,0,0,17,12,0,0
CARRIER_B,2025-07-04 01:00,UIWANG,40FT,0,0,0,0,17,12,0,0
CARRIER_B,2025-07-04 02:00,UIWANG,40FT,0,0,0,0,17,12,0,0
CARRIER_B,2025-07-04 03:00,UIWANG,40FT,0,0,0,0,17,12,0,0
CARRIER_B,2025-07-04 04:00,UIWANG,40FT,0,0,0,0,17,12,0,0
CARRIER_B,2025-07-04 05:00,UIWANG,40FT,0,0,0,0,17,12,0,0
CARRIER_B,2025-07-04 06:00,UIWANG,40FT,0,0,0,0,17,12,0,0
CARRIER_B,2025-07-04 07:00,UIWANG,40FT,0,1,0,0,18,13,0,0
CARRIER_B,2025-07-04 08:00,UIWANG,40FT,0,0,0,0,18,13,0,0
CARRIER_B,2025-07-04 09:00,UIWANG,40FT,0,0,0,0,18,13,0,0
CARRIER_B,2025-07-04 10:00,UIWANG,40FT,0,0,0,0,18,13,0,0
CARRIER_B,2025-07-04 11:00,UIWANG,40FT,0,2,0,0,20,15,0,0
CARRIER_B,2025-07-04 12:00,UIWANG,40FT,0,1,0,0,21,16,0,0
CARRIER_B,2025-07-04 13:00,UIWANG,40FT,0,2,0,0,23,18,0,0
CARRIER_B,2025-07-04 14:00,UIWANG,40FT,0,0,0,0,23,18,0,0
CARRIER_B,2025-07-04 15:00,UIWANG,40FT,0,0,0,2,23,16,0,0
CARRIER_B,2025-07-04 16:00,UIWANG,40FT,0,1,0,0,24,17,0,0
CARRIER_B,2025-07-04 17:00,UIWANG,40FT,0,0,0,0,24,17,0,0
CARRIER_B,2025-07-04 18:00,UIWANG,40FT,0,0,0,0,24,17,0,0
CARRIER_B,2025-07-04 19:00,UIWANG,40FT,0,0,0,0,24,17,0,0
CARRIER_B,2025-07-04 20:00,UIWANG,40FT,0,0,0,0,24,17,0,0
CARRIER_B,2025-07-04 21:00,UIWANG,40FT,0,0,0,0,24,17,0,0
CARRIER_B,2025-07-04 22:00,UIWANG,40FT,0,0,0,0,24,17,0,0
CARRIER_B,2025-07-04 23:00,UIWANG,40FT,0,0,0,0,24,17,0,0
CARRIER_B,2025-07-05 00:00,UIWANG,40FT,0,0,0,0,24,17,0,0
CARRIER_B,2025-07-05 01:00,UIWANG,40FT,0,0,0,0,24,17,0,0
CARRIER_B,2025-07-05 02:00,UIWANG,40FT,0,0,0,0,24,17,0,0
CARRIER_B,2025-07-05 03:00,UIWANG,40FT,0,0,0,0,24,17,0,0
CARRIER_B,2025-07-05 04:00,UIWANG,40FT,0,0,0,0,24,17,0,0
CARRIER_B,2025-07-05 05:00,UIWANG,40FT,0,0,0,0,24,17,0,0
CARRIER_B,2025-07-05 06:00,UIWANG,40FT,0,0,0,0,24,17,0,0
CARRIER_B,2025-07-05 07:00,UIWANG,40FT,0,0,0,0,24,17,0,0
CARRIER_B,2025-07-05 08:00,UIWANG,40FT,0,0,0,0,24,17,0,0
CARRIER_B,2025-07-05 09:00,UIWANG,40FT,0,0,0,0,24,17,0,0
CARRIER_B,2025-07-05 10:00,UIWANG,40FT,0,1,0,0,25,18,0,0
CARRIER_B,2025-07-05 11:00,UIWANG,40FT,0,0,0,0,25,18,0,0
CARRIER_B,2025-07-05 12:00,UIWANG,40FT,0,0,0,0,25,18,0,0
CARRIER_B,2025-07-05 13:00,UIWANG,40FT,0,0,0,0,25,18,0,0
CARRIER_B,2025-07-05 14:00,UIWANG,40FT,0,0,0,0,25,18,0,0
CARRIER_B,2025-07-05 15:00,UIWANG,40FT,0,0,0,0,25,18,0,0
CARRIER_B,2025-07-05 16:00,UIWANG,40FT,0,0,0,0,25,18,0,0
CARRIER_B,2025-07-05 17:00,UIWANG,40FT,0,0,0,0,25,18,0,0
CARRIER_B,2025-07-05 18:00,UIWANG,40FT,0,0,0,0,25,18,0,0
CARRIER_B,2025-07-05 19:00,UIWANG,40FT,0,0,0,0,25,18,0,0
CARRIER_B,2025-07-05 20:00,UIWANG,40FT,0,0,0,0,25,18,0,0
CARRIER_B,2025-07-05 21:00,UIWANG,40FT,0,0,0,0,25,18,0,0
CARRIER_B,2025-07-05 22:00,UIWANG,40FT,0,0,0,0,25,18,0,0
CARRIER_B,2025-07-05 23:00,UIWANG,40FT,0,0,0,0,25,18,0,0
CARRIER_B,2025-07-06 00:00,UIWANG,40FT,0,0,0,0,25,18,0,0
CARRIER_B,2025-07-06 01:00,UIWANG,40FT,0,0,0,0,25,18,0,0
CARRIER_B,2025-07-06 02:00,UIWANG,40FT,0,0,0,0,25,18,0,0
CARRIER_B,2025-07-06 03:00,UIWANG,40FT,0,0,0,0,25,18,0,0
CARRIER_B,2025-07-06 04:00,UIWANG,40FT,0,0,0,0,25,18,0,0
CARRIER_B,2025-07-06 05:00,UIWANG,40FT,0,0,0,0,25,18,0,0
CARRIER_B,2025-07-06 06:00,UIWANG,40FT,0,0,0,0,25,18,0,0
CARRIER_B,2025-07-06 07:00,UIWANG,40FT,0,0,0,0,25,18,0,0
CARRIER_B,2025-07-06 08:00,UIWANG,40FT,0,0,0,0,25,18,0,0
CARRIER_B,2025-07-06 09:00,UIWANG,40FT,0,0,0,0,25,18,0,0
CARRIER_B,2025-07-06 10:00,UIWANG,40FT,0,0,0,0,25,18,0,0
CARRIER_B,2025-07-06 11:00,UIWANG,40FT,0,0,0,0,25,18,0,0
CARRIER_B,2025-07-06 12:00,UIWANG,40FT,0,0,0,0,25,18,0,0
CARRIER_B,2025-07-06 13:00,UIWANG,40FT,0,0,0,0,25,18,0,0
CARRIER_B,2025-07-06 14:00,UIWANG,40FT,0,0,0,0,25,18,0,0
CARRIER_B,2025-07-06 15:00,UIWANG,40FT,1,0,0,0,24,17,0,0
CARRIER_B,2025-07-06 16:00,UIWANG,40FT,0,0,0,0,24,17,0,0
CARRIER_B,2025-07-06 17:00,UIWANG,40FT,0,0,0,0,24,17,0,0
CARRIER_B,2025-07-06 18:00,UIWANG,40FT,0,0,0,0,24,17,0,0
CARRIER_B,2025-07-06 19:00,UIWANG,40FT,0,0,0,0,24,17,0,0
CARRIER_B,2025-07-06 20:00,UIWANG,40FT,0,0,0,0,24,17,0,0
CARRIER_B,2025-07-06 21:00,UIWANG,40FT,0,0,0,0,24,17,0,0
CARRIER_B,2025-07-06 22:00,UIWANG,40FT,0,0,0,0,24,17,0,0
CARRIER_B,2025-07-06 23:00,UIWANG,40FT,0,0,0,0,24,17,0,0
CARRIER_B,2025-07-07 00:00,UIWANG,40FT,0,0,0,0,24,17,0,0
CARRIER_B,2025-07-07 01:00,UIWANG,40FT,0,0,0,0,24,17,0,0
CARRIER_B,2025-07-07 02:00,UIWANG,40FT,0,0,0,0,24,17,0,0
CARRIER_B,2025-07-07 03:00,UIWANG,40FT,0,0,0,0,24,17,0,0
CARRIER_B,2025-07-07 04:00,UIWANG,40FT,0,0,0,0,24,17,0,0
CARRIER_B,2025-07-07 05:00,UIWANG,40FT,0,0,0,0,24,17,0,0
CARRIER_B,2025-07-07 06:00,UIWANG,40FT,0,0,0,0,24,17,0,0
CARRIER_B,2025-07-07 07:00,UIWANG,40FT,0,0,0,0,24,17,0,0
CARRIER_B,2025-07-07 08:00,UIWANG,40FT,0,0,0,0,24,17,0,0
CARRIER_B,2025-07-07 09:00,UIWANG,40FT,0,0,0,0,24,17,0,0
CARRIER_B,2025-07-07 10:00,UIWANG,40FT,0,1,0,0,25,18,0,0
CARRIER_B,2025-07-07 11:00,UIWANG,40FT,0,1,0,0,26,19,0,0
CARRIER_B,2025-07-07 12:00,UIWANG,40FT,0,0,0,0,26,19,0,0
CARRIER_B,2025-07-07 13:00,UIWANG,40FT,1,0,0,0,25,18,0,0
CARRIER_B,2025-07-07 14:00,UIWANG,40FT,0,0,0,0,25,18,0,0
CARRIER_B,2025-07-07 15:00,UIWANG,40FT,0,0,0,0,25,18,0,0
CARRIER_B,2025-07-07 16:00,UIWANG,40FT,0,0,0,0,25,18,0,0
CARRIER_B,2025-07-07 17:00,UIWANG,40FT,0,1,0,0,26,19,0,0
CARRIER_B,2025-07-07 18:00,UIWANG,40FT,0,0,0,0,26,19,0,0
CARRIER_B,2025-07-07 19:00,UIWANG,40FT,0,0,0,0,26,19,0,0
CARRIER_B,2025-07-07 20:00,UIWANG,40FT,0,0,0,0,26,19,0,0
CARRIER_B,2025-07-07 21:00,UIWANG,40FT,0,0,0,0,26,19,0,0
CARRIER_B,2025-07-07 22:00,UIWANG,40FT,0,0,0,0,26,19,0,0
CARRIER_B,2025-07-07 23:00,UIWANG,40FT,0,0,0,0,26,19,0,0
CARRIER_B,2025-07-01 00:00,YAKMOK,20FT,0,0,0,0,10,10,0,0
CARRIER_B,2025-07-01 01:00,YAKMOK,20FT,0,0,0,0,10,10,0,0
CARRIER_B,2025-07-01 02:00,YAKMOK,20FT,0,0,0,0,10,10,0,0
CARRIER_B,2025-07-01 03:00,YAKMOK,20FT,0,0,0,0,10,10,0,0
CARRIER_B,2025-07-01 04:00,YAKMOK,20FT,0,0,0,0,10,10,0,0
CARRIER_B,2025-07-01 05:00,YAKMOK,20FT,0,0,0,0,10,10,0,0
CARRIER_B,2025-07-01 06:00,YAKMOK,20FT,0,0,0,0,10,10,0,0
CARRIER_B,2025-07-01 07:00,YAKMOK,20FT,0,1,0,0,11,11,0,0
CARRIER_B,2025-07-01 08:00,YAKMOK,20FT,0,0,0,0,11,11,0,0
CARRIER_B,2025-07-01 09:00,YAKMOK,20FT,0,0,0,0,11,11,0,0
CARRIER_B,2025-07-01 10:00,YAKMOK,20FT,0,1,0,0,12,12,0,0
CARRIER_B,2025-07-01 11:00,YAKMOK,20FT,0,0,0,0,12,12,0,0
CARRIER_B,2025-07-01 12:00,YAKMOK,20FT,0,1,0,0,13,13,0,0
CARRIER_B,2025-07-01 13:00,YAKMOK,20FT,0,1,0,0,14,14,0,0
CARRIER_B,2025-07-01 14:00,YAKMOK,20FT,0,0,0,0,14,14,0,0
CARRIER_B,2025-07-01 15:00,YAKMOK,20FT,0,0,0,0,14,14,0,0
CARRIER_B,2025-07-01 16:00,YAKMOK,20FT,0,0,0,0,14,14,0,0
CARRIER_B,2025-07-01 17:00,YAKMOK,20FT,0,1,0,0,15,15,0,0
CARRIER_B,2025-07-01 18:00,YAKMOK,20FT,0,0,0,0,15,15,0,0
CARRIER_B,2025-07-01 19:00,YAKMOK,20FT,1,0,0,0,14,14,0,0
CARRIER_B,2025-07-01 20:00,YAKMOK,20FT,0,0,0,0,14,14,0,0
CARRIER_B,2025-07-01 21:00,YAKMOK,20FT,0,0,0,0,14,14,0,0
CARRIER_B,2025-07-01 22:00,YAKMOK,20FT,0,0,0,0,14,14,0,0
CARRIER_B,2025-07-01 23:00,YAKMOK,20FT,0,0,0,0,14,14,0,0
CARRIER_B,2025-07-02 00:00,YAKMOK,20FT,0,0,0,0,14,14,0,0
CARRIER_B,2025-07-02 01:00,YAKMOK,20FT,0,0,0,14,14,0,0,0
CARRIER_B,2025-07-02 02:00,YAKMOK,20FT,0,0,0,0,14,0,0,0
CARRIER_B,2025-07-02 03:00,YAKMOK,20FT,0,0,0,0,14,0,0,0
CARRIER_B,2025-07-02 04:00,YAKMOK,20FT,0,0,0,0,14,0,0,0
CARRIER_B,2025-07-02 05:00,YAKMOK,20FT,0,0,0,0,14,0,0,0
CARRIER_B,2025-07-02 06:00,YAKMOK,20FT,0,1,0,0,15,1,0,0
CARRIER_B,2025-07-02 07:00,YAKMOK,20FT,0,0,0,0,15,1,0,0
CARRIER_B,2025-07-02 08:00,YAKMOK,20FT,0,1,0,0,16,2,0,0
CARRIER_B,2025-07-02 09:00,YAKMOK,20FT,0,0,0,0,16,2,0,0
CARRIER_B,2025-07-02 10:00,YAKMOK,20FT,0,0,0,0,16,2,0,0
CARRIER_B,2025-07-02 11:00,YAKMOK,20FT,2,0,0,0,14,0,0,0
CARRIER_B,2025-07-02 12:00,YAKMOK,20FT,0,1,0,0,15,1,0,0
CARRIER_B,2025-07-02 13:00,YAKMOK,20FT,0,1,0,0,16,2,0,0
CARRIER_B,2025-07-02 14:00,YAKMOK,20FT,0,1,0,0,17,3,0,0
CARRIER_B,2025-07-02 15:00,YAKMOK,20FT,1,0,0,0,16,2,0,0
CARRIER_B,2025-07-02 16:00,YAKMOK,20FT,0,0,0,0,16,2,0,0
CARRIER_B,2025-07-02 17:00,YAKMOK,20FT,0,0,0,0,16,2,0,0
CARRIER_B,2025-07-02 18:00,YAKMOK,20FT,0,0,0,0,16,2,0,0
CARRIER_B,2025-07-02 19:00,YAKMOK,20FT,0,0,0,0,16,2,0,0
CARRIER_B,2025-07-02 20:00,YAKMOK,20FT,0,0,0,0,16,2,0,0
CARRIER_B,2025-07-02 21:00,YAKMOK,20FT,0,0,0,0,16,2,0,0
CARRIER_B,2025-07-02 22:00,YAKMOK,20FT,0,0,0,0,16,2,0,0
CARRIER_B,2025-07-02 23:00,YAKMOK,20FT,0,0,0,0,16,2,0,0
CARRIER_B,2025-07-03 00:00,YAKMOK,20FT,0,0,0,0,16,2,0,0
CARRIER_B,2025-07-03 01:00,YAKMOK,20FT,0,0,0,0,16,2,0,0
CARRIER_B,2025-07-03 02:00,YAKMOK,20FT,0,0,0,0,16,2,0,0
CARRIER_B,2025-07-03 03:00,YAKMOK,20FT,0,0,0,0,16,2,0,0
CARRIER_B,2025-07-03 04:00,YAKMOK,20FT,0,0,0,0,16,2,0,0
CARRIER_B,2025-07-03 05:00,YAKMOK,20FT,0,0,0,0,16,2,0,0
CARRIER_B,2025-07-03 06:00,YAKMOK,20FT,0,0,0,0,16,2,0,0
CARRIER_B,2025-07-03 07:00,YAKMOK,20FT,0,0,0,0,16,2,0,0
CARRIER_B,2025-07-03 08:00,YAKMOK,20FT,0,0,0,0,16,2,0,0
CARRIER_B,2025-07-03 09:00,YAKMOK,20FT,0,1,0,0,17,3,0,0
CARRIER_B,2025-07-03 10:00,YAKMOK,20FT,0,0,0,0,17,3,0,0
CARRIER_B,2025-07-03 11:00,YAKMOK,20FT,0,1,0,0,18,4,0,0
CARRIER_B,2025-07-03 12:00,YAKMOK,20FT,0,1,0,0,19,5,0,0
CARRIER_B,2025-07-03 13:00,YAKMOK,20FT,0,2,0,0,21,7,0,0
CARRIER_B,2025-07-03 14:00,YAKMOK,20FT,0,1,0,0,22,8,0,0
CARRIER_B,2025-07-03 15:00,YAKMOK,20FT,0,0,0,0,22,8,0,0
CARRIER_B,2025-07-03 16:00,YAKMOK,20FT,0,1,0,0,23,9,0,0
CARRIER_B,2025-07-03 17:00,YAKMOK,20FT,0,1,0,0,24,10,0,0
CARRIER_B,2025-07-03 18:00,YAKMOK,20FT,0,0,0,0,24,10,0,0
CARRIER_B,2025-07-03 19:00,YAKMOK,20FT,0,0,0,0,24,10,0,0
CARRIER_B,2025-07-03 20:00,YAKMOK,20FT,0,1,0,0,25,11,0,0
CARRIER_B,2025-07-03 21:00,YAKMOK,20FT,0,0,0,0,25,11,0,0
CARRIER_B,2025-07-03 22:00,YAKMOK,20FT,0,0,0,0,25,11,0,0
CARRIER_B,2025-07-03 23:00,YAKMOK,20FT,0,0,0,0,25,11,0,0
CARRIER_B,2025-07-04 00:00,YAKMOK,20FT,0,0,0,0,25,11,0,0
CARRIER_B,2025-07-04 01:00,YAKMOK,20FT,0,0,0,0,25,11,0,0
CARRIER_B,2025-07-04 02:00,YAKMOK,20FT,0,0,0,0,25,11,0,0
CARRIER_B,2025-07-04 03:00,YAKMOK,20FT,0,0,0,0,25,11,0,0
CARRIER_B,2025-07-04 04:00,YAKMOK,20FT,0,0,0,0,25,11,0,0
CARRIER_B,2025-07-04 05:00,YAKMOK,20FT,0,0,0,0,25,11,0,0
CARRIER_B,2025-07-04 06:00,YAKMOK,20FT,0,0,0,0,25,11,0,0
CARRIER_B,2025-07-04 07:00,YAKMOK,20FT,0,0,0,0,25,11,0,0
CARRIER_B,2025-07-04 08:00,YAKMOK,20FT,0,0,0,0,25,11,0,0
CARRIER_B,2025-07-04 09:00,YAKMOK,20FT,0,0,0,0,25,11,0,0
CARRIER_B,2025-07-04 10:00,YAKMOK,20FT,1,1,0,0,25,11,0,0
CARRIER_B,2025-07-04 11:00,YAKMOK,20FT,0,2,0,0,27,13,0,0
CARRIER_B,2025-07-04 12:00,YAKMOK,20FT,0,0,0,0,27,13,0,0
CARRIER_B,2025-07-04 13:00,YAKMOK,20FT,0,0,0,0,27,13,0,0
CARRIER_B,2025-07-04 14:00,YAKMOK,20FT,0,0,0,0,27,13,0,0
CARRIER_B,2025-07-04 15:00,YAKMOK,20FT,0,1,0,0,28,14,0,0
CARRIER_B,2025-07-04 16:00,YAKMOK,20FT,1,0,0,0,27,13,0,0
CARRIER_B,2025-07-04 17:00,YAKMOK,20FT,0,0,0,0,27,13,0,0
CARRIER_B,2025-07-04 18:00,YAKMOK,20FT,0,1,0,0,28,14,0,0
CARRIER_B,2025-07-04 19:00,YAKMOK,20FT,0,0,0,0,28,14,0,0
CARRIER_B,2025-07-04 20:00,YAKMOK,20FT,0,0,0,0,28,14,0,0
CARRIER_B,2025-07-04 21:00,YAKMOK,20FT,0,0,0,0,28,14,0,0
CARRIER_B,2025-07-04 22:00,YAKMOK,20FT,0,0,0,0,28,14,0,0
CARRIER_B,2025-07-04 23:00,YAKMOK,20FT,0,0,0,0,28,14,0,0
CARRIER_B,2025-07-05 00:00,YAKMOK,20FT,0,0,0,0,28,14,0,0
CARRIER_B,2025-07-05 01:00,YAKMOK,20FT,0,0,0,1,28,13,0,0
CARRIER_B,2025-07-05 02:00,YAKMOK,20FT,0,0,0,0,28,13,0,0
CARRIER_B,2025-07-05 03:00,YAKMOK,20FT,0,0,0,0,28,13,0,0
CARRIER_B,2025-07-05 04:00,YAKMOK,20FT,0,0,0,0,28,13,0,0
CARRIER_B,2025-07-05 05:00,YAKMOK,20FT,0,0,0,0,28,13,0,0
CARRIER_B,2025-07-05 06:00,YAKMOK,20FT,0,0,0,0,28,13,0,0
CARRIER_B,2025-07-05 07:00,YAKMOK,20FT,0,0,0,0,28,13,0,0
CARRIER_B,2025-07-05 08:00,YAKMOK,20FT,2,1,0,0,27,12,0,0
CARRIER_B,2025-07-05 09:00,YAKMOK,20FT,0,0,0,0,27,12,0,0
CARRIER_B,2025-07-05 10:00,YAKMOK,20FT,0,0,0,0,27,12,0,0
CARRIER_B,2025-07-05 11:00,YAKMOK,20FT,0,0,0,0,27,12,0,0
CARRIER_B,2025-07-05 12:00,YAKMOK,20FT,0,0,0,0,27,12,0,0
CARRIER_B,2025-07-05 13:00,YAKMOK,20FT,0,0,0,0,27,12,0,0
CARRIER_B,2025-07-05 14:00,YAKMOK,20FT,0,0,0,0,27,12,0,0
CARRIER_B,2025-07-05 15:00,YAKMOK,20FT,0,0,0,0,27,12,0,0
CARRIER_B,2025-07-05 16:00,YAKMOK,20FT,1,0,0,0,26,11,0,0
CARRIER_B,2025-07-05 17:00,YAKMOK,20FT,0,0,0,0,26,11,0,0
CARRIER_B,2025-07-05 18:00,YAKMOK,20FT,0,0,0,0,26,11,0,0
CARRIER_B,2025-07-05 19:00,YAKMOK,20FT,0,0,0,0,26,11,0,0
CARRIER_B,2025-07-05 20:00,YAKMOK,20FT,0,0,0,0,26,11,0,0
CARRIER_B,2025-07-05 21:00,YAKMOK,20FT,0,0,0,0,26,11,0,0
CARRIER_B,2025-07-05 22:00,YAKMOK,20FT,0,0,0,0,26,11,0,0
CARRIER_B,2025-07-05 23:00,YAKMOK,20FT,0,0,0,0,26,11,0,0
CARRIER_B,2025-07-06 00:00,YAKMOK,20FT,0,0,0,0,26,11,0,0
CARRIER_B,2025-07-06 01:00,YAKMOK,20FT,0,0,0,0,26,11,0,0
CARRIER_B,2025-07-06 02:00,YAKMOK,20FT,0,0,0,0,26,11,0,0
CARRIER_B,2025-07-06 03:00,YAKMOK,20FT,0,0,0,0,26,11,0,0
CARRIER_B,2025-07-06 04:00,YAKMOK,20FT,0,0,0,0,26,11,0,0
CARRIER_B,2025-07-06 05:00,YAKMOK,20FT,0,0,0,0,26,11,0,0
CARRIER_B,2025-07-06 06:00,YAKMOK,20FT,0,0,0,0,26,11,0,0
CARRIER_B,2025-07-06 07:00,YAKMOK,20FT,0,0,0,0,26,11,0,0
CARRIER_B,2025-07-06 08:00,YAKMOK,20FT,0,0,0,0,26,11,0,0
CARRIER_B,2025-07-06 09:00,YAKMOK,20FT,1,2,0,0,27,12,0,0
CARRIER_B,2025-07-06 10:00,YAKMOK,20FT,0,0,0,0,27,12,0,0
CARRIER_B,2025-07-06 11:00,YAKMOK,20FT,0,0,0,0,27,12,0,0
CARRIER_B,2025-07-06 12:00,YAKMOK,20FT,0,0,0,0,27,12,0,0
CARRIER_B,2025-07-06 13:00,YAKMOK,20FT,0,0,0,0,27,12,0,0
CARRIER_B,2025-07-06 14:00,YAKMOK,20FT,0,0,0,0,27,12,0,0
CARRIER_B,2025-07-06 15:00,YAKMOK,20FT,0,0,0,0,27,12,0,0
CARRIER_B,2025-07-06 16:00,YAKMOK,20FT,0,0,0,0,27,12,0,0
CARRIER_B,2025-07-06 17:00,YAKMOK,20FT,0,0,0,0,27,12,0,0
CARRIER_B,2025-07-06 18:00,YAKMOK,20FT,0,0,0,0,27,12,0,0
CARRIER_B,2025-07-06 19:00,YAKMOK,20FT,0,0,0,0,27,12,0,0
CARRIER_B,2025-07-06 20:00,YAKMOK,20FT,0,0,0,0,27,12,0,0
CARRIER_B,2025-07-06 21:00,YAKMOK,20FT,0,0,0,0,27,12,0,0
CARRIER_B,2025-07-06 22:00,YAKMOK,20FT,0,0,0,0,27,12,0,0
CARRIER_B,2025-07-06 23:00,YAKMOK,20FT,0,0,0,0,27,12,0,0
CARRIER_B,2025-07-07 00:00,YAKMOK,20FT,0,0,0,0,27,12,0,0
CARRIER_B,2025-07-07 01:00,YAKMOK,20FT,0,0,0,0,27,12,0,0
CARRIER_B,2025-07-07 02:00,YAKMOK,20FT,0,0,0,0,27,12,0,0
CARRIER_B,2025-07-07 03:00,YAKMOK,20FT,0,0,0,0,27,12,0,0
CARRIER_B,2025-07-07 04:00,YAKMOK,20FT,0,0,0,0,27,12,0,0
CARRIER_B,2025-07-07 05:00,YAKMOK,20FT,0,0,0,0,27,12,0,0
CARRIER_B,2025-07-07 06:00,YAKMOK,20FT,0,0,0,0,27,12,0,0
CARRIER_B,2025-07-07 07:00,YAKMOK,20FT,0,0,0,0,27,12,0,0
CARRIER_B,2025-07-07 08:00,YAKMOK,20FT,0,0,0,0,27,12,0,0
CARRIER_B,2025-07-07 09:00,YAKMOK,20FT,0,0,0,0,27,12,0,0
CARRIER_B,2025-07-07 10:00,YAKMOK,20FT,0,0,0,0,27,12,0,0
CARRIER_B,2025-07-07 11:00,YAKMOK,20FT,0,0,0,0,27,12,0,0
CARRIER_B,2025-07-07 12:00,YAKMOK,20FT,1,0,0,0,26,11,0,0
CARRIER_B,2025-07-07 13:00,YAKMOK,20FT,0,0,0,0,26,11,0,0
CARRIER_B,2025-07-07 14:00,YAKMOK,20FT,1,0,0,0,25,10,0,0
CARRIER_B,2025-07-07 15:00,YAKMOK,20FT,0,1,0,0,26,11,0,0
CARRIER_B,2025-07-07 16:00,YAKMOK,20FT,0,0,0,0,26,11,0,0
CARRIER_B,2025-07-07 17:00,YAKMOK,20FT,0,1,0,0,27,12,0,0
CARRIER_B,2025-07-07 18:00,YAKMOK,20FT,0,0,0,0,27,12,0,0
CARRIER_B,2025-07-07 19:00,YAKMOK,20FT,0,0,0,0,27,12,0,0
CARRIER_B,2025-07-07 20:00,YAKMOK,20FT,0,0,0,0,27,12,0,0
CARRIER_B,2025-07-07 21:00,YAKMOK,20FT,0,0,0,0,27,12,0,0
CARRIER_B,2025-07-07 22:00,YAKMOK,20FT,0,0,0,0,27,12,0,0
CARRIER_B,2025-07-07 23:00,YAKMOK,20FT,0,0,0,0,27,12,0,0
CARRIER_B,2025-07-01 00:00,YAKMOK,40FT,0,0,0,0,1,1,0,0
CARRIER_B,2025-07-01 01:00,YAKMOK,40FT,0,0,0,0,1,1,0,0
CARRIER_B,2025-07-01 02:00,YAKMOK,40FT,0,0,0,0,1,1,0,0
CARRIER_B,2025-07-01 03:00,YAKMOK,40FT,0,0,0,0,1,1,0,0
CARRIER_B,2025-07-01 04:00,YAKMOK,40FT,0,0,0,0,1,1,0,0
CARRIER_B,2025-07-01 05:00,YAKMOK,40FT,0,0,0,0,1,1,0,0
CARRIER_B,2025-07-01 06:00,YAKMOK,40FT,0,0,0,0,1,1,0,0
CARRIER_B,2025-07-01 07:00,YAKMOK,40FT,0,0,0,0,1,1,0,0
CARRIER_B,2025-07-01 08:00,YAKMOK,40FT,0,0,0,0,1,1,0,0
CARRIER_B,2025-07-01 09:00,YAKMOK,40FT,0,0,0,0,1,1,0,0
CARRIER_B,2025-07-01 10:00,YAKMOK,40FT,0,0,0,0,1,1,0,0
CARRIER_B,2025-07-01 11:00,YAKMOK,40FT,0,0,0,0,1,1,0,0
CARRIER_B,2025-07-01 12:00,YAKMOK,40FT,0,0,0,0,1,1,0,0
CARRIER_B,2025-07-01 13:00,YAKMOK,40FT,1,2,0,0,2,2,0,0
CARRIER_B,2025-07-01 14:00,YAKMOK,40FT,0,0,0,0,2,2,0,0
CARRIER_B,2025-07-01 15:00,YAKMOK,40FT,1,0,0,0,1,1,0,0
CARRIER_B,2025-07-01 16:00,YAKMOK,40FT,0,0,0,0,1,1,0,0
CARRIER_B,2025-07-01 17:00,YAKMOK,40FT,0,1,0,0,2,2,0,0
CARRIER_B,2025-07-01 18:00,YAKMOK,40FT,0,0,0,0,2,2,0,0
CARRIER_B,2025-07-01 19:00,YAKMOK,40FT,0,2,0,0,4,4,0,0
CARRIER_B,2025-07-01 20:00,YAKMOK,40FT,0,0,0,0,4,4,0,0
CARRIER_B,2025-07-01 21:00,YAKMOK,40FT,0,0,0,0,4,4,0,0
CARRIER_B,2025-07-01 22:00,YAKMOK,40FT,0,0,0,0,4,4,0,0
CARRIER_B,2025-07-01 23:00,YAKMOK,40FT,0,0,0,0,4,4,0,0
CARRIER_B,2025-07-02 00:00,YAKMOK,40FT,0,0,0,0,4,4,0,0
CARRIER_B,2025-07-02 01:00,YAKMOK,40FT,0,0,0,4,4,0,0,0
CARRIER_B,2025-07-02 02:00,YAKMOK,40FT,0,0,0,0,4,0,0,0
CARRIER_B,2025-07-02 03:00,YAKMOK,40FT,0,0,0,0,4,0,0,0
CARRIER_B,2025-07-02 04:00,YAKMOK,40FT,0,0,0,0,4,0,0,0
CARRIER_B,2025-07-02 05:00,YAKMOK,40FT,0,0,0,0,4,0,0,0
CARRIER_B,2025-07-02 06:00,YAKMOK,40FT,0,0,0,0,4,0,0,0
CARRIER_B,2025-07-02 07:00,YAKMOK,40FT,0,0,0,0,4,0,0,0
CARRIER_B,2025-07-02 08:00,YAKMOK,40FT,0,0,0,0,4,0,0,0
CARRIER_B,2025-07-02 09:00,YAKMOK,40FT,0,0,0,0,4,0,0,0
CARRIER_B,2025-07-02 10:00,YAKMOK,40FT,0,0,0,0,4,0,0,0
CARRIER_B,2025-07-02 11:00,YAKMOK,40FT,0,0,0,0,4,0,0,0
CARRIER_B,2025-07-02 12:00,YAKMOK,40FT,0,0,0,0,4,0,0,0
CARRIER_B,2025-07-02 13:00,YAKMOK,40FT,0,0,0,0,4,0,0,0
CARRIER_B,2025-07-02 14:00,YAKMOK,40FT,0,0,0,0,4,0,0,0
CARRIER_B,2025-07-02 15:00,YAKMOK,40FT,0,0,0,0,4,0,0,0
CARRIER_B,2025-07-02 16:00,YAKMOK,40FT,0,0,0,0,4,0,0,0
CARRIER_B,2025-07-02 17:00,YAKMOK,40FT,0,0,0,0,4,0,0,0
CARRIER_B,2025-07-02 18:00,YAKMOK,40FT,0,0,0,0,4,0,0,0
CARRIER_B,2025-07-02 19:00,YAKMOK,40FT,0,0,0,0,4,0,0,0
CARRIER_B,2025-07-02 20:00,YAKMOK,40FT,0,0,0,0,4,0,0,0
CARRIER_B,2025-07-02 21:00,YAKMOK,40FT,0,0,0,0,4,0,0,0
CARRIER_B,2025-07-02 22:00,YAKMOK,40FT,0,0,0,0,4,0,0,0
CARRIER_B,2025-07-02 23:00,YAKMOK,40FT,0,0,0,0,4,0,0,0
CARRIER_B,2025-07-03 00:00,YAKMOK,40FT,0,0,0,0,4,0,0,0
CARRIER_B,2025-07-03 01:00,YAKMOK,40FT,0,0,0,0,4,0,0,0
CARRIER_B,2025-07-03 02:00,YAKMOK,40FT,0,0,0,0,4,0,0,0
CARRIER_B,2025-07-03 03:00,YAKMOK,40FT,0,0,0,0,4,0,0,0
CARRIER_B,2025-07-03 04:00,YAKMOK,40FT,0,0,0,0,4,0,0,0
CARRIER_B,2025-07-03 05:00,YAKMOK,40FT,0,0,0,0,4,0,0,0
CARRIER_B,2025-07-03 06:00,YAKMOK,40FT,0,0,0,0,4,0,0,0
CARRIER_B,2025-07-03 07:00,YAKMOK,40FT,0,0,0,0,4,0,0,0
CARRIER_B,2025-07-03 08:00,YAKMOK,40FT,0,1,0,0,5,1,0,0
CARRIER_B,2025-07-03 09:00,YAKMOK,40FT,0,0,0,0,5,1,0,0
CARRIER_B,2025-07-03 10:00,YAKMOK,40FT,0,0,0,0,5,1,0,0
CARRIER_B,2025-07-03 11:00,YAKMOK,40FT,0,0,0,0,5,1,0,0
CARRIER_B,2025-07-03 12:00,YAKMOK,40FT,0,1,0,0,6,2,0,0
CARRIER_B,2025-07-03 13:00,YAKMOK,40FT,0,0,0,0,6,2,0,0
CARRIER_B,2025-07-03 14:00,YAKMOK,40FT,0,0,0,0,6,2,0,0
CARRIER_B,2025-07-03 15:00,YAKMOK,40FT,0,0,0,0,6,2,0,0
CARRIER_B,2025-07-03 16:00,YAKMOK,40FT,0,0,0,0,6,2,0,0
CARRIER_B,2025-07-03 17:00,YAKMOK,40FT,0,0,0,0,6,2,0,0
CARRIER_B,2025-07-03 18:00,YAKMOK,40FT,0,0,0,0,6,2,0,0
CARRIER_B,2025-07-03 19:00,YAKMOK,40FT,0,0,0,0,6,2,0,0
CARRIER_B,2025-07-03 20:00,YAKMOK,40FT,0,0,0,0,6,2,0,0
CARRIER_B,2025-07-03 21:00,YAKMOK,40FT,0,0,0,0,6,2,0,0
CARRIER_B,2025-07-03 22:00,YAKMOK,40FT,0,0,0,0,6,2,0,0
CARRIER_B,2025-07-03 23:00,YAKMOK,40FT,0,0,0,0,6,2,0,0
CARRIER_B,2025-07-04 00:00,YAKMOK,40FT,0,0,0,0,6,2,0,0
CARRIER_B,2025-07-04 01:00,YAKMOK,40FT,0,0,0,0,6,2,0,0
CARRIER_B,2025-07-04 02:00,YAKMOK,40FT,0,0,0,0,6,2,0,0
CARRIER_B,2025-07-04 03:00,YAKMOK,40FT,0,0,0,0,6,2,0,0
CARRIER_B,2025-07-04 04:00,YAKMOK,40FT,0,0,0,0,6,2,0,0
CARRIER_B,2025-07-04 05:00,YAKMOK,40FT,0,0,0,0,6,2,0,0
CARRIER_B,2025-07-04 06:00,YAKMOK,40FT,0,0,0,0,6,2,0,0
CARRIER_B,2025-07-04 07:00,YAKMOK,40FT,0,0,0,0,6,2,0,0
CARRIER_B,2025-07-04 08:00,YAKMOK,40FT,1,0,0,0,5,1,0,0
CARRIER_B,2025-07-04 09:00,YAKMOK,40FT,0,0,0,0,5,1,0,0
CARRIER_B,2025-07-04 10:00,YAKMOK,40FT,0,0,0,0,5,1,0,0
CARRIER_B,2025-07-04 11:00,YAKMOK,40FT,0,0,0,0,5,1,0,0
CARRIER_B,2025-07-04 12:00,YAKMOK,40FT,0,0,0,0,5,1,0,0
CARRIER_B,2025-07-04 13:00,YAKMOK,40FT,0,0,0,0,5,1,0,0
CARRIER_B,2025-07-04 14:00,YAKMOK,40FT,0,0,0,0,5,1,0,0
CARRIER_B,2025-07-04 15:00,YAKMOK,40FT,0,0,0,0,5,1,0,0
CARRIER_B,2025-07-04 16:00,YAKMOK,40FT,0,0,0,0,5,1,0,0
CARRIER_B,2025-07-04 17:00,YAKMOK,40FT,0,0,0,0,5,1,0,0
CARRIER_B,2025-07-04 18:00,YAKMOK,40FT,0,0,0,0,5,1,0,0
CARRIER_B,2025-07-04 19:00,YAKMOK,40FT,0,0,0,0,5,1,0,0
CARRIER_B,2025-07-04 20:00,YAKMOK,40FT,0,0,0,0,5,1,0,0
CARRIER_B,2025-07-04 21:00,YAKMOK,40FT,0,0,0,0,5,1,0,0
CARRIER_B,2025-07-04 22:00,YAKMOK,40FT,0,0,0,0,5,1,0,0
CARRIER_B,2025-07-04 23:00,YAKMOK,40FT,0,0,0,0,5,1,0,0
CARRIER_B,2025-07-05 00:00,YAKMOK,40FT,0,0,0,0,5,1,0,0
CARRIER_B,2025-07-05 01:00,YAKMOK,40FT,0,0,0,0,5,1,0,0
CARRIER_B,2025-07-05 02:00,YAKMOK,40FT,0,0,0,0,5,1,0,0
CARRIER_B,2025-07-05 03:00,YAKMOK,40FT,0,0,0,0,5,1,0,0
CARRIER_B,2025-07-05 04:00,YAKMOK,40FT,0,0,0,0,5,1,0,0
CARRIER_B,2025-07-05 05:00,YAKMOK,40FT,0,0,0,0,5,1,0,0
CARRIER_B,2025-07-05 06:00,YAKMOK,40FT,0,0,0,0,5,1,0,0
CARRIER_B,2025-07-05 07:00,YAKMOK,40FT,0,0,0,0,5,1,0,0
CARRIER_B,2025-07-05 08:00,YAKMOK,40FT,0,0,0,0,5,1,0,0
CARRIER_B,2025-07-05 09:00,YAKMOK,40FT,0,0,0,0,5,1,0,0
CARRIER_B,2025-07-05 10:00,YAKMOK,40FT,0,0,0,0,5,1,0,0
CARRIER_B,2025-07-05 11:00,YAKMOK,40FT,0,0,0,0,5,1,0,0
CARRIER_B,2025-07-05 12:00,YAKMOK,40FT,0,0,0,0,5,1,0,0
CARRIER_B,2025-07-05 13:00,YAKMOK,40FT,0,0,0,0,5,1,0,0
CARRIER_B,2025-07-05 14:00,YAKMOK,40FT,0,0,0,0,5,1,0,0
CARRIER_B,2025-07-05 15:00,YAKMOK,40FT,0,0,0,0,5,1,0,0
CARRIER_B,2025-07-05 16:00,YAKMOK,40FT,0,0,0,0,5,1,0,0
CARRIER_B,2025-07-05 17:00,YAKMOK,40FT,0,0,0,0,5,1,0,0
CARRIER_B,2025-07-05 18:00,YAKMOK,40FT,0,0,0,0,5,1,0,0
CARRIER_B,2025-07-05 19:00,YAKMOK,40FT,0,0,0,0,5,1,0,0
CARRIER_B,2025-07-05 20:00,YAKMOK,40FT,0,0,0,0,5,1,0,0
CARRIER_B,2025-07-05 21:00,YAKMOK,40FT,0,0,0,0,5,1,0,0
CARRIER_B,2025-07-05 22:00,YAKMOK,40FT,0,0,0,0,5,1,0,0
CARRIER_B,2025-07-05 23:00,YAKMOK,40FT,0,0,0,0,5,1,0,0
CARRIER_B,2025-07-06 00:00,YAKMOK,40FT,0,0,0,0,5,1,0,0
CARRIER_B,2025-07-06 01:00,YAKMOK,40FT,0,0,0,0,5,1,0,0
CARRIER_B,2025-07-06 02:00,YAKMOK,40FT,0,0,0,0,5,1,0,0
CARRIER_B,2025-07-06 03:00,YAKMOK,40FT,0,0,0,0,5,1,0,0
CARRIER_B,2025-07-06 04:00,YAKMOK,40FT,0,0,0,0,5,1,0,0
CARRIER_B,2025-07-06 05:00,YAKMOK,40FT,0,0,0,0,5,1,0,0
CARRIER_B,2025-07-06 06:00,YAKMOK,40FT,0,0,0,0,5,1,0,0
CARRIER_B,2025-07-06 07:00,YAKMOK,40FT,0,0,0,0,5,1,0,0
CARRIER_B,2025-07-06 08:00,YAKMOK,40FT,0,0,0,0,5,1,0,0
CARRIER_B,2025-07-06 09:00,YAKMOK,40FT,0,0,0,0,5,1,0,0
CARRIER_B,2025-07-06 10:00,YAKMOK,40FT,0,0,0,0,5,1,0,0
CARRIER_B,2025-07-06 11:00,YAKMOK,40FT,0,0,0,0,5,1,0,0
CARRIER_B,2025-07-06 12:00,YAKMOK,40FT,0,0,0,0,5,1,0,0
CARRIER_B,2025-07-06 13:00,YAKMOK,40FT,0,0,0,0,5,1,0,0
CARRIER_B,2025-07-06 14:00,YAKMOK,40FT,0,0,0,0,5,1,0,0
CARRIER_B,2025-07-06 15:00,YAKMOK,40FT,0,0,0,0,5,1,0,0
CARRIER_B,2025-07-06 16:00,YAKMOK,40FT,0,0,0,0,5,1,0,0
CARRIER_B,2025-07-06 17:00,YAKMOK,40FT,0,0,0,0,5,1,0,0
CARRIER_B,2025-07-06 18:00,YAKMOK,40FT,0,0,0,0,5,1,0,0
CARRIER_B,2025-07-06 19:00,YAKMOK,40FT,0,0,0,0,5,1,0,0
CARRIER_B,2025-07-06 20:00,YAKMOK,40FT,0,0,0,0,5,1,0,0
CARRIER_B,2025-07-06 21:00,YAKMOK,40FT,0,0,0,0,5,1,0,0
CARRIER_B,2025-07-06 22:00,YAKMOK,40FT,0,0,0,0,5,1,0,0
CARRIER_B,2025-07-06 23:00,YAKMOK,40FT,0,0,0,0,5,1,0,0
CARRIER_B,2025-07-07 00:00,YAKMOK,40FT,0,0,0,0,5,1,0,0
CARRIER_B,2025-07-07 01:00,YAKMOK,40FT,0,0,0,0,5,1,0,0
CARRIER_B,2025-07-07 02:00,YAKMOK,40FT,0,0,0,0,5,1,0,0
CARRIER_B,2025-07-07 03:00,YAKMOK,40FT,0,0,0,0,5,1,0,0
CARRIER_B,2025-07-07 04:00,YAKMOK,40FT,0,0,0,0,5,1,0,0
CARRIER_B,2025-07-07 05:00,YAKMOK,40FT,0,0,0,0,5,1,0,0
CARRIER_B,2025-07-07 06:00,YAKMOK,40FT,0,0,0,0,5,1,0,0
CARRIER_B,2025-07-07 07:00,YAKMOK,40FT,0,0,0,0,5,1,0,0
CARRIER_B,2025-07-07 08:00,YAKMOK,40FT,0,0,0,0,5,1,0,0
CARRIER_B,2025-07-07 09:00,YAKMOK,40FT,0,0,0,0,5,1,0,0
CARRIER_B,2025-07-07 10:00,YAKMOK,40FT,0,0,0,0,5,1,0,0
CARRIER_B,2025-07-07 11:00,YAKMOK,40FT,0,0,0,0,5,1,0,0
CARRIER_B,2025-07-07 12:00,YAKMOK,40FT,0,0,0,0,5,1,0,0
CARRIER_B,2025-07-07 13:00,YAKMOK,40FT,0,0,0,0,5,1,0,0
CARRIER_B,2025-07-07 14:00,YAKMOK,40FT,1,0,0,0,4,0,0,0
CARRIER_B,2025-07-07 15:00,YAKMOK,40FT,0,0,0,0,4,0,0,0
CARRIER_B,2025-07-07 16:00,YAKMOK,40FT,0,0,0,0,4,0,0,0
CARRIER_B,2025-07-07 17:00,YAKMOK,40FT,0,0,0,0,4,0,0,0
CARRIER_B,2025-07-07 18:00,YAKMOK,40FT,0,0,0,0,4,0,0,0
CARRIER_B,2025-07-07 19:00,YAKMOK,40FT,0,1,0,0,5,1,0,0
CARRIER_B,2025-07-07 20:00,YAKMOK,40FT,0,0,0,0,5,1,0,0
CARRIER_B,2025-07-07 21:00,YAKMOK,40FT,0,0,0,0,5,1,0,0
CARRIER_B,2025-07-07 22:00,YAKMOK,40FT,0,0,0,0,5,1,0,0
CARRIER_B,2025-07-07 23:00,YAKMOK,40FT,0,0,0,0,5,1,0,0
CARRIER_C,2025-07-01 00:00,BUGANG,20FT,0,0,0,0,4,4,0,0
CARRIER_C,2025-07-01 01:00,BUGANG,20FT,0,0,0,0,4,4,0,0
CARRIER_C,2025-07-01 02:00,BUGANG,20FT,0,0,0,0,4,4,0,0
CARRIER_C,2025-07-01 03:00,BUGANG,20FT,0,0,0,0,4,4,0,0
CARRIER_C,2025-07-01 04:00,BUGANG,20FT,0,0,0,0,4,4,0,0
CARRIER_C,2025-07-01 05:00,BUGANG,20FT,0,0,0,0,4,4,0,0
CARRIER_C,2025-07-01 06:00,BUGANG,20FT,0,0,0,0,4,4,0,0
CARRIER_C,2025-07-01 07:00,BUGANG,20FT,0,0,0,0,4,4,0,0
CARRIER_C,2025-07-01 08:00,BUGANG,20FT,0,0,0,0,4,4,0,0
CARRIER_C,2025-07-01 09:00,BUGANG,20FT,0,0,0,0,4,4,0,0
CARRIER_C,2025-07-01 10:00,BUGANG,20FT,0,0,0,0,4,4,0,0
CARRIER_C,2025-07-01 11:00,BUGANG,20FT,0,0,0,0,4,4,0,0
CARRIER_C,2025-07-01 12:00,BUGANG,20FT,0,0,0,0,4,4,0,0
CARRIER_C,2025-07-01 13:00,BUGANG,20FT,0,0,0,0,4,4,0,0
CARRIER_C,2025-07-01 14:00,BUGANG,20FT,0,0,0,0,4,4,0,0
CARRIER_C,2025-07-01 15:00,BUGANG,20FT,0,0,0,0,4,4,0,0
CARRIER_C,2025-07-01 16:00,BUGANG,20FT,0,0,0,0,4,4,0,0
CARRIER_C,2025-07-01 17:00,BUGANG,20FT,0,0,0,0,4,4,0,0
CARRIER_C,2025-07-01 18:00,BUGANG,20FT,0,0,0,0,4,4,0,0
CARRIER_C,2025-07-01 19:00,BUGANG,20FT,0,0,0,0,4,4,0,0
CARRIER_C,2025-07-01 20:00,BUGANG,20FT,0,0,0,0,4,4,0,0
CARRIER_C,2025-07-01 21:00,BUGANG,20FT,0,0,0,0,4,4,0,0
CARRIER_C,2025-07-01 22:00,BUGANG,20FT,0,0,0,0,4,4,0,0
CARRIER_C,2025-07-01 23:00,BUGANG,20FT,0,0,0,0,4,4,0,0
CARRIER_C,2025-07-02 00:00,BUGANG,20FT,0,0,0,0,4,4,0,0
CARRIER_C,2025-07-02 01:00,BUGANG,20FT,0,0,0,0,4,4,0,0
CARRIER_C,2025-07-02 02:00,BUGANG,20FT,0,0,0,0,4,4,0,0
CARRIER_C,2025-07-02 03:00,BUGANG,20FT,0,0,0,0,4,4,0,0
CARRIER_C,2025-07-02 04:00,BUGANG,20FT,0,0,0,0,4,4,0,0
CARRIER_C,2025-07-02 05:00,BUGANG,20FT,0,0,0,0,4,4,0,0
CARRIER_C,2025-07-02 06:00,BUGANG,20FT,0,0,0,0,4,4,0,0
CARRIER_C,2025-07-02 07:00,BUGANG,20FT,0,0,0,0,4,4,0,0
CARRIER_C,2025-07-02 08:00,BUGANG,20FT,0,0,0,0,4,4,0,0
CARRIER_C,2025-07-02 09:00,BUGANG,20FT,0,0,0,0,4,4,0,0
CARRIER_C,2025-07-02 10:00,BUGANG,20FT,0,0,0,0,4,4,0,0
CARRIER_C,2025-07-02 11:00,BUGANG,20FT,0,0,0,0,4,4,0,0
CARRIER_C,2025-07-02 12:00,BUGANG,20FT,0,0,0,0,4,4,0,0
CARRIER_C,2025-07-02 13:00,BUGANG,20FT,0,0,0,0,4,4,0,0
CARRIER_C,2025-07-02 14:00,BUGANG,20FT,0,0,0,0,4,4,0,0
CARRIER_C,2025-07-02 15:00,BUGANG,20FT,1,0,0,0,3,3,0,0
CARRIER_C,2025-07-02 16:00,BUGANG,20FT,0,0,0,0,3,3,0,0
CARRIER_C,2025-07-02 17:00,BUGANG,20FT,0,0,0,0,3,3,0,0
CARRIER_C,2025-07-02 18:00,BUGANG,20FT,0,0,0,0,3,3,0,0
CARRIER_C,2025-07-02 19:00,BUGANG,20FT,0,0,0,0,3,3,0,0
CARRIER_C,2025-07-02 20:00,BUGANG,20FT,0,0,0,0,3,3,0,0
CARRIER_C,2025-07-02 21:00,BUGANG,20FT,0,0,0,0,3,3,0,0
CARRIER_C,2025-07-02 22:00,BUGANG,20FT,0,0,0,0,3,3,0,0
CARRIER_C,2025-07-02 23:00,BUGANG,20FT,0,0,0,0,3,3,0,0
CARRIER_C,2025-07-03 00:00,BUGANG,20FT,0,0,0,0,3,3,0,0
CARRIER_C,2025-07-03 01:00,BUGANG,20FT,0,0,0,0,3,3,0,0
CARRIER_C,2025-07-03 02:00,BUGANG,20FT,0,0,0,0,3,3,0,0
CARRIER_C,2025-07-03 03:00,BUGANG,20FT,0,0,0,0,3,3,0,0
CARRIER_C,2025-07-03 04:00,BUGANG,20FT,0,0,0,0,3,3,0,0
CARRIER_C,2025-07-03 05:00,BUGANG,20FT,0,0,0,0,3,3,0,0
CARRIER_C,2025-07-03 06:00,BUGANG,20FT,0,0,0,0,3,3,0,0
CARRIER_C,2025-07-03 07:00,BUGANG,20FT,0,0,0,0,3,3,0,0
CARRIER_C,2025-07-03 08:00,BUGANG,20FT,0,0,0,0,3,3,0,0
CARRIER_C,2025-07-03 09:00,BUGANG,20FT,0,0,0,0,3,3,0,0
CARRIER_C,2025-07-03 10:00,BUGANG,20FT,0,0,0,0,3,3,0,0
CARRIER_C,2025-07-03 11:00,BUGANG,20FT,0,0,0,0,3,3,0,0
CARRIER_C,2025-07-03 12:00,BUGANG,20FT,0,0,0,0,3,3,0,0
CARRIER_C,2025-07-03 13:00,BUGANG,20FT,0,0,0,0,3,3,0,0
CARRIER_C,2025-07-03 14:00,BUGANG,20FT,1,0,0,0,2,2,0,0
CARRIER_C,2025-07-03 15:00,BUGANG,20FT,0,0,0,0,2,2,0,0
CARRIER_C,2025-07-03 16:00,BUGANG,20FT,1,0,0,0,1,1,0,0
CARRIER_C,2025-07-03 17:00,BUGANG,20FT,0,0,0,0,1,1,0,0
CARRIER_C,2025-07-03 18:00,BUGANG,20FT,0,0,0,0,1,1,0,0
CARRIER_C,2025-07-03 19:00,BUGANG,20FT,0,0,0,0,1,1,0,0
CARRIER_C,2025-07-03 20:00,BUGANG,20FT,0,0,0,0,1,1,0,0
CARRIER_C,2025-07-03 21:00,BUGANG,20FT,0,0,0,0,1,1,0,0
CARRIER_C,2025-07-03 22:00,BUGANG,20FT,0,0,0,0,1,1,0,0
CARRIER_C,2025-07-03 23:00,BUGANG,20FT,0,0,0,0,1,1,0,0
CARRIER_C,2025-07-04 00:00,BUGANG,20FT,0,0,0,0,1,1,0,0
CARRIER_C,2025-07-04 01:00,BUGANG,20FT,0,0,0,0,1,1,0,0
CARRIER_C,2025-07-04 02:00,BUGANG,20FT,0,0,0,0,1,1,0,0
CARRIER_C,2025-07-04 03:00,BUGANG,20FT,0,0,0,0,1,1,0,0
CARRIER_C,2025-07-04 04:00,BUGANG,20FT,0,0,0,0,1,1,0,0
CARRIER_C,2025-07-04 05:00,BUGANG,20FT,0,0,0,0,1,1,0,0
CARRIER_C,2025-07-04 06:00,BUGANG,20FT,0,0,0,0,1,1,0,0
CARRIER_C,2025-07-04 07:00,BUGANG,20FT,0,0,0,0,1,1,0,0
CARRIER_C,2025-07-04 08:00,BUGANG,20FT,0,0,0,0,1,1,0,0
CARRIER_C,2025-07-04 09:00,BUGANG,20FT,0,0,0,0,1,1,0,0
CARRIER_C,2025-07-04 10:00,BUGANG,20FT,0,0,0,0,1,1,0,0
CARRIER_C,2025-07-04 11:00,BUGANG,20FT,0,0,0,0,1,1,0,0
CARRIER_C,2025-07-04 12:00,BUGANG,20FT,0,2,0,0,3,3,0,0
CARRIER_C,2025-07-04 13:00,BUGANG,20FT,0,0,0,0,3,3,0,0
CARRIER_C,2025-07-04 14:00,BUGANG,20FT,0,0,0,0,3,3,0,0
CARRIER_C,2025-07-04 15:00,BUGANG,20FT,0,0,0,0,3,3,0,0
CARRIER_C,2025-07-04 16:00,BUGANG,20FT,0,0,0,0,3,3,0,0
CARRIER_C,2025-07-04 17:00,BUGANG,20FT,0,0,0,0,3,3,0,0
CARRIER_C,2025-07-04 18:00,BUGANG,20FT,0,0,0,0,3,3,0,0
CARRIER_C,2025-07-04 19:00,BUGANG,20FT,0,0,0,0,3,3,0,0
CARRIER_C,2025-07-04 20:00,BUGANG,20FT,0,0,0,1,3,2,0,0
CARRIER_C,2025-07-04 21:00,BUGANG,20FT,0,0,0,0,3,2,0,0
CARRIER_C,2025-07-04 22:00,BUGANG,20FT,0,0,0,0,3,2,0,0
CARRIER_C,2025-07-04 23:00,BUGANG,20FT,0,0,0,0,3,2,0,0
CARRIER_C,2025-07-05 00:00,BUGANG,20FT,0,0,0,0,3,2,0,0
CARRIER_C,2025-07-05 01:00,BUGANG,20FT,0,0,0,0,3,2,0,0
CARRIER_C,2025-07-05 02:00,BUGANG,20FT,0,0,0,0,3,2,0,0
CARRIER_C,2025-07-05 03:00,BUGANG,20FT,0,0,0,0,3,2,0,0
CARRIER_C,2025-07-05 04:00,BUGANG,20FT,0,0,0,0,3,2,0,0
CARRIER_C,2025-07-05 05:00,BUGANG,20FT,0,0,0,0,3,2,0,0
CARRIER_C,2025-07-05 06:00,BUGANG,20FT,0,0,0,0,3,2,0,0
CARRIER_C,2025-07-05 07:00,BUGANG,20FT,0,0,0,0,3,2,0,0
CARRIER_C,2025-07-05 08:00,BUGANG,20FT,0,1,0,0,4,3,0,0
CARRIER_C,2025-07-05 09:00,BUGANG,20FT,0,0,0,0,4,3,0,0
CARRIER_C,2025-07-05 10:00,BUGANG,20FT,1,0,0,0,3,2,0,0
CARRIER_C,2025-07-05 11:00,BUGANG,20FT,0,0,0,0,3,2,0,0
CARRIER_C,2025-07-05 12:00,BUGANG,20FT,0,0,0,0,3,2,0,0
CARRIER_C,2025-07-05 13:00,BUGANG,20FT,0,0,0,0,3,2,0,0
CARRIER_C,2025-07-05 14:00,BUGANG,20FT,0,0,0,0,3,2,0,0
CARRIER_C,2025-07-05 15:00,BUGANG,20FT,0,0,0,0,3,2,0,0
CARRIER_C,2025-07-05 16:00,BUGANG,20FT,0,0,0,0,3,2,0,0
CARRIER_C,2025-07-05 17:00,BUGANG,20FT,0,0,0,0,3,2,0,0
CARRIER_C,2025-07-05 18:00,BUGANG,20FT,0,0,0,0,3,2,0,0
CARRIER_C,2025-07-05 19:00,BUGANG,20FT,0,0,0,0,3,2,0,0
CARRIER_C,2025-07-05 20:00,BUGANG,20FT,0,0,0,0,3,2,0,0
CARRIER_C,2025-07-05 21:00,BUGANG,20FT,0,0,0,0,3,2,0,0
CARRIER_C,2025-07-05 22:00,BUGANG,20FT,0,0,0,0,3,2,0,0
CARRIER_C,2025-07-05 23:00,BUGANG,20FT,0,0,0,0,3,2,0,0
CARRIER_C,2025-07-06 00:00,BUGANG,20FT,0,0,0,0,3,2,0,0
CARRIER_C,2025-07-06 01:00,BUGANG,20FT,0,0,0,0,3,2,0,0
CARRIER_C,2025-07-06 02:00,BUGANG,20FT,0,0,0,0,3,2,0,0
CARRIER_C,2025-07-06 03:00,BUGANG,20FT,0,0,0,0,3,2,0,0
CARRIER_C,2025-07-06 04:00,BUGANG,20FT,0,0,0,0,3,2,0,0
CARRIER_C,2025-07-06 05:00,BUGANG,20FT,0,0,0,0,3,2,0,0
CARRIER_C,2025-07-06 06:00,BUGANG,20FT,0,0,0,0,3,2,0,0
CARRIER_C,2025-07-06 07:00,BUGANG,20FT,0,0,0,0,3,2,0,0
CARRIER_C,2025-07-06 08:00,BUGANG,20FT,1,0,0,0,2,1,0,0
CARRIER_C,2025-07-06 09:00,BUGANG,20FT,0,0,0,0,2,1,0,0
CARRIER_C,2025-07-06 10:00,BUGANG,20FT,0,0,0,0,2,1,0,0
CARRIER_C,2025-07-06 11:00,BUGANG,20FT,0,0,0,0,2,1,0,0
CARRIER_C,2025-07-06 12:00,BUGANG,20FT,0,0,0,0,2,1,0,0
CARRIER_C,2025-07-06 13:00,BUGANG,20FT,0,0,0,0,2,1,0,0
CARRIER_C,2025-07-06 14:00,BUGANG,20FT,0,0,0,0,2,1,0,0
CARRIER_C,2025-07-06 15:00,BUGANG,20FT,0,0,0,0,2,1,0,0
CARRIER_C,2025-07-06 16:00,BUGANG,20FT,0,0,0,0,2,1,0,0
CARRIER_C,2025-07-06 17:00,BUGANG,20FT,0,0,0,0,2,1,0,0
CARRIER_C,2025-07-06 18:00,BUGANG,20FT,0,0,0,0,2,1,0,0
CARRIER_C,2025-07-06 19:00,BUGANG,20FT,0,1,0,0,3,2,0,0
CARRIER_C,2025-07-06 20:00,BUGANG,20FT,0,0,0,0,3,2,0,0
CARRIER_C,2025-07-06 21:00,BUGANG,20FT,0,0,0,0,3,2,0,0
CARRIER_C,2025-07-06 22:00,BUGANG,20FT,0,0,0,0,3,2,0,0
CARRIER_C,2025-07-06 23:00,BUGANG,20FT,0,0,0,0,3,2,0,0
CARRIER_C,2025-07-07 00:00,BUGANG,20FT,0,0,0,0,3,2,0,0
CARRIER_C,2025-07-07 01:00,BUGANG,20FT,0,0,0,0,3,2,0,0
CARRIER_C,2025-07-07 02:00,BUGANG,20FT,0,0,0,0,3,2,0,0
CARRIER_C,2025-07-07 03:00,BUGANG,20FT,0,0,0,0,3,2,0,0
CARRIER_C,2025-07-07 04:00,BUGANG,20FT,0,0,0,0,3,2,0,0
CARRIER_C,2025-07-07 05:00,BUGANG,20FT,0,0,0,0,3,2,0,0
CARRIER_C,2025-07-07 06:00,BUGANG,20FT,0,0,0,0,3,2,0,0
CARRIER_C,2025-07-07 07:00,BUGANG,20FT,0,0,0,0,3,2,0,0
CARRIER_C,2025-07-07 08:00,BUGANG,20FT,0,0,0,0,3,2,0,0
CARRIER_C,2025-07-07 09:00,BUGANG,20FT,0,0,0,0,3,2,0,0
CARRIER_C,2025-07-07 10:00,BUGANG,20FT,0,0,0,0,3,2,0,0
CARRIER_C,2025-07-07 11:00,BUGANG,20FT,0,1,0,0,4,3,0,0
CARRIER_C,2025-07-07 12:00,BUGANG,20FT,0,0,0,0,4,3,0,0
CARRIER_C,2025-07-07 13:00,BUGANG,20FT,0,0,0,0,4,3,0,0
CARRIER_C,2025-07-07 14:00,BUGANG,20FT,0,0,0,0,4,3,0,0
CARRIER_C,2025-07-07 15:00,BUGANG,20FT,0,0,0,0,4,3,0,0
CARRIER_C,2025-07-07 16:00,BUGANG,20FT,0,0,0,0,4,3,0,0
CARRIER_C,2025-07-07 17:00,BUGANG,20FT,0,0,0,0,4,3,0,0
CARRIER_C,2025-07-07 18:00,BUGANG,20FT,0,0,0,0,4,3,0,0
CARRIER_C,2025-07-07 19:00,BUGANG,20FT,0,0,0,0,4,3,0,0
CARRIER_C,2025-07-07 20:00,BUGANG,20FT,0,0,0,0,4,3,0,0
CARRIER_C,2025-07-07 21:00,BUGANG,20FT,0,0,0,0,4,3,0,0
CARRIER_C,2025-07-07 22:00,BUGANG,20FT,0,0,0,0,4,3,0,0
CARRIER_C,2025-07-07 23:00,BUGANG,20FT,0,0,0,0,4,3,0,0
CARRIER_C,2025-07-01 00:00,BUGANG,40FT,0,0,0,0,1,1,0,0
CARRIER_C,2025-07-01 01:00,BUGANG,40FT,0,0,0,0,1,1,0,0
CARRIER_C,2025-07-01 02:00,BUGANG,40FT,0,0,0,0,1,1,0,0
CARRIER_C,2025-07-01 03:00,BUGANG,40FT,0,0,0,0,1,1,0,0
CARRIER_C,2025-07-01 04:00,BUGANG,40FT,0,0,0,0,1,1,0,0
CARRIER_C,2025-07-01 05:00,BUGANG,40FT,0,0,0,0,1,1,0,0
CARRIER_C,2025-07-01 06:00,BUGANG,40FT,0,0,0,0,1,1,0,0
CARRIER_C,2025-07-01 07:00,BUGANG,40FT,0,0,0,0,1,1,0,0
CARRIER_C,2025-07-01 08:00,BUGANG,40FT,0,0,0,0,1,1,0,0
CARRIER_C,2025-07-01 09:00,BUGANG,40FT,0,1,0,0,2,2,0,0
CARRIER_C,2025-07-01 10:00,BUGANG,40FT,0,0,0,0,2,2,0,0
CARRIER_C,2025-07-01 11:00,BUGANG,40FT,0,0,0,0,2,2,0,0
CARRIER_C,2025-07-01 12:00,BUGANG,40FT,0,0,0,0,2,2,0,0
CARRIER_C,2025-07-01 13:00,BUGANG,40FT,0,0,0,0,2,2,0,0
CARRIER_C,2025-07-01 14:00,BUGANG,40FT,0,0,0,0,2,2,0,0
CARRIER_C,2025-07-01 15:00,BUGANG,40FT,0,0,0,0,2,2,0,0
CARRIER_C,2025-07-01 16:00,BUGANG,40FT,0,0,0,0,2,2,0,0
CARRIER_C,2025-07-01 17:00,BUGANG,40FT,0,0,0,0,2,2,0,0
CARRIER_C,2025-07-01 18:00,BUGANG,40FT,0,1,0,0,3,3,0,0
CARRIER_C,2025-07-01 19:00,BUGANG,40FT,0,0,0,0,3,3,0,0
CARRIER_C,2025-07-01 20:00,BUGANG,40FT,0,0,0,0,3,3,0,0
CARRIER_C,2025-07-01 21:00,BUGANG,40FT,0,0,0,0,3,3,0,0
CARRIER_C,2025-07-01 22:00,BUGANG,40FT,0,0,0,0,3,3,0,0
CARRIER_C,2025-07-01 23:00,BUGANG,40FT,0,0,0,0,3,3,0,0
CARRIER_C,2025-07-02 00:00,BUGANG,40FT,0,0,0,0,3,3,0,0
CARRIER_C,2025-07-02 01:00,BUGANG,40FT,0,0,0,0,3,3,0,0
CARRIER_C,2025-07-02 02:00,BUGANG,40FT,0,0,0,0,3,3,0,0
CARRIER_C,2025-07-02 03:00,BUGANG,40FT,0,0,0,0,3,3,0,0
CARRIER_C,2025-07-02 04:00,BUGANG,40FT,0,0,0,0,3,3,0,0
CARRIER_C,2025-07-02 05:00,BUGANG,40FT,0,0,0,0,3,3,0,0
CARRIER_C,2025-07-02 06:00,BUGANG,40FT,0,0,0,0,3,3,0,0
CARRIER_C,2025-07-02 07:00,BUGANG,40FT,0,0,0,0,3,3,0,0
CARRIER_C,2025-07-02 08:00,BUGANG,40FT,0,0,0,0,3,3,0,0
CARRIER_C,2025-07-02 09:00,BUGANG,40FT,0,0,0,0,3,3,0,0
CARRIER_C,2025-07-02 10:00,BUGANG,40FT,0,0,0,0,3,3,0,0
CARRIER_C,2025-07-02 11:00,BUGANG,40FT,0,0,0,0,3,3,0,0
CARRIER_C,2025-07-02 12:00,BUGANG,40FT,0,0,0,0,3,3,0,0
CARRIER_C,2025-07-02 13:00,BUGANG,40FT,0,0,0,0,3,3,0,0
CARRIER_C,2025-07-02 14:00,BUGANG,40FT,0,0,0,0,3,3,0,0
CARRIER_C,2025-07-02 15:00,BUGANG,40FT,0,0,0,0,3,3,0,0
CARRIER_C,2025-07-02 16:00,BUGANG,40FT,0,0,0,0,3,3,0,0
CARRIER_C,2025-07-02 17:00,BUGANG,40FT,0,0,0,0,3,3,0,0
CARRIER_C,2025-07-02 18:00,BUGANG,40FT,0,0,0,0,3,3,0,0
CARRIER_C,2025-07-02 19:00,BUGANG,40FT,0,0,0,0,3,3,0,0
CARRIER_C,2025-07-02 20:00,BUGANG,40FT,0,0,0,0,3,3,0,0
CARRIER_C,2025-07-02 21:00,BUGANG,40FT,0,0,0,0,3,3,0,0
CARRIER_C,2025-07-02 22:00,BUGANG,40FT,0,0,0,0,3,3,0,0
CARRIER_C,2025-07-02 23:00,BUGANG,40FT,0,0,0,0,3,3,0,0
CARRIER_C,2025-07-03 00:00,BUGANG,40FT,0,0,0,0,3,3,0,0
CARRIER_C,2025-07-03 01:00,BUGANG,40FT,0,0,0,0,3,3,0,0
CARRIER_C,2025-07-03 02:00,BUGANG,40FT,0,0,0,0,3,3,0,0
CARRIER_C,2025-07-03 03:00,BUGANG,40FT,0,0,0,0,3,3,0,0
CARRIER_C,2025-07-03 04:00,BUGANG,40FT,0,0,0,0,3,3,0,0
CARRIER_C,2025-07-03 05:00,BUGANG,40FT,0,0,0,0,3,3,0,0
CARRIER_C,2025-07-03 06:00,BUGANG,40FT,0,0,0,0,3,3,0,0
CARRIER_C,2025-07-03 07:00,BUGANG,40FT,0,0,0,0,3,3,0,0
CARRIER_C,2025-07-03 08:00,BUGANG,40FT,0,0,0,0,3,3,0,0
CARRIER_C,2025-07-03 09:00,BUGANG,40FT,0,0,0,0,3,3,0,0
CARRIER_C,2025-07-03 10:00,BUGANG,40FT,0,0,0,0,3,3,0,0
CARRIER_C,2025-07-03 11:00,BUGANG,40FT,0,0,0,0,3,3,0,0
CARRIER_C,2025-07-03 12:00,BUGANG,40FT,0,0,0,0,3,3,0,0
CARRIER_C,2025-07-03 13:00,BUGANG,40FT,0,0,0,0,3,3,0,0
CARRIER_C,2025-07-03 14:00,BUGANG,40FT,0,0,0,0,3,3,0,0
CARRIER_C,2025-07-03 15:00,BUGANG,40FT,0,0,0,0,3,3,0,0
CARRIER_C,2025-07-03 16:00,BUGANG,40FT,0,0,0,0,3,3,0,0
CARRIER_C,2025-07-03 17:00,BUGANG,40FT,0,0,0,0,3,3,0,0
CARRIER_C,2025-07-03 18:00,BUGANG,40FT,0,0,0,0,3,3,0,0
CARRIER_C,2025-07-03 19:00,BUGANG,40FT,0,0,0,0,3,3,0,0
CARRIER_C,2025-07-03 20:00,BUGANG,40FT,0,0,0,0,3,3,0,0
CARRIER_C,2025-07-03 21:00,BUGANG,40FT,0,0,0,0,3,3,0,0
CARRIER_C,2025-07-03 22:00,BUGANG,40FT,0,0,0,0,3,3,0,0
CARRIER_C,2025-07-03 23:00,BUGANG,40FT,0,0,0,0,3,3,0,0
CARRIER_C,2025-07-04 00:00,BUGANG,40FT,0,0,0,0,3,3,0,0
CARRIER_C,2025-07-04 01:00,BUGANG,40FT,0,0,0,0,3,3,0,0
CARRIER_C,2025-07-04 02:00,BUGANG,40FT,0,0,0,0,3,3,0,0
CARRIER_C,2025-07-04 03:00,BUGANG,40FT,0,0,0,0,3,3,0,0
CARRIER_C,2025-07-04 04:00,BUGANG,40FT,0,0,0,0,3,3,0,0
CARRIER_C,2025-07-04 05:00,BUGANG,40FT,0,0,0,0,3,3,0,0
CARRIER_C,2025-07-04 06:00,BUGANG,40FT,0,0,0,0,3,3,0,0
CARRIER_C,2025-07-04 07:00,BUGANG,40FT,0,0,0,0,3,3,0,0
CARRIER_C,2025-07-04 08:00,BUGANG,40FT,0,0,0,0,3,3,0,0
CARRIER_C,2025-07-04 09:00,BUGANG,40FT,0,0,0,0,3,3,0,0
CARRIER_C,2025-07-04 10:00,BUGANG,40FT,0,0,0,0,3,3,0,0
CARRIER_C,2025-07-04 11:00,BUGANG,40FT,0,0,0,0,3,3,0,0
CARRIER_C,2025-07-04 12:00,BUGANG,40FT,0,0,0,0,3,3,0,0
CARRIER_C,2025-07-04 13:00,BUGANG,40FT,0,1,0,0,4,4,0,0
CARRIER_C,2025-07-04 14:00,BUGANG,40FT,0,0,0,0,4,4,0,0
CARRIER_C,2025-07-04 15:00,BUGANG,40FT,0,1,0,0,5,5,0,0
CARRIER_C,2025-07-04 16:00,BUGANG,40FT,0,0,0,0,5,5,0,0
CARRIER_C,2025-07-04 17:00,BUGANG,40FT,0,0,0,0,5,5,0,0
CARRIER_C,2025-07-04 18:00,BUGANG,40FT,0,0,0,0,5,5,0,0
CARRIER_C,2025-07-04 19:00,BUGANG,40FT,0,0,0,0,5,5,0,0
CARRIER_C,2025-07-04 20:00,BUGANG,40FT,0,0,0,0,5,5,0,0
CARRIER_C,2025-07-04 21:00,BUGANG,40FT,0,0,0,0,5,5,0,0
CARRIER_C,2025-07-04 22:00,BUGANG,40FT,0,0,0,0,5,5,0,0
CARRIER_C,2025-07-04 23:00,BUGANG,40FT,0,0,0,0,5,5,0,0
CARRIER_C,2025-07-05 00:00,BUGANG,40FT,0,0,0,0,5,5,0,0
CARRIER_C,2025-07-05 01:00,BUGANG,40FT,0,0,0,0,5,5,0,0
CARRIER_C,2025-07-05 02:00,BUGANG,40FT,0,0,0,0,5,5,0,0
CARRIER_C,2025-07-05 03:00,BUGANG,40FT,0,0,0,0,5,5,0,0
CARRIER_C,2025-07-05 04:00,BUGANG,40FT,0,0,0,0,5,5,0,0
CARRIER_C,2025-07-05 05:00,BUGANG,40FT,0,0,0,0,5,5,0,0
CARRIER_C,2025-07-05 06:00,BUGANG,40FT,0,0,0,0,5,5,0,0
CARRIER_C,2025-07-05 07:00,BUGANG,40FT,0,0,0,0,5,5,0,0
CARRIER_C,2025-07-05 08:00,BUGANG,40FT,0,0,0,0,5,5,0,0
CARRIER_C,2025-07-05 09:00,BUGANG,40FT,0,0,0,0,5,5,0,0
CARRIER_C,2025-07-05 10:00,BUGANG,40FT,0,0,0,0,5,5,0,0
CARRIER_C,2025-07-05 11:00,BUGANG,40FT,0,0,0,0,5,5,0,0
CARRIER_C,2025-07-05 12:00,BUGANG,40FT,0,1,0,0,6,6,0,0
CARRIER_C,2025-07-05 13:00,BUGANG,40FT,0,0,0,0,6,6,0,0
CARRIER_C,2025-07-05 14:00,BUGANG,40FT,0,0,0,0,6,6,0,0
CARRIER_C,2025-07-05 15:00,BUGANG,40FT,0,0,0,0,6,6,0,0
CARRIER_C,2025-07-05 16:00,BUGANG,40FT,0,0,0,0,6,6,0,0
CARRIER_C,2025-07-05 17:00,BUGANG,40FT,0,0,0,0,6,6,0,0
CARRIER_C,2025-07-05 18:00,BUGANG,40FT,0,0,0,0,6,6,0,0
CARRIER_C,2025-07-05 19:00,BUGANG,40FT,0,0,0,0,6,6,0,0
CARRIER_C,2025-07-05 20:00,BUGANG,40FT,0,0,0,0,6,6,0,0
CARRIER_C,2025-07-05 21:00,BUGANG,40FT,0,0,0,0,6,6,0,0
CARRIER_C,2025-07-05 22:00,BUGANG,40FT,0,0,0,0,6,6,0,0
CARRIER_C,2025-07-05 23:00,BUGANG,40FT,0,0,0,0,6,6,0,0
CARRIER_C,2025-07-06 00:00,BUGANG,40FT,0,0,0,0,6,6,0,0
CARRIER_C,2025-07-06 01:00,BUGANG,40FT,0,0,0,0,6,6,0,0
CARRIER_C,2025-07-06 02:00,BUGANG,40FT,0,0,0,0,6,6,0,0
CARRIER_C,2025-07-06 03:00,BUGANG,40FT,0,0,0,0,6,6,0,0
CARRIER_C,2025-07-06 04:00,BUGANG,40FT,0,0,0,0,6,6,0,0
CARRIER_C,2025-07-06 05:00,BUGANG,40FT,0,0,0,0,6,6,0,0
CARRIER_C,2025-07-06 06:00,BUGANG,40FT,0,0,0,0,6,6,0,0
CARRIER_C,2025-07-06 07:00,BUGANG,40FT,0,0,0,0,6,6,0,0
CARRIER_C,2025-07-06 08:00,BUGANG,40FT,0,0,0,0,6,6,0,0
CARRIER_C,2025-07-06 09:00,BUGANG,40FT,0,0,0,0,6,6,0,0
CARRIER_C,2025-07-06 10:00,BUGANG,40FT,0,0,0,0,6,6,0,0
CARRIER_C,2025-07-06 11:00,BUGANG,40FT,0,0,0,0,6,6,0,0
CARRIER_C,2025-07-06 12:00,BUGANG,40FT,0,0,0,0,6,6,0,0
CARRIER_C,2025-07-06 13:00,BUGANG,40FT,0,0,0,0,6,6,0,0
CARRIER_C,2025-07-06 14:00,BUGANG,40FT,0,0,0,0,6,6,0,0
CARRIER_C,2025-07-06 15:00,BUGANG,40FT,0,0,0,0,6,6,0,0
CARRIER_C,2025-07-06 16:00,BUGANG,40FT,0,0,0,0,6,6,0,0
CARRIER_C,2025-07-06 17:00,BUGANG,40FT,0,0,0,0,6,6,0,0
CARRIER_C,2025-07-06 18:00,BUGANG,40FT,0,0,0,0,6,6,0,0
CARRIER_C,2025-07-06 19:00,BUGANG,40FT,0,0,0,0,6,6,0,0
CARRIER_C,2025-07-06 20:00,BUGANG,40FT,0,0,0,0,6,6,0,0
CARRIER_C,2025-07-06 21:00,BUGANG,40FT,0,0,0,0,6,6,0,0
CARRIER_C,2025-07-06 22:00,BUGANG,40FT,0,0,0,0,6,6,0,0
CARRIER_C,2025-07-06 23:00,BUGANG,40FT,0,0,0,0,6,6,0,0
CARRIER_C,2025-07-07 00:00,BUGANG,40FT,0,0,0,0,6,6,0,0
CARRIER_C,2025-07-07 01:00,BUGANG,40FT,0,0,0,0,6,6,0,0
CARRIER_C,2025-07-07 02:00,BUGANG,40FT,0,0,0,0,6,6,0,0
CARRIER_C,2025-07-07 03:00,BUGANG,40FT,0,0,0,0,6,6,0,0
CARRIER_C,2025-07-07 04:00,BUGANG,40FT,0,0,0,0,6,6,0,0
CARRIER_C,2025-07-07 05:00,BUGANG,40FT,0,0,0,0,6,6,0,0
CARRIER_C,2025-07-07 06:00,BUGANG,40FT,0,0,0,0,6,6,0,0
CARRIER_C,2025-07-07 07:00,BUGANG,40FT,0,0,0,0,6,6,0,0
CARRIER_C,2025-07-07 08:00,BUGANG,40FT,0,0,0,0,6,6,0,0
CARRIER_C,2025-07-07 09:00,BUGANG,40FT,0,0,0,0,6,6,0,0
CARRIER_C,2025-07-07 10:00,BUGANG,40FT,0,0,0,0,6,6,0,0
CARRIER_C,2025-07-07 11:00,BUGANG,40FT,0,0,0,0,6,6,0,0
CARRIER_C,2025-07-07 12:00,BUGANG,40FT,0,0,0,0,6,6,0,0
CARRIER_C,2025-07-07 13:00,BUGANG,40FT,0,0,0,0,6,6,0,0
CARRIER_C,2025-07-07 14:00,BUGANG,40FT,0,0,0,0,6,6,0,0
CARRIER_C,2025-07-07 15:00,BUGANG,40FT,0,0,0,0,6,6,0,0
CARRIER_C,2025-07-07 16:00,BUGANG,40FT,0,0,0,0,6,6,0,0
CARRIER_C,2025-07-07 17:00,BUGANG,40FT,0,0,0,0,6,6,0,0
CARRIER_C,2025-07-07 18:00,BUGANG,40FT,0,0,0,0,6,6,0,0
CARRIER_C,2025-07-07 19:00,BUGANG,40FT,0,0,0,0,6,6,0,0
CARRIER_C,2025-07-07 20:00,BUGANG,40FT,0,0,0,0,6,6,0,0
CARRIER_C,2025-07-07 21:00,BUGANG,40FT,0,0,0,0,6,6,0,0
CARRIER_C,2025-07-07 22:00,BUGANG,40FT,0,0,0,0,6,6,0,0
CARRIER_C,2025-07-07 23:00,BUGANG,40FT,0,0,0,0,6,6,0,0
CARRIER_C,2025-07-01 00:00,BUSAN,20FT,0,0,0,0,1,1,0,0
CARRIER_C,2025-07-01 01:00,BUSAN,20FT,0,0,0,0,1,1,0,0
CARRIER_C,2025-07-01 02:00,BUSAN,20FT,0,0,0,0,1,1,0,0
CARRIER_C,2025-07-01 03:00,BUSAN,20FT,0,0,0,0,1,1,0,0
CARRIER_C,2025-07-01 04:00,BUSAN,20FT,0,0,0,0,1,1,0,0
CARRIER_C,2025-07-01 05:00,BUSAN,20FT,0,0,0,0,1,1,0,0
CARRIER_C,2025-07-01 06:00,BUSAN,20FT,0,0,0,0,1,1,0,0
CARRIER_C,2025-07-01 07:00,BUSAN,20FT,1,0,0,0,0,0,0,0
CARRIER_C,2025-07-01 08:00,BUSAN,20FT,0,0,0,0,0,0,0,0
CARRIER_C,2025-07-01 09:00,BUSAN,20FT,1,0,0,0,0,0,1,1
CARRIER_C,2025-07-01 10:00,BUSAN,20FT,0,0,0,0,0,0,0,0
CARRIER_C,2025-07-01 11:00,BUSAN,20FT,0,0,0,0,0,0,0,0
CARRIER_C,2025-07-01 12:00,BUSAN,20FT,0,0,0,0,0,0,0,0
CARRIER_C,2025-07-01 13:00,BUSAN,20FT,0,0,0,0,0,0,0,0
CARRIER_C,2025-07-01 14:00,BUSAN,20FT,0,0,0,0,0,0,0,0
CARRIER_C,2025-07-01 15:00,BUSAN,20FT,0,0,0,0,0,0,0,0
CARRIER_C,2025-07-01 16:00,BUSAN,20FT,0,0,0,0,0,0,0,0
CARRIER_C,2025-07-01 17:00,BUSAN,20FT,0,0,0,0,0,0,0,0
CARRIER_C,2025-07-01 18:00,BUSAN,20FT,0,0,0,0,0,0,0,0
CARRIER_C,2025-07-01 19:00,BUSAN,20FT,0,0,0,0,0,0,0,0
CARRIER_C,2025-07-01 20:00,BUSAN,20FT,0,0,0,0,0,0,0,0
CARRIER_C,2025-07-01 21:00,BUSAN,20FT,0,0,0,0,0,0,0,0
CARRIER_C,2025-07-01 22:00,BUSAN,20FT,0,0,0,0,0,0,0,0
CARRIER_C,2025-07-01 23:00,BUSAN,20FT,0,0,0,0,0,0,0,0
CARRIER_C,2025-07-02 00:00,BUSAN,20FT,0,0,0,0,0,0,0,0
CARRIER_C,2025-07-02 01:00,BUSAN,20FT,0,0,0,0,0,0,0,0
CARRIER_C,2025-07-02 02:00,BUSAN,20FT,0,0,0,0,0,0,0,0
CARRIER_C,2025-07-02 03:00,BUSAN,20FT,0,0,0,0,0,0,0,0
CARRIER_C,2025-07-02 04:00,BUSAN,20FT,0,0,0,0,0,0,0,0
CARRIER_C,2025-07-02 05:00,BUSAN,20FT,0,0,0,0,0,0,0,0
CARRIER_C,2025-07-02 06:00,BUSAN,20FT,0,0,0,0,0,0,0,0
CARRIER_C,2025-07-02 07:00,BUSAN,20FT,0,0,0,0,0,0,0,0
CARRIER_C,2025-07-02 08:00,BUSAN,20FT,0,0,0,0,0,0,0,0
CARRIER_C,2025-07-02 09:00,BUSAN,20FT,0,0,4,0,0,4,0,0
CARRIER_C,2025-07-02 10:00,BUSAN,20FT,1,0,0,0,0,3,1,0
CARRIER_C,2025-07-02 11:00,BUSAN,20FT,0,0,0,0,0,3,0,0
CARRIER_C,2025-07-02 12:00,BUSAN,20FT,0,0,0,0,0,3,0,0
CARRIER_C,2025-07-02 13:00,BUSAN,20FT,1,0,0,0,0,2,1,0
CARRIER_C,2025-07-02 14:00,BUSAN,20FT,0,0,0,0,0,2,0,0
CARRIER_C,2025-07-02 15:00,BUSAN,20FT,0,0,0,0,0,2,0,0
CARRIER_C,2025-07-02 16:00,BUSAN,20FT,0,0,0,0,0,2,0,0
CARRIER_C,2025-07-02 17:00,BUSAN,20FT,0,0,0,0,0,2,0,0
CARRIER_C,2025-07-02 18:00,BUSAN,20FT,0,0,0,0,0,2,0,0
CARRIER_C,2025-07-02 19:00,BUSAN,20FT,0,0,0,0,0,2,0,0
CARRIER_C,2025-07-02 20:00,BUSAN,20FT,0,0,0,0,0,2,0,0
CARRIER_C,2025-07-02 21:00,BUSAN,20FT,0,0,0,0,0,2,0,0
CARRIER_C,2025-07-02 22:00,BUSAN,20FT,0,0,0,0,0,2,0,0
CARRIER_C,2025-07-02 23:00,BUSAN,20FT,0,0,0,0,0,2,0,0
CARRIER_C,2025-07-03 00:00,BUSAN,20FT,0,0,0,0,0,2,0,0
CARRIER_C,2025-07-03 01:00,BUSAN,20FT,0,0,0,0,0,2,0,0
CARRIER_C,2025-07-03 02:00,BUSAN,20FT,0,0,0,0,0,2,0,0
CARRIER_C,2025-07-03 03:00,BUSAN,20FT,0,0,0,0,0,2,0,0
CARRIER_C,2025-07-03 04:00,BUSAN,20FT,0,0,0,0,0,2,0,0
CARRIER_C,2025-07-03 05:00,BUSAN,20FT,0,0,0,0,0,2,0,0
CARRIER_C,2025-07-03 06:00,BUSAN,20FT,0,0,0,0,0,2,0,0
CARRIER_C,2025-07-03 07:00,BUSAN,20FT,1,0,0,0,0,1,1,0
CARRIER_C,2025-07-03 08:00,BUSAN,20FT,0,0,0,0,0,1,0,0
CARRIER_C,2025-07-03 09:00,BUSAN,20FT,0,0,0,0,0,1,0,0
CARRIER_C,2025-07-03 10:00,BUSAN,20FT,0,0,0,0,0,1,0,0
CARRIER_C,2025-07-03 11:00,BUSAN,20FT,0,0,0,0,0,1,0,0
CARRIER_C,2025-07-03 12:00,BUSAN,20FT,0,0,0,0,0,1,0,0
CARRIER_C,2025-07-03 13:00,BUSAN,20FT,1,0,0,0,0,0,1,0
CARRIER_C,2025-07-03 14:00,BUSAN,20FT,0,0,0,0,0,0,0,0
CARRIER_C,2025-07-03 15:00,BUSAN,20FT,0,0,0,0,0,0,0,0
CARRIER_C,2025-07-03 16:00,BUSAN,20FT,0,0,0,0,0,0,0,0
CARRIER_C,2025-07-03 17:00,BUSAN,20FT,0,0,0,0,0,0,0,0
CARRIER_C,2025-07-03 18:00,BUSAN,20FT,0,0,0,0,0,0,0,0
CARRIER_C,2025-07-03 19:00,BUSAN,20FT,0,0,0,0,0,0,0,0
CARRIER_C,2025-07-03 20:00,BUSAN,20FT,0,0,0,0,0,0,0,0
CARRIER_C,2025-07-03 21:00,BUSAN,20FT,0,0,0,0,0,0,0,0
CARRIER_C,2025-07-03 22:00,BUSAN,20FT,0,0,0,0,0,0,0,0
CARRIER_C,2025-07-03 23:00,BUSAN,20FT,0,0,0,0,0,0,0,0
CARRIER_C,2025-07-04 00:00,BUSAN,20FT,0,0,0,0,0,0,0,0
CARRIER_C,2025-07-04 01:00,BUSAN,20FT,0,0,0,0,0,0,0,0
CARRIER_C,2025-07-04 02:00,BUSAN,20FT,0,0,0,0,0,0,0,0
CARRIER_C,2025-07-04 03:00,BUSAN,20FT,0,0,0,0,0,0,0,0
CARRIER_C,2025-07-04 04:00,BUSAN,20FT,0,0,0,0,0,0,0,0
CARRIER_C,2025-07-04 05:00,BUSAN,20FT,0,0,0,0,0,0,0,0
CARRIER_C,2025-07-04 06:00,BUSAN,20FT,0,0,0,0,0,0,0,0
CARRIER_C,2025-07-04 07:00,BUSAN,20FT,0,0,0,0,0,0,0,0
CARRIER_C,2025-07-04 08:00,BUSAN,20FT,0,0,0,0,0,0,0,0
CARRIER_C,2025-07-04 09:00,BUSAN,20FT,0,1,0,0,1,1,0,0
CARRIER_C,2025-07-04 10:00,BUSAN,20FT,0,0,0,0,1,1,0,0
CARRIER_C,2025-07-04 11:00,BUSAN,20FT,0,0,0,0,1,1,0,0
CARRIER_C,2025-07-04 12:00,BUSAN,20FT,0,0,0,0,1,1,0,0
CARRIER_C,2025-07-04 13:00,BUSAN,20FT,0,0,0,0,1,1,0,0
CARRIER_C,2025-07-04 14:00,BUSAN,20FT,0,0,0,0,1,1,0,0
CARRIER_C,2025-07-04 15:00,BUSAN,20FT,0,0,0,0,1,1,0,0
CARRIER_C,2025-07-04 16:00,BUSAN,20FT,0,0,0,0,1,1,0,0
CARRIER_C,2025-07-04 17:00,BUSAN,20FT,0,0,0,0,1,1,0,0
CARRIER_C,2025-07-04 18:00,BUSAN,20FT,1,0,0,0,0,0,0,0
CARRIER_C,2025-07-04 19:00,BUSAN,20FT,0,0,0,0,0,0,0,0
CARRIER_C,2025-07-04 20:00,BUSAN,20FT,0,0,0,0,0,0,0,0
CARRIER_C,2025-07-04 21:00,BUSAN,20FT,0,0,0,0,0,0,0,0
CARRIER_C,2025-07-04 22:00,BUSAN,20FT,0,0,0,0,0,0,0,0
CARRIER_C,2025-07-04 23:00,BUSAN,20FT,0,0,0,0,0,0,0,0
CARRIER_C,2025-07-05 00:00,BUSAN,20FT,0,0,0,0,0,0,0,0
CARRIER_C,2025-07-05 01:00,BUSAN,20FT,0,0,0,0,0,0,0,0
CARRIER_C,2025-07-05 02:00,BUSAN,20FT,0,0,0,0,0,0,0,0
CARRIER_C,2025-07-05 03:00,BUSAN,20FT,0,0,0,0,0,0,0,0
CARRIER_C,2025-07-05 04:00,BUSAN,20FT,0,0,0,0,0,0,0,0
CARRIER_C,2025-07-05 05:00,BUSAN,20FT,0,0,0,0,0,0,0,0
CARRIER_C,2025-07-05 06:00,BUSAN,20FT,0,0,0,0,0,0,0,0
CARRIER_C,2025-07-05 07:00,BUSAN,20FT,0,0,0,0,0,0,0,0
CARRIER_C,2025-07-05 08:00,BUSAN,20FT,0,0,0,0,0,0,0,0
CARRIER_C,2025-07-05 09:00,BUSAN,20FT,0,0,4,0,0,4,0,0
CARRIER_C,2025-07-05 10:00,BUSAN,20FT,0,0,0,0,0,4,0,0
CARRIER_C,2025-07-05 11:00,BUSAN,20FT,0,0,0,0,0,4,0,0
CARRIER_C,2025-07-05 12:00,BUSAN,20FT,0,0,0,0,0,4,0,0
CARRIER_C,2025-07-05 13:00,BUSAN,20FT,0,0,0,0,0,4,0,0
CARRIER_C,2025-07-05 14:00,BUSAN,20FT,0,0,0,0,0,4,0,0
CARRIER_C,2025-07-05 15:00,BUSAN,20FT,0,0,0,0,0,4,0,0
CARRIER_C,2025-07-05 16:00,BUSAN,20FT,0,0,0,0,0,4,0,0
CARRIER_C,2025-07-05 17:00,BUSAN,20FT,0,1,0,0,1,5,0,0
CARRIER_C,2025-07-05 18:00,BUSAN,20FT,0,0,0,0,1,5,0,0
CARRIER_C,2025-07-05 19:00,BUSAN,20FT,0,0,0,0,1,5,0,0
CARRIER_C,2025-07-05 20:00,BUSAN,20FT,0,0,0,0,1,5,0,0
CARRIER_C,2025-07-05 21:00,BUSAN,20FT,0,0,0,0,1,5,0,0
CARRIER_C,2025-07-05 22:00,BUSAN,20FT,0,0,0,0,1,5,0,0
CARRIER_C,2025-07-05 23:00,BUSAN,20FT,0,0,0,0,1,5,0,0
CARRIER_C,2025-07-06 00:00,BUSAN,20FT,0,0,0,0,1,5,0,0
CARRIER_C,2025-07-06 01:00,BUSAN,20FT,0,0,0,0,1,5,0,0
CARRIER_C,2025-07-06 02:00,BUSAN,20FT,0,0,0,0,1,5,0,0
CARRIER_C,2025-07-06 03:00,BUSAN,20FT,0,0,0,0,1,5,0,0
CARRIER_C,2025-07-06 04:00,BUSAN,20FT,0,0,0,0,1,5,0,0
CARRIER_C,2025-07-06 05:00,BUSAN,20FT,0,0,0,0,1,5,0,0
CARRIER_C,2025-07-06 06:00,BUSAN,20FT,1,0,0,0,0,4,0,0
CARRIER_C,2025-07-06 07:00,BUSAN,20FT,0,0,0,0,0,4,0,0
CARRIER_C,2025-07-06 08:00,BUSAN,20FT,0,0,0,0,0,4,0,0
CARRIER_C,2025-07-06 09:00,BUSAN,20FT,1,0,0,0,0,3,1,0
CARRIER_C,2025-07-06 10:00,BUSAN,20FT,0,0,0,0,0,3,0,0
CARRIER_C,2025-07-06 11:00,BUSAN,20FT,0,0,0,0,0,3,0,0
CARRIER_C,2025-07-06 12:00,BUSAN,20FT,0,0,0,0,0,3,0,0
CARRIER_C,2025-07-06 13:00,BUSAN,20FT,0,0,0,0,0,3,0,0
CARRIER_C,2025-07-06 14:00,BUSAN,20FT,0,0,0,0,0,3,0,0
CARRIER_C,2025-07-06 15:00,BUSAN,20FT,0,0,0,0,0,3,0,0
CARRIER_C,2025-07-06 16:00,BUSAN,20FT,0,0,0,0,0,3,0,0
CARRIER_C,2025-07-06 17:00,BUSAN,20FT,0,0,0,0,0,3,0,0
CARRIER_C,2025-07-06 18:00,BUSAN,20FT,0,0,0,0,0,3,0,0
CARRIER_C,2025-07-06 19:00,BUSAN,20FT,0,0,0,0,0,3,0,0
CARRIER_C,2025-07-06 20:00,BUSAN,20FT,0,0,0,0,0,3,0,0
CARRIER_C,2025-07-06 21:00,BUSAN,20FT,0,0,0,0,0,3,0,0
CARRIER_C,2025-07-06 22:00,BUSAN,20FT,0,0,0,0,0,3,0,0
CARRIER_C,2025-07-06 23:00,BUSAN,20FT,0,0,0,0,0,3,0,0
CARRIER_C,2025-07-07 00:00,BUSAN,20FT,0,0,0,0,0,3,0,0
CARRIER_C,2025-07-07 01:00,BUSAN,20FT,0,0,0,0,0,3,0,0
CARRIER_C,2025-07-07 02:00,BUSAN,20FT,0,0,0,0,0,3,0,0
CARRIER_C,2025-07-07 03:00,BUSAN,20FT,0,0,0,0,0,3,0,0
CARRIER_C,2025-07-07 04:00,BUSAN,20FT,0,0,0,0,0,3,0,0
CARRIER_C,2025-07-07 05:00,BUSAN,20FT,0,0,0,0,0,3,0,0
CARRIER_C,2025-07-07 06:00,BUSAN,20FT,0,0,0,0,0,3,0,0
CARRIER_C,2025-07-07 07:00,BUSAN,20FT,1,0,0,0,0,2,1,0
CARRIER_C,2025-07-07 08:00,BUSAN,20FT,0,0,0,0,0,2,0,0
CARRIER_C,2025-07-07 09:00,BUSAN,20FT,0,0,0,0,0,2,0,0
CARRIER_C,2025-07-07 10:00,BUSAN,20FT,1,0,0,0,0,1,1,0
CARRIER_C,2025-07-07 11:00,BUSAN,20FT,0,0,0,0,0,1,0,0
CARRIER_C,2025-07-07 12:00,BUSAN,20FT,0,0,0,0,0,1,0,0
CARRIER_C,2025-07-07 13:00,BUSAN,20FT,0,0,0,0,0,1,0,0
CARRIER_C,2025-07-07 14:00,BUSAN,20FT,0,0,0,0,0,1,0,0
CARRIER_C,2025-07-07 15:00,BUSAN,20FT,0,0,0,0,0,1,0,0
CARRIER_C,2025-07-07 16:00,BUSAN,20FT,0,0,0,0,0,1,0,0
CARRIER_C,2025-07-07 17:00,BUSAN,20FT,1,0,0,0,0,0,1,0
CARRIER_C,2025-07-07 18:00,BUSAN,20FT,0,0,0,0,0,0,0,0
CARRIER_C,2025-07-07 19:00,BUSAN,20FT,0,0,0,0,0,0,0,0
CARRIER_C,2025-07-07 20:00,BUSAN,20FT,0,0,0,0,0,0,0,0
CARRIER_C,2025-07-07 21:00,BUSAN,20FT,0,0,0,0,0,0,0,0
CARRIER_C,2025-07-07 22:00,BUSAN,20FT,0,0,0,0,0,0,0,0
CARRIER_C,2025-07-07 23:00,BUSAN,20FT,0,0,0,0,0,0,0,0
CARRIER_C,2025-07-01 00:00,BUSAN,40FT,0,0,0,0,8,8,0,0
CARRIER_C,2025-07-01 01:00,BUSAN,40FT,0,0,0,0,8,8,0,0
CARRIER_C,2025-07-01 02:00,BUSAN,40FT,0,0,0,0,8,8,0,0
CARRIER_C,2025-07-01 03:00,BUSAN,40FT,0,0,0,0,8,8,0,0
CARRIER_C,2025-07-01 04:00,BUSAN,40FT,0,0,0,0,8,8,0,0
CARRIER_C,2025-07-01 05:00,BUSAN,40FT,0,0,0,0,8,8,0,0
CARRIER_C,2025-07-01 06:00,BUSAN,40FT,0,0,0,0,8,8,0,0
CARRIER_C,2025-07-01 07:00,BUSAN,40FT,0,0,0,0,8,8,0,0
CARRIER_C,2025-07-01 08:00,BUSAN,40FT,0,0,0,0,8,8,0,0
CARRIER_C,2025-07-01 09:00,BUSAN,40FT,0,1,0,0,9,9,0,0
CARRIER_C,2025-07-01 10:00,BUSAN,40FT,0,0,0,0,9,9,0,0
CARRIER_C,2025-07-01 11:00,BUSAN,40FT,0,0,0,0,9,9,0,0
CARRIER_C,2025-07-01 12:00,BUSAN,40FT,0,2,0,0,11,11,0,0
CARRIER_C,2025-07-01 13:00,BUSAN,40FT,1,0,0,0,10,10,0,0
CARRIER_C,2025-07-01 14:00,BUSAN,40FT,1,0,0,0,9,9,0,0
CARRIER_C,2025-07-01 15:00,BUSAN,40FT,1,0,0,0,8,8,0,0
CARRIER_C,2025-07-01 16:00,BUSAN,40FT,0,0,0,0,8,8,0,0
CARRIER_C,2025-07-01 17:00,BUSAN,40FT,0,0,0,0,8,8,0,0
CARRIER_C,2025-07-01 18:00,BUSAN,40FT,0,0,0,0,8,8,0,0
CARRIER_C,2025-07-01 19:00,BUSAN,40FT,0,0,0,0,8,8,0,0
CARRIER_C,2025-07-01 20:00,BUSAN,40FT,0,0,0,0,8,8,0,0
CARRIER_C,2025-07-01 21:00,BUSAN,40FT,0,0,0,0,8,8,0,0
CARRIER_C,2025-07-01 22:00,BUSAN,40FT,0,0,0,0,8,8,0,0
CARRIER_C,2025-07-01 23:00,BUSAN,40FT,0,0,0,0,8,8,0,0
CARRIER_C,2025-07-02 00:00,BUSAN,40FT,0,0,0,0,8,8,0,0
CARRIER_C,2025-07-02 01:00,BUSAN,40FT,0,0,0,0,8,8,0,0
CARRIER_C,2025-07-02 02:00,BUSAN,40FT,0,0,0,0,8,8,0,0
CARRIER_C,2025-07-02 03:00,BUSAN,40FT,0,0,0,0,8,8,0,0
CARRIER_C,2025-07-02 04:00,BUSAN,40FT,0,0,0,0,8,8,0,0
CARRIER_C,2025-07-02 05:00,BUSAN,40FT,0,0,0,0,8,8,0,0
CARRIER_C,2025-07-02 06:00,BUSAN,40FT,0,0,0,0,8,8,0,0
CARRIER_C,2025-07-02 07:00,BUSAN,40FT,1,0,0,0,7,7,0,0
CARRIER_C,2025-07-02 08:00,BUSAN,40FT,0,0,0,0,7,7,0,0
CARRIER_C,2025-07-02 09:00,BUSAN,40FT,1,0,0,0,6,6,0,0
CARRIER_C,2025-07-02 10:00,BUSAN,40FT,0,0,0,0,6,6,0,0
CARRIER_C,2025-07-02 11:00,BUSAN,40FT,0,0,0,0,6,6,0,0
CARRIER_C,2025-07-02 12:00,BUSAN,40FT,0,0,0,0,6,6,0,0
CARRIER_C,2025-07-02 13:00,BUSAN,40FT,0,0,0,0,6,6,0,0
CARRIER_C,2025-07-02 14:00,BUSAN,40FT,0,0,0,0,6,6,0,0
CARRIER_C,2025-07-02 15:00,BUSAN,40FT,0,0,0,0,6,6,0,0
CARRIER_C,2025-07-02 16:00,BUSAN,40FT,0,0,0,0,6,6,0,0
CARRIER_C,2025-07-02 17:00,BUSAN,40FT,0,0,0,0,6,6,0,0
CARRIER_C,2025-07-02 18:00,BUSAN,40FT,0,0,0,0,6,6,0,0
CARRIER_C,2025-07-02 19:00,BUSAN,40FT,0,0,0,0,6,6,0,0
CARRIER_C,2025-07-02 20:00,BUSAN,40FT,0,0,0,0,6,6,0,0
CARRIER_C,2025-07-02 21:00,BUSAN,40FT,0,0,0,0,6,6,0,0
CARRIER_C,2025-07-02 22:00,BUSAN,40FT,0,0,0,0,6,6,0,0
CARRIER_C,2025-07-02 23:00,BUSAN,40FT,0,0,0,0,6,6,0,0
CARRIER_C,2025-07-03 00:00,BUSAN,40FT,0,0,0,0,6,6,0,0
CARRIER_C,2025-07-03 01:00,BUSAN,40FT,0,0,0,0,6,6,0,0
CARRIER_C,2025-07-03 02:00,BUSAN,40FT,0,0,0,0,6,6,0,0
CARRIER_C,2025-07-03 03:00,BUSAN,40FT,0,0,0,0,6,6,0,0
CARRIER_C,2025-07-03 04:00,BUSAN,40FT,0,0,0,0,6,6,0,0
CARRIER_C,2025-07-03 05:00,BUSAN,40FT,0,0,0,0,6,6,0,0
CARRIER_C,2025-07-03 06:00,BUSAN,40FT,0,0,0,0,6,6,0,0
CARRIER_C,2025-07-03 07:00,BUSAN,40FT,1,0,0,0,5,5,0,0
CARRIER_C,2025-07-03 08:00,BUSAN,40FT,0,0,0,0,5,5,0,0
CARRIER_C,2025-07-03 09:00,BUSAN,40FT,0,0,0,0,5,5,0,0
CARRIER_C,2025-07-03 10:00,BUSAN,40FT,0,2,0,0,7,7,0,0
CARRIER_C,2025-07-03 11:00,BUSAN,40FT,1,0,0,0,6,6,0,0
CARRIER_C,2025-07-03 12:00,BUSAN,40FT,0,0,0,0,6,6,0,0
CARRIER_C,2025-07-03 13:00,BUSAN,40FT,0,0,0,0,6,6,0,0
CARRIER_C,2025-07-03 14:00,BUSAN,40FT,0,0,0,0,6,6,0,0
CARRIER_C,2025-07-03 15:00,BUSAN,40FT,0,0,0,0,6,6,0,0
CARRIER_C,2025-07-03 16:00,BUSAN,40FT,1,0,0,0,5,5,0,0
CARRIER_C,2025-07-03 17:00,BUSAN,40FT,1,0,0,0,4,4,0,0
CARRIER_C,2025-07-03 18:00,BUSAN,40FT,0,0,0,0,4,4,0,0
CARRIER_C,2025-07-03 19:00,BUSAN,40FT,0,0,0,0,4,4,0,0
CARRIER_C,2025-07-03 20:00,BUSAN,40FT,0,0,0,0,4,4,0,0
CARRIER_C,2025-07-03 21:00,BUSAN,40FT,0,0,0,0,4,4,0,0
CARRIER_C,2025-07-03 22:00,BUSAN,40FT,0,0,0,0,4,4,0,0
CARRIER_C,2025-07-03 23:00,BUSAN,40FT,0,0,0,0,4,4,0,0
CARRIER_C,2025-07-04 00:00,BUSAN,40FT,0,0,0,0,4,4,0,0
CARRIER_C,2025-07-04 01:00,BUSAN,40FT,0,0,0,0,4,4,0,0
CARRIER_C,2025-07-04 02:00,BUSAN,40FT,0,0,0,0,4,4,0,0
CARRIER_C,2025-07-04 03:00,BUSAN,40FT,0,0,0,0,4,4,0,0
CARRIER_C,2025-07-04 04:00,BUSAN,40FT,0,0,0,0,4,4,0,0
CARRIER_C,2025-07-04 05:00,BUSAN,40FT,0,0,0,0,4,4,0,0
CARRIER_C,2025-07-04 06:00,BUSAN,40FT,0,0,0,0,4,4,0,0
CARRIER_C,2025-07-04 07:00,BUSAN,40FT,0,4,0,0,8,8,0,0
CARRIER_C,2025-07-04 08:00,BUSAN,40FT,0,0,0,0,8,8,0,0
CARRIER_C,2025-07-04 09:00,BUSAN,40FT,0,0,0,0,8,8,0,0
CARRIER_C,2025-07-04 10:00,BUSAN,40FT,0,0,0,0,8,8,0,0
CARRIER_C,2025-07-04 11:00,BUSAN,40FT,0,0,0,0,8,8,0,0
CARRIER_C,2025-07-04 12:00,BUSAN,40FT,0,1,0,0,9,9,0,0
CARRIER_C,2025-07-04 13:00,BUSAN,40FT,0,0,0,0,9,9,0,0
CARRIER_C,2025-07-04 14:00,BUSAN,40FT,0,0,0,0,9,9,0,0
CARRIER_C,2025-07-04 15:00,BUSAN,40FT,0,0,0,0,9,9,0,0
CARRIER_C,2025-07-04 16:00,BUSAN,40FT,1,0,0,0,8,8,0,0
CARRIER_C,2025-07-04 17:00,BUSAN,40FT,1,0,0,0,7,7,0,0
CARRIER_C,2025-07-04 18:00,BUSAN,40FT,0,0,0,0,7,7,0,0
CARRIER_C,2025-07-04 19:00,BUSAN,40FT,0,0,0,0,7,7,0,0
CARRIER_C,2025-07-04 20:00,BUSAN,40FT,0,0,0,0,7,7,0,0
CARRIER_C,2025-07-04 21:00,BUSAN,40FT,0,0,0,0,7,7,0,0
CARRIER_C,2025-07-04 22:00,BUSAN,40FT,0,0,0,0,7,7,0,0
CARRIER_C,2025-07-04 23:00,BUSAN,40FT,0,0,0,0,7,7,0,0
CARRIER_C,2025-07-05 00:00,BUSAN,40FT,0,0,0,0,7,7,0,0
CARRIER_C,2025-07-05 01:00,BUSAN,40FT,0,0,0,0,7,7,0,0
CARRIER_C,2025-07-05 02:00,BUSAN,40FT,0,0,0,0,7,7,0,0
CARRIER_C,2025-07-05 03:00,BUSAN,40FT,0,0,0,0,7,7,0,0
CARRIER_C,2025-07-05 04:00,BUSAN,40FT,0,0,0,0,7,7,0,0
CARRIER_C,2025-07-05 05:00,BUSAN,40FT,0,0,0,0,7,7,0,0
CARRIER_C,2025-07-05 06:00,BUSAN,40FT,0,0,0,0,7,7,0,0
CARRIER_C,2025-07-05 07:00,BUSAN,40FT,1,0,0,0,6,6,0,0
CARRIER_C,2025-07-05 08:00,BUSAN,40FT,0,0,0,0,6,6,0,0
CARRIER_C,2025-07-05 09:00,BUSAN,40FT,0,0,1,0,6,7,0,0
CARRIER_C,2025-07-05 10:00,BUSAN,40FT,1,0,0,0,5,6,0,0
CARRIER_C,2025-07-05 11:00,BUSAN,40FT,0,0,0,0,5,6,0,0
CARRIER_C,2025-07-05 12:00,BUSAN,40FT,0,0,0,0,5,6,0,0
CARRIER_C,2025-07-05 13:00,BUSAN,40FT,1,0,0,0,4,5,0,0
CARRIER_C,2025-07-05 14:00,BUSAN,40FT,0,0,0,0,4,5,0,0
CARRIER_C,2025-07-05 15:00,BUSAN,40FT,0,0,0,0,4,5,0,0
CARRIER_C,2025-07-05 16:00,BUSAN,40FT,0,0,0,0,4,5,0,0
CARRIER_C,2025-07-05 17:00,BUSAN,40FT,0,0,0,0,4,5,0,0
CARRIER_C,2025-07-05 18:00,BUSAN,40FT,0,1,0,0,5,6,0,0
CARRIER_C,2025-07-05 19:00,BUSAN,40FT,0,1,0,0,6,7,0,0
CARRIER_C,2025-07-05 20:00,BUSAN,40FT,0,0,0,0,6,7,0,0
CARRIER_C,2025-07-05 21:00,BUSAN,40FT,0,0,0,0,6,7,0,0
CARRIER_C,2025-07-05 22:00,BUSAN,40FT,0,0,0,0,6,7,0,0
CARRIER_C,2025-07-05 23:00,BUSAN,40FT,0,0,0,0,6,7,0,0
CARRIER_C,2025-07-06 00:00,BUSAN,40FT,0,0,0,0,6,7,0,0
CARRIER_C,2025-07-06 01:00,BUSAN,40FT,0,0,0,0,6,7,0,0
CARRIER_C,2025-07-06 02:00,BUSAN,40FT,0,0,0,0,6,7,0,0
CARRIER_C,2025-07-06 03:00,BUSAN,40FT,0,0,0,0,6,7,0,0
CARRIER_C,2025-07-06 04:00,BUSAN,40FT,0,0,0,0,6,7,0,0
CARRIER_C,2025-07-06 05:00,BUSAN,40FT,1,0,0,0,5,6,0,0
CARRIER_C,2025-07-06 06:00,BUSAN,40FT,0,0,0,0,5,6,0,0
CARRIER_C,2025-07-06 07:00,BUSAN,40FT,2,0,0,0,3,4,0,0
CARRIER_C,2025-07-06 08:00,BUSAN,40FT,0,0,0,0,3,4,0,0
CARRIER_C,2025-07-06 09:00,BUSAN,40FT,1,0,0,0,2,3,0,0
CARRIER_C,2025-07-06 10:00,BUSAN,40FT,0,0,0,0,2,3,0,0
CARRIER_C,2025-07-06 11:00,BUSAN,40FT,0,0,0,0,2,3,0,0
CARRIER_C,2025-07-06 12:00,BUSAN,40FT,0,0,0,0,2,3,0,0
CARRIER_C,2025-07-06 13:00,BUSAN,40FT,0,0,0,0,2,3,0,0
CARRIER_C,2025-07-06 14:00,BUSAN,40FT,1,0,0,0,1,2,0,0
CARRIER_C,2025-07-06 15:00,BUSAN,40FT,0,0,0,0,1,2,0,0
CARRIER_C,2025-07-06 16:00,BUSAN,40FT,0,0,0,0,1,2,0,0
CARRIER_C,2025-07-06 17:00,BUSAN,40FT,1,0,0,0,0,1,0,0
CARRIER_C,2025-07-06 18:00,BUSAN,40FT,0,0,0,0,0,1,0,0
CARRIER_C,2025-07-06 19:00,BUSAN,40FT,0,0,0,0,0,1,0,0
CARRIER_C,2025-07-06 20:00,BUSAN,40FT,0,0,0,0,0,1,0,0
CARRIER_C,2025-07-06 21:00,BUSAN,40FT,0,0,0,0,0,1,0,0
CARRIER_C,2025-07-06 22:00,BUSAN,40FT,0,0,0,0,0,1,0,0
CARRIER_C,2025-07-06 23:00,BUSAN,40FT,0,0,0,0,0,1,0,0
CARRIER_C,2025-07-07 00:00,BUSAN,40FT,0,0,0,0,0,1,0,0
CARRIER_C,2025-07-07 01:00,BUSAN,40FT,0,0,0,0,0,1,0,0
CARRIER_C,2025-07-07 02:00,BUSAN,40FT,0,0,0,0,0,1,0,0
CARRIER_C,2025-07-07 03:00,BUSAN,40FT,0,0,0,0,0,1,0,0
CARRIER_C,2025-07-07 04:00,BUSAN,40FT,0,0,0,0,0,1,0,0
CARRIER_C,2025-07-07 05:00,BUSAN,40FT,0,0,0,0,0,1,0,0
CARRIER_C,2025-07-07 06:00,BUSAN,40FT,0,0,0,0,0,1,0,0
CARRIER_C,2025-07-07 07:00,BUSAN,40FT,0,0,0,0,0,1,0,0
CARRIER_C,2025-07-07 08:00,BUSAN,40FT,0,0,0,0,0,1,0,0
CARRIER_C,2025-07-07 09:00,BUSAN,40FT,0,0,0,0,0,1,0,0
CARRIER_C,2025-07-07 10:00,BUSAN,40FT,0,0,0,0,0,1,0,0
CARRIER_C,2025-07-07 11:00,BUSAN,40FT,0,0,0,0,0,1,0,0
CARRIER_C,2025-07-07 12:00,BUSAN,40FT,0,0,0,0,0,1,0,0
CARRIER_C,2025-07-07 13:00,BUSAN,40FT,2,1,0,0,0,0,1,0
CARRIER_C,2025-07-07 14:00,BUSAN,40FT,0,0,0,0,0,0,0,0
CARRIER_C,2025-07-07 15:00,BUSAN,40FT,0,0,0,0,0,0,0,0
CARRIER_C,2025-07-07 16:00,BUSAN,40FT,0,0,0,0,0,0,0,0
CARRIER_C,2025-07-07 17:00,BUSAN,40FT,0,0,0,0,0,0,0,0
CARRIER_C,2025-07-07 18:00,BUSAN,40FT,0,0,0,0,0,0,0,0
CARRIER_C,2025-07-07 19:00,BUSAN,40FT,0,0,0,0,0,0,0,0
CARRIER_C,2025-07-07 20:00,BUSAN,40FT,0,1,0,0,1,1,0,0
CARRIER_C,2025-07-07 21:00,BUSAN,40FT,0,0,0,0,1,1,0,0
CARRIER_C,2025-07-07 22:00,BUSAN,40FT,0,0,0,0,1,1,0,0
CARRIER_C,2025-07-07 23:00,BUSAN,40FT,0,0,0,0,1,1,0,0
CARRIER_C,2025-07-01 00:00,DONGSAN,20FT,0,0,0,0,1,1,0,0
CARRIER_C,2025-07-01 01:00,DONGSAN,20FT,0,0,0,0,1,1,0,0
CARRIER_C,2025-07-01 02:00,DONGSAN,20FT,0,0,0,0,1,1,0,0
CARRIER_C,2025-07-01 03:00,DONGSAN,20FT,0,0,0,0,1,1,0,0
CARRIER_C,2025-07-01 04:00,DONGSAN,20FT,0,0,0,0,1,1,0,0
CARRIER_C,2025-07-01 05:00,DONGSAN,20FT,0,0,0,0,1,1,0,0
CARRIER_C,2025-07-01 06:00,DONGSAN,20FT,0,0,0,0,1,1,0,0
CARRIER_C,2025-07-01 07:00,DONGSAN,20FT,0,0,0,0,1,1,0,0
CARRIER_C,2025-07-01 08:00,DONGSAN,20FT,0,0,0,0,1,1,0,0
CARRIER_C,2025-07-01 09:00,DONGSAN,20FT,0,0,0,0,1,1,0,0
CARRIER_C,2025-07-01 10:00,DONGSAN,20FT,0,0,0,0,1,1,0,0
CARRIER_C,2025-07-01 11:00,DONGSAN,20FT,1,0,0,0,0,0,0,0
CARRIER_C,2025-07-01 12:00,DONGSAN,20FT,0,0,0,0,0,0,0,0
CARRIER_C,2025-07-01 13:00,DONGSAN,20FT,0,0,0,0,0,0,0,0
CARRIER_C,2025-07-01 14:00,DONGSAN,20FT,1,0,0,0,0,0,1,1
CARRIER_C,2025-07-01 15:00,DONGSAN,20FT,0,0,0,0,0,0,0,0
CARRIER_C,2025-07-01 16:00,DONGSAN,20FT,0,1,0,0,1,1,0,0
CARRIER_C,2025-07-01 17:00,DONGSAN,20FT,1,0,0,0,0,0,0,0
CARRIER_C,2025-07-01 18:00,DONGSAN,20FT,0,0,0,0,0,0,0,0
CARRIER_C,2025-07-01 19:00,DONGSAN,20FT,0,0,0,0,0,0,0,0
CARRIER_C,2025-07-01 20:00,DONGSAN,20FT,0,0,0,0,0,0,0,0
CARRIER_C,2025-07-01 21:00,DONGSAN,20FT,0,0,0,0,0,0,0,0
CARRIER_C,2025-07-01 22:00,DONGSAN,20FT,0,0,0,0,0,0,0,0
CARRIER_C,2025-07-01 23:00,DONGSAN,20FT,0,0,0,0,0,0,0,0
CARRIER_C,2025-07-02 00:00,DONGSAN,20FT,0,0,0,0,0,0,0,0
CARRIER_C,2025-07-02 01:00,DONGSAN,20FT,0,0,0,0,0,0,0,0
CARRIER_C,2025-07-02 02:00,DONGSAN,20FT,0,0,0,0,0,0,0,0
CARRIER_C,2025-07-02 03:00,DONGSAN,20FT,0,0,0,0,0,0,0,0
CARRIER_C,2025-07-02 04:00,DONGSAN,20FT,0,0,0,0,0,0,0,0
CARRIER_C,2025-07-02 05:00,DONGSAN,20FT,0,0,0,0,0,0,0,0
CARRIER_C,2025-07-02 06:00,DONGSAN,20FT,0,0,0,0,0,0,0,0
CARRIER_C,2025-07-02 07:00,DONGSAN,20FT,0,0,0,0,0,0,0,0
CARRIER_C,2025-07-02 08:00,DONGSAN,20FT,0,0,0,0,0,0,0,0
CARRIER_C,2025-07-02 09:00,DONGSAN,20FT,0,0,0,0,0,0,0,0
CARRIER_C,2025-07-02 10:00,DONGSAN,20FT,1,2,0,0,1,1,0,0
CARRIER_C,2025-07-02 11:00,DONGSAN,20FT,0,0,0,0,1,1,0,0
CARRIER_C,2025-07-02 12:00,DONGSAN,20FT,0,0,0,0,1,1,0,0
CARRIER_C,2025-07-02 13:00,DONGSAN,20FT,0,0,0,0,1,1,0,0
CARRIER_C,2025-07-02 14:00,DONGSAN,20FT,1,0,0,0,0,0,0,0
CARRIER_C,2025-07-02 15:00,DONGSAN,20FT,0,0,0,0,0,0,0,0
CARRIER_C,2025-07-02 16:00,DONGSAN,20FT,1,0,0,0,0,0,1,1
CARRIER_C,2025-07-02 17:00,DONGSAN,20FT,0,0,0,0,0,0,0,0
CARRIER_C,2025-07-02 18:00,DONGSAN,20FT,0,0,0,0,0,0,0,0
CARRIER_C,2025-07-02 19:00,DONGSAN,20FT,1,0,0,0,0,0,1,1
CARRIER_C,2025-07-02 20:00,DONGSAN,20FT,0,0,0,0,0,0,0,0
CARRIER_C,2025-07-02 21:00,DONGSAN,20FT,0,0,0,0,0,0,0,0
CARRIER_C,2025-07-02 22:00,DONGSAN,20FT,0,0,0,0,0,0,0,0
CARRIER_C,2025-07-02 23:00,DONGSAN,20FT,0,0,0,0,0,0,0,0
CARRIER_C,2025-07-03 00:00,DONGSAN,20FT,0,0,0,0,0,0,0,0
CARRIER_C,2025-07-03 01:00,DONGSAN,20FT,0,0,0,0,0,0,0,0
CARRIER_C,2025-07-03 02:00,DONGSAN,20FT,0,0,0,0,0,0,0,0
CARRIER_C,2025-07-03 03:00,DONGSAN,20FT,0,0,0,0,0,0,0,0
CARRIER_C,2025-07-03 04:00,DONGSAN,20FT,0,0,0,0,0,0,0,0
CARRIER_C,2025-07-03 05:00,DONGSAN,20FT,0,0,0,0,0,0,0,0
CARRIER_C,2025-07-03 06:00,DONGSAN,20FT,0,0,0,0,0,0,0,0
CARRIER_C,2025-07-03 07:00,DONGSAN,20FT,0,0,0,0,0,0,0,0
CARRIER_C,2025-07-03 08:00,DONGSAN,20FT,0,0,0,0,0,0,0,0
CARRIER_C,2025-07-03 09:00,DONGSAN,20FT,0,0,0,0,0,0,0,0
CARRIER_C,2025-07-03 10:00,DONGSAN,20FT,0,0,0,0,0,0,0,0
CARRIER_C,2025-07-03 11:00,DONGSAN,20FT,0,0,0,0,0,0,0,0
CARRIER_C,2025-07-03 12:00,DONGSAN,20FT,0,0,0,0,0,0,0,0
CARRIER_C,2025-07-03 13:00,DONGSAN,20FT,0,0,0,0,0,0,0,0
CARRIER_C,2025-07-03 14:00,DONGSAN,20FT,0,0,0,0,0,0,0,0
CARRIER_C,2025-07-03 15:00,DONGSAN,20FT,0,0,0,0,0,0,0,0
CARRIER_C,2025-07-03 16:00,DONGSAN,20FT,0,0,0,0,0,0,0,0
CARRIER_C,2025-07-03 17:00,DONGSAN,20FT,0,0,0,0,0,0,0,0
CARRIER_C,2025-07-03 18:00,DONGSAN,20FT,0,0,0,0,0,0,0,0
CARRIER_C,2025-07-03 19:00,DONGSAN,20FT,0,0,0,0,0,0,0,0
CARRIER_C,2025-07-03 20:00,DONGSAN,20FT,0,0,0,0,0,0,0,0
CARRIER_C,2025-07-03 21:00,DONGSAN,20FT,0,0,0,0,0,0,0,0
CARRIER_C,2025-07-03 22:00,DONGSAN,20FT,0,0,0,0,0,0,0,0
CARRIER_C,2025-07-03 23:00,DONGSAN,20FT,0,0,0,0,0,0,0,0
CARRIER_C,2025-07-04 00:00,DONGSAN,20FT,0,0,0,0,0,0,0,0
CARRIER_C,2025-07-04 01:00,DONGSAN,20FT,0,0,0,0,0,0,0,0
CARRIER_C,2025-07-04 02:00,DONGSAN,20FT,0,0,0,0,0,0,0,0
CARRIER_C,2025-07-04 03:00,DONGSAN,20FT,0,0,0,0,0,0,0,0
CARRIER_C,2025-07-04 04:00,DONGSAN,20FT,0,0,4,0,0,4,0,0
CARRIER_C,2025-07-04 05:00,DONGSAN,20FT,0,0,0,0,0,4,0,0
CARRIER_C,2025-07-04 06:00,DONGSAN,20FT,0,0,0,0,0,4,0,0
CARRIER_C,2025-07-04 07:00,DONGSAN,20FT,0,0,0,0,0,4,0,0
CARRIER_C,2025-07-04 08:00,DONGSAN,20FT,0,0,0,0,0,4,0,0
CARRIER_C,2025-07-04 09:00,DONGSAN,20FT,0,0,0,0,0,4,0,0
CARRIER_C,2025-07-04 10:00,DONGSAN,20FT,0,0,0,0,0,4,0,0
CARRIER_C,2025-07-04 11:00,DONGSAN,20FT,1,0,0,0,0,3,1,0
CARRIER_C,2025-07-04 12:00,DONGSAN,20FT,0,0,0,0,0,3,0,0
CARRIER_C,2025-07-04 13:00,DONGSAN,20FT,0,0,0,0,0,3,0,0
CARRIER_C,2025-07-04 14:00,DONGSAN,20FT,0,0,0,0,0,3,0,0
CARRIER_C,2025-07-04 15:00,DONGSAN,20FT,0,0,0,0,0,3,0,0
CARRIER_C,2025-07-04 16:00,DONGSAN,20FT,0,0,0,0,0,3,0,0
CARRIER_C,2025-07-04 17:00,DONGSAN,20FT,0,0,0,0,0,3,0,0
CARRIER_C,2025-07-04 18:00,DONGSAN,20FT,0,0,0,0,0,3,0,0
CARRIER_C,2025-07-04 19:00,DONGSAN,20FT,0,0,0,0,0,3,0,0
CARRIER_C,2025-07-04 20:00,DONGSAN,20FT,0,0,0,0,0,3,0,0
CARRIER_C,2025-07-04 21:00,DONGSAN,20FT,0,0,0,0,0,3,0,0
CARRIER_C,2025-07-04 22:00,DONGSAN,20FT,0,0,0,0,0,3,0,0
CARRIER_C,2025-07-04 23:00,DONGSAN,20FT,0,0,0,0,0,3,0,0
CARRIER_C,2025-07-05 00:00,DONGSAN,20FT,0,0,0,0,0,3,0,0
CARRIER_C,2025-07-05 01:00,DONGSAN,20FT,0,0,0,0,0,3,0,0
CARRIER_C,2025-07-05 02:00,DONGSAN,20FT,0,0,0,0,0,3,0,0
CARRIER_C,2025-07-05 03:00,DONGSAN,20FT,0,0,0,0,0,3,0,0
CARRIER_C,2025-07-05 04:00,DONGSAN,20FT,0,0,0,0,0,3,0,0
CARRIER_C,2025-07-05 05:00,DONGSAN,20FT,0,0,0,0,0,3,0,0
CARRIER_C,2025-07-05 06:00,DONGSAN,20FT,0,0,0,0,0,3,0,0
CARRIER_C,2025-07-05 07:00,DONGSAN,20FT,1,0,0,0,0,2,1,0
CARRIER_C,2025-07-05 08:00,DONGSAN,20FT,0,1,0,0,1,3,0,0
CARRIER_C,2025-07-05 09:00,DONGSAN,20FT,0,0,0,0,1,3,0,0
CARRIER_C,2025-07-05 10:00,DONGSAN,20FT,0,0,0,0,1,3,0,0
CARRIER_C,2025-07-05 11:00,DONGSAN,20FT,0,0,0,0,1,3,0,0
CARRIER_C,2025-07-05 12:00,DONGSAN,20FT,0,0,0,0,1,3,0,0
CARRIER_C,2025-07-05 13:00,DONGSAN,20FT,0,0,0,0,1,3,0,0
CARRIER_C,2025-07-05 14:00,DONGSAN,20FT,0,0,0,0,1,3,0,0
CARRIER_C,2025-07-05 15:00,DONGSAN,20FT,0,0,0,0,1,3,0,0
CARRIER_C,2025-07-05 16:00,DONGSAN,20FT,0,0,0,0,1,3,0,0
CARRIER_C,2025-07-05 17:00,DONGSAN,20FT,1,0,0,0,0,2,0,0
CARRIER_C,2025-07-05 18:00,DONGSAN,20FT,0,0,0,0,0,2,0,0
CARRIER_C,2025-07-05 19:00,DONGSAN,20FT,0,0,0,0,0,2,0,0
CARRIER_C,2025-07-05 20:00,DONGSAN,20FT,1,0,0,0,0,1,1,0
CARRIER_C,2025-07-05 21:00,DONGSAN,20FT,0,0,0,0,0,1,0,0
CARRIER_C,2025-07-05 22:00,DONGSAN,20FT,0,0,0,0,0,1,0,0
CARRIER_C,2025-07-05 23:00,DONGSAN,20FT,0,0,0,0,0,1,0,0
CARRIER_C,2025-07-06 00:00,DONGSAN,20FT,0,0,0,0,0,1,0,0
CARRIER_C,2025-07-06 01:00,DONGSAN,20FT,0,0,0,0,0,1,0,0
CARRIER_C,2025-07-06 02:00,DONGSAN,20FT,0,0,0,0,0,1,0,0
CARRIER_C,2025-07-06 03:00,DONGSAN,20FT,0,0,0,0,0,1,0,0
CARRIER_C,2025-07-06 04:00,DONGSAN,20FT,0,0,0,0,0,1,0,0
CARRIER_C,2025-07-06 05:00,DONGSAN,20FT,0,0,0,0,0,1,0,0
CARRIER_C,2025-07-06 06:00,DONGSAN,20FT,1,0,0,0,0,0,1,0
CARRIER_C,2025-07-06 07:00,DONGSAN,20FT,0,0,0,0,0,0,0,0
CARRIER_C,2025-07-06 08:00,DONGSAN,20FT,0,0,0,0,0,0,0,0
CARRIER_C,2025-07-06 09:00,DONGSAN,20FT,0,0,0,0,0,0,0,0
CARRIER_C,2025-07-06 10:00,DONGSAN,20FT,0,0,0,0,0,0,0,0
CARRIER_C,2025-07-06 11:00,DONGSAN,20FT,0,0,0,0,0,0,0,0
CARRIER_C,2025-07-06 12:00,DONGSAN,20FT,0,1,0,0,1,1,0,0
CARRIER_C,2025-07-06 13:00,DONGSAN,20FT,0,0,0,0,1,1,0,0
CARRIER_C,2025-07-06 14:00,DONGSAN,20FT,1,0,0,0,0,0,0,0
CARRIER_C,2025-07-06 15:00,DONGSAN,20FT,0,0,0,0,0,0,0,0
CARRIER_C,2025-07-06 16:00,DONGSAN,20FT,0,0,0,0,0,0,0,0
CARRIER_C,2025-07-06 17:00,DONGSAN,20FT,0,0,0,0,0,0,0,0
CARRIER_C,2025-07-06 18:00,DONGSAN,20FT,0,0,0,0,0,0,0,0
CARRIER_C,2025-07-06 19:00,DONGSAN,20FT,0,0,0,0,0,0,0,0
CARRIER_C,2025-07-06 20:00,DONGSAN,20FT,0,0,0,0,0,0,0,0
CARRIER_C,2025-07-06 21:00,DONGSAN,20FT,0,0,0,0,0,0,0,0
CARRIER_C,2025-07-06 22:00,DONGSAN,20FT,0,0,0,0,0,0,0,0
CARRIER_C,2025-07-06 23:00,DONGSAN,20FT,0,0,0,0,0,0,0,0
CARRIER_C,2025-07-07 00:00,DONGSAN,20FT,0,0,0,0,0,0,0,0
CARRIER_C,2025-07-07 01:00,DONGSAN,20FT,0,0,0,0,0,0,0,0
CARRIER_C,2025-07-07 02:00,DONGSAN,20FT,0,0,0,0,0,0,0,0
CARRIER_C,2025-07-07 03:00,DONGSAN,20FT,0,0,0,0,0,0,0,0
CARRIER_C,2025-07-07 04:00,DONGSAN,20FT,0,0,0,0,0,0,0,0
CARRIER_C,2025-07-07 05:00,DONGSAN,20FT,0,0,0,0,0,0,0,0
CARRIER_C,2025-07-07 06:00,DONGSAN,20FT,0,0,0,0,0,0,0,0
CARRIER_C,2025-07-07 07:00,DONGSAN,20FT,0,0,0,0,0,0,0,0
CARRIER_C,2025-07-07 08:00,DONGSAN,20FT,1,0,0,0,0,0,1,1
CARRIER_C,2025-07-07 09:00,DONGSAN,20FT,0,0,0,0,0,0,0,0
CARRIER_C,2025-07-07 10:00,DONGSAN,20FT,0,1,0,0,1,1,0,0
CARRIER_C,2025-07-07 11:00,DONGSAN,20FT,0,0,0,0,1,1,0,0
CARRIER_C,2025-07-07 12:00,DONGSAN,20FT,0,0,0,0,1,1,0,0
CARRIER_C,2025-07-07 13:00,DONGSAN,20FT,1,0,0,0,0,0,0,0
CARRIER_C,2025-07-07 14:00,DONGSAN,20FT,0,0,0,0,0,0,0,0
CARRIER_C,2025-07-07 15:00,DONGSAN,20FT,0,0,0,0,0,0,0,0
CARRIER_C,2025-07-07 16:00,DONGSAN,20FT,0,0,0,0,0,0,0,0
CARRIER_C,2025-07-07 17:00,DONGSAN,20FT,0,0,0,0,0,0,0,0
CARRIER_C,2025-07-07 18:00,DONGSAN,20FT,0,0,0,0,0,0,0,0
CARRIER_C,2025-07-07 19:00,DONGSAN,20FT,0,0,0,0,0,0,0,0
CARRIER_C,2025-07-07 20:00,DONGSAN,20FT,0,0,0,0,0,0,0,0
CARRIER_C,2025-07-07 21:00,DONGSAN,20FT,0,0,0,0,0,0,0,0
CARRIER_C,2025-07-07 22:00,DONGSAN,20FT,0,0,0,0,0,0,0,0
CARRIER_C,2025-07-07 23:00,DONGSAN,20FT,0,0,0,0,0,0,0,0
CARRIER_C,2025-07-01 00:00,DONGSAN,40FT,0,0,0,0,2,2,0,0
CARRIER_C,2025-07-01 01:00,DONGSAN,40FT,0,0,0,0,2,2,0,0
CARRIER_C,2025-07-01 02:00,DONGSAN,40FT,0,0,0,0,2,2,0,0
CARRIER_C,2025-07-01 03:00,DONGSAN,40FT,0,0,0,0,2,2,0,0
CARRIER_C,2025-07-01 04:00,DONGSAN,40FT,0,0,0,0,2,2,0,0
CARRIER_C,2025-07-01 05:00,DONGSAN,40FT,0,0,0,0,2,2,0,0
CARRIER_C,2025-07-01 06:00,DONGSAN,40FT,0,0,0,0,2,2,0,0
CARRIER_C,2025-07-01 07:00,DONGSAN,40FT,0,0,0,0,2,2,0,0
CARRIER_C,2025-07-01 08:00,DONGSAN,40FT,0,0,0,0,2,2,0,0
CARRIER_C,2025-07-01 09:00,DONGSAN,40FT,0,0,0,0,2,2,0,0
CARRIER_C,2025-07-01 10:00,DONGSAN,40FT,0,0,0,0,2,2,0,0
CARRIER_C,2025-07-01 11:00,DONGSAN,40FT,0,0,0,0,2,2,0,0
CARRIER_C,2025-07-01 12:00,DONGSAN,40FT,0,0,0,0,2,2,0,0
CARRIER_C,2025-07-01 13:00,DONGSAN,40FT,0,0,0,0,2,2,0,0
CARRIER_C,2025-07-01 14:00,DONGSAN,40FT,0,0,0,0,2,2,0,0
CARRIER_C,2025-07-01 15:00,DONGSAN,40FT,0,0,0,0,2,2,0,0
CARRIER_C,2025-07-01 16:00,DONGSAN,40FT,0,0,0,0,2,2,0,0
CARRIER_C,2025-07-01 17:00,DONGSAN,40FT,0,0,0,0,2,2,0,0
CARRIER_C,2025-07-01 18:00,DONGSAN,40FT,0,0,0,0,2,2,0,0
CARRIER_C,2025-07-01 19:00,DONGSAN,40FT,0,0,0,0,2,2,0,0
CARRIER_C,2025-07-01 20:00,DONGSAN,40FT,0,0,0,0,2,2,0,0
CARRIER_C,2025-07-01 21:00,DONGSAN,40FT,0,0,0,0,2,2,0,0
CARRIER_C,2025-07-01 22:00,DONGSAN,40FT,0,0,0,0,2,2,0,0
CARRIER_C,2025-07-01 23:00,DONGSAN,40FT,0,0,0,0,2,2,0,0
CARRIER_C,2025-07-02 00:00,DONGSAN,40FT,0,0,0,0,2,2,0,0
CARRIER_C,2025-07-02 01:00,DONGSAN,40FT,0,0,0,0,2,2,0,0
CARRIER_C,2025-07-02 02:00,DONGSAN,40FT,0,0,0,0,2,2,0,0
CARRIER_C,2025-07-02 03:00,DONGSAN,40FT,0,0,0,0,2,2,0,0
CARRIER_C,2025-07-02 04:00,DONGSAN,40FT,0,0,0,0,2,2,0,0
CARRIER_C,2025-07-02 05:00,DONGSAN,40FT,0,0,0,0,2,2,0,0
CARRIER_C,2025-07-02 06:00,DONGSAN,40FT,0,0,0,0,2,2,0,0
CARRIER_C,2025-07-02 07:00,DONGSAN,40FT,0,0,0,0,2,2,0,0
CARRIER_C,2025-07-02 08:00,DONGSAN,40FT,0,0,0,0,2,2,0,0
CARRIER_C,2025-07-02 09:00,DONGSAN,40FT,0,0,0,0,2,2,0,0
CARRIER_C,2025-07-02 10:00,DONGSAN,40FT,0,0,0,0,2,2,0,0
CARRIER_C,2025-07-02 11:00,DONGSAN,40FT,1,0,0,0,1,1,0,0
CARRIER_C,2025-07-02 12:00,DONGSAN,40FT,0,0,0,0,1,1,0,0
CARRIER_C,2025-07-02 13:00,DONGSAN,40FT,0,0,0,0,1,1,0,0
CARRIER_C,2025-07-02 14:00,DONGSAN,40FT,0,0,0,0,1,1,0,0
CARRIER_C,2025-07-02 15:00,DONGSAN,40FT,0,0,0,0,1,1,0,0
CARRIER_C,2025-07-02 16:00,DONGSAN,40FT,0,0,0,0,1,1,0,0
CARRIER_C,2025-07-02 17:00,DONGSAN,40FT,0,0,0,0,1,1,0,0
CARRIER_C,2025-07-02 18:00,DONGSAN,40FT,0,0,0,0,1,1,0,0
CARRIER_C,2025-07-02 19:00,DONGSAN,40FT,0,0,0,0,1,1,0,0
CARRIER_C,2025-07-02 20:00,DONGSAN,40FT,0,0,0,0,1,1,0,0
CARRIER_C,2025-07-02 21:00,DONGSAN,40FT,0,0,0,0,1,1,0,0
CARRIER_C,2025-07-02 22:00,DONGSAN,40FT,0,0,0,0,1,1,0,0
CARRIER_C,2025-07-02 23:00,DONGSAN,40FT,0,0,0,0,1,1,0,0
CARRIER_C,2025-07-03 00:00,DONGSAN,40FT,0,0,0,0,1,1,0,0
CARRIER_C,2025-07-03 01:00,DONGSAN,40FT,0,0,0,0,1,1,0,0
CARRIER_C,2025-07-03 02:00,DONGSAN,40FT,0,0,0,0,1,1,0,0
CARRIER_C,2025-07-03 03:00,DONGSAN,40FT,0,0,0,0,1,1,0,0
CARRIER_C,2025-07-03 04:00,DONGSAN,40FT,0,0,0,0,1,1,0,0
CARRIER_C,2025-07-03 05:00,DONGSAN,40FT,0,0,0,0,1,1,0,0
CARRIER_C,2025-07-03 06:00,DONGSAN,40FT,0,0,0,0,1,1,0,0
CARRIER_C,2025-07-03 07:00,DONGSAN,40FT,0,0,0,0,1,1,0,0
CARRIER_C,2025-07-03 08:00,DONGSAN,40FT,0,0,0,0,1,1,0,0
CARRIER_C,2025-07-03 09:00,DONGSAN,40FT,0,0,0,0,1,1,0,0
CARRIER_C,2025-07-03 10:00,DONGSAN,40FT,0,0,0,0,1,1,0,0
CARRIER_C,2025-07-03 11:00,DONGSAN,40FT,0,0,0,0,1,1,0,0
CARRIER_C,2025-07-03 12:00,DONGSAN,40FT,0,0,0,0,1,1,0,0
CARRIER_C,2025-07-03 13:00,DONGSAN,40FT,0,0,0,0,1,1,0,0
CARRIER_C,2025-07-03 14:00,DONGSAN,40FT,0,0,0,0,1,1,0,0
CARRIER_C,2025-07-03 15:00,DONGSAN,40FT,0,0,0,0,1,1,0,0
CARRIER_C,2025-07-03 16:00,DONGSAN,40FT,0,0,0,0,1,1,0,0
CARRIER_C,2025-07-03 17:00,DONGSAN,40FT,0,0,0,0,1,1,0,0
CARRIER_C,2025-07-03 18:00,DONGSAN,40FT,0,0,0,0,1,1,0,0
CARRIER_C,2025-07-03 19:00,DONGSAN,40FT,0,0,0,0,1,1,0,0
CARRIER_C,2025-07-03 20:00,DONGSAN,40FT,0,0,0,0,1,1,0,0
CARRIER_C,2025-07-03 21:00,DONGSAN,40FT,0,0,0,0,1,1,0,0
CARRIER_C,2025-07-03 22:00,DONGSAN,40FT,0,0,0,0,1,1,0,0
CARRIER_C,2025-07-03 23:00,DONGSAN,40FT,0,0,0,0,1,1,0,0
CARRIER_C,2025-07-04 00:00,DONGSAN,40FT,0,0,0,0,1,1,0,0
CARRIER_C,2025-07-04 01:00,DONGSAN,40FT,0,0,0,0,1,1,0,0
CARRIER_C,2025-07-04 02:00,DONGSAN,40FT,0,0,0,0,1,1,0,0
CARRIER_C,2025-07-04 03:00,DONGSAN,40FT,0,0,0,0,1,1,0,0
CARRIER_C,2025-07-04 04:00,DONGSAN,40FT,0,0,0,0,1,1,0,0
CARRIER_C,2025-07-04 05:00,DONGSAN,40FT,0,0,0,0,1,1,0,0
CARRIER_C,2025-07-04 06:00,DONGSAN,40FT,1,0,0,0,0,0,0,0
CARRIER_C,2025-07-04 07:00,DONGSAN,40FT,0,0,0,0,0,0,0,0
CARRIER_C,2025-07-04 08:00,DONGSAN,40FT,0,0,0,0,0,0,0,0
CARRIER_C,2025-07-04 09:00,DONGSAN,40FT,0,0,0,0,0,0,0,0
CARRIER_C,2025-07-04 10:00,DONGSAN,40FT,0,0,0,0,0,0,0,0
CARRIER_C,2025-07-04 11:00,DONGSAN,40FT,0,0,0,0,0,0,0,0
CARRIER_C,2025-07-04 12:00,DONGSAN,40FT,0,0,0,0,0,0,0,0
CARRIER_C,2025-07-04 13:00,DONGSAN,40FT,0,0,0,0,0,0,0,0
CARRIER_C,2025-07-04 14:00,DONGSAN,40FT,0,0,0,0,0,0,0,0
CARRIER_C,2025-07-04 15:00,DONGSAN,40FT,0,0,0,0,0,0,0,0
CARRIER_C,2025-07-04 16:00,DONGSAN,40FT,0,0,0,0,0,0,0,0
CARRIER_C,2025-07-04 17:00,DONGSAN,40FT,0,0,0,0,0,0,0,0
CARRIER_C,2025-07-04 18:00,DONGSAN,40FT,0,0,0,0,0,0,0,0
CARRIER_C,2025-07-04 19:00,DONGSAN,40FT,0,0,0,0,0,0,0,0
CARRIER_C,2025-07-04 20:00,DONGSAN,40FT,0,0,0,0,0,0,0,0
CARRIER_C,2025-07-04 21:00,DONGSAN,40FT,0,0,0,0,0,0,0,0
CARRIER_C,2025-07-04 22:00,DONGSAN,40FT,0,0,0,0,0,0,0,0
CARRIER_C,2025-07-04 23:00,DONGSAN,40FT,0,0,0,0,0,0,0,0
CARRIER_C,2025-07-05 00:00,DONGSAN,40FT,0,0,0,0,0,0,0,0
CARRIER_C,2025-07-05 01:00,DONGSAN,40FT,0,0,0,0,0,0,0,0
CARRIER_C,2025-07-05 02:00,DONGSAN,40FT,0,0,0,0,0,0,0,0
CARRIER_C,2025-07-05 03:00,DONGSAN,40FT,0,0,0,0,0,0,0,0
CARRIER_C,2025-07-05 04:00,DONGSAN,40FT,0,0,0,0,0,0,0,0
CARRIER_C,2025-07-05 05:00,DONGSAN,40FT,0,0,0,0,0,0,0,0
CARRIER_C,2025-07-05 06:00,DONGSAN,40FT,0,0,0,0,0,0,0,0
CARRIER_C,2025-07-05 07:00,DONGSAN,40FT,0,0,0,0,0,0,0,0
CARRIER_C,2025-07-05 08:00,DONGSAN,40FT,0,0,0,0,0,0,0,0
CARRIER_C,2025-07-05 09:00,DONGSAN,40FT,0,0,0,0,0,0,0,0
CARRIER_C,2025-07-05 10:00,DONGSAN,40FT,0,0,0,0,0,0,0,0
CARRIER_C,2025-07-05 11:00,DONGSAN,40FT,0,0,0,0,0,0,0,0
CARRIER_C,2025-07-05 12:00,DONGSAN,40FT,0,0,0,0,0,0,0,0
CARRIER_C,2025-07-05 13:00,DONGSAN,40FT,0,0,0,0,0,0,0,0
CARRIER_C,2025-07-05 14:00,DONGSAN,40FT,0,0,0,0,0,0,0,0
CARRIER_C,2025-07-05 15:00,DONGSAN,40FT,0,0,0,0,0,0,0,0
CARRIER_C,2025-07-05 16:00,DONGSAN,40FT,0,0,0,0,0,0,0,0
CARRIER_C,2025-07-05 17:00,DONGSAN,40FT,0,0,0,0,0,0,0,0
CARRIER_C,2025-07-05 18:00,DONGSAN,40FT,0,1,0,0,1,1,0,0
CARRIER_C,2025-07-05 19:00,DONGSAN,40FT,0,0,0,0,1,1,0,0
CARRIER_C,2025-07-05 20:00,DONGSAN,40FT,0,0,0,0,1,1,0,0
CARRIER_C,2025-07-05 21:00,DONGSAN,40FT,0,0,0,0,1,1,0,0
CARRIER_C,2025-07-05 22:00,DONGSAN,40FT,0,0,0,0,1,1,0,0
CARRIER_C,2025-07-05 23:00,DONGSAN,40FT,0,0,0,0,1,1,0,0
CARRIER_C,2025-07-06 00:00,DONGSAN,40FT,0,0,0,0,1,1,0,0
CARRIER_C,2025-07-06 01:00,DONGSAN,40FT,0,0,0,0,1,1,0,0
CARRIER_C,2025-07-06 02:00,DONGSAN,40FT,0,0,0,0,1,1,0,0
CARRIER_C,2025-07-06 03:00,DONGSAN,40FT,0,0,0,0,1,1,0,0
CARRIER_C,2025-07-06 04:00,DONGSAN,40FT,0,0,0,0,1,1,0,0
CARRIER_C,2025-07-06 05:00,DONGSAN,40FT,0,0,0,0,1,1,0,0
CARRIER_C,2025-07-06 06:00,DONGSAN,40FT,0,0,0,0,1,1,0,0
CARRIER_C,2025-07-06 07:00,DONGSAN,40FT,0,0,0,0,1,1,0,0
CARRIER_C,2025-07-06 08:00,DONGSAN,40FT,0,0,0,0,1,1,0,0
CARRIER_C,2025-07-06 09:00,DONGSAN,40FT,0,0,0,0,1,1,0,0
CARRIER_C,2025-07-06 10:00,DONGSAN,40FT,0,0,0,0,1,1,0,0
CARRIER_C,2025-07-06 11:00,DONGSAN,40FT,0,0,0,0,1,1,0,0
CARRIER_C,2025-07-06 12:00,DONGSAN,40FT,0,0,0,0,1,1,0,0
CARRIER_C,2025-07-06 13:00,DONGSAN,40FT,0,0,0,0,1,1,0,0
CARRIER_C,2025-07-06 14:00,DONGSAN,40FT,0,0,0,0,1,1,0,0
CARRIER_C,2025-07-06 15:00,DONGSAN,40FT,0,0,0,0,1,1,0,0
CARRIER_C,2025-07-06 16:00,DONGSAN,40FT,0,0,0,0,1,1,0,0
CARRIER_C,2025-07-06 17:00,DONGSAN,40FT,0,0,0,0,1,1,0,0
CARRIER_C,2025-07-06 18:00,DONGSAN,40FT,0,0,0,0,1,1,0,0
CARRIER_C,2025-07-06 19:00,DONGSAN,40FT,0,0,0,0,1,1,0,0
CARRIER_C,2025-07-06 20:00,DONGSAN,40FT,0,0,0,0,1,1,0,0
CARRIER_C,2025-07-06 21:00,DONGSAN,40FT,0,0,0,0,1,1,0,0
CARRIER_C,2025-07-06 22:00,DONGSAN,40FT,0,0,0,0,1,1,0,0
CARRIER_C,2025-07-06 23:00,DONGSAN,40FT,0,0,0,0,1,1,0,0
CARRIER_C,2025-07-07 00:00,DONGSAN,40FT,0,0,0,0,1,1,0,0
CARRIER_C,2025-07-07 01:00,DONGSAN,40FT,0,0,0,0,1,1,0,0
CARRIER_C,2025-07-07 02:00,DONGSAN,40FT,0,0,0,0,1,1,0,0
CARRIER_C,2025-07-07 03:00,DONGSAN,40FT,0,0,0,0,1,1,0,0
CARRIER_C,2025-07-07 04:00,DONGSAN,40FT,0,0,0,0,1,1,0,0
CARRIER_C,2025-07-07 05:00,DONGSAN,40FT,0,0,0,0,1,1,0,0
CARRIER_C,2025-07-07 06:00,DONGSAN,40FT,0,0,0,0,1,1,0,0
CARRIER_C,2025-07-07 07:00,DONGSAN,40FT,0,0,0,0,1,1,0,0
CARRIER_C,2025-07-07 08:00,DONGSAN,40FT,0,0,0,0,1,1,0,0
CARRIER_C,2025-07-07 09:00,DONGSAN,40FT,0,0,0,0,1,1,0,0
CARRIER_C,2025-07-07 10:00,DONGSAN,40FT,0,0,0,0,1,1,0,0
CARRIER_C,2025-07-07 11:00,DONGSAN,40FT,0,0,0,0,1,1,0,0
CARRIER_C,2025-07-07 12:00,DONGSAN,40FT,0,0,0,0,1,1,0,0
CARRIER_C,2025-07-07 13:00,DONGSAN,40FT,0,0,0,0,1,1,0,0
CARRIER_C,2025-07-07 14:00,DONGSAN,40FT,0,0,0,0,1,1,0,0
CARRIER_C,2025-07-07 15:00,DONGSAN,40FT,0,0,0,0,1,1,0,0
CARRIER_C,2025-07-07 16:00,DONGSAN,40FT,0,0,0,0,1,1,0,0
CARRIER_C,2025-07-07 17:00,DONGSAN,40FT,0,0,0,0,1,1,0,0
CARRIER_C,2025-07-07 18:00,DONGSAN,40FT,0,0,0,0,1,1,0,0
CARRIER_C,2025-07-07 19:00,DONGSAN,40FT,0,0,0,0,1,1,0,0
CARRIER_C,2025-07-07 20:00,DONGSAN,40FT,0,0,0,0,1,1,0,0
CARRIER_C,2025-07-07 21:00,DONGSAN,40FT,0,0,0,0,1,1,0,0
CARRIER_C,2025-07-07 22:00,DONGSAN,40FT,0,0,0,0,1,1,0,0
CARRIER_C,2025-07-07 23:00,DONGSAN,40FT,0,0,0,0,1,1,0,0
CARRIER_C,2025-07-01 00:00,GWANGYANG,20FT,0,0,0,0,18,18,0,0
CARRIER_C,2025-07-01 01:00,GWANGYANG,20FT,0,0,0,0,18,18,0,0
CARRIER_C,2025-07-01 02:00,GWANGYANG,20FT,0,0,0,0,18,18,0,0
CARRIER_C,2025-07-01 03:00,GWANGYANG,20FT,0,0,0,0,18,18,0,0
CARRIER_C,2025-07-01 04:00,GWANGYANG,20FT,0,0,0,0,18,18,0,0
CARRIER_C,2025-07-01 05:00,GWANGYANG,20FT,0,0,0,0,18,18,0,0
CARRIER_C,2025-07-01 06:00,GWANGYANG,20FT,0,0,0,0,18,18,0,0
CARRIER_C,2025-07-01 07:00,GWANGYANG,20FT,2,0,0,0,16,16,0,0
CARRIER_C,2025-07-01 08:00,GWANGYANG,20FT,0,1,0,0,17,17,0,0
CARRIER_C,2025-07-01 09:00,GWANGYANG,20FT,0,0,0,0,17,17,0,0
CARRIER_C,2025-07-01 10:00,GWANGYANG,20FT,0,1,0,0,18,18,0,0
CARRIER_C,2025-07-01 11:00,GWANGYANG,20FT,0,0,0,0,18,18,0,0
CARRIER_C,2025-07-01 12:00,GWANGYANG,20FT,0,0,0,0,18,18,0,0
CARRIER_C,2025-07-01 13:00,GWANGYANG,20FT,0,0,0,0,18,18,0,0
CARRIER_C,2025-07-01 14:00,GWANGYANG,20FT,0,0,0,0,18,18,0,0
CARRIER_C,2025-07-01 15:00,GWANGYANG,20FT,1,0,0,0,17,17,0,0
CARRIER_C,2025-07-01 16:00,GWANGYANG,20FT,1,0,0,0,16,16,0,0
CARRIER_C,2025-07-01 17:00,GWANGYANG,20FT,0,0,0,0,16,16,0,0
CARRIER_C,2025-07-01 18:00,GWANGYANG,20FT,0,0,0,0,16,16,0,0
CARRIER_C,2025-07-01 19:00,GWANGYANG,20FT,0,0,0,0,16,16,0,0
CARRIER_C,2025-07-01 20:00,GWANGYANG,20FT,0,0,0,0,16,16,0,0
CARRIER_C,2025-07-01 21:00,GWANGYANG,20FT,0,0,0,0,16,16,0,0
CARRIER_C,2025-07-01 22:00,GWANGYANG,20FT,0,0,0,0,16,16,0,0
CARRIER_C,2025-07-01 23:00,GWANGYANG,20FT,0,0,0,0,16,16,0,0
CARRIER_C,2025-07-02 00:00,GWANGYANG,20FT,0,0,0,0,16,16,0,0
CARRIER_C,2025-07-02 01:00,GWANGYANG,20FT,0,0,0,0,16,16,0,0
CARRIER_C,2025-07-02 02:00,GWANGYANG,20FT,0,0,0,0,16,16,0,0
CARRIER_C,2025-07-02 03:00,GWANGYANG,20FT,0,0,0,0,16,16,0,0
CARRIER_C,2025-07-02 04:00,GWANGYANG,20FT,0,0,0,0,16,16,0,0
CARRIER_C,2025-07-02 05:00,GWANGYANG,20FT,0,0,0,0,16,16,0,0
CARRIER_C,2025-07-02 06:00,GWANGYANG,20FT,0,0,0,0,16,16,0,0
CARRIER_C,2025-07-02 07:00,GWANGYANG,20FT,0,0,0,0,16,16,0,0
CARRIER_C,2025-07-02 08:00,GWANGYANG,20FT,0,0,0,0,16,16,0,0
CARRIER_C,2025-07-02 09:00,GWANGYANG,20FT,0,2,0,0,18,18,0,0
CARRIER_C,2025-07-02 10:00,GWANGYANG,20FT,0,0,0,0,18,18,0,0
CARRIER_C,2025-07-02 11:00,GWANGYANG,20FT,0,0,0,0,18,18,0,0
CARRIER_C,2025-07-02 12:00,GWANGYANG,20FT,0,0,0,0,18,18,0,0
CARRIER_C,2025-07-02 13:00,GWANGYANG,20FT,0,1,0,0,19,19,0,0
CARRIER_C,2025-07-02 14:00,GWANGYANG,20FT,0,0,0,0,19,19,0,0
CARRIER_C,2025-07-02 15:00,GWANGYANG,20FT,0,0,0,0,19,19,0,0
CARRIER_C,2025-07-02 16:00,GWANGYANG,20FT,0,0,0,0,19,19,0,0
CARRIER_C,2025-07-02 17:00,GWANGYANG,20FT,0,0,0,0,19,19,0,0
CARRIER_C,2025-07-02 18:00,GWANGYANG,20FT,1,0,0,0,18,18,0,0
CARRIER_C,2025-07-02 19:00,GWANGYANG,20FT,1,0,0,0,17,17,0,0
CARRIER_C,2025-07-02 20:00,GWANGYANG,20FT,0,0,0,0,17,17,0,0
CARRIER_C,2025-07-02 21:00,GWANGYANG,20FT,0,0,0,0,17,17,0,0
CARRIER_C,2025-07-02 22:00,GWANGYANG,20FT,0,0,0,0,17,17,0,0
CARRIER_C,2025-07-02 23:00,GWANGYANG,20FT,0,0,0,0,17,17,0,0
CARRIER_C,2025-07-03 00:00,GWANGYANG,20FT,0,0,0,0,17,17,0,0
CARRIER_C,2025-07-03 01:00,GWANGYANG,20FT,0,0,0,0,17,17,0,0
CARRIER_C,2025-07-03 02:00,GWANGYANG,20FT,0,0,0,0,17,17,0,0
CARRIER_C,2025-07-03 03:00,GWANGYANG,20FT,0,0,0,0,17,17,0,0
CARRIER_C,2025-07-03 04:00,GWANGYANG,20FT,0,0,0,0,17,17,0,0
CARRIER_C,2025-07-03 05:00,GWANGYANG,20FT,0,0,0,0,17,17,0,0
CARRIER_C,2025-07-03 06:00,GWANGYANG,20FT,0,0,0,0,17,17,0,0
CARRIER_C,2025-07-03 07:00,GWANGYANG,20FT,0,0,0,0,17,17,0,0
CARRIER_C,2025-07-03 08:00,GWANGYANG,20FT,1,0,0,0,16,16,0,0
CARRIER_C,2025-07-03 09:00,GWANGYANG,20FT,0,0,0,0,16,16,0,0
CARRIER_C,2025-07-03 10:00,GWANGYANG,20FT,0,0,0,0,16,16,0,0
CARRIER_C,2025-07-03 11:00,GWANGYANG,20FT,1,2,0,0,17,17,0,0
CARRIER_C,2025-07-03 12:00,GWANGYANG,20FT,0,0,0,0,17,17,0,0
CARRIER_C,2025-07-03 13:00,GWANGYANG,20FT,0,0,0,0,17,17,0,0
CARRIER_C,2025-07-03 14:00,GWANGYANG,20FT,0,2,0,0,19,19,0,0
CARRIER_C,2025-07-03 15:00,GWANGYANG,20FT,0,1,0,0,20,20,0,0
CARRIER_C,2025-07-03 16:00,GWANGYANG,20FT,0,1,0,0,21,21,0,0
CARRIER_C,2025-07-03 17:00,GWANGYANG,20FT,0,0,0,0,21,21,0,0
CARRIER_C,2025-07-03 18:00,GWANGYANG,20FT,0,2,0,0,23,23,0,0
CARRIER_C,2025-07-03 19:00,GWANGYANG,20FT,0,0,0,0,23,23,0,0
CARRIER_C,2025-07-03 20:00,GWANGYANG,20FT,0,0,0,0,23,23,0,0
CARRIER_C,2025-07-03 21:00,GWANGYANG,20FT,0,0,0,0,23,23,0,0
CARRIER_C,2025-07-03 22:00,GWANGYANG,20FT,0,0,0,0,23,23,0,0
CARRIER_C,2025-07-03 23:00,GWANGYANG,20FT,0,0,0,0,23,23,0,0
CARRIER_C,2025-07-04 00:00,GWANGYANG,20FT,0,0,0,0,23,23,0,0
CARRIER_C,2025-07-04 01:00,GWANGYANG,20FT,0,0,0,0,23,23,0,0
CARRIER_C,2025-07-04 02:00,GWANGYANG,20FT,0,0,0,0,23,23,0,0
CARRIER_C,2025-07-04 03:00,GWANGYANG,20FT,0,0,0,0,23,23,0,0
CARRIER_C,2025-07-04 04:00,GWANGYANG,20FT,0,0,0,0,23,23,0,0
CARRIER_C,2025-07-04 05:00,GWANGYANG,20FT,0,0,0,0,23,23,0,0
CARRIER_C,2025-07-04 06:00,GWANGYANG,20FT,0,0,0,0,23,23,0,0
CARRIER_C,2025-07-04 07:00,GWANGYANG,20FT,0,0,0,0,23,23,0,0
CARRIER_C,2025-07-04 08:00,GWANGYANG,20FT,1,0,0,0,22,22,0,0
CARRIER_C,2025-07-04 09:00,GWANGYANG,20FT,0,1,0,0,23,23,0,0
CARRIER_C,2025-07-04 10:00,GWANGYANG,20FT,0,1,0,0,24,24,0,0
CARRIER_C,2025-07-04 11:00,GWANGYANG,20FT,0,0,0,0,24,24,0,0
CARRIER_C,2025-07-04 12:00,GWANGYANG,20FT,0,0,0,0,24,24,0,0
CARRIER_C,2025-07-04 13:00,GWANGYANG,20FT,0,0,0,0,24,24,0,0
CARRIER_C,2025-07-04 14:00,GWANGYANG,20FT,0,3,0,0,27,27,0,0
CARRIER_C,2025-07-04 15:00,GWANGYANG,20FT,1,1,0,0,27,27,0,0
CARRIER_C,2025-07-04 16:00,GWANGYANG,20FT,0,0,0,0,27,27,0,0
CARRIER_C,2025-07-04 17:00,GWANGYANG,20FT,0,0,0,0,27,27,0,0
CARRIER_C,2025-07-04 18:00,GWANGYANG,20FT,0,4,0,0,31,31,0,0
CARRIER_C,2025-07-04 19:00,GWANGYANG,20FT,0,0,0,0,31,31,0,0
CARRIER_C,2025-07-04 20:00,GWANGYANG,20FT,0,1,0,0,32,32,0,0
CARRIER_C,2025-07-04 21:00,GWANGYANG,20FT,0,0,0,0,32,32,0,0
CARRIER_C,2025-07-04 22:00,GWANGYANG,20FT,0,0,0,0,32,32,0,0
CARRIER_C,2025-07-04 23:00,GWANGYANG,20FT,0,0,0,0,32,32,0,0
CARRIER_C,2025-07-05 00:00,GWANGYANG,20FT,0,0,0,0,32,32,0,0
CARRIER_C,2025-07-05 01:00,GWANGYANG,20FT,0,0,0,0,32,32,0,0
CARRIER_C,2025-07-05 02:00,GWANGYANG,20FT,0,0,0,0,32,32,0,0
CARRIER_C,2025-07-05 03:00,GWANGYANG,20FT,0,0,0,0,32,32,0,0
CARRIER_C,2025-07-05 04:00,GWANGYANG,20FT,0,0,0,0,32,32,0,0
CARRIER_C,2025-07-05 05:00,GWANGYANG,20FT,0,0,0,0,32,32,0,0
CARRIER_C,2025-07-05 06:00,GWANGYANG,20FT,0,0,0,0,32,32,0,0
CARRIER_C,2025-07-05 07:00,GWANGYANG,20FT,0,0,0,0,32,32,0,0
CARRIER_C,2025-07-05 08:00,GWANGYANG,20FT,0,0,0,0,32,32,0,0
CARRIER_C,2025-07-05 09:00,GWANGYANG,20FT,0,0,0,0,32,32,0,0
CARRIER_C,2025-07-05 10:00,GWANGYANG,20FT,0,0,0,0,32,32,0,0
CARRIER_C,2025-07-05 11:00,GWANGYANG,20FT,1,0,0,0,31,31,0,0
CARRIER_C,2025-07-05 12:00,GWANGYANG,20FT,0,0,0,0,31,31,0,0
CARRIER_C,2025-07-05 13:00,GWANGYANG,20FT,1,0,0,0,30,30,0,0
CARRIER_C,2025-07-05 14:00,GWANGYANG,20FT,0,0,0,0,30,30,0,0
CARRIER_C,2025-07-05 15:00,GWANGYANG,20FT,0,1,0,0,31,31,0,0
CARRIER_C,2025-07-05 16:00,GWANGYANG,20FT,1,0,0,0,30,30,0,0
CARRIER_C,2025-07-05 17:00,GWANGYANG,20FT,0,0,0,0,30,30,0,0
CARRIER_C,2025-07-05 18:00,GWANGYANG,20FT,0,0,0,0,30,30,0,0
CARRIER_C,2025-07-05 19:00,GWANGYANG,20FT,0,0,0,0,30,30,0,0
CARRIER_C,2025-07-05 20:00,GWANGYANG,20FT,0,0,0,0,30,30,0,0
CARRIER_C,2025-07-05 21:00,GWANGYANG,20FT,0,0,0,0,30,30,0,0
CARRIER_C,2025-07-05 22:00,GWANGYANG,20FT,0,0,0,0,30,30,0,0
CARRIER_C,2025-07-05 23:00,GWANGYANG,20FT,0,0,0,0,30,30,0,0
CARRIER_C,2025-07-06 00:00,GWANGYANG,20FT,0,0,0,0,30,30,0,0
CARRIER_C,2025-07-06 01:00,GWANGYANG,20FT,0,0,0,0,30,30,0,0
CARRIER_C,2025-07-06 02:00,GWANGYANG,20FT,0,0,0,0,30,30,0,0
CARRIER_C,2025-07-06 03:00,GWANGYANG,20FT,0,0,0,0,30,30,0,0
CARRIER_C,2025-07-06 04:00,GWANGYANG,20FT,0,0,0,0,30,30,0,0
CARRIER_C,2025-07-06 05:00,GWANGYANG,20FT,0,0,0,0,30,30,0,0
CARRIER_C,2025-07-06 06:00,GWANGYANG,20FT,0,0,0,0,30,30,0,0
CARRIER_C,2025-07-06 07:00,GWANGYANG,20FT,1,0,0,0,29,29,0,0
CARRIER_C,2025-07-06 08:00,GWANGYANG,20FT,0,0,0,0,29,29,0,0
CARRIER_C,2025-07-06 09:00,GWANGYANG,20FT,0,1,0,0,30,30,0,0
CARRIER_C,2025-07-06 10:00,GWANGYANG,20FT,0,0,0,0,30,30,0,0
CARRIER_C,2025-07-06 11:00,GWANGYANG,20FT,0,0,0,0,30,30,0,0
CARRIER_C,2025-07-06 12:00,GWANGYANG,20FT,0,0,0,0,30,30,0,0
CARRIER_C,2025-07-06 13:00,GWANGYANG,20FT,0,0,0,0,30,30,0,0
CARRIER_C,2025-07-06 14:00,GWANGYANG,20FT,1,1,0,0,30,30,0,0
CARRIER_C,2025-07-06 15:00,GWANGYANG,20FT,0,0,0,0,30,30,0,0
CARRIER_C,2025-07-06 16:00,GWANGYANG,20FT,0,2,0,0,32,32,0,0
CARRIER_C,2025-07-06 17:00,GWANGYANG,20FT,0,0,0,0,32,32,0,0
CARRIER_C,2025-07-06 18:00,GWANGYANG,20FT,0,0,0,0,32,32,0,0
CARRIER_C,2025-07-06 19:00,GWANGYANG,20FT,0,0,0,0,32,32,0,0
CARRIER_C,2025-07-06 20:00,GWANGYANG,20FT,0,0,0,0,32,32,0,0
CARRIER_C,2025-07-06 21:00,GWANGYANG,20FT,0,0,0,0,32,32,0,0
CARRIER_C,2025-07-06 22:00,GWANGYANG,20FT,0,0,0,0,32,32,0,0
CARRIER_C,2025-07-06 23:00,GWANGYANG,20FT,0,0,0,0,32,32,0,0
CARRIER_C,2025-07-07 00:00,GWANGYANG,20FT,0,0,0,0,32,32,0,0
CARRIER_C,2025-07-07 01:00,GWANGYANG,20FT,0,0,0,0,32,32,0,0
CARRIER_C,2025-07-07 02:00,GWANGYANG,20FT,0,0,0,0,32,32,0,0
CARRIER_C,2025-07-07 03:00,GWANGYANG,20FT,0,0,0,0,32,32,0,0
CARRIER_C,2025-07-07 04:00,GWANGYANG,20FT,0,0,0,0,32,32,0,0
CARRIER_C,2025-07-07 05:00,GWANGYANG,20FT,0,0,0,0,32,32,0,0
CARRIER_C,2025-07-07 06:00,GWANGYANG,20FT,0,0,0,0,32,32,0,0
CARRIER_C,2025-07-07 07:00,GWANGYANG,20FT,0,0,0,0,32,32,0,0
CARRIER_C,2025-07-07 08:00,GWANGYANG,20FT,0,0,0,0,32,32,0,0
CARRIER_C,2025-07-07 09:00,GWANGYANG,20FT,0,0,0,0,32,32,0,0
CARRIER_C,2025-07-07 10:00,GWANGYANG,20FT,1,0,0,0,31,31,0,0
CARRIER_C,2025-07-07 11:00,GWANGYANG,20FT,0,1,0,0,32,32,0,0
CARRIER_C,2025-07-07 12:00,GWANGYANG,20FT,0,0,0,0,32,32,0,0
CARRIER_C,2025-07-07 13:00,GWANGYANG,20FT,0,0,0,0,32,32,0,0
CARRIER_C,2025-07-07 14:00,GWANGYANG,20FT,0,0,0,0,32,32,0,0
CARRIER_C,2025-07-07 15:00,GWANGYANG,20FT,0,0,0,0,32,32,0,0
CARRIER_C,2025-07-07 16:00,GWANGYANG,20FT,0,0,0,0,32,32,0,0
CARRIER_C,2025-07-07 17:00,GWANGYANG,20FT,1,0,0,0,31,31,0,0
CARRIER_C,2025-07-07 18:00,GWANGYANG,20FT,0,0,0,0,31,31,0,0
CARRIER_C,2025-07-07 19:00,GWANGYANG,20FT,0,1,0,0,32,32,0,0
CARRIER_C,2025-07-07 20:00,GWANGYANG,20FT,0,0,0,0,32,32,0,0
CARRIER_C,2025-07-07 21:00,GWANGYANG,20FT,0,0,0,0,32,32,0,0
CARRIER_C,2025-07-07 22:00,GWANGYANG,20FT,0,0,0,0,32,32,0,0
CARRIER_C,2025-07-07 23:00,GWANGYANG,20FT,0,0,0,0,32,32,0,0
CARRIER_C,2025-07-01 00:00,GWANGYANG,40FT,0,0,0,0,3,3,0,0
CARRIER_C,2025-07-01 01:00,GWANGYANG,40FT,0,0,0,0,3,3,0,0
CARRIER_C,2025-07-01 02:00,GWANGYANG,40FT,0,0,0,0,3,3,0,0
CARRIER_C,2025-07-01 03:00,GWANGYANG,40FT,0,0,0,0,3,3,0,0
CARRIER_C,2025-07-01 04:00,GWANGYANG,40FT,0,0,0,0,3,3,0,0
CARRIER_C,2025-07-01 05:00,GWANGYANG,40FT,0,0,0,0,3,3,0,0
CARRIER_C,2025-07-01 06:00,GWANGYANG,40FT,0,0,0,0,3,3,0,0
CARRIER_C,2025-07-01 07:00,GWANGYANG,40FT,0,0,0,0,3,3,0,0
CARRIER_C,2025-07-01 08:00,GWANGYANG,40FT,0,0,0,0,3,3,0,0
CARRIER_C,2025-07-01 09:00,GWANGYANG,40FT,0,0,0,0,3,3,0,0
CARRIER_C,2025-07-01 10:00,GWANGYANG,40FT,0,0,0,0,3,3,0,0
CARRIER_C,2025-07-01 11:00,GWANGYANG,40FT,0,0,0,0,3,3,0,0
CARRIER_C,2025-07-01 12:00,GWANGYANG,40FT,0,0,0,0,3,3,0,0
CARRIER_C,2025-07-01 13:00,GWANGYANG,40FT,0,0,0,0,3,3,0,0
CARRIER_C,2025-07-01 14:00,GWANGYANG,40FT,0,0,0,0,3,3,0,0
CARRIER_C,2025-07-01 15:00,GWANGYANG,40FT,0,0,0,0,3,3,0,0
CARRIER_C,2025-07-01 16:00,GWANGYANG,40FT,0,0,0,0,3,3,0,0
CARRIER_C,2025-07-01 17:00,GWANGYANG,40FT,0,0,0,0,3,3,0,0
CARRIER_C,2025-07-01 18:00,GWANGYANG,40FT,0,0,0,0,3,3,0,0
CARRIER_C,2025-07-01 19:00,GWANGYANG,40FT,0,0,0,0,3,3,0,0
CARRIER_C,2025-07-01 20:00,GWANGYANG,40FT,0,0,0,0,3,3,0,0
CARRIER_C,2025-07-01 21:00,GWANGYANG,40FT,0,0,0,0,3,3,0,0
CARRIER_C,2025-07-01 22:00,GWANGYANG,40FT,0,0,0,0,3,3,0,0
CARRIER_C,2025-07-01 23:00,GWANGYANG,40FT,0,0,0,0,3,3,0,0
CARRIER_C,2025-07-02 00:00,GWANGYANG,40FT,0,0,0,0,3,3,0,0
CARRIER_C,2025-07-02 01:00,GWANGYANG,40FT,0,0,0,0,3,3,0,0
CARRIER_C,2025-07-02 02:00,GWANGYANG,40FT,0,0,0,0,3,3,0,0
CARRIER_C,2025-07-02 03:00,GWANGYANG,40FT,0,0,0,0,3,3,0,0
CARRIER_C,2025-07-02 04:00,GWANGYANG,40FT,0,0,0,0,3,3,0,0
CARRIER_C,2025-07-02 05:00,GWANGYANG,40FT,0,0,0,0,3,3,0,0
CARRIER_C,2025-07-02 06:00,GWANGYANG,40FT,0,0,0,0,3,3,0,0
CARRIER_C,2025-07-02 07:00,GWANGYANG,40FT,0,0,0,0,3,3,0,0
CARRIER_C,2025-07-02 08:00,GWANGYANG,40FT,0,0,0,0,3,3,0,0
CARRIER_C,2025-07-02 09:00,GWANGYANG,40FT,0,0,0,0,3,3,0,0
CARRIER_C,2025-07-02 10:00,GWANGYANG,40FT,0,0,0,0,3,3,0,0
CARRIER_C,2025-07-02 11:00,GWANGYANG,40FT,0,0,0,0,3,3,0,0
CARRIER_C,2025-07-02 12:00,GWANGYANG,40FT,0,0,0,0,3,3,0,0
CARRIER_C,2025-07-02 13:00,GWANGYANG,40FT,0,0,0,0,3,3,0,0
CARRIER_C,2025-07-02 14:00,GWANGYANG,40FT,0,1,0,0,4,4,0,0
CARRIER_C,2025-07-02 15:00,GWANGYANG,40FT,0,0,0,0,4,4,0,0
CARRIER_C,2025-07-02 16:00,GWANGYANG,40FT,0,0,0,0,4,4,0,0
CARRIER_C,2025-07-02 17:00,GWANGYANG,40FT,0,0,0,0,4,4,0,0
CARRIER_C,2025-07-02 18:00,GWANGYANG,40FT,0,0,0,0,4,4,0,0
CARRIER_C,2025-07-02 19:00,GWANGYANG,40FT,0,0,0,0,4,4,0,0
CARRIER_C,2025-07-02 20:00,GWANGYANG,40FT,0,0,0,0,4,4,0,0
CARRIER_C,2025-07-02 21:00,GWANGYANG,40FT,0,0,0,0,4,4,0,0
CARRIER_C,2025-07-02 22:00,GWANGYANG,40FT,0,0,0,0,4,4,0,0
CARRIER_C,2025-07-02 23:00,GWANGYANG,40FT,0,0,0,0,4,4,0,0
CARRIER_C,2025-07-03 00:00,GWANGYANG,40FT,0,0,0,0,4,4,0,0
CARRIER_C,2025-07-03 01:00,GWANGYANG,40FT,0,0,0,0,4,4,0,0
CARRIER_C,2025-07-03 02:00,GWANGYANG,40FT,0,0,0,0,4,4,0,0
CARRIER_C,2025-07-03 03:00,GWANGYANG,40FT,0,0,0,0,4,4,0,0
CARRIER_C,2025-07-03 04:00,GWANGYANG,40FT,0,0,0,0,4,4,0,0
CARRIER_C,2025-07-03 05:00,GWANGYANG,40FT,0,0,0,0,4,4,0,0
CARRIER_C,2025-07-03 06:00,GWANGYANG,40FT,0,0,0,0,4,4,0,0
CARRIER_C,2025-07-03 07:00,GWANGYANG,40FT,0,0,0,0,4,4,0,0
CARRIER_C,2025-07-03 08:00,GWANGYANG,40FT,0,0,0,0,4,4,0,0
CARRIER_C,2025-07-03 09:00,GWANGYANG,40FT,0,0,0,0,4,4,0,0
CARRIER_C,2025-07-03 10:00,GWANGYANG,40FT,0,0,0,0,4,4,0,0
CARRIER_C,2025-07-03 11:00,GWANGYANG,40FT,1,0,0,0,3,3,0,0
CARRIER_C,2025-07-03 12:00,GWANGYANG,40FT,0,1,0,0,4,4,0,0
CARRIER_C,2025-07-03 13:00,GWANGYANG,40FT,1,0,0,0,3,3,0,0
CARRIER_C,2025-07-03 14:00,GWANGYANG,40FT,0,0,0,0,3,3,0,0
CARRIER_C,2025-07-03 15:00,GWANGYANG,40FT,0,0,0,0,3,3,0,0
CARRIER_C,2025-07-03 16:00,GWANGYANG,40FT,0,0,0,0,3,3,0,0
CARRIER_C,2025-07-03 17:00,GWANGYANG,40FT,0,0,0,0,3,3,0,0
CARRIER_C,2025-07-03 18:00,GWANGYANG,40FT,0,0,0,0,3,3,0,0
CARRIER_C,2025-07-03 19:00,GWANGYANG,40FT,0,1,0,0,4,4,0,0
CARRIER_C,2025-07-03 20:00,GWANGYANG,40FT,0,0,0,0,4,4,0,0
CARRIER_C,2025-07-03 21:00,GWANGYANG,40FT,0,0,0,0,4,4,0,0
CARRIER_C,2025-07-03 22:00,GWANGYANG,40FT,0,0,0,0,4,4,0,0
CARRIER_C,2025-07-03 23:00,GWANGYANG,40FT,0,0,0,0,4,4,0,0
CARRIER_C,2025-07-04 00:00,GWANGYANG,40FT,0,0,0,0,4,4,0,0
CARRIER_C,2025-07-04 01:00,GWANGYANG,40FT,0,0,0,0,4,4,0,0
CARRIER_C,2025-07-04 02:00,GWANGYANG,40FT,0,0,0,0,4,4,0,0
CARRIER_C,2025-07-04 03:00,GWANGYANG,40FT,0,0,0,0,4,4,0,0
CARRIER_C,2025-07-04 04:00,GWANGYANG,40FT,0,0,0,0,4,4,0,0
CARRIER_C,2025-07-04 05:00,GWANGYANG,40FT,0,0,0,0,4,4,0,0
CARRIER_C,2025-07-04 06:00,GWANGYANG,40FT,0,0,0,0,4,4,0,0
CARRIER_C,2025-07-04 07:00,GWANGYANG,40FT,0,0,0,0,4,4,0,0
CARRIER_C,2025-07-04 08:00,GWANGYANG,40FT,0,0,0,0,4,4,0,0
CARRIER_C,2025-07-04 09:00,GWANGYANG,40FT,0,0,0,0,4,4,0,0
CARRIER_C,2025-07-04 10:00,GWANGYANG,40FT,0,0,0,0,4,4,0,0
CARRIER_C,2025-07-04 11:00,GWANGYANG,40FT,0,0,0,0,4,4,0,0
CARRIER_C,2025-07-04 12:00,GWANGYANG,40FT,0,0,0,0,4,4,0,0
CARRIER_C,2025-07-04 13:00,GWANGYANG,40FT,0,0,0,0,4,4,0,0
CARRIER_C,2025-07-04 14:00,GWANGYANG,40FT,0,0,0,0,4,4,0,0
CARRIER_C,2025-07-04 15:00,GWANGYANG,40FT,0,0,0,0,4,4,0,0
CARRIER_C,2025-07-04 16:00,GWANGYANG,40FT,0,0,0,0,4,4,0,0
CARRIER_C,2025-07-04 17:00,GWANGYANG,40FT,0,0,0,0,4,4,0,0
CARRIER_C,2025-07-04 18:00,GWANGYANG,40FT,0,0,0,0,4,4,0,0
CARRIER_C,2025-07-04 19:00,GWANGYANG,40FT,0,0,0,0,4,4,0,0
CARRIER_C,2025-07-04 20:00,GWANGYANG,40FT,0,0,0,0,4,4,0,0
CARRIER_C,2025-07-04 21:00,GWANGYANG,40FT,0,0,0,0,4,4,0,0
CARRIER_C,2025-07-04 22:00,GWANGYANG,40FT,0,0,0,0,4,4,0,0
CARRIER_C,2025-07-04 23:00,GWANGYANG,40FT,0,0,0,0,4,4,0,0
CARRIER_C,2025-07-05 00:00,GWANGYANG,40FT,0,0,0,0,4,4,0,0
CARRIER_C,2025-07-05 01:00,GWANGYANG,40FT,0,0,0,0,4,4,0,0
CARRIER_C,2025-07-05 02:00,GWANGYANG,40FT,0,0,0,0,4,4,0,0
CARRIER_C,2025-07-05 03:00,GWANGYANG,40FT,0,0,0,0,4,4,0,0
CARRIER_C,2025-07-05 04:00,GWANGYANG,40FT,0,0,0,0,4,4,0,0
CARRIER_C,2025-07-05 05:00,GWANGYANG,40FT,0,0,0,0,4,4,0,0
CARRIER_C,2025-07-05 06:00,GWANGYANG,40FT,0,0,0,0,4,4,0,0
CARRIER_C,2025-07-05 07:00,GWANGYANG,40FT,0,0,0,0,4,4,0,0
CARRIER_C,2025-07-05 08:00,GWANGYANG,40FT,0,0,0,0,4,4,0,0
CARRIER_C,2025-07-05 09:00,GWANGYANG,40FT,0,0,0,0,4,4,0,0
CARRIER_C,2025-07-05 10:00,GWANGYANG,40FT,0,0,0,0,4,4,0,0
CARRIER_C,2025-07-05 11:00,GWANGYANG,40FT,0,0,0,0,4,4,0,0
CARRIER_C,2025-07-05 12:00,GWANGYANG,40FT,0,0,0,0,4,4,0,0
CARRIER_C,2025-07-05 13:00,GWANGYANG,40FT,0,0,0,0,4,4,0,0
CARRIER_C,2025-07-05 14:00,GWANGYANG,40FT,0,0,0,0,4,4,0,0
CARRIER_C,2025-07-05 15:00,GWANGYANG,40FT,0,0,0,0,4,4,0,0
CARRIER_C,2025-07-05 16:00,GWANGYANG,40FT,0,0,0,0,4,4,0,0
CARRIER_C,2025-07-05 17:00,GWANGYANG,40FT,0,0,0,0,4,4,0,0
CARRIER_C,2025-07-05 18:00,GWANGYANG,40FT,0,0,0,0,4,4,0,0
CARRIER_C,2025-07-05 19:00,GWANGYANG,40FT,0,0,0,0,4,4,0,0
CARRIER_C,2025-07-05 20:00,GWANGYANG,40FT,0,0,0,0,4,4,0,0
CARRIER_C,2025-07-05 21:00,GWANGYANG,40FT,0,0,0,0,4,4,0,0
CARRIER_C,2025-07-05 22:00,GWANGYANG,40FT,0,0,0,0,4,4,0,0
CARRIER_C,2025-07-05 23:00,GWANGYANG,40FT,0,0,0,0,4,4,0,0
CARRIER_C,2025-07-06 00:00,GWANGYANG,40FT,0,0,0,0,4,4,0,0
CARRIER_C,2025-07-06 01:00,GWANGYANG,40FT,0,0,0,0,4,4,0,0
CARRIER_C,2025-07-06 02:00,GWANGYANG,40FT,0,0,0,0,4,4,0,0
CARRIER_C,2025-07-06 03:00,GWANGYANG,40FT,0,0,0,0,4,4,0,0
CARRIER_C,2025-07-06 04:00,GWANGYANG,40FT,0,0,0,0,4,4,0,0
CARRIER_C,2025-07-06 05:00,GWANGYANG,40FT,0,0,0,0,4,4,0,0
CARRIER_C,2025-07-06 06:00,GWANGYANG,40FT,0,0,0,0,4,4,0,0
CARRIER_C,2025-07-06 07:00,GWANGYANG,40FT,0,0,0,0,4,4,0,0
CARRIER_C,2025-07-06 08:00,GWANGYANG,40FT,0,0,0,0,4,4,0,0
CARRIER_C,2025-07-06 09:00,GWANGYANG,40FT,0,0,0,0,4,4,0,0
CARRIER_C,2025-07-06 10:00,GWANGYANG,40FT,0,0,0,0,4,4,0,0
CARRIER_C,2025-07-06 11:00,GWANGYANG,40FT,0,0,0,0,4,4,0,0
CARRIER_C,2025-07-06 12:00,GWANGYANG,40FT,0,0,0,0,4,4,0,0
CARRIER_C,2025-07-06 13:00,GWANGYANG,40FT,0,0,0,0,4,4,0,0
CARRIER_C,2025-07-06 14:00,GWANGYANG,40FT,0,0,0,0,4,4,0,0
CARRIER_C,2025-07-06 15:00,GWANGYANG,40FT,0,0,0,0,4,4,0,0
CARRIER_C,2025-07-06 16:00,GWANGYANG,40FT,0,0,0,0,4,4,0,0
CARRIER_C,2025-07-06 17:00,GWANGYANG,40FT,0,0,0,0,4,4,0,0
CARRIER_C,2025-07-06 18:00,GWANGYANG,40FT,0,0,0,0,4,4,0,0
CARRIER_C,2025-07-06 19:00,GWANGYANG,40FT,0,0,0,0,4,4,0,0
CARRIER_C,2025-07-06 20:00,GWANGYANG,40FT,0,0,0,0,4,4,0,0
CARRIER_C,2025-07-06 21:00,GWANGYANG,40FT,0,0,0,0,4,4,0,0
CARRIER_C,2025-07-06 22:00,GWANGYANG,40FT,0,0,0,0,4,4,0,0
CARRIER_C,2025-07-06 23:00,GWANGYANG,40FT,0,0,0,0,4,4,0,0
CARRIER_C,2025-07-07 00:00,GWANGYANG,40FT,0,0,0,0,4,4,0,0
CARRIER_C,2025-07-07 01:00,GWANGYANG,40FT,0,0,0,0,4,4,0,0
CARRIER_C,2025-07-07 02:00,GWANGYANG,40FT,0,0,0,0,4,4,0,0
CARRIER_C,2025-07-07 03:00,GWANGYANG,40FT,0,0,0,0,4,4,0,0
CARRIER_C,2025-07-07 04:00,GWANGYANG,40FT,0,0,0,0,4,4,0,0
CARRIER_C,2025-07-07 05:00,GWANGYANG,40FT,0,0,0,0,4,4,0,0
CARRIER_C,2025-07-07 06:00,GWANGYANG,40FT,0,0,0,0,4,4,0,0
CARRIER_C,2025-07-07 07:00,GWANGYANG,40FT,0,0,0,0,4,4,0,0
CARRIER_C,2025-07-07 08:00,GWANGYANG,40FT,0,0,0,0,4,4,0,0
CARRIER_C,2025-07-07 09:00,GWANGYANG,40FT,0,0,0,0,4,4,0,0
CARRIER_C,2025-07-07 10:00,GWANGYANG,40FT,0,0,0,0,4,4,0,0
CARRIER_C,2025-07-07 11:00,GWANGYANG,40FT,0,0,0,0,4,4,0,0
CARRIER_C,2025-07-07 12:00,GWANGYANG,40FT,0,0,0,0,4,4,0,0
CARRIER_C,2025-07-07 13:00,GWANGYANG,40FT,0,0,0,0,4,4,0,0
CARRIER_C,2025-07-07 14:00,GWANGYANG,40FT,0,0,0,0,4,4,0,0
CARRIER_C,2025-07-07 15:00,GWANGYANG,40FT,0,0,0,0,4,4,0,0
CARRIER_C,2025-07-07 16:00,GWANGYANG,40FT,0,0,0,0,4,4,0,0
CARRIER_C,2025-07-07 17:00,GWANGYANG,40FT,0,0,0,0,4,4,0,0
CARRIER_C,2025-07-07 18:00,GWANGYANG,40FT,0,0,0,0,4,4,0,0
CARRIER_C,2025-07-07 19:00,GWANGYANG,40FT,0,0,0,0,4,4,0,0
CARRIER_C,2025-07-07 20:00,GWANGYANG,40FT,0,0,0,0,4,4,0,0
CARRIER_C,2025-07-07 21:00,GWANGYANG,40FT,0,0,0,0,4,4,0,0
CARRIER_C,2025-07-07 22:00,GWANGYANG,40FT,0,0,0,0,4,4,0,0
CARRIER_C,2025-07-07 23:00,GWANGYANG,40FT,0,0,0,0,4,4,0,0
CARRIER_C,2025-07-01 00:00,UIWANG,20FT,0,0,0,0,8,8,0,0
CARRIER_C,2025-07-01 01:00,UIWANG,20FT,0,0,0,0,8,8,0,0
CARRIER_C,2025-07-01 02:00,UIWANG,20FT,0,0,0,0,8,8,0,0
CARRIER_C,2025-07-01 03:00,UIWANG,20FT,0,0,0,0,8,8,0,0
CARRIER_C,2025-07-01 04:00,UIWANG,20FT,0,0,0,0,8,8,0,0
CARRIER_C,2025-07-01 05:00,UIWANG,20FT,0,0,0,0,8,8,0,0
CARRIER_C,2025-07-01 06:00,UIWANG,20FT,0,0,0,0,8,8,0,0
CARRIER_C,2025-07-01 07:00,UIWANG,20FT,1,0,0,0,7,7,0,0
CARRIER_C,2025-07-01 08:00,UIWANG,20FT,1,0,0,0,6,6,0,0
CARRIER_C,2025-07-01 09:00,UIWANG,20FT,0,1,0,0,7,7,0,0
CARRIER_C,2025-07-01 10:00,UIWANG,20FT,2,0,0,0,5,5,0,0
CARRIER_C,2025-07-01 11:00,UIWANG,20FT,0,1,0,0,6,6,0,0
CARRIER_C,2025-07-01 12:00,UIWANG,20FT,0,1,0,0,7,7,0,0
CARRIER_C,2025-07-01 13:00,UIWANG,20FT,0,0,0,0,7,7,0,0
CARRIER_C,2025-07-01 14:00,UIWANG,20FT,1,0,0,0,6,6,0,0
CARRIER_C,2025-07-01 15:00,UIWANG,20FT,0,0,0,0,6,6,0,0
CARRIER_C,2025-07-01 16:00,UIWANG,20FT,0,0,0,0,6,6,0,0
CARRIER_C,2025-07-01 17:00,UIWANG,20FT,0,0,0,0,6,6,0,0
CARRIER_C,2025-07-01 18:00,UIWANG,20FT,1,0,0,0,5,5,0,0
CARRIER_C,2025-07-01 19:00,UIWANG,20FT,0,0,0,0,5,5,0,0
CARRIER_C,2025-07-01 20:00,UIWANG,20FT,1,0,0,0,4,4,0,0
CARRIER_C,2025-07-01 21:00,UIWANG,20FT,0,0,0,0,4,4,0,0
CARRIER_C,2025-07-01 22:00,UIWANG,20FT,0,0,0,0,4,4,0,0
CARRIER_C,2025-07-01 23:00,UIWANG,20FT,0,0,0,0,4,4,0,0
CARRIER_C,2025-07-02 00:00,UIWANG,20FT,0,0,0,0,4,4,0,0
CARRIER_C,2025-07-02 01:00,UIWANG,20FT,0,0,0,0,4,4,0,0
CARRIER_C,2025-07-02 02:00,UIWANG,20FT,0,0,0,0,4,4,0,0
CARRIER_C,2025-07-02 03:00,UIWANG,20FT,0,0,0,0,4,4,0,0
CARRIER_C,2025-07-02 04:00,UIWANG,20FT,0,0,0,0,4,4,0,0
CARRIER_C,2025-07-02 05:00,UIWANG,20FT,0,0,0,0,4,4,0,0
CARRIER_C,2025-07-02 06:00,UIWANG,20FT,0,0,0,0,4,4,0,0
CARRIER_C,2025-07-02 07:00,UIWANG,20FT,1,0,0,0,3,3,0,0
CARRIER_C,2025-07-02 08:00,UIWANG,20FT,0,0,0,0,3,3,0,0
CARRIER_C,2025-07-02 09:00,UIWANG,20FT,0,0,0,0,3,3,0,0
CARRIER_C,2025-07-02 10:00,UIWANG,20FT,0,0,0,0,3,3,0,0
CARRIER_C,2025-07-02 11:00,UIWANG,20FT,1,0,0,0,2,2,0,0
CARRIER_C,2025-07-02 12:00,UIWANG,20FT,0,0,0,0,2,2,0,0
CARRIER_C,2025-07-02 13:00,UIWANG,20FT,0,1,0,0,3,3,0,0
CARRIER_C,2025-07-02 14:00,UIWANG,20FT,0,0,0,0,3,3,0,0
CARRIER_C,2025-07-02 15:00,UIWANG,20FT,0,0,0,0,3,3,0,0
CARRIER_C,2025-07-02 16:00,UIWANG,20FT,0,0,0,0,3,3,0,0
CARRIER_C,2025-07-02 17:00,UIWANG,20FT,1,0,0,0,2,2,0,0
CARRIER_C,2025-07-02 18:00,UIWANG,20FT,0,1,0,0,3,3,0,0
CARRIER_C,2025-07-02 19:00,UIWANG,20FT,1,1,0,0,3,3,0,0
CARRIER_C,2025-07-02 20:00,UIWANG,20FT,0,0,0,0,3,3,0,0
CARRIER_C,2025-07-02 21:00,UIWANG,20FT,0,0,0,0,3,3,0,0
CARRIER_C,2025-07-02 22:00,UIWANG,20FT,0,0,0,0,3,3,0,0
CARRIER_C,2025-07-02 23:00,UIWANG,20FT,0,0,0,0,3,3,0,0
CARRIER_C,2025-07-03 00:00,UIWANG,20FT,0,0,0,0,3,3,0,0
CARRIER_C,2025-07-03 01:00,UIWANG,20FT,0,0,0,0,3,3,0,0
CARRIER_C,2025-07-03 02:00,UIWANG,20FT,0,0,0,0,3,3,0,0
CARRIER_C,2025-07-03 03:00,UIWANG,20FT,0,0,0,0,3,3,0,0
CARRIER_C,2025-07-03 04:00,UIWANG,20FT,0,0,0,0,3,3,0,0
CARRIER_C,2025-07-03 05:00,UIWANG,20FT,0,0,0,0,3,3,0,0
CARRIER_C,2025-07-03 06:00,UIWANG,20FT,0,0,0,0,3,3,0,0
CARRIER_C,2025-07-03 07:00,UIWANG,20FT,0,0,0,0,3,3,0,0
CARRIER_C,2025-07-03 08:00,UIWANG,20FT,0,0,0,0,3,3,0,0
CARRIER_C,2025-07-03 09:00,UIWANG,20FT,0,0,0,0,3,3,0,0
CARRIER_C,2025-07-03 10:00,UIWANG,20FT,0,1,0,0,4,4,0,0
CARRIER_C,2025-07-03 11:00,UIWANG,20FT,0,0,0,0,4,4,0,0
CARRIER_C,2025-07-03 12:00,UIWANG,20FT,0,1,0,0,5,5,0,0
CARRIER_C,2025-07-03 13:00,UIWANG,20FT,0,1,0,0,6,6,0,0
CARRIER_C,2025-07-03 14:00,UIWANG,20FT,0,0,0,0,6,6,0,0
CARRIER_C,2025-07-03 15:00,UIWANG,20FT,1,2,0,4,7,3,0,0
CARRIER_C,2025-07-03 16:00,UIWANG,20FT,0,0,0,0,7,3,0,0
CARRIER_C,2025-07-03 17:00,UIWANG,20FT,0,0,0,0,7,3,0,0
CARRIER_C,2025-07-03 18:00,UIWANG,20FT,0,0,0,0,7,3,0,0
CARRIER_C,2025-07-03 19:00,UIWANG,20FT,0,0,0,0,7,3,0,0
CARRIER_C,2025-07-03 20:00,UIWANG,20FT,0,0,0,0,7,3,0,0
CARRIER_C,2025-07-03 21:00,UIWANG,20FT,0,0,0,0,7,3,0,0
CARRIER_C,2025-07-03 22:00,UIWANG,20FT,0,0,0,0,7,3,0,0
CARRIER_C,2025-07-03 23:00,UIWANG,20FT,0,0,0,0,7,3,0,0
CARRIER_C,2025-07-04 00:00,UIWANG,20FT,0,0,0,0,7,3,0,0
CARRIER_C,2025-07-04 01:00,UIWANG,20FT,0,0,0,0,7,3,0,0
CARRIER_C,2025-07-04 02:00,UIWANG,20FT,0,0,0,0,7,3,0,0
CARRIER_C,2025-07-04 03:00,UIWANG,20FT,0,0,0,0,7,3,0,0
CARRIER_C,2025-07-04 04:00,UIWANG,20FT,0,0,0,0,7,3,0,0
CARRIER_C,2025-07-04 05:00,UIWANG,20FT,0,0,0,0,7,3,0,0
CARRIER_C,2025-07-04 06:00,UIWANG,20FT,0,0,0,0,7,3,0,0
CARRIER_C,2025-07-04 07:00,UIWANG,20FT,0,0,0,0,7,3,0,0
CARRIER_C,2025-07-04 08:00,UIWANG,20FT,1,0,0,0,6,2,0,0
CARRIER_C,2025-07-04 09:00,UIWANG,20FT,1,0,0,0,5,1,0,0
CARRIER_C,2025-07-04 10:00,UIWANG,20FT,0,0,0,0,5,1,0,0
CARRIER_C,2025-07-04 11:00,UIWANG,20FT,0,0,0,0,5,1,0,0
CARRIER_C,2025-07-04 12:00,UIWANG,20FT,0,1,0,0,6,2,0,0
CARRIER_C,2025-07-04 13:00,UIWANG,20FT,0,0,0,0,6,2,0,0
CARRIER_C,2025-07-04 14:00,UIWANG,20FT,0,0,0,0,6,2,0,0
CARRIER_C,2025-07-04 15:00,UIWANG,20FT,1,1,0,2,6,0,0,0
CARRIER_C,2025-07-04 16:00,UIWANG,20FT,0,0,0,0,6,0,0,0
CARRIER_C,2025-07-04 17:00,UIWANG,20FT,0,2,0,0,8,2,0,0
CARRIER_C,2025-07-04 18:00,UIWANG,20FT,0,1,0,0,9,3,0,0
CARRIER_C,2025-07-04 19:00,UIWANG,20FT,0,0,0,0,9,3,0,0
CARRIER_C,2025-07-04 20:00,UIWANG,20FT,0,1,0,0,10,4,0,0
CARRIER_C,2025-07-04 21:00,UIWANG,20FT,0,0,0,0,10,4,0,0
CARRIER_C,2025-07-04 22:00,UIWANG,20FT,0,0,0,0,10,4,0,0
CARRIER_C,2025-07-04 23:00,UIWANG,20FT,0,0,0,0,10,4,0,0
CARRIER_C,2025-07-05 00:00,UIWANG,20FT,0,0,0,0,10,4,0,0
CARRIER_C,2025-07-05 01:00,UIWANG,20FT,0,0,0,0,10,4,0,0
CARRIER_C,2025-07-05 02:00,UIWANG,20FT,0,0,0,0,10,4,0,0
CARRIER_C,2025-07-05 03:00,UIWANG,20FT,0,0,0,0,10,4,0,0
CARRIER_C,2025-07-05 04:00,UIWANG,20FT,0,0,0,0,10,4,0,0
CARRIER_C,2025-07-05 05:00,UIWANG,20FT,0,0,0,0,10,4,0,0
CARRIER_C,2025-07-05 06:00,UIWANG,20FT,0,0,0,0,10,4,0,0
CARRIER_C,2025-07-05 07:00,UIWANG,20FT,0,0,0,0,10,4,0,0
CARRIER_C,2025-07-05 08:00,UIWANG,20FT,0,0,0,0,10,4,0,0
CARRIER_C,2025-07-05 09:00,UIWANG,20FT,0,0,0,0,10,4,0,0
CARRIER_C,2025-07-05 10:00,UIWANG,20FT,0,0,0,0,10,4,0,0
CARRIER_C,2025-07-05 11:00,UIWANG,20FT,0,0,0,0,10,4,0,0
CARRIER_C,2025-07-05 12:00,UIWANG,20FT,0,0,0,0,10,4,0,0
CARRIER_C,2025-07-05 13:00,UIWANG,20FT,0,0,0,0,10,4,0,0
CARRIER_C,2025-07-05 14:00,UIWANG,20FT,1,0,0,0,9,3,0,0
CARRIER_C,2025-07-05 15:00,UIWANG,20FT,1,0,0,0,8,2,0,0
CARRIER_C,2025-07-05 16:00,UIWANG,20FT,0,0,0,0,8,2,0,0
CARRIER_C,2025-07-05 17:00,UIWANG,20FT,0,0,0,0,8,2,0,0
CARRIER_C,2025-07-05 18:00,UIWANG,20FT,1,0,0,0,7,1,0,0
CARRIER_C,2025-07-05 19:00,UIWANG,20FT,0,0,0,0,7,1,0,0
CARRIER_C,2025-07-05 20:00,UIWANG,20FT,0,0,0,0,7,1,0,0
CARRIER_C,2025-07-05 21:00,UIWANG,20FT,0,0,0,0,7,1,0,0
CARRIER_C,2025-07-05 22:00,UIWANG,20FT,0,0,0,0,7,1,0,0
CARRIER_C,2025-07-05 23:00,UIWANG,20FT,0,0,0,0,7,1,0,0
CARRIER_C,2025-07-06 00:00,UIWANG,20FT,0,0,0,0,7,1,0,0
CARRIER_C,2025-07-06 01:00,UIWANG,20FT,0,0,0,0,7,1,0,0
CARRIER_C,2025-07-06 02:00,UIWANG,20FT,0,0,0,0,7,1,0,0
CARRIER_C,2025-07-06 03:00,UIWANG,20FT,0,0,0,0,7,1,0,0
CARRIER_C,2025-07-06 04:00,UIWANG,20FT,0,0,0,0,7,1,0,0
CARRIER_C,2025-07-06 05:00,UIWANG,20FT,0,0,0,0,7,1,0,0
CARRIER_C,2025-07-06 06:00,UIWANG,20FT,0,0,0,0,7,1,0,0
CARRIER_C,2025-07-06 07:00,UIWANG,20FT,0,0,0,0,7,1,0,0
CARRIER_C,2025-07-06 08:00,UIWANG,20FT,0,0,0,0,7,1,0,0
CARRIER_C,2025-07-06 09:00,UIWANG,20FT,0,0,0,0,7,1,0,0
CARRIER_C,2025-07-06 10:00,UIWANG,20FT,1,0,0,0,6,0,0,0
CARRIER_C,2025-07-06 11:00,UIWANG,20FT,0,1,0,0,7,1,0,0
CARRIER_C,2025-07-06 12:00,UIWANG,20FT,0,0,0,0,7,1,0,0
CARRIER_C,2025-07-06 13:00,UIWANG,20FT,0,0,0,0,7,1,0,0
CARRIER_C,2025-07-06 14:00,UIWANG,20FT,0,0,0,0,7,1,0,0
CARRIER_C,2025-07-06 15:00,UIWANG,20FT,0,0,0,0,7,1,0,0
CARRIER_C,2025-07-06 16:00,UIWANG,20FT,0,1,0,0,8,2,0,0
CARRIER_C,2025-07-06 17:00,UIWANG,20FT,0,0,0,0,8,2,0,0
CARRIER_C,2025-07-06 18:00,UIWANG,20FT,0,0,0,0,8,2,0,0
CARRIER_C,2025-07-06 19:00,UIWANG,20FT,0,0,0,0,8,2,0,0
CARRIER_C,2025-07-06 20:00,UIWANG,20FT,0,0,0,0,8,2,0,0
CARRIER_C,2025-07-06 21:00,UIWANG,20FT,0,0,0,0,8,2,0,0
CARRIER_C,2025-07-06 22:00,UIWANG,20FT,0,0,0,0,8,2,0,0
CARRIER_C,2025-07-06 23:00,UIWANG,20FT,0,0,0,0,8,2,0,0
CARRIER_C,2025-07-07 00:00,UIWANG,20FT,0,0,0,0,8,2,0,0
CARRIER_C,2025-07-07 01:00,UIWANG,20FT,0,0,0,0,8,2,0,0
CARRIER_C,2025-07-07 02:00,UIWANG,20FT,0,0,0,0,8,2,0,0
CARRIER_C,2025-07-07 03:00,UIWANG,20FT,0,0,0,0,8,2,0,0
CARRIER_C,2025-07-07 04:00,UIWANG,20FT,0,0,0,0,8,2,0,0
CARRIER_C,2025-07-07 05:00,UIWANG,20FT,0,0,0,0,8,2,0,0
CARRIER_C,2025-07-07 06:00,UIWANG,20FT,0,0,0,0,8,2,0,0
CARRIER_C,2025-07-07 07:00,UIWANG,20FT,0,0,0,0,8,2,0,0
CARRIER_C,2025-07-07 08:00,UIWANG,20FT,0,0,0,0,8,2,0,0
CARRIER_C,2025-07-07 09:00,UIWANG,20FT,0,0,0,0,8,2,0,0
CARRIER_C,2025-07-07 10:00,UIWANG,20FT,0,1,0,0,9,3,0,0
CARRIER_C,2025-07-07 11:00,UIWANG,20FT,0,1,0,0,10,4,0,0
CARRIER_C,2025-07-07 12:00,UIWANG,20FT,0,0,0,0,10,4,0,0
CARRIER_C,2025-07-07 13:00,UIWANG,20FT,0,0,0,0,10,4,0,0
CARRIER_C,2025-07-07 14:00,UIWANG,20FT,1,0,0,0,9,3,0,0
CARRIER_C,2025-07-07 15:00,UIWANG,20FT,1,0,0,0,8,2,0,0
CARRIER_C,2025-07-07 16:00,UIWANG,20FT,1,0,0,0,7,1,0,0
CARRIER_C,2025-07-07 17:00,UIWANG,20FT,0,0,0,0,7,1,0,0
CARRIER_C,2025-07-07 18:00,UIWANG,20FT,0,0,0,0,7,1,0,0
CARRIER_C,2025-07-07 19:00,UIWANG,20FT,0,1,0,0,8,2,0,0
CARRIER_C,2025-07-07 20:00,UIWANG,20FT,0,1,0,0,9,3,0,0
CARRIER_C,2025-07-07 21:00,UIWANG,20FT,0,1,0,0,10,4,0,0
CARRIER_C,2025-07-07 22:00,UIWANG,20FT,0,0,0,0,10,4,0,0
CARRIER_C,2025-07-07 23:00,UIWANG,20FT,0,0,0,0,10,4,0,0
CARRIER_C,2025-07-01 00:00,UIWANG,40FT,0,0,0,0,2,2,0,0
CARRIER_C,2025-07-01 01:00,UIWANG,40FT,0,0,0,0,2,2,0,0
CARRIER_C,2025-07-01 02:00,UIWANG,40FT,0,0,0,0,2,2,0,0
CARRIER_C,2025-07-01 03:00,UIWANG,40FT,0,0,0,0,2,2,0,0
CARRIER_C,2025-07-01 04:00,UIWANG,40FT,0,0,0,0,2,2,0,0
CARRIER_C,2025-07-01 05:00,UIWANG,40FT,0,0,0,0,2,2,0,0
CARRIER_C,2025-07-01 06:00,UIWANG,40FT,0,0,0,0,2,2,0,0
CARRIER_C,2025-07-01 07:00,UIWANG,40FT,0,0,0,0,2,2,0,0
CARRIER_C,2025-07-01 08:00,UIWANG,40FT,0,0,0,0,2,2,0,0
CARRIER_C,2025-07-01 09:00,UIWANG,40FT,0,0,0,0,2,2,0,0
CARRIER_C,2025-07-01 10:00,UIWANG,40FT,0,0,0,0,2,2,0,0
CARRIER_C,2025-07-01 11:00,UIWANG,40FT,2,0,0,0,0,0,0,0
CARRIER_C,2025-07-01 12:00,UIWANG,40FT,0,0,0,0,0,0,0,0
CARRIER_C,2025-07-01 13:00,UIWANG,40FT,0,0,0,0,0,0,0,0
CARRIER_C,2025-07-01 14:00,UIWANG,40FT,0,0,0,0,0,0,0,0
CARRIER_C,2025-07-01 15:00,UIWANG,40FT,0,0,0,0,0,0,0,0
CARRIER_C,2025-07-01 16:00,UIWANG,40FT,0,0,0,0,0,0,0,0
CARRIER_C,2025-07-01 17:00,UIWANG,40FT,0,0,0,0,0,0,0,0
CARRIER_C,2025-07-01 18:00,UIWANG,40FT,0,0,0,0,0,0,0,0
CARRIER_C,2025-07-01 19:00,UIWANG,40FT,0,1,0,0,1,1,0,0
CARRIER_C,2025-07-01 20:00,UIWANG,40FT,0,0,0,0,1,1,0,0
CARRIER_C,2025-07-01 21:00,UIWANG,40FT,0,0,0,0,1,1,0,0
CARRIER_C,2025-07-01 22:00,UIWANG,40FT,0,0,0,0,1,1,0,0
CARRIER_C,2025-07-01 23:00,UIWANG,40FT,0,0,0,0,1,1,0,0
CARRIER_C,2025-07-02 00:00,UIWANG,40FT,0,0,0,0,1,1,0,0
CARRIER_C,2025-07-02 01:00,UIWANG,40FT,0,0,0,0,1,1,0,0
CARRIER_C,2025-07-02 02:00,UIWANG,40FT,0,0,0,0,1,1,0,0
CARRIER_C,2025-07-02 03:00,UIWANG,40FT,0,0,0,0,1,1,0,0
CARRIER_C,2025-07-02 04:00,UIWANG,40FT,0,0,0,0,1,1,0,0
CARRIER_C,2025-07-02 05:00,UIWANG,40FT,0,0,0,0,1,1,0,0
CARRIER_C,2025-07-02 06:00,UIWANG,40FT,0,0,0,0,1,1,0,0
CARRIER_C,2025-07-02 07:00,UIWANG,40FT,0,0,0,0,1,1,0,0
CARRIER_C,2025-07-02 08:00,UIWANG,40FT,0,0,0,0,1,1,0,0
CARRIER_C,2025-07-02 09:00,UIWANG,40FT,0,0,0,0,1,1,0,0
CARRIER_C,2025-07-02 10:00,UIWANG,40FT,0,0,0,0,1,1,0,0
CARRIER_C,2025-07-02 11:00,UIWANG,40FT,0,0,0,0,1,1,0,0
CARRIER_C,2025-07-02 12:00,UIWANG,40FT,0,0,0,0,1,1,0,0
CARRIER_C,2025-07-02 13:00,UIWANG,40FT,0,0,0,0,1,1,0,0
CARRIER_C,2025-07-02 14:00,UIWANG,40FT,0,0,0,0,1,1,0,0
CARRIER_C,2025-07-02 15:00,UIWANG,40FT,0,0,0,0,1,1,0,0
CARRIER_C,2025-07-02 16:00,UIWANG,40FT,0,0,0,0,1,1,0,0
CARRIER_C,2025-07-02 17:00,UIWANG,40FT,0,0,0,0,1,1,0,0
CARRIER_C,2025-07-02 18:00,UIWANG,40FT,0,0,0,0,1,1,0,0
CARRIER_C,2025-07-02 19:00,UIWANG,40FT,0,0,0,0,1,1,0,0
CARRIER_C,2025-07-02 20:00,UIWANG,40FT,0,0,0,0,1,1,0,0
CARRIER_C,2025-07-02 21:00,UIWANG,40FT,0,0,0,0,1,1,0,0
CARRIER_C,2025-07-02 22:00,UIWANG,40FT,0,0,0,0,1,1,0,0
CARRIER_C,2025-07-02 23:00,UIWANG,40FT,0,0,0,0,1,1,0,0
CARRIER_C,2025-07-03 00:00,UIWANG,40FT,0,0,0,0,1,1,0,0
CARRIER_C,2025-07-03 01:00,UIWANG,40FT,0,0,0,0,1,1,0,0
CARRIER_C,2025-07-03 02:00,UIWANG,40FT,0,0,0,0,1,1,0,0
CARRIER_C,2025-07-03 03:00,UIWANG,40FT,0,0,0,0,1,1,0,0
CARRIER_C,2025-07-03 04:00,UIWANG,40FT,0,0,0,0,1,1,0,0
CARRIER_C,2025-07-03 05:00,UIWANG,40FT,0,0,0,0,1,1,0,0
CARRIER_C,2025-07-03 06:00,UIWANG,40FT,0,0,0,0,1,1,0,0
CARRIER_C,2025-07-03 07:00,UIWANG,40FT,0,1,0,0,2,2,0,0
CARRIER_C,2025-07-03 08:00,UIWANG,40FT,0,0,0,0,2,2,0,0
CARRIER_C,2025-07-03 09:00,UIWANG,40FT,0,0,0,0,2,2,0,0
CARRIER_C,2025-07-03 10:00,UIWANG,40FT,0,0,0,0,2,2,0,0
CARRIER_C,2025-07-03 11:00,UIWANG,40FT,0,0,0,0,2,2,0,0
CARRIER_C,2025-07-03 12:00,UIWANG,40FT,1,0,0,0,1,1,0,0
CARRIER_C,2025-07-03 13:00,UIWANG,40FT,0,0,0,0,1,1,0,0
CARRIER_C,2025-07-03 14:00,UIWANG,40FT,0,0,0,0,1,1,0,0
CARRIER_C,2025-07-03 15:00,UIWANG,40FT,0,0,0,0,1,1,0,0
CARRIER_C,2025-07-03 16:00,UIWANG,40FT,0,1,0,0,2,2,0,0
CARRIER_C,2025-07-03 17:00,UIWANG,40FT,0,0,0,0,2,2,0,0
CARRIER_C,2025-07-03 18:00,UIWANG,40FT,0,0,0,0,2,2,0,0
CARRIER_C,2025-07-03 19:00,UIWANG,40FT,0,1,0,0,3,3,0,0
CARRIER_C,2025-07-03 20:00,UIWANG,40FT,0,0,0,0,3,3,0,0
CARRIER_C,2025-07-03 21:00,UIWANG,40FT,0,0,0,0,3,3,0,0
CARRIER_C,2025-07-03 22:00,UIWANG,40FT,0,0,0,0,3,3,0,0
CARRIER_C,2025-07-03 23:00,UIWANG,40FT,0,0,0,0,3,3,0,0
CARRIER_C,2025-07-04 00:00,UIWANG,40FT,0,0,0,0,3,3,0,0
CARRIER_C,2025-07-04 01:00,UIWANG,40FT,0,0,0,0,3,3,0,0
CARRIER_C,2025-07-04 02:00,UIWANG,40FT,0,0,0,0,3,3,0,0
CARRIER_C,2025-07-04 03:00,UIWANG,40FT,0,0,0,0,3,3,0,0
CARRIER_C,2025-07-04 04:00,UIWANG,40FT,0,0,0,0,3,3,0,0
CARRIER_C,2025-07-04 05:00,UIWANG,40FT,0,0,0,0,3,3,0,0
CARRIER_C,2025-07-04 06:00,UIWANG,40FT,0,0,0,0,3,3,0,0
CARRIER_C,2025-07-04 07:00,UIWANG,40FT,0,0,0,0,3,3,0,0
CARRIER_C,2025-07-04 08:00,UIWANG,40FT,0,0,0,0,3,3,0,0
CARRIER_C,2025-07-04 09:00,UIWANG,40FT,1,0,0,0,2,2,0,0
CARRIER_C,2025-07-04 10:00,UIWANG,40FT,0,0,0,0,2,2,0,0
CARRIER_C,2025-07-04 11:00,UIWANG,40FT,0,0,0,0,2,2,0,0
CARRIER_C,2025-07-04 12:00,UIWANG,40FT,0,0,0,0,2,2,0,0
CARRIER_C,2025-07-04 13:00,UIWANG,40FT,0,0,0,0,2,2,0,0
CARRIER_C,2025-07-04 14:00,UIWANG,40FT,0,0,0,0,2,2,0,0
CARRIER_C,2025-07-04 15:00,UIWANG,40FT,0,0,0,1,2,1,0,0
CARRIER_C,2025-07-04 16:00,UIWANG,40FT,0,1,0,0,3,2,0,0
CARRIER_C,2025-07-04 17:00,UIWANG,40FT,0,0,0,0,3,2,0,0
CARRIER_C,2025-07-04 18:00,UIWANG,40FT,0,0,0,0,3,2,0,0
CARRIER_C,2025-07-04 19:00,UIWANG,40FT,0,0,0,0,3,2,0,0
CARRIER_C,2025-07-04 20:00,UIWANG,40FT,0,0,0,0,3,2,0,0
CARRIER_C,2025-07-04 21:00,UIWANG,40FT,0,0,0,0,3,2,0,0
CARRIER_C,2025-07-04 22:00,UIWANG,40FT,0,0,0,0,3,2,0,0
CARRIER_C,2025-07-04 23:00,UIWANG,40FT,0,0,0,0,3,2,0,0
CARRIER_C,2025-07-05 00:00,UIWANG,40FT,0,0,0,0,3,2,0,0
CARRIER_C,2025-07-05 01:00,UIWANG,40FT,0,0,0,0,3,2,0,0
CARRIER_C,2025-07-05 02:00,UIWANG,40FT,0,0,0,0,3,2,0,0
CARRIER_C,2025-07-05 03:00,UIWANG,40FT,0,0,0,0,3,2,0,0
CARRIER_C,2025-07-05 04:00,UIWANG,40FT,0,0,0,0,3,2,0,0
CARRIER_C,2025-07-05 05:00,UIWANG,40FT,0,0,0,0,3,2,0,0
CARRIER_C,2025-07-05 06:00,UIWANG,40FT,0,0,0,0,3,2,0,0
CARRIER_C,2025-07-05 07:00,UIWANG,40FT,0,0,0,0,3,2,0,0
CARRIER_C,2025-07-05 08:00,UIWANG,40FT,0,0,0,0,3,2,0,0
CARRIER_C,2025-07-05 09:00,UIWANG,40FT,0,0,0,0,3,2,0,0
CARRIER_C,2025-07-05 10:00,UIWANG,40FT,0,0,0,0,3,2,0,0
CARRIER_C,2025-07-05 11:00,UIWANG,40FT,0,0,0,0,3,2,0,0
CARRIER_C,2025-07-05 12:00,UIWANG,40FT,0,0,0,0,3,2,0,0
CARRIER_C,2025-07-05 13:00,UIWANG,40FT,0,0,0,0,3,2,0,0
CARRIER_C,2025-07-05 14:00,UIWANG,40FT,0,0,0,0,3,2,0,0
CARRIER_C,2025-07-05 15:00,UIWANG,40FT,1,0,0,0,2,1,0,0
CARRIER_C,2025-07-05 16:00,UIWANG,40FT,0,0,0,0,2,1,0,0
CARRIER_C,2025-07-05 17:00,UIWANG,40FT,0,0,0,0,2,1,0,0
CARRIER_C,2025-07-05 18:00,UIWANG,40FT,0,0,0,0,2,1,0,0
CARRIER_C,2025-07-05 19:00,UIWANG,40FT,0,0,0,0,2,1,0,0
CARRIER_C,2025-07-05 20:00,UIWANG,40FT,0,0,0,0,2,1,0,0
CARRIER_C,2025-07-05 21:00,UIWANG,40FT,0,0,0,0,2,1,0,0
CARRIER_C,2025-07-05 22:00,UIWANG,40FT,0,0,0,0,2,1,0,0
CARRIER_C,2025-07-05 23:00,UIWANG,40FT,0,0,0,0,2,1,0,0
CARRIER_C,2025-07-06 00:00,UIWANG,40FT,0,0,0,0,2,1,0,0
CARRIER_C,2025-07-06 01:00,UIWANG,40FT,0,0,0,0,2,1,0,0
CARRIER_C,2025-07-06 02:00,UIWANG,40FT,0,0,0,0,2,1,0,0
CARRIER_C,2025-07-06 03:00,UIWANG,40FT,0,0,0,0,2,1,0,0
CARRIER_C,2025-07-06 04:00,UIWANG,40FT,0,0,0,0,2,1,0,0
CARRIER_C,2025-07-06 05:00,UIWANG,40FT,0,0,0,0,2,1,0,0
CARRIER_C,2025-07-06 06:00,UIWANG,40FT,0,0,0,0,2,1,0,0
CARRIER_C,2025-07-06 07:00,UIWANG,40FT,0,0,0,0,2,1,0,0
CARRIER_C,2025-07-06 08:00,UIWANG,40FT,0,0,0,0,2,1,0,0
CARRIER_C,2025-07-06 09:00,UIWANG,40FT,0,0,0,0,2,1,0,0
CARRIER_C,2025-07-06 10:00,UIWANG,40FT,0,0,0,0,2,1,0,0
CARRIER_C,2025-07-06 11:00,UIWANG,40FT,0,0,0,0,2,1,0,0
CARRIER_C,2025-07-06 12:00,UIWANG,40FT,0,0,0,0,2,1,0,0
CARRIER_C,2025-07-06 13:00,UIWANG,40FT,0,0,0,0,2,1,0,0
CARRIER_C,2025-07-06 14:00,UIWANG,40FT,0,0,0,0,2,1,0,0
CARRIER_C,2025-07-06 15:00,UIWANG,40FT,0,0,0,0,2,1,0,0
CARRIER_C,2025-07-06 16:00,UIWANG,40FT,0,1,0,0,3,2,0,0
CARRIER_C,2025-07-06 17:00,UIWANG,40FT,0,0,0,0,3,2,0,0
CARRIER_C,2025-07-06 18:00,UIWANG,40FT,0,0,0,0,3,2,0,0
CARRIER_C,2025-07-06 19:00,UIWANG,40FT,0,0,0,0,3,2,0,0
CARRIER_C,2025-07-06 20:00,UIWANG,40FT,0,0,0,0,3,2,0,0
CARRIER_C,2025-07-06 21:00,UIWANG,40FT,0,0,0,0,3,2,0,0
CARRIER_C,2025-07-06 22:00,UIWANG,40FT,0,0,0,0,3,2,0,0
CARRIER_C,2025-07-06 23:00,UIWANG,40FT,0,0,0,0,3,2,0,0
CARRIER_C,2025-07-07 00:00,UIWANG,40FT,0,0,0,0,3,2,0,0
CARRIER_C,2025-07-07 01:00,UIWANG,40FT,0,0,0,0,3,2,0,0
CARRIER_C,2025-07-07 02:00,UIWANG,40FT,0,0,0,0,3,2,0,0
CARRIER_C,2025-07-07 03:00,UIWANG,40FT,0,0,0,0,3,2,0,0
CARRIER_C,2025-07-07 04:00,UIWANG,40FT,0,0,0,0,3,2,0,0
CARRIER_C,2025-07-07 05:00,UIWANG,40FT,0,0,0,0,3,2,0,0
CARRIER_C,2025-07-07 06:00,UIWANG,40FT,0,0,0,0,3,2,0,0
CARRIER_C,2025-07-07 07:00,UIWANG,40FT,0,0,0,0,3,2,0,0
CARRIER_C,2025-07-07 08:00,UIWANG,40FT,0,0,0,0,3,2,0,0
CARRIER_C,2025-07-07 09:00,UIWANG,40FT,0,0,0,0,3,2,0,0
CARRIER_C,2025-07-07 10:00,UIWANG,40FT,1,0,0,0,2,1,0,0
CARRIER_C,2025-07-07 11:00,UIWANG,40FT,1,0,0,0,1,0,0,0
CARRIER_C,2025-07-07 12:00,UIWANG,40FT,0,1,0,0,2,1,0,0
CARRIER_C,2025-07-07 13:00,UIWANG,40FT,0,0,0,0,2,1,0,0
CARRIER_C,2025-07-07 14:00,UIWANG,40FT,0,0,0,0,2,1,0,0
CARRIER_C,2025-07-07 15:00,UIWANG,40FT,0,0,0,0,2,1,0,0
CARRIER_C,2025-07-07 16:00,UIWANG,40FT,0,0,0,0,2,1,0,0
CARRIER_C,2025-07-07 17:00,UIWANG,40FT,0,0,0,0,2,1,0,0
CARRIER_C,2025-07-07 18:00,UIWANG,40FT,0,0,0,0,2,1,0,0
CARRIER_C,2025-07-07 19:00,UIWANG,40FT,0,0,0,0,2,1,0,0
CARRIER_C,2025-07-07 20:00,UIWANG,40FT,0,0,0,0,2,1,0,0
CARRIER_C,2025-07-07 21:00,UIWANG,40FT,0,0,0,0,2,1,0,0
CARRIER_C,2025-07-07 22:00,UIWANG,40FT,0,0,0,0,2,1,0,0
CARRIER_C,2025-07-07 23:00,UIWANG,40FT,0,0,0,0,2,1,0,0
CARRIER_C,2025-07-01 00:00,YAKMOK,20FT,0,0,0,0,3,3,0,0
CARRIER_C,2025-07-01 01:00,YAKMOK,20FT,0,0,0,0,3,3,0,0
CARRIER_C,2025-07-01 02:00,YAKMOK,20FT,0,0,0,0,3,3,0,0
CARRIER_C,2025-07-01 03:00,YAKMOK,20FT,0,0,0,0,3,3,0,0
CARRIER_C,2025-07-01 04:00,YAKMOK,20FT,0,0,0,0,3,3,0,0
CARRIER_C,2025-07-01 05:00,YAKMOK,20FT,0,0,0,0,3,3,0,0
CARRIER_C,2025-07-01 06:00,YAKMOK,20FT,0,0,0,0,3,3,0,0
CARRIER_C,2025-07-01 07:00,YAKMOK,20FT,0,0,0,0,3,3,0,0
CARRIER_C,2025-07-01 08:00,YAKMOK,20FT,0,0,0,0,3,3,0,0
CARRIER_C,2025-07-01 09:00,YAKMOK,20FT,0,0,0,0,3,3,0,0
CARRIER_C,2025-07-01 10:00,YAKMOK,20FT,0,1,0,0,4,4,0,0
CARRIER_C,2025-07-01 11:00,YAKMOK,20FT,0,0,0,0,4,4,0,0
CARRIER_C,2025-07-01 12:00,YAKMOK,20FT,0,0,0,0,4,4,0,0
CARRIER_C,2025-07-01 13:00,YAKMOK,20FT,0,0,0,0,4,4,0,0
CARRIER_C,2025-07-01 14:00,YAKMOK,20FT,0,0,0,0,4,4,0,0
CARRIER_C,2025-07-01 15:00,YAKMOK,20FT,0,0,0,0,4,4,0,0
CARRIER_C,2025-07-01 16:00,YAKMOK,20FT,0,0,0,0,4,4,0,0
CARRIER_C,2025-07-01 17:00,YAKMOK,20FT,0,1,0,0,5,5,0,0
CARRIER_C,2025-07-01 18:00,YAKMOK,20FT,0,0,0,0,5,5,0,0
CARRIER_C,2025-07-01 19:00,YAKMOK,20FT,0,0,0,0,5,5,0,0
CARRIER_C,2025-07-01 20:00,YAKMOK,20FT,0,0,0,0,5,5,0,0
CARRIER_C,2025-07-01 21:00,YAKMOK,20FT,0,0,0,0,5,5,0,0
CARRIER_C,2025-07-01 22:00,YAKMOK,20FT,0,0,0,0,5,5,0,0
CARRIER_C,2025-07-01 23:00,YAKMOK,20FT,0,0,0,0,5,5,0,0
CARRIER_C,2025-07-02 00:00,YAKMOK,20FT,0,0,0,0,5,5,0,0
CARRIER_C,2025-07-02 01:00,YAKMOK,20FT,0,0,0,4,5,1,0,0
CARRIER_C,2025-07-02 02:00,YAKMOK,20FT,0,0,0,0,5,1,0,0
CARRIER_C,2025-07-02 03:00,YAKMOK,20FT,0,0,0,0,5,1,0,0
CARRIER_C,2025-07-02 04:00,YAKMOK,20FT,0,0,0,0,5,1,0,0
CARRIER_C,2025-07-02 05:00,YAKMOK,20FT,0,0,0,0,5,1,0,0
CARRIER_C,2025-07-02 06:00,YAKMOK,20FT,0,0,0,0,5,1,0,0
CARRIER_C,2025-07-02 07:00,YAKMOK,20FT,0,0,0,0,5,1,0,0
CARRIER_C,2025-07-02 08:00,YAKMOK,20FT,1,0,0,0,4,0,0,0
CARRIER_C,2025-07-02 09:00,YAKMOK,20FT,0,0,0,0,4,0,0,0
CARRIER_C,2025-07-02 10:00,YAKMOK,20FT,0,0,0,0,4,0,0,0
CARRIER_C,2025-07-02 11:00,YAKMOK,20FT,0,0,0,0,4,0,0,0
CARRIER_C,2025-07-02 12:00,YAKMOK,20FT,0,0,0,0,4,0,0,0
CARRIER_C,2025-07-02 13:00,YAKMOK,20FT,0,0,0,0,4,0,0,0
CARRIER_C,2025-07-02 14:00,YAKMOK,20FT,0,1,0,0,5,1,0,0
CARRIER_C,2025-07-02 15:00,YAKMOK,20FT,0,0,0,0,5,1,0,0
CARRIER_C,2025-07-02 16:00,YAKMOK,20FT,0,0,0,0,5,1,0,0
CARRIER_C,2025-07-02 17:00,YAKMOK,20FT,1,0,0,0,4,0,0,0
CARRIER_C,2025-07-02 18:00,YAKMOK,20FT,0,0,0,0,4,0,0,0
CARRIER_C,2025-07-02 19:00,YAKMOK,20FT,0,0,0,0,4,0,0,0
CARRIER_C,2025-07-02 20:00,YAKMOK,20FT,0,0,0,0,4,0,0,0
CARRIER_C,2025-07-02 21:00,YAKMOK,20FT,0,0,0,0,4,0,0,0
CARRIER_C,2025-07-02 22:00,YAKMOK,20FT,0,0,0,0,4,0,0,0
CARRIER_C,2025-07-02 23:00,YAKMOK,20FT,0,0,0,0,4,0,0,0
CARRIER_C,2025-07-03 00:00,YAKMOK,20FT,0,0,0,0,4,0,0,0
CARRIER_C,2025-07-03 01:00,YAKMOK,20FT,0,0,0,0,4,0,0,0
CARRIER_C,2025-07-03 02:00,YAKMOK,20FT,0,0,0,0,4,0,0,0
CARRIER_C,2025-07-03 03:00,YAKMOK,20FT,0,0,0,0,4,0,0,0
CARRIER_C,2025-07-03 04:00,YAKMOK,20FT,0,0,0,0,4,0,0,0
CARRIER_C,2025-07-03 05:00,YAKMOK,20FT,0,0,0,0,4,0,0,0
CARRIER_C,2025-07-03 06:00,YAKMOK,20FT,0,0,0,0,4,0,0,0
CARRIER_C,2025-07-03 07:00,YAKMOK,20FT,0,0,0,0,4,0,0,0
CARRIER_C,2025-07-03 08:00,YAKMOK,20FT,0,0,0,0,4,0,0,0
CARRIER_C,2025-07-03 09:00,YAKMOK,20FT,0,0,0,0,4,0,0,0
CARRIER_C,2025-07-03 10:00,YAKMOK,20FT,0,0,0,0,4,0,0,0
CARRIER_C,2025-07-03 11:00,YAKMOK,20FT,0,0,0,0,4,0,0,0
CARRIER_C,2025-07-03 12:00,YAKMOK,20FT,0,0,0,0,4,0,0,0
CARRIER_C,2025-07-03 13:00,YAKMOK,20FT,0,0,0,0,4,0,0,0
CARRIER_C,2025-07-03 14:00,YAKMOK,20FT,0,0,0,0,4,0,0,0
CARRIER_C,2025-07-03 15:00,YAKMOK,20FT,0,0,0,0,4,0,0,0
CARRIER_C,2025-07-03 16:00,YAKMOK,20FT,0,0,0,0,4,0,0,0
CARRIER_C,2025-07-03 17:00,YAKMOK,20FT,0,0,0,0,4,0,0,0
CARRIER_C,2025-07-03 18:00,YAKMOK,20FT,0,0,0,0,4,0,0,0
CARRIER_C,2025-07-03 19:00,YAKMOK,20FT,0,1,0,0,5,1,0,0
CARRIER_C,2025-07-03 20:00,YAKMOK,20FT,0,0,0,0,5,1,0,0
CARRIER_C,2025-07-03 21:00,YAKMOK,20FT,0,0,0,0,5,1,0,0
CARRIER_C,2025-07-03 22:00,YAKMOK,20FT,0,0,0,0,5,1,0,0
CARRIER_C,2025-07-03 23:00,YAKMOK,20FT,0,0,0,0,5,1,0,0
CARRIER_C,2025-07-04 00:00,YAKMOK,20FT,0,0,0,0,5,1,0,0
CARRIER_C,2025-07-04 01:00,YAKMOK,20FT,0,0,0,0,5,1,0,0
CARRIER_C,2025-07-04 02:00,YAKMOK,20FT,0,0,0,0,5,1,0,0
CARRIER_C,2025-07-04 03:00,YAKMOK,20FT,0,0,0,0,5,1,0,0
CARRIER_C,2025-07-04 04:00,YAKMOK,20FT,0,0,0,0,5,1,0,0
CARRIER_C,2025-07-04 05:00,YAKMOK,20FT,0,0,0,0,5,1,0,0
CARRIER_C,2025-07-04 06:00,YAKMOK,20FT,0,0,0,0,5,1,0,0
CARRIER_C,2025-07-04 07:00,YAKMOK,20FT,0,0,0,0,5,1,0,0
CARRIER_C,2025-07-04 08:00,YAKMOK,20FT,0,0,0,0,5,1,0,0
CARRIER_C,2025-07-04 09:00,YAKMOK,20FT,0,0,0,0,5,1,0,0
CARRIER_C,2025-07-04 10:00,YAKMOK,20FT,0,0,0,0,5,1,0,0
CARRIER_C,2025-07-04 11:00,YAKMOK,20FT,0,0,0,0,5,1,0,0
CARRIER_C,2025-07-04 12:00,YAKMOK,20FT,0,0,0,0,5,1,0,0
CARRIER_C,2025-07-04 13:00,YAKMOK,20FT,0,0,0,0,5,1,0,0
CARRIER_C,2025-07-04 14:00,YAKMOK,20FT,0,0,0,0,5,1,0,0
CARRIER_C,2025-07-04 15:00,YAKMOK,20FT,0,0,0,0,5,1,0,0
CARRIER_C,2025-07-04 16:00,YAKMOK,20FT,0,0,0,0,5,1,0,0
CARRIER_C,2025-07-04 17:00,YAKMOK,20FT,0,0,0,0,5,1,0,0
CARRIER_C,2025-07-04 18:00,YAKMOK,20FT,0,0,0,0,5,1,0,0
CARRIER_C,2025-07-04 19:00,YAKMOK,20FT,0,0,0,0,5,1,0,0
CARRIER_C,2025-07-04 20:00,YAKMOK,20FT,0,0,0,0,5,1,0,0
CARRIER_C,2025-07-04 21:00,YAKMOK,20FT,0,0,0,0,5,1,0,0
CARRIER_C,2025-07-04 22:00,YAKMOK,20FT,0,0,0,0,5,1,0,0
CARRIER_C,2025-07-04 23:00,YAKMOK,20FT,0,0,0,0,5,1,0,0
CARRIER_C,2025-07-05 00:00,YAKMOK,20FT,0,0,0,0,5,1,0,0
CARRIER_C,2025-07-05 01:00,YAKMOK,20FT,0,0,0,1,5,0,0,0
CARRIER_C,2025-07-05 02:00,YAKMOK,20FT,0,0,0,0,5,0,0,0
CARRIER_C,2025-07-05 03:00,YAKMOK,20FT,0,0,0,0,5,0,0,0
CARRIER_C,2025-07-05 04:00,YAKMOK,20FT,0,0,0,0,5,0,0,0
CARRIER_C,2025-07-05 05:00,YAKMOK,20FT,0,0,0,0,5,0,0,0
CARRIER_C,2025-07-05 06:00,YAKMOK,20FT,0,0,0,0,5,0,0,0
CARRIER_C,2025-07-05 07:00,YAKMOK,20FT,0,0,0,0,5,0,0,0
CARRIER_C,2025-07-05 08:00,YAKMOK,20FT,0,0,0,0,5,0,0,0
CARRIER_C,2025-07-05 09:00,YAKMOK,20FT,0,0,0,0,5,0,0,0
CARRIER_C,2025-07-05 10:00,YAKMOK,20FT,0,0,0,0,5,0,0,0
CARRIER_C,2025-07-05 11:00,YAKMOK,20FT,0,0,0,0,5,0,0,0
CARRIER_C,2025-07-05 12:00,YAKMOK,20FT,0,0,0,0,5,0,0,0
CARRIER_C,2025-07-05 13:00,YAKMOK,20FT,0,0,0,0,5,0,0,0
CARRIER_C,2025-07-05 14:00,YAKMOK,20FT,0,1,0,0,6,1,0,0
CARRIER_C,2025-07-05 15:00,YAKMOK,20FT,0,0,0,0,6,1,0,0
CARRIER_C,2025-07-05 16:00,YAKMOK,20FT,0,0,0,0,6,1,0,0
CARRIER_C,2025-07-05 17:00,YAKMOK,20FT,0,0,0,0,6,1,0,0
CARRIER_C,2025-07-05 18:00,YAKMOK,20FT,0,0,0,0,6,1,0,0
CARRIER_C,2025-07-05 19:00,YAKMOK,20FT,0,0,0,0,6,1,0,0
CARRIER_C,2025-07-05 20:00,YAKMOK,20FT,0,0,0,0,6,1,0,0
CARRIER_C,2025-07-05 21:00,YAKMOK,20FT,0,0,0,0,6,1,0,0
CARRIER_C,2025-07-05 22:00,YAKMOK,20FT,0,0,0,0,6,1,0,0
CARRIER_C,2025-07-05 23:00,YAKMOK,20FT,0,0,0,0,6,1,0,0
CARRIER_C,2025-07-06 00:00,YAKMOK,20FT,0,0,0,0,6,1,0,0
CARRIER_C,2025-07-06 01:00,YAKMOK,20FT,0,0,0,0,6,1,0,0
CARRIER_C,2025-07-06 02:00,YAKMOK,20FT,0,0,0,0,6,1,0,0
CARRIER_C,2025-07-06 03:00,YAKMOK,20FT,0,0,0,0,6,1,0,0
CARRIER_C,2025-07-06 04:00,YAKMOK,20FT,0,0,0,0,6,1,0,0
CARRIER_C,2025-07-06 05:00,YAKMOK,20FT,0,0,0,0,6,1,0,0
CARRIER_C,2025-07-06 06:00,YAKMOK,20FT,1,0,0,0,5,0,0,0
CARRIER_C,2025-07-06 07:00,YAKMOK,20FT,0,0,0,0,5,0,0,0
CARRIER_C,2025-07-06 08:00,YAKMOK,20FT,0,0,0,0,5,0,0,0
CARRIER_C,2025-07-06 09:00,YAKMOK,20FT,0,0,0,0,5,0,0,0
CARRIER_C,2025-07-06 10:00,YAKMOK,20FT,0,0,0,0,5,0,0,0
CARRIER_C,2025-07-06 11:00,YAKMOK,20FT,0,0,0,0,5,0,0,0
CARRIER_C,2025-07-06 12:00,YAKMOK,20FT,0,0,0,0,5,0,0,0
CARRIER_C,2025-07-06 13:00,YAKMOK,20FT,0,0,0,0,5,0,0,0
CARRIER_C,2025-07-06 14:00,YAKMOK,20FT,0,1,0,0,6,1,0,0
CARRIER_C,2025-07-06 15:00,YAKMOK,20FT,0,0,0,0,6,1,0,0
CARRIER_C,2025-07-06 16:00,YAKMOK,20FT,0,0,0,0,6,1,0,0
CARRIER_C,2025-07-06 17:00,YAKMOK,20FT,0,0,0,0,6,1,0,0
CARRIER_C,2025-07-06 18:00,YAKMOK,20FT,0,0,0,0,6,1,0,0
CARRIER_C,2025-07-06 19:00,YAKMOK,20FT,0,0,0,0,6,1,0,0
CARRIER_C,2025-07-06 20:00,YAKMOK,20FT,0,0,0,0,6,1,0,0
CARRIER_C,2025-07-06 21:00,YAKMOK,20FT,0,0,0,0,6,1,0,0
CARRIER_C,2025-07-06 22:00,YAKMOK,20FT,0,0,0,0,6,1,0,0
CARRIER_C,2025-07-06 23:00,YAKMOK,20FT,0,0,0,0,6,1,0,0
CARRIER_C,2025-07-07 00:00,YAKMOK,20FT,0,0,0,0,6,1,0,0
CARRIER_C,2025-07-07 01:00,YAKMOK,20FT,0,0,0,0,6,1,0,0
CARRIER_C,2025-07-07 02:00,YAKMOK,20FT,0,0,0,0,6,1,0,0
CARRIER_C,2025-07-07 03:00,YAKMOK,20FT,0,0,0,0,6,1,0,0
CARRIER_C,2025-07-07 04:00,YAKMOK,20FT,0,0,0,0,6,1,0,0
CARRIER_C,2025-07-07 05:00,YAKMOK,20FT,0,0,0,0,6,1,0,0
CARRIER_C,2025-07-07 06:00,YAKMOK,20FT,1,0,0,0,5,0,0,0
CARRIER_C,2025-07-07 07:00,YAKMOK,20FT,0,0,0,0,5,0,0,0
CARRIER_C,2025-07-07 08:00,YAKMOK,20FT,0,0,0,0,5,0,0,0
CARRIER_C,2025-07-07 09:00,YAKMOK,20FT,0,0,0,0,5,0,0,0
CARRIER_C,2025-07-07 10:00,YAKMOK,20FT,0,0,0,0,5,0,0,0
CARRIER_C,2025-07-07 11:00,YAKMOK,20FT,0,0,0,0,5,0,0,0
CARRIER_C,2025-07-07 12:00,YAKMOK,20FT,0,0,0,0,5,0,0,0
CARRIER_C,2025-07-07 13:00,YAKMOK,20FT,0,0,0,0,5,0,0,0
CARRIER_C,2025-07-07 14:00,YAKMOK,20FT,0,0,0,0,5,0,0,0
CARRIER_C,2025-07-07 15:00,YAKMOK,20FT,0,0,0,0,5,0,0,0
CARRIER_C,2025-07-07 16:00,YAKMOK,20FT,0,0,0,0,5,0,0,0
CARRIER_C,2025-07-07 17:00,YAKMOK,20FT,0,0,0,0,5,0,0,0
CARRIER_C,2025-07-07 18:00,YAKMOK,20FT,0,0,0,0,5,0,0,0
CARRIER_C,2025-07-07 19:00,YAKMOK,20FT,0,0,0,0,5,0,0,0
CARRIER_C,2025-07-07 20:00,YAKMOK,20FT,0,0,0,0,5,0,0,0
CARRIER_C,2025-07-07 21:00,YAKMOK,20FT,0,0,0,0,5,0,0,0
CARRIER_C,2025-07-07 22:00,YAKMOK,20FT,0,0,0,0,5,0,0,0
CARRIER_C,2025-07-07 23:00,YAKMOK,20FT,0,0,0,0,5,0,0,0
CARRIER_C,2025-07-01 00:00,YAKMOK,40FT,0,0,0,0,5,5,0,0
CARRIER_C,2025-07-01 01:00,YAKMOK,40FT,0,0,0,0,5,5,0,0
CARRIER_C,2025-07-01 02:00,YAKMOK,40FT,0,0,0,0,5,5,0,0
CARRIER_C,2025-07-01 03:00,YAKMOK,40FT,0,0,0,0,5,5,0,0
CARRIER_C,2025-07-01 04:00,YAKMOK,40FT,0,0,0,0,5,5,0,0
CARRIER_C,2025-07-01 05:00,YAKMOK,40FT,0,0,0,0,5,5,0,0
CARRIER_C,2025-07-01 06:00,YAKMOK,40FT,0,0,0,0,5,5,0,0
CARRIER_C,2025-07-01 07:00,YAKMOK,40FT,0,0,0,0,5,5,0,0
CARRIER_C,2025-07-01 08:00,YAKMOK,40FT,0,0,0,0,5,5,0,0
CARRIER_C,2025-07-01 09:00,YAKMOK,40FT,0,0,0,0,5,5,0,0
CARRIER_C,2025-07-01 10:00,YAKMOK,40FT,0,0,0,0,5,5,0,0
CARRIER_C,2025-07-01 11:00,YAKMOK,40FT,0,0,0,0,5,5,0,0
CARRIER_C,2025-07-01 12:00,YAKMOK,40FT,0,0,0,0,5,5,0,0
CARRIER_C,2025-07-01 13:00,YAKMOK,40FT,0,0,0,0,5,5,0,0
CARRIER_C,2025-07-01 14:00,YAKMOK,40FT,0,1,0,0,6,6,0,0
CARRIER_C,2025-07-01 15:00,YAKMOK,40FT,0,0,0,0,6,6,0,0
CARRIER_C,2025-07-01 16:00,YAKMOK,40FT,0,0,0,0,6,6,0,0
CARRIER_C,2025-07-01 17:00,YAKMOK,40FT,1,1,0,0,6,6,0,0
CARRIER_C,2025-07-01 18:00,YAKMOK,40FT,0,0,0,0,6,6,0,0
CARRIER_C,2025-07-01 19:00,YAKMOK,40FT,0,0,0,0,6,6,0,0
CARRIER_C,2025-07-01 20:00,YAKMOK,40FT,0,0,0,0,6,6,0,0
CARRIER_C,2025-07-01 21:00,YAKMOK,40FT,0,0,0,0,6,6,0,0
CARRIER_C,2025-07-01 22:00,YAKMOK,40FT,0,0,0,0,6,6,0,0
CARRIER_C,2025-07-01 23:00,YAKMOK,40FT,0,0,0,0,6,6,0,0
CARRIER_C,2025-07-02 00:00,YAKMOK,40FT,0,0,0,0,6,6,0,0
CARRIER_C,2025-07-02 01:00,YAKMOK,40FT,0,0,0,0,6,6,0,0
CARRIER_C,2025-07-02 02:00,YAKMOK,40FT,0,0,0,0,6,6,0,0
CARRIER_C,2025-07-02 03:00,YAKMOK,40FT,0,0,0,0,6,6,0,0
CARRIER_C,2025-07-02 04:00,YAKMOK,40FT,0,0,0,0,6,6,0,0
CARRIER_C,2025-07-02 05:00,YAKMOK,40FT,0,1,0,0,7,7,0,0
CARRIER_C,2025-07-02 06:00,YAKMOK,40FT,0,0,0,0,7,7,0,0
CARRIER_C,2025-07-02 07:00,YAKMOK,40FT,0,0,0,0,7,7,0,0
CARRIER_C,2025-07-02 08:00,YAKMOK,40FT,0,0,0,0,7,7,0,0
CARRIER_C,2025-07-02 09:00,YAKMOK,40FT,0,0,0,0,7,7,0,0
CARRIER_C,2025-07-02 10:00,YAKMOK,40FT,0,0,0,0,7,7,0,0
CARRIER_C,2025-07-02 11:00,YAKMOK,40FT,1,1,0,0,7,7,0,0
CARRIER_C,2025-07-02 12:00,YAKMOK,40FT,0,0,0,0,7,7,0,0
CARRIER_C,2025-07-02 13:00,YAKMOK,40FT,1,0,0,0,6,6,0,0
CARRIER_C,2025-07-02 14:00,YAKMOK,40FT,0,0,0,0,6,6,0,0
CARRIER_C,2025-07-02 15:00,YAKMOK,40FT,0,0,0,0,6,6,0,0
CARRIER_C,2025-07-02 16:00,YAKMOK,40FT,0,0,0,0,6,6,0,0
CARRIER_C,2025-07-02 17:00,YAKMOK,40FT,0,0,0,0,6,6,0,0
CARRIER_C,2025-07-02 18:00,YAKMOK,40FT,0,0,0,0,6,6,0,0
CARRIER_C,2025-07-02 19:00,YAKMOK,40FT,0,1,0,0,7,7,0,0
CARRIER_C,2025-07-02 20:00,YAKMOK,40FT,0,0,0,0,7,7,0,0
CARRIER_C,2025-07-02 21:00,YAKMOK,40FT,0,0,0,0,7,7,0,0
CARRIER_C,2025-07-02 22:00,YAKMOK,40FT,0,0,0,0,7,7,0,0
CARRIER_C,2025-07-02 23:00,YAKMOK,40FT,0,0,0,0,7,7,0,0
CARRIER_C,2025-07-03 00:00,YAKMOK,40FT,0,0,0,0,7,7,0,0
CARRIER_C,2025-07-03 01:00,YAKMOK,40FT,0,0,0,0,7,7,0,0
CARRIER_C,2025-07-03 02:00,YAKMOK,40FT,0,0,0,0,7,7,0,0
CARRIER_C,2025-07-03 03:00,YAKMOK,40FT,0,0,0,0,7,7,0,0
CARRIER_C,2025-07-03 04:00,YAKMOK,40FT,0,0,0,0,7,7,0,0
CARRIER_C,2025-07-03 05:00,YAKMOK,40FT,0,0,0,0,7,7,0,0
CARRIER_C,2025-07-03 06:00,YAKMOK,40FT,0,0,0,0,7,7,0,0
CARRIER_C,2025-07-03 07:00,YAKMOK,40FT,0,0,0,0,7,7,0,0
CARRIER_C,2025-07-03 08:00,YAKMOK,40FT,0,0,0,0,7,7,0,0
CARRIER_C,2025-07-03 09:00,YAKMOK,40FT,1,0,0,0,6,6,0,0
CARRIER_C,2025-07-03 10:00,YAKMOK,40FT,0,0,0,0,6,6,0,0
CARRIER_C,2025-07-03 11:00,YAKMOK,40FT,0,0,0,0,6,6,0,0
CARRIER_C,2025-07-03 12:00,YAKMOK,40FT,0,0,0,0,6,6,0,0
CARRIER_C,2025-07-03 13:00,YAKMOK,40FT,0,0,0,0,6,6,0,0
CARRIER_C,2025-07-03 14:00,YAKMOK,40FT,0,1,0,0,7,7,0,0
CARRIER_C,2025-07-03 15:00,YAKMOK,40FT,0,0,0,0,7,7,0,0
CARRIER_C,2025-07-03 16:00,YAKMOK,40FT,0,0,0,0,7,7,0,0
CARRIER_C,2025-07-03 17:00,YAKMOK,40FT,0,0,0,0,7,7,0,0
CARRIER_C,2025-07-03 18:00,YAKMOK,40FT,0,0,0,0,7,7,0,0
CARRIER_C,2025-07-03 19:00,YAKMOK,40FT,0,0,0,0,7,7,0,0
CARRIER_C,2025-07-03 20:00,YAKMOK,40FT,0,0,0,0,7,7,0,0
CARRIER_C,2025-07-03 21:00,YAKMOK,40FT,0,0,0,0,7,7,0,0
CARRIER_C,2025-07-03 22:00,YAKMOK,40FT,0,0,0,0,7,7,0,0
CARRIER_C,2025-07-03 23:00,YAKMOK,40FT,0,0,0,0,7,7,0,0
CARRIER_C,2025-07-04 00:00,YAKMOK,40FT,0,0,0,0,7,7,0,0
CARRIER_C,2025-07-04 01:00,YAKMOK,40FT,0,0,0,0,7,7,0,0
CARRIER_C,2025-07-04 02:00,YAKMOK,40FT,0,0,0,0,7,7,0,0
CARRIER_C,2025-07-04 03:00,YAKMOK,40FT,0,0,0,0,7,7,0,0
CARRIER_C,2025-07-04 04:00,YAKMOK,40FT,0,0,0,0,7,7,0,0
CARRIER_C,2025-07-04 05:00,YAKMOK,40FT,0,0,0,0,7,7,0,0
CARRIER_C,2025-07-04 06:00,YAKMOK,40FT,0,0,0,0,7,7,0,0
CARRIER_C,2025-07-04 07:00,YAKMOK,40FT,0,0,0,0,7,7,0,0
CARRIER_C,2025-07-04 08:00,YAKMOK,40FT,0,0,0,0,7,7,0,0
CARRIER_C,2025-07-04 09:00,YAKMOK,40FT,0,0,0,0,7,7,0,0
CARRIER_C,2025-07-04 10:00,YAKMOK,40FT,0,0,0,0,7,7,0,0
CARRIER_C,2025-07-04 11:00,YAKMOK,40FT,0,0,0,0,7,7,0,0
CARRIER_C,2025-07-04 12:00,YAKMOK,40FT,0,0,0,0,7,7,0,0
CARRIER_C,2025-07-04 13:00,YAKMOK,40FT,1,0,0,0,6,6,0,0
CARRIER_C,2025-07-04 14:00,YAKMOK,40FT,0,1,0,0,7,7,0,0
CARRIER_C,2025-07-04 15:00,YAKMOK,40FT,0,0,0,0,7,7,0,0
CARRIER_C,2025-07-04 16:00,YAKMOK,40FT,0,0,0,0,7,7,0,0
CARRIER_C,2025-07-04 17:00,YAKMOK,40FT,0,0,0,0,7,7,0,0
CARRIER_C,2025-07-04 18:00,YAKMOK,40FT,0,1,0,0,8,8,0,0
CARRIER_C,2025-07-04 19:00,YAKMOK,40FT,0,0,0,0,8,8,0,0
CARRIER_C,2025-07-04 20:00,YAKMOK,40FT,0,0,0,0,8,8,0,0
CARRIER_C,2025-07-04 21:00,YAKMOK,40FT,0,0,0,0,8,8,0,0
CARRIER_C,2025-07-04 22:00,YAKMOK,40FT,0,0,0,0,8,8,0,0
CARRIER_C,2025-07-04 23:00,YAKMOK,40FT,0,0,0,0,8,8,0,0
CARRIER_C,2025-07-05 00:00,YAKMOK,40FT,0,0,0,0,8,8,0,0
CARRIER_C,2025-07-05 01:00,YAKMOK,40FT,0,0,0,0,8,8,0,0
CARRIER_C,2025-07-05 02:00,YAKMOK,40FT,0,0,0,0,8,8,0,0
CARRIER_C,2025-07-05 03:00,YAKMOK,40FT,0,0,0,0,8,8,0,0
CARRIER_C,2025-07-05 04:00,YAKMOK,40FT,0,0,0,0,8,8,0,0
CARRIER_C,2025-07-05 05:00,YAKMOK,40FT,0,0,0,0,8,8,0,0
CARRIER_C,2025-07-05 06:00,YAKMOK,40FT,0,0,0,0,8,8,0,0
CARRIER_C,2025-07-05 07:00,YAKMOK,40FT,0,0,0,0,8,8,0,0
CARRIER_C,2025-07-05 08:00,YAKMOK,40FT,0,0,0,0,8,8,0,0
CARRIER_C,2025-07-05 09:00,YAKMOK,40FT,1,0,0,0,7,7,0,0
CARRIER_C,2025-07-05 10:00,YAKMOK,40FT,0,0,0,0,7,7,0,0
CARRIER_C,2025-07-05 11:00,YAKMOK,40FT,0,0,0,0,7,7,0,0
CARRIER_C,2025-07-05 12:00,YAKMOK,40FT,0,0,0,0,7,7,0,0
CARRIER_C,2025-07-05 13:00,YAKMOK,40FT,0,0,0,0,7,7,0,0
CARRIER_C,2025-07-05 14:00,YAKMOK,40FT,0,0,0,0,7,7,0,0
CARRIER_C,2025-07-05 15:00,YAKMOK,40FT,0,0,0,0,7,7,0,0
CARRIER_C,2025-07-05 16:00,YAKMOK,40FT,0,1,0,0,8,8,0,0
CARRIER_C,2025-07-05 17:00,YAKMOK,40FT,0,0,0,0,8,8,0,0
CARRIER_C,2025-07-05 18:00,YAKMOK,40FT,0,0,0,0,8,8,0,0
CARRIER_C,2025-07-05 19:00,YAKMOK,40FT,0,0,0,0,8,8,0,0
CARRIER_C,2025-07-05 20:00,YAKMOK,40FT,0,0,0,0,8,8,0,0
CARRIER_C,2025-07-05 21:00,YAKMOK,40FT,0,0,0,0,8,8,0,0
CARRIER_C,2025-07-05 22:00,YAKMOK,40FT,0,0,0,0,8,8,0,0
CARRIER_C,2025-07-05 23:00,YAKMOK,40FT,0,0,0,0,8,8,0,0
CARRIER_C,2025-07-06 00:00,YAKMOK,40FT,0,0,0,0,8,8,0,0
CARRIER_C,2025-07-06 01:00,YAKMOK,40FT,0,0,0,0,8,8,0,0
CARRIER_C,2025-07-06 02:00,YAKMOK,40FT,0,0,0,0,8,8,0,0
CARRIER_C,2025-07-06 03:00,YAKMOK,40FT,0,0,0,0,8,8,0,0
CARRIER_C,2025-07-06 04:00,YAKMOK,40FT,0,0,0,0,8,8,0,0
CARRIER_C,2025-07-06 05:00,YAKMOK,40FT,0,0,0,0,8,8,0,0
CARRIER_C,2025-07-06 06:00,YAKMOK,40FT,0,0,0,0,8,8,0,0
CARRIER_C,2025-07-06 07:00,YAKMOK,40FT,0,0,0,0,8,8,0,0
CARRIER_C,2025-07-06 08:00,YAKMOK,40FT,0,0,0,0,8,8,0,0
CARRIER_C,2025-07-06 09:00,YAKMOK,40FT,0,0,0,0,8,8,0,0
CARRIER_C,2025-07-06 10:00,YAKMOK,40FT,0,0,0,0,8,8,0,0
CARRIER_C,2025-07-06 11:00,YAKMOK,40FT,1,0,0,0,7,7,0,0
CARRIER_C,2025-07-06 12:00,YAKMOK,40FT,0,0,0,0,7,7,0,0
CARRIER_C,2025-07-06 13:00,YAKMOK,40FT,0,0,0,0,7,7,0,0
CARRIER_C,2025-07-06 14:00,YAKMOK,40FT,0,0,0,0,7,7,0,0
CARRIER_C,2025-07-06 15:00,YAKMOK,40FT,0,0,0,0,7,7,0,0
CARRIER_C,2025-07-06 16:00,YAKMOK,40FT,0,0,0,0,7,7,0,0
CARRIER_C,2025-07-06 17:00,YAKMOK,40FT,0,0,0,0,7,7,0,0
CARRIER_C,2025-07-06 18:00,YAKMOK,40FT,0,0,0,0,7,7,0,0
CARRIER_C,2025-07-06 19:00,YAKMOK,40FT,0,0,0,0,7,7,0,0
CARRIER_C,2025-07-06 20:00,YAKMOK,40FT,0,1,0,0,8,8,0,0
CARRIER_C,2025-07-06 21:00,YAKMOK,40FT,0,0,0,0,8,8,0,0
CARRIER_C,2025-07-06 22:00,YAKMOK,40FT,0,0,0,0,8,8,0,0
CARRIER_C,2025-07-06 23:00,YAKMOK,40FT,0,0,0,0,8,8,0,0
CARRIER_C,2025-07-07 00:00,YAKMOK,40FT,0,0,0,0,8,8,0,0
CARRIER_C,2025-07-07 01:00,YAKMOK,40FT,0,0,0,0,8,8,0,0
CARRIER_C,2025-07-07 02:00,YAKMOK,40FT,0,0,0,0,8,8,0,0
CARRIER_C,2025-07-07 03:00,YAKMOK,40FT,0,0,0,0,8,8,0,0
CARRIER_C,2025-07-07 04:00,YAKMOK,40FT,0,0,0,0,8,8,0,0
CARRIER_C,2025-07-07 05:00,YAKMOK,40FT,0,0,0,0,8,8,0,0
CARRIER_C,2025-07-07 06:00,YAKMOK,40FT,0,0,0,0,8,8,0,0
CARRIER_C,2025-07-07 07:00,YAKMOK,40FT,0,0,0,0,8,8,0,0
CARRIER_C,2025-07-07 08:00,YAKMOK,40FT,0,0,0,0,8,8,0,0
CARRIER_C,2025-07-07 09:00,YAKMOK,40FT,0,0,0,0,8,8,0,0
CARRIER_C,2025-07-07 10:00,YAKMOK,40FT,0,0,0,0,8,8,0,0
CARRIER_C,2025-07-07 11:00,YAKMOK,40FT,1,0,0,0,7,7,0,0
CARRIER_C,2025-07-07 12:00,YAKMOK,40FT,0,0,0,0,7,7,0,0
CARRIER_C,2025-07-07 13:00,YAKMOK,40FT,1,0,0,0,6,6,0,0
CARRIER_C,2025-07-07 14:00,YAKMOK,40FT,0,0,0,0,6,6,0,0
CARRIER_C,2025-07-07 15:00,YAKMOK,40FT,0,0,0,0,6,6,0,0
CARRIER_C,2025-07-07 16:00,YAKMOK,40FT,0,0,0,0,6,6,0,0
CARRIER_C,2025-07-07 17:00,YAKMOK,40FT,0,0,0,0,6,6,0,0
CARRIER_C,2025-07-07 18:00,YAKMOK,40FT,0,0,0,0,6,6,0,0
CARRIER_C,2025-07-07 19:00,YAKMOK,40FT,0,0,0,0,6,6,0,0
CARRIER_C,2025-07-07 20:00,YAKMOK,40FT,0,0,0,0,6,6,0,0
CARRIER_C,2025-07-07 21:00,YAKMOK,40FT,0,0,0,0,6,6,0,0
CARRIER_C,2025-07-07 22:00,YAKMOK,40FT,0,0,0,0,6,6,0,0
CARRIER_C,2025-07-07 23:00,YAKMOK,40FT,0,0,0,0,6,6,0,0
CARRIER_D,2025-07-01 00:00,BUGANG,20FT,0,0,0,0,11,11,0,0
CARRIER_D,2025-07-01 01:00,BUGANG,20FT,0,0,0,0,11,11,0,0
CARRIER_D,2025-07-01 02:00,BUGANG,20FT,0,0,0,0,11,11,0,0
CARRIER_D,2025-07-01 03:00,BUGANG,20FT,0,0,0,0,11,11,0,0
CARRIER_D,2025-07-01 04:00,BUGANG,20FT,0,0,0,0,11,11,0,0
CARRIER_D,2025-07-01 05:00,BUGANG,20FT,0,0,0,0,11,11,0,0
CARRIER_D,2025-07-01 06:00,BUGANG,20FT,0,0,0,0,11,11,0,0
CARRIER_D,2025-07-01 07:00,BUGANG,20FT,0,0,0,0,11,11,0,0
CARRIER_D,2025-07-01 08:00,BUGANG,20FT,0,0,0,0,11,11,0,0
CARRIER_D,2025-07-01 09:00,BUGANG,20FT,0,0,0,0,11,11,0,0
CARRIER_D,2025-07-01 10:00,BUGANG,20FT,0,0,0,0,11,11,0,0
CARRIER_D,2025-07-01 11:00,BUGANG,20FT,0,0,0,0,11,11,0,0
CARRIER_D,2025-07-01 12:00,BUGANG,20FT,0,0,0,0,11,11,0,0
CARRIER_D,2025-07-01 13:00,BUGANG,20FT,0,0,0,0,11,11,0,0
CARRIER_D,2025-07-01 14:00,BUGANG,20FT,0,2,0,0,13,13,0,0
CARRIER_D,2025-07-01 15:00,BUGANG,20FT,0,1,0,0,14,14,0,0
CARRIER_D,2025-07-01 16:00,BUGANG,20FT,0,1,0,0,15,15,0,0
CARRIER_D,2025-07-01 17:00,BUGANG,20FT,0,0,0,0,15,15,0,0
CARRIER_D,2025-07-01 18:00,BUGANG,20FT,0,0,0,0,15,15,0,0
CARRIER_D,2025-07-01 19:00,BUGANG,20FT,0,0,0,0,15,15,0,0
CARRIER_D,2025-07-01 20:00,BUGANG,20FT,0,0,0,0,15,15,0,0
CARRIER_D,2025-07-01 21:00,BUGANG,20FT,0,0,0,0,15,15,0,0
CARRIER_D,2025-07-01 22:00,BUGANG,20FT,0,0,0,0,15,15,0,0
CARRIER_D,2025-07-01 23:00,BUGANG,20FT,0,0,0,0,15,15,0,0
CARRIER_D,2025-07-02 00:00,BUGANG,20FT,0,0,0,0,15,15,0,0
CARRIER_D,2025-07-02 01:00,BUGANG,20FT,0,0,0,0,15,15,0,0
CARRIER_D,2025-07-02 02:00,BUGANG,20FT,0,0,0,0,15,15,0,0
CARRIER_D,2025-07-02 03:00,BUGANG,20FT,0,0,0,0,15,15,0,0
CARRIER_D,2025-07-02 04:00,BUGANG,20FT,0,0,0,0,15,15,0,0
CARRIER_D,2025-07-02 05:00,BUGANG,20FT,0,0,0,0,15,15,0,0
CARRIER_D,2025-07-02 06:00,BUGANG,20FT,0,0,0,0,15,15,0,0
CARRIER_D,2025-07-02 07:00,BUGANG,20FT,0,0,0,0,15,15,0,0
CARRIER_D,2025-07-02 08:00,BUGANG,20FT,1,0,0,0,14,14,0,0
CARRIER_D,2025-07-02 09:00,BUGANG,20FT,0,0,0,0,14,14,0,0
CARRIER_D,2025-07-02 10:00,BUGANG,20FT,0,0,0,0,14,14,0,0
CARRIER_D,2025-07-02 11:00,BUGANG,20FT,0,0,0,0,14,14,0,0
CARRIER_D,2025-07-02 12:00,BUGANG,20FT,0,1,0,0,15,15,0,0
CARRIER_D,2025-07-02 13:00,BUGANG,20FT,0,0,0,0,15,15,0,0
CARRIER_D,2025-07-02 14:00,BUGANG,20FT,0,0,0,0,15,15,0,0
CARRIER_D,2025-07-02 15:00,BUGANG,20FT,0,0,0,0,15,15,0,0
CARRIER_D,2025-07-02 16:00,BUGANG,20FT,0,0,0,0,15,15,0,0
CARRIER_D,2025-07-02 17:00,BUGANG,20FT,0,0,0,0,15,15,0,0
CARRIER_D,2025-07-02 18:00,BUGANG,20FT,0,0,0,0,15,15,0,0
CARRIER_D,2025-07-02 19:00,BUGANG,20FT,0,0,0,0,15,15,0,0
CARRIER_D,2025-07-02 20:00,BUGANG,20FT,0,1,0,0,16,16,0,0
CARRIER_D,2025-07-02 21:00,BUGANG,20FT,0,0,0,0,16,16,0,0
CARRIER_D,2025-07-02 22:00,BUGANG,20FT,0,0,0,0,16,16,0,0
CARRIER_D,2025-07-02 23:00,BUGANG,20FT,0,0,0,0,16,16,0,0
CARRIER_D,2025-07-03 00:00,BUGANG,20FT,0,0,0,0,16,16,0,0
CARRIER_D,2025-07-03 01:00,BUGANG,20FT,0,0,0,0,16,16,0,0
CARRIER_D,2025-07-03 02:00,BUGANG,20FT,0,0,0,0,16,16,0,0
CARRIER_D,2025-07-03 03:00,BUGANG,20FT,0,0,0,0,16,16,0,0
CARRIER_D,2025-07-03 04:00,BUGANG,20FT,0,0,0,0,16,16,0,0
CARRIER_D,2025-07-03 05:00,BUGANG,20FT,0,0,0,0,16,16,0,0
CARRIER_D,2025-07-03 06:00,BUGANG,20FT,0,0,0,0,16,16,0,0
CARRIER_D,2025-07-03 07:00,BUGANG,20FT,0,0,0,0,16,16,0,0
CARRIER_D,2025-07-03 08:00,BUGANG,20FT,0,0,0,0,16,16,0,0
CARRIER_D,2025-07-03 09:00,BUGANG,20FT,0,0,0,0,16,16,0,0
CARRIER_D,2025-07-03 10:00,BUGANG,20FT,0,0,0,0,16,16,0,0
CARRIER_D,2025-07-03 11:00,BUGANG,20FT,0,0,0,0,16,16,0,0
CARRIER_D,2025-07-03 12:00,BUGANG,20FT,0,2,0,0,18,18,0,0
CARRIER_D,2025-07-03 13:00,BUGANG,20FT,1,0,0,0,17,17,0,0
CARRIER_D,2025-07-03 14:00,BUGANG,20FT,0,0,0,0,17,17,0,0
CARRIER_D,2025-07-03 15:00,BUGANG,20FT,0,0,0,0,17,17,0,0
CARRIER_D,2025-07-03 16:00,BUGANG,20FT,0,1,0,0,18,18,0,0
CARRIER_D,2025-07-03 17:00,BUGANG,20FT,0,0,0,0,18,18,0,0
CARRIER_D,2025-07-03 18:00,BUGANG,20FT,0,1,0,0,19,19,0,0
CARRIER_D,2025-07-03 19:00,BUGANG,20FT,0,0,0,0,19,19,0,0
CARRIER_D,2025-07-03 20:00,BUGANG,20FT,0,0,0,0,19,19,0,0
CARRIER_D,2025-07-03 21:00,BUGANG,20FT,0,0,0,0,19,19,0,0
CARRIER_D,2025-07-03 22:00,BUGANG,20FT,0,0,0,0,19,19,0,0
CARRIER_D,2025-07-03 23:00,BUGANG,20FT,0,0,0,0,19,19,0,0
CARRIER_D,2025-07-04 00:00,BUGANG,20FT,0,0,0,0,19,19,0,0
CARRIER_D,2025-07-04 01:00,BUGANG,20FT,0,0,0,0,19,19,0,0
CARRIER_D,2025-07-04 02:00,BUGANG,20FT,0,0,0,0,19,19,0,0
CARRIER_D,2025-07-04 03:00,BUGANG,20FT,0,0,0,0,19,19,0,0
CARRIER_D,2025-07-04 04:00,BUGANG,20FT,0,0,0,0,19,19,0,0
CARRIER_D,2025-07-04 05:00,BUGANG,20FT,0,0,0,0,19,19,0,0
CARRIER_D,2025-07-04 06:00,BUGANG,20FT,0,0,0,0,19,19,0,0
CARRIER_D,2025-07-04 07:00,BUGANG,20FT,0,0,0,0,19,19,0,0
CARRIER_D,2025-07-04 08:00,BUGANG,20FT,0,0,0,0,19,19,0,0
CARRIER_D,2025-07-04 09:00,BUGANG,20FT,1,0,0,0,18,18,0,0
CARRIER_D,2025-07-04 10:00,BUGANG,20FT,0,0,0,0,18,18,0,0
CARRIER_D,2025-07-04 11:00,BUGANG,20FT,0,0,0,0,18,18,0,0
CARRIER_D,2025-07-04 12:00,BUGANG,20FT,0,0,0,0,18,18,0,0
CARRIER_D,2025-07-04 13:00,BUGANG,20FT,0,0,0,0,18,18,0,0
CARRIER_D,2025-07-04 14:00,BUGANG,20FT,0,0,0,0,18,18,0,0
CARRIER_D,2025-07-04 15:00,BUGANG,20FT,0,0,0,0,18,18,0,0
CARRIER_D,2025-07-04 16:00,BUGANG,20FT,0,0,0,0,18,18,0,0
CARRIER_D,2025-07-04 17:00,BUGANG,20FT,0,0,0,0,18,18,0,0
CARRIER_D,2025-07-04 18:00,BUGANG,20FT,0,0,0,0,18,18,0,0
CARRIER_D,2025-07-04 19:00,BUGANG,20FT,0,0,0,0,18,18,0,0
CARRIER_D,2025-07-04 20:00,BUGANG,20FT,0,0,0,0,18,18,0,0
CARRIER_D,2025-07-04 21:00,BUGANG,20FT,0,0,0,0,18,18,0,0
CARRIER_D,2025-07-04 22:00,BUGANG,20FT,0,0,0,0,18,18,0,0
CARRIER_D,2025-07-04 23:00,BUGANG,20FT,0,0,0,0,18,18,0,0
CARRIER_D,2025-07-05 00:00,BUGANG,20FT,0,0,0,0,18,18,0,0
CARRIER_D,2025-07-05 01:00,BUGANG,20FT,0,0,0,0,18,18,0,0
CARRIER_D,2025-07-05 02:00,BUGANG,20FT,0,0,0,0,18,18,0,0
CARRIER_D,2025-07-05 03:00,BUGANG,20FT,0,0,0,0,18,18,0,0
CARRIER_D,2025-07-05 04:00,BUGANG,20FT,0,0,0,0,18,18,0,0
CARRIER_D,2025-07-05 05:00,BUGANG,20FT,0,0,0,0,18,18,0,0
CARRIER_D,2025-07-05 06:00,BUGANG,20FT,0,0,0,0,18,18,0,0
CARRIER_D,2025-07-05 07:00,BUGANG,20FT,0,0,0,0,18,18,0,0
CARRIER_D,2025-07-05 08:00,BUGANG,20FT,0,0,0,0,18,18,0,0
CARRIER_D,2025-07-05 09:00,BUGANG,20FT,0,0,0,0,18,18,0,0
CARRIER_D,2025-07-05 10:00,BUGANG,20FT,1,0,0,0,17,17,0,0
CARRIER_D,2025-07-05 11:00,BUGANG,20FT,0,0,0,0,17,17,0,0
CARRIER_D,2025-07-05 12:00,BUGANG,20FT,0,0,0,0,17,17,0,0
CARRIER_D,2025-07-05 13:00,BUGANG,20FT,0,0,0,0,17,17,0,0
CARRIER_D,2025-07-05 14:00,BUGANG,20FT,0,0,0,0,17,17,0,0
CARRIER_D,2025-07-05 15:00,BUGANG,20FT,1,0,0,0,16,16,0,0
CARRIER_D,2025-07-05 16:00,BUGANG,20FT,0,0,0,0,16,16,0,0
CARRIER_D,2025-07-05 17:00,BUGANG,20FT,0,0,0,0,16,16,0,0
CARRIER_D,2025-07-05 18:00,BUGANG,20FT,0,0,0,0,16,16,0,0
CARRIER_D,2025-07-05 19:00,BUGANG,20FT,0,0,0,0,16,16,0,0
CARRIER_D,2025-07-05 20:00,BUGANG,20FT,0,0,0,0,16,16,0,0
CARRIER_D,2025-07-05 21:00,BUGANG,20FT,0,0,0,0,16,16,0,0
CARRIER_D,2025-07-05 22:00,BUGANG,20FT,0,0,0,0,16,16,0,0
CARRIER_D,2025-07-05 23:00,BUGANG,20FT,0,0,0,0,16,16,0,0
CARRIER_D,2025-07-06 00:00,BUGANG,20FT,0,0,0,0,16,16,0,0
CARRIER_D,2025-07-06 01:00,BUGANG,20FT,0,0,0,0,16,16,0,0
CARRIER_D,2025-07-06 02:00,BUGANG,20FT,0,0,0,0,16,16,0,0
CARRIER_D,2025-07-06 03:00,BUGANG,20FT,0,0,0,0,16,16,0,0
CARRIER_D,2025-07-06 04:00,BUGANG,20FT,0,0,0,0,16,16,0,0
CARRIER_D,2025-07-06 05:00,BUGANG,20FT,0,0,0,0,16,16,0,0
CARRIER_D,2025-07-06 06:00,BUGANG,20FT,0,0,0,0,16,16,0,0
CARRIER_D,2025-07-06 07:00,BUGANG,20FT,0,0,0,0,16,16,0,0
CARRIER_D,2025-07-06 08:00,BUGANG,20FT,0,0,0,0,16,16,0,0
CARRIER_D,2025-07-06 09:00,BUGANG,20FT,0,0,0,0,16,16,0,0
CARRIER_D,2025-07-06 10:00,BUGANG,20FT,0,0,0,0,16,16,0,0
CARRIER_D,2025-07-06 11:00,BUGANG,20FT,0,0,0,0,16,16,0,0
CARRIER_D,2025-07-06 12:00,BUGANG,20FT,0,0,0,0,16,16,0,0
CARRIER_D,2025-07-06 13:00,BUGANG,20FT,1,0,0,0,15,15,0,0
CARRIER_D,2025-07-06 14:00,BUGANG,20FT,1,0,0,0,14,14,0,0
CARRIER_D,2025-07-06 15:00,BUGANG,20FT,0,0,0,0,14,14,0,0
CARRIER_D,2025-07-06 16:00,BUGANG,20FT,0,0,0,0,14,14,0,0
CARRIER_D,2025-07-06 17:00,BUGANG,20FT,0,0,0,0,14,14,0,0
CARRIER_D,2025-07-06 18:00,BUGANG,20FT,0,0,0,0,14,14,0,0
CARRIER_D,2025-07-06 19:00,BUGANG,20FT,0,0,0,0,14,14,0,0
CARRIER_D,2025-07-06 20:00,BUGANG,20FT,0,0,0,0,14,14,0,0
CARRIER_D,2025-07-06 21:00,BUGANG,20FT,0,0,0,0,14,14,0,0
CARRIER_D,2025-07-06 22:00,BUGANG,20FT,0,0,0,0,14,14,0,0
CARRIER_D,2025-07-06 23:00,BUGANG,20FT,0,0,0,0,14,14,0,0
CARRIER_D,2025-07-07 00:00,BUGANG,20FT,0,0,0,0,14,14,0,0
CARRIER_D,2025-07-07 01:00,BUGANG,20FT,0,0,0,0,14,14,0,0
CARRIER_D,2025-07-07 02:00,BUGANG,20FT,0,0,0,0,14,14,0,0
CARRIER_D,2025-07-07 03:00,BUGANG,20FT,0,0,0,0,14,14,0,0
CARRIER_D,2025-07-07 04:00,BUGANG,20FT,0,0,0,0,14,14,0,0
CARRIER_D,2025-07-07 05:00,BUGANG,20FT,0,0,0,0,14,14,0,0
CARRIER_D,2025-07-07 06:00,BUGANG,20FT,0,0,0,0,14,14,0,0
CARRIER_D,2025-07-07 07:00,BUGANG,20FT,0,0,0,0,14,14,0,0
CARRIER_D,2025-07-07 08:00,BUGANG,20FT,0,0,0,0,14,14,0,0
CARRIER_D,2025-07-07 09:00,BUGANG,20FT,1,0,0,0,13,13,0,0
CARRIER_D,2025-07-07 10:00,BUGANG,20FT,0,0,0,0,13,13,0,0
CARRIER_D,2025-07-07 11:00,BUGANG,20FT,0,0,0,0,13,13,0,0
CARRIER_D,2025-07-07 12:00,BUGANG,20FT,0,0,0,0,13,13,0,0
CARRIER_D,2025-07-07 13:00,BUGANG,20FT,0,0,0,0,13,13,0,0
CARRIER_D,2025-07-07 14:00,BUGANG,20FT,0,0,0,0,13,13,0,0
CARRIER_D,2025-07-07 15:00,BUGANG,20FT,0,0,0,0,13,13,0,0
CARRIER_D,2025-07-07 16:00,BUGANG,20FT,0,0,0,0,13,13,0,0
CARRIER_D,2025-07-07 17:00,BUGANG,20FT,0,0,0,0,13,13,0,0
CARRIER_D,2025-07-07 18:00,BUGANG,20FT,0,0,0,0,13,13,0,0
CARRIER_D,2025-07-07 19:00,BUGANG,20FT,0,0,0,0,13,13,0,0
CARRIER_D,2025-07-07 20:00,BUGANG,20FT,0,0,0,0,13,13,0,0
CARRIER_D,2025-07-07 21:00,BUGANG,20FT,0,1,0,0,14,14,0,0
CARRIER_D,2025-07-07 22:00,BUGANG,20FT,0,0,0,0,14,14,0,0
CARRIER_D,2025-07-07 23:00,BUGANG,20FT,0,0,0,0,14,14,0,0
CARRIER_D,2025-07-01 00:00,BUGANG,40FT,0,0,0,0,3,3,0,0
CARRIER_D,2025-07-01 01:00,BUGANG,40FT,0,0,0,0,3,3,0,0
CARRIER_D,2025-07-01 02:00,BUGANG,40FT,0,0,0,0,3,3,0,0
CARRIER_D,2025-07-01 03:00,BUGANG,40FT,0,0,0,0,3,3,0,0
CARRIER_D,2025-07-01 04:00,BUGANG,40FT,0,0,0,0,3,3,0,0
CARRIER_D,2025-07-01 05:00,BUGANG,40FT,0,0,0,0,3,3,0,0
CARRIER_D,2025-07-01 06:00,BUGANG,40FT,0,0,0,0,3,3,0,0
CARRIER_D,2025-07-01 07:00,BUGANG,40FT,0,0,0,0,3,3,0,0
CARRIER_D,2025-07-01 08:00,BUGANG,40FT,0,0,0,0,3,3,0,0
CARRIER_D,2025-07-01 09:00,BUGANG,40FT,0,0,0,0,3,3,0,0
CARRIER_D,2025-07-01 10:00,BUGANG,40FT,0,0,0,0,3,3,0,0
CARRIER_D,2025-07-01 11:00,BUGANG,40FT,0,0,0,0,3,3,0,0
CARRIER_D,2025-07-01 12:00,BUGANG,40FT,0,1,0,0,4,4,0,0
CARRIER_D,2025-07-01 13:00,BUGANG,40FT,0,0,0,0,4,4,0,0
CARRIER_D,2025-07-01 14:00,BUGANG,40FT,0,0,0,0,4,4,0,0
CARRIER_D,2025-07-01 15:00,BUGANG,40FT,0,1,0,0,5,5,0,0
CARRIER_D,2025-07-01 16:00,BUGANG,40FT,0,0,0,0,5,5,0,0
CARRIER_D,2025-07-01 17:00,BUGANG,40FT,0,0,0,0,5,5,0,0
CARRIER_D,2025-07-01 18:00,BUGANG,40FT,0,0,0,0,5,5,0,0
CARRIER_D,2025-07-01 19:00,BUGANG,40FT,0,0,0,0,5,5,0,0
CARRIER_D,2025-07-01 20:00,BUGANG,40FT,0,0,0,1,5,4,0,0
CARRIER_D,2025-07-01 21:00,BUGANG,40FT,0,0,0,0,5,4,0,0
CARRIER_D,2025-07-01 22:00,BUGANG,40FT,0,0,0,0,5,4,0,0
CARRIER_D,2025-07-01 23:00,BUGANG,40FT,0,0,0,0,5,4,0,0
CARRIER_D,2025-07-02 00:00,BUGANG,40FT,0,0,0,0,5,4,0,0
CARRIER_D,2025-07-02 01:00,BUGANG,40FT,0,0,0,0,5,4,0,0
CARRIER_D,2025-07-02 02:00,BUGANG,40FT,0,0,0,0,5,4,0,0
CARRIER_D,2025-07-02 03:00,BUGANG,40FT,0,0,0,0,5,4,0,0
CARRIER_D,2025-07-02 04:00,BUGANG,40FT,0,0,0,0,5,4,0,0
CARRIER_D,2025-07-02 05:00,BUGANG,40FT,0,0,0,0,5,4,0,0
CARRIER_D,2025-07-02 06:00,BUGANG,40FT,0,0,0,0,5,4,0,0
CARRIER_D,2025-07-02 07:00,BUGANG,40FT,0,0,0,0,5,4,0,0
CARRIER_D,2025-07-02 08:00,BUGANG,40FT,0,0,0,0,5,4,0,0
CARRIER_D,2025-07-02 09:00,BUGANG,40FT,0,0,0,0,5,4,0,0
CARRIER_D,2025-07-02 10:00,BUGANG,40FT,0,0,0,0,5,4,0,0
CARRIER_D,2025-07-02 11:00,BUGANG,40FT,0,0,0,0,5,4,0,0
CARRIER_D,2025-07-02 12:00,BUGANG,40FT,0,0,0,0,5,4,0,0
CARRIER_D,2025-07-02 13:00,BUGANG,40FT,0,0,0,0,5,4,0,0
CARRIER_D,2025-07-02 14:00,BUGANG,40FT,0,0,0,0,5,4,0,0
CARRIER_D,2025-07-02 15:00,BUGANG,40FT,0,0,0,0,5,4,0,0
CARRIER_D,2025-07-02 16:00,BUGANG,40FT,0,0,0,0,5,4,0,0
CARRIER_D,2025-07-02 17:00,BUGANG,40FT,0,0,0,0,5,4,0,0
CARRIER_D,2025-07-02 18:00,BUGANG,40FT,0,0,0,0,5,4,0,0
CARRIER_D,2025-07-02 19:00,BUGANG,40FT,0,0,0,0,5,4,0,0
CARRIER_D,2025-07-02 20:00,BUGANG,40FT,0,0,0,0,5,4,0,0
CARRIER_D,2025-07-02 21:00,BUGANG,40FT,0,0,0,0,5,4,0,0
CARRIER_D,2025-07-02 22:00,BUGANG,40FT,0,0,0,0,5,4,0,0
CARRIER_D,2025-07-02 23:00,BUGANG,40FT,0,0,0,0,5,4,0,0
CARRIER_D,2025-07-03 00:00,BUGANG,40FT,0,0,0,0,5,4,0,0
CARRIER_D,2025-07-03 01:00,BUGANG,40FT,0,0,0,0,5,4,0,0
CARRIER_D,2025-07-03 02:00,BUGANG,40FT,0,0,0,0,5,4,0,0
CARRIER_D,2025-07-03 03:00,BUGANG,40FT,0,0,0,0,5,4,0,0
CARRIER_D,2025-07-03 04:00,BUGANG,40FT,0,0,0,0,5,4,0,0
CARRIER_D,2025-07-03 05:00,BUGANG,40FT,0,0,0,0,5,4,0,0
CARRIER_D,2025-07-03 06:00,BUGANG,40FT,0,0,0,0,5,4,0,0
CARRIER_D,2025-07-03 07:00,BUGANG,40FT,0,0,0,0,5,4,0,0
CARRIER_D,2025-07-03 08:00,BUGANG,40FT,0,0,0,0,5,4,0,0
CARRIER_D,2025-07-03 09:00,BUGANG,40FT,0,0,0,0,5,4,0,0
CARRIER_D,2025-07-03 10:00,BUGANG,40FT,0,0,0,0,5,4,0,0
CARRIER_D,2025-07-03 11:00,BUGANG,40FT,0,0,0,0,5,4,0,0
CARRIER_D,2025-07-03 12:00,BUGANG,40FT,0,0,0,0,5,4,0,0
CARRIER_D,2025-07-03 13:00,BUGANG,40FT,0,0,0,0,5,4,0,0
CARRIER_D,2025-07-03 14:00,BUGANG,40FT,0,0,0,0,5,4,0,0
CARRIER_D,2025-07-03 15:00,BUGANG,40FT,0,0,0,0,5,4,0,0
CARRIER_D,2025-07-03 16:00,BUGANG,40FT,0,0,0,0,5,4,0,0
CARRIER_D,2025-07-03 17:00,BUGANG,40FT,0,0,0,0,5,4,0,0
CARRIER_D,2025-07-03 18:00,BUGANG,40FT,0,0,0,0,5,4,0,0
CARRIER_D,2025-07-03 19:00,BUGANG,40FT,0,0,0,0,5,4,0,0
CARRIER_D,2025-07-03 20:00,BUGANG,40FT,0,0,0,0,5,4,0,0
CARRIER_D,2025-07-03 21:00,BUGANG,40FT,0,0,0,0,5,4,0,0
CARRIER_D,2025-07-03 22:00,BUGANG,40FT,0,0,0,0,5,4,0,0
CARRIER_D,2025-07-03 23:00,BUGANG,40FT,0,0,0,0,5,4,0,0
CARRIER_D,2025-07-04 00:00,BUGANG,40FT,0,0,0,0,5,4,0,0
CARRIER_D,2025-07-04 01:00,BUGANG,40FT,0,0,0,0,5,4,0,0
CARRIER_D,2025-07-04 02:00,BUGANG,40FT,0,0,0,0,5,4,0,0
CARRIER_D,2025-07-04 03:00,BUGANG,40FT,0,0,0,0,5,4,0,0
CARRIER_D,2025-07-04 04:00,BUGANG,40FT,0,0,0,0,5,4,0,0
CARRIER_D,2025-07-04 05:00,BUGANG,40FT,0,0,0,0,5,4,0,0
CARRIER_D,2025-07-04 06:00,BUGANG,40FT,0,0,0,0,5,4,0,0
CARRIER_D,2025-07-04 07:00,BUGANG,40FT,0,0,0,0,5,4,0,0
CARRIER_D,2025-07-04 08:00,BUGANG,40FT,0,0,0,0,5,4,0,0
CARRIER_D,2025-07-04 09:00,BUGANG,40FT,0,0,0,0,5,4,0,0
CARRIER_D,2025-07-04 10:00,BUGANG,40FT,0,0,0,0,5,4,0,0
CARRIER_D,2025-07-04 11:00,BUGANG,40FT,0,0,0,0,5,4,0,0
CARRIER_D,2025-07-04 12:00,BUGANG,40FT,0,0,0,0,5,4,0,0
CARRIER_D,2025-07-04 13:00,BUGANG,40FT,0,0,0,0,5,4,0,0
CARRIER_D,2025-07-04 14:00,BUGANG,40FT,0,0,0,0,5,4,0,0
CARRIER_D,2025-07-04 15:00,BUGANG,40FT,0,0,0,0,5,4,0,0
CARRIER_D,2025-07-04 16:00,BUGANG,40FT,0,0,0,0,5,4,0,0
CARRIER_D,2025-07-04 17:00,BUGANG,40FT,0,0,0,0,5,4,0,0
CARRIER_D,2025-07-04 18:00,BUGANG,40FT,0,0,0,0,5,4,0,0
CARRIER_D,2025-07-04 19:00,BUGANG,40FT,0,0,0,0,5,4,0,0
CARRIER_D,2025-07-04 20:00,BUGANG,40FT,0,0,0,1,5,3,0,0
CARRIER_D,2025-07-04 21:00,BUGANG,40FT,0,0,0,0,5,3,0,0
CARRIER_D,2025-07-04 22:00,BUGANG,40FT,0,0,0,0,5,3,0,0
CARRIER_D,2025-07-04 23:00,BUGANG,40FT,0,0,0,0,5,3,0,0
CARRIER_D,2025-07-05 00:00,BUGANG,40FT,0,0,0,0,5,3,0,0
CARRIER_D,2025-07-05 01:00,BUGANG,40FT,0,0,0,0,5,3,0,0
CARRIER_D,2025-07-05 02:00,BUGANG,40FT,0,0,0,0,5,3,0,0
CARRIER_D,2025-07-05 03:00,BUGANG,40FT,0,0,0,0,5,3,0,0
CARRIER_D,2025-07-05 04:00,BUGANG,40FT,0,0,0,0,5,3,0,0
CARRIER_D,2025-07-05 05:00,BUGANG,40FT,0,0,0,0,5,3,0,0
CARRIER_D,2025-07-05 06:00,BUGANG,40FT,0,0,0,0,5,3,0,0
CARRIER_D,2025-07-05 07:00,BUGANG,40FT,0,0,0,0,5,3,0,0
CARRIER_D,2025-07-05 08:00,BUGANG,40FT,0,0,0,0,5,3,0,0
CARRIER_D,2025-07-05 09:00,BUGANG,40FT,0,0,0,0,5,3,0,0
CARRIER_D,2025-07-05 10:00,BUGANG,40FT,0,0,0,0,5,3,0,0
CARRIER_D,2025-07-05 11:00,BUGANG,40FT,0,0,0,0,5,3,0,0
CARRIER_D,2025-07-05 12:00,BUGANG,40FT,0,0,0,0,5,3,0,0
CARRIER_D,2025-07-05 13:00,BUGANG,40FT,0,0,0,0,5,3,0,0
CARRIER_D,2025-07-05 14:00,BUGANG,40FT,0,0,0,0,5,3,0,0
CARRIER_D,2025-07-05 15:00,BUGANG,40FT,0,0,0,0,5,3,0,0
CARRIER_D,2025-07-05 16:00,BUGANG,40FT,0,0,0,0,5,3,0,0
CARRIER_D,2025-07-05 17:00,BUGANG,40FT,0,0,0,0,5,3,0,0
CARRIER_D,2025-07-05 18:00,BUGANG,40FT,0,0,0,0,5,3,0,0
CARRIER_D,2025-07-05 19:00,BUGANG,40FT,0,0,0,0,5,3,0,0
CARRIER_D,2025-07-05 20:00,BUGANG,40FT,0,0,0,0,5,3,0,0
CARRIER_D,2025-07-05 21:00,BUGANG,40FT,0,0,0,0,5,3,0,0
CARRIER_D,2025-07-05 22:00,BUGANG,40FT,0,0,0,0,5,3,0,0
CARRIER_D,2025-07-05 23:00,BUGANG,40FT,0,0,0,0,5,3,0,0
CARRIER_D,2025-07-06 00:00,BUGANG,40FT,0,0,0,0,5,3,0,0
CARRIER_D,2025-07-06 01:00,BUGANG,40FT,0,0,0,0,5,3,0,0
CARRIER_D,2025-07-06 02:00,BUGANG,40FT,0,0,0,0,5,3,0,0
CARRIER_D,2025-07-06 03:00,BUGANG,40FT,0,0,0,0,5,3,0,0
CARRIER_D,2025-07-06 04:00,BUGANG,40FT,0,0,0,0,5,3,0,0
CARRIER_D,2025-07-06 05:00,BUGANG,40FT,0,0,0,0,5,3,0,0
CARRIER_D,2025-07-06 06:00,BUGANG,40FT,0,0,0,0,5,3,0,0
CARRIER_D,2025-07-06 07:00,BUGANG,40FT,0,0,0,0,5,3,0,0
CARRIER_D,2025-07-06 08:00,BUGANG,40FT,0,0,0,0,5,3,0,0
CARRIER_D,2025-07-06 09:00,BUGANG,40FT,0,0,0,0,5,3,0,0
CARRIER_D,2025-07-06 10:00,BUGANG,40FT,0,0,0,0,5,3,0,0
CARRIER_D,2025-07-06 11:00,BUGANG,40FT,0,0,0,0,5,3,0,0
CARRIER_D,2025-07-06 12:00,BUGANG,40FT,0,0,0,0,5,3,0,0
CARRIER_D,2025-07-06 13:00,BUGANG,40FT,0,0,0,0,5,3,0,0
CARRIER_D,2025-07-06 14:00,BUGANG,40FT,0,0,0,0,5,3,0,0
CARRIER_D,2025-07-06 15:00,BUGANG,40FT,0,0,0,0,5,3,0,0
CARRIER_D,2025-07-06 16:00,BUGANG,40FT,0,0,0,0,5,3,0,0
CARRIER_D,2025-07-06 17:00,BUGANG,40FT,0,0,0,0,5,3,0,0
CARRIER_D,2025-07-06 18:00,BUGANG,40FT,0,0,0,0,5,3,0,0
CARRIER_D,2025-07-06 19:00,BUGANG,40FT,0,0,0,0,5,3,0,0
CARRIER_D,2025-07-06 20:00,BUGANG,40FT,0,0,0,0,5,3,0,0
CARRIER_D,2025-07-06 21:00,BUGANG,40FT,0,0,0,0,5,3,0,0
CARRIER_D,2025-07-06 22:00,BUGANG,40FT,0,0,0,0,5,3,0,0
CARRIER_D,2025-07-06 23:00,BUGANG,40FT,0,0,0,0,5,3,0,0
CARRIER_D,2025-07-07 00:00,BUGANG,40FT,0,0,0,0,5,3,0,0
CARRIER_D,2025-07-07 01:00,BUGANG,40FT,0,0,0,0,5,3,0,0
CARRIER_D,2025-07-07 02:00,BUGANG,40FT,0,0,0,0,5,3,0,0
CARRIER_D,2025-07-07 03:00,BUGANG,40FT,0,0,0,0,5,3,0,0
CARRIER_D,2025-07-07 04:00,BUGANG,40FT,0,0,0,0,5,3,0,0
CARRIER_D,2025-07-07 05:00,BUGANG,40FT,0,0,0,0,5,3,0,0
CARRIER_D,2025-07-07 06:00,BUGANG,40FT,0,0,0,0,5,3,0,0
CARRIER_D,2025-07-07 07:00,BUGANG,40FT,0,0,0,0,5,3,0,0
CARRIER_D,2025-07-07 08:00,BUGANG,40FT,0,0,0,0,5,3,0,0
CARRIER_D,2025-07-07 09:00,BUGANG,40FT,0,0,0,0,5,3,0,0
CARRIER_D,2025-07-07 10:00,BUGANG,40FT,0,0,0,0,5,3,0,0
CARRIER_D,2025-07-07 11:00,BUGANG,40FT,0,0,0,0,5,3,0,0
CARRIER_D,2025-07-07 12:00,BUGANG,40FT,0,0,0,0,5,3,0,0
CARRIER_D,2025-07-07 13:00,BUGANG,40FT,0,0,0,0,5,3,0,0
CARRIER_D,2025-07-07 14:00,BUGANG,40FT,0,0,0,0,5,3,0,0
CARRIER_D,2025-07-07 15:00,BUGANG,40FT,0,0,0,0,5,3,0,0
CARRIER_D,2025-07-07 16:00,BUGANG,40FT,0,0,0,0,5,3,0,0
CARRIER_D,2025-07-07 17:00,BUGANG,40FT,0,0,0,0,5,3,0,0
CARRIER_D,2025-07-07 18:00,BUGANG,40FT,0,0,0,0,5,3,0,0
CARRIER_D,2025-07-07 19:00,BUGANG,40FT,0,0,0,0,5,3,0,0
CARRIER_D,2025-07-07 20:00,BUGANG,40FT,0,0,0,0,5,3,0,0
CARRIER_D,2025-07-07 21:00,BUGANG,40FT,0,0,0,0,5,3,0,0
CARRIER_D,2025-07-07 22:00,BUGANG,40FT,0,0,0,0,5,3,0,0
CARRIER_D,2025-07-07 23:00,BUGANG,40FT,0,0,0,0,5,3,0,0
CARRIER_D,2025-07-01 00:00,BUSAN,20FT,0,0,0,0,79,79,0,0
CARRIER_D,2025-07-01 01:00,BUSAN,20FT,0,0,0,0,79,79,0,0
CARRIER_D,2025-07-01 02:00,BUSAN,20FT,0,0,0,0,79,79,0,0
CARRIER_D,2025-07-01 03:00,BUSAN,20FT,0,0,0,0,79,79,0,0
CARRIER_D,2025-07-01 04:00,BUSAN,20FT,0,0,0,0,79,79,0,0
CARRIER_D,2025-07-01 05:00,BUSAN,20FT,0,0,0,0,79,79,0,0
CARRIER_D,2025-07-01 06:00,BUSAN,20FT,2,0,0,0,77,77,0,0
CARRIER_D,2025-07-01 07:00,BUSAN,20FT,0,2,0,0,79,79,0,0
CARRIER_D,2025-07-01 08:00,BUSAN,20FT,1,2,0,0,80,80,0,0
CARRIER_D,2025-07-01 09:00,BUSAN,20FT,2,3,0,0,81,81,0,0
CARRIER_D,2025-07-01 10:00,BUSAN,20FT,4,15,0,0,92,92,0,0
CARRIER_D,2025-07-01 11:00,BUSAN,20FT,3,5,0,0,94,94,0,0
CARRIER_D,2025-07-01 12:00,BUSAN,20FT,1,9,0,0,102,102,0,0
CARRIER_D,2025-07-01 13:00,BUSAN,20FT,0,7,0,0,109,109,0,0
CARRIER_D,2025-07-01 14:00,BUSAN,20FT,0,3,0,0,112,112,0,0
CARRIER_D,2025-07-01 15:00,BUSAN,20FT,3,1,0,0,110,110,0,0
CARRIER_D,2025-07-01 16:00,BUSAN,20FT,1,1,0,0,110,110,0,0
CARRIER_D,2025-07-01 17:00,BUSAN,20FT,1,4,0,0,113,113,0,0
CARRIER_D,2025-07-01 18:00,BUSAN,20FT,2,1,0,0,112,112,0,0
CARRIER_D,2025-07-01 19:00,BUSAN,20FT,0,1,0,0,113,113,0,0
CARRIER_D,2025-07-01 20:00,BUSAN,20FT,0,1,0,0,114,114,0,0
CARRIER_D,2025-07-01 21:00,BUSAN,20FT,0,1,0,0,115,115,0,0
CARRIER_D,2025-07-01 22:00,BUSAN,20FT,0,0,0,0,115,115,0,0
CARRIER_D,2025-07-01 23:00,BUSAN,20FT,0,0,0,0,115,115,0,0
CARRIER_D,2025-07-02 00:00,BUSAN,20FT,0,0,0,0,115,115,0,0
CARRIER_D,2025-07-02 01:00,BUSAN,20FT,0,0,0,0,115,115,0,0
CARRIER_D,2025-07-02 02:00,BUSAN,20FT,0,0,0,0,115,115,0,0
CARRIER_D,2025-07-02 03:00,BUSAN,20FT,0,0,0,0,115,115,0,0
CARRIER_D,2025-07-02 04:00,BUSAN,20FT,0,0,0,0,115,115,0,0
CARRIER_D,2025-07-02 05:00,BUSAN,20FT,0,0,0,0,115,115,0,0
CARRIER_D,2025-07-02 06:00,BUSAN,20FT,0,0,0,0,115,115,0,0
CARRIER_D,2025-07-02 07:00,BUSAN,20FT,2,0,0,0,113,113,0,0
CARRIER_D,2025-07-02 08:00,BUSAN,20FT,0,0,0,0,113,113,0,0
CARRIER_D,2025-07-02 09:00,BUSAN,20FT,0,0,0,0,113,113,0,0
CARRIER_D,2025-07-02 10:00,BUSAN,20FT,2,0,0,0,111,111,0,0
CARRIER_D,2025-07-02 11:00,BUSAN,20FT,1,0,0,0,110,110,0,0
CARRIER_D,2025-07-02 12:00,BUSAN,20FT,0,0,0,0,110,110,0,0
CARRIER_D,2025-07-02 13:00,BUSAN,20FT,1,1,0,0,110,110,0,0
CARRIER_D,2025-07-02 14:00,BUSAN,20FT,0,2,0,0,112,112,0,0
CARRIER_D,2025-07-02 15:00,BUSAN,20FT,1,0,0,0,111,111,0,0
CARRIER_D,2025-07-02 16:00,BUSAN,20FT,0,0,0,0,111,111,0,0
CARRIER_D,2025-07-02 17:00,BUSAN,20FT,0,2,0,0,113,113,0,0
CARRIER_D,2025-07-02 18:00,BUSAN,20FT,0,2,0,0,115,115,0,0
CARRIER_D,2025-07-02 19:00,BUSAN,20FT,0,0,0,0,115,115,0,0
CARRIER_D,2025-07-02 20:00,BUSAN,20FT,1,0,0,0,114,114,0,0
CARRIER_D,2025-07-02 21:00,BUSAN,20FT,0,0,0,0,114,114,0,0
CARRIER_D,2025-07-02 22:00,BUSAN,20FT,0,0,0,0,114,114,0,0
CARRIER_D,2025-07-02 23:00,BUSAN,20FT,0,0,0,0,114,114,0,0
CARRIER_D,2025-07-03 00:00,BUSAN,20FT,0,0,0,0,114,114,0,0
CARRIER_D,2025-07-03 01:00,BUSAN,20FT,0,0,0,0,114,114,0,0
CARRIER_D,2025-07-03 02:00,BUSAN,20FT,0,0,0,0,114,114,0,0
CARRIER_D,2025-07-03 03:00,BUSAN,20FT,0,0,0,0,114,114,0,0
CARRIER_D,2025-07-03 04:00,BUSAN,20FT,0,0,0,0,114,114,0,0
CARRIER_D,2025-07-03 05:00,BUSAN,20FT,0,0,0,0,114,114,0,0
CARRIER_D,2025-07-03 06:00,BUSAN,20FT,0,0,0,0,114,114,0,0
CARRIER_D,2025-07-03 07:00,BUSAN,20FT,0,0,0,0,114,114,0,0
CARRIER_D,2025-07-03 08:00,BUSAN,20FT,3,0,0,0,111,111,0,0
CARRIER_D,2025-07-03 09:00,BUSAN,20FT,2,2,0,0,111,111,0,0
CARRIER_D,2025-07-03 10:00,BUSAN,20FT,5,1,0,0,107,107,0,0
CARRIER_D,2025-07-03 11:00,BUSAN,20FT,5,1,0,0,103,103,0,0
CARRIER_D,2025-07-03 12:00,BUSAN,20FT,2,1,0,0,102,102,0,0
CARRIER_D,2025-07-03 13:00,BUSAN,20FT,1,3,0,0,104,104,0,0
CARRIER_D,2025-07-03 14:00,BUSAN,20FT,7,1,0,0,98,98,0,0
CARRIER_D,2025-07-03 15:00,BUSAN,20FT,7,0,0,0,91,91,0,0
CARRIER_D,2025-07-03 16:00,BUSAN,20FT,3,0,0,0,88,88,0,0
CARRIER_D,2025-07-03 17:00,BUSAN,20FT,1,1,0,0,88,88,0,0
CARRIER_D,2025-07-03 18:00,BUSAN,20FT,2,0,0,0,86,86,0,0
CARRIER_D,2025-07-03 19:00,BUSAN,20FT,1,0,0,0,85,85,0,0
CARRIER_D,2025-07-03 20:00,BUSAN,20FT,0,0,0,0,85,85,0,0
CARRIER_D,2025-07-03 21:00,BUSAN,20FT,0,0,0,0,85,85,0,0
CARRIER_D,2025-07-03 22:00,BUSAN,20FT,0,0,0,0,85,85,0,0
CARRIER_D,2025-07-03 23:00,BUSAN,20FT,0,0,0,0,85,85,0,0
CARRIER_D,2025-07-04 00:00,BUSAN,20FT,0,0,0,0,85,85,0,0
CARRIER_D,2025-07-04 01:00,BUSAN,20FT,0,0,0,0,85,85,0,0
CARRIER_D,2025-07-04 02:00,BUSAN,20FT,0,0,0,0,85,85,0,0
CARRIER_D,2025-07-04 03:00,BUSAN,20FT,0,0,0,0,85,85,0,0
CARRIER_D,2025-07-04 04:00,BUSAN,20FT,0,0,0,0,85,85,0,0
CARRIER_D,2025-07-04 05:00,BUSAN,20FT,0,0,0,0,85,85,0,0
CARRIER_D,2025-07-04 06:00,BUSAN,20FT,2,1,0,0,84,84,0,0
CARRIER_D,2025-07-04 07:00,BUSAN,20FT,3,3,0,0,84,84,0,0
CARRIER_D,2025-07-04 08:00,BUSAN,20FT,2,1,0,0,83,83,0,0
CARRIER_D,2025-07-04 09:00,BUSAN,20FT,3,9,0,0,89,89,0,0
CARRIER_D,2025-07-04 10:00,BUSAN,20FT,4,3,0,0,88,88,0,0
CARRIER_D,2025-07-04 11:00,BUSAN,20FT,3,6,0,0,91,91,0,0
CARRIER_D,2025-07-04 12:00,BUSAN,20FT,2,2,0,0,91,91,0,0
CARRIER_D,2025-07-04 13:00,BUSAN,20FT,3,4,0,0,92,92,0,0
CARRIER_D,2025-07-04 14:00,BUSAN,20FT,2,3,0,0,93,93,0,0
CARRIER_D,2025-07-04 15:00,BUSAN,20FT,4,3,0,0,92,92,0,0
CARRIER_D,2025-07-04 16:00,BUSAN,20FT,0,2,0,0,94,94,0,0
CARRIER_D,2025-07-04 17:00,BUSAN,20FT,1,2,0,0,95,95,0,0
CARRIER_D,2025-07-04 18:00,BUSAN,20FT,1,4,0,0,98,98,0,0
CARRIER_D,2025-07-04 19:00,BUSAN,20FT,1,1,0,0,98,98,0,0
CARRIER_D,2025-07-04 20:00,BUSAN,20FT,0,1,0,0,99,99,0,0
CARRIER_D,2025-07-04 21:00,BUSAN,20FT,0,0,0,0,99,99,0,0
CARRIER_D,2025-07-04 22:00,BUSAN,20FT,0,0,0,0,99,99,0,0
CARRIER_D,2025-07-04 23:00,BUSAN,20FT,0,0,0,0,99,99,0,0
CARRIER_D,2025-07-05 00:00,BUSAN,20FT,0,0,0,0,99,99,0,0
CARRIER_D,2025-07-05 01:00,BUSAN,20FT,0,0,0,0,99,99,0,0
CARRIER_D,2025-07-05 02:00,BUSAN,20FT,0,0,0,0,99,99,0,0
CARRIER_D,2025-07-05 03:00,BUSAN,20FT,0,0,0,0,99,99,0,0
CARRIER_D,2025-07-05 04:00,BUSAN,20FT,0,0,0,0,99,99,0,0
CARRIER_D,2025-07-05 05:00,BUSAN,20FT,0,0,0,0,99,99,0,0
CARRIER_D,2025-07-05 06:00,BUSAN,20FT,4,0,0,0,95,95,0,0
CARRIER_D,2025-07-05 07:00,BUSAN,20FT,1,1,0,0,95,95,0,0
CARRIER_D,2025-07-05 08:00,BUSAN,20FT,1,0,0,0,94,94,0,0
CARRIER_D,2025-07-05 09:00,BUSAN,20FT,2,3,0,0,95,95,0,0
CARRIER_D,2025-07-05 10:00,BUSAN,20FT,3,3,0,0,95,95,0,0
CARRIER_D,2025-07-05 11:00,BUSAN,20FT,1,1,0,0,95,95,0,0
CARRIER_D,2025-07-05 12:00,BUSAN,20FT,0,0,0,0,95,95,0,0
CARRIER_D,2025-07-05 13:00,BUSAN,20FT,2,1,0,0,94,94,0,0
CARRIER_D,2025-07-05 14:00,BUSAN,20FT,0,0,0,0,94,94,0,0
CARRIER_D,2025-07-05 15:00,BUSAN,20FT,2,3,0,0,95,95,0,0
CARRIER_D,2025-07-05 16:00,BUSAN,20FT,2,2,0,0,95,95,0,0
CARRIER_D,2025-07-05 17:00,BUSAN,20FT,2,32,0,0,125,125,0,0
CARRIER_D,2025-07-05 18:00,BUSAN,20FT,0,0,0,0,125,125,0,0
CARRIER_D,2025-07-05 19:00,BUSAN,20FT,0,4,0,0,129,129,0,0
CARRIER_D,2025-07-05 20:00,BUSAN,20FT,0,1,0,0,130,130,0,0
CARRIER_D,2025-07-05 21:00,BUSAN,20FT,0,0,0,0,130,130,0,0
CARRIER_D,2025-07-05 22:00,BUSAN,20FT,0,1,0,0,131,131,0,0
CARRIER_D,2025-07-05 23:00,BUSAN,20FT,0,0,0,0,131,131,0,0
CARRIER_D,2025-07-06 00:00,BUSAN,20FT,0,0,0,0,131,131,0,0
CARRIER_D,2025-07-06 01:00,BUSAN,20FT,0,0,0,0,131,131,0,0
CARRIER_D,2025-07-06 02:00,BUSAN,20FT,0,0,0,0,131,131,0,0
CARRIER_D,2025-07-06 03:00,BUSAN,20FT,0,0,0,0,131,131,0,0
CARRIER_D,2025-07-06 04:00,BUSAN,20FT,0,0,0,0,131,131,0,0
CARRIER_D,2025-07-06 05:00,BUSAN,20FT,0,0,0,0,131,131,0,0
CARRIER_D,2025-07-06 06:00,BUSAN,20FT,0,1,0,0,132,132,0,0
CARRIER_D,2025-07-06 07:00,BUSAN,20FT,0,0,0,0,132,132,0,0
CARRIER_D,2025-07-06 08:00,BUSAN,20FT,0,1,0,0,133,133,0,0
CARRIER_D,2025-07-06 09:00,BUSAN,20FT,1,0,0,0,132,132,0,0
CARRIER_D,2025-07-06 10:00,BUSAN,20FT,1,1,0,0,132,132,0,0
CARRIER_D,2025-07-06 11:00,BUSAN,20FT,2,1,0,0,131,131,0,0
CARRIER_D,2025-07-06 12:00,BUSAN,20FT,1,0,0,0,130,130,0,0
CARRIER_D,2025-07-06 13:00,BUSAN,20FT,0,2,0,0,132,132,0,0
CARRIER_D,2025-07-06 14:00,BUSAN,20FT,0,2,0,0,134,134,0,0
CARRIER_D,2025-07-06 15:00,BUSAN,20FT,1,2,0,0,135,135,0,0
CARRIER_D,2025-07-06 16:00,BUSAN,20FT,2,1,0,0,134,134,0,0
CARRIER_D,2025-07-06 17:00,BUSAN,20FT,4,0,0,0,130,130,0,0
CARRIER_D,2025-07-06 18:00,BUSAN,20FT,0,2,0,0,132,132,0,0
CARRIER_D,2025-07-06 19:00,BUSAN,20FT,0,0,0,0,132,132,0,0
CARRIER_D,2025-07-06 20:00,BUSAN,20FT,0,0,0,0,132,132,0,0
CARRIER_D,2025-07-06 21:00,BUSAN,20FT,0,1,0,0,133,133,0,0
CARRIER_D,2025-07-06 22:00,BUSAN,20FT,0,0,0,0,133,133,0,0
CARRIER_D,2025-07-06 23:00,BUSAN,20FT,0,0,0,0,133,133,0,0
CARRIER_D,2025-07-07 00:00,BUSAN,20FT,0,0,0,0,133,133,0,0
CARRIER_D,2025-07-07 01:00,BUSAN,20FT,0,0,0,0,133,133,0,0
CARRIER_D,2025-07-07 02:00,BUSAN,20FT,0,0,0,0,133,133,0,0
CARRIER_D,2025-07-07 03:00,BUSAN,20FT,0,0,0,0,133,133,0,0
CARRIER_D,2025-07-07 04:00,BUSAN,20FT,0,0,0,0,133,133,0,0
CARRIER_D,2025-07-07 05:00,BUSAN,20FT,0,0,0,0,133,133,0,0
CARRIER_D,2025-07-07 06:00,BUSAN,20FT,2,0,0,0,131,131,0,0
CARRIER_D,2025-07-07 07:00,BUSAN,20FT,0,0,0,0,131,131,0,0
CARRIER_D,2025-07-07 08:00,BUSAN,20FT,0,0,0,0,131,131,0,0
CARRIER_D,2025-07-07 09:00,BUSAN,20FT,1,2,0,0,132,132,0,0
CARRIER_D,2025-07-07 10:00,BUSAN,20FT,0,2,0,0,134,134,0,0
CARRIER_D,2025-07-07 11:00,BUSAN,20FT,1,1,0,0,134,134,0,0
CARRIER_D,2025-07-07 12:00,BUSAN,20FT,0,2,0,0,136,136,0,0
CARRIER_D,2025-07-07 13:00,BUSAN,20FT,2,1,0,0,135,135,0,0
CARRIER_D,2025-07-07 14:00,BUSAN,20FT,1,1,0,0,135,135,0,0
CARRIER_D,2025-07-07 15:00,BUSAN,20FT,2,1,0,0,134,134,0,0
CARRIER_D,2025-07-07 16:00,BUSAN,20FT,0,3,0,0,137,137,0,0
CARRIER_D,2025-07-07 17:00,BUSAN,20FT,1,0,0,0,136,136,0,0
CARRIER_D,2025-07-07 18:00,BUSAN,20FT,0,1,0,0,137,137,0,0
CARRIER_D,2025-07-07 19:00,BUSAN,20FT,2,0,0,0,135,135,0,0
CARRIER_D,2025-07-07 20:00,BUSAN,20FT,0,0,0,0,135,135,0,0
CARRIER_D,2025-07-07 21:00,BUSAN,20FT,0,0,0,0,135,135,0,0
CARRIER_D,2025-07-07 22:00,BUSAN,20FT,0,0,0,0,135,135,0,0
CARRIER_D,2025-07-07 23:00,BUSAN,20FT,0,0,0,0,135,135,0,0
CARRIER_D,2025-07-01 00:00,BUSAN,40FT,0,0,0,0,11,11,0,0
CARRIER_D,2025-07-01 01:00,BUSAN,40FT,0,0,0,0,11,11,0,0
CARRIER_D,2025-07-01 02:00,BUSAN,40FT,0,0,0,0,11,11,0,0
CARRIER_D,2025-07-01 03:00,BUSAN,40FT,0,0,0,0,11,11,0,0
CARRIER_D,2025-07-01 04:00,BUSAN,40FT,0,0,0,0,11,11,0,0
CARRIER_D,2025-07-01 05:00,BUSAN,40FT,0,0,0,0,11,11,0,0
CARRIER_D,2025-07-01 06:00,BUSAN,40FT,0,0,0,0,11,11,0,0
CARRIER_D,2025-07-01 07:00,BUSAN,40FT,0,0,0,0,11,11,0,0
CARRIER_D,2025-07-01 08:00,BUSAN,40FT,0,0,0,0,11,11,0,0
CARRIER_D,2025-07-01 09:00,BUSAN,40FT,0,1,0,0,12,12,0,0
CARRIER_D,2025-07-01 10:00,BUSAN,40FT,0,0,0,0,12,12,0,0
CARRIER_D,2025-07-01 11:00,BUSAN,40FT,0,0,0,0,12,12,0,0
CARRIER_D,2025-07-01 12:00,BUSAN,40FT,0,0,0,0,12,12,0,0
CARRIER_D,2025-07-01 13:00,BUSAN,40FT,0,2,0,0,14,14,0,0
CARRIER_D,2025-07-01 14:00,BUSAN,40FT,1,1,0,0,14,14,0,0
CARRIER_D,2025-07-01 15:00,BUSAN,40FT,2,0,0,0,12,12,0,0
CARRIER_D,2025-07-01 16:00,BUSAN,40FT,0,0,0,0,12,12,0,0
CARRIER_D,2025-07-01 17:00,BUSAN,40FT,0,1,0,0,13,13,0,0
CARRIER_D,2025-07-01 18:00,BUSAN,40FT,0,0,0,0,13,13,0,0
CARRIER_D,2025-07-01 19:00,BUSAN,40FT,0,0,0,0,13,13,0,0
CARRIER_D,2025-07-01 20:00,BUSAN,40FT,0,0,0,0,13,13,0,0
CARRIER_D,2025-07-01 21:00,BUSAN,40FT,0,0,0,0,13,13,0,0
CARRIER_D,2025-07-01 22:00,BUSAN,40FT,0,0,0,0,13,13,0,0
CARRIER_D,2025-07-01 23:00,BUSAN,40FT,0,0,0,0,13,13,0,0
CARRIER_D,2025-07-02 00:00,BUSAN,40FT,0,0,0,0,13,13,0,0
CARRIER_D,2025-07-02 01:00,BUSAN,40FT,0,0,0,0,13,13,0,0
CARRIER_D,2025-07-02 02:00,BUSAN,40FT,0,0,0,0,13,13,0,0
CARRIER_D,2025-07-02 03:00,BUSAN,40FT,0,0,0,0,13,13,0,0
CARRIER_D,2025-07-02 04:00,BUSAN,40FT,0,0,0,0,13,13,0,0
CARRIER_D,2025-07-02 05:00,BUSAN,40FT,0,0,0,0,13,13,0,0
CARRIER_D,2025-07-02 06:00,BUSAN,40FT,0,0,0,0,13,13,0,0
CARRIER_D,2025-07-02 07:00,BUSAN,40FT,0,0,0,0,13,13,0,0
CARRIER_D,2025-07-02 08:00,BUSAN,40FT,0,0,0,0,13,13,0,0
CARRIER_D,2025-07-02 09:00,BUSAN,40FT,0,0,0,0,13,13,0,0
CARRIER_D,2025-07-02 10:00,BUSAN,40FT,0,0,0,0,13,13,0,0
CARRIER_D,2025-07-02 11:00,BUSAN,40FT,0,0,0,0,13,13,0,0
CARRIER_D,2025-07-02 12:00,BUSAN,40FT,0,0,0,0,13,13,0,0
CARRIER_D,2025-07-02 13:00,BUSAN,40FT,0,1,0,0,14,14,0,0
CARRIER_D,2025-07-02 14:00,BUSAN,40FT,0,0,0,0,14,14,0,0
CARRIER_D,2025-07-02 15:00,BUSAN,40FT,1,0,0,0,13,13,0,0
CARRIER_D,2025-07-02 16:00,BUSAN,40FT,0,0,0,0,13,13,0,0
CARRIER_D,2025-07-02 17:00,BUSAN,40FT,0,0,0,0,13,13,0,0
CARRIER_D,2025-07-02 18:00,BUSAN,40FT,0,1,0,0,14,14,0,0
CARRIER_D,2025-07-02 19:00,BUSAN,40FT,0,0,0,0,14,14,0,0
CARRIER_D,2025-07-02 20:00,BUSAN,40FT,0,0,0,0,14,14,0,0
CARRIER_D,2025-07-02 21:00,BUSAN,40FT,0,0,0,0,14,14,0,0
CARRIER_D,2025-07-02 22:00,BUSAN,40FT,0,0,0,0,14,14,0,0
CARRIER_D,2025-07-02 23:00,BUSAN,40FT,0,0,0,0,14,14,0,0
CARRIER_D,2025-07-03 00:00,BUSAN,40FT,0,0,0,0,14,14,0,0
CARRIER_D,2025-07-03 01:00,BUSAN,40FT,0,0,0,0,14,14,0,0
CARRIER_D,2025-07-03 02:00,BUSAN,40FT,0,0,0,0,14,14,0,0
CARRIER_D,2025-07-03 03:00,BUSAN,40FT,0,0,0,0,14,14,0,0
CARRIER_D,2025-07-03 04:00,BUSAN,40FT,0,0,0,0,14,14,0,0
CARRIER_D,2025-07-03 05:00,BUSAN,40FT,0,0,0,0,14,14,0,0
CARRIER_D,2025-07-03 06:00,BUSAN,40FT,0,0,0,0,14,14,0,0
CARRIER_D,2025-07-03 07:00,BUSAN,40FT,0,0,0,0,14,14,0,0
CARRIER_D,2025-07-03 08:00,BUSAN,40FT,0,0,0,0,14,14,0,0
CARRIER_D,2025-07-03 09:00,BUSAN,40FT,0,0,0,0,14,14,0,0
CARRIER_D,2025-07-03 10:00,BUSAN,40FT,1,2,0,0,15,15,0,0
CARRIER_D,2025-07-03 11:00,BUSAN,40FT,1,0,0,0,14,14,0,0
CARRIER_D,2025-07-03 12:00,BUSAN,40FT,0,0,0,0,14,14,0,0
CARRIER_D,2025-07-03 13:00,BUSAN,40FT,0,0,0,0,14,14,0,0
CARRIER_D,2025-07-03 14:00,BUSAN,40FT,0,0,0,0,14,14,0,0
CARRIER_D,2025-07-03 15:00,BUSAN,40FT,0,0,0,0,14,14,0,0
CARRIER_D,2025-07-03 16:00,BUSAN,40FT,0,0,0,0,14,14,0,0
CARRIER_D,2025-07-03 17:00,BUSAN,40FT,0,0,0,0,14,14,0,0
CARRIER_D,2025-07-03 18:00,BUSAN,40FT,0,0,0,0,14,14,0,0
CARRIER_D,2025-07-03 19:00,BUSAN,40FT,0,0,0,0,14,14,0,0
CARRIER_D,2025-07-03 20:00,BUSAN,40FT,0,0,0,0,14,14,0,0
CARRIER_D,2025-07-03 21:00,BUSAN,40FT,0,0,0,0,14,14,0,0
CARRIER_D,2025-07-03 22:00,BUSAN,40FT,0,0,0,0,14,14,0,0
CARRIER_D,2025-07-03 23:00,BUSAN,40FT,0,0,0,0,14,14,0,0
CARRIER_D,2025-07-04 00:00,BUSAN,40FT,0,0,0,0,14,14,0,0
CARRIER_D,2025-07-04 01:00,BUSAN,40FT,0,0,0,0,14,14,0,0
CARRIER_D,2025-07-04 02:00,BUSAN,40FT,0,0,0,0,14,14,0,0
CARRIER_D,2025-07-04 03:00,BUSAN,40FT,0,0,0,0,14,14,0,0
CARRIER_D,2025-07-04 04:00,BUSAN,40FT,0,0,0,0,14,14,0,0
CARRIER_D,2025-07-04 05:00,BUSAN,40FT,0,0,0,0,14,14,0,0
CARRIER_D,2025-07-04 06:00,BUSAN,40FT,0,0,0,0,14,14,0,0
CARRIER_D,2025-07-04 07:00,BUSAN,40FT,0,12,0,0,26,26,0,0
CARRIER_D,2025-07-04 08:00,BUSAN,40FT,0,0,0,0,26,26,0,0
CARRIER_D,2025-07-04 09:00,BUSAN,40FT,0,0,0,0,26,26,0,0
CARRIER_D,2025-07-04 10:00,BUSAN,40FT,0,1,0,0,27,27,0,0
CARRIER_D,2025-07-04 11:00,BUSAN,40FT,0,1,0,0,28,28,0,0
CARRIER_D,2025-07-04 12:00,BUSAN,40FT,0,0,0,0,28,28,0,0
CARRIER_D,2025-07-04 13:00,BUSAN,40FT,0,2,0,0,30,30,0,0
CARRIER_D,2025-07-04 14:00,BUSAN,40FT,0,1,0,0,31,31,0,0
CARRIER_D,2025-07-04 15:00,BUSAN,40FT,1,0,0,0,30,30,0,0
CARRIER_D,2025-07-04 16:00,BUSAN,40FT,0,0,0,0,30,30,0,0
CARRIER_D,2025-07-04 17:00,BUSAN,40FT,0,0,0,0,30,30,0,0
CARRIER_D,2025-07-04 18:00,BUSAN,40FT,0,1,0,0,31,31,0,0
CARRIER_D,2025-07-04 19:00,BUSAN,40FT,0,0,0,0,31,31,0,0
CARRIER_D,2025-07-04 20:00,BUSAN,40FT,0,1,0,0,32,32,0,0
CARRIER_D,2025-07-04 21:00,BUSAN,40FT,0,1,0,0,33,33,0,0
CARRIER_D,2025-07-04 22:00,BUSAN,40FT,0,0,0,0,33,33,0,0
CARRIER_D,2025-07-04 23:00,BUSAN,40FT,0,0,0,0,33,33,0,0
CARRIER_D,2025-07-05 00:00,BUSAN,40FT,0,0,0,0,33,33,0,0
CARRIER_D,2025-07-05 01:00,BUSAN,40FT,0,0,0,0,33,33,0,0
CARRIER_D,2025-07-05 02:00,BUSAN,40FT,0,0,0,0,33,33,0,0
CARRIER_D,2025-07-05 03:00,BUSAN,40FT,0,0,0,0,33,33,0,0
CARRIER_D,2025-07-05 04:00,BUSAN,40FT,0,0,0,0,33,33,0,0
CARRIER_D,2025-07-05 05:00,BUSAN,40FT,0,0,0,0,33,33,0,0
CARRIER_D,2025-07-05 06:00,BUSAN,40FT,1,0,0,0,32,32,0,0
CARRIER_D,2025-07-05 07:00,BUSAN,40FT,0,0,0,0,32,32,0,0
CARRIER_D,2025-07-05 08:00,BUSAN,40FT,0,0,0,0,32,32,0,0
CARRIER_D,2025-07-05 09:00,BUSAN,40FT,0,1,0,0,33,33,0,0
CARRIER_D,2025-07-05 10:00,BUSAN,40FT,0,0,0,0,33,33,0,0
CARRIER_D,2025-07-05 11:00,BUSAN,40FT,0,0,0,0,33,33,0,0
CARRIER_D,2025-07-05 12:00,BUSAN,40FT,0,0,0,0,33,33,0,0
CARRIER_D,2025-07-05 13:00,BUSAN,40FT,1,0,0,0,32,32,0,0
CARRIER_D,2025-07-05 14:00,BUSAN,40FT,0,0,0,0,32,32,0,0
CARRIER_D,2025-07-05 15:00,BUSAN,40FT,0,0,0,0,32,32,0,0
CARRIER_D,2025-07-05 16:00,BUSAN,40FT,0,0,0,0,32,32,0,0
CARRIER_D,2025-07-05 17:00,BUSAN,40FT,0,0,0,0,32,32,0,0
CARRIER_D,2025-07-05 18:00,BUSAN,40FT,0,1,0,0,33,33,0,0
CARRIER_D,2025-07-05 19:00,BUSAN,40FT,1,0,0,0,32,32,0,0
CARRIER_D,2025-07-05 20:00,BUSAN,40FT,0,0,0,0,32,32,0,0
CARRIER_D,2025-07-05 21:00,BUSAN,40FT,0,0,0,0,32,32,0,0
CARRIER_D,2025-07-05 22:00,BUSAN,40FT,0,0,0,0,32,32,0,0
CARRIER_D,2025-07-05 23:00,BUSAN,40FT,0,0,0,0,32,32,0,0
CARRIER_D,2025-07-06 00:00,BUSAN,40FT,0,0,0,0,32,32,0,0
CARRIER_D,2025-07-06 01:00,BUSAN,40FT,0,0,0,0,32,32,0,0
CARRIER_D,2025-07-06 02:00,BUSAN,40FT,0,5,0,0,37,37,0,0
CARRIER_D,2025-07-06 03:00,BUSAN,40FT,0,0,0,0,37,37,0,0
CARRIER_D,2025-07-06 04:00,BUSAN,40FT,0,0,0,0,37,37,0,0
CARRIER_D,2025-07-06 05:00,BUSAN,40FT,0,0,0,0,37,37,0,0
CARRIER_D,2025-07-06 06:00,BUSAN,40FT,0,0,0,0,37,37,0,0
CARRIER_D,2025-07-06 07:00,BUSAN,40FT,0,0,0,0,37,37,0,0
CARRIER_D,2025-07-06 08:00,BUSAN,40FT,0,0,0,0,37,37,0,0
CARRIER_D,2025-07-06 09:00,BUSAN,40FT,0,0,0,0,37,37,0,0
CARRIER_D,2025-07-06 10:00,BUSAN,40FT,0,0,0,0,37,37,0,0
CARRIER_D,2025-07-06 11:00,BUSAN,40FT,0,0,0,0,37,37,0,0
CARRIER_D,2025-07-06 12:00,BUSAN,40FT,1,0,0,0,36,36,0,0
CARRIER_D,2025-07-06 13:00,BUSAN,40FT,0,0,0,0,36,36,0,0
CARRIER_D,2025-07-06 14:00,BUSAN,40FT,0,0,0,0,36,36,0,0
CARRIER_D,2025-07-06 15:00,BUSAN,40FT,0,0,0,0,36,36,0,0
CARRIER_D,2025-07-06 16:00,BUSAN,40FT,0,0,0,0,36,36,0,0
CARRIER_D,2025-07-06 17:00,BUSAN,40FT,0,0,0,0,36,36,0,0
CARRIER_D,2025-07-06 18:00,BUSAN,40FT,0,0,0,0,36,36,0,0
CARRIER_D,2025-07-06 19:00,BUSAN,40FT,0,0,0,0,36,36,0,0
CARRIER_D,2025-07-06 20:00,BUSAN,40FT,0,0,0,0,36,36,0,0
CARRIER_D,2025-07-06 21:00,BUSAN,40FT,0,1,0,0,37,37,0,0
CARRIER_D,2025-07-06 22:00,BUSAN,40FT,0,0,0,0,37,37,0,0
CARRIER_D,2025-07-06 23:00,BUSAN,40FT,0,0,0,0,37,37,0,0
CARRIER_D,2025-07-07 00:00,BUSAN,40FT,0,0,0,0,37,37,0,0
CARRIER_D,2025-07-07 01:00,BUSAN,40FT,0,0,0,0,37,37,0,0
CARRIER_D,2025-07-07 02:00,BUSAN,40FT,0,0,0,0,37,37,0,0
CARRIER_D,2025-07-07 03:00,BUSAN,40FT,0,0,0,0,37,37,0,0
CARRIER_D,2025-07-07 04:00,BUSAN,40FT,0,0,0,0,37,37,0,0
CARRIER_D,2025-07-07 05:00,BUSAN,40FT,0,0,0,0,37,37,0,0
CARRIER_D,2025-07-07 06:00,BUSAN,40FT,1,0,0,0,36,36,0,0
CARRIER_D,2025-07-07 07:00,BUSAN,40FT,0,0,0,0,36,36,0,0
CARRIER_D,2025-07-07 08:00,BUSAN,40FT,0,0,0,0,36,36,0,0
CARRIER_D,2025-07-07 09:00,BUSAN,40FT,0,0,0,0,36,36,0,0
CARRIER_D,2025-07-07 10:00,BUSAN,40FT,1,0,0,0,35,35,0,0
CARRIER_D,2025-07-07 11:00,BUSAN,40FT,0,0,0,0,35,35,0,0
CARRIER_D,2025-07-07 12:00,BUSAN,40FT,0,0,0,0,35,35,0,0
CARRIER_D,2025-07-07 13:00,BUSAN,40FT,1,0,0,0,34,34,0,0
CARRIER_D,2025-07-07 14:00,BUSAN,40FT,0,0,0,0,34,34,0,0
CARRIER_D,2025-07-07 15:00,BUSAN,40FT,0,1,0,0,35,35,0,0
CARRIER_D,2025-07-07 16:00,BUSAN,40FT,1,0,0,0,34,34,0,0
CARRIER_D,2025-07-07 17:00,BUSAN,40FT,0,0,0,0,34,34,0,0
CARRIER_D,2025-07-07 18:00,BUSAN,40FT,0,0,0,0,34,34,0,0
CARRIER_D,2025-07-07 19:00,BUSAN,40FT,0,0,0,0,34,34,0,0
CARRIER_D,2025-07-07 20:00,BUSAN,40FT,0,0,0,0,34,34,0,0
CARRIER_D,2025-07-07 21:00,BUSAN,40FT,0,0,0,0,34,34,0,0
CARRIER_D,2025-07-07 22:00,BUSAN,40FT,0,0,0,0,34,34,0,0
CARRIER_D,2025-07-07 23:00,BUSAN,40FT,0,0,0,0,34,34,0,0
CARRIER_D,2025-07-01 00:00,DONGSAN,20FT,0,0,0,0,0,0,0,0
CARRIER_D,2025-07-01 01:00,DONGSAN,20FT,0,0,0,0,0,0,0,0
CARRIER_D,2025-07-01 02:00,DONGSAN,20FT,0,0,0,0,0,0,0,0
CARRIER_D,2025-07-01 03:00,DONGSAN,20FT,0,0,0,0,0,0,0,0
CARRIER_D,2025-07-01 04:00,DONGSAN,20FT,0,0,0,0,0,0,0,0
CARRIER_D,2025-07-01 05:00,DONGSAN,20FT,0,0,0,0,0,0,0,0
CARRIER_D,2025-07-01 06:00,DONGSAN,20FT,0,0,0,0,0,0,0,0
CARRIER_D,2025-07-01 07:00,DONGSAN,20FT,0,0,0,0,0,0,0,0
CARRIER_D,2025-07-01 08:00,DONGSAN,20FT,0,0,0,0,0,0,0,0
CARRIER_D,2025-07-01 09:00,DONGSAN,20FT,0,0,0,0,0,0,0,0
CARRIER_D,2025-07-01 10:00,DONGSAN,20FT,0,0,0,0,0,0,0,0
CARRIER_D,2025-07-01 11:00,DONGSAN,20FT,0,0,0,0,0,0,0,0
CARRIER_D,2025-07-01 12:00,DONGSAN,20FT,0,0,0,0,0,0,0,0
CARRIER_D,2025-07-01 13:00,DONGSAN,20FT,0,0,0,0,0,0,0,0
CARRIER_D,2025-07-01 14:00,DONGSAN,20FT,0,0,0,0,0,0,0,0
CARRIER_D,2025-07-01 15:00,DONGSAN,20FT,0,0,0,0,0,0,0,0
CARRIER_D,2025-07-01 16:00,DONGSAN,20FT,0,0,0,0,0,0,0,0
CARRIER_D,2025-07-01 17:00,DONGSAN,20FT,0,0,0,0,0,0,0,0
CARRIER_D,2025-07-01 18:00,DONGSAN,20FT,0,0,0,0,0,0,0,0
CARRIER_D,2025-07-01 19:00,DONGSAN,20FT,0,0,0,0,0,0,0,0
CARRIER_D,2025-07-01 20:00,DONGSAN,20FT,0,0,0,0,0,0,0,0
CARRIER_D,2025-07-01 21:00,DONGSAN,20FT,0,0,0,0,0,0,0,0
CARRIER_D,2025-07-01 22:00,DONGSAN,20FT,0,0,0,0,0,0,0,0
CARRIER_D,2025-07-01 23:00,DONGSAN,20FT,0,0,0,0,0,0,0,0
CARRIER_D,2025-07-02 00:00,DONGSAN,20FT,0,0,0,0,0,0,0,0
CARRIER_D,2025-07-02 01:00,DONGSAN,20FT,0,0,0,0,0,0,0,0
CARRIER_D,2025-07-02 02:00,DONGSAN,20FT,0,0,0,0,0,0,0,0
CARRIER_D,2025-07-02 03:00,DONGSAN,20FT,0,0,0,0,0,0,0,0
CARRIER_D,2025-07-02 04:00,DONGSAN,20FT,0,0,0,0,0,0,0,0
CARRIER_D,2025-07-02 05:00,DONGSAN,20FT,0,0,0,0,0,0,0,0
CARRIER_D,2025-07-02 06:00,DONGSAN,20FT,0,0,0,0,0,0,0,0
CARRIER_D,2025-07-02 07:00,DONGSAN,20FT,0,0,0,0,0,0,0,0
CARRIER_D,2025-07-02 08:00,DONGSAN,20FT,0,0,0,0,0,0,0,0
CARRIER_D,2025-07-02 09:00,DONGSAN,20FT,0,0,0,0,0,0,0,0
CARRIER_D,2025-07-02 10:00,DONGSAN,20FT,1,0,0,0,0,0,1,1
CARRIER_D,2025-07-02 11:00,DONGSAN,20FT,0,0,0,0,0,0,0,0
CARRIER_D,2025-07-02 12:00,DONGSAN,20FT,0,0,0,0,0,0,0,0
CARRIER_D,2025-07-02 13:00,DONGSAN,20FT,0,0,0,0,0,0,0,0
CARRIER_D,2025-07-02 14:00,DONGSAN,20FT,0,0,0,0,0,0,0,0
CARRIER_D,2025-07-02 15:00,DONGSAN,20FT,0,0,0,0,0,0,0,0
CARRIER_D,2025-07-02 16:00,DONGSAN,20FT,0,0,0,0,0,0,0,0
CARRIER_D,2025-07-02 17:00,DONGSAN,20FT,0,0,0,0,0,0,0,0
CARRIER_D,2025-07-02 18:00,DONGSAN,20FT,0,0,0,0,0,0,0,0
CARRIER_D,2025-07-02 19:00,DONGSAN,20FT,0,0,0,0,0,0,0,0
CARRIER_D,2025-07-02 20:00,DONGSAN,20FT,0,0,0,0,0,0,0,0
CARRIER_D,2025-07-02 21:00,DONGSAN,20FT,0,0,0,0,0,0,0,0
CARRIER_D,2025-07-02 22:00,DONGSAN,20FT,0,0,0,0,0,0,0,0
CARRIER_D,2025-07-02 23:00,DONGSAN,20FT,0,0,0,0,0,0,0,0
CARRIER_D,2025-07-03 00:00,DONGSAN,20FT,0,0,0,0,0,0,0,0
CARRIER_D,2025-07-03 01:00,DONGSAN,20FT,0,0,0,0,0,0,0,0
CARRIER_D,2025-07-03 02:00,DONGSAN,20FT,0,0,0,0,0,0,0,0
CARRIER_D,2025-07-03 03:00,DONGSAN,20FT,0,0,0,0,0,0,0,0
CARRIER_D,2025-07-03 04:00,DONGSAN,20FT,0,0,0,0,0,0,0,0
CARRIER_D,2025-07-03 05:00,DONGSAN,20FT,0,0,0,0,0,0,0,0
CARRIER_D,2025-07-03 06:00,DONGSAN,20FT,0,0,0,0,0,0,0,0
CARRIER_D,2025-07-03 07:00,DONGSAN,20FT,0,0,0,0,0,0,0,0
CARRIER_D,2025-07-03 08:00,DONGSAN,20FT,0,0,0,0,0,0,0,0
CARRIER_D,2025-07-03 09:00,DONGSAN,20FT,0,0,0,0,0,0,0,0
CARRIER_D,2025-07-03 10:00,DONGSAN,20FT,0,0,0,0,0,0,0,0
CARRIER_D,2025-07-03 11:00,DONGSAN,20FT,0,0,0,0,0,0,0,0
CARRIER_D,2025-07-03 12:00,DONGSAN,20FT,0,0,0,0,0,0,0,0
CARRIER_D,2025-07-03 13:00,DONGSAN,20FT,0,0,0,0,0,0,0,0
CARRIER_D,2025-07-03 14:00,DONGSAN,20FT,0,0,0,0,0,0,0,0
CARRIER_D,2025-07-03 15:00,DONGSAN,20FT,0,0,0,0,0,0,0,0
CARRIER_D,2025-07-03 16:00,DONGSAN,20FT,0,0,0,0,0,0,0,0
CARRIER_D,2025-07-03 17:00,DONGSAN,20FT,0,0,0,0,0,0,0,0
CARRIER_D,2025-07-03 18:00,DONGSAN,20FT,0,0,0,0,0,0,0,0
CARRIER_D,2025-07-03 19:00,DONGSAN,20FT,0,0,0,0,0,0,0,0
CARRIER_D,2025-07-03 20:00,DONGSAN,20FT,0,0,0,0,0,0,0,0
CARRIER_D,2025-07-03 21:00,DONGSAN,20FT,0,0,0,0,0,0,0,0
CARRIER_D,2025-07-03 22:00,DONGSAN,20FT,0,0,0,0,0,0,0,0
CARRIER_D,2025-07-03 23:00,DONGSAN,20FT,0,0,0,0,0,0,0,0
CARRIER_D,2025-07-04 00:00,DONGSAN,20FT,0,0,0,0,0,0,0,0
CARRIER_D,2025-07-04 01:00,DONGSAN,20FT,0,0,0,0,0,0,0,0
CARRIER_D,2025-07-04 02:00,DONGSAN,20FT,0,0,0,0,0,0,0,0
CARRIER_D,2025-07-04 03:00,DONGSAN,20FT,0,0,0,0,0,0,0,0
CARRIER_D,2025-07-04 04:00,DONGSAN,20FT,0,0,0,0,0,0,0,0
CARRIER_D,2025-07-04 05:00,DONGSAN,20FT,0,0,0,0,0,0,0,0
CARRIER_D,2025-07-04 06:00,DONGSAN,20FT,0,0,0,0,0,0,0,0
CARRIER_D,2025-07-04 07:00,DONGSAN,20FT,0,0,0,0,0,0,0,0
CARRIER_D,2025-07-04 08:00,DONGSAN,20FT,0,1,0,0,1,1,0,0
CARRIER_D,2025-07-04 09:00,DONGSAN,20FT,0,0,0,0,1,1,0,0
CARRIER_D,2025-07-04 10:00,DONGSAN,20FT,0,0,0,0,1,1,0,0
CARRIER_D,2025-07-04 11:00,DONGSAN,20FT,0,0,0,0,1,1,0,0
CARRIER_D,2025-07-04 12:00,DONGSAN,20FT,0,0,0,0,1,1,0,0
CARRIER_D,2025-07-04 13:00,DONGSAN,20FT,0,0,0,0,1,1,0,0
CARRIER_D,2025-07-04 14:00,DONGSAN,20FT,0,0,0,0,1,1,0,0
CARRIER_D,2025-07-04 15:00,DONGSAN,20FT,0,0,0,0,1,1,0,0
CARRIER_D,2025-07-04 16:00,DONGSAN,20FT,0,0,0,0,1,1,0,0
CARRIER_D,2025-07-04 17:00,DONGSAN,20FT,0,0,0,0,1,1,0,0
CARRIER_D,2025-07-04 18:00,DONGSAN,20FT,0,0,0,0,1,1,0,0
CARRIER_D,2025-07-04 19:00,DONGSAN,20FT,0,0,0,0,1,1,0,0
CARRIER_D,2025-07-04 20:00,DONGSAN,20FT,0,0,0,0,1,1,0,0
CARRIER_D,2025-07-04 21:00,DONGSAN,20FT,0,0,0,0,1,1,0,0
CARRIER_D,2025-07-04 22:00,DONGSAN,20FT,0,0,0,0,1,1,0,0
CARRIER_D,2025-07-04 23:00,DONGSAN,20FT,0,0,0,0,1,1,0,0
CARRIER_D,2025-07-05 00:00,DONGSAN,20FT,0,0,0,0,1,1,0,0
CARRIER_D,2025-07-05 01:00,DONGSAN,20FT,0,0,0,0,1,1,0,0
CARRIER_D,2025-07-05 02:00,DONGSAN,20FT,0,0,0,0,1,1,0,0
CARRIER_D,2025-07-05 03:00,DONGSAN,20FT,0,0,0,0,1,1,0,0
CARRIER_D,2025-07-05 04:00,DONGSAN,20FT,0,0,0,0,1,1,0,0
CARRIER_D,2025-07-05 05:00,DONGSAN,20FT,0,0,0,0,1,1,0,0
CARRIER_D,2025-07-05 06:00,DONGSAN,20FT,0,0,0,0,1,1,0,0
CARRIER_D,2025-07-05 07:00,DONGSAN,20FT,0,0,0,0,1,1,0,0
CARRIER_D,2025-07-05 08:00,DONGSAN,20FT,0,0,0,0,1,1,0,0
CARRIER_D,2025-07-05 09:00,DONGSAN,20FT,0,0,0,0,1,1,0,0
CARRIER_D,2025-07-05 10:00,DONGSAN,20FT,0,0,0,0,1,1,0,0
CARRIER_D,2025-07-05 11:00,DONGSAN,20FT,0,0,0,0,1,1,0,0
CARRIER_D,2025-07-05 12:00,DONGSAN,20FT,0,0,0,0,1,1,0,0
CARRIER_D,2025-07-05 13:00,DONGSAN,20FT,0,0,0,0,1,1,0,0
CARRIER_D,2025-07-05 14:00,DONGSAN,20FT,0,0,0,0,1,1,0,0
CARRIER_D,2025-07-05 15:00,DONGSAN,20FT,0,0,0,0,1,1,0,0
CARRIER_D,2025-07-05 16:00,DONGSAN,20FT,0,0,0,0,1,1,0,0
CARRIER_D,2025-07-05 17:00,DONGSAN,20FT,0,0,0,0,1,1,0,0
CARRIER_D,2025-07-05 18:00,DONGSAN,20FT,0,0,0,0,1,1,0,0
CARRIER_D,2025-07-05 19:00,DONGSAN,20FT,0,0,0,0,1,1,0,0
CARRIER_D,2025-07-05 20:00,DONGSAN,20FT,0,0,0,0,1,1,0,0
CARRIER_D,2025-07-05 21:00,DONGSAN,20FT,0,0,0,0,1,1,0,0
CARRIER_D,2025-07-05 22:00,DONGSAN,20FT,0,0,0,0,1,1,0,0
CARRIER_D,2025-07-05 23:00,DONGSAN,20FT,0,0,0,0,1,1,0,0
CARRIER_D,2025-07-06 00:00,DONGSAN,20FT,0,0,0,0,1,1,0,0
CARRIER_D,2025-07-06 01:00,DONGSAN,20FT,0,0,0,0,1,1,0,0
CARRIER_D,2025-07-06 02:00,DONGSAN,20FT,0,0,0,0,1,1,0,0
CARRIER_D,2025-07-06 03:00,DONGSAN,20FT,0,0,0,0,1,1,0,0
CARRIER_D,2025-07-06 04:00,DONGSAN,20FT,0,0,0,0,1,1,0,0
CARRIER_D,2025-07-06 05:00,DONGSAN,20FT,0,0,0,0,1,1,0,0
CARRIER_D,2025-07-06 06:00,DONGSAN,20FT,0,0,0,0,1,1,0,0
CARRIER_D,2025-07-06 07:00,DONGSAN,20FT,0,0,0,0,1,1,0,0
CARRIER_D,2025-07-06 08:00,DONGSAN,20FT,0,0,0,0,1,1,0,0
CARRIER_D,2025-07-06 09:00,DONGSAN,20FT,0,0,0,0,1,1,0,0
CARRIER_D,2025-07-06 10:00,DONGSAN,20FT,0,0,0,0,1,1,0,0
CARRIER_D,2025-07-06 11:00,DONGSAN,20FT,0,0,0,0,1,1,0,0
CARRIER_D,2025-07-06 12:00,DONGSAN,20FT,0,0,0,0,1,1,0,0
CARRIER_D,2025-07-06 13:00,DONGSAN,20FT,0,0,0,0,1,1,0,0
CARRIER_D,2025-07-06 14:00,DONGSAN,20FT,0,0,0,0,1,1,0,0
CARRIER_D,2025-07-06 15:00,DONGSAN,20FT,0,0,0,0,1,1,0,0
CARRIER_D,2025-07-06 16:00,DONGSAN,20FT,0,0,0,0,1,1,0,0
CARRIER_D,2025-07-06 17:00,DONGSAN,20FT,0,0,0,0,1,1,0,0
CARRIER_D,2025-07-06 18:00,DONGSAN,20FT,0,0,0,0,1,1,0,0
CARRIER_D,2025-07-06 19:00,DONGSAN,20FT,0,0,0,0,1,1,0,0
CARRIER_D,2025-07-06 20:00,DONGSAN,20FT,0,0,0,0,1,1,0,0
CARRIER_D,2025-07-06 21:00,DONGSAN,20FT,0,0,0,0,1,1,0,0
CARRIER_D,2025-07-06 22:00,DONGSAN,20FT,0,0,0,0,1,1,0,0
CARRIER_D,2025-07-06 23:00,DONGSAN,20FT,0,0,0,0,1,1,0,0
CARRIER_D,2025-07-07 00:00,DONGSAN,20FT,0,0,0,0,1,1,0,0
CARRIER_D,2025-07-07 01:00,DONGSAN,20FT,0,0,0,0,1,1,0,0
CARRIER_D,2025-07-07 02:00,DONGSAN,20FT,0,0,0,0,1,1,0,0
CARRIER_D,2025-07-07 03:00,DONGSAN,20FT,0,0,0,0,1,1,0,0
CARRIER_D,2025-07-07 04:00,DONGSAN,20FT,0,0,0,0,1,1,0,0
CARRIER_D,2025-07-07 05:00,DONGSAN,20FT,0,0,0,0,1,1,0,0
CARRIER_D,2025-07-07 06:00,DONGSAN,20FT,0,0,0,0,1,1,0,0
CARRIER_D,2025-07-07 07:00,DONGSAN,20FT,0,0,0,0,1,1,0,0
CARRIER_D,2025-07-07 08:00,DONGSAN,20FT,0,0,0,0,1,1,0,0
CARRIER_D,2025-07-07 09:00,DONGSAN,20FT,0,0,0,0,1,1,0,0
CARRIER_D,2025-07-07 10:00,DONGSAN,20FT,0,0,0,0,1,1,0,0
CARRIER_D,2025-07-07 11:00,DONGSAN,20FT,0,0,0,0,1,1,0,0
CARRIER_D,2025-07-07 12:00,DONGSAN,20FT,0,0,0,0,1,1,0,0
CARRIER_D,2025-07-07 13:00,DONGSAN,20FT,0,0,0,0,1,1,0,0
CARRIER_D,2025-07-07 14:00,DONGSAN,20FT,0,0,0,0,1,1,0,0
CARRIER_D,2025-07-07 15:00,DONGSAN,20FT,0,0,0,0,1,1,0,0
CARRIER_D,2025-07-07 16:00,DONGSAN,20FT,0,0,0,0,1,1,0,0
CARRIER_D,2025-07-07 17:00,DONGSAN,20FT,1,0,0,0,0,0,0,0
CARRIER_D,2025-07-07 18:00,DONGSAN,20FT,0,1,0,0,1,1,0,0
CARRIER_D,2025-07-07 19:00,DONGSAN,20FT,0,0,0,0,1,1,0,0
CARRIER_D,2025-07-07 20:00,DONGSAN,20FT,0,0,0,0,1,1,0,0
CARRIER_D,2025-07-07 21:00,DONGSAN,20FT,0,0,0,0,1,1,0,0
CARRIER_D,2025-07-07 22:00,DONGSAN,20FT,0,0,0,0,1,1,0,0
CARRIER_D,2025-07-07 23:00,DONGSAN,20FT,0,0,0,0,1,1,0,0
CARRIER_D,2025-07-01 00:00,DONGSAN,40FT,0,0,0,0,1,1,0,0
CARRIER_D,2025-07-01 01:00,DONGSAN,40FT,0,0,0,0,1,1,0,0
CARRIER_D,2025-07-01 02:00,DONGSAN,40FT,0,0,0,0,1,1,0,0
CARRIER_D,2025-07-01 03:00,DONGSAN,40FT,0,0,0,0,1,1,0,0
CARRIER_D,2025-07-01 04:00,DONGSAN,40FT,0,0,0,0,1,1,0,0
CARRIER_D,2025-07-01 05:00,DONGSAN,40FT,0,0,0,0,1,1,0,0
CARRIER_D,2025-07-01 06:00,DONGSAN,40FT,0,0,0,0,1,1,0,0
CARRIER_D,2025-07-01 07:00,DONGSAN,40FT,0,0,0,0,1,1,0,0
CARRIER_D,2025-07-01 08:00,DONGSAN,40FT,0,0,0,0,1,1,0,0
CARRIER_D,2025-07-01 09:00,DONGSAN,40FT,0,0,0,0,1,1,0,0
CARRIER_D,2025-07-01 10:00,DONGSAN,40FT,0,0,0,0,1,1,0,0
CARRIER_D,2025-07-01 11:00,DONGSAN,40FT,0,0,0,0,1,1,0,0
CARRIER_D,2025-07-01 12:00,DONGSAN,40FT,0,0,0,0,1,1,0,0
CARRIER_D,2025-07-01 13:00,DONGSAN,40FT,0,0,0,0,1,1,0,0
CARRIER_D,2025-07-01 14:00,DONGSAN,40FT,0,0,0,0,1,1,0,0
CARRIER_D,2025-07-01 15:00,DONGSAN,40FT,0,0,0,0,1,1,0,0
CARRIER_D,2025-07-01 16:00,DONGSAN,40FT,0,0,0,0,1,1,0,0
CARRIER_D,2025-07-01 17:00,DONGSAN,40FT,0,0,0,0,1,1,0,0
CARRIER_D,2025-07-01 18:00,DONGSAN,40FT,0,0,0,0,1,1,0,0
CARRIER_D,2025-07-01 19:00,DONGSAN,40FT,0,0,0,0,1,1,0,0
CARRIER_D,2025-07-01 20:00,DONGSAN,40FT,0,0,0,0,1,1,0,0
CARRIER_D,2025-07-01 21:00,DONGSAN,40FT,0,0,0,0,1,1,0,0
CARRIER_D,2025-07-01 22:00,DONGSAN,40FT,0,0,0,0,1,1,0,0
CARRIER_D,2025-07-01 23:00,DONGSAN,40FT,0,0,0,0,1,1,0,0
CARRIER_D,2025-07-02 00:00,DONGSAN,40FT,0,0,0,0,1,1,0,0
CARRIER_D,2025-07-02 01:00,DONGSAN,40FT,0,0,0,0,1,1,0,0
CARRIER_D,2025-07-02 02:00,DONGSAN,40FT,0,0,0,0,1,1,0,0
CARRIER_D,2025-07-02 03:00,DONGSAN,40FT,0,0,0,0,1,1,0,0
CARRIER_D,2025-07-02 04:00,DONGSAN,40FT,0,0,0,0,1,1,0,0
CARRIER_D,2025-07-02 05:00,DONGSAN,40FT,0,0,0,0,1,1,0,0
CARRIER_D,2025-07-02 06:00,DONGSAN,40FT,0,0,0,0,1,1,0,0
CARRIER_D,2025-07-02 07:00,DONGSAN,40FT,0,0,0,0,1,1,0,0
CARRIER_D,2025-07-02 08:00,DONGSAN,40FT,0,0,0,0,1,1,0,0
CARRIER_D,2025-07-02 09:00,DONGSAN,40FT,0,0,0,0,1,1,0,0
CARRIER_D,2025-07-02 10:00,DONGSAN,40FT,0,0,0,0,1,1,0,0
CARRIER_D,2025-07-02 11:00,DONGSAN,40FT,0,0,0,0,1,1,0,0
CARRIER_D,2025-07-02 12:00,DONGSAN,40FT,0,0,0,0,1,1,0,0
CARRIER_D,2025-07-02 13:00,DONGSAN,40FT,0,0,0,0,1,1,0,0
CARRIER_D,2025-07-02 14:00,DONGSAN,40FT,0,0,0,0,1,1,0,0
CARRIER_D,2025-07-02 15:00,DONGSAN,40FT,0,0,0,0,1,1,0,0
CARRIER_D,2025-07-02 16:00,DONGSAN,40FT,0,0,0,0,1,1,0,0
CARRIER_D,2025-07-02 17:00,DONGSAN,40FT,0,0,0,0,1,1,0,0
CARRIER_D,2025-07-02 18:00,DONGSAN,40FT,0,0,0,0,1,1,0,0
CARRIER_D,2025-07-02 19:00,DONGSAN,40FT,0,0,0,0,1,1,0,0
CARRIER_D,2025-07-02 20:00,DONGSAN,40FT,0,0,0,0,1,1,0,0
CARRIER_D,2025-07-02 21:00,DONGSAN,40FT,0,0,0,0,1,1,0,0
CARRIER_D,2025-07-02 22:00,DONGSAN,40FT,0,0,0,0,1,1,0,0
CARRIER_D,2025-07-02 23:00,DONGSAN,40FT,0,0,0,0,1,1,0,0
CARRIER_D,2025-07-03 00:00,DONGSAN,40FT,0,0,0,0,1,1,0,0
CARRIER_D,2025-07-03 01:00,DONGSAN,40FT,0,0,0,0,1,1,0,0
CARRIER_D,2025-07-03 02:00,DONGSAN,40FT,0,0,0,0,1,1,0,0
CARRIER_D,2025-07-03 03:00,DONGSAN,40FT,0,0,0,0,1,1,0,0
CARRIER_D,2025-07-03 04:00,DONGSAN,40FT,0,0,0,0,1,1,0,0
CARRIER_D,2025-07-03 05:00,DONGSAN,40FT,0,0,0,0,1,1,0,0
CARRIER_D,2025-07-03 06:00,DONGSAN,40FT,0,0,0,0,1,1,0,0
CARRIER_D,2025-07-03 07:00,DONGSAN,40FT,0,0,0,0,1,1,0,0
CARRIER_D,2025-07-03 08:00,DONGSAN,40FT,0,0,0,0,1,1,0,0
CARRIER_D,2025-07-03 09:00,DONGSAN,40FT,0,0,0,0,1,1,0,0
CARRIER_D,2025-07-03 10:00,DONGSAN,40FT,0,0,0,0,1,1,0,0
CARRIER_D,2025-07-03 11:00,DONGSAN,40FT,0,0,0,0,1,1,0,0
CARRIER_D,2025-07-03 12:00,DONGSAN,40FT,0,0,0,0,1,1,0,0
CARRIER_D,2025-07-03 13:00,DONGSAN,40FT,0,0,0,0,1,1,0,0
CARRIER_D,2025-07-03 14:00,DONGSAN,40FT,0,0,0,0,1,1,0,0
CARRIER_D,2025-07-03 15:00,DONGSAN,40FT,0,0,0,0,1,1,0,0
CARRIER_D,2025-07-03 16:00,DONGSAN,40FT,0,0,0,0,1,1,0,0
CARRIER_D,2025-07-03 17:00,DONGSAN,40FT,1,0,0,0,0,0,0,0
CARRIER_D,2025-07-03 18:00,DONGSAN,40FT,0,0,0,0,0,0,0,0
CARRIER_D,2025-07-03 19:00,DONGSAN,40FT,0,0,0,0,0,0,0,0
CARRIER_D,2025-07-03 20:00,DONGSAN,40FT,0,0,0,0,0,0,0,0
CARRIER_D,2025-07-03 21:00,DONGSAN,40FT,0,0,0,0,0,0,0,0
CARRIER_D,2025-07-03 22:00,DONGSAN,40FT,0,0,0,0,0,0,0,0
CARRIER_D,2025-07-03 23:00,DONGSAN,40FT,0,0,0,0,0,0,0,0
CARRIER_D,2025-07-04 00:00,DONGSAN,40FT,0,0,0,0,0,0,0,0
CARRIER_D,2025-07-04 01:00,DONGSAN,40FT,0,0,0,0,0,0,0,0
CARRIER_D,2025-07-04 02:00,DONGSAN,40FT,0,0,0,0,0,0,0,0
CARRIER_D,2025-07-04 03:00,DONGSAN,40FT,0,0,0,0,0,0,0,0
CARRIER_D,2025-07-04 04:00,DONGSAN,40FT,0,0,0,0,0,0,0,0
CARRIER_D,2025-07-04 05:00,DONGSAN,40FT,0,0,0,0,0,0,0,0
CARRIER_D,2025-07-04 06:00,DONGSAN,40FT,0,0,0,0,0,0,0,0
CARRIER_D,2025-07-04 07:00,DONGSAN,40FT,0,0,0,0,0,0,0,0
CARRIER_D,2025-07-04 08:00,DONGSAN,40FT,0,0,0,0,0,0,0,0
CARRIER_D,2025-07-04 09:00,DONGSAN,40FT,0,0,0,0,0,0,0,0
CARRIER_D,2025-07-04 10:00,DONGSAN,40FT,0,0,0,0,0,0,0,0
CARRIER_D,2025-07-04 11:00,DONGSAN,40FT,0,0,0,0,0,0,0,0
CARRIER_D,2025-07-04 12:00,DONGSAN,40FT,0,0,0,0,0,0,0,0
CARRIER_D,2025-07-04 13:00,DONGSAN,40FT,0,0,0,0,0,0,0,0
CARRIER_D,2025-07-04 14:00,DONGSAN,40FT,0,0,0,0,0,0,0,0
CARRIER_D,2025-07-04 15:00,DONGSAN,40FT,0,0,0,0,0,0,0,0
CARRIER_D,2025-07-04 16:00,DONGSAN,40FT,0,0,0,0,0,0,0,0
CARRIER_D,2025-07-04 17:00,DONGSAN,40FT,0,0,0,0,0,0,0,0
CARRIER_D,2025-07-04 18:00,DONGSAN,40FT,0,0,0,0,0,0,0,0
CARRIER_D,2025-07-04 19:00,DONGSAN,40FT,0,0,0,0,0,0,0,0
CARRIER_D,2025-07-04 20:00,DONGSAN,40FT,0,0,0,0,0,0,0,0
CARRIER_D,2025-07-04 21:00,DONGSAN,40FT,0,0,0,0,0,0,0,0
CARRIER_D,2025-07-04 22:00,DONGSAN,40FT,0,0,0,0,0,0,0,0
CARRIER_D,2025-07-04 23:00,DONGSAN,40FT,0,0,0,0,0,0,0,0
CARRIER_D,2025-07-05 00:00,DONGSAN,40FT,0,0,0,0,0,0,0,0
CARRIER_D,2025-07-05 01:00,DONGSAN,40FT,0,0,0,0,0,0,0,0
CARRIER_D,2025-07-05 02:00,DONGSAN,40FT,0,0,0,0,0,0,0,0
CARRIER_D,2025-07-05 03:00,DONGSAN,40FT,0,0,0,0,0,0,0,0
CARRIER_D,2025-07-05 04:00,DONGSAN,40FT,0,0,0,0,0,0,0,0
CARRIER_D,2025-07-05 05:00,DONGSAN,40FT,0,0,0,0,0,0,0,0
CARRIER_D,2025-07-05 06:00,DONGSAN,40FT,0,0,0,0,0,0,0,0
CARRIER_D,2025-07-05 07:00,DONGSAN,40FT,0,0,0,0,0,0,0,0
CARRIER_D,2025-07-05 08:00,DONGSAN,40FT,0,0,0,0,0,0,0,0
CARRIER_D,2025-07-05 09:00,DONGSAN,40FT,0,0,0,0,0,0,0,0
CARRIER_D,2025-07-05 10:00,DONGSAN,40FT,0,0,0,0,0,0,0,0
CARRIER_D,2025-07-05 11:00,DONGSAN,40FT,0,0,0,0,0,0,0,0
CARRIER_D,2025-07-05 12:00,DONGSAN,40FT,0,0,0,0,0,0,0,0
CARRIER_D,2025-07-05 13:00,DONGSAN,40FT,0,0,0,0,0,0,0,0
CARRIER_D,2025-07-05 14:00,DONGSAN,40FT,0,0,0,0,0,0,0,0
CARRIER_D,2025-07-05 15:00,DONGSAN,40FT,0,0,0,0,0,0,0,0
CARRIER_D,2025-07-05 16:00,DONGSAN,40FT,0,0,0,0,0,0,0,0
CARRIER_D,2025-07-05 17:00,DONGSAN,40FT,0,0,0,0,0,0,0,0
CARRIER_D,2025-07-05 18:00,DONGSAN,40FT,0,0,0,0,0,0,0,0
CARRIER_D,2025-07-05 19:00,DONGSAN,40FT,0,0,0,0,0,0,0,0
CARRIER_D,2025-07-05 20:00,DONGSAN,40FT,0,0,0,0,0,0,0,0
CARRIER_D,2025-07-05 21:00,DONGSAN,40FT,0,0,0,0,0,0,0,0
CARRIER_D,2025-07-05 22:00,DONGSAN,40FT,0,0,0,0,0,0,0,0
CARRIER_D,2025-07-05 23:00,DONGSAN,40FT,0,0,0,0,0,0,0,0
CARRIER_D,2025-07-06 00:00,DONGSAN,40FT,0,0,0,0,0,0,0,0
CARRIER_D,2025-07-06 01:00,DONGSAN,40FT,0,0,0,0,0,0,0,0
CARRIER_D,2025-07-06 02:00,DONGSAN,40FT,0,0,0,0,0,0,0,0
CARRIER_D,2025-07-06 03:00,DONGSAN,40FT,0,0,0,0,0,0,0,0
CARRIER_D,2025-07-06 04:00,DONGSAN,40FT,0,0,0,0,0,0,0,0
CARRIER_D,2025-07-06 05:00,DONGSAN,40FT,0,0,0,0,0,0,0,0
CARRIER_D,2025-07-06 06:00,DONGSAN,40FT,0,0,0,0,0,0,0,0
CARRIER_D,2025-07-06 07:00,DONGSAN,40FT,0,0,0,0,0,0,0,0
CARRIER_D,2025-07-06 08:00,DONGSAN,40FT,0,0,0,0,0,0,0,0
CARRIER_D,2025-07-06 09:00,DONGSAN,40FT,0,0,0,0,0,0,0,0
CARRIER_D,2025-07-06 10:00,DONGSAN,40FT,0,0,0,0,0,0,0,0
CARRIER_D,2025-07-06 11:00,DONGSAN,40FT,0,0,0,0,0,0,0,0
CARRIER_D,2025-07-06 12:00,DONGSAN,40FT,0,0,0,0,0,0,0,0
CARRIER_D,2025-07-06 13:00,DONGSAN,40FT,0,0,0,0,0,0,0,0
CARRIER_D,2025-07-06 14:00,DONGSAN,40FT,0,0,0,0,0,0,0,0
CARRIER_D,2025-07-06 15:00,DONGSAN,40FT,0,0,0,0,0,0,0,0
CARRIER_D,2025-07-06 16:00,DONGSAN,40FT,0,0,0,0,0,0,0,0
CARRIER_D,2025-07-06 17:00,DONGSAN,40FT,0,0,0,0,0,0,0,0
CARRIER_D,2025-07-06 18:00,DONGSAN,40FT,0,0,0,0,0,0,0,0
CARRIER_D,2025-07-06 19:00,DONGSAN,40FT,0,0,0,0,0,0,0,0
CARRIER_D,2025-07-06 20:00,DONGSAN,40FT,0,0,0,0,0,0,0,0
CARRIER_D,2025-07-06 21:00,DONGSAN,40FT,0,0,0,0,0,0,0,0
CARRIER_D,2025-07-06 22:00,DONGSAN,40FT,0,0,0,0,0,0,0,0
CARRIER_D,2025-07-06 23:00,DONGSAN,40FT,0,0,0,0,0,0,0,0
CARRIER_D,2025-07-07 00:00,DONGSAN,40FT,0,0,0,0,0,0,0,0
CARRIER_D,2025-07-07 01:00,DONGSAN,40FT,0,0,0,0,0,0,0,0
CARRIER_D,2025-07-07 02:00,DONGSAN,40FT,0,0,0,0,0,0,0,0
CARRIER_D,2025-07-07 03:00,DONGSAN,40FT,0,0,0,0,0,0,0,0
CARRIER_D,2025-07-07 04:00,DONGSAN,40FT,0,0,0,0,0,0,0,0
CARRIER_D,2025-07-07 05:00,DONGSAN,40FT,0,0,0,0,0,0,0,0
CARRIER_D,2025-07-07 06:00,DONGSAN,40FT,0,0,0,0,0,0,0,0
CARRIER_D,2025-07-07 07:00,DONGSAN,40FT,0,0,0,0,0,0,0,0
CARRIER_D,2025-07-07 08:00,DONGSAN,40FT,0,0,0,0,0,0,0,0
CARRIER_D,2025-07-07 09:00,DONGSAN,40FT,0,0,0,0,0,0,0,0
CARRIER_D,2025-07-07 10:00,DONGSAN,40FT,0,0,0,0,0,0,0,0
CARRIER_D,2025-07-07 11:00,DONGSAN,40FT,0,0,0,0,0,0,0,0
CARRIER_D,2025-07-07 12:00,DONGSAN,40FT,0,0,0,0,0,0,0,0
CARRIER_D,2025-07-07 13:00,DONGSAN,40FT,0,0,0,0,0,0,0,0
CARRIER_D,2025-07-07 14:00,DONGSAN,40FT,0,1,0,0,1,1,0,0
CARRIER_D,2025-07-07 15:00,DONGSAN,40FT,0,0,0,0,1,1,0,0
CARRIER_D,2025-07-07 16:00,DONGSAN,40FT,0,0,0,0,1,1,0,0
CARRIER_D,2025-07-07 17:00,DONGSAN,40FT,0,0,0,0,1,1,0,0
CARRIER_D,2025-07-07 18:00,DONGSAN,40FT,0,0,0,0,1,1,0,0
CARRIER_D,2025-07-07 19:00,DONGSAN,40FT,0,0,0,0,1,1,0,0
CARRIER_D,2025-07-07 20:00,DONGSAN,40FT,0,0,0,0,1,1,0,0
CARRIER_D,2025-07-07 21:00,DONGSAN,40FT,0,0,0,0,1,1,0,0
CARRIER_D,2025-07-07 22:00,DONGSAN,40FT,0,0,0,0,1,1,0,0
CARRIER_D,2025-07-07 23:00,DONGSAN,40FT,0,0,0,0,1,1,0,0
CARRIER_D,2025-07-01 00:00,GWANGYANG,20FT,0,0,0,0,0,0,0,0
CARRIER_D,2025-07-01 01:00,GWANGYANG,20FT,0,0,0,0,0,0,0,0
CARRIER_D,2025-07-01 02:00,GWANGYANG,20FT,0,0,0,0,0,0,0,0
CARRIER_D,2025-07-01 03:00,GWANGYANG,20FT,0,0,0,0,0,0,0,0
CARRIER_D,2025-07-01 04:00,GWANGYANG,20FT,0,0,0,0,0,0,0,0
CARRIER_D,2025-07-01 05:00,GWANGYANG,20FT,0,0,0,0,0,0,0,0
CARRIER_D,2025-07-01 06:00,GWANGYANG,20FT,0,0,0,0,0,0,0,0
CARRIER_D,2025-07-01 07:00,GWANGYANG,20FT,0,0,0,0,0,0,0,0
CARRIER_D,2025-07-01 08:00,GWANGYANG,20FT,0,0,0,0,0,0,0,0
CARRIER_D,2025-07-01 09:00,GWANGYANG,20FT,0,0,0,0,0,0,0,0
CARRIER_D,2025-07-01 10:00,GWANGYANG,20FT,0,0,0,0,0,0,0,0
CARRIER_D,2025-07-01 11:00,GWANGYANG,20FT,0,0,0,0,0,0,0,0
CARRIER_D,2025-07-01 12:00,GWANGYANG,20FT,0,0,0,0,0,0,0,0
CARRIER_D,2025-07-01 13:00,GWANGYANG,20FT,0,0,0,0,0,0,0,0
CARRIER_D,2025-07-01 14:00,GWANGYANG,20FT,0,0,0,0,0,0,0,0
CARRIER_D,2025-07-01 15:00,GWANGYANG,20FT,0,0,0,0,0,0,0,0
CARRIER_D,2025-07-01 16:00,GWANGYANG,20FT,0,0,0,0,0,0,0,0
CARRIER_D,2025-07-01 17:00,GWANGYANG,20FT,0,0,0,0,0,0,0,0
CARRIER_D,2025-07-01 18:00,GWANGYANG,20FT,0,0,0,0,0,0,0,0
CARRIER_D,2025-07-01 19:00,GWANGYANG,20FT,0,0,0,0,0,0,0,0
CARRIER_D,2025-07-01 20:00,GWANGYANG,20FT,0,0,0,0,0,0,0,0
CARRIER_D,2025-07-01 21:00,GWANGYANG,20FT,0,0,0,0,0,0,0,0
CARRIER_D,2025-07-01 22:00,GWANGYANG,20FT,0,0,0,0,0,0,0,0
CARRIER_D,2025-07-01 23:00,GWANGYANG,20FT,0,0,0,0,0,0,0,0
CARRIER_D,2025-07-02 00:00,GWANGYANG,20FT,0,0,0,0,0,0,0,0
CARRIER_D,2025-07-02 01:00,GWANGYANG,20FT,0,0,0,0,0,0,0,0
CARRIER_D,2025-07-02 02:00,GWANGYANG,20FT,0,0,0,0,0,0,0,0
CARRIER_D,2025-07-02 03:00,GWANGYANG,20FT,0,0,0,0,0,0,0,0
CARRIER_D,2025-07-02 04:00,GWANGYANG,20FT,0,0,0,0,0,0,0,0
CARRIER_D,2025-07-02 05:00,GWANGYANG,20FT,0,0,0,0,0,0,0,0
CARRIER_D,2025-07-02 06:00,GWANGYANG,20FT,0,0,0,0,0,0,0,0
CARRIER_D,2025-07-02 07:00,GWANGYANG,20FT,0,0,0,0,0,0,0,0
CARRIER_D,2025-07-02 08:00,GWANGYANG,20FT,0,0,0,0,0,0,0,0
CARRIER_D,2025-07-02 09:00,GWANGYANG,20FT,0,0,0,0,0,0,0,0
CARRIER_D,2025-07-02 10:00,GWANGYANG,20FT,0,0,0,0,0,0,0,0
CARRIER_D,2025-07-02 11:00,GWANGYANG,20FT,0,0,0,0,0,0,0,0
CARRIER_D,2025-07-02 12:00,GWANGYANG,20FT,0,0,0,0,0,0,0,0
CARRIER_D,2025-07-02 13:00,GWANGYANG,20FT,0,0,0,0,0,0,0,0
CARRIER_D,2025-07-02 14:00,GWANGYANG,20FT,0,0,0,0,0,0,0,0
CARRIER_D,2025-07-02 15:00,GWANGYANG,20FT,0,0,0,0,0,0,0,0
CARRIER_D,2025-07-02 16:00,GWANGYANG,20FT,0,0,0,0,0,0,0,0
CARRIER_D,2025-07-02 17:00,GWANGYANG,20FT,0,0,0,0,0,0,0,0
CARRIER_D,2025-07-02 18:00,GWANGYANG,20FT,0,0,0,0,0,0,0,0
CARRIER_D,2025-07-02 19:00,GWANGYANG,20FT,0,0,0,0,0,0,0,0
CARRIER_D,2025-07-02 20:00,GWANGYANG,20FT,0,0,0,0,0,0,0,0
CARRIER_D,2025-07-02 21:00,GWANGYANG,20FT,0,0,0,0,0,0,0,0
CARRIER_D,2025-07-02 22:00,GWANGYANG,20FT,0,0,0,0,0,0,0,0
CARRIER_D,2025-07-02 23:00,GWANGYANG,20FT,0,0,0,0,0,0,0,0
CARRIER_D,2025-07-03 00:00,GWANGYANG,20FT,0,0,0,0,0,0,0,0
CARRIER_D,2025-07-03 01:00,GWANGYANG,20FT,0,0,0,0,0,0,0,0
CARRIER_D,2025-07-03 02:00,GWANGYANG,20FT,0,0,0,0,0,0,0,0
CARRIER_D,2025-07-03 03:00,GWANGYANG,20FT,0,0,0,0,0,0,0,0
CARRIER_D,2025-07-03 04:00,GWANGYANG,20FT,0,0,0,0,0,0,0,0
CARRIER_D,2025-07-03 05:00,GWANGYANG,20FT,0,0,0,0,0,0,0,0
CARRIER_D,2025-07-03 06:00,GWANGYANG,20FT,0,0,0,0,0,0,0,0
CARRIER_D,2025-07-03 07:00,GWANGYANG,20FT,0,0,0,0,0,0,0,0
CARRIER_D,2025-07-03 08:00,GWANGYANG,20FT,0,0,0,0,0,0,0,0
CARRIER_D,2025-07-03 09:00,GWANGYANG,20FT,0,0,0,0,0,0,0,0
CARRIER_D,2025-07-03 10:00,GWANGYANG,20FT,0,0,0,0,0,0,0,0
CARRIER_D,2025-07-03 11:00,GWANGYANG,20FT,0,0,0,0,0,0,0,0
CARRIER_D,2025-07-03 12:00,GWANGYANG,20FT,0,0,0,0,0,0,0,0
CARRIER_D,2025-07-03 13:00,GWANGYANG,20FT,0,0,0,0,0,0,0,0
CARRIER_D,2025-07-03 14:00,GWANGYANG,20FT,0,0,0,0,0,0,0,0
CARRIER_D,2025-07-03 15:00,GWANGYANG,20FT,0,0,0,0,0,0,0,0
CARRIER_D,2025-07-03 16:00,GWANGYANG,20FT,0,0,0,0,0,0,0,0
CARRIER_D,2025-07-03 17:00,GWANGYANG,20FT,0,0,0,0,0,0,0,0
CARRIER_D,2025-07-03 18:00,GWANGYANG,20FT,0,0,0,0,0,0,0,0
CARRIER_D,2025-07-03 19:00,GWANGYANG,20FT,0,0,0,0,0,0,0,0
CARRIER_D,2025-07-03 20:00,GWANGYANG,20FT,0,0,0,0,0,0,0,0
CARRIER_D,2025-07-03 21:00,GWANGYANG,20FT,0,0,0,0,0,0,0,0
CARRIER_D,2025-07-03 22:00,GWANGYANG,20FT,0,0,0,0,0,0,0,0
CARRIER_D,2025-07-03 23:00,GWANGYANG,20FT,0,0,0,0,0,0,0,0
CARRIER_D,2025-07-04 00:00,GWANGYANG,20FT,0,0,0,0,0,0,0,0
CARRIER_D,2025-07-04 01:00,GWANGYANG,20FT,0,0,0,0,0,0,0,0
CARRIER_D,2025-07-04 02:00,GWANGYANG,20FT,0,0,0,0,0,0,0,0
CARRIER_D,2025-07-04 03:00,GWANGYANG,20FT,0,0,0,0,0,0,0,0
CARRIER_D,2025-07-04 04:00,GWANGYANG,20FT,0,0,0,0,0,0,0,0
CARRIER_D,2025-07-04 05:00,GWANGYANG,20FT,0,0,0,0,0,0,0,0
CARRIER_D,2025-07-04 06:00,GWANGYANG,20FT,0,0,0,0,0,0,0,0
CARRIER_D,2025-07-04 07:00,GWANGYANG,20FT,0,0,0,0,0,0,0,0
CARRIER_D,2025-07-04 08:00,GWANGYANG,20FT,0,0,0,0,0,0,0,0
CARRIER_D,2025-07-04 09:00,GWANGYANG,20FT,0,0,0,0,0,0,0,0
CARRIER_D,2025-07-04 10:00,GWANGYANG,20FT,0,0,0,0,0,0,0,0
CARRIER_D,2025-07-04 11:00,GWANGYANG,20FT,0,0,0,0,0,0,0,0
CARRIER_D,2025-07-04 12:00,GWANGYANG,20FT,0,0,0,0,0,0,0,0
CARRIER_D,2025-07-04 13:00,GWANGYANG,20FT,0,0,0,0,0,0,0,0
CARRIER_D,2025-07-04 14:00,GWANGYANG,20FT,0,0,0,0,0,0,0,0
CARRIER_D,2025-07-04 15:00,GWANGYANG,20FT,0,0,0,0,0,0,0,0
CARRIER_D,2025-07-04 16:00,GWANGYANG,20FT,0,0,0,0,0,0,0,0
CARRIER_D,2025-07-04 17:00,GWANGYANG,20FT,0,0,0,0,0,0,0,0
CARRIER_D,2025-07-04 18:00,GWANGYANG,20FT,0,0,0,0,0,0,0,0
CARRIER_D,2025-07-04 19:00,GWANGYANG,20FT,0,0,0,0,0,0,0,0
CARRIER_D,2025-07-04 20:00,GWANGYANG,20FT,0,0,0,0,0,0,0,0
CARRIER_D,2025-07-04 21:00,GWANGYANG,20FT,0,0,0,0,0,0,0,0
CARRIER_D,2025-07-04 22:00,GWANGYANG,20FT,0,0,0,0,0,0,0,0
CARRIER_D,2025-07-04 23:00,GWANGYANG,20FT,0,0,0,0,0,0,0,0
CARRIER_D,2025-07-05 00:00,GWANGYANG,20FT,0,0,0,0,0,0,0,0
CARRIER_D,2025-07-05 01:00,GWANGYANG,20FT,0,0,0,0,0,0,0,0
CARRIER_D,2025-07-05 02:00,GWANGYANG,20FT,0,0,0,0,0,0,0,0
CARRIER_D,2025-07-05 03:00,GWANGYANG,20FT,0,0,0,0,0,0,0,0
CARRIER_D,2025-07-05 04:00,GWANGYANG,20FT,0,0,0,0,0,0,0,0
CARRIER_D,2025-07-05 05:00,GWANGYANG,20FT,0,0,0,0,0,0,0,0
CARRIER_D,2025-07-05 06:00,GWANGYANG,20FT,0,0,0,0,0,0,0,0
CARRIER_D,2025-07-05 07:00,GWANGYANG,20FT,0,0,0,0,0,0,0,0
CARRIER_D,2025-07-05 08:00,GWANGYANG,20FT,0,0,0,0,0,0,0,0
CARRIER_D,2025-07-05 09:00,GWANGYANG,20FT,0,0,0,0,0,0,0,0
CARRIER_D,2025-07-05 10:00,GWANGYANG,20FT,0,0,0,0,0,0,0,0
CARRIER_D,2025-07-05 11:00,GWANGYANG,20FT,0,0,0,0,0,0,0,0
CARRIER_D,2025-07-05 12:00,GWANGYANG,20FT,0,0,0,0,0,0,0,0
CARRIER_D,2025-07-05 13:00,GWANGYANG,20FT,0,0,0,0,0,0,0,0
CARRIER_D,2025-07-05 14:00,GWANGYANG,20FT,0,0,0,0,0,0,0,0
CARRIER_D,2025-07-05 15:00,GWANGYANG,20FT,0,0,0,0,0,0,0,0
CARRIER_D,2025-07-05 16:00,GWANGYANG,20FT,0,0,0,0,0,0,0,0
CARRIER_D,2025-07-05 17:00,GWANGYANG,20FT,0,0,0,0,0,0,0,0
CARRIER_D,2025-07-05 18:00,GWANGYANG,20FT,0,0,0,0,0,0,0,0
CARRIER_D,2025-07-05 19:00,GWANGYANG,20FT,0,0,0,0,0,0,0,0
CARRIER_D,2025-07-05 20:00,GWANGYANG,20FT,0,0,0,0,0,0,0,0
CARRIER_D,2025-07-05 21:00,GWANGYANG,20FT,0,0,0,0,0,0,0,0
CARRIER_D,2025-07-05 22:00,GWANGYANG,20FT,0,0,0,0,0,0,0,0
CARRIER_D,2025-07-05 23:00,GWANGYANG,20FT,0,0,0,0,0,0,0,0
CARRIER_D,2025-07-06 00:00,GWANGYANG,20FT,0,0,0,0,0,0,0,0
CARRIER_D,2025-07-06 01:00,GWANGYANG,20FT,0,0,0,0,0,0,0,0
CARRIER_D,2025-07-06 02:00,GWANGYANG,20FT,0,0,0,0,0,0,0,0
CARRIER_D,2025-07-06 03:00,GWANGYANG,20FT,0,0,0,0,0,0,0,0
CARRIER_D,2025-07-06 04:00,GWANGYANG,20FT,0,0,0,0,0,0,0,0
CARRIER_D,2025-07-06 05:00,GWANGYANG,20FT,0,0,0,0,0,0,0,0
CARRIER_D,2025-07-06 06:00,GWANGYANG,20FT,0,0,0,0,0,0,0,0
CARRIER_D,2025-07-06 07:00,GWANGYANG,20FT,0,0,0,0,0,0,0,0
CARRIER_D,2025-07-06 08:00,GWANGYANG,20FT,0,0,0,0,0,0,0,0
CARRIER_D,2025-07-06 09:00,GWANGYANG,20FT,0,0,0,0,0,0,0,0
CARRIER_D,2025-07-06 10:00,GWANGYANG,20FT,0,0,0,0,0,0,0,0
CARRIER_D,2025-07-06 11:00,GWANGYANG,20FT,0,0,0,0,0,0,0,0
CARRIER_D,2025-07-06 12:00,GWANGYANG,20FT,0,0,0,0,0,0,0,0
CARRIER_D,2025-07-06 13:00,GWANGYANG,20FT,0,0,0,0,0,0,0,0
CARRIER_D,2025-07-06 14:00,GWANGYANG,20FT,0,0,0,0,0,0,0,0
CARRIER_D,2025-07-06 15:00,GWANGYANG,20FT,0,0,0,0,0,0,0,0
CARRIER_D,2025-07-06 16:00,GWANGYANG,20FT,0,0,0,0,0,0,0,0
CARRIER_D,2025-07-06 17:00,GWANGYANG,20FT,0,0,0,0,0,0,0,0
CARRIER_D,2025-07-06 18:00,GWANGYANG,20FT,0,0,0,0,0,0,0,0
CARRIER_D,2025-07-06 19:00,GWANGYANG,20FT,0,0,0,0,0,0,0,0
CARRIER_D,2025-07-06 20:00,GWANGYANG,20FT,0,0,0,0,0,0,0,0
CARRIER_D,2025-07-06 21:00,GWANGYANG,20FT,0,0,0,0,0,0,0,0
CARRIER_D,2025-07-06 22:00,GWANGYANG,20FT,0,0,0,0,0,0,0,0
CARRIER_D,2025-07-06 23:00,GWANGYANG,20FT,0,0,0,0,0,0,0,0
CARRIER_D,2025-07-07 00:00,GWANGYANG,20FT,0,0,0,0,0,0,0,0
CARRIER_D,2025-07-07 01:00,GWANGYANG,20FT,0,0,0,0,0,0,0,0
CARRIER_D,2025-07-07 02:00,GWANGYANG,20FT,0,0,0,0,0,0,0,0
CARRIER_D,2025-07-07 03:00,GWANGYANG,20FT,0,0,0,0,0,0,0,0
CARRIER_D,2025-07-07 04:00,GWANGYANG,20FT,0,0,0,0,0,0,0,0
CARRIER_D,2025-07-07 05:00,GWANGYANG,20FT,0,0,0,0,0,0,0,0
CARRIER_D,2025-07-07 06:00,GWANGYANG,20FT,0,0,0,0,0,0,0,0
CARRIER_D,2025-07-07 07:00,GWANGYANG,20FT,0,0,0,0,0,0,0,0
CARRIER_D,2025-07-07 08:00,GWANGYANG,20FT,0,0,0,0,0,0,0,0
CARRIER_D,2025-07-07 09:00,GWANGYANG,20FT,0,0,0,0,0,0,0,0
CARRIER_D,2025-07-07 10:00,GWANGYANG,20FT,0,0,0,0,0,0,0,0
CARRIER_D,2025-07-07 11:00,GWANGYANG,20FT,0,0,0,0,0,0,0,0
CARRIER_D,2025-07-07 12:00,GWANGYANG,20FT,0,0,0,0,0,0,0,0
CARRIER_D,2025-07-07 13:00,GWANGYANG,20FT,0,0,0,0,0,0,0,0
CARRIER_D,2025-07-07 14:00,GWANGYANG,20FT,0,0,0,0,0,0,0,0
CARRIER_D,2025-07-07 15:00,GWANGYANG,20FT,0,0,0,0,0,0,0,0
CARRIER_D,2025-07-07 16:00,GWANGYANG,20FT,0,0,0,0,0,0,0,0
CARRIER_D,2025-07-07 17:00,GWANGYANG,20FT,0,0,0,0,0,0,0,0
CARRIER_D,2025-07-07 18:00,GWANGYANG,20FT,0,0,0,0,0,0,0,0
CARRIER_D,2025-07-07 19:00,GWANGYANG,20FT,0,0,0,0,0,0,0,0
CARRIER_D,2025-07-07 20:00,GWANGYANG,20FT,0,0,0,0,0,0,0,0
CARRIER_D,2025-07-07 21:00,GWANGYANG,20FT,0,0,0,0,0,0,0,0
CARRIER_D,2025-07-07 22:00,GWANGYANG,20FT,0,0,0,0,0,0,0,0
CARRIER_D,2025-07-07 23:00,GWANGYANG,20FT,0,0,0,0,0,0,0,0
CARRIER_D,2025-07-01 00:00,GWANGYANG,40FT,0,0,0,0,1,1,0,0
CARRIER_D,2025-07-01 01:00,GWANGYANG,40FT,0,0,0,0,1,1,0,0
CARRIER_D,2025-07-01 02:00,GWANGYANG,40FT,0,0,0,0,1,1,0,0
CARRIER_D,2025-07-01 03:00,GWANGYANG,40FT,0,0,0,0,1,1,0,0
CARRIER_D,2025-07-01 04:00,GWANGYANG,40FT,0,0,0,0,1,1,0,0
CARRIER_D,2025-07-01 05:00,GWANGYANG,40FT,0,0,0,0,1,1,0,0
CARRIER_D,2025-07-01 06:00,GWANGYANG,40FT,0,0,0,0,1,1,0,0
CARRIER_D,2025-07-01 07:00,GWANGYANG,40FT,0,0,0,0,1,1,0,0
CARRIER_D,2025-07-01 08:00,GWANGYANG,40FT,0,0,0,0,1,1,0,0
CARRIER_D,2025-07-01 09:00,GWANGYANG,40FT,0,0,0,0,1,1,0,0
CARRIER_D,2025-07-01 10:00,GWANGYANG,40FT,0,0,0,0,1,1,0,0
CARRIER_D,2025-07-01 11:00,GWANGYANG,40FT,0,0,0,0,1,1,0,0
CARRIER_D,2025-07-01 12:00,GWANGYANG,40FT,0,0,0,0,1,1,0,0
CARRIER_D,2025-07-01 13:00,GWANGYANG,40FT,0,0,0,0,1,1,0,0
CARRIER_D,2025-07-01 14:00,GWANGYANG,40FT,0,0,0,0,1,1,0,0
CARRIER_D,2025-07-01 15:00,GWANGYANG,40FT,0,0,0,0,1,1,0,0
CARRIER_D,2025-07-01 16:00,GWANGYANG,40FT,0,0,0,0,1,1,0,0
CARRIER_D,2025-07-01 17:00,GWANGYANG,40FT,0,0,0,0,1,1,0,0
CARRIER_D,2025-07-01 18:00,GWANGYANG,40FT,0,0,0,0,1,1,0,0
CARRIER_D,2025-07-01 19:00,GWANGYANG,40FT,0,0,0,0,1,1,0,0
CARRIER_D,2025-07-01 20:00,GWANGYANG,40FT,0,0,0,0,1,1,0,0
CARRIER_D,2025-07-01 21:00,GWANGYANG,40FT,0,0,0,0,1,1,0,0
CARRIER_D,2025-07-01 22:00,GWANGYANG,40FT,0,0,0,0,1,1,0,0
CARRIER_D,2025-07-01 23:00,GWANGYANG,40FT,0,0,0,0,1,1,0,0
CARRIER_D,2025-07-02 00:00,GWANGYANG,40FT,0,0,0,0,1,1,0,0
CARRIER_D,2025-07-02 01:00,GWANGYANG,40FT,0,0,0,0,1,1,0,0
CARRIER_D,2025-07-02 02:00,GWANGYANG,40FT,0,0,0,0,1,1,0,0
CARRIER_D,2025-07-02 03:00,GWANGYANG,40FT,0,0,0,0,1,1,0,0
CARRIER_D,2025-07-02 04:00,GWANGYANG,40FT,0,0,0,0,1,1,0,0
CARRIER_D,2025-07-02 05:00,GWANGYANG,40FT,0,0,0,0,1,1,0,0
CARRIER_D,2025-07-02 06:00,GWANGYANG,40FT,1,0,0,0,0,0,0,0
CARRIER_D,2025-07-02 07:00,GWANGYANG,40FT,1,0,0,0,0,0,1,1
CARRIER_D,2025-07-02 08:00,GWANGYANG,40FT,0,0,0,0,0,0,0,0
CARRIER_D,2025-07-02 09:00,GWANGYANG,40FT,0,0,0,0,0,0,0,0
CARRIER_D,2025-07-02 10:00,GWANGYANG,40FT,0,0,0,0,0,0,0,0
CARRIER_D,2025-07-02 11:00,GWANGYANG,40FT,0,0,0,0,0,0,0,0
CARRIER_D,2025-07-02 12:00,GWANGYANG,40FT,0,0,0,0,0,0,0,0
CARRIER_D,2025-07-02 13:00,GWANGYANG,40FT,0,0,0,0,0,0,0,0
CARRIER_D,2025-07-02 14:00,GWANGYANG,40FT,0,0,0,0,0,0,0,0
CARRIER_D,2025-07-02 15:00,GWANGYANG,40FT,1,0,0,0,0,0,1,1
CARRIER_D,2025-07-02 16:00,GWANGYANG,40FT,1,0,0,0,0,0,1,1
CARRIER_D,2025-07-02 17:00,GWANGYANG,40FT,0,0,0,0,0,0,0,0
CARRIER_D,2025-07-02 18:00,GWANGYANG,40FT,0,0,0,0,0,0,0,0
CARRIER_D,2025-07-02 19:00,GWANGYANG,40FT,0,0,0,0,0,0,0,0
CARRIER_D,2025-07-02 20:00,GWANGYANG,40FT,0,0,0,0,0,0,0,0
CARRIER_D,2025-07-02 21:00,GWANGYANG,40FT,0,0,0,0,0,0,0,0
CARRIER_D,2025-07-02 22:00,GWANGYANG,40FT,0,0,0,0,0,0,0,0
CARRIER_D,2025-07-02 23:00,GWANGYANG,40FT,0,0,0,0,0,0,0,0
CARRIER_D,2025-07-03 00:00,GWANGYANG,40FT,0,0,0,0,0,0,0,0
CARRIER_D,2025-07-03 01:00,GWANGYANG,40FT,0,0,0,0,0,0,0,0
CARRIER_D,2025-07-03 02:00,GWANGYANG,40FT,0,0,0,0,0,0,0,0
CARRIER_D,2025-07-03 03:00,GWANGYANG,40FT,0,0,0,0,0,0,0,0
CARRIER_D,2025-07-03 04:00,GWANGYANG,40FT,0,0,0,0,0,0,0,0
CARRIER_D,2025-07-03 05:00,GWANGYANG,40FT,0,0,0,0,0,0,0,0
CARRIER_D,2025-07-03 06:00,GWANGYANG,40FT,1,0,0,0,0,0,1,1
CARRIER_D,2025-07-03 07:00,GWANGYANG,40FT,0,0,0,0,0,0,0,0
CARRIER_D,2025-07-03 08:00,GWANGYANG,40FT,0,1,0,0,1,1,0,0
CARRIER_D,2025-07-03 09:00,GWANGYANG,40FT,0,0,0,0,1,1,0,0
CARRIER_D,2025-07-03 10:00,GWANGYANG,40FT,0,0,0,0,1,1,0,0
CARRIER_D,2025-07-03 11:00,GWANGYANG,40FT,1,0,0,0,0,0,0,0
CARRIER_D,2025-07-03 12:00,GWANGYANG,40FT,0,1,0,0,1,1,0,0
CARRIER_D,2025-07-03 13:00,GWANGYANG,40FT,0,0,0,0,1,1,0,0
CARRIER_D,2025-07-03 14:00,GWANGYANG,40FT,0,0,0,0,1,1,0,0
CARRIER_D,2025-07-03 15:00,GWANGYANG,40FT,1,0,0,0,0,0,0,0
CARRIER_D,2025-07-03 16:00,GWANGYANG,40FT,0,0,0,0,0,0,0,0
CARRIER_D,2025-07-03 17:00,GWANGYANG,40FT,0,0,0,0,0,0,0,0
CARRIER_D,2025-07-03 18:00,GWANGYANG,40FT,0,0,0,0,0,0,0,0
CARRIER_D,2025-07-03 19:00,GWANGYANG,40FT,0,0,0,0,0,0,0,0
CARRIER_D,2025-07-03 20:00,GWANGYANG,40FT,0,0,0,0,0,0,0,0
CARRIER_D,2025-07-03 21:00,GWANGYANG,40FT,0,0,0,0,0,0,0,0
CARRIER_D,2025-07-03 22:00,GWANGYANG,40FT,0,0,0,0,0,0,0,0
CARRIER_D,2025-07-03 23:00,GWANGYANG,40FT,0,0,0,0,0,0,0,0
CARRIER_D,2025-07-04 00:00,GWANGYANG,40FT,0,0,0,0,0,0,0,0
CARRIER_D,2025-07-04 01:00,GWANGYANG,40FT,0,0,0,0,0,0,0,0
CARRIER_D,2025-07-04 02:00,GWANGYANG,40FT,0,0,0,0,0,0,0,0
CARRIER_D,2025-07-04 03:00,GWANGYANG,40FT,0,0,0,0,0,0,0,0
CARRIER_D,2025-07-04 04:00,GWANGYANG,40FT,0,0,0,0,0,0,0,0
CARRIER_D,2025-07-04 05:00,GWANGYANG,40FT,0,0,0,0,0,0,0,0
CARRIER_D,2025-07-04 06:00,GWANGYANG,40FT,0,0,0,0,0,0,0,0
CARRIER_D,2025-07-04 07:00,GWANGYANG,40FT,0,0,0,0,0,0,0,0
CARRIER_D,2025-07-04 08:00,GWANGYANG,40FT,0,0,0,0,0,0,0,0
CARRIER_D,2025-07-04 09:00,GWANGYANG,40FT,0,0,5,0,0,5,0,0
CARRIER_D,2025-07-04 10:00,GWANGYANG,40FT,0,0,0,0,0,5,0,0
CARRIER_D,2025-07-04 11:00,GWANGYANG,40FT,0,0,0,0,0,5,0,0
CARRIER_D,2025-07-04 12:00,GWANGYANG,40FT,0,0,0,0,0,5,0,0
CARRIER_D,2025-07-04 13:00,GWANGYANG,40FT,0,0,0,0,0,5,0,0
CARRIER_D,2025-07-04 14:00,GWANGYANG,40FT,1,0,0,0,0,4,1,0
CARRIER_D,2025-07-04 15:00,GWANGYANG,40FT,0,0,0,0,0,4,0,0
CARRIER_D,2025-07-04 16:00,GWANGYANG,40FT,0,0,0,0,0,4,0,0
CARRIER_D,2025-07-04 17:00,GWANGYANG,40FT,0,0,0,0,0,4,0,0
CARRIER_D,2025-07-04 18:00,GWANGYANG,40FT,0,0,0,0,0,4,0,0
CARRIER_D,2025-07-04 19:00,GWANGYANG,40FT,0,0,0,0,0,4,0,0
CARRIER_D,2025-07-04 20:00,GWANGYANG,40FT,0,0,0,0,0,4,0,0
CARRIER_D,2025-07-04 21:00,GWANGYANG,40FT,0,0,0,0,0,4,0,0
CARRIER_D,2025-07-04 22:00,GWANGYANG,40FT,0,0,0,0,0,4,0,0
CARRIER_D,2025-07-04 23:00,GWANGYANG,40FT,0,0,0,0,0,4,0,0
CARRIER_D,2025-07-05 00:00,GWANGYANG,40FT,0,0,0,0,0,4,0,0
CARRIER_D,2025-07-05 01:00,GWANGYANG,40FT,0,0,0,0,0,4,0,0
CARRIER_D,2025-07-05 02:00,GWANGYANG,40FT,0,0,0,0,0,4,0,0
CARRIER_D,2025-07-05 03:00,GWANGYANG,40FT,0,0,0,0,0,4,0,0
CARRIER_D,2025-07-05 04:00,GWANGYANG,40FT,0,0,0,0,0,4,0,0
CARRIER_D,2025-07-05 05:00,GWANGYANG,40FT,0,0,0,0,0,4,0,0
CARRIER_D,2025-07-05 06:00,GWANGYANG,40FT,0,0,0,0,0,4,0,0
CARRIER_D,2025-07-05 07:00,GWANGYANG,40FT,0,0,0,0,0,4,0,0
CARRIER_D,2025-07-05 08:00,GWANGYANG,40FT,0,0,0,0,0,4,0,0
CARRIER_D,2025-07-05 09:00,GWANGYANG,40FT,0,0,0,0,0,4,0,0
CARRIER_D,2025-07-05 10:00,GWANGYANG,40FT,0,0,0,0,0,4,0,0
CARRIER_D,2025-07-05 11:00,GWANGYANG,40FT,0,0,0,0,0,4,0,0
CARRIER_D,2025-07-05 12:00,GWANGYANG,40FT,1,0,0,0,0,3,1,0
CARRIER_D,2025-07-05 13:00,GWANGYANG,40FT,1,0,0,0,0,2,1,0
CARRIER_D,2025-07-05 14:00,GWANGYANG,40FT,0,0,0,0,0,2,0,0
CARRIER_D,2025-07-05 15:00,GWANGYANG,40FT,0,0,0,0,0,2,0,0
CARRIER_D,2025-07-05 16:00,GWANGYANG,40FT,0,0,0,0,0,2,0,0
CARRIER_D,2025-07-05 17:00,GWANGYANG,40FT,1,0,0,0,0,1,1,0
CARRIER_D,2025-07-05 18:00,GWANGYANG,40FT,0,0,0,0,0,1,0,0
CARRIER_D,2025-07-05 19:00,GWANGYANG,40FT,0,0,0,0,0,1,0,0
CARRIER_D,2025-07-05 20:00,GWANGYANG,40FT,0,0,0,0,0,1,0,0
CARRIER_D,2025-07-05 21:00,GWANGYANG,40FT,0,0,0,0,0,1,0,0
CARRIER_D,2025-07-05 22:00,GWANGYANG,40FT,0,0,0,0,0,1,0,0
CARRIER_D,2025-07-05 23:00,GWANGYANG,40FT,0,0,0,0,0,1,0,0
CARRIER_D,2025-07-06 00:00,GWANGYANG,40FT,0,0,0,0,0,1,0,0
CARRIER_D,2025-07-06 01:00,GWANGYANG,40FT,0,0,0,0,0,1,0,0
CARRIER_D,2025-07-06 02:00,GWANGYANG,40FT,0,0,0,0,0,1,0,0
CARRIER_D,2025-07-06 03:00,GWANGYANG,40FT,0,0,0,0,0,1,0,0
CARRIER_D,2025-07-06 04:00,GWANGYANG,40FT,0,0,0,0,0,1,0,0
CARRIER_D,2025-07-06 05:00,GWANGYANG,40FT,0,0,0,0,0,1,0,0
CARRIER_D,2025-07-06 06:00,GWANGYANG,40FT,0,0,0,0,0,1,0,0
CARRIER_D,2025-07-06 07:00,GWANGYANG,40FT,0,0,0,0,0,1,0,0
CARRIER_D,2025-07-06 08:00,GWANGYANG,40FT,0,0,0,0,0,1,0,0
CARRIER_D,2025-07-06 09:00,GWANGYANG,40FT,0,0,0,0,0,1,0,0
CARRIER_D,2025-07-06 10:00,GWANGYANG,40FT,0,0,0,0,0,1,0,0
CARRIER_D,2025-07-06 11:00,GWANGYANG,40FT,1,0,0,0,0,0,1,0
CARRIER_D,2025-07-06 12:00,GWANGYANG,40FT,0,0,0,0,0,0,0,0
CARRIER_D,2025-07-06 13:00,GWANGYANG,40FT,0,0,0,0,0,0,0,0
CARRIER_D,2025-07-06 14:00,GWANGYANG,40FT,0,0,0,0,0,0,0,0
CARRIER_D,2025-07-06 15:00,GWANGYANG,40FT,0,0,0,0,0,0,0,0
CARRIER_D,2025-07-06 16:00,GWANGYANG,40FT,0,0,0,0,0,0,0,0
CARRIER_D,2025-07-06 17:00,GWANGYANG,40FT,0,0,0,0,0,0,0,0
CARRIER_D,2025-07-06 18:00,GWANGYANG,40FT,0,0,0,0,0,0,0,0
CARRIER_D,2025-07-06 19:00,GWANGYANG,40FT,0,0,0,0,0,0,0,0
CARRIER_D,2025-07-06 20:00,GWANGYANG,40FT,0,0,0,0,0,0,0,0
CARRIER_D,2025-07-06 21:00,GWANGYANG,40FT,0,0,0,0,0,0,0,0
CARRIER_D,2025-07-06 22:00,GWANGYANG,40FT,0,0,0,0,0,0,0,0
CARRIER_D,2025-07-06 23:00,GWANGYANG,40FT,0,0,0,0,0,0,0,0
CARRIER_D,2025-07-07 00:00,GWANGYANG,40FT,0,0,0,0,0,0,0,0
CARRIER_D,2025-07-07 01:00,GWANGYANG,40FT,0,0,0,0,0,0,0,0
CARRIER_D,2025-07-07 02:00,GWANGYANG,40FT,0,0,0,0,0,0,0,0
CARRIER_D,2025-07-07 03:00,GWANGYANG,40FT,0,0,0,0,0,0,0,0
CARRIER_D,2025-07-07 04:00,GWANGYANG,40FT,0,0,0,0,0,0,0,0
CARRIER_D,2025-07-07 05:00,GWANGYANG,40FT,0,0,0,0,0,0,0,0
CARRIER_D,2025-07-07 06:00,GWANGYANG,40FT,0,0,0,0,0,0,0,0
CARRIER_D,2025-07-07 07:00,GWANGYANG,40FT,0,0,0,0,0,0,0,0
CARRIER_D,2025-07-07 08:00,GWANGYANG,40FT,0,0,0,0,0,0,0,0
CARRIER_D,2025-07-07 09:00,GWANGYANG,40FT,0,0,0,0,0,0,0,0
CARRIER_D,2025-07-07 10:00,GWANGYANG,40FT,0,0,0,0,0,0,0,0
CARRIER_D,2025-07-07 11:00,GWANGYANG,40FT,0,0,0,0,0,0,0,0
CARRIER_D,2025-07-07 12:00,GWANGYANG,40FT,0,0,0,0,0,0,0,0
CARRIER_D,2025-07-07 13:00,GWANGYANG,40FT,0,0,0,0,0,0,0,0
CARRIER_D,2025-07-07 14:00,GWANGYANG,40FT,0,0,0,0,0,0,0,0
CARRIER_D,2025-07-07 15:00,GWANGYANG,40FT,1,0,0,0,0,0,1,1
CARRIER_D,2025-07-07 16:00,GWANGYANG,40FT,0,0,0,0,0,0,0,0
CARRIER_D,2025-07-07 17:00,GWANGYANG,40FT,0,0,0,0,0,0,0,0
CARRIER_D,2025-07-07 18:00,GWANGYANG,40FT,0,0,0,0,0,0,0,0
CARRIER_D,2025-07-07 19:00,GWANGYANG,40FT,0,0,0,0,0,0,0,0
CARRIER_D,2025-07-07 20:00,GWANGYANG,40FT,0,0,0,0,0,0,0,0
CARRIER_D,2025-07-07 21:00,GWANGYANG,40FT,0,0,0,0,0,0,0,0
CARRIER_D,2025-07-07 22:00,GWANGYANG,40FT,0,0,0,0,0,0,0,0
CARRIER_D,2025-07-07 23:00,GWANGYANG,40FT,0,0,0,0,0,0,0,0
CARRIER_D,2025-07-01 00:00,UIWANG,20FT,0,0,0,0,14,14,0,0
CARRIER_D,2025-07-01 01:00,UIWANG,20FT,0,0,0,0,14,14,0,0
CARRIER_D,2025-07-01 02:00,UIWANG,20FT,0,0,0,0,14,14,0,0
CARRIER_D,2025-07-01 03:00,UIWANG,20FT,0,0,0,0,14,14,0,0
CARRIER_D,2025-07-01 04:00,UIWANG,20FT,0,0,0,0,14,14,0,0
CARRIER_D,2025-07-01 05:00,UIWANG,20FT,0,0,0,0,14,14,0,0
CARRIER_D,2025-07-01 06:00,UIWANG,20FT,0,0,0,0,14,14,0,0
CARRIER_D,2025-07-01 07:00,UIWANG,20FT,0,0,0,0,14,14,0,0
CARRIER_D,2025-07-01 08:00,UIWANG,20FT,0,0,0,0,14,14,0,0
CARRIER_D,2025-07-01 09:00,UIWANG,20FT,0,0,0,0,14,14,0,0
CARRIER_D,2025-07-01 10:00,UIWANG,20FT,1,0,0,0,13,13,0,0
CARRIER_D,2025-07-01 11:00,UIWANG,20FT,1,0,0,0,12,12,0,0
CARRIER_D,2025-07-01 12:00,UIWANG,20FT,0,0,0,0,12,12,0,0
CARRIER_D,2025-07-01 13:00,UIWANG,20FT,2,1,0,0,11,11,0,0
CARRIER_D,2025-07-01 14:00,UIWANG,20FT,0,4,0,0,15,15,0,0
CARRIER_D,2025-07-01 15:00,UIWANG,20FT,3,1,0,0,13,13,0,0
CARRIER_D,2025-07-01 16:00,UIWANG,20FT,0,1,0,0,14,14,0,0
CARRIER_D,2025-07-01 17:00,UIWANG,20FT,0,0,0,0,14,14,0,0
CARRIER_D,2025-07-01 18:00,UIWANG,20FT,0,0,0,0,14,14,0,0
CARRIER_D,2025-07-01 19:00,UIWANG,20FT,0,0,0,0,14,14,0,0
CARRIER_D,2025-07-01 20:00,UIWANG,20FT,0,0,0,0,14,14,0,0
CARRIER_D,2025-07-01 21:00,UIWANG,20FT,0,0,0,0,14,14,0,0
CARRIER_D,2025-07-01 22:00,UIWANG,20FT,0,0,0,0,14,14,0,0
CARRIER_D,2025-07-01 23:00,UIWANG,20FT,0,0,0,0,14,14,0,0
CARRIER_D,2025-07-02 00:00,UIWANG,20FT,0,0,0,0,14,14,0,0
CARRIER_D,2025-07-02 01:00,UIWANG,20FT,0,0,0,0,14,14,0,0
CARRIER_D,2025-07-02 02:00,UIWANG,20FT,0,0,0,0,14,14,0,0
CARRIER_D,2025-07-02 03:00,UIWANG,20FT,0,0,0,0,14,14,0,0
CARRIER_D,2025-07-02 04:00,UIWANG,20FT,0,0,0,0,14,14,0,0
CARRIER_D,2025-07-02 05:00,UIWANG,20FT,0,0,0,0,14,14,0,0
CARRIER_D,2025-07-02 06:00,UIWANG,20FT,0,0,0,0,14,14,0,0
CARRIER_D,2025-07-02 07:00,UIWANG,20FT,2,0,0,0,12,12,0,0
CARRIER_D,2025-07-02 08:00,UIWANG,20FT,0,0,0,0,12,12,0,0
CARRIER_D,2025-07-02 09:00,UIWANG,20FT,1,0,0,0,11,11,0,0
CARRIER_D,2025-07-02 10:00,UIWANG,20FT,0,1,0,0,12,12,0,0
CARRIER_D,2025-07-02 11:00,UIWANG,20FT,0,1,0,0,13,13,0,0
CARRIER_D,2025-07-02 12:00,UIWANG,20FT,0,0,0,0,13,13,0,0
CARRIER_D,2025-07-02 13:00,UIWANG,20FT,0,0,0,0,13,13,0,0
CARRIER_D,2025-07-02 14:00,UIWANG,20FT,0,1,0,0,14,14,0,0
CARRIER_D,2025-07-02 15:00,UIWANG,20FT,0,1,0,0,15,15,0,0
CARRIER_D,2025-07-02 16:00,UIWANG,20FT,0,0,0,0,15,15,0,0
CARRIER_D,2025-07-02 17:00,UIWANG,20FT,2,0,0,0,13,13,0,0
CARRIER_D,2025-07-02 18:00,UIWANG,20FT,1,0,0,0,12,12,0,0
CARRIER_D,2025-07-02 19:00,UIWANG,20FT,0,0,0,0,12,12,0,0
CARRIER_D,2025-07-02 20:00,UIWANG,20FT,0,0,0,0,12,12,0,0
CARRIER_D,2025-07-02 21:00,UIWANG,20FT,0,0,0,0,12,12,0,0
CARRIER_D,2025-07-02 22:00,UIWANG,20FT,0,1,0,0,13,13,0,0
CARRIER_D,2025-07-02 23:00,UIWANG,20FT,0,0,0,0,13,13,0,0
CARRIER_D,2025-07-03 00:00,UIWANG,20FT,0,0,0,0,13,13,0,0
CARRIER_D,2025-07-03 01:00,UIWANG,20FT,0,0,0,0,13,13,0,0
CARRIER_D,2025-07-03 02:00,UIWANG,20FT,0,0,0,0,13,13,0,0
CARRIER_D,2025-07-03 03:00,UIWANG,20FT,0,0,0,0,13,13,0,0
CARRIER_D,2025-07-03 04:00,UIWANG,20FT,0,0,0,0,13,13,0,0
CARRIER_D,2025-07-03 05:00,UIWANG,20FT,0,0,0,0,13,13,0,0
CARRIER_D,2025-07-03 06:00,UIWANG,20FT,0,0,0,0,13,13,0,0
CARRIER_D,2025-07-03 07:00,UIWANG,20FT,0,0,0,0,13,13,0,0
CARRIER_D,2025-07-03 08:00,UIWANG,20FT,0,0,0,0,13,13,0,0
CARRIER_D,2025-07-03 09:00,UIWANG,20FT,1,0,0,0,12,12,0,0
CARRIER_D,2025-07-03 10:00,UIWANG,20FT,0,1,0,0,13,13,0,0
CARRIER_D,2025-07-03 11:00,UIWANG,20FT,1,1,0,0,13,13,0,0
CARRIER_D,2025-07-03 12:00,UIWANG,20FT,0,1,0,0,14,14,0,0
CARRIER_D,2025-07-03 13:00,UIWANG,20FT,2,0,0,0,12,12,0,0
CARRIER_D,2025-07-03 14:00,UIWANG,20FT,0,0,0,0,12,12,0,0
CARRIER_D,2025-07-03 15:00,UIWANG,20FT,1,0,0,0,11,11,0,0
CARRIER_D,2025-07-03 16:00,UIWANG,20FT,0,0,0,0,11,11,0,0
CARRIER_D,2025-07-03 17:00,UIWANG,20FT,0,0,0,0,11,11,0,0
CARRIER_D,2025-07-03 18:00,UIWANG,20FT,0,0,0,0,11,11,0,0
CARRIER_D,2025-07-03 19:00,UIWANG,20FT,0,1,0,0,12,12,0,0
CARRIER_D,2025-07-03 20:00,UIWANG,20FT,0,1,0,0,13,13,0,0
CARRIER_D,2025-07-03 21:00,UIWANG,20FT,0,0,0,0,13,13,0,0
CARRIER_D,2025-07-03 22:00,UIWANG,20FT,0,0,0,0,13,13,0,0
CARRIER_D,2025-07-03 23:00,UIWANG,20FT,0,0,0,0,13,13,0,0
CARRIER_D,2025-07-04 00:00,UIWANG,20FT,0,0,0,0,13,13,0,0
CARRIER_D,2025-07-04 01:00,UIWANG,20FT,0,0,0,0,13,13,0,0
CARRIER_D,2025-07-04 02:00,UIWANG,20FT,0,0,0,0,13,13,0,0
CARRIER_D,2025-07-04 03:00,UIWANG,20FT,0,0,0,0,13,13,0,0
CARRIER_D,2025-07-04 04:00,UIWANG,20FT,0,0,0,0,13,13,0,0
CARRIER_D,2025-07-04 05:00,UIWANG,20FT,0,0,0,0,13,13,0,0
CARRIER_D,2025-07-04 06:00,UIWANG,20FT,0,0,0,0,13,13,0,0
CARRIER_D,2025-07-04 07:00,UIWANG,20FT,0,0,0,0,13,13,0,0
CARRIER_D,2025-07-04 08:00,UIWANG,20FT,0,0,0,0,13,13,0,0
CARRIER_D,2025-07-04 09:00,UIWANG,20FT,0,0,0,0,13,13,0,0
CARRIER_D,2025-07-04 10:00,UIWANG,20FT,1,1,0,0,13,13,0,0
CARRIER_D,2025-07-04 11:00,UIWANG,20FT,1,1,0,0,13,13,0,0
CARRIER_D,2025-07-04 12:00,UIWANG,20FT,0,2,0,0,15,15,0,0
CARRIER_D,2025-07-04 13:00,UIWANG,20FT,1,0,0,0,14,14,0,0
CARRIER_D,2025-07-04 14:00,UIWANG,20FT,2,0,0,0,12,12,0,0
CARRIER_D,2025-07-04 15:00,UIWANG,20FT,1,0,0,0,11,11,0,0
CARRIER_D,2025-07-04 16:00,UIWANG,20FT,0,0,0,0,11,11,0,0
CARRIER_D,2025-07-04 17:00,UIWANG,20FT,0,3,0,0,14,14,0,0
CARRIER_D,2025-07-04 18:00,UIWANG,20FT,0,0,0,0,14,14,0,0
CARRIER_D,2025-07-04 19:00,UIWANG,20FT,0,0,0,0,14,14,0,0
CARRIER_D,2025-07-04 20:00,UIWANG,20FT,0,0,0,0,14,14,0,0
CARRIER_D,2025-07-04 21:00,UIWANG,20FT,0,0,0,0,14,14,0,0
CARRIER_D,2025-07-04 22:00,UIWANG,20FT,0,0,0,0,14,14,0,0
CARRIER_D,2025-07-04 23:00,UIWANG,20FT,0,0,0,0,14,14,0,0
CARRIER_D,2025-07-05 00:00,UIWANG,20FT,0,0,0,0,14,14,0,0
CARRIER_D,2025-07-05 01:00,UIWANG,20FT,0,0,0,0,14,14,0,0
CARRIER_D,2025-07-05 02:00,UIWANG,20FT,0,0,0,0,14,14,0,0
CARRIER_D,2025-07-05 03:00,UIWANG,20FT,0,0,0,0,14,14,0,0
CARRIER_D,2025-07-05 04:00,UIWANG,20FT,0,0,0,0,14,14,0,0
CARRIER_D,2025-07-05 05:00,UIWANG,20FT,1,0,0,0,13,13,0,0
CARRIER_D,2025-07-05 06:00,UIWANG,20FT,0,0,0,0,13,13,0,0
CARRIER_D,2025-07-05 07:00,UIWANG,20FT,0,0,0,0,13,13,0,0
CARRIER_D,2025-07-05 08:00,UIWANG,20FT,0,0,0,0,13,13,0,0
CARRIER_D,2025-07-05 09:00,UIWANG,20FT,0,0,0,0,13,13,0,0
CARRIER_D,2025-07-05 10:00,UIWANG,20FT,0,0,0,0,13,13,0,0
CARRIER_D,2025-07-05 11:00,UIWANG,20FT,0,0,0,0,13,13,0,0
CARRIER_D,2025-07-05 12:00,UIWANG,20FT,1,0,0,0,12,12,0,0
CARRIER_D,2025-07-05 13:00,UIWANG,20FT,0,1,0,0,13,13,0,0
CARRIER_D,2025-07-05 14:00,UIWANG,20FT,0,1,0,0,14,14,0,0
CARRIER_D,2025-07-05 15:00,UIWANG,20FT,0,0,0,0,14,14,0,0
CARRIER_D,2025-07-05 16:00,UIWANG,20FT,0,0,0,0,14,14,0,0
CARRIER_D,2025-07-05 17:00,UIWANG,20FT,0,0,0,0,14,14,0,0
CARRIER_D,2025-07-05 18:00,UIWANG,20FT,0,0,0,0,14,14,0,0
CARRIER_D,2025-07-05 19:00,UIWANG,20FT,0,2,0,0,16,16,0,0
CARRIER_D,2025-07-05 20:00,UIWANG,20FT,0,0,0,0,16,16,0,0
CARRIER_D,2025-07-05 21:00,UIWANG,20FT,0,0,0,0,16,16,0,0
CARRIER_D,2025-07-05 22:00,UIWANG,20FT,0,0,0,0,16,16,0,0
CARRIER_D,2025-07-05 23:00,UIWANG,20FT,0,0,0,0,16,16,0,0
CARRIER_D,2025-07-06 00:00,UIWANG,20FT,0,0,0,0,16,16,0,0
CARRIER_D,2025-07-06 01:00,UIWANG,20FT,0,0,0,0,16,16,0,0
CARRIER_D,2025-07-06 02:00,UIWANG,20FT,0,0,0,0,16,16,0,0
CARRIER_D,2025-07-06 03:00,UIWANG,20FT,0,0,0,0,16,16,0,0
CARRIER_D,2025-07-06 04:00,UIWANG,20FT,0,0,0,0,16,16,0,0
CARRIER_D,2025-07-06 05:00,UIWANG,20FT,0,0,0,0,16,16,0,0
CARRIER_D,2025-07-06 06:00,UIWANG,20FT,1,0,0,0,15,15,0,0
CARRIER_D,2025-07-06 07:00,UIWANG,20FT,0,0,0,0,15,15,0,0
CARRIER_D,2025-07-06 08:00,UIWANG,20FT,0,0,0,0,15,15,0,0
CARRIER_D,2025-07-06 09:00,UIWANG,20FT,1,0,0,0,14,14,0,0
CARRIER_D,2025-07-06 10:00,UIWANG,20FT,0,0,0,0,14,14,0,0
CARRIER_D,2025-07-06 11:00,UIWANG,20FT,1,0,0,0,13,13,0,0
CARRIER_D,2025-07-06 12:00,UIWANG,20FT,1,0,0,0,12,12,0,0
CARRIER_D,2025-07-06 13:00,UIWANG,20FT,1,1,0,0,12,12,0,0
CARRIER_D,2025-07-06 14:00,UIWANG,20FT,0,0,0,0,12,12,0,0
CARRIER_D,2025-07-06 15:00,UIWANG,20FT,0,0,0,0,12,12,0,0
CARRIER_D,2025-07-06 16:00,UIWANG,20FT,2,0,0,0,10,10,0,0
CARRIER_D,2025-07-06 17:00,UIWANG,20FT,0,1,0,0,11,11,0,0
CARRIER_D,2025-07-06 18:00,UIWANG,20FT,0,0,0,0,11,11,0,0
CARRIER_D,2025-07-06 19:00,UIWANG,20FT,0,0,0,0,11,11,0,0
CARRIER_D,2025-07-06 20:00,UIWANG,20FT,0,0,0,0,11,11,0,0
CARRIER_D,2025-07-06 21:00,UIWANG,20FT,0,0,0,0,11,11,0,0
CARRIER_D,2025-07-06 22:00,UIWANG,20FT,0,0,0,0,11,11,0,0
CARRIER_D,2025-07-06 23:00,UIWANG,20FT,0,0,0,0,11,11,0,0
CARRIER_D,2025-07-07 00:00,UIWANG,20FT,0,0,0,0,11,11,0,0
CARRIER_D,2025-07-07 01:00,UIWANG,20FT,0,0,0,0,11,11,0,0
CARRIER_D,2025-07-07 02:00,UIWANG,20FT,0,0,0,0,11,11,0,0
CARRIER_D,2025-07-07 03:00,UIWANG,20FT,0,0,0,0,11,11,0,0
CARRIER_D,2025-07-07 04:00,UIWANG,20FT,0,0,0,0,11,11,0,0
CARRIER_D,2025-07-07 05:00,UIWANG,20FT,0,0,0,0,11,11,0,0
CARRIER_D,2025-07-07 06:00,UIWANG,20FT,0,0,0,0,11,11,0,0
CARRIER_D,2025-07-07 07:00,UIWANG,20FT,0,0,0,0,11,11,0,0
CARRIER_D,2025-07-07 08:00,UIWANG,20FT,1,0,0,0,10,10,0,0
CARRIER_D,2025-07-07 09:00,UIWANG,20FT,0,0,0,0,10,10,0,0
CARRIER_D,2025-07-07 10:00,UIWANG,20FT,0,0,0,0,10,10,0,0
CARRIER_D,2025-07-07 11:00,UIWANG,20FT,0,0,0,0,10,10,0,0
CARRIER_D,2025-07-07 12:00,UIWANG,20FT,0,0,0,0,10,10,0,0
CARRIER_D,2025-07-07 13:00,UIWANG,20FT,0,0,0,0,10,10,0,0
CARRIER_D,2025-07-07 14:00,UIWANG,20FT,1,0,0,0,9,9,0,0
CARRIER_D,2025-07-07 15:00,UIWANG,20FT,0,0,0,0,9,9,0,0
CARRIER_D,2025-07-07 16:00,UIWANG,20FT,0,1,0,0,10,10,0,0
CARRIER_D,2025-07-07 17:00,UIWANG,20FT,0,0,0,0,10,10,0,0
CARRIER_D,2025-07-07 18:00,UIWANG,20FT,0,1,0,0,11,11,0,0
CARRIER_D,2025-07-07 19:00,UIWANG,20FT,0,2,0,0,13,13,0,0
CARRIER_D,2025-07-07 20:00,UIWANG,20FT,0,1,0,0,14,14,0,0
CARRIER_D,2025-07-07 21:00,UIWANG,20FT,0,0,0,0,14,14,0,0
CARRIER_D,2025-07-07 22:00,UIWANG,20FT,0,0,0,0,14,14,0,0
CARRIER_D,2025-07-07 23:00,UIWANG,20FT,0,0,0,0,14,14,0,0
CARRIER_D,2025-07-01 00:00,UIWANG,40FT,0,0,0,0,7,7,0,0
CARRIER_D,2025-07-01 01:00,UIWANG,40FT,0,0,0,0,7,7,0,0
CARRIER_D,2025-07-01 02:00,UIWANG,40FT,0,0,0,0,7,7,0,0
CARRIER_D,2025-07-01 03:00,UIWANG,40FT,0,0,0,0,7,7,0,0
CARRIER_D,2025-07-01 04:00,UIWANG,40FT,0,0,0,0,7,7,0,0
CARRIER_D,2025-07-01 05:00,UIWANG,40FT,0,0,0,0,7,7,0,0
CARRIER_D,2025-07-01 06:00,UIWANG,40FT,0,0,0,0,7,7,0,0
CARRIER_D,2025-07-01 07:00,UIWANG,40FT,0,0,0,0,7,7,0,0
CARRIER_D,2025-07-01 08:00,UIWANG,40FT,0,0,0,0,7,7,0,0
CARRIER_D,2025-07-01 09:00,UIWANG,40FT,0,0,0,0,7,7,0,0
CARRIER_D,2025-07-01 10:00,UIWANG,40FT,0,0,0,0,7,7,0,0
CARRIER_D,2025-07-01 11:00,UIWANG,40FT,0,0,0,0,7,7,0,0
CARRIER_D,2025-07-01 12:00,UIWANG,40FT,0,0,0,0,7,7,0,0
CARRIER_D,2025-07-01 13:00,UIWANG,40FT,0,0,0,0,7,7,0,0
CARRIER_D,2025-07-01 14:00,UIWANG,40FT,0,1,0,0,8,8,0,0
CARRIER_D,2025-07-01 15:00,UIWANG,40FT,0,0,0,0,8,8,0,0
CARRIER_D,2025-07-01 16:00,UIWANG,40FT,0,0,0,0,8,8,0,0
CARRIER_D,2025-07-01 17:00,UIWANG,40FT,1,0,0,0,7,7,0,0
CARRIER_D,2025-07-01 18:00,UIWANG,40FT,0,0,0,0,7,7,0,0
CARRIER_D,2025-07-01 19:00,UIWANG,40FT,0,0,0,0,7,7,0,0
CARRIER_D,2025-07-01 20:00,UIWANG,40FT,0,0,0,0,7,7,0,0
CARRIER_D,2025-07-01 21:00,UIWANG,40FT,0,0,0,0,7,7,0,0
CARRIER_D,2025-07-01 22:00,UIWANG,40FT,0,0,0,0,7,7,0,0
CARRIER_D,2025-07-01 23:00,UIWANG,40FT,0,0,0,0,7,7,0,0
CARRIER_D,2025-07-02 00:00,UIWANG,40FT,0,0,0,0,7,7,0,0
CARRIER_D,2025-07-02 01:00,UIWANG,40FT,0,0,0,0,7,7,0,0
CARRIER_D,2025-07-02 02:00,UIWANG,40FT,0,0,0,0,7,7,0,0
CARRIER_D,2025-07-02 03:00,UIWANG,40FT,0,0,0,0,7,7,0,0
CARRIER_D,2025-07-02 04:00,UIWANG,40FT,0,0,0,0,7,7,0,0
CARRIER_D,2025-07-02 05:00,UIWANG,40FT,0,0,0,0,7,7,0,0
CARRIER_D,2025-07-02 06:00,UIWANG,40FT,0,0,0,0,7,7,0,0
CARRIER_D,2025-07-02 07:00,UIWANG,40FT,0,0,0,0,7,7,0,0
CARRIER_D,2025-07-02 08:00,UIWANG,40FT,0,0,0,0,7,7,0,0
CARRIER_D,2025-07-02 09:00,UIWANG,40FT,0,0,0,0,7,7,0,0
CARRIER_D,2025-07-02 10:00,UIWANG,40FT,0,0,0,0,7,7,0,0
CARRIER_D,2025-07-02 11:00,UIWANG,40FT,0,0,0,0,7,7,0,0
CARRIER_D,2025-07-02 12:00,UIWANG,40FT,0,0,0,0,7,7,0,0
CARRIER_D,2025-07-02 13:00,UIWANG,40FT,0,0,0,0,7,7,0,0
CARRIER_D,2025-07-02 14:00,UIWANG,40FT,2,0,0,0,5,5,0,0
CARRIER_D,2025-07-02 15:00,UIWANG,40FT,0,0,0,0,5,5,0,0
CARRIER_D,2025-07-02 16:00,UIWANG,40FT,0,0,0,0,5,5,0,0
CARRIER_D,2025-07-02 17:00,UIWANG,40FT,0,0,0,0,5,5,0,0
CARRIER_D,2025-07-02 18:00,UIWANG,40FT,0,0,0,0,5,5,0,0
CARRIER_D,2025-07-02 19:00,UIWANG,40FT,0,0,0,0,5,5,0,0
CARRIER_D,2025-07-02 20:00,UIWANG,40FT,0,0,0,0,5,5,0,0
CARRIER_D,2025-07-02 21:00,UIWANG,40FT,0,0,0,0,5,5,0,0
CARRIER_D,2025-07-02 22:00,UIWANG,40FT,0,0,0,0,5,5,0,0
CARRIER_D,2025-07-02 23:00,UIWANG,40FT,0,0,0,0,5,5,0,0
CARRIER_D,2025-07-03 00:00,UIWANG,40FT,0,0,0,0,5,5,0,0
CARRIER_D,2025-07-03 01:00,UIWANG,40FT,0,0,0,0,5,5,0,0
CARRIER_D,2025-07-03 02:00,UIWANG,40FT,0,0,0,0,5,5,0,0
CARRIER_D,2025-07-03 03:00,UIWANG,40FT,0,0,0,0,5,5,0,0
CARRIER_D,2025-07-03 04:00,UIWANG,40FT,0,0,0,0,5,5,0,0
CARRIER_D,2025-07-03 05:00,UIWANG,40FT,0,0,0,0,5,5,0,0
CARRIER_D,2025-07-03 06:00,UIWANG,40FT,0,0,0,0,5,5,0,0
CARRIER_D,2025-07-03 07:00,UIWANG,40FT,0,0,0,0,5,5,0,0
CARRIER_D,2025-07-03 08:00,UIWANG,40FT,0,0,0,0,5,5,0,0
CARRIER_D,2025-07-03 09:00,UIWANG,40FT,0,0,0,0,5,5,0,0
CARRIER_D,2025-07-03 10:00,UIWANG,40FT,0,0,0,0,5,5,0,0
CARRIER_D,2025-07-03 11:00,UIWANG,40FT,0,0,0,0,5,5,0,0
CARRIER_D,2025-07-03 12:00,UIWANG,40FT,0,0,0,0,5,5,0,0
CARRIER_D,2025-07-03 13:00,UIWANG,40FT,0,0,0,0,5,5,0,0
CARRIER_D,2025-07-03 14:00,UIWANG,40FT,0,1,0,0,6,6,0,0
CARRIER_D,2025-07-03 15:00,UIWANG,40FT,0,0,0,5,6,1,0,0
CARRIER_D,2025-07-03 16:00,UIWANG,40FT,0,0,0,0,6,1,0,0
CARRIER_D,2025-07-03 17:00,UIWANG,40FT,0,0,0,0,6,1,0,0
CARRIER_D,2025-07-03 18:00,UIWANG,40FT,0,0,0,0,6,1,0,0
CARRIER_D,2025-07-03 19:00,UIWANG,40FT,0,0,0,0,6,1,0,0
CARRIER_D,2025-07-03 20:00,UIWANG,40FT,0,0,0,0,6,1,0,0
CARRIER_D,2025-07-03 21:00,UIWANG,40FT,0,0,0,0,6,1,0,0
CARRIER_D,2025-07-03 22:00,UIWANG,40FT,0,0,0,0,6,1,0,0
CARRIER_D,2025-07-03 23:00,UIWANG,40FT,0,0,0,0,6,1,0,0
CARRIER_D,2025-07-04 00:00,UIWANG,40FT,0,0,0,0,6,1,0,0
CARRIER_D,2025-07-04 01:00,UIWANG,40FT,0,0,0,0,6,1,0,0
CARRIER_D,2025-07-04 02:00,UIWANG,40FT,0,0,0,0,6,1,0,0
CARRIER_D,2025-07-04 03:00,UIWANG,40FT,0,0,0,0,6,1,0,0
CARRIER_D,2025-07-04 04:00,UIWANG,40FT,0,0,0,0,6,1,0,0
CARRIER_D,2025-07-04 05:00,UIWANG,40FT,0,0,0,0,6,1,0,0
CARRIER_D,2025-07-04 06:00,UIWANG,40FT,0,0,0,0,6,1,0,0
CARRIER_D,2025-07-04 07:00,UIWANG,40FT,0,0,0,0,6,1,0,0
CARRIER_D,2025-07-04 08:00,UIWANG,40FT,0,0,0,0,6,1,0,0
CARRIER_D,2025-07-04 09:00,UIWANG,40FT,0,0,0,0,6,1,0,0
CARRIER_D,2025-07-04 10:00,UIWANG,40FT,0,0,0,0,6,1,0,0
CARRIER_D,2025-07-04 11:00,UIWANG,40FT,0,0,0,0,6,1,0,0
CARRIER_D,2025-07-04 12:00,UIWANG,40FT,0,0,0,0,6,1,0,0
CARRIER_D,2025-07-04 13:00,UIWANG,40FT,0,1,0,0,7,2,0,0
CARRIER_D,2025-07-04 14:00,UIWANG,40FT,0,0,0,0,7,2,0,0
CARRIER_D,2025-07-04 15:00,UIWANG,40FT,0,0,0,0,7,2,0,0
CARRIER_D,2025-07-04 16:00,UIWANG,40FT,0,0,0,0,7,2,0,0
CARRIER_D,2025-07-04 17:00,UIWANG,40FT,0,0,0,0,7,2,0,0
CARRIER_D,2025-07-04 18:00,UIWANG,40FT,0,0,0,0,7,2,0,0
CARRIER_D,2025-07-04 19:00,UIWANG,40FT,0,0,0,0,7,2,0,0
CARRIER_D,2025-07-04 20:00,UIWANG,40FT,0,0,0,0,7,2,0,0
CARRIER_D,2025-07-04 21:00,UIWANG,40FT,0,0,0,0,7,2,0,0
CARRIER_D,2025-07-04 22:00,UIWANG,40FT,0,0,0,0,7,2,0,0
CARRIER_D,2025-07-04 23:00,UIWANG,40FT,0,0,0,0,7,2,0,0
CARRIER_D,2025-07-05 00:00,UIWANG,40FT,0,0,0,0,7,2,0,0
CARRIER_D,2025-07-05 01:00,UIWANG,40FT,0,0,0,0,7,2,0,0
CARRIER_D,2025-07-05 02:00,UIWANG,40FT,0,0,0,0,7,2,0,0
CARRIER_D,2025-07-05 03:00,UIWANG,40FT,0,0,0,0,7,2,0,0
CARRIER_D,2025-07-05 04:00,UIWANG,40FT,0,0,0,0,7,2,0,0
CARRIER_D,2025-07-05 05:00,UIWANG,40FT,0,0,0,0,7,2,0,0
CARRIER_D,2025-07-05 06:00,UIWANG,40FT,0,0,0,0,7,2,0,0
CARRIER_D,2025-07-05 07:00,UIWANG,40FT,0,0,0,0,7,2,0,0
CARRIER_D,2025-07-05 08:00,UIWANG,40FT,0,0,0,0,7,2,0,0
CARRIER_D,2025-07-05 09:00,UIWANG,40FT,0,0,0,0,7,2,0,0
CARRIER_D,2025-07-05 10:00,UIWANG,40FT,0,0,0,0,7,2,0,0
CARRIER_D,2025-07-05 11:00,UIWANG,40FT,0,0,0,0,7,2,0,0
CARRIER_D,2025-07-05 12:00,UIWANG,40FT,0,0,0,0,7,2,0,0
CARRIER_D,2025-07-05 13:00,UIWANG,40FT,0,0,0,0,7,2,0,0
CARRIER_D,2025-07-05 14:00,UIWANG,40FT,1,0,0,0,6,1,0,0
CARRIER_D,2025-07-05 15:00,UIWANG,40FT,0,0,0,0,6,1,0,0
CARRIER_D,2025-07-05 16:00,UIWANG,40FT,1,0,0,0,5,0,0,0
CARRIER_D,2025-07-05 17:00,UIWANG,40FT,0,1,0,0,6,1,0,0
CARRIER_D,2025-07-05 18:00,UIWANG,40FT,0,0,0,0,6,1,0,0
CARRIER_D,2025-07-05 19:00,UIWANG,40FT,0,1,0,0,7,2,0,0
CARRIER_D,2025-07-05 20:00,UIWANG,40FT,0,0,0,0,7,2,0,0
CARRIER_D,2025-07-05 21:00,UIWANG,40FT,0,0,0,0,7,2,0,0
CARRIER_D,2025-07-05 22:00,UIWANG,40FT,0,0,0,0,7,2,0,0
CARRIER_D,2025-07-05 23:00,UIWANG,40FT,0,0,0,0,7,2,0,0
CARRIER_D,2025-07-06 00:00,UIWANG,40FT,0,0,0,0,7,2,0,0
CARRIER_D,2025-07-06 01:00,UIWANG,40FT,0,0,0,0,7,2,0,0
CARRIER_D,2025-07-06 02:00,UIWANG,40FT,0,0,0,0,7,2,0,0
CARRIER_D,2025-07-06 03:00,UIWANG,40FT,0,0,0,0,7,2,0,0
CARRIER_D,2025-07-06 04:00,UIWANG,40FT,0,0,0,0,7,2,0,0
CARRIER_D,2025-07-06 05:00,UIWANG,40FT,0,0,0,0,7,2,0,0
CARRIER_D,2025-07-06 06:00,UIWANG,40FT,0,0,0,0,7,2,0,0
CARRIER_D,2025-07-06 07:00,UIWANG,40FT,0,0,0,0,7,2,0,0
CARRIER_D,2025-07-06 08:00,UIWANG,40FT,0,0,0,0,7,2,0,0
CARRIER_D,2025-07-06 09:00,UIWANG,40FT,0,0,0,0,7,2,0,0
CARRIER_D,2025-07-06 10:00,UIWANG,40FT,0,0,0,0,7,2,0,0
CARRIER_D,2025-07-06 11:00,UIWANG,40FT,0,0,0,0,7,2,0,0
CARRIER_D,2025-07-06 12:00,UIWANG,40FT,0,0,0,0,7,2,0,0
CARRIER_D,2025-07-06 13:00,UIWANG,40FT,0,0,0,0,7,2,0,0
CARRIER_D,2025-07-06 14:00,UIWANG,40FT,0,0,0,0,7,2,0,0
CARRIER_D,2025-07-06 15:00,UIWANG,40FT,0,0,0,0,7,2,0,0
CARRIER_D,2025-07-06 16:00,UIWANG,40FT,0,0,0,0,7,2,0,0
CARRIER_D,2025-07-06 17:00,UIWANG,40FT,0,0,0,0,7,2,0,0
CARRIER_D,2025-07-06 18:00,UIWANG,40FT,0,0,0,0,7,2,0,0
CARRIER_D,2025-07-06 19:00,UIWANG,40FT,0,0,0,0,7,2,0,0
CARRIER_D,2025-07-06 20:00,UIWANG,40FT,0,0,0,0,7,2,0,0
CARRIER_D,2025-07-06 21:00,UIWANG,40FT,0,0,0,0,7,2,0,0
CARRIER_D,2025-07-06 22:00,UIWANG,40FT,0,0,0,0,7,2,0,0
CARRIER_D,2025-07-06 23:00,UIWANG,40FT,0,0,0,0,7,2,0,0
CARRIER_D,2025-07-07 00:00,UIWANG,40FT,0,0,0,0,7,2,0,0
CARRIER_D,2025-07-07 01:00,UIWANG,40FT,0,0,0,0,7,2,0,0
CARRIER_D,2025-07-07 02:00,UIWANG,40FT,0,0,0,0,7,2,0,0
CARRIER_D,2025-07-07 03:00,UIWANG,40FT,0,0,0,0,7,2,0,0
CARRIER_D,2025-07-07 04:00,UIWANG,40FT,0,0,0,0,7,2,0,0
CARRIER_D,2025-07-07 05:00,UIWANG,40FT,0,0,0,0,7,2,0,0
CARRIER_D,2025-07-07 06:00,UIWANG,40FT,0,0,0,0,7,2,0,0
CARRIER_D,2025-07-07 07:00,UIWANG,40FT,0,0,0,0,7,2,0,0
CARRIER_D,2025-07-07 08:00,UIWANG,40FT,0,0,0,0,7,2,0,0
CARRIER_D,2025-07-07 09:00,UIWANG,40FT,0,0,0,0,7,2,0,0
CARRIER_D,2025-07-07 10:00,UIWANG,40FT,0,0,0,0,7,2,0,0
CARRIER_D,2025-07-07 11:00,UIWANG,40FT,1,0,0,0,6,1,0,0
CARRIER_D,2025-07-07 12:00,UIWANG,40FT,0,0,0,0,6,1,0,0
CARRIER_D,2025-07-07 13:00,UIWANG,40FT,0,0,0,0,6,1,0,0
CARRIER_D,2025-07-07 14:00,UIWANG,40FT,1,0,0,0,5,0,0,0
CARRIER_D,2025-07-07 15:00,UIWANG,40FT,0,0,0,0,5,0,0,0
CARRIER_D,2025-07-07 16:00,UIWANG,40FT,0,0,0,0,5,0,0,0
CARRIER_D,2025-07-07 17:00,UIWANG,40FT,0,0,0,0,5,0,0,0
CARRIER_D,2025-07-07 18:00,UIWANG,40FT,0,0,0,0,5,0,0,0
CARRIER_D,2025-07-07 19:00,UIWANG,40FT,0,0,0,0,5,0,0,0
CARRIER_D,2025-07-07 20:00,UIWANG,40FT,0,1,0,0,6,1,0,0
CARRIER_D,2025-07-07 21:00,UIWANG,40FT,0,0,0,0,6,1,0,0
CARRIER_D,2025-07-07 22:00,UIWANG,40FT,0,0,0,0,6,1,0,0
CARRIER_D,2025-07-07 23:00,UIWANG,40FT,0,0,0,0,6,1,0,0
CARRIER_D,2025-07-01 00:00,YAKMOK,20FT,0,0,0,0,17,17,0,0
CARRIER_D,2025-07-01 01:00,YAKMOK,20FT,0,0,0,0,17,17,0,0
CARRIER_D,2025-07-01 02:00,YAKMOK,20FT,0,0,0,0,17,17,0,0
CARRIER_D,2025-07-01 03:00,YAKMOK,20FT,0,0,0,0,17,17,0,0
CARRIER_D,2025-07-01 04:00,YAKMOK,20FT,0,0,0,0,17,17,0,0
CARRIER_D,2025-07-01 05:00,YAKMOK,20FT,0,0,0,0,17,17,0,0
CARRIER_D,2025-07-01 06:00,YAKMOK,20FT,0,1,0,0,18,18,0,0
CARRIER_D,2025-07-01 07:00,YAKMOK,20FT,0,0,0,0,18,18,0,0
CARRIER_D,2025-07-01 08:00,YAKMOK,20FT,1,2,0,0,19,19,0,0
CARRIER_D,2025-07-01 09:00,YAKMOK,20FT,0,3,0,0,22,22,0,0
CARRIER_D,2025-07-01 10:00,YAKMOK,20FT,0,1,0,0,23,23,0,0
CARRIER_D,2025-07-01 11:00,YAKMOK,20FT,0,0,0,0,23,23,0,0
CARRIER_D,2025-07-01 12:00,YAKMOK,20FT,1,1,0,0,23,23,0,0
CARRIER_D,2025-07-01 13:00,YAKMOK,20FT,1,0,0,0,22,22,0,0
CARRIER_D,2025-07-01 14:00,YAKMOK,20FT,2,1,0,0,21,21,0,0
CARRIER_D,2025-07-01 15:00,YAKMOK,20FT,0,3,0,0,24,24,0,0
CARRIER_D,2025-07-01 16:00,YAKMOK,20FT,0,2,0,0,26,26,0,0
CARRIER_D,2025-07-01 17:00,YAKMOK,20FT,0,0,0,0,26,26,0,0
CARRIER_D,2025-07-01 18:00,YAKMOK,20FT,0,0,0,0,26,26,0,0
CARRIER_D,2025-07-01 19:00,YAKMOK,20FT,0,2,0,0,28,28,0,0
CARRIER_D,2025-07-01 20:00,YAKMOK,20FT,0,1,0,0,29,29,0,0
CARRIER_D,2025-07-01 21:00,YAKMOK,20FT,0,0,0,0,29,29,0,0
CARRIER_D,2025-07-01 22:00,YAKMOK,20FT,0,0,0,0,29,29,0,0
CARRIER_D,2025-07-01 23:00,YAKMOK,20FT,0,0,0,0,29,29,0,0
CARRIER_D,2025-07-02 00:00,YAKMOK,20FT,0,0,0,0,29,29,0,0
CARRIER_D,2025-07-02 01:00,YAKMOK,20FT,0,0,0,0,29,29,0,0
CARRIER_D,2025-07-02 02:00,YAKMOK,20FT,0,0,0,0,29,29,0,0
CARRIER_D,2025-07-02 03:00,YAKMOK,20FT,0,0,0,0,29,29,0,0
CARRIER_D,2025-07-02 04:00,YAKMOK,20FT,0,0,0,0,29,29,0,0
CARRIER_D,2025-07-02 05:00,YAKMOK,20FT,0,0,0,0,29,29,0,0
CARRIER_D,2025-07-02 06:00,YAKMOK,20FT,0,1,0,0,30,30,0,0
CARRIER_D,2025-07-02 07:00,YAKMOK,20FT,0,0,0,0,30,30,0,0
CARRIER_D,2025-07-02 08:00,YAKMOK,20FT,2,0,0,0,28,28,0,0
CARRIER_D,2025-07-02 09:00,YAKMOK,20FT,0,1,0,0,29,29,0,0
CARRIER_D,2025-07-02 10:00,YAKMOK,20FT,1,2,0,0,30,30,0,0
CARRIER_D,2025-07-02 11:00,YAKMOK,20FT,1,0,0,0,29,29,0,0
CARRIER_D,2025-07-02 12:00,YAKMOK,20FT,1,0,0,0,28,28,0,0
CARRIER_D,2025-07-02 13:00,YAKMOK,20FT,0,1,0,0,29,29,0,0
CARRIER_D,2025-07-02 14:00,YAKMOK,20FT,1,1,0,0,29,29,0,0
CARRIER_D,2025-07-02 15:00,YAKMOK,20FT,0,0,0,0,29,29,0,0
CARRIER_D,2025-07-02 16:00,YAKMOK,20FT,0,2,0,0,31,31,0,0
CARRIER_D,2025-07-02 17:00,YAKMOK,20FT,0,0,0,0,31,31,0,0
CARRIER_D,2025-07-02 18:00,YAKMOK,20FT,0,2,0,0,33,33,0,0
CARRIER_D,2025-07-02 19:00,YAKMOK,20FT,0,0,0,0,33,33,0,0
CARRIER_D,2025-07-02 20:00,YAKMOK,20FT,0,0,0,0,33,33,0,0
CARRIER_D,2025-07-02 21:00,YAKMOK,20FT,0,0,0,0,33,33,0,0
CARRIER_D,2025-07-02 22:00,YAKMOK,20FT,0,0,0,0,33,33,0,0
CARRIER_D,2025-07-02 23:00,YAKMOK,20FT,0,0,0,0,33,33,0,0
CARRIER_D,2025-07-03 00:00,YAKMOK,20FT,0,0,0,0,33,33,0,0
CARRIER_D,2025-07-03 01:00,YAKMOK,20FT,0,0,0,0,33,33,0,0
CARRIER_D,2025-07-03 02:00,YAKMOK,20FT,0,0,0,0,33,33,0,0
CARRIER_D,2025-07-03 03:00,YAKMOK,20FT,0,0,0,0,33,33,0,0
CARRIER_D,2025-07-03 04:00,YAKMOK,20FT,0,0,0,0,33,33,0,0
CARRIER_D,2025-07-03 05:00,YAKMOK,20FT,0,0,0,0,33,33,0,0
CARRIER_D,2025-07-03 06:00,YAKMOK,20FT,1,0,0,0,32,32,0,0
CARRIER_D,2025-07-03 07:00,YAKMOK,20FT,1,1,0,0,32,32,0,0
CARRIER_D,2025-07-03 08:00,YAKMOK,20FT,1,0,0,0,31,31,0,0
CARRIER_D,2025-07-03 09:00,YAKMOK,20FT,0,1,0,0,32,32,0,0
CARRIER_D,2025-07-03 10:00,YAKMOK,20FT,0,0,0,0,32,32,0,0
CARRIER_D,2025-07-03 11:00,YAKMOK,20FT,0,1,0,0,33,33,0,0
CARRIER_D,2025-07-03 12:00,YAKMOK,20FT,0,0,0,0,33,33,0,0
CARRIER_D,2025-07-03 13:00,YAKMOK,20FT,0,0,0,0,33,33,0,0
CARRIER_D,2025-07-03 14:00,YAKMOK,20FT,0,3,0,0,36,36,0,0
CARRIER_D,2025-07-03 15:00,YAKMOK,20FT,2,0,0,0,34,34,0,0
CARRIER_D,2025-07-03 16:00,YAKMOK,20FT,0,0,0,0,34,34,0,0
CARRIER_D,2025-07-03 17:00,YAKMOK,20FT,2,2,0,0,34,34,0,0
CARRIER_D,2025-07-03 18:00,YAKMOK,20FT,0,1,0,0,35,35,0,0
CARRIER_D,2025-07-03 19:00,YAKMOK,20FT,0,1,0,0,36,36,0,0
CARRIER_D,2025-07-03 20:00,YAKMOK,20FT,0,1,0,0,37,37,0,0
CARRIER_D,2025-07-03 21:00,YAKMOK,20FT,0,0,0,0,37,37,0,0
CARRIER_D,2025-07-03 22:00,YAKMOK,20FT,0,0,0,0,37,37,0,0
CARRIER_D,2025-07-03 23:00,YAKMOK,20FT,0,0,0,0,37,37,0,0
CARRIER_D,2025-07-04 00:00,YAKMOK,20FT,0,0,0,0,37,37,0,0
CARRIER_D,2025-07-04 01:00,YAKMOK,20FT,0,0,0,0,37,37,0,0
CARRIER_D,2025-07-04 02:00,YAKMOK,20FT,0,0,0,0,37,37,0,0
CARRIER_D,2025-07-04 03:00,YAKMOK,20FT,0,0,0,0,37,37,0,0
CARRIER_D,2025-07-04 04:00,YAKMOK,20FT,0,0,0,0,37,37,0,0
CARRIER_D,2025-07-04 05:00,YAKMOK,20FT,0,1,0,0,38,38,0,0
CARRIER_D,2025-07-04 06:00,YAKMOK,20FT,0,0,0,0,38,38,0,0
CARRIER_D,2025-07-04 07:00,YAKMOK,20FT,0,0,0,0,38,38,0,0
CARRIER_D,2025-07-04 08:00,YAKMOK,20FT,1,0,0,0,37,37,0,0
CARRIER_D,2025-07-04 09:00,YAKMOK,20FT,0,0,0,0,37,37,0,0
CARRIER_D,2025-07-04 10:00,YAKMOK,20FT,1,0,0,0,36,36,0,0
CARRIER_D,2025-07-04 11:00,YAKMOK,20FT,0,1,0,0,37,37,0,0
CARRIER_D,2025-07-04 12:00,YAKMOK,20FT,0,0,0,0,37,37,0,0
CARRIER_D,2025-07-04 13:00,YAKMOK,20FT,1,1,0,0,37,37,0,0
CARRIER_D,2025-07-04 14:00,YAKMOK,20FT,1,3,0,0,39,39,0,0
CARRIER_D,2025-07-04 15:00,YAKMOK,20FT,0,0,0,0,39,39,0,0
CARRIER_D,2025-07-04 16:00,YAKMOK,20FT,1,1,0,0,39,39,0,0
CARRIER_D,2025-07-04 17:00,YAKMOK,20FT,0,0,0,0,39,39,0,0
CARRIER_D,2025-07-04 18:00,YAKMOK,20FT,0,0,0,0,39,39,0,0
CARRIER_D,2025-07-04 19:00,YAKMOK,20FT,0,1,0,0,40,40,0,0
CARRIER_D,2025-07-04 20:00,YAKMOK,20FT,0,0,0,0,40,40,0,0
CARRIER_D,2025-07-04 21:00,YAKMOK,20FT,0,0,0,0,40,40,0,0
CARRIER_D,2025-07-04 22:00,YAKMOK,20FT,0,0,0,0,40,40,0,0
CARRIER_D,2025-07-04 23:00,YAKMOK,20FT,0,0,0,0,40,40,0,0
CARRIER_D,2025-07-05 00:00,YAKMOK,20FT,0,0,0,0,40,40,0,0
CARRIER_D,2025-07-05 01:00,YAKMOK,20FT,0,0,0,0,40,40,0,0
CARRIER_D,2025-07-05 02:00,YAKMOK,20FT,0,0,0,0,40,40,0,0
CARRIER_D,2025-07-05 03:00,YAKMOK,20FT,0,0,0,0,40,40,0,0
CARRIER_D,2025-07-05 04:00,YAKMOK,20FT,0,0,0,0,40,40,0,0
CARRIER_D,2025-07-05 05:00,YAKMOK,20FT,0,0,0,0,40,40,0,0
CARRIER_D,2025-07-05 06:00,YAKMOK,20FT,0,0,0,0,40,40,0,0
CARRIER_D,2025-07-05 07:00,YAKMOK,20FT,0,0,0,0,40,40,0,0
CARRIER_D,2025-07-05 08:00,YAKMOK,20FT,0,0,0,0,40,40,0,0
CARRIER_D,2025-07-05 09:00,YAKMOK,20FT,1,0,0,0,39,39,0,0
CARRIER_D,2025-07-05 10:00,YAKMOK,20FT,0,0,0,0,39,39,0,0
CARRIER_D,2025-07-05 11:00,YAKMOK,20FT,0,0,0,0,39,39,0,0
CARRIER_D,2025-07-05 12:00,YAKMOK,20FT,0,0,0,0,39,39,0,0
CARRIER_D,2025-07-05 13:00,YAKMOK,20FT,0,0,0,0,39,39,0,0
CARRIER_D,2025-07-05 14:00,YAKMOK,20FT,0,0,0,0,39,39,0,0
CARRIER_D,2025-07-05 15:00,YAKMOK,20FT,0,0,0,0,39,39,0,0
CARRIER_D,2025-07-05 16:00,YAKMOK,20FT,0,1,0,0,40,40,0,0
CARRIER_D,2025-07-05 17:00,YAKMOK,20FT,0,0,0,0,40,40,0,0
CARRIER_D,2025-07-05 18:00,YAKMOK,20FT,0,0,0,0,40,40,0,0
CARRIER_D,2025-07-05 19:00,YAKMOK,20FT,0,0,0,0,40,40,0,0
CARRIER_D,2025-07-05 20:00,YAKMOK,20FT,0,0,0,0,40,40,0,0
CARRIER_D,2025-07-05 21:00,YAKMOK,20FT,0,0,0,0,40,40,0,0
CARRIER_D,2025-07-05 22:00,YAKMOK,20FT,0,0,0,0,40,40,0,0
CARRIER_D,2025-07-05 23:00,YAKMOK,20FT,0,0,0,0,40,40,0,0
CARRIER_D,2025-07-06 00:00,YAKMOK,20FT,0,0,0,0,40,40,0,0
CARRIER_D,2025-07-06 01:00,YAKMOK,20FT,0,0,0,0,40,40,0,0
CARRIER_D,2025-07-06 02:00,YAKMOK,20FT,0,0,0,0,40,40,0,0
CARRIER_D,2025-07-06 03:00,YAKMOK,20FT,0,0,0,0,40,40,0,0
CARRIER_D,2025-07-06 04:00,YAKMOK,20FT,0,0,0,0,40,40,0,0
CARRIER_D,2025-07-06 05:00,YAKMOK,20FT,0,0,0,0,40,40,0,0
CARRIER_D,2025-07-06 06:00,YAKMOK,20FT,0,0,0,0,40,40,0,0
CARRIER_D,2025-07-06 07:00,YAKMOK,20FT,0,0,0,0,40,40,0,0
CARRIER_D,2025-07-06 08:00,YAKMOK,20FT,0,0,0,0,40,40,0,0
CARRIER_D,2025-07-06 09:00,YAKMOK,20FT,0,0,0,0,40,40,0,0
CARRIER_D,2025-07-06 10:00,YAKMOK,20FT,0,0,0,0,40,40,0,0
CARRIER_D,2025-07-06 11:00,YAKMOK,20FT,0,0,0,0,40,40,0,0
CARRIER_D,2025-07-06 12:00,YAKMOK,20FT,0,0,0,0,40,40,0,0
CARRIER_D,2025-07-06 13:00,YAKMOK,20FT,0,0,0,0,40,40,0,0
CARRIER_D,2025-07-06 14:00,YAKMOK,20FT,0,0,0,0,40,40,0,0
CARRIER_D,2025-07-06 15:00,YAKMOK,20FT,0,0,0,0,40,40,0,0
CARRIER_D,2025-07-06 16:00,YAKMOK,20FT,0,0,0,0,40,40,0,0
CARRIER_D,2025-07-06 17:00,YAKMOK,20FT,0,0,0,0,40,40,0,0
CARRIER_D,2025-07-06 18:00,YAKMOK,20FT,0,0,0,0,40,40,0,0
CARRIER_D,2025-07-06 19:00,YAKMOK,20FT,0,0,0,0,40,40,0,0
CARRIER_D,2025-07-06 20:00,YAKMOK,20FT,0,0,0,0,40,40,0,0
CARRIER_D,2025-07-06 21:00,YAKMOK,20FT,0,0,0,0,40,40,0,0
CARRIER_D,2025-07-06 22:00,YAKMOK,20FT,0,0,0,0,40,40,0,0
CARRIER_D,2025-07-06 23:00,YAKMOK,20FT,0,0,0,0,40,40,0,0
CARRIER_D,2025-07-07 00:00,YAKMOK,20FT,0,0,0,0,40,40,0,0
CARRIER_D,2025-07-07 01:00,YAKMOK,20FT,0,0,0,0,40,40,0,0
CARRIER_D,2025-07-07 02:00,YAKMOK,20FT,0,0,0,0,40,40,0,0
CARRIER_D,2025-07-07 03:00,YAKMOK,20FT,0,0,0,0,40,40,0,0
CARRIER_D,2025-07-07 04:00,YAKMOK,20FT,0,0,0,0,40,40,0,0
CARRIER_D,2025-07-07 05:00,YAKMOK,20FT,1,0,0,0,39,39,0,0
CARRIER_D,2025-07-07 06:00,YAKMOK,20FT,0,0,0,0,39,39,0,0
CARRIER_D,2025-07-07 07:00,YAKMOK,20FT,0,0,0,0,39,39,0,0
CARRIER_D,2025-07-07 08:00,YAKMOK,20FT,0,0,0,0,39,39,0,0
CARRIER_D,2025-07-07 09:00,YAKMOK,20FT,3,0,0,0,36,36,0,0
CARRIER_D,2025-07-07 10:00,YAKMOK,20FT,0,1,0,0,37,37,0,0
CARRIER_D,2025-07-07 11:00,YAKMOK,20FT,0,0,0,0,37,37,0,0
CARRIER_D,2025-07-07 12:00,YAKMOK,20FT,0,1,0,0,38,38,0,0
CARRIER_D,2025-07-07 13:00,YAKMOK,20FT,0,0,0,0,38,38,0,0
CARRIER_D,2025-07-07 14:00,YAKMOK,20FT,0,1,0,0,39,39,0,0
CARRIER_D,2025-07-07 15:00,YAKMOK,20FT,0,0,0,0,39,39,0,0
CARRIER_D,2025-07-07 16:00,YAKMOK,20FT,0,0,0,0,39,39,0,0
CARRIER_D,2025-07-07 17:00,YAKMOK,20FT,0,1,0,0,40,40,0,0
CARRIER_D,2025-07-07 18:00,YAKMOK,20FT,0,0,0,0,40,40,0,0
CARRIER_D,2025-07-07 19:00,YAKMOK,20FT,0,0,0,0,40,40,0,0
CARRIER_D,2025-07-07 20:00,YAKMOK,20FT,0,0,0,0,40,40,0,0
CARRIER_D,2025-07-07 21:00,YAKMOK,20FT,0,0,0,0,40,40,0,0
CARRIER_D,2025-07-07 22:00,YAKMOK,20FT,0,0,0,0,40,40,0,0
CARRIER_D,2025-07-07 23:00,YAKMOK,20FT,0,0,0,0,40,40,0,0
CARRIER_D,2025-07-01 00:00,YAKMOK,40FT,0,0,0,0,0,0,0,0
CARRIER_D,2025-07-01 01:00,YAKMOK,40FT,0,0,0,0,0,0,0,0
CARRIER_D,2025-07-01 02:00,YAKMOK,40FT,0,0,0,0,0,0,0,0
CARRIER_D,2025-07-01 03:00,YAKMOK,40FT,0,0,0,0,0,0,0,0
CARRIER_D,2025-07-01 04:00,YAKMOK,40FT,0,0,0,0,0,0,0,0
CARRIER_D,2025-07-01 05:00,YAKMOK,40FT,0,0,0,0,0,0,0,0
CARRIER_D,2025-07-01 06:00,YAKMOK,40FT,0,0,0,0,0,0,0,0
CARRIER_D,2025-07-01 07:00,YAKMOK,40FT,0,0,0,0,0,0,0,0
CARRIER_D,2025-07-01 08:00,YAKMOK,40FT,0,0,0,0,0,0,0,0
CARRIER_D,2025-07-01 09:00,YAKMOK,40FT,0,1,0,0,1,1,0,0
CARRIER_D,2025-07-01 10:00,YAKMOK,40FT,0,0,0,0,1,1,0,0
CARRIER_D,2025-07-01 11:00,YAKMOK,40FT,0,0,0,0,1,1,0,0
CARRIER_D,2025-07-01 12:00,YAKMOK,40FT,0,0,0,0,1,1,0,0
CARRIER_D,2025-07-01 13:00,YAKMOK,40FT,0,0,0,0,1,1,0,0
CARRIER_D,2025-07-01 14:00,YAKMOK,40FT,0,0,0,0,1,1,0,0
CARRIER_D,2025-07-01 15:00,YAKMOK,40FT,0,0,0,0,1,1,0,0
CARRIER_D,2025-07-01 16:00,YAKMOK,40FT,0,0,0,0,1,1,0,0
CARRIER_D,2025-07-01 17:00,YAKMOK,40FT,0,0,0,0,1,1,0,0
CARRIER_D,2025-07-01 18:00,YAKMOK,40FT,0,0,0,0,1,1,0,0
CARRIER_D,2025-07-01 19:00,YAKMOK,40FT,0,0,0,0,1,1,0,0
CARRIER_D,2025-07-01 20:00,YAKMOK,40FT,0,0,0,0,1,1,0,0
CARRIER_D,2025-07-01 21:00,YAKMOK,40FT,0,0,0,0,1,1,0,0
CARRIER_D,2025-07-01 22:00,YAKMOK,40FT,0,0,0,0,1,1,0,0
CARRIER_D,2025-07-01 23:00,YAKMOK,40FT,0,0,0,0,1,1,0,0
CARRIER_D,2025-07-02 00:00,YAKMOK,40FT,0,0,0,0,1,1,0,0
CARRIER_D,2025-07-02 01:00,YAKMOK,40FT,0,0,0,0,1,1,0,0
CARRIER_D,2025-07-02 02:00,YAKMOK,40FT,0,0,0,0,1,1,0,0
CARRIER_D,2025-07-02 03:00,YAKMOK,40FT,0,0,0,0,1,1,0,0
CARRIER_D,2025-07-02 04:00,YAKMOK,40FT,0,0,1,0,1,2,0,0
CARRIER_D,2025-07-02 05:00,YAKMOK,40FT,0,0,0,0,1,2,0,0
CARRIER_D,2025-07-02 06:00,YAKMOK,40FT,0,0,0,0,1,2,0,0
CARRIER_D,2025-07-02 07:00,YAKMOK,40FT,0,0,0,0,1,2,0,0
CARRIER_D,2025-07-02 08:00,YAKMOK,40FT,0,0,0,0,1,2,0,0
CARRIER_D,2025-07-02 09:00,YAKMOK,40FT,0,0,0,0,1,2,0,0
CARRIER_D,2025-07-02 10:00,YAKMOK,40FT,0,0,0,0,1,2,0,0
CARRIER_D,2025-07-02 11:00,YAKMOK,40FT,0,0,0,0,1,2,0,0
CARRIER_D,2025-07-02 12:00,YAKMOK,40FT,0,0,0,0,1,2,0,0
CARRIER_D,2025-07-02 13:00,YAKMOK,40FT,0,0,0,0,1,2,0,0
CARRIER_D,2025-07-02 14:00,YAKMOK,40FT,0,0,0,0,1,2,0,0
CARRIER_D,2025-07-02 15:00,YAKMOK,40FT,0,0,0,0,1,2,0,0
CARRIER_D,2025-07-02 16:00,YAKMOK,40FT,0,0,0,0,1,2,0,0
CARRIER_D,2025-07-02 17:00,YAKMOK,40FT,0,0,0,0,1,2,0,0
CARRIER_D,2025-07-02 18:00,YAKMOK,40FT,0,0,0,0,1,2,0,0
CARRIER_D,2025-07-02 19:00,YAKMOK,40FT,0,0,0,0,1,2,0,0
CARRIER_D,2025-07-02 20:00,YAKMOK,40FT,0,0,0,0,1,2,0,0
CARRIER_D,2025-07-02 21:00,YAKMOK,40FT,0,0,0,0,1,2,0,0
CARRIER_D,2025-07-02 22:00,YAKMOK,40FT,0,0,0,0,1,2,0,0
CARRIER_D,2025-07-02 23:00,YAKMOK,40FT,0,0,0,0,1,2,0,0
CARRIER_D,2025-07-03 00:00,YAKMOK,40FT,0,0,0,0,1,2,0,0
CARRIER_D,2025-07-03 01:00,YAKMOK,40FT,0,0,0,0,1,2,0,0
CARRIER_D,2025-07-03 02:00,YAKMOK,40FT,0,0,0,0,1,2,0,0
CARRIER_D,2025-07-03 03:00,YAKMOK,40FT,0,0,0,0,1,2,0,0
CARRIER_D,2025-07-03 04:00,YAKMOK,40FT,0,0,0,0,1,2,0,0
CARRIER_D,2025-07-03 05:00,YAKMOK,40FT,0,0,0,0,1,2,0,0
CARRIER_D,2025-07-03 06:00,YAKMOK,40FT,0,0,0,0,1,2,0,0
CARRIER_D,2025-07-03 07:00,YAKMOK,40FT,0,0,0,0,1,2,0,0
CARRIER_D,2025-07-03 08:00,YAKMOK,40FT,1,0,0,0,0,1,0,0
CARRIER_D,2025-07-03 09:00,YAKMOK,40FT,0,0,0,0,0,1,0,0
CARRIER_D,2025-07-03 10:00,YAKMOK,40FT,0,0,0,0,0,1,0,0
CARRIER_D,2025-07-03 11:00,YAKMOK,40FT,0,0,0,0,0,1,0,0
CARRIER_D,2025-07-03 12:00,YAKMOK,40FT,0,0,0,0,0,1,0,0
CARRIER_D,2025-07-03 13:00,YAKMOK,40FT,0,0,0,0,0,1,0,0
CARRIER_D,2025-07-03 14:00,YAKMOK,40FT,0,0,0,0,0,1,0,0
CARRIER_D,2025-07-03 15:00,YAKMOK,40FT,0,0,0,0,0,1,0,0
CARRIER_D,2025-07-03 16:00,YAKMOK,40FT,0,0,0,0,0,1,0,0
CARRIER_D,2025-07-03 17:00,YAKMOK,40FT,0,0,0,0,0,1,0,0
CARRIER_D,2025-07-03 18:00,YAKMOK,40FT,0,0,0,0,0,1,0,0
CARRIER_D,2025-07-03 19:00,YAKMOK,40FT,0,0,0,0,0,1,0,0
CARRIER_D,2025-07-03 20:00,YAKMOK,40FT,0,0,0,0,0,1,0,0
CARRIER_D,2025-07-03 21:00,YAKMOK,40FT,0,0,0,0,0,1,0,0
CARRIER_D,2025-07-03 22:00,YAKMOK,40FT,0,0,0,0,0,1,0,0
CARRIER_D,2025-07-03 23:00,YAKMOK,40FT,0,0,0,0,0,1,0,0
CARRIER_D,2025-07-04 00:00,YAKMOK,40FT,0,0,0,0,0,1,0,0
CARRIER_D,2025-07-04 01:00,YAKMOK,40FT,0,0,0,0,0,1,0,0
CARRIER_D,2025-07-04 02:00,YAKMOK,40FT,0,0,0,0,0,1,0,0
CARRIER_D,2025-07-04 03:00,YAKMOK,40FT,0,0,0,0,0,1,0,0
CARRIER_D,2025-07-04 04:00,YAKMOK,40FT,0,0,0,0,0,1,0,0
CARRIER_D,2025-07-04 05:00,YAKMOK,40FT,0,0,0,0,0,1,0,0
CARRIER_D,2025-07-04 06:00,YAKMOK,40FT,0,0,0,0,0,1,0,0
CARRIER_D,2025-07-04 07:00,YAKMOK,40FT,0,0,0,0,0,1,0,0
CARRIER_D,2025-07-04 08:00,YAKMOK,40FT,0,0,0,0,0,1,0,0
CARRIER_D,2025-07-04 09:00,YAKMOK,40FT,1,0,0,0,0,0,1,0
CARRIER_D,2025-07-04 10:00,YAKMOK,40FT,0,0,0,0,0,0,0,0
CARRIER_D,2025-07-04 11:00,YAKMOK,40FT,0,0,0,0,0,0,0,0
CARRIER_D,2025-07-04 12:00,YAKMOK,40FT,0,0,0,0,0,0,0,0
CARRIER_D,2025-07-04 13:00,YAKMOK,40FT,0,0,0,0,0,0,0,0
CARRIER_D,2025-07-04 14:00,YAKMOK,40FT,0,0,0,0,0,0,0,0
CARRIER_D,2025-07-04 15:00,YAKMOK,40FT,0,0,0,0,0,0,0,0
CARRIER_D,2025-07-04 16:00,YAKMOK,40FT,0,0,0,0,0,0,0,0
CARRIER_D,2025-07-04 17:00,YAKMOK,40FT,0,0,0,0,0,0,0,0
CARRIER_D,2025-07-04 18:00,YAKMOK,40FT,0,0,0,0,0,0,0,0
CARRIER_D,2025-07-04 19:00,YAKMOK,40FT,0,0,0,0,0,0,0,0
CARRIER_D,2025-07-04 20:00,YAKMOK,40FT,0,0,0,0,0,0,0,0
CARRIER_D,2025-07-04 21:00,YAKMOK,40FT,0,0,0,0,0,0,0,0
CARRIER_D,2025-07-04 22:00,YAKMOK,40FT,0,0,0,0,0,0,0,0
CARRIER_D,2025-07-04 23:00,YAKMOK,40FT,0,0,0,0,0,0,0,0
CARRIER_D,2025-07-05 00:00,YAKMOK,40FT,0,0,0,0,0,0,0,0
CARRIER_D,2025-07-05 01:00,YAKMOK,40FT,0,0,0,0,0,0,0,0
CARRIER_D,2025-07-05 02:00,YAKMOK,40FT,0,0,0,0,0,0,0,0
CARRIER_D,2025-07-05 03:00,YAKMOK,40FT,0,0,0,0,0,0,0,0
CARRIER_D,2025-07-05 04:00,YAKMOK,40FT,0,0,1,0,0,1,0,0
CARRIER_D,2025-07-05 05:00,YAKMOK,40FT,0,0,0,0,0,1,0,0
CARRIER_D,2025-07-05 06:00,YAKMOK,40FT,0,0,0,0,0,1,0,0
CARRIER_D,2025-07-05 07:00,YAKMOK,40FT,0,0,0,0,0,1,0,0
CARRIER_D,2025-07-05 08:00,YAKMOK,40FT,0,0,0,0,0,1,0,0
CARRIER_D,2025-07-05 09:00,YAKMOK,40FT,0,0,0,0,0,1,0,0
CARRIER_D,2025-07-05 10:00,YAKMOK,40FT,0,0,0,0,0,1,0,0
CARRIER_D,2025-07-05 11:00,YAKMOK,40FT,0,0,0,0,0,1,0,0
CARRIER_D,2025-07-05 12:00,YAKMOK,40FT,0,0,0,0,0,1,0,0
CARRIER_D,2025-07-05 13:00,YAKMOK,40FT,0,0,0,0,0,1,0,0
CARRIER_D,2025-07-05 14:00,YAKMOK,40FT,0,0,0,0,0,1,0,0
CARRIER_D,2025-07-05 15:00,YAKMOK,40FT,0,0,0,0,0,1,0,0
CARRIER_D,2025-07-05 16:00,YAKMOK,40FT,0,0,0,0,0,1,0,0
CARRIER_D,2025-07-05 17:00,YAKMOK,40FT,0,0,0,0,0,1,0,0
CARRIER_D,2025-07-05 18:00,YAKMOK,40FT,0,0,0,0,0,1,0,0
CARRIER_D,2025-07-05 19:00,YAKMOK,40FT,0,0,0,0,0,1,0,0
CARRIER_D,2025-07-05 20:00,YAKMOK,40FT,0,0,0,0,0,1,0,0
CARRIER_D,2025-07-05 21:00,YAKMOK,40FT,0,0,0,0,0,1,0,0
CARRIER_D,2025-07-05 22:00,YAKMOK,40FT,0,0,0,0,0,1,0,0
CARRIER_D,2025-07-05 23:00,YAKMOK,40FT,0,0,0,0,0,1,0,0
CARRIER_D,2025-07-06 00:00,YAKMOK,40FT,0,0,0,0,0,1,0,0
CARRIER_D,2025-07-06 01:00,YAKMOK,40FT,0,0,0,0,0,1,0,0
CARRIER_D,2025-07-06 02:00,YAKMOK,40FT,0,0,0,0,0,1,0,0
CARRIER_D,2025-07-06 03:00,YAKMOK,40FT,0,0,0,0,0,1,0,0
CARRIER_D,2025-07-06 04:00,YAKMOK,40FT,0,0,0,0,0,1,0,0
CARRIER_D,2025-07-06 05:00,YAKMOK,40FT,0,0,0,0,0,1,0,0
CARRIER_D,2025-07-06 06:00,YAKMOK,40FT,0,0,0,0,0,1,0,0
CARRIER_D,2025-07-06 07:00,YAKMOK,40FT,0,0,0,0,0,1,0,0
CARRIER_D,2025-07-06 08:00,YAKMOK,40FT,0,0,0,0,0,1,0,0
CARRIER_D,2025-07-06 09:00,YAKMOK,40FT,0,0,0,0,0,1,0,0
CARRIER_D,2025-07-06 10:00,YAKMOK,40FT,0,0,0,0,0,1,0,0
CARRIER_D,2025-07-06 11:00,YAKMOK,40FT,0,0,0,0,0,1,0,0
CARRIER_D,2025-07-06 12:00,YAKMOK,40FT,0,0,0,0,0,1,0,0
CARRIER_D,2025-07-06 13:00,YAKMOK,40FT,0,0,0,0,0,1,0,0
CARRIER_D,2025-07-06 14:00,YAKMOK,40FT,1,0,0,0,0,0,1,0
CARRIER_D,2025-07-06 15:00,YAKMOK,40FT,0,0,0,0,0,0,0,0
CARRIER_D,2025-07-06 16:00,YAKMOK,40FT,0,0,0,0,0,0,0,0
CARRIER_D,2025-07-06 17:00,YAKMOK,40FT,0,0,0,0,0,0,0,0
CARRIER_D,2025-07-06 18:00,YAKMOK,40FT,0,0,0,0,0,0,0,0
CARRIER_D,2025-07-06 19:00,YAKMOK,40FT,0,0,0,0,0,0,0,0
CARRIER_D,2025-07-06 20:00,YAKMOK,40FT,0,1,0,0,1,1,0,0
CARRIER_D,2025-07-06 21:00,YAKMOK,40FT,0,0,0,0,1,1,0,0
CARRIER_D,2025-07-06 22:00,YAKMOK,40FT,0,0,0,0,1,1,0,0
CARRIER_D,2025-07-06 23:00,YAKMOK,40FT,0,0,0,0,1,1,0,0
CARRIER_D,2025-07-07 00:00,YAKMOK,40FT,0,0,0,0,1,1,0,0
CARRIER_D,2025-07-07 01:00,YAKMOK,40FT,0,0,0,0,1,1,0,0
CARRIER_D,2025-07-07 02:00,YAKMOK,40FT,0,0,0,0,1,1,0,0
CARRIER_D,2025-07-07 03:00,YAKMOK,40FT,0,0,0,0,1,1,0,0
CARRIER_D,2025-07-07 04:00,YAKMOK,40FT,0,0,0,0,1,1,0,0
CARRIER_D,2025-07-07 05:00,YAKMOK,40FT,0,0,0,0,1,1,0,0
CARRIER_D,2025-07-07 06:00,YAKMOK,40FT,0,0,0,0,1,1,0,0
CARRIER_D,2025-07-07 07:00,YAKMOK,40FT,0,0,0,0,1,1,0,0
CARRIER_D,2025-07-07 08:00,YAKMOK,40FT,0,0,0,0,1,1,0,0
CARRIER_D,2025-07-07 09:00,YAKMOK,40FT,0,0,0,0,1,1,0,0
CARRIER_D,2025-07-07 10:00,YAKMOK,40FT,0,0,0,0,1,1,0,0
CARRIER_D,2025-07-07 11:00,YAKMOK,40FT,0,0,0,0,1,1,0,0
CARRIER_D,2025-07-07 12:00,YAKMOK,40FT,0,0,0,0,1,1,0,0
CARRIER_D,2025-07-07 13:00,YAKMOK,40FT,0,1,0,0,2,2,0,0
CARRIER_D,2025-07-07 14:00,YAKMOK,40FT,0,0,0,0,2,2,0,0
CARRIER_D,2025-07-07 15:00,YAKMOK,40FT,0,0,0,0,2,2,0,0
CARRIER_D,2025-07-07 16:00,YAKMOK,40FT,0,0,0,0,2,2,0,0
CARRIER_D,2025-07-07 17:00,YAKMOK,40FT,0,0,0,0,2,2,0,0
CARRIER_D,2025-07-07 18:00,YAKMOK,40FT,0,0,0,0,2,2,0,0
CARRIER_D,2025-07-07 19:00,YAKMOK,40FT,0,0,0,0,2,2,0,0
CARRIER_D,2025-07-07 20:00,YAKMOK,40FT,0,0,0,0,2,2,0,0
CARRIER_D,2025-07-07 21:00,YAKMOK,40FT,0,0,0,0,2,2,0,0
CARRIER_D,2025-07-07 22:00,YAKMOK,40FT,0,0,0,0,2,2,0,0
CARRIER_D,2025-07-07 23:00,YAKMOK,40FT,0,0,0,0,2,2,0,0
CARRIER_E,2025-07-01 00:00,BUGANG,20FT,0,0,0,0,2,2,0,0
CARRIER_E,2025-07-01 01:00,BUGANG,20FT,0,0,0,0,2,2,0,0
CARRIER_E,2025-07-01 02:00,BUGANG,20FT,0,0,0,0,2,2,0,0
CARRIER_E,2025-07-01 03:00,BUGANG,20FT,0,0,0,0,2,2,0,0
CARRIER_E,2025-07-01 04:00,BUGANG,20FT,0,0,0,0,2,2,0,0
CARRIER_E,2025-07-01 05:00,BUGANG,20FT,0,0,0,0,2,2,0,0
CARRIER_E,2025-07-01 06:00,BUGANG,20FT,0,0,0,0,2,2,0,0
CARRIER_E,2025-07-01 07:00,BUGANG,20FT,0,0,0,0,2,2,0,0
CARRIER_E,2025-07-01 08:00,BUGANG,20FT,0,0,0,0,2,2,0,0
CARRIER_E,2025-07-01 09:00,BUGANG,20FT,0,0,0,0,2,2,0,0
CARRIER_E,2025-07-01 10:00,BUGANG,20FT,1,0,0,0,1,1,0,0
CARRIER_E,2025-07-01 11:00,BUGANG,20FT,0,0,0,0,1,1,0,0
CARRIER_E,2025-07-01 12:00,BUGANG,20FT,0,0,0,0,1,1,0,0
CARRIER_E,2025-07-01 13:00,BUGANG,20FT,0,0,0,0,1,1,0,0
CARRIER_E,2025-07-01 14:00,BUGANG,20FT,0,0,0,0,1,1,0,0
CARRIER_E,2025-07-01 15:00,BUGANG,20FT,0,0,0,0,1,1,0,0
CARRIER_E,2025-07-01 16:00,BUGANG,20FT,0,0,0,0,1,1,0,0
CARRIER_E,2025-07-01 17:00,BUGANG,20FT,0,0,0,0,1,1,0,0
CARRIER_E,2025-07-01 18:00,BUGANG,20FT,0,0,0,0,1,1,0,0
CARRIER_E,2025-07-01 19:00,BUGANG,20FT,0,0,0,0,1,1,0,0
CARRIER_E,2025-07-01 20:00,BUGANG,20FT,0,0,0,1,1,0,0,0
CARRIER_E,2025-07-01 21:00,BUGANG,20FT,0,0,0,0,1,0,0,0
CARRIER_E,2025-07-01 22:00,BUGANG,20FT,0,0,0,0,1,0,0,0
CARRIER_E,2025-07-01 23:00,BUGANG,20FT,0,0,0,0,1,0,0,0
CARRIER_E,2025-07-02 00:00,BUGANG,20FT,0,0,0,0,1,0,0,0
CARRIER_E,2025-07-02 01:00,BUGANG,20FT,0,0,0,0,1,0,0,0
CARRIER_E,2025-07-02 02:00,BUGANG,20FT,0,0,0,0,1,0,0,0
CARRIER_E,2025-07-02 03:00,BUGANG,20FT,0,0,0,0,1,0,0,0
CARRIER_E,2025-07-02 04:00,BUGANG,20FT,0,0,0,0,1,0,0,0
CARRIER_E,2025-07-02 05:00,BUGANG,20FT,0,0,0,0,1,0,0,0
CARRIER_E,2025-07-02 06:00,BUGANG,20FT,0,0,0,0,1,0,0,0
CARRIER_E,2025-07-02 07:00,BUGANG,20FT,0,1,0,0,2,1,0,0
CARRIER_E,2025-07-02 08:00,BUGANG,20FT,0,0,0,0,2,1,0,0
CARRIER_E,2025-07-02 09:00,BUGANG,20FT,0,0,0,0,2,1,0,0
CARRIER_E,2025-07-02 10:00,BUGANG,20FT,0,0,0,0,2,1,0,0
CARRIER_E,2025-07-02 11:00,BUGANG,20FT,0,1,0,0,3,2,0,0
CARRIER_E,2025-07-02 12:00,BUGANG,20FT,0,0,0,0,3,2,0,0
CARRIER_E,2025-07-02 13:00,BUGANG,20FT,0,0,0,0,3,2,0,0
CARRIER_E,2025-07-02 14:00,BUGANG,20FT,0,0,0,0,3,2,0,0
CARRIER_E,2025-07-02 15:00,BUGANG,20FT,1,0,0,0,2,1,0,0
CARRIER_E,2025-07-02 16:00,BUGANG,20FT,0,0,0,0,2,1,0,0
CARRIER_E,2025-07-02 17:00,BUGANG,20FT,0,0,0,0,2,1,0,0
CARRIER_E,2025-07-02 18:00,BUGANG,20FT,0,0,0,0,2,1,0,0
CARRIER_E,2025-07-02 19:00,BUGANG,20FT,0,0,0,0,2,1,0,0
CARRIER_E,2025-07-02 20:00,BUGANG,20FT,0,0,0,0,2,1,0,0
CARRIER_E,2025-07-02 21:00,BUGANG,20FT,0,0,0,0,2,1,0,0
CARRIER_E,2025-07-02 22:00,BUGANG,20FT,0,0,0,0,2,1,0,0
CARRIER_E,2025-07-02 23:00,BUGANG,20FT,0,0,0,0,2,1,0,0
CARRIER_E,2025-07-03 00:00,BUGANG,20FT,0,0,0,0,2,1,0,0
CARRIER_E,2025-07-03 01:00,BUGANG,20FT,0,0,0,0,2,1,0,0
CARRIER_E,2025-07-03 02:00,BUGANG,20FT,0,0,0,0,2,1,0,0
CARRIER_E,2025-07-03 03:00,BUGANG,20FT,0,0,0,0,2,1,0,0
CARRIER_E,2025-07-03 04:00,BUGANG,20FT,0,0,0,0,2,1,0,0
CARRIER_E,2025-07-03 05:00,BUGANG,20FT,0,0,0,0,2,1,0,0
CARRIER_E,2025-07-03 06:00,BUGANG,20FT,0,0,0,0,2,1,0,0
CARRIER_E,2025-07-03 07:00,BUGANG,20FT,0,0,0,0,2,1,0,0
CARRIER_E,2025-07-03 08:00,BUGANG,20FT,0,0,0,0,2,1,0,0
CARRIER_E,2025-07-03 09:00,BUGANG,20FT,0,0,0,0,2,1,0,0
CARRIER_E,2025-07-03 10:00,BUGANG,20FT,0,0,0,0,2,1,0,0
CARRIER_E,2025-07-03 11:00,BUGANG,20FT,0,0,0,0,2,1,0,0
CARRIER_E,2025-07-03 12:00,BUGANG,20FT,0,0,0,0,2,1,0,0
CARRIER_E,2025-07-03 13:00,BUGANG,20FT,0,0,0,0,2,1,0,0
CARRIER_E,2025-07-03 14:00,BUGANG,20FT,0,0,0,0,2,1,0,0
CARRIER_E,2025-07-03 15:00,BUGANG,20FT,0,0,0,0,2,1,0,0
CARRIER_E,2025-07-03 16:00,BUGANG,20FT,0,0,0,0,2,1,0,0
CARRIER_E,2025-07-03 17:00,BUGANG,20FT,0,0,0,0,2,1,0,0
CARRIER_E,2025-07-03 18:00,BUGANG,20FT,0,0,0,0,2,1,0,0
CARRIER_E,2025-07-03 19:00,BUGANG,20FT,0,0,0,0,2,1,0,0
CARRIER_E,2025-07-03 20:00,BUGANG,20FT,0,0,0,0,2,1,0,0
CARRIER_E,2025-07-03 21:00,BUGANG,20FT,0,0,0,0,2,1,0,0
CARRIER_E,2025-07-03 22:00,BUGANG,20FT,0,0,0,0,2,1,0,0
CARRIER_E,2025-07-03 23:00,BUGANG,20FT,0,0,0,0,2,1,0,0
CARRIER_E,2025-07-04 00:00,BUGANG,20FT,0,0,0,0,2,1,0,0
CARRIER_E,2025-07-04 01:00,BUGANG,20FT,0,0,0,0,2,1,0,0
CARRIER_E,2025-07-04 02:00,BUGANG,20FT,0,0,0,0,2,1,0,0
CARRIER_E,2025-07-04 03:00,BUGANG,20FT,0,0,0,0,2,1,0,0
CARRIER_E,2025-07-04 04:00,BUGANG,20FT,0,0,0,0,2,1,0,0
CARRIER_E,2025-07-04 05:00,BUGANG,20FT,0,0,0,0,2,1,0,0
CARRIER_E,2025-07-04 06:00,BUGANG,20FT,0,0,0,0,2,1,0,0
CARRIER_E,2025-07-04 07:00,BUGANG,20FT,0,0,0,0,2,1,0,0
CARRIER_E,2025-07-04 08:00,BUGANG,20FT,0,0,0,0,2,1,0,0
CARRIER_E,2025-07-04 09:00,BUGANG,20FT,0,0,0,0,2,1,0,0
CARRIER_E,2025-07-04 10:00,BUGANG,20FT,0,0,0,0,2,1,0,0
CARRIER_E,2025-07-04 11:00,BUGANG,20FT,0,0,0,0,2,1,0,0
CARRIER_E,2025-07-04 12:00,BUGANG,20FT,0,0,0,0,2,1,0,0
CARRIER_E,2025-07-04 13:00,BUGANG,20FT,0,0,0,0,2,1,0,0
CARRIER_E,2025-07-04 14:00,BUGANG,20FT,0,0,0,0,2,1,0,0
CARRIER_E,2025-07-04 15:00,BUGANG,20FT,0,0,0,0,2,1,0,0
CARRIER_E,2025-07-04 16:00,BUGANG,20FT,0,0,0,0,2,1,0,0
CARRIER_E,2025-07-04 17:00,BUGANG,20FT,0,0,0,0,2,1,0,0
CARRIER_E,2025-07-04 18:00,BUGANG,20FT,1,0,0,0,1,0,0,0
CARRIER_E,2025-07-04 19:00,BUGANG,20FT,0,0,0,0,1,0,0,0
CARRIER_E,2025-07-04 20:00,BUGANG,20FT,0,0,0,0,1,0,0,0
CARRIER_E,2025-07-04 21:00,BUGANG,20FT,0,0,0,0,1,0,0,0
CARRIER_E,2025-07-04 22:00,BUGANG,20FT,0,0,0,0,1,0,0,0
CARRIER_E,2025-07-04 23:00,BUGANG,20FT,0,0,0,0,1,0,0,0
CARRIER_E,2025-07-05 00:00,BUGANG,20FT,0,0,0,0,1,0,0,0
CARRIER_E,2025-07-05 01:00,BUGANG,20FT,0,0,0,0,1,0,0,0
CARRIER_E,2025-07-05 02:00,BUGANG,20FT,0,0,0,0,1,0,0,0
CARRIER_E,2025-07-05 03:00,BUGANG,20FT,0,0,0,0,1,0,0,0
CARRIER_E,2025-07-05 04:00,BUGANG,20FT,0,0,0,0,1,0,0,0
CARRIER_E,2025-07-05 05:00,BUGANG,20FT,0,0,0,0,1,0,0,0
CARRIER_E,2025-07-05 06:00,BUGANG,20FT,0,0,0,0,1,0,0,0
CARRIER_E,2025-07-05 07:00,BUGANG,20FT,0,0,0,0,1,0,0,0
CARRIER_E,2025-07-05 08:00,BUGANG,20FT,0,0,0,0,1,0,0,0
CARRIER_E,2025-07-05 09:00,BUGANG,20FT,0,0,0,0,1,0,0,0
CARRIER_E,2025-07-05 10:00,BUGANG,20FT,0,0,0,0,1,0,0,0
CARRIER_E,2025-07-05 11:00,BUGANG,20FT,0,0,0,0,1,0,0,0
CARRIER_E,2025-07-05 12:00,BUGANG,20FT,0,0,0,0,1,0,0,0
CARRIER_E,2025-07-05 13:00,BUGANG,20FT,0,0,0,0,1,0,0,0
CARRIER_E,2025-07-05 14:00,BUGANG,20FT,0,1,0,0,2,1,0,0
CARRIER_E,2025-07-05 15:00,BUGANG,20FT,0,0,0,0,2,1,0,0
CARRIER_E,2025-07-05 16:00,BUGANG,20FT,0,0,0,0,2,1,0,0
CARRIER_E,2025-07-05 17:00,BUGANG,20FT,0,0,0,0,2,1,0,0
CARRIER_E,2025-07-05 18:00,BUGANG,20FT,0,0,0,0,2,1,0,0
CARRIER_E,2025-07-05 19:00,BUGANG,20FT,0,0,0,0,2,1,0,0
CARRIER_E,2025-07-05 20:00,BUGANG,20FT,0,1,0,0,3,2,0,0
CARRIER_E,2025-07-05 21:00,BUGANG,20FT,0,0,0,0,3,2,0,0
CARRIER_E,2025-07-05 22:00,BUGANG,20FT,0,0,0,0,3,2,0,0
CARRIER_E,2025-07-05 23:00,BUGANG,20FT,0,0,0,0,3,2,0,0
CARRIER_E,2025-07-06 00:00,BUGANG,20FT,0,0,0,0,3,2,0,0
CARRIER_E,2025-07-06 01:00,BUGANG,20FT,0,0,0,0,3,2,0,0
CARRIER_E,2025-07-06 02:00,BUGANG,20FT,0,0,0,0,3,2,0,0
CARRIER_E,2025-07-06 03:00,BUGANG,20FT,0,0,0,0,3,2,0,0
CARRIER_E,2025-07-06 04:00,BUGANG,20FT,0,0,0,0,3,2,0,0
CARRIER_E,2025-07-06 05:00,BUGANG,20FT,0,0,0,0,3,2,0,0
CARRIER_E,2025-07-06 06:00,BUGANG,20FT,0,0,0,0,3,2,0,0
CARRIER_E,2025-07-06 07:00,BUGANG,20FT,0,0,0,0,3,2,0,0
CARRIER_E,2025-07-06 08:00,BUGANG,20FT,0,0,0,0,3,2,0,0
CARRIER_E,2025-07-06 09:00,BUGANG,20FT,0,0,0,0,3,2,0,0
CARRIER_E,2025-07-06 10:00,BUGANG,20FT,0,0,0,0,3,2,0,0
CARRIER_E,2025-07-06 11:00,BUGANG,20FT,0,0,0,0,3,2,0,0
CARRIER_E,2025-07-06 12:00,BUGANG,20FT,0,0,0,0,3,2,0,0
CARRIER_E,2025-07-06 13:00,BUGANG,20FT,0,0,0,0,3,2,0,0
CARRIER_E,2025-07-06 14:00,BUGANG,20FT,0,0,0,0,3,2,0,0
CARRIER_E,2025-07-06 15:00,BUGANG,20FT,1,1,0,0,3,2,0,0
CARRIER_E,2025-07-06 16:00,BUGANG,20FT,0,0,0,0,3,2,0,0
CARRIER_E,2025-07-06 17:00,BUGANG,20FT,0,0,0,0,3,2,0,0
CARRIER_E,2025-07-06 18:00,BUGANG,20FT,0,0,0,0,3,2,0,0
CARRIER_E,2025-07-06 19:00,BUGANG,20FT,0,0,0,0,3,2,0,0
CARRIER_E,2025-07-06 20:00,BUGANG,20FT,0,0,0,0,3,2,0,0
CARRIER_E,2025-07-06 21:00,BUGANG,20FT,0,0,0,0,3,2,0,0
CARRIER_E,2025-07-06 22:00,BUGANG,20FT,0,0,0,0,3,2,0,0
CARRIER_E,2025-07-06 23:00,BUGANG,20FT,0,0,0,0,3,2,0,0
CARRIER_E,2025-07-07 00:00,BUGANG,20FT,0,0,0,0,3,2,0,0
CARRIER_E,2025-07-07 01:00,BUGANG,20FT,0,0,0,0,3,2,0,0
CARRIER_E,2025-07-07 02:00,BUGANG,20FT,0,0,0,0,3,2,0,0
CARRIER_E,2025-07-07 03:00,BUGANG,20FT,0,0,0,0,3,2,0,0
CARRIER_E,2025-07-07 04:00,BUGANG,20FT,0,0,0,0,3,2,0,0
CARRIER_E,2025-07-07 05:00,BUGANG,20FT,0,0,0,0,3,2,0,0
CARRIER_E,2025-07-07 06:00,BUGANG,20FT,0,0,0,0,3,2,0,0
CARRIER_E,2025-07-07 07:00,BUGANG,20FT,0,0,0,0,3,2,0,0
CARRIER_E,2025-07-07 08:00,BUGANG,20FT,0,0,0,0,3,2,0,0
CARRIER_E,2025-07-07 09:00,BUGANG,20FT,0,0,0,0,3,2,0,0
CARRIER_E,2025-07-07 10:00,BUGANG,20FT,0,1,0,0,4,3,0,0
CARRIER_E,2025-07-07 11:00,BUGANG,20FT,0,0,0,0,4,3,0,0
CARRIER_E,2025-07-07 12:00,BUGANG,20FT,0,1,0,0,5,4,0,0
CARRIER_E,2025-07-07 13:00,BUGANG,20FT,0,0,0,0,5,4,0,0
CARRIER_E,2025-07-07 14:00,BUGANG,20FT,1,0,0,0,4,3,0,0
CARRIER_E,2025-07-07 15:00,BUGANG,20FT,0,0,0,0,4,3,0,0
CARRIER_E,2025-07-07 16:00,BUGANG,20FT,0,0,0,0,4,3,0,0
CARRIER_E,2025-07-07 17:00,BUGANG,20FT,0,0,0,0,4,3,0,0
CARRIER_E,2025-07-07 18:00,BUGANG,20FT,0,0,0,0,4,3,0,0
CARRIER_E,2025-07-07 19:00,BUGANG,20FT,0,0,0,0,4,3,0,0
CARRIER_E,2025-07-07 20:00,BUGANG,20FT,0,0,0,0,4,3,0,0
CARRIER_E,2025-07-07 21:00,BUGANG,20FT,0,0,0,0,4,3,0,0
CARRIER_E,2025-07-07 22:00,BUGANG,20FT,0,0,0,0,4,3,0,0
CARRIER_E,2025-07-07 23:00,BUGANG,20FT,0,0,0,0,4,3,0,0
CARRIER_E,2025-07-01 00:00,BUGANG,40FT,0,0,0,0,0,0,0,0
CARRIER_E,2025-07-01 01:00,BUGANG,40FT,0,0,0,0,0,0,0,0
CARRIER_E,2025-07-01 02:00,BUGANG,40FT,0,0,0,0,0,0,0,0
CARRIER_E,2025-07-01 03:00,BUGANG,40FT,0,0,0,0,0,0,0,0
CARRIER_E,2025-07-01 04:00,BUGANG,40FT,0,0,0,0,0,0,0,0
CARRIER_E,2025-07-01 05:00,BUGANG,40FT,0,0,0,0,0,0,0,0
CARRIER_E,2025-07-01 06:00,BUGANG,40FT,0,0,0,0,0,0,0,0
CARRIER_E,2025-07-01 07:00,BUGANG,40FT,0,0,0,0,0,0,0,0
CARRIER_E,2025-07-01 08:00,BUGANG,40FT,0,0,0,0,0,0,0,0
CARRIER_E,2025-07-01 09:00,BUGANG,40FT,0,0,0,0,0,0,0,0
CARRIER_E,2025-07-01 10:00,BUGANG,40FT,0,0,0,0,0,0,0,0
CARRIER_E,2025-07-01 11:00,BUGANG,40FT,0,0,0,0,0,0,0,0
CARRIER_E,2025-07-01 12:00,BUGANG,40FT,0,0,0,0,0,0,0,0
CARRIER_E,2025-07-01 13:00,BUGANG,40FT,0,0,0,0,0,0,0,0
CARRIER_E,2025-07-01 14:00,BUGANG,40FT,0,0,0,0,0,0,0,0
CARRIER_E,2025-07-01 15:00,BUGANG,40FT,0,0,0,0,0,0,0,0
CARRIER_E,2025-07-01 16:00,BUGANG,40FT,0,0,0,0,0,0,0,0
CARRIER_E,2025-07-01 17:00,BUGANG,40FT,0,0,0,0,0,0,0,0
CARRIER_E,2025-07-01 18:00,BUGANG,40FT,0,0,0,0,0,0,0,0
CARRIER_E,2025-07-01 19:00,BUGANG,40FT,0,0,0,0,0,0,0,0
CARRIER_E,2025-07-01 20:00,BUGANG,40FT,0,0,0,0,0,0,0,0
CARRIER_E,2025-07-01 21:00,BUGANG,40FT,0,0,0,0,0,0,0,0
CARRIER_E,2025-07-01 22:00,BUGANG,40FT,0,0,0,0,0,0,0,0
CARRIER_E,2025-07-01 23:00,BUGANG,40FT,0,0,0,0,0,0,0,0
CARRIER_E,2025-07-02 00:00,BUGANG,40FT,0,0,0,0,0,0,0,0
CARRIER_E,2025-07-02 01:00,BUGANG,40FT,0,0,0,0,0,0,0,0
CARRIER_E,2025-07-02 02:00,BUGANG,40FT,0,0,0,0,0,0,0,0
CARRIER_E,2025-07-02 03:00,BUGANG,40FT,0,0,0,0,0,0,0,0
CARRIER_E,2025-07-02 04:00,BUGANG,40FT,0,0,0,0,0,0,0,0
CARRIER_E,2025-07-02 05:00,BUGANG,40FT,0,0,0,0,0,0,0,0
CARRIER_E,2025-07-02 06:00,BUGANG,40FT,0,0,0,0,0,0,0,0
CARRIER_E,2025-07-02 07:00,BUGANG,40FT,0,0,0,0,0,0,0,0
CARRIER_E,2025-07-02 08:00,BUGANG,40FT,0,0,0,0,0,0,0,0
CARRIER_E,2025-07-02 09:00,BUGANG,40FT,0,0,0,0,0,0,0,0
CARRIER_E,2025-07-02 10:00,BUGANG,40FT,0,0,0,0,0,0,0,0
CARRIER_E,2025-07-02 11:00,BUGANG,40FT,0,0,0,0,0,0,0,0
CARRIER_E,2025-07-02 12:00,BUGANG,40FT,0,0,0,0,0,0,0,0
CARRIER_E,2025-07-02 13:00,BUGANG,40FT,0,0,0,0,0,0,0,0
CARRIER_E,2025-07-02 14:00,BUGANG,40FT,0,0,0,0,0,0,0,0
CARRIER_E,2025-07-02 15:00,BUGANG,40FT,0,0,0,0,0,0,0,0
CARRIER_E,2025-07-02 16:00,BUGANG,40FT,0,0,0,0,0,0,0,0
CARRIER_E,2025-07-02 17:00,BUGANG,40FT,0,0,0,0,0,0,0,0
CARRIER_E,2025-07-02 18:00,BUGANG,40FT,0,0,0,0,0,0,0,0
CARRIER_E,2025-07-02 19:00,BUGANG,40FT,0,0,0,0,0,0,0,0
CARRIER_E,2025-07-02 20:00,BUGANG,40FT,0,0,0,0,0,0,0,0
CARRIER_E,2025-07-02 21:00,BUGANG,40FT,0,0,0,0,0,0,0,0
CARRIER_E,2025-07-02 22:00,BUGANG,40FT,0,0,0,0,0,0,0,0
CARRIER_E,2025-07-02 23:00,BUGANG,40FT,0,0,0,0,0,0,0,0
CARRIER_E,2025-07-03 00:00,BUGANG,40FT,0,0,0,0,0,0,0,0
CARRIER_E,2025-07-03 01:00,BUGANG,40FT,0,0,0,0,0,0,0,0
CARRIER_E,2025-07-03 02:00,BUGANG,40FT,0,0,0,0,0,0,0,0
CARRIER_E,2025-07-03 03:00,BUGANG,40FT,0,0,0,0,0,0,0,0
CARRIER_E,2025-07-03 04:00,BUGANG,40FT,0,0,0,0,0,0,0,0
CARRIER_E,2025-07-03 05:00,BUGANG,40FT,0,0,0,0,0,0,0,0
CARRIER_E,2025-07-03 06:00,BUGANG,40FT,0,0,0,0,0,0,0,0
CARRIER_E,2025-07-03 07:00,BUGANG,40FT,0,0,0,0,0,0,0,0
CARRIER_E,2025-07-03 08:00,BUGANG,40FT,0,0,0,0,0,0,0,0
CARRIER_E,2025-07-03 09:00,BUGANG,40FT,0,0,0,0,0,0,0,0
CARRIER_E,2025-07-03 10:00,BUGANG,40FT,0,0,0,0,0,0,0,0
CARRIER_E,2025-07-03 11:00,BUGANG,40FT,0,0,0,0,0,0,0,0
CARRIER_E,2025-07-03 12:00,BUGANG,40FT,0,0,0,0,0,0,0,0
CARRIER_E,2025-07-03 13:00,BUGANG,40FT,0,0,0,0,0,0,0,0
CARRIER_E,2025-07-03 14:00,BUGANG,40FT,0,0,0,0,0,0,0,0
CARRIER_E,2025-07-03 15:00,BUGANG,40FT,0,0,0,0,0,0,0,0
CARRIER_E,2025-07-03 16:00,BUGANG,40FT,0,0,0,0,0,0,0,0
CARRIER_E,2025-07-03 17:00,BUGANG,40FT,0,0,0,0,0,0,0,0
CARRIER_E,2025-07-03 18:00,BUGANG,40FT,0,0,0,0,0,0,0,0
CARRIER_E,2025-07-03 19:00,BUGANG,40FT,0,0,0,0,0,0,0,0
CARRIER_E,2025-07-03 20:00,BUGANG,40FT,0,0,0,0,0,0,0,0
CARRIER_E,2025-07-03 21:00,BUGANG,40FT,0,0,0,0,0,0,0,0
CARRIER_E,2025-07-03 22:00,BUGANG,40FT,0,0,0,0,0,0,0,0
CARRIER_E,2025-07-03 23:00,BUGANG,40FT,0,0,0,0,0,0,0,0
CARRIER_E,2025-07-04 00:00,BUGANG,40FT,0,0,0,0,0,0,0,0
CARRIER_E,2025-07-04 01:00,BUGANG,40FT,0,0,0,0,0,0,0,0
CARRIER_E,2025-07-04 02:00,BUGANG,40FT,0,0,0,0,0,0,0,0
CARRIER_E,2025-07-04 03:00,BUGANG,40FT,0,0,0,0,0,0,0,0
CARRIER_E,2025-07-04 04:00,BUGANG,40FT,0,0,0,0,0,0,0,0
CARRIER_E,2025-07-04 05:00,BUGANG,40FT,0,0,0,0,0,0,0,0
CARRIER_E,2025-07-04 06:00,BUGANG,40FT,0,0,0,0,0,0,0,0
CARRIER_E,2025-07-04 07:00,BUGANG,40FT,0,0,0,0,0,0,0,0
CARRIER_E,2025-07-04 08:00,BUGANG,40FT,0,0,0,0,0,0,0,0
CARRIER_E,2025-07-04 09:00,BUGANG,40FT,0,0,0,0,0,0,0,0
CARRIER_E,2025-07-04 10:00,BUGANG,40FT,0,0,0,0,0,0,0,0
CARRIER_E,2025-07-04 11:00,BUGANG,40FT,0,0,0,0,0,0,0,0
CARRIER_E,2025-07-04 12:00,BUGANG,40FT,0,0,0,0,0,0,0,0
CARRIER_E,2025-07-04 13:00,BUGANG,40FT,0,0,0,0,0,0,0,0
CARRIER_E,2025-07-04 14:00,BUGANG,40FT,0,0,0,0,0,0,0,0
CARRIER_E,2025-07-04 15:00,BUGANG,40FT,0,0,0,0,0,0,0,0
CARRIER_E,2025-07-04 16:00,BUGANG,40FT,0,0,0,0,0,0,0,0
CARRIER_E,2025-07-04 17:00,BUGANG,40FT,0,0,0,0,0,0,0,0
CARRIER_E,2025-07-04 18:00,BUGANG,40FT,0,0,0,0,0,0,0,0
CARRIER_E,2025-07-04 19:00,BUGANG,40FT,0,0,0,0,0,0,0,0
CARRIER_E,2025-07-04 20:00,BUGANG,40FT,0,0,0,0,0,0,0,0
CARRIER_E,2025-07-04 21:00,BUGANG,40FT,0,0,0,0,0,0,0,0
CARRIER_E,2025-07-04 22:00,BUGANG,40FT,0,0,0,0,0,0,0,0
CARRIER_E,2025-07-04 23:00,BUGANG,40FT,0,0,0,0,0,0,0,0
CARRIER_E,2025-07-05 00:00,BUGANG,40FT,0,0,0,0,0,0,0,0
CARRIER_E,2025-07-05 01:00,BUGANG,40FT,0,0,0,0,0,0,0,0
CARRIER_E,2025-07-05 02:00,BUGANG,40FT,0,0,0,0,0,0,0,0
CARRIER_E,2025-07-05 03:00,BUGANG,40FT,0,0,0,0,0,0,0,0
CARRIER_E,2025-07-05 04:00,BUGANG,40FT,0,0,0,0,0,0,0,0
CARRIER_E,2025-07-05 05:00,BUGANG,40FT,0,0,0,0,0,0,0,0
CARRIER_E,2025-07-05 06:00,BUGANG,40FT,0,0,0,0,0,0,0,0
CARRIER_E,2025-07-05 07:00,BUGANG,40FT,0,0,0,0,0,0,0,0
CARRIER_E,2025-07-05 08:00,BUGANG,40FT,0,0,0,0,0,0,0,0
CARRIER_E,2025-07-05 09:00,BUGANG,40FT,0,0,0,0,0,0,0,0
CARRIER_E,2025-07-05 10:00,BUGANG,40FT,0,0,0,0,0,0,0,0
CARRIER_E,2025-07-05 11:00,BUGANG,40FT,0,0,0,0,0,0,0,0
CARRIER_E,2025-07-05 12:00,BUGANG,40FT,0,0,0,0,0,0,0,0
CARRIER_E,2025-07-05 13:00,BUGANG,40FT,0,0,0,0,0,0,0,0
CARRIER_E,2025-07-05 14:00,BUGANG,40FT,0,0,0,0,0,0,0,0
CARRIER_E,2025-07-05 15:00,BUGANG,40FT,0,0,0,0,0,0,0,0
CARRIER_E,2025-07-05 16:00,BUGANG,40FT,0,0,0,0,0,0,0,0
CARRIER_E,2025-07-05 17:00,BUGANG,40FT,0,0,0,0,0,0,0,0
CARRIER_E,2025-07-05 18:00,BUGANG,40FT,0,0,0,0,0,0,0,0
CARRIER_E,2025-07-05 19:00,BUGANG,40FT,0,0,0,0,0,0,0,0
CARRIER_E,2025-07-05 20:00,BUGANG,40FT,0,0,0,0,0,0,0,0
CARRIER_E,2025-07-05 21:00,BUGANG,40FT,0,0,0,0,0,0,0,0
CARRIER_E,2025-07-05 22:00,BUGANG,40FT,0,0,0,0,0,0,0,0
CARRIER_E,2025-07-05 23:00,BUGANG,40FT,0,0,0,0,0,0,0,0
CARRIER_E,2025-07-06 00:00,BUGANG,40FT,0,0,0,0,0,0,0,0
CARRIER_E,2025-07-06 01:00,BUGANG,40FT,0,0,0,0,0,0,0,0
CARRIER_E,2025-07-06 02:00,BUGANG,40FT,0,0,0,0,0,0,0,0
CARRIER_E,2025-07-06 03:00,BUGANG,40FT,0,0,0,0,0,0,0,0
CARRIER_E,2025-07-06 04:00,BUGANG,40FT,0,0,0,0,0,0,0,0
CARRIER_E,2025-07-06 05:00,BUGANG,40FT,0,0,0,0,0,0,0,0
CARRIER_E,2025-07-06 06:00,BUGANG,40FT,0,0,0,0,0,0,0,0
CARRIER_E,2025-07-06 07:00,BUGANG,40FT,0,0,0,0,0,0,0,0
CARRIER_E,2025-07-06 08:00,BUGANG,40FT,0,0,0,0,0,0,0,0
CARRIER_E,2025-07-06 09:00,BUGANG,40FT,0,0,0,0,0,0,0,0
CARRIER_E,2025-07-06 10:00,BUGANG,40FT,0,0,0,0,0,0,0,0
CARRIER_E,2025-07-06 11:00,BUGANG,40FT,0,0,0,0,0,0,0,0
CARRIER_E,2025-07-06 12:00,BUGANG,40FT,0,0,0,0,0,0,0,0
CARRIER_E,2025-07-06 13:00,BUGANG,40FT,0,0,0,0,0,0,0,0
CARRIER_E,2025-07-06 14:00,BUGANG,40FT,0,0,0,0,0,0,0,0
CARRIER_E,2025-07-06 15:00,BUGANG,40FT,0,0,0,0,0,0,0,0
CARRIER_E,2025-07-06 16:00,BUGANG,40FT,0,0,0,0,0,0,0,0
CARRIER_E,2025-07-06 17:00,BUGANG,40FT,0,0,0,0,0,0,0,0
CARRIER_E,2025-07-06 18:00,BUGANG,40FT,0,0,0,0,0,0,0,0
CARRIER_E,2025-07-06 19:00,BUGANG,40FT,0,0,0,0,0,0,0,0
CARRIER_E,2025-07-06 20:00,BUGANG,40FT,0,0,0,0,0,0,0,0
CARRIER_E,2025-07-06 21:00,BUGANG,40FT,0,0,0,0,0,0,0,0
CARRIER_E,2025-07-06 22:00,BUGANG,40FT,0,0,0,0,0,0,0,0
CARRIER_E,2025-07-06 23:00,BUGANG,40FT,0,0,0,0,0,0,0,0
CARRIER_E,2025-07-07 00:00,BUGANG,40FT,0,0,0,0,0,0,0,0
CARRIER_E,2025-07-07 01:00,BUGANG,40FT,0,0,0,0,0,0,0,0
CARRIER_E,2025-07-07 02:00,BUGANG,40FT,0,0,0,0,0,0,0,0
CARRIER_E,2025-07-07 03:00,BUGANG,40FT,0,0,0,0,0,0,0,0
CARRIER_E,2025-07-07 04:00,BUGANG,40FT,0,0,0,0,0,0,0,0
CARRIER_E,2025-07-07 05:00,BUGANG,40FT,0,0,0,0,0,0,0,0
CARRIER_E,2025-07-07 06:00,BUGANG,40FT,0,0,0,0,0,0,0,0
CARRIER_E,2025-07-07 07:00,BUGANG,40FT,0,0,0,0,0,0,0,0
CARRIER_E,2025-07-07 08:00,BUGANG,40FT,0,0,0,0,0,0,0,0
CARRIER_E,2025-07-07 09:00,BUGANG,40FT,0,0,0,0,0,0,0,0
CARRIER_E,2025-07-07 10:00,BUGANG,40FT,0,0,0,0,0,0,0,0
CARRIER_E,2025-07-07 11:00,BUGANG,40FT,0,0,0,0,0,0,0,0
CARRIER_E,2025-07-07 12:00,BUGANG,40FT,0,0,0,0,0,0,0,0
CARRIER_E,2025-07-07 13:00,BUGANG,40FT,0,0,0,0,0,0,0,0
CARRIER_E,2025-07-07 14:00,BUGANG,40FT,0,0,0,0,0,0,0,0
CARRIER_E,2025-07-07 15:00,BUGANG,40FT,0,0,0,0,0,0,0,0
CARRIER_E,2025-07-07 16:00,BUGANG,40FT,0,0,0,0,0,0,0,0
CARRIER_E,2025-07-07 17:00,BUGANG,40FT,0,0,0,0,0,0,0,0
CARRIER_E,2025-07-07 18:00,BUGANG,40FT,0,0,0,0,0,0,0,0
CARRIER_E,2025-07-07 19:00,BUGANG,40FT,0,0,0,0,0,0,0,0
CARRIER_E,2025-07-07 20:00,BUGANG,40FT,0,0,0,0,0,0,0,0
CARRIER_E,2025-07-07 21:00,BUGANG,40FT,0,0,0,0,0,0,0,0
CARRIER_E,2025-07-07 22:00,BUGANG,40FT,0,0,0,0,0,0,0,0
CARRIER_E,2025-07-07 23:00,BUGANG,40FT,0,0,0,0,0,0,0,0
CARRIER_E,2025-07-01 00:00,BUSAN,20FT,0,0,0,0,2,2,0,0
CARRIER_E,2025-07-01 01:00,BUSAN,20FT,0,0,0,0,2,2,0,0
CARRIER_E,2025-07-01 02:00,BUSAN,20FT,0,0,0,0,2,2,0,0
CARRIER_E,2025-07-01 03:00,BUSAN,20FT,0,0,0,0,2,2,0,0
CARRIER_E,2025-07-01 04:00,BUSAN,20FT,0,0,0,0,2,2,0,0
CARRIER_E,2025-07-01 05:00,BUSAN,20FT,0,0,0,0,2,2,0,0
CARRIER_E,2025-07-01 06:00,BUSAN,20FT,0,0,0,0,2,2,0,0
CARRIER_E,2025-07-01 07:00,BUSAN,20FT,0,0,0,0,2,2,0,0
CARRIER_E,2025-07-01 08:00,BUSAN,20FT,0,0,0,0,2,2,0,0
CARRIER_E,2025-07-01 09:00,BUSAN,20FT,0,0,0,0,2,2,0,0
CARRIER_E,2025-07-01 10:00,BUSAN,20FT,0,2,0,0,4,4,0,0
CARRIER_E,2025-07-01 11:00,BUSAN,20FT,0,0,0,0,4,4,0,0
CARRIER_E,2025-07-01 12:00,BUSAN,20FT,0,0,0,0,4,4,0,0
CARRIER_E,2025-07-01 13:00,BUSAN,20FT,0,0,0,0,4,4,0,0
CARRIER_E,2025-07-01 14:00,BUSAN,20FT,0,0,0,0,4,4,0,0
CARRIER_E,2025-07-01 15:00,BUSAN,20FT,1,0,0,0,3,3,0,0
CARRIER_E,2025-07-01 16:00,BUSAN,20FT,1,1,0,0,3,3,0,0
CARRIER_E,2025-07-01 17:00,BUSAN,20FT,0,0,0,0,3,3,0,0
CARRIER_E,2025-07-01 18:00,BUSAN,20FT,0,0,0,0,3,3,0,0
CARRIER_E,2025-07-01 19:00,BUSAN,20FT,0,0,0,0,3,3,0,0
CARRIER_E,2025-07-01 20:00,BUSAN,20FT,0,0,0,0,3,3,0,0
CARRIER_E,2025-07-01 21:00,BUSAN,20FT,0,0,0,0,3,3,0,0
CARRIER_E,2025-07-01 22:00,BUSAN,20FT,0,0,0,0,3,3,0,0
CARRIER_E,2025-07-01 23:00,BUSAN,20FT,0,0,0,0,3,3,0,0
CARRIER_E,2025-07-02 00:00,BUSAN,20FT,0,0,0,0,3,3,0,0
CARRIER_E,2025-07-02 01:00,BUSAN,20FT,0,0,0,0,3,3,0,0
CARRIER_E,2025-07-02 02:00,BUSAN,20FT,0,0,0,0,3,3,0,0
CARRIER_E,2025-07-02 03:00,BUSAN,20FT,0,0,0,0,3,3,0,0
CARRIER_E,2025-07-02 04:00,BUSAN,20FT,0,0,0,0,3,3,0,0
CARRIER_E,2025-07-02 05:00,BUSAN,20FT,0,0,0,0,3,3,0,0
CARRIER_E,2025-07-02 06:00,BUSAN,20FT,0,0,0,0,3,3,0,0
CARRIER_E,2025-07-02 07:00,BUSAN,20FT,1,0,0,0,2,2,0,0
CARRIER_E,2025-07-02 08:00,BUSAN,20FT,0,0,0,0,2,2,0,0
CARRIER_E,2025-07-02 09:00,BUSAN,20FT,0,0,4,0,2,6,0,0
CARRIER_E,2025-07-02 10:00,BUSAN,20FT,0,0,0,0,2,6,0,0
CARRIER_E,2025-07-02 11:00,BUSAN,20FT,0,0,0,0,2,6,0,0
CARRIER_E,2025-07-02 12:00,BUSAN,20FT,0,0,0,0,2,6,0,0
CARRIER_E,2025-07-02 13:00,BUSAN,20FT,0,0,0,0,2,6,0,0
CARRIER_E,2025-07-02 14:00,BUSAN,20FT,0,0,0,0,2,6,0,0
CARRIER_E,2025-07-02 15:00,BUSAN,20FT,0,0,0,0,2,6,0,0
CARRIER_E,2025-07-02 16:00,BUSAN,20FT,0,0,0,0,2,6,0,0
CARRIER_E,2025-07-02 17:00,BUSAN,20FT,0,0,0,0,2,6,0,0
CARRIER_E,2025-07-02 18:00,BUSAN,20FT,1,0,0,0,1,5,0,0
CARRIER_E,2025-07-02 19:00,BUSAN,20FT,0,0,0,0,1,5,0,0
CARRIER_E,2025-07-02 20:00,BUSAN,20FT,0,0,0,0,1,5,0,0
CARRIER_E,2025-07-02 21:00,BUSAN,20FT,0,0,0,0,1,5,0,0
CARRIER_E,2025-07-02 22:00,BUSAN,20FT,0,0,0,0,1,5,0,0
CARRIER_E,2025-07-02 23:00,BUSAN,20FT,0,0,0,0,1,5,0,0
CARRIER_E,2025-07-03 00:00,BUSAN,20FT,0,0,0,0,1,5,0,0
CARRIER_E,2025-07-03 01:00,BUSAN,20FT,0,0,0,0,1,5,0,0
CARRIER_E,2025-07-03 02:00,BUSAN,20FT,0,0,0,0,1,5,0,0
CARRIER_E,2025-07-03 03:00,BUSAN,20FT,0,0,0,0,1,5,0,0
CARRIER_E,2025-07-03 04:00,BUSAN,20FT,0,0,0,0,1,5,0,0
CARRIER_E,2025-07-03 05:00,BUSAN,20FT,0,0,0,0,1,5,0,0
CARRIER_E,2025-07-03 06:00,BUSAN,20FT,0,0,0,0,1,5,0,0
CARRIER_E,2025-07-03 07:00,BUSAN,20FT,0,0,0,0,1,5,0,0
CARRIER_E,2025-07-03 08:00,BUSAN,20FT,0,0,0,0,1,5,0,0
CARRIER_E,2025-07-03 09:00,BUSAN,20FT,1,0,0,0,0,4,0,0
CARRIER_E,2025-07-03 10:00,BUSAN,20FT,1,0,0,0,0,3,1,0
CARRIER_E,2025-07-03 11:00,BUSAN,20FT,1,0,0,0,0,2,1,0
CARRIER_E,2025-07-03 12:00,BUSAN,20FT,0,0,0,0,0,2,0,0
CARRIER_E,2025-07-03 13:00,BUSAN,20FT,2,0,0,0,0,0,2,0
CARRIER_E,2025-07-03 14:00,BUSAN,20FT,0,0,0,0,0,0,0,0
CARRIER_E,2025-07-03 15:00,BUSAN,20FT,0,0,0,0,0,0,0,0
CARRIER_E,2025-07-03 16:00,BUSAN,20FT,0,1,0,0,1,1,0,0
CARRIER_E,2025-07-03 17:00,BUSAN,20FT,0,0,0,0,1,1,0,0
CARRIER_E,2025-07-03 18:00,BUSAN,20FT,0,0,0,0,1,1,0,0
CARRIER_E,2025-07-03 19:00,BUSAN,20FT,0,1,0,0,2,2,0,0
CARRIER_E,2025-07-03 20:00,BUSAN,20FT,0,0,0,0,2,2,0,0
CARRIER_E,2025-07-03 21:00,BUSAN,20FT,0,0,0,0,2,2,0,0
CARRIER_E,2025-07-03 22:00,BUSAN,20FT,0,0,0,0,2,2,0,0
CARRIER_E,2025-07-03 23:00,BUSAN,20FT,0,0,0,0,2,2,0,0
CARRIER_E,2025-07-04 00:00,BUSAN,20FT,0,0,0,0,2,2,0,0
CARRIER_E,2025-07-04 01:00,BUSAN,20FT,0,0,0,0,2,2,0,0
CARRIER_E,2025-07-04 02:00,BUSAN,20FT,0,0,0,0,2,2,0,0
CARRIER_E,2025-07-04 03:00,BUSAN,20FT,0,0,0,0,2,2,0,0
CARRIER_E,2025-07-04 04:00,BUSAN,20FT,0,0,0,0,2,2,0,0
CARRIER_E,2025-07-04 05:00,BUSAN,20FT,0,0,0,0,2,2,0,0
CARRIER_E,2025-07-04 06:00,BUSAN,20FT,0,0,0,0,2,2,0,0
CARRIER_E,2025-07-04 07:00,BUSAN,20FT,1,0,0,0,1,1,0,0
CARRIER_E,2025-07-04 08:00,BUSAN,20FT,0,0,0,0,1,1,0,0
CARRIER_E,2025-07-04 09:00,BUSAN,20FT,0,0,0,0,1,1,0,0
CARRIER_E,2025-07-04 10:00,BUSAN,20FT,1,0,0,0,0,0,0,0
CARRIER_E,2025-07-04 11:00,BUSAN,20FT,0,1,0,0,1,1,0,0
CARRIER_E,2025-07-04 12:00,BUSAN,20FT,0,0,0,0,1,1,0,0
CARRIER_E,2025-07-04 13:00,BUSAN,20FT,1,1,0,0,1,1,0,0
CARRIER_E,2025-07-04 14:00,BUSAN,20FT,0,0,0,0,1,1,0,0
CARRIER_E,2025-07-04 15:00,BUSAN,20FT,0,0,0,0,1,1,0,0
CARRIER_E,2025-07-04 16:00,BUSAN,20FT,0,1,0,0,2,2,0,0
CARRIER_E,2025-07-04 17:00,BUSAN,20FT,0,1,0,0,3,3,0,0
CARRIER_E,2025-07-04 18:00,BUSAN,20FT,0,0,0,0,3,3,0,0
CARRIER_E,2025-07-04 19:00,BUSAN,20FT,0,0,0,0,3,3,0,0
CARRIER_E,2025-07-04 20:00,BUSAN,20FT,0,0,0,0,3,3,0,0
CARRIER_E,2025-07-04 21:00,BUSAN,20FT,0,0,0,0,3,3,0,0
CARRIER_E,2025-07-04 22:00,BUSAN,20FT,0,0,0,0,3,3,0,0
CARRIER_E,2025-07-04 23:00,BUSAN,20FT,0,0,0,0,3,3,0,0
CARRIER_E,2025-07-05 00:00,BUSAN,20FT,0,0,0,0,3,3,0,0
CARRIER_E,2025-07-05 01:00,BUSAN,20FT,0,0,0,0,3,3,0,0
CARRIER_E,2025-07-05 02:00,BUSAN,20FT,0,0,0,0,3,3,0,0
CARRIER_E,2025-07-05 03:00,BUSAN,20FT,0,0,0,0,3,3,0,0
CARRIER_E,2025-07-05 04:00,BUSAN,20FT,0,0,0,0,3,3,0,0
CARRIER_E,2025-07-05 05:00,BUSAN,20FT,0,0,0,0,3,3,0,0
CARRIER_E,2025-07-05 06:00,BUSAN,20FT,0,0,0,0,3,3,0,0
CARRIER_E,2025-07-05 07:00,BUSAN,20FT,0,0,0,0,3,3,0,0
CARRIER_E,2025-07-05 08:00,BUSAN,20FT,0,0,0,0,3,3,0,0
CARRIER_E,2025-07-05 09:00,BUSAN,20FT,0,0,0,0,3,3,0,0
CARRIER_E,2025-07-05 10:00,BUSAN,20FT,0,0,0,0,3,3,0,0
CARRIER_E,2025-07-05 11:00,BUSAN,20FT,1,0,0,0,2,2,0,0
CARRIER_E,2025-07-05 12:00,BUSAN,20FT,0,0,0,0,2,2,0,0
CARRIER_E,2025-07-05 13:00,BUSAN,20FT,0,0,0,0,2,2,0,0
CARRIER_E,2025-07-05 14:00,BUSAN,20FT,0,0,0,0,2,2,0,0
CARRIER_E,2025-07-05 15:00,BUSAN,20FT,1,1,0,0,2,2,0,0
CARRIER_E,2025-07-05 16:00,BUSAN,20FT,1,0,0,0,1,1,0,0
CARRIER_E,2025-07-05 17:00,BUSAN,20FT,0,2,0,0,3,3,0,0
CARRIER_E,2025-07-05 18:00,BUSAN,20FT,0,0,0,0,3,3,0,0
CARRIER_E,2025-07-05 19:00,BUSAN,20FT,0,0,0,0,3,3,0,0
CARRIER_E,2025-07-05 20:00,BUSAN,20FT,0,0,0,0,3,3,0,0
CARRIER_E,2025-07-05 21:00,BUSAN,20FT,0,0,0,0,3,3,0,0
CARRIER_E,2025-07-05 22:00,BUSAN,20FT,0,0,0,0,3,3,0,0
CARRIER_E,2025-07-05 23:00,BUSAN,20FT,0,0,0,0,3,3,0,0
CARRIER_E,2025-07-06 00:00,BUSAN,20FT,0,0,0,0,3,3,0,0
CARRIER_E,2025-07-06 01:00,BUSAN,20FT,0,0,0,0,3,3,0,0
CARRIER_E,2025-07-06 02:00,BUSAN,20FT,0,0,0,0,3,3,0,0
CARRIER_E,2025-07-06 03:00,BUSAN,20FT,0,0,0,0,3,3,0,0
CARRIER_E,2025-07-06 04:00,BUSAN,20FT,0,0,0,0,3,3,0,0
CARRIER_E,2025-07-06 05:00,BUSAN,20FT,0,0,0,0,3,3,0,0
CARRIER_E,2025-07-06 06:00,BUSAN,20FT,0,0,0,0,3,3,0,0
CARRIER_E,2025-07-06 07:00,BUSAN,20FT,0,0,0,0,3,3,0,0
CARRIER_E,2025-07-06 08:00,BUSAN,20FT,0,0,0,0,3,3,0,0
CARRIER_E,2025-07-06 09:00,BUSAN,20FT,0,0,0,0,3,3,0,0
CARRIER_E,2025-07-06 10:00,BUSAN,20FT,1,0,0,0,2,2,0,0
CARRIER_E,2025-07-06 11:00,BUSAN,20FT,0,0,0,0,2,2,0,0
CARRIER_E,2025-07-06 12:00,BUSAN,20FT,0,1,0,0,3,3,0,0
CARRIER_E,2025-07-06 13:00,BUSAN,20FT,0,0,0,0,3,3,0,0
CARRIER_E,2025-07-06 14:00,BUSAN,20FT,0,0,0,0,3,3,0,0
CARRIER_E,2025-07-06 15:00,BUSAN,20FT,0,1,0,0,4,4,0,0
CARRIER_E,2025-07-06 16:00,BUSAN,20FT,0,0,0,0,4,4,0,0
CARRIER_E,2025-07-06 17:00,BUSAN,20FT,1,0,0,0,3,3,0,0
CARRIER_E,2025-07-06 18:00,BUSAN,20FT,0,0,0,0,3,3,0,0
CARRIER_E,2025-07-06 19:00,BUSAN,20FT,0,0,0,0,3,3,0,0
CARRIER_E,2025-07-06 20:00,BUSAN,20FT,0,0,0,0,3,3,0,0
CARRIER_E,2025-07-06 21:00,BUSAN,20FT,0,0,0,0,3,3,0,0
CARRIER_E,2025-07-06 22:00,BUSAN,20FT,0,0,0,0,3,3,0,0
CARRIER_E,2025-07-06 23:00,BUSAN,20FT,0,0,0,0,3,3,0,0
CARRIER_E,2025-07-07 00:00,BUSAN,20FT,0,0,0,0,3,3,0,0
CARRIER_E,2025-07-07 01:00,BUSAN,20FT,0,0,0,0,3,3,0,0
CARRIER_E,2025-07-07 02:00,BUSAN,20FT,0,0,0,0,3,3,0,0
CARRIER_E,2025-07-07 03:00,BUSAN,20FT,0,0,0,0,3,3,0,0
CARRIER_E,2025-07-07 04:00,BUSAN,20FT,0,0,0,0,3,3,0,0
CARRIER_E,2025-07-07 05:00,BUSAN,20FT,1,0,0,0,2,2,0,0
CARRIER_E,2025-07-07 06:00,BUSAN,20FT,0,0,0,0,2,2,0,0
CARRIER_E,2025-07-07 07:00,BUSAN,20FT,0,0,0,0,2,2,0,0
CARRIER_E,2025-07-07 08:00,BUSAN,20FT,0,0,0,0,2,2,0,0
CARRIER_E,2025-07-07 09:00,BUSAN,20FT,0,0,0,0,2,2,0,0
CARRIER_E,2025-07-07 10:00,BUSAN,20FT,0,1,0,0,3,3,0,0
CARRIER_E,2025-07-07 11:00,BUSAN,20FT,0,0,0,0,3,3,0,0
CARRIER_E,2025-07-07 12:00,BUSAN,20FT,0,0,0,0,3,3,0,0
CARRIER_E,2025-07-07 13:00,BUSAN,20FT,2,0,0,0,1,1,0,0
CARRIER_E,2025-07-07 14:00,BUSAN,20FT,0,0,0,0,1,1,0,0
CARRIER_E,2025-07-07 15:00,BUSAN,20FT,0,0,0,0,1,1,0,0
CARRIER_E,2025-07-07 16:00,BUSAN,20FT,0,0,0,0,1,1,0,0
CARRIER_E,2025-07-07 17:00,BUSAN,20FT,0,0,0,0,1,1,0,0
CARRIER_E,2025-07-07 18:00,BUSAN,20FT,0,0,0,0,1,1,0,0
CARRIER_E,2025-07-07 19:00,BUSAN,20FT,0,0,0,0,1,1,0,0
CARRIER_E,2025-07-07 20:00,BUSAN,20FT,0,0,0,0,1,1,0,0
CARRIER_E,2025-07-07 21:00,BUSAN,20FT,0,0,0,0,1,1,0,0
CARRIER_E,2025-07-07 22:00,BUSAN,20FT,0,0,0,0,1,1,0,0
CARRIER_E,2025-07-07 23:00,BUSAN,20FT,0,0,0,0,1,1,0,0
CARRIER_E,2025-07-01 00:00,BUSAN,40FT,0,0,0,0,0,0,0,0
CARRIER_E,2025-07-01 01:00,BUSAN,40FT,0,0,0,0,0,0,0,0
CARRIER_E,2025-07-01 02:00,BUSAN,40FT,0,0,0,0,0,0,0,0
CARRIER_E,2025-07-01 03:00,BUSAN,40FT,0,0,0,0,0,0,0,0
CARRIER_E,2025-07-01 04:00,BUSAN,40FT,0,0,0,0,0,0,0,0
CARRIER_E,2025-07-01 05:00,BUSAN,40FT,0,0,0,0,0,0,0,0
CARRIER_E,2025-07-01 06:00,BUSAN,40FT,0,0,0,0,0,0,0,0
CARRIER_E,2025-07-01 07:00,BUSAN,40FT,0,0,0,0,0,0,0,0
CARRIER_E,2025-07-01 08:00,BUSAN,40FT,0,0,0,0,0,0,0,0
CARRIER_E,2025-07-01 09:00,BUSAN,40FT,0,0,0,0,0,0,0,0
CARRIER_E,2025-07-01 10:00,BUSAN,40FT,0,0,0,0,0,0,0,0
CARRIER_E,2025-07-01 11:00,BUSAN,40FT,0,0,0,0,0,0,0,0
CARRIER_E,2025-07-01 12:00,BUSAN,40FT,0,0,0,0,0,0,0,0
CARRIER_E,2025-07-01 13:00,BUSAN,40FT,0,0,0,0,0,0,0,0
CARRIER_E,2025-07-01 14:00,BUSAN,40FT,0,0,0,0,0,0,0,0
CARRIER_E,2025-07-01 15:00,BUSAN,40FT,0,0,0,0,0,0,0,0
CARRIER_E,2025-07-01 16:00,BUSAN,40FT,0,0,0,0,0,0,0,0
CARRIER_E,2025-07-01 17:00,BUSAN,40FT,0,0,0,0,0,0,0,0
CARRIER_E,2025-07-01 18:00,BUSAN,40FT,0,0,0,0,0,0,0,0
CARRIER_E,2025-07-01 19:00,BUSAN,40FT,0,0,0,0,0,0,0,0
CARRIER_E,2025-07-01 20:00,BUSAN,40FT,0,0,0,0,0,0,0,0
CARRIER_E,2025-07-01 21:00,BUSAN,40FT,0,0,0,0,0,0,0,0
CARRIER_E,2025-07-01 22:00,BUSAN,40FT,0,0,0,0,0,0,0,0
CARRIER_E,2025-07-01 23:00,BUSAN,40FT,0,0,0,0,0,0,0,0
CARRIER_E,2025-07-02 00:00,BUSAN,40FT,0,0,0,0,0,0,0,0
CARRIER_E,2025-07-02 01:00,BUSAN,40FT,0,0,0,0,0,0,0,0
CARRIER_E,2025-07-02 02:00,BUSAN,40FT,0,0,0,0,0,0,0,0
CARRIER_E,2025-07-02 03:00,BUSAN,40FT,0,0,0,0,0,0,0,0
CARRIER_E,2025-07-02 04:00,BUSAN,40FT,0,0,0,0,0,0,0,0
CARRIER_E,2025-07-02 05:00,BUSAN,40FT,0,0,0,0,0,0,0,0
CARRIER_E,2025-07-02 06:00,BUSAN,40FT,0,0,0,0,0,0,0,0
CARRIER_E,2025-07-02 07:00,BUSAN,40FT,0,0,0,0,0,0,0,0
CARRIER_E,2025-07-02 08:00,BUSAN,40FT,0,0,0,0,0,0,0,0
CARRIER_E,2025-07-02 09:00,BUSAN,40FT,0,0,0,0,0,0,0,0
CARRIER_E,2025-07-02 10:00,BUSAN,40FT,0,0,0,0,0,0,0,0
CARRIER_E,2025-07-02 11:00,BUSAN,40FT,0,0,0,0,0,0,0,0
CARRIER_E,2025-07-02 12:00,BUSAN,40FT,0,0,0,0,0,0,0,0
CARRIER_E,2025-07-02 13:00,BUSAN,40FT,0,0,0,0,0,0,0,0
CARRIER_E,2025-07-02 14:00,BUSAN,40FT,0,0,0,0,0,0,0,0
CARRIER_E,2025-07-02 15:00,BUSAN,40FT,0,0,0,0,0,0,0,0
CARRIER_E,2025-07-02 16:00,BUSAN,40FT,0,0,0,0,0,0,0,0
CARRIER_E,2025-07-02 17:00,BUSAN,40FT,0,0,0,0,0,0,0,0
CARRIER_E,2025-07-02 18:00,BUSAN,40FT,0,0,0,0,0,0,0,0
CARRIER_E,2025-07-02 19:00,BUSAN,40FT,0,0,0,0,0,0,0,0
CARRIER_E,2025-07-02 20:00,BUSAN,40FT,0,0,0,0,0,0,0,0
CARRIER_E,2025-07-02 21:00,BUSAN,40FT,0,0,0,0,0,0,0,0
CARRIER_E,2025-07-02 22:00,BUSAN,40FT,0,0,0,0,0,0,0,0
CARRIER_E,2025-07-02 23:00,BUSAN,40FT,0,0,0,0,0,0,0,0
CARRIER_E,2025-07-03 00:00,BUSAN,40FT,0,0,0,0,0,0,0,0
CARRIER_E,2025-07-03 01:00,BUSAN,40FT,0,0,0,0,0,0,0,0
CARRIER_E,2025-07-03 02:00,BUSAN,40FT,0,0,0,0,0,0,0,0
CARRIER_E,2025-07-03 03:00,BUSAN,40FT,0,0,0,0,0,0,0,0
CARRIER_E,2025-07-03 04:00,BUSAN,40FT,0,0,0,0,0,0,0,0
CARRIER_E,2025-07-03 05:00,BUSAN,40FT,0,0,0,0,0,0,0,0
CARRIER_E,2025-07-03 06:00,BUSAN,40FT,0,0,0,0,0,0,0,0
CARRIER_E,2025-07-03 07:00,BUSAN,40FT,0,0,0,0,0,0,0,0
CARRIER_E,2025-07-03 08:00,BUSAN,40FT,0,0,0,0,0,0,0,0
CARRIER_E,2025-07-03 09:00,BUSAN,40FT,0,0,0,0,0,0,0,0
CARRIER_E,2025-07-03 10:00,BUSAN,40FT,0,1,0,0,1,1,0,0
CARRIER_E,2025-07-03 11:00,BUSAN,40FT,0,0,0,0,1,1,0,0
CARRIER_E,2025-07-03 12:00,BUSAN,40FT,0,0,0,0,1,1,0,0
CARRIER_E,2025-07-03 13:00,BUSAN,40FT,0,0,0,0,1,1,0,0
CARRIER_E,2025-07-03 14:00,BUSAN,40FT,0,0,0,0,1,1,0,0
CARRIER_E,2025-07-03 15:00,BUSAN,40FT,0,0,0,0,1,1,0,0
CARRIER_E,2025-07-03 16:00,BUSAN,40FT,0,0,0,0,1,1,0,0
CARRIER_E,2025-07-03 17:00,BUSAN,40FT,0,0,0,0,1,1,0,0
CARRIER_E,2025-07-03 18:00,BUSAN,40FT,0,0,0,0,1,1,0,0
CARRIER_E,2025-07-03 19:00,BUSAN,40FT,0,0,0,0,1,1,0,0
CARRIER_E,2025-07-03 20:00,BUSAN,40FT,0,0,0,0,1,1,0,0
CARRIER_E,2025-07-03 21:00,BUSAN,40FT,0,0,0,0,1,1,0,0
CARRIER_E,2025-07-03 22:00,BUSAN,40FT,0,0,0,0,1,1,0,0
CARRIER_E,2025-07-03 23:00,BUSAN,40FT,0,0,0,0,1,1,0,0
CARRIER_E,2025-07-04 00:00,BUSAN,40FT,0,0,0,0,1,1,0,0
CARRIER_E,2025-07-04 01:00,BUSAN,40FT,0,0,0,0,1,1,0,0
CARRIER_E,2025-07-04 02:00,BUSAN,40FT,0,0,0,0,1,1,0,0
CARRIER_E,2025-07-04 03:00,BUSAN,40FT,0,0,0,0,1,1,0,0
CARRIER_E,2025-07-04 04:00,BUSAN,40FT,0,0,0,0,1,1,0,0
CARRIER_E,2025-07-04 05:00,BUSAN,40FT,0,0,0,0,1,1,0,0
CARRIER_E,2025-07-04 06:00,BUSAN,40FT,0,0,0,0,1,1,0,0
CARRIER_E,2025-07-04 07:00,BUSAN,40FT,0,1,0,0,2,2,0,0
CARRIER_E,2025-07-04 08:00,BUSAN,40FT,0,0,0,0,2,2,0,0
CARRIER_E,2025-07-04 09:00,BUSAN,40FT,0,0,0,0,2,2,0,0
CARRIER_E,2025-07-04 10:00,BUSAN,40FT,0,0,0,0,2,2,0,0
CARRIER_E,2025-07-04 11:00,BUSAN,40FT,0,0,0,0,2,2,0,0
CARRIER_E,2025-07-04 12:00,BUSAN,40FT,0,0,0,0,2,2,0,0
CARRIER_E,2025-07-04 13:00,BUSAN,40FT,0,0,0,0,2,2,0,0
CARRIER_E,2025-07-04 14:00,BUSAN,40FT,0,0,0,0,2,2,0,0
CARRIER_E,2025-07-04 15:00,BUSAN,40FT,0,0,0,0,2,2,0,0
CARRIER_E,2025-07-04 16:00,BUSAN,40FT,0,0,0,0,2,2,0,0
CARRIER_E,2025-07-04 17:00,BUSAN,40FT,0,0,0,0,2,2,0,0
CARRIER_E,2025-07-04 18:00,BUSAN,40FT,0,0,0,0,2,2,0,0
CARRIER_E,2025-07-04 19:00,BUSAN,40FT,0,0,0,0,2,2,0,0
CARRIER_E,2025-07-04 20:00,BUSAN,40FT,0,0,0,0,2,2,0,0
CARRIER_E,2025-07-04 21:00,BUSAN,40FT,0,0,0,0,2,2,0,0
CARRIER_E,2025-07-04 22:00,BUSAN,40FT,0,0,0,0,2,2,0,0
CARRIER_E,2025-07-04 23:00,BUSAN,40FT,0,0,0,0,2,2,0,0
CARRIER_E,2025-07-05 00:00,BUSAN,40FT,0,0,0,0,2,2,0,0
CARRIER_E,2025-07-05 01:00,BUSAN,40FT,0,0,0,0,2,2,0,0
CARRIER_E,2025-07-05 02:00,BUSAN,40FT,0,0,0,0,2,2,0,0
CARRIER_E,2025-07-05 03:00,BUSAN,40FT,0,0,0,0,2,2,0,0
CARRIER_E,2025-07-05 04:00,BUSAN,40FT,0,0,0,0,2,2,0,0
CARRIER_E,2025-07-05 05:00,BUSAN,40FT,0,0,0,0,2,2,0,0
CARRIER_E,2025-07-05 06:00,BUSAN,40FT,0,0,0,0,2,2,0,0
CARRIER_E,2025-07-05 07:00,BUSAN,40FT,0,0,0,0,2,2,0,0
CARRIER_E,2025-07-05 08:00,BUSAN,40FT,0,0,0,0,2,2,0,0
CARRIER_E,2025-07-05 09:00,BUSAN,40FT,0,0,0,0,2,2,0,0
CARRIER_E,2025-07-05 10:00,BUSAN,40FT,0,0,0,0,2,2,0,0
CARRIER_E,2025-07-05 11:00,BUSAN,40FT,0,0,0,0,2,2,0,0
CARRIER_E,2025-07-05 12:00,BUSAN,40FT,0,0,0,0,2,2,0,0
CARRIER_E,2025-07-05 13:00,BUSAN,40FT,0,0,0,0,2,2,0,0
CARRIER_E,2025-07-05 14:00,BUSAN,40FT,0,0,0,0,2,2,0,0
CARRIER_E,2025-07-05 15:00,BUSAN,40FT,0,0,0,0,2,2,0,0
CARRIER_E,2025-07-05 16:00,BUSAN,40FT,0,0,0,0,2,2,0,0
CARRIER_E,2025-07-05 17:00,BUSAN,40FT,0,0,0,0,2,2,0,0
CARRIER_E,2025-07-05 18:00,BUSAN,40FT,0,0,0,0,2,2,0,0
CARRIER_E,2025-07-05 19:00,BUSAN,40FT,0,0,0,0,2,2,0,0
CARRIER_E,2025-07-05 20:00,BUSAN,40FT,0,0,0,0,2,2,0,0
CARRIER_E,2025-07-05 21:00,BUSAN,40FT,0,0,0,0,2,2,0,0
CARRIER_E,2025-07-05 22:00,BUSAN,40FT,0,0,0,0,2,2,0,0
CARRIER_E,2025-07-05 23:00,BUSAN,40FT,0,0,0,0,2,2,0,0
CARRIER_E,2025-07-06 00:00,BUSAN,40FT,0,0,0,0,2,2,0,0
CARRIER_E,2025-07-06 01:00,BUSAN,40FT,0,0,0,0,2,2,0,0
CARRIER_E,2025-07-06 02:00,BUSAN,40FT,0,0,0,0,2,2,0,0
CARRIER_E,2025-07-06 03:00,BUSAN,40FT,0,0,0,0,2,2,0,0
CARRIER_E,2025-07-06 04:00,BUSAN,40FT,0,0,0,0,2,2,0,0
CARRIER_E,2025-07-06 05:00,BUSAN,40FT,0,0,0,0,2,2,0,0
CARRIER_E,2025-07-06 06:00,BUSAN,40FT,0,0,0,0,2,2,0,0
CARRIER_E,2025-07-06 07:00,BUSAN,40FT,0,0,0,0,2,2,0,0
CARRIER_E,2025-07-06 08:00,BUSAN,40FT,0,0,0,0,2,2,0,0
CARRIER_E,2025-07-06 09:00,BUSAN,40FT,0,0,0,0,2,2,0,0
CARRIER_E,2025-07-06 10:00,BUSAN,40FT,0,0,0,0,2,2,0,0
CARRIER_E,2025-07-06 11:00,BUSAN,40FT,0,0,0,0,2,2,0,0
CARRIER_E,2025-07-06 12:00,BUSAN,40FT,0,0,0,0,2,2,0,0
CARRIER_E,2025-07-06 13:00,BUSAN,40FT,0,0,0,0,2,2,0,0
CARRIER_E,2025-07-06 14:00,BUSAN,40FT,0,0,0,0,2,2,0,0
CARRIER_E,2025-07-06 15:00,BUSAN,40FT,0,0,0,0,2,2,0,0
CARRIER_E,2025-07-06 16:00,BUSAN,40FT,0,0,0,0,2,2,0,0
CARRIER_E,2025-07-06 17:00,BUSAN,40FT,0,0,0,0,2,2,0,0
CARRIER_E,2025-07-06 18:00,BUSAN,40FT,0,0,0,0,2,2,0,0
CARRIER_E,2025-07-06 19:00,BUSAN,40FT,0,0,0,0,2,2,0,0
CARRIER_E,2025-07-06 20:00,BUSAN,40FT,0,0,0,0,2,2,0,0
CARRIER_E,2025-07-06 21:00,BUSAN,40FT,0,0,0,0,2,2,0,0
CARRIER_E,2025-07-06 22:00,BUSAN,40FT,0,0,0,0,2,2,0,0
CARRIER_E,2025-07-06 23:00,BUSAN,40FT,0,0,0,0,2,2,0,0
CARRIER_E,2025-07-07 00:00,BUSAN,40FT,0,0,0,0,2,2,0,0
CARRIER_E,2025-07-07 01:00,BUSAN,40FT,0,0,0,0,2,2,0,0
CARRIER_E,2025-07-07 02:00,BUSAN,40FT,0,0,0,0,2,2,0,0
CARRIER_E,2025-07-07 03:00,BUSAN,40FT,0,0,0,0,2,2,0,0
CARRIER_E,2025-07-07 04:00,BUSAN,40FT,0,0,0,0,2,2,0,0
CARRIER_E,2025-07-07 05:00,BUSAN,40FT,0,0,0,0,2,2,0,0
CARRIER_E,2025-07-07 06:00,BUSAN,40FT,0,0,0,0,2,2,0,0
CARRIER_E,2025-07-07 07:00,BUSAN,40FT,0,0,0,0,2,2,0,0
CARRIER_E,2025-07-07 08:00,BUSAN,40FT,0,0,0,0,2,2,0,0
CARRIER_E,2025-07-07 09:00,BUSAN,40FT,0,0,0,0,2,2,0,0
CARRIER_E,2025-07-07 10:00,BUSAN,40FT,0,0,0,0,2,2,0,0
CARRIER_E,2025-07-07 11:00,BUSAN,40FT,0,0,0,0,2,2,0,0
CARRIER_E,2025-07-07 12:00,BUSAN,40FT,0,0,0,0,2,2,0,0
CARRIER_E,2025-07-07 13:00,BUSAN,40FT,0,0,0,0,2,2,0,0
CARRIER_E,2025-07-07 14:00,BUSAN,40FT,0,0,0,0,2,2,0,0
CARRIER_E,2025-07-07 15:00,BUSAN,40FT,0,0,0,0,2,2,0,0
CARRIER_E,2025-07-07 16:00,BUSAN,40FT,0,0,0,0,2,2,0,0
CARRIER_E,2025-07-07 17:00,BUSAN,40FT,0,0,0,0,2,2,0,0
CARRIER_E,2025-07-07 18:00,BUSAN,40FT,0,0,0,0,2,2,0,0
CARRIER_E,2025-07-07 19:00,BUSAN,40FT,0,0,0,0,2,2,0,0
CARRIER_E,2025-07-07 20:00,BUSAN,40FT,0,0,0,0,2,2,0,0
CARRIER_E,2025-07-07 21:00,BUSAN,40FT,0,0,0,0,2,2,0,0
CARRIER_E,2025-07-07 22:00,BUSAN,40FT,0,0,0,0,2,2,0,0
CARRIER_E,2025-07-07 23:00,BUSAN,40FT,0,0,0,0,2,2,0,0
CARRIER_E,2025-07-01 00:00,DONGSAN,20FT,0,0,0,0,1,1,0,0
CARRIER_E,2025-07-01 01:00,DONGSAN,20FT,0,0,0,0,1,1,0,0
CARRIER_E,2025-07-01 02:00,DONGSAN,20FT,0,0,0,0,1,1,0,0
CARRIER_E,2025-07-01 03:00,DONGSAN,20FT,0,0,0,0,1,1,0,0
CARRIER_E,2025-07-01 04:00,DONGSAN,20FT,0,0,0,0,1,1,0,0
CARRIER_E,2025-07-01 05:00,DONGSAN,20FT,0,0,0,0,1,1,0,0
CARRIER_E,2025-07-01 06:00,DONGSAN,20FT,0,0,0,0,1,1,0,0
CARRIER_E,2025-07-01 07:00,DONGSAN,20FT,0,0,0,0,1,1,0,0
CARRIER_E,2025-07-01 08:00,DONGSAN,20FT,0,0,0,0,1,1,0,0
CARRIER_E,2025-07-01 09:00,DONGSAN,20FT,0,0,0,0,1,1,0,0
CARRIER_E,2025-07-01 10:00,DONGSAN,20FT,0,0,0,0,1,1,0,0
CARRIER_E,2025-07-01 11:00,DONGSAN,20FT,0,0,0,0,1,1,0,0
CARRIER_E,2025-07-01 12:00,DONGSAN,20FT,0,1,0,0,2,2,0,0
CARRIER_E,2025-07-01 13:00,DONGSAN,20FT,0,0,0,0,2,2,0,0
CARRIER_E,2025-07-01 14:00,DONGSAN,20FT,0,0,0,0,2,2,0,0
CARRIER_E,2025-07-01 15:00,DONGSAN,20FT,0,0,0,0,2,2,0,0
CARRIER_E,2025-07-01 16:00,DONGSAN,20FT,0,0,0,0,2,2,0,0
CARRIER_E,2025-07-01 17:00,DONGSAN,20FT,0,0,0,0,2,2,0,0
CARRIER_E,2025-07-01 18:00,DONGSAN,20FT,0,0,0,0,2,2,0,0
CARRIER_E,2025-07-01 19:00,DONGSAN,20FT,0,0,0,0,2,2,0,0
CARRIER_E,2025-07-01 20:00,DONGSAN,20FT,0,0,0,0,2,2,0,0
CARRIER_E,2025-07-01 21:00,DONGSAN,20FT,0,0,0,0,2,2,0,0
CARRIER_E,2025-07-01 22:00,DONGSAN,20FT,0,0,0,0,2,2,0,0
CARRIER_E,2025-07-01 23:00,DONGSAN,20FT,0,0,0,0,2,2,0,0
CARRIER_E,2025-07-02 00:00,DONGSAN,20FT,0,0,0,0,2,2,0,0
CARRIER_E,2025-07-02 01:00,DONGSAN,20FT,0,0,0,0,2,2,0,0
CARRIER_E,2025-07-02 02:00,DONGSAN,20FT,0,0,0,0,2,2,0,0
CARRIER_E,2025-07-02 03:00,DONGSAN,20FT,0,0,0,0,2,2,0,0
CARRIER_E,2025-07-02 04:00,DONGSAN,20FT,0,0,0,0,2,2,0,0
CARRIER_E,2025-07-02 05:00,DONGSAN,20FT,0,0,0,0,2,2,0,0
CARRIER_E,2025-07-02 06:00,DONGSAN,20FT,0,0,0,0,2,2,0,0
CARRIER_E,2025-07-02 07:00,DONGSAN,20FT,0,0,0,0,2,2,0,0
CARRIER_E,2025-07-02 08:00,DONGSAN,20FT,0,0,0,0,2,2,0,0
CARRIER_E,2025-07-02 09:00,DONGSAN,20FT,0,0,0,0,2,2,0,0
CARRIER_E,2025-07-02 10:00,DONGSAN,20FT,0,0,0,0,2,2,0,0
CARRIER_E,2025-07-02 11:00,DONGSAN,20FT,0,0,0,0,2,2,0,0
CARRIER_E,2025-07-02 12:00,DONGSAN,20FT,0,0,0,0,2,2,0,0
CARRIER_E,2025-07-02 13:00,DONGSAN,20FT,0,0,0,0,2,2,0,0
CARRIER_E,2025-07-02 14:00,DONGSAN,20FT,0,0,0,0,2,2,0,0
CARRIER_E,2025-07-02 15:00,DONGSAN,20FT,1,0,0,0,1,1,0,0
CARRIER_E,2025-07-02 16:00,DONGSAN,20FT,0,0,0,0,1,1,0,0
CARRIER_E,2025-07-02 17:00,DONGSAN,20FT,0,0,0,0,1,1,0,0
CARRIER_E,2025-07-02 18:00,DONGSAN,20FT,0,0,0,0,1,1,0,0
CARRIER_E,2025-07-02 19:00,DONGSAN,20FT,0,0,0,0,1,1,0,0
CARRIER_E,2025-07-02 20:00,DONGSAN,20FT,0,0,0,0,1,1,0,0
CARRIER_E,2025-07-02 21:00,DONGSAN,20FT,0,0,0,0,1,1,0,0
CARRIER_E,2025-07-02 22:00,DONGSAN,20FT,0,0,0,0,1,1,0,0
CARRIER_E,2025-07-02 23:00,DONGSAN,20FT,0,0,0,0,1,1,0,0
CARRIER_E,2025-07-03 00:00,DONGSAN,20FT,0,0,0,0,1,1,0,0
CARRIER_E,2025-07-03 01:00,DONGSAN,20FT,0,0,0,0,1,1,0,0
CARRIER_E,2025-07-03 02:00,DONGSAN,20FT,0,0,0,0,1,1,0,0
CARRIER_E,2025-07-03 03:00,DONGSAN,20FT,0,0,0,0,1,1,0,0
CARRIER_E,2025-07-03 04:00,DONGSAN,20FT,0,0,0,0,1,1,0,0
CARRIER_E,2025-07-03 05:00,DONGSAN,20FT,0,0,0,0,1,1,0,0
CARRIER_E,2025-07-03 06:00,DONGSAN,20FT,0,0,0,0,1,1,0,0
CARRIER_E,2025-07-03 07:00,DONGSAN,20FT,0,0,0,0,1,1,0,0
CARRIER_E,2025-07-03 08:00,DONGSAN,20FT,0,0,0,0,1,1,0,0
CARRIER_E,2025-07-03 09:00,DONGSAN,20FT,1,0,0,0,0,0,0,0
CARRIER_E,2025-07-03 10:00,DONGSAN,20FT,0,0,0,0,0,0,0,0
CARRIER_E,2025-07-03 11:00,DONGSAN,20FT,0,1,0,0,1,1,0,0
CARRIER_E,2025-07-03 12:00,DONGSAN,20FT,0,0,0,0,1,1,0,0
CARRIER_E,2025-07-03 13:00,DONGSAN,20FT,0,0,0,0,1,1,0,0
CARRIER_E,2025-07-03 14:00,DONGSAN,20FT,0,0,0,0,1,1,0,0
CARRIER_E,2025-07-03 15:00,DONGSAN,20FT,0,0,0,0,1,1,0,0
CARRIER_E,2025-07-03 16:00,DONGSAN,20FT,0,0,0,0,1,1,0,0
CARRIER_E,2025-07-03 17:00,DONGSAN,20FT,0,0,0,0,1,1,0,0
CARRIER_E,2025-07-03 18:00,DONGSAN,20FT,0,0,0,0,1,1,0,0
CARRIER_E,2025-07-03 19:00,DONGSAN,20FT,0,0,0,0,1,1,0,0
CARRIER_E,2025-07-03 20:00,DONGSAN,20FT,0,0,0,0,1,1,0,0
CARRIER_E,2025-07-03 21:00,DONGSAN,20FT,0,0,0,0,1,1,0,0
CARRIER_E,2025-07-03 22:00,DONGSAN,20FT,0,0,0,0,1,1,0,0
CARRIER_E,2025-07-03 23:00,DONGSAN,20FT,0,0,0,0,1,1,0,0
CARRIER_E,2025-07-04 00:00,DONGSAN,20FT,0,0,0,0,1,1,0,0
CARRIER_E,2025-07-04 01:00,DONGSAN,20FT,0,0,0,0,1,1,0,0
CARRIER_E,2025-07-04 02:00,DONGSAN,20FT,0,0,0,0,1,1,0,0
CARRIER_E,2025-07-04 03:00,DONGSAN,20FT,0,0,0,0,1,1,0,0
CARRIER_E,2025-07-04 04:00,DONGSAN,20FT,0,0,0,0,1,1,0,0
CARRIER_E,2025-07-04 05:00,DONGSAN,20FT,0,0,0,0,1,1,0,0
CARRIER_E,2025-07-04 06:00,DONGSAN,20FT,0,0,0,0,1,1,0,0
CARRIER_E,2025-07-04 07:00,DONGSAN,20FT,0,0,0,0,1,1,0,0
CARRIER_E,2025-07-04 08:00,DONGSAN,20FT,0,0,0,0,1,1,0,0
CARRIER_E,2025-07-04 09:00,DONGSAN,20FT,0,0,0,0,1,1,0,0
CARRIER_E,2025-07-04 10:00,DONGSAN,20FT,0,0,0,0,1,1,0,0
CARRIER_E,2025-07-04 11:00,DONGSAN,20FT,0,0,0,0,1,1,0,0
CARRIER_E,2025-07-04 12:00,DONGSAN,20FT,0,0,0,0,1,1,0,0
CARRIER_E,2025-07-04 13:00,DONGSAN,20FT,0,0,0,0,1,1,0,0
CARRIER_E,2025-07-04 14:00,DONGSAN,20FT,0,0,0,0,1,1,0,0
CARRIER_E,2025-07-04 15:00,DONGSAN,20FT,0,0,0,0,1,1,0,0
CARRIER_E,2025-07-04 16:00,DONGSAN,20FT,0,0,0,0,1,1,0,0
CARRIER_E,2025-07-04 17:00,DONGSAN,20FT,0,0,0,0,1,1,0,0
CARRIER_E,2025-07-04 18:00,DONGSAN,20FT,0,0,0,0,1,1,0,0
CARRIER_E,2025-07-04 19:00,DONGSAN,20FT,0,0,0,0,1,1,0,0
CARRIER_E,2025-07-04 20:00,DONGSAN,20FT,0,0,0,0,1,1,0,0
CARRIER_E,2025-07-04 21:00,DONGSAN,20FT,0,0,0,0,1,1,0,0
CARRIER_E,2025-07-04 22:00,DONGSAN,20FT,0,0,0,0,1,1,0,0
CARRIER_E,2025-07-04 23:00,DONGSAN,20FT,0,0,0,0,1,1,0,0
CARRIER_E,2025-07-05 00:00,DONGSAN,20FT,0,0,0,0,1,1,0,0
CARRIER_E,2025-07-05 01:00,DONGSAN,20FT,0,0,0,0,1,1,0,0
CARRIER_E,2025-07-05 02:00,DONGSAN,20FT,0,0,0,0,1,1,0,0
CARRIER_E,2025-07-05 03:00,DONGSAN,20FT,0,0,0,0,1,1,0,0
CARRIER_E,2025-07-05 04:00,DONGSAN,20FT,0,0,0,0,1,1,0,0
CARRIER_E,2025-07-05 05:00,DONGSAN,20FT,0,0,0,0,1,1,0,0
CARRIER_E,2025-07-05 06:00,DONGSAN,20FT,0,0,0,0,1,1,0,0
CARRIER_E,2025-07-05 07:00,DONGSAN,20FT,0,0,0,0,1,1,0,0
CARRIER_E,2025-07-05 08:00,DONGSAN,20FT,0,1,0,0,2,2,0,0
CARRIER_E,2025-07-05 09:00,DONGSAN,20FT,0,0,0,0,2,2,0,0
CARRIER_E,2025-07-05 10:00,DONGSAN,20FT,0,0,0,0,2,2,0,0
CARRIER_E,2025-07-05 11:00,DONGSAN,20FT,0,0,0,0,2,2,0,0
CARRIER_E,2025-07-05 12:00,DONGSAN,20FT,0,0,0,0,2,2,0,0
CARRIER_E,2025-07-05 13:00,DONGSAN,20FT,0,0,0,0,2,2,0,0
CARRIER_E,2025-07-05 14:00,DONGSAN,20FT,0,0,0,0,2,2,0,0
CARRIER_E,2025-07-05 15:00,DONGSAN,20FT,0,0,0,0,2,2,0,0
CARRIER_E,2025-07-05 16:00,DONGSAN,20FT,0,0,0,0,2,2,0,0
CARRIER_E,2025-07-05 17:00,DONGSAN,20FT,0,0,0,0,2,2,0,0
CARRIER_E,2025-07-05 18:00,DONGSAN,20FT,0,0,0,0,2,2,0,0
CARRIER_E,2025-07-05 19:00,DONGSAN,20FT,0,0,0,0,2,2,0,0
CARRIER_E,2025-07-05 20:00,DONGSAN,20FT,0,0,0,0,2,2,0,0
CARRIER_E,2025-07-05 21:00,DONGSAN,20FT,0,0,0,0,2,2,0,0
CARRIER_E,2025-07-05 22:00,DONGSAN,20FT,0,0,0,0,2,2,0,0
CARRIER_E,2025-07-05 23:00,DONGSAN,20FT,0,0,0,0,2,2,0,0
CARRIER_E,2025-07-06 00:00,DONGSAN,20FT,0,0,0,0,2,2,0,0
CARRIER_E,2025-07-06 01:00,DONGSAN,20FT,0,0,0,0,2,2,0,0
CARRIER_E,2025-07-06 02:00,DONGSAN,20FT,0,0,0,0,2,2,0,0
CARRIER_E,2025-07-06 03:00,DONGSAN,20FT,0,0,0,0,2,2,0,0
CARRIER_E,2025-07-06 04:00,DONGSAN,20FT,0,0,0,0,2,2,0,0
CARRIER_E,2025-07-06 05:00,DONGSAN,20FT,0,0,0,0,2,2,0,0
CARRIER_E,2025-07-06 06:00,DONGSAN,20FT,0,0,0,0,2,2,0,0
CARRIER_E,2025-07-06 07:00,DONGSAN,20FT,0,0,0,0,2,2,0,0
CARRIER_E,2025-07-06 08:00,DONGSAN,20FT,0,0,0,0,2,2,0,0
CARRIER_E,2025-07-06 09:00,DONGSAN,20FT,0,0,0,0,2,2,0,0
CARRIER_E,2025-07-06 10:00,DONGSAN,20FT,0,0,0,0,2,2,0,0
CARRIER_E,2025-07-06 11:00,DONGSAN,20FT,0,0,0,0,2,2,0,0
CARRIER_E,2025-07-06 12:00,DONGSAN,20FT,0,0,0,0,2,2,0,0
CARRIER_E,2025-07-06 13:00,DONGSAN,20FT,0,0,0,0,2,2,0,0
CARRIER_E,2025-07-06 14:00,DONGSAN,20FT,0,0,0,0,2,2,0,0
CARRIER_E,2025-07-06 15:00,DONGSAN,20FT,0,0,0,0,2,2,0,0
CARRIER_E,2025-07-06 16:00,DONGSAN,20FT,0,0,0,0,2,2,0,0
CARRIER_E,2025-07-06 17:00,DONGSAN,20FT,0,0,0,0,2,2,0,0
CARRIER_E,2025-07-06 18:00,DONGSAN,20FT,0,0,0,0,2,2,0,0
CARRIER_E,2025-07-06 19:00,DONGSAN,20FT,0,0,0,0,2,2,0,0
CARRIER_E,2025-07-06 20:00,DONGSAN,20FT,0,0,0,0,2,2,0,0
CARRIER_E,2025-07-06 21:00,DONGSAN,20FT,0,0,0,0,2,2,0,0
CARRIER_E,2025-07-06 22:00,DONGSAN,20FT,0,0,0,0,2,2,0,0
CARRIER_E,2025-07-06 23:00,DONGSAN,20FT,0,0,0,0,2,2,0,0
CARRIER_E,2025-07-07 00:00,DONGSAN,20FT,0,0,0,0,2,2,0,0
CARRIER_E,2025-07-07 01:00,DONGSAN,20FT,0,0,0,0,2,2,0,0
CARRIER_E,2025-07-07 02:00,DONGSAN,20FT,0,0,0,0,2,2,0,0
CARRIER_E,2025-07-07 03:00,DONGSAN,20FT,0,0,0,0,2,2,0,0
CARRIER_E,2025-07-07 04:00,DONGSAN,20FT,0,0,0,0,2,2,0,0
CARRIER_E,2025-07-07 05:00,DONGSAN,20FT,0,0,0,0,2,2,0,0
CARRIER_E,2025-07-07 06:00,DONGSAN,20FT,0,0,0,0,2,2,0,0
CARRIER_E,2025-07-07 07:00,DONGSAN,20FT,0,0,0,0,2,2,0,0
CARRIER_E,2025-07-07 08:00,DONGSAN,20FT,0,0,0,0,2,2,0,0
CARRIER_E,2025-07-07 09:00,DONGSAN,20FT,0,0,0,0,2,2,0,0
CARRIER_E,2025-07-07 10:00,DONGSAN,20FT,0,0,0,0,2,2,0,0
CARRIER_E,2025-07-07 11:00,DONGSAN,20FT,0,0,0,0,2,2,0,0
CARRIER_E,2025-07-07 12:00,DONGSAN,20FT,0,1,0,0,3,3,0,0
CARRIER_E,2025-07-07 13:00,DONGSAN,20FT,0,0,0,0,3,3,0,0
CARRIER_E,2025-07-07 14:00,DONGSAN,20FT,0,0,0,0,3,3,0,0
CARRIER_E,2025-07-07 15:00,DONGSAN,20FT,0,0,0,0,3,3,0,0
CARRIER_E,2025-07-07 16:00,DONGSAN,20FT,0,0,0,0,3,3,0,0
CARRIER_E,2025-07-07 17:00,DONGSAN,20FT,0,0,0,0,3,3,0,0
CARRIER_E,2025-07-07 18:00,DONGSAN,20FT,0,0,0,0,3,3,0,0
CARRIER_E,2025-07-07 19:00,DONGSAN,20FT,0,0,0,0,3,3,0,0
CARRIER_E,2025-07-07 20:00,DONGSAN,20FT,0,0,0,0,3,3,0,0
CARRIER_E,2025-07-07 21:00,DONGSAN,20FT,0,0,0,0,3,3,0,0
CARRIER_E,2025-07-07 22:00,DONGSAN,20FT,0,0,0,0,3,3,0,0
CARRIER_E,2025-07-07 23:00,DONGSAN,20FT,0,0,0,0,3,3,0,0
CARRIER_E,2025-07-01 00:00,DONGSAN,40FT,0,0,0,0,0,0,0,0
CARRIER_E,2025-07-01 01:00,DONGSAN,40FT,0,0,0,0,0,0,0,0
CARRIER_E,2025-07-01 02:00,DONGSAN,40FT,0,0,0,0,0,0,0,0
CARRIER_E,2025-07-01 03:00,DONGSAN,40FT,0,0,0,0,0,0,0,0
CARRIER_E,2025-07-01 04:00,DONGSAN,40FT,0,0,0,0,0,0,0,0
CARRIER_E,2025-07-01 05:00,DONGSAN,40FT,0,0,0,0,0,0,0,0
CARRIER_E,2025-07-01 06:00,DONGSAN,40FT,0,0,0,0,0,0,0,0
CARRIER_E,2025-07-01 07:00,DONGSAN,40FT,0,0,0,0,0,0,0,0
CARRIER_E,2025-07-01 08:00,DONGSAN,40FT,0,0,0,0,0,0,0,0
CARRIER_E,2025-07-01 09:00,DONGSAN,40FT,0,0,0,0,0,0,0,0
CARRIER_E,2025-07-01 10:00,DONGSAN,40FT,0,0,0,0,0,0,0,0
CARRIER_E,2025-07-01 11:00,DONGSAN,40FT,0,0,0,0,0,0,0,0
CARRIER_E,2025-07-01 12:00,DONGSAN,40FT,0,0,0,0,0,0,0,0
CARRIER_E,2025-07-01 13:00,DONGSAN,40FT,0,0,0,0,0,0,0,0
CARRIER_E,2025-07-01 14:00,DONGSAN,40FT,0,0,0,0,0,0,0,0
CARRIER_E,2025-07-01 15:00,DONGSAN,40FT,0,0,0,0,0,0,0,0
CARRIER_E,2025-07-01 16:00,DONGSAN,40FT,0,0,0,0,0,0,0,0
CARRIER_E,2025-07-01 17:00,DONGSAN,40FT,0,0,0,0,0,0,0,0
CARRIER_E,2025-07-01 18:00,DONGSAN,40FT,0,0,0,0,0,0,0,0
CARRIER_E,2025-07-01 19:00,DONGSAN,40FT,0,0,0,0,0,0,0,0
CARRIER_E,2025-07-01 20:00,DONGSAN,40FT,0,0,0,0,0,0,0,0
CARRIER_E,2025-07-01 21:00,DONGSAN,40FT,0,0,0,0,0,0,0,0
CARRIER_E,2025-07-01 22:00,DONGSAN,40FT,0,0,0,0,0,0,0,0
CARRIER_E,2025-07-01 23:00,DONGSAN,40FT,0,0,0,0,0,0,0,0
CARRIER_E,2025-07-02 00:00,DONGSAN,40FT,0,0,0,0,0,0,0,0
CARRIER_E,2025-07-02 01:00,DONGSAN,40FT,0,0,0,0,0,0,0,0
CARRIER_E,2025-07-02 02:00,DONGSAN,40FT,0,0,0,0,0,0,0,0
CARRIER_E,2025-07-02 03:00,DONGSAN,40FT,0,0,0,0,0,0,0,0
CARRIER_E,2025-07-02 04:00,DONGSAN,40FT,0,0,0,0,0,0,0,0
CARRIER_E,2025-07-02 05:00,DONGSAN,40FT,0,0,0,0,0,0,0,0
CARRIER_E,2025-07-02 06:00,DONGSAN,40FT,0,0,0,0,0,0,0,0
CARRIER_E,2025-07-02 07:00,DONGSAN,40FT,0,0,0,0,0,0,0,0
CARRIER_E,2025-07-02 08:00,DONGSAN,40FT,0,0,0,0,0,0,0,0
CARRIER_E,2025-07-02 09:00,DONGSAN,40FT,0,0,0,0,0,0,0,0
CARRIER_E,2025-07-02 10:00,DONGSAN,40FT,1,0,0,0,0,0,1,1
CARRIER_E,2025-07-02 11:00,DONGSAN,40FT,0,0,0,0,0,0,0,0
CARRIER_E,2025-07-02 12:00,DONGSAN,40FT,0,0,0,0,0,0,0,0
CARRIER_E,2025-07-02 13:00,DONGSAN,40FT,0,0,0,0,0,0,0,0
CARRIER_E,2025-07-02 14:00,DONGSAN,40FT,0,0,0,0,0,0,0,0
CARRIER_E,2025-07-02 15:00,DONGSAN,40FT,0,0,0,0,0,0,0,0
CARRIER_E,2025-07-02 16:00,DONGSAN,40FT,0,0,0,0,0,0,0,0
CARRIER_E,2025-07-02 17:00,DONGSAN,40FT,0,0,0,0,0,0,0,0
CARRIER_E,2025-07-02 18:00,DONGSAN,40FT,0,0,0,0,0,0,0,0
CARRIER_E,2025-07-02 19:00,DONGSAN,40FT,0,0,0,0,0,0,0,0
CARRIER_E,2025-07-02 20:00,DONGSAN,40FT,0,0,0,0,0,0,0,0
CARRIER_E,2025-07-02 21:00,DONGSAN,40FT,0,0,0,0,0,0,0,0
CARRIER_E,2025-07-02 22:00,DONGSAN,40FT,0,0,0,0,0,0,0,0
CARRIER_E,2025-07-02 23:00,DONGSAN,40FT,0,0,0,0,0,0,0,0
CARRIER_E,2025-07-03 00:00,DONGSAN,40FT,0,0,0,0,0,0,0,0
CARRIER_E,2025-07-03 01:00,DONGSAN,40FT,0,0,0,0,0,0,0,0
CARRIER_E,2025-07-03 02:00,DONGSAN,40FT,0,0,0,0,0,0,0,0
CARRIER_E,2025-07-03 03:00,DONGSAN,40FT,0,0,0,0,0,0,0,0
CARRIER_E,2025-07-03 04:00,DONGSAN,40FT,0,0,0,0,0,0,0,0
CARRIER_E,2025-07-03 05:00,DONGSAN,40FT,0,0,0,0,0,0,0,0
CARRIER_E,2025-07-03 06:00,DONGSAN,40FT,0,0,0,0,0,0,0,0
CARRIER_E,2025-07-03 07:00,DONGSAN,40FT,0,0,0,0,0,0,0,0
CARRIER_E,2025-07-03 08:00,DONGSAN,40FT,0,0,0,0,0,0,0,0
CARRIER_E,2025-07-03 09:00,DONGSAN,40FT,0,0,0,0,0,0,0,0
CARRIER_E,2025-07-03 10:00,DONGSAN,40FT,0,0,0,0,0,0,0,0
CARRIER_E,2025-07-03 11:00,DONGSAN,40FT,0,0,0,0,0,0,0,0
CARRIER_E,2025-07-03 12:00,DONGSAN,40FT,0,0,0,0,0,0,0,0
CARRIER_E,2025-07-03 13:00,DONGSAN,40FT,0,0,0,0,0,0,0,0
CARRIER_E,2025-07-03 14:00,DONGSAN,40FT,0,0,0,0,0,0,0,0
CARRIER_E,2025-07-03 15:00,DONGSAN,40FT,0,0,0,0,0,0,0,0
CARRIER_E,2025-07-03 16:00,DONGSAN,40FT,0,0,0,0,0,0,0,0
CARRIER_E,2025-07-03 17:00,DONGSAN,40FT,0,0,0,0,0,0,0,0
CARRIER_E,2025-07-03 18:00,DONGSAN,40FT,0,0,0,0,0,0,0,0
CARRIER_E,2025-07-03 19:00,DONGSAN,40FT,0,0,0,0,0,0,0,0
CARRIER_E,2025-07-03 20:00,DONGSAN,40FT,0,0,0,0,0,0,0,0
CARRIER_E,2025-07-03 21:00,DONGSAN,40FT,0,0,0,0,0,0,0,0
CARRIER_E,2025-07-03 22:00,DONGSAN,40FT,0,0,0,0,0,0,0,0
CARRIER_E,2025-07-03 23:00,DONGSAN,40FT,0,0,0,0,0,0,0,0
CARRIER_E,2025-07-04 00:00,DONGSAN,40FT,0,0,0,0,0,0,0,0
CARRIER_E,2025-07-04 01:00,DONGSAN,40FT,0,0,0,0,0,0,0,0
CARRIER_E,2025-07-04 02:00,DONGSAN,40FT,0,0,0,0,0,0,0,0
CARRIER_E,2025-07-04 03:00,DONGSAN,40FT,0,0,0,0,0,0,0,0
CARRIER_E,2025-07-04 04:00,DONGSAN,40FT,0,0,1,0,0,1,0,0
CARRIER_E,2025-07-04 05:00,DONGSAN,40FT,0,0,0,0,0,1,0,0
CARRIER_E,2025-07-04 06:00,DONGSAN,40FT,0,0,0,0,0,1,0,0
CARRIER_E,2025-07-04 07:00,DONGSAN,40FT,0,0,0,0,0,1,0,0
CARRIER_E,2025-07-04 08:00,DONGSAN,40FT,0,0,0,0,0,1,0,0
CARRIER_E,2025-07-04 09:00,DONGSAN,40FT,0,0,0,0,0,1,0,0
CARRIER_E,2025-07-04 10:00,DONGSAN,40FT,0,0,0,0,0,1,0,0
CARRIER_E,2025-07-04 11:00,DONGSAN,40FT,0,0,0,0,0,1,0,0
CARRIER_E,2025-07-04 12:00,DONGSAN,40FT,0,0,0,0,0,1,0,0
CARRIER_E,2025-07-04 13:00,DONGSAN,40FT,0,0,0,0,0,1,0,0
CARRIER_E,2025-07-04 14:00,DONGSAN,40FT,0,0,0,0,0,1,0,0
CARRIER_E,2025-07-04 15:00,DONGSAN,40FT,0,0,0,0,0,1,0,0
CARRIER_E,2025-07-04 16:00,DONGSAN,40FT,0,0,0,0,0,1,0,0
CARRIER_E,2025-07-04 17:00,DONGSAN,40FT,0,0,0,0,0,1,0,0
CARRIER_E,2025-07-04 18:00,DONGSAN,40FT,0,0,0,0,0,1,0,0
CARRIER_E,2025-07-04 19:00,DONGSAN,40FT,0,0,0,0,0,1,0,0
CARRIER_E,2025-07-04 20:00,DONGSAN,40FT,0,0,0,0,0,1,0,0
CARRIER_E,2025-07-04 21:00,DONGSAN,40FT,0,0,0,0,0,1,0,0
CARRIER_E,2025-07-04 22:00,DONGSAN,40FT,0,0,0,0,0,1,0,0
CARRIER_E,2025-07-04 23:00,DONGSAN,40FT,0,0,0,0,0,1,0,0
CARRIER_E,2025-07-05 00:00,DONGSAN,40FT,0,0,0,0,0,1,0,0
CARRIER_E,2025-07-05 01:00,DONGSAN,40FT,0,0,0,0,0,1,0,0
CARRIER_E,2025-07-05 02:00,DONGSAN,40FT,0,0,0,0,0,1,0,0
CARRIER_E,2025-07-05 03:00,DONGSAN,40FT,0,0,0,0,0,1,0,0
CARRIER_E,2025-07-05 04:00,DONGSAN,40FT,0,0,0,0,0,1,0,0
CARRIER_E,2025-07-05 05:00,DONGSAN,40FT,0,0,0,0,0,1,0,0
CARRIER_E,2025-07-05 06:00,DONGSAN,40FT,0,0,0,0,0,1,0,0
CARRIER_E,2025-07-05 07:00,DONGSAN,40FT,0,0,0,0,0,1,0,0
CARRIER_E,2025-07-05 08:00,DONGSAN,40FT,0,0,0,0,0,1,0,0
CARRIER_E,2025-07-05 09:00,DONGSAN,40FT,0,0,0,0,0,1,0,0
CARRIER_E,2025-07-05 10:00,DONGSAN,40FT,0,0,0,0,0,1,0,0
CARRIER_E,2025-07-05 11:00,DONGSAN,40FT,0,0,0,0,0,1,0,0
CARRIER_E,2025-07-05 12:00,DONGSAN,40FT,0,0,0,0,0,1,0,0
CARRIER_E,2025-07-05 13:00,DONGSAN,40FT,0,0,0,0,0,1,0,0
CARRIER_E,2025-07-05 14:00,DONGSAN,40FT,0,0,0,0,0,1,0,0
CARRIER_E,2025-07-05 15:00,DONGSAN,40FT,0,0,0,0,0,1,0,0
CARRIER_E,2025-07-05 16:00,DONGSAN,40FT,0,0,0,0,0,1,0,0
CARRIER_E,2025-07-05 17:00,DONGSAN,40FT,0,0,0,0,0,1,0,0
CARRIER_E,2025-07-05 18:00,DONGSAN,40FT,0,0,0,0,0,1,0,0
CARRIER_E,2025-07-05 19:00,DONGSAN,40FT,0,0,0,0,0,1,0,0
CARRIER_E,2025-07-05 20:00,DONGSAN,40FT,0,0,0,0,0,1,0,0
CARRIER_E,2025-07-05 21:00,DONGSAN,40FT,0,0,0,0,0,1,0,0
CARRIER_E,2025-07-05 22:00,DONGSAN,40FT,0,0,0,0,0,1,0,0
CARRIER_E,2025-07-05 23:00,DONGSAN,40FT,0,0,0,0,0,1,0,0
CARRIER_E,2025-07-06 00:00,DONGSAN,40FT,0,0,0,0,0,1,0,0
CARRIER_E,2025-07-06 01:00,DONGSAN,40FT,0,0,0,0,0,1,0,0
CARRIER_E,2025-07-06 02:00,DONGSAN,40FT,0,0,0,0,0,1,0,0
CARRIER_E,2025-07-06 03:00,DONGSAN,40FT,0,0,0,0,0,1,0,0
CARRIER_E,2025-07-06 04:00,DONGSAN,40FT,0,0,0,0,0,1,0,0
CARRIER_E,2025-07-06 05:00,DONGSAN,40FT,0,0,0,0,0,1,0,0
CARRIER_E,2025-07-06 06:00,DONGSAN,40FT,0,0,0,0,0,1,0,0
CARRIER_E,2025-07-06 07:00,DONGSAN,40FT,0,0,0,0,0,1,0,0
CARRIER_E,2025-07-06 08:00,DONGSAN,40FT,0,0,0,0,0,1,0,0
CARRIER_E,2025-07-06 09:00,DONGSAN,40FT,0,0,0,0,0,1,0,0
CARRIER_E,2025-07-06 10:00,DONGSAN,40FT,0,0,0,0,0,1,0,0
CARRIER_E,2025-07-06 11:00,DONGSAN,40FT,0,0,0,0,0,1,0,0
CARRIER_E,2025-07-06 12:00,DONGSAN,40FT,0,0,0,0,0,1,0,0
CARRIER_E,2025-07-06 13:00,DONGSAN,40FT,0,0,0,0,0,1,0,0
CARRIER_E,2025-07-06 14:00,DONGSAN,40FT,0,0,0,0,0,1,0,0
CARRIER_E,2025-07-06 15:00,DONGSAN,40FT,0,0,0,0,0,1,0,0
CARRIER_E,2025-07-06 16:00,DONGSAN,40FT,1,0,0,0,0,0,1,0
CARRIER_E,2025-07-06 17:00,DONGSAN,40FT,0,0,0,0,0,0,0,0
CARRIER_E,2025-07-06 18:00,DONGSAN,40FT,0,0,0,0,0,0,0,0
CARRIER_E,2025-07-06 19:00,DONGSAN,40FT,0,0,0,0,0,0,0,0
CARRIER_E,2025-07-06 20:00,DONGSAN,40FT,0,0,0,0,0,0,0,0
CARRIER_E,2025-07-06 21:00,DONGSAN,40FT,0,0,0,0,0,0,0,0
CARRIER_E,2025-07-06 22:00,DONGSAN,40FT,0,0,0,0,0,0,0,0
CARRIER_E,2025-07-06 23:00,DONGSAN,40FT,0,0,0,0,0,0,0,0
CARRIER_E,2025-07-07 00:00,DONGSAN,40FT,0,0,0,0,0,0,0,0
CARRIER_E,2025-07-07 01:00,DONGSAN,40FT,0,0,0,0,0,0,0,0
CARRIER_E,2025-07-07 02:00,DONGSAN,40FT,0,0,0,0,0,0,0,0
CARRIER_E,2025-07-07 03:00,DONGSAN,40FT,0,0,0,0,0,0,0,0
CARRIER_E,2025-07-07 04:00,DONGSAN,40FT,0,0,0,0,0,0,0,0
CARRIER_E,2025-07-07 05:00,DONGSAN,40FT,0,0,0,0,0,0,0,0
CARRIER_E,2025-07-07 06:00,DONGSAN,40FT,0,0,0,0,0,0,0,0
CARRIER_E,2025-07-07 07:00,DONGSAN,40FT,0,0,0,0,0,0,0,0
CARRIER_E,2025-07-07 08:00,DONGSAN,40FT,0,0,0,0,0,0,0,0
CARRIER_E,2025-07-07 09:00,DONGSAN,40FT,0,0,0,0,0,0,0,0
CARRIER_E,2025-07-07 10:00,DONGSAN,40FT,0,0,0,0,0,0,0,0
CARRIER_E,2025-07-07 11:00,DONGSAN,40FT,0,0,0,0,0,0,0,0
CARRIER_E,2025-07-07 12:00,DONGSAN,40FT,0,0,0,0,0,0,0,0
CARRIER_E,2025-07-07 13:00,DONGSAN,40FT,0,0,0,0,0,0,0,0
CARRIER_E,2025-07-07 14:00,DONGSAN,40FT,0,0,0,0,0,0,0,0
CARRIER_E,2025-07-07 15:00,DONGSAN,40FT,0,0,0,0,0,0,0,0
CARRIER_E,2025-07-07 16:00,DONGSAN,40FT,0,0,0,0,0,0,0,0
CARRIER_E,2025-07-07 17:00,DONGSAN,40FT,0,0,0,0,0,0,0,0
CARRIER_E,2025-07-07 18:00,DONGSAN,40FT,0,0,0,0,0,0,0,0
CARRIER_E,2025-07-07 19:00,DONGSAN,40FT,0,0,0,0,0,0,0,0
CARRIER_E,2025-07-07 20:00,DONGSAN,40FT,0,0,0,0,0,0,0,0
CARRIER_E,2025-07-07 21:00,DONGSAN,40FT,0,0,0,0,0,0,0,0
CARRIER_E,2025-07-07 22:00,DONGSAN,40FT,0,0,0,0,0,0,0,0
CARRIER_E,2025-07-07 23:00,DONGSAN,40FT,0,0,0,0,0,0,0,0
CARRIER_E,2025-07-01 00:00,GWANGYANG,20FT,0,0,0,0,2,2,0,0
CARRIER_E,2025-07-01 01:00,GWANGYANG,20FT,0,0,0,0,2,2,0,0
CARRIER_E,2025-07-01 02:00,GWANGYANG,20FT,0,0,0,0,2,2,0,0
CARRIER_E,2025-07-01 03:00,GWANGYANG,20FT,0,0,0,0,2,2,0,0
CARRIER_E,2025-07-01 04:00,GWANGYANG,20FT,0,0,0,0,2,2,0,0
CARRIER_E,2025-07-01 05:00,GWANGYANG,20FT,0,0,0,0,2,2,0,0
CARRIER_E,2025-07-01 06:00,GWANGYANG,20FT,0,0,0,0,2,2,0,0
CARRIER_E,2025-07-01 07:00,GWANGYANG,20FT,0,0,0,0,2,2,0,0
CARRIER_E,2025-07-01 08:00,GWANGYANG,20FT,0,0,0,0,2,2,0,0
CARRIER_E,2025-07-01 09:00,GWANGYANG,20FT,0,1,0,0,3,3,0,0
CARRIER_E,2025-07-01 10:00,GWANGYANG,20FT,1,0,0,0,2,2,0,0
CARRIER_E,2025-07-01 11:00,GWANGYANG,20FT,0,0,0,0,2,2,0,0
CARRIER_E,2025-07-01 12:00,GWANGYANG,20FT,0,0,0,0,2,2,0,0
CARRIER_E,2025-07-01 13:00,GWANGYANG,20FT,0,0,0,0,2,2,0,0
CARRIER_E,2025-07-01 14:00,GWANGYANG,20FT,1,0,0,0,1,1,0,0
CARRIER_E,2025-07-01 15:00,GWANGYANG,20FT,0,0,0,0,1,1,0,0
CARRIER_E,2025-07-01 16:00,GWANGYANG,20FT,0,0,0,0,1,1,0,0
CARRIER_E,2025-07-01 17:00,GWANGYANG,20FT,0,0,0,0,1,1,0,0
CARRIER_E,2025-07-01 18:00,GWANGYANG,20FT,0,0,0,0,1,1,0,0
CARRIER_E,2025-07-01 19:00,GWANGYANG,20FT,0,0,0,0,1,1,0,0
CARRIER_E,2025-07-01 20:00,GWANGYANG,20FT,0,0,0,0,1,1,0,0
CARRIER_E,2025-07-01 21:00,GWANGYANG,20FT,0,0,0,0,1,1,0,0
CARRIER_E,2025-07-01 22:00,GWANGYANG,20FT,0,0,0,0,1,1,0,0
CARRIER_E,2025-07-01 23:00,GWANGYANG,20FT,0,0,0,0,1,1,0,0
CARRIER_E,2025-07-02 00:00,GWANGYANG,20FT,0,0,0,0,1,1,0,0
CARRIER_E,2025-07-02 01:00,GWANGYANG,20FT,0,0,0,0,1,1,0,0
CARRIER_E,2025-07-02 02:00,GWANGYANG,20FT,0,0,0,0,1,1,0,0
CARRIER_E,2025-07-02 03:00,GWANGYANG,20FT,0,0,0,0,1,1,0,0
CARRIER_E,2025-07-02 04:00,GWANGYANG,20FT,0,0,0,0,1,1,0,0
CARRIER_E,2025-07-02 05:00,GWANGYANG,20FT,0,0,0,0,1,1,0,0
CARRIER_E,2025-07-02 06:00,GWANGYANG,20FT,0,0,0,0,1,1,0,0
CARRIER_E,2025-07-02 07:00,GWANGYANG,20FT,0,0,0,0,1,1,0,0
CARRIER_E,2025-07-02 08:00,GWANGYANG,20FT,0,0,0,0,1,1,0,0
CARRIER_E,2025-07-02 09:00,GWANGYANG,20FT,0,0,0,0,1,1,0,0
CARRIER_E,2025-07-02 10:00,GWANGYANG,20FT,0,0,0,0,1,1,0,0
CARRIER_E,2025-07-02 11:00,GWANGYANG,20FT,0,0,0,0,1,1,0,0
CARRIER_E,2025-07-02 12:00,GWANGYANG,20FT,0,0,0,0,1,1,0,0
CARRIER_E,2025-07-02 13:00,GWANGYANG,20FT,0,0,0,0,1,1,0,0
CARRIER_E,2025-07-02 14:00,GWANGYANG,20FT,0,1,0,0,2,2,0,0
CARRIER_E,2025-07-02 15:00,GWANGYANG,20FT,0,0,0,0,2,2,0,0
CARRIER_E,2025-07-02 16:00,GWANGYANG,20FT,1,0,0,0,1,1,0,0
CARRIER_E,2025-07-02 17:00,GWANGYANG,20FT,0,0,0,0,1,1,0,0
CARRIER_E,2025-07-02 18:00,GWANGYANG,20FT,0,0,0,0,1,1,0,0
CARRIER_E,2025-07-02 19:00,GWANGYANG,20FT,0,0,0,0,1,1,0,0
CARRIER_E,2025-07-02 20:00,GWANGYANG,20FT,0,0,0,0,1,1,0,0
CARRIER_E,2025-07-02 21:00,GWANGYANG,20FT,0,0,0,0,1,1,0,0
CARRIER_E,2025-07-02 22:00,GWANGYANG,20FT,0,0,0,0,1,1,0,0
CARRIER_E,2025-07-02 23:00,GWANGYANG,20FT,0,0,0,0,1,1,0,0
CARRIER_E,2025-07-03 00:00,GWANGYANG,20FT,0,0,0,0,1,1,0,0
CARRIER_E,2025-07-03 01:00,GWANGYANG,20FT,0,0,0,0,1,1,0,0
CARRIER_E,2025-07-03 02:00,GWANGYANG,20FT,0,0,0,0,1,1,0,0
CARRIER_E,2025-07-03 03:00,GWANGYANG,20FT,0,0,0,0,1,1,0,0
CARRIER_E,2025-07-03 04:00,GWANGYANG,20FT,0,0,0,0,1,1,0,0
CARRIER_E,2025-07-03 05:00,GWANGYANG,20FT,0,0,0,0,1,1,0,0
CARRIER_E,2025-07-03 06:00,GWANGYANG,20FT,0,0,0,0,1,1,0,0
CARRIER_E,2025-07-03 07:00,GWANGYANG,20FT,0,0,0,0,1,1,0,0
CARRIER_E,2025-07-03 08:00,GWANGYANG,20FT,0,0,0,0,1,1,0,0
CARRIER_E,2025-07-03 09:00,GWANGYANG,20FT,0,0,0,0,1,1,0,0
CARRIER_E,2025-07-03 10:00,GWANGYANG,20FT,0,0,0,0,1,1,0,0
CARRIER_E,2025-07-03 11:00,GWANGYANG,20FT,0,0,0,0,1,1,0,0
CARRIER_E,2025-07-03 12:00,GWANGYANG,20FT,0,0,0,0,1,1,0,0
CARRIER_E,2025-07-03 13:00,GWANGYANG,20FT,0,0,0,0,1,1,0,0
CARRIER_E,2025-07-03 14:00,GWANGYANG,20FT,0,0,0,0,1,1,0,0
CARRIER_E,2025-07-03 15:00,GWANGYANG,20FT,2,0,0,0,0,0,1,1
CARRIER_E,2025-07-03 16:00,GWANGYANG,20FT,0,0,0,0,0,0,0,0
CARRIER_E,2025-07-03 17:00,GWANGYANG,20FT,0,0,0,0,0,0,0,0
CARRIER_E,2025-07-03 18:00,GWANGYANG,20FT,0,0,0,0,0,0,0,0
CARRIER_E,2025-07-03 19:00,GWANGYANG,20FT,0,0,0,0,0,0,0,0
CARRIER_E,2025-07-03 20:00,GWANGYANG,20FT,0,0,0,0,0,0,0,0
CARRIER_E,2025-07-03 21:00,GWANGYANG,20FT,0,0,0,0,0,0,0,0
CARRIER_E,2025-07-03 22:00,GWANGYANG,20FT,0,0,0,0,0,0,0,0
CARRIER_E,2025-07-03 23:00,GWANGYANG,20FT,0,0,0,0,0,0,0,0
CARRIER_E,2025-07-04 00:00,GWANGYANG,20FT,0,0,0,0,0,0,0,0
CARRIER_E,2025-07-04 01:00,GWANGYANG,20FT,0,0,0,0,0,0,0,0
CARRIER_E,2025-07-04 02:00,GWANGYANG,20FT,0,0,0,0,0,0,0,0
CARRIER_E,2025-07-04 03:00,GWANGYANG,20FT,0,0,0,0,0,0,0,0
CARRIER_E,2025-07-04 04:00,GWANGYANG,20FT,0,0,0,0,0,0,0,0
CARRIER_E,2025-07-04 05:00,GWANGYANG,20FT,0,0,0,0,0,0,0,0
CARRIER_E,2025-07-04 06:00,GWANGYANG,20FT,0,0,0,0,0,0,0,0
CARRIER_E,2025-07-04 07:00,GWANGYANG,20FT,0,0,0,0,0,0,0,0
CARRIER_E,2025-07-04 08:00,GWANGYANG,20FT,0,0,0,0,0,0,0,0
CARRIER_E,2025-07-04 09:00,GWANGYANG,20FT,0,0,5,0,0,5,0,0
CARRIER_E,2025-07-04 10:00,GWANGYANG,20FT,0,0,0,0,0,5,0,0
CARRIER_E,2025-07-04 11:00,GWANGYANG,20FT,0,0,0,0,0,5,0,0
CARRIER_E,2025-07-04 12:00,GWANGYANG,20FT,0,0,0,0,0,5,0,0
CARRIER_E,2025-07-04 13:00,GWANGYANG,20FT,0,0,0,0,0,5,0,0
CARRIER_E,2025-07-04 14:00,GWANGYANG,20FT,0,0,0,0,0,5,0,0
CARRIER_E,2025-07-04 15:00,GWANGYANG,20FT,0,0,0,0,0,5,0,0
CARRIER_E,2025-07-04 16:00,GWANGYANG,20FT,1,0,0,0,0,4,1,0
CARRIER_E,2025-07-04 17:00,GWANGYANG,20FT,0,0,0,0,0,4,0,0
CARRIER_E,2025-07-04 18:00,GWANGYANG,20FT,0,1,0,0,1,5,0,0
CARRIER_E,2025-07-04 19:00,GWANGYANG,20FT,0,0,0,0,1,5,0,0
CARRIER_E,2025-07-04 20:00,GWANGYANG,20FT,0,0,0,0,1,5,0,0
CARRIER_E,2025-07-04 21:00,GWANGYANG,20FT,0,0,0,0,1,5,0,0
CARRIER_E,2025-07-04 22:00,GWANGYANG,20FT,0,0,0,0,1,5,0,0
CARRIER_E,2025-07-04 23:00,GWANGYANG,20FT,0,0,0,0,1,5,0,0
CARRIER_E,2025-07-05 00:00,GWANGYANG,20FT,0,0,0,0,1,5,0,0
CARRIER_E,2025-07-05 01:00,GWANGYANG,20FT,0,0,0,0,1,5,0,0
CARRIER_E,2025-07-05 02:00,GWANGYANG,20FT,0,0,0,0,1,5,0,0
CARRIER_E,2025-07-05 03:00,GWANGYANG,20FT,0,0,0,0,1,5,0,0
CARRIER_E,2025-07-05 04:00,GWANGYANG,20FT,0,0,0,0,1,5,0,0
CARRIER_E,2025-07-05 05:00,GWANGYANG,20FT,0,0,0,0,1,5,0,0
CARRIER_E,2025-07-05 06:00,GWANGYANG,20FT,0,0,0,0,1,5,0,0
CARRIER_E,2025-07-05 07:00,GWANGYANG,20FT,0,1,0,0,2,6,0,0
CARRIER_E,2025-07-05 08:00,GWANGYANG,20FT,0,0,0,0,2,6,0,0
CARRIER_E,2025-07-05 09:00,GWANGYANG,20FT,0,0,0,0,2,6,0,0
CARRIER_E,2025-07-05 10:00,GWANGYANG,20FT,0,0,0,0,2,6,0,0
CARRIER_E,2025-07-05 11:00,GWANGYANG,20FT,1,0,0,0,1,5,0,0
CARRIER_E,2025-07-05 12:00,GWANGYANG,20FT,0,0,0,0,1,5,0,0
CARRIER_E,2025-07-05 13:00,GWANGYANG,20FT,0,0,0,0,1,5,0,0
CARRIER_E,2025-07-05 14:00,GWANGYANG,20FT,0,0,0,0,1,5,0,0
CARRIER_E,2025-07-05 15:00,GWANGYANG,20FT,0,0,0,0,1,5,0,0
CARRIER_E,2025-07-05 16:00,GWANGYANG,20FT,0,0,0,0,1,5,0,0
CARRIER_E,2025-07-05 17:00,GWANGYANG,20FT,0,0,0,0,1,5,0,0
CARRIER_E,2025-07-05 18:00,GWANGYANG,20FT,0,0,0,0,1,5,0,0
CARRIER_E,2025-07-05 19:00,GWANGYANG,20FT,0,0,0,0,1,5,0,0
CARRIER_E,2025-07-05 20:00,GWANGYANG,20FT,0,0,0,0,1,5,0,0
CARRIER_E,2025-07-05 21:00,GWANGYANG,20FT,0,0,0,0,1,5,0,0
CARRIER_E,2025-07-05 22:00,GWANGYANG,20FT,0,0,0,0,1,5,0,0
CARRIER_E,2025-07-05 23:00,GWANGYANG,20FT,0,0,0,0,1,5,0,0
CARRIER_E,2025-07-06 00:00,GWANGYANG,20FT,0,0,0,0,1,5,0,0
CARRIER_E,2025-07-06 01:00,GWANGYANG,20FT,0,0,0,0,1,5,0,0
CARRIER_E,2025-07-06 02:00,GWANGYANG,20FT,0,0,0,0,1,5,0,0
CARRIER_E,2025-07-06 03:00,GWANGYANG,20FT,0,0,0,0,1,5,0,0
CARRIER_E,2025-07-06 04:00,GWANGYANG,20FT,0,0,0,0,1,5,0,0
CARRIER_E,2025-07-06 05:00,GWANGYANG,20FT,0,0,0,0,1,5,0,0
CARRIER_E,2025-07-06 06:00,GWANGYANG,20FT,0,0,0,0,1,5,0,0
CARRIER_E,2025-07-06 07:00,GWANGYANG,20FT,0,0,0,0,1,5,0,0
CARRIER_E,2025-07-06 08:00,GWANGYANG,20FT,0,0,0,0,1,5,0,0
CARRIER_E,2025-07-06 09:00,GWANGYANG,20FT,0,0,0,0,1,5,0,0
CARRIER_E,2025-07-06 10:00,GWANGYANG,20FT,1,0,0,0,0,4,0,0
CARRIER_E,2025-07-06 11:00,GWANGYANG,20FT,0,0,0,0,0,4,0,0
CARRIER_E,2025-07-06 12:00,GWANGYANG,20FT,0,0,0,0,0,4,0,0
CARRIER_E,2025-07-06 13:00,GWANGYANG,20FT,0,0,0,0,0,4,0,0
CARRIER_E,2025-07-06 14:00,GWANGYANG,20FT,2,0,0,0,0,2,2,0
CARRIER_E,2025-07-06 15:00,GWANGYANG,20FT,1,0,0,0,0,1,1,0
CARRIER_E,2025-07-06 16:00,GWANGYANG,20FT,1,0,0,0,0,0,1,0
CARRIER_E,2025-07-06 17:00,GWANGYANG,20FT,0,0,0,0,0,0,0,0
CARRIER_E,2025-07-06 18:00,GWANGYANG,20FT,0,0,0,0,0,0,0,0
CARRIER_E,2025-07-06 19:00,GWANGYANG,20FT,0,0,0,0,0,0,0,0
CARRIER_E,2025-07-06 20:00,GWANGYANG,20FT,0,0,0,0,0,0,0,0
CARRIER_E,2025-07-06 21:00,GWANGYANG,20FT,0,0,0,0,0,0,0,0
CARRIER_E,2025-07-06 22:00,GWANGYANG,20FT,0,0,0,0,0,0,0,0
CARRIER_E,2025-07-06 23:00,GWANGYANG,20FT,0,0,0,0,0,0,0,0
CARRIER_E,2025-07-07 00:00,GWANGYANG,20FT,0,0,0,0,0,0,0,0
CARRIER_E,2025-07-07 01:00,GWANGYANG,20FT,0,0,0,0,0,0,0,0
CARRIER_E,2025-07-07 02:00,GWANGYANG,20FT,0,0,0,0,0,0,0,0
CARRIER_E,2025-07-07 03:00,GWANGYANG,20FT,0,0,0,0,0,0,0,0
CARRIER_E,2025-07-07 04:00,GWANGYANG,20FT,0,0,0,0,0,0,0,0
CARRIER_E,2025-07-07 05:00,GWANGYANG,20FT,0,0,0,0,0,0,0,0
CARRIER_E,2025-07-07 06:00,GWANGYANG,20FT,0,0,0,0,0,0,0,0
CARRIER_E,2025-07-07 07:00,GWANGYANG,20FT,0,0,0,0,0,0,0,0
CARRIER_E,2025-07-07 08:00,GWANGYANG,20FT,0,0,0,0,0,0,0,0
CARRIER_E,2025-07-07 09:00,GWANGYANG,20FT,0,1,0,0,1,1,0,0
CARRIER_E,2025-07-07 10:00,GWANGYANG,20FT,0,0,0,0,1,1,0,0
CARRIER_E,2025-07-07 11:00,GWANGYANG,20FT,0,1,0,0,2,2,0,0
CARRIER_E,2025-07-07 12:00,GWANGYANG,20FT,0,0,0,0,2,2,0,0
CARRIER_E,2025-07-07 13:00,GWANGYANG,20FT,0,0,0,0,2,2,0,0
CARRIER_E,2025-07-07 14:00,GWANGYANG,20FT,0,0,0,0,2,2,0,0
CARRIER_E,2025-07-07 15:00,GWANGYANG,20FT,1,0,0,0,1,1,0,0
CARRIER_E,2025-07-07 16:00,GWANGYANG,20FT,0,0,0,0,1,1,0,0
CARRIER_E,2025-07-07 17:00,GWANGYANG,20FT,0,0,0,0,1,1,0,0
CARRIER_E,2025-07-07 18:00,GWANGYANG,20FT,0,0,0,0,1,1,0,0
CARRIER_E,2025-07-07 19:00,GWANGYANG,20FT,0,0,0,0,1,1,0,0
CARRIER_E,2025-07-07 20:00,GWANGYANG,20FT,0,0,0,0,1,1,0,0
CARRIER_E,2025-07-07 21:00,GWANGYANG,20FT,0,0,0,0,1,1,0,0
CARRIER_E,2025-07-07 22:00,GWANGYANG,20FT,0,0,0,0,1,1,0,0
CARRIER_E,2025-07-07 23:00,GWANGYANG,20FT,0,0,0,0,1,1,0,0
CARRIER_E,2025-07-01 00:00,GWANGYANG,40FT,0,0,0,0,0,0,0,0
CARRIER_E,2025-07-01 01:00,GWANGYANG,40FT,0,0,0,0,0,0,0,0
CARRIER_E,2025-07-01 02:00,GWANGYANG,40FT,0,0,0,0,0,0,0,0
CARRIER_E,2025-07-01 03:00,GWANGYANG,40FT,0,0,0,0,0,0,0,0
CARRIER_E,2025-07-01 04:00,GWANGYANG,40FT,0,0,0,0,0,0,0,0
CARRIER_E,2025-07-01 05:00,GWANGYANG,40FT,0,0,0,0,0,0,0,0
CARRIER_E,2025-07-01 06:00,GWANGYANG,40FT,0,0,0,0,0,0,0,0
CARRIER_E,2025-07-01 07:00,GWANGYANG,40FT,0,0,0,0,0,0,0,0
CARRIER_E,2025-07-01 08:00,GWANGYANG,40FT,0,0,0,0,0,0,0,0
CARRIER_E,2025-07-01 09:00,GWANGYANG,40FT,0,0,0,0,0,0,0,0
CARRIER_E,2025-07-01 10:00,GWANGYANG,40FT,0,0,0,0,0,0,0,0
CARRIER_E,2025-07-01 11:00,GWANGYANG,40FT,0,0,0,0,0,0,0,0
CARRIER_E,2025-07-01 12:00,GWANGYANG,40FT,0,0,0,0,0,0,0,0
CARRIER_E,2025-07-01 13:00,GWANGYANG,40FT,0,0,0,0,0,0,0,0
CARRIER_E,2025-07-01 14:00,GWANGYANG,40FT,0,0,0,0,0,0,0,0
CARRIER_E,2025-07-01 15:00,GWANGYANG,40FT,0,0,0,0,0,0,0,0
CARRIER_E,2025-07-01 16:00,GWANGYANG,40FT,0,0,0,0,0,0,0,0
CARRIER_E,2025-07-01 17:00,GWANGYANG,40FT,0,0,0,0,0,0,0,0
CARRIER_E,2025-07-01 18:00,GWANGYANG,40FT,0,0,0,0,0,0,0,0
CARRIER_E,2025-07-01 19:00,GWANGYANG,40FT,0,0,0,0,0,0,0,0
CARRIER_E,2025-07-01 20:00,GWANGYANG,40FT,0,0,0,0,0,0,0,0
CARRIER_E,2025-07-01 21:00,GWANGYANG,40FT,0,0,0,0,0,0,0,0
CARRIER_E,2025-07-01 22:00,GWANGYANG,40FT,0,0,0,0,0,0,0,0
CARRIER_E,2025-07-01 23:00,GWANGYANG,40FT,0,0,0,0,0,0,0,0
CARRIER_E,2025-07-02 00:00,GWANGYANG,40FT,0,0,0,0,0,0,0,0
CARRIER_E,2025-07-02 01:00,GWANGYANG,40FT,0,0,0,0,0,0,0,0
CARRIER_E,2025-07-02 02:00,GWANGYANG,40FT,0,0,0,0,0,0,0,0
CARRIER_E,2025-07-02 03:00,GWANGYANG,40FT,0,0,0,0,0,0,0,0
CARRIER_E,2025-07-02 04:00,GWANGYANG,40FT,0,0,0,0,0,0,0,0
CARRIER_E,2025-07-02 05:00,GWANGYANG,40FT,0,0,0,0,0,0,0,0
CARRIER_E,2025-07-02 06:00,GWANGYANG,40FT,0,0,0,0,0,0,0,0
CARRIER_E,2025-07-02 07:00,GWANGYANG,40FT,0,0,0,0,0,0,0,0
CARRIER_E,2025-07-02 08:00,GWANGYANG,40FT,0,0,0,0,0,0,0,0
CARRIER_E,2025-07-02 09:00,GWANGYANG,40FT,0,0,0,0,0,0,0,0
CARRIER_E,2025-07-02 10:00,GWANGYANG,40FT,0,0,0,0,0,0,0,0
CARRIER_E,2025-07-02 11:00,GWANGYANG,40FT,0,0,0,0,0,0,0,0
CARRIER_E,2025-07-02 12:00,GWANGYANG,40FT,0,0,0,0,0,0,0,0
CARRIER_E,2025-07-02 13:00,GWANGYANG,40FT,0,0,0,0,0,0,0,0
CARRIER_E,2025-07-02 14:00,GWANGYANG,40FT,0,0,0,0,0,0,0,0
CARRIER_E,2025-07-02 15:00,GWANGYANG,40FT,0,0,0,0,0,0,0,0
CARRIER_E,2025-07-02 16:00,GWANGYANG,40FT,0,0,0,0,0,0,0,0
CARRIER_E,2025-07-02 17:00,GWANGYANG,40FT,0,0,0,0,0,0,0,0
CARRIER_E,2025-07-02 18:00,GWANGYANG,40FT,0,0,0,0,0,0,0,0
CARRIER_E,2025-07-02 19:00,GWANGYANG,40FT,0,0,0,0,0,0,0,0
CARRIER_E,2025-07-02 20:00,GWANGYANG,40FT,0,0,0,0,0,0,0,0
CARRIER_E,2025-07-02 21:00,GWANGYANG,40FT,0,0,0,0,0,0,0,0
CARRIER_E,2025-07-02 22:00,GWANGYANG,40FT,0,0,0,0,0,0,0,0
CARRIER_E,2025-07-02 23:00,GWANGYANG,40FT,0,0,0,0,0,0,0,0
CARRIER_E,2025-07-03 00:00,GWANGYANG,40FT,0,0,0,0,0,0,0,0
CARRIER_E,2025-07-03 01:00,GWANGYANG,40FT,0,0,0,0,0,0,0,0
CARRIER_E,2025-07-03 02:00,GWANGYANG,40FT,0,0,0,0,0,0,0,0
CARRIER_E,2025-07-03 03:00,GWANGYANG,40FT,0,0,0,0,0,0,0,0
CARRIER_E,2025-07-03 04:00,GWANGYANG,40FT,0,0,0,0,0,0,0,0
CARRIER_E,2025-07-03 05:00,GWANGYANG,40FT,0,0,0,0,0,0,0,0
CARRIER_E,2025-07-03 06:00,GWANGYANG,40FT,0,0,0,0,0,0,0,0
CARRIER_E,2025-07-03 07:00,GWANGYANG,40FT,0,0,0,0,0,0,0,0
CARRIER_E,2025-07-03 08:00,GWANGYANG,40FT,0,0,0,0,0,0,0,0
CARRIER_E,2025-07-03 09:00,GWANGYANG,40FT,0,1,0,0,1,1,0,0
CARRIER_E,2025-07-03 10:00,GWANGYANG,40FT,0,0,0,0,1,1,0,0
CARRIER_E,2025-07-03 11:00,GWANGYANG,40FT,0,0,0,0,1,1,0,0
CARRIER_E,2025-07-03 12:00,GWANGYANG,40FT,0,0,0,0,1,1,0,0
CARRIER_E,2025-07-03 13:00,GWANGYANG,40FT,0,0,0,0,1,1,0,0
CARRIER_E,2025-07-03 14:00,GWANGYANG,40FT,0,0,0,0,1,1,0,0
CARRIER_E,2025-07-03 15:00,GWANGYANG,40FT,0,0,0,0,1,1,0,0
CARRIER_E,2025-07-03 16:00,GWANGYANG,40FT,0,0,0,0,1,1,0,0
CARRIER_E,2025-07-03 17:00,GWANGYANG,40FT,0,0,0,0,1,1,0,0
CARRIER_E,2025-07-03 18:00,GWANGYANG,40FT,0,0,0,0,1,1,0,0
CARRIER_E,2025-07-03 19:00,GWANGYANG,40FT,0,0,0,0,1,1,0,0
CARRIER_E,2025-07-03 20:00,GWANGYANG,40FT,0,0,0,0,1,1,0,0
CARRIER_E,2025-07-03 21:00,GWANGYANG,40FT,0,0,0,0,1,1,0,0
CARRIER_E,2025-07-03 22:00,GWANGYANG,40FT,0,0,0,0,1,1,0,0
CARRIER_E,2025-07-03 23:00,GWANGYANG,40FT,0,0,0,0,1,1,0,0
CARRIER_E,2025-07-04 00:00,GWANGYANG,40FT,0,0,0,0,1,1,0,0
CARRIER_E,2025-07-04 01:00,GWANGYANG,40FT,0,0,0,0,1,1,0,0
CARRIER_E,2025-07-04 02:00,GWANGYANG,40FT,0,0,0,0,1,1,0,0
CARRIER_E,2025-07-04 03:00,GWANGYANG,40FT,0,0,0,0,1,1,0,0
CARRIER_E,2025-07-04 04:00,GWANGYANG,40FT,0,0,0,0,1,1,0,0
CARRIER_E,2025-07-04 05:00,GWANGYANG,40FT,0,0,0,0,1,1,0,0
CARRIER_E,2025-07-04 06:00,GWANGYANG,40FT,0,0,0,0,1,1,0,0
CARRIER_E,2025-07-04 07:00,GWANGYANG,40FT,0,0,0,0,1,1,0,0
CARRIER_E,2025-07-04 08:00,GWANGYANG,40FT,0,0,0,0,1,1,0,0
CARRIER_E,2025-07-04 09:00,GWANGYANG,40FT,0,0,1,0,1,2,0,0
CARRIER_E,2025-07-04 10:00,GWANGYANG,40FT,0,0,0,0,1,2,0,0
CARRIER_E,2025-07-04 11:00,GWANGYANG,40FT,0,0,0,0,1,2,0,0
CARRIER_E,2025-07-04 12:00,GWANGYANG,40FT,0,0,0,0,1,2,0,0
CARRIER_E,2025-07-04 13:00,GWANGYANG,40FT,0,0,0,0,1,2,0,0
CARRIER_E,2025-07-04 14:00,GWANGYANG,40FT,0,0,0,0,1,2,0,0
CARRIER_E,2025-07-04 15:00,GWANGYANG,40FT,0,0,0,0,1,2,0,0
CARRIER_E,2025-07-04 16:00,GWANGYANG,40FT,0,0,0,0,1,2,0,0
CARRIER_E,2025-07-04 17:00,GWANGYANG,40FT,0,0,0,0,1,2,0,0
CARRIER_E,2025-07-04 18:00,GWANGYANG,40FT,0,0,0,0,1,2,0,0
CARRIER_E,2025-07-04 19:00,GWANGYANG,40FT,0,0,0,0,1,2,0,0
CARRIER_E,2025-07-04 20:00,GWANGYANG,40FT,0,0,0,0,1,2,0,0
CARRIER_E,2025-07-04 21:00,GWANGYANG,40FT,0,0,0,0,1,2,0,0
CARRIER_E,2025-07-04 22:00,GWANGYANG,40FT,0,0,0,0,1,2,0,0
CARRIER_E,2025-07-04 23:00,GWANGYANG,40FT,0,0,0,0,1,2,0,0
CARRIER_E,2025-07-05 00:00,GWANGYANG,40FT,0,0,0,0,1,2,0,0
CARRIER_E,2025-07-05 01:00,GWANGYANG,40FT,0,0,0,0,1,2,0,0
CARRIER_E,2025-07-05 02:00,GWANGYANG,40FT,0,0,0,0,1,2,0,0
CARRIER_E,2025-07-05 03:00,GWANGYANG,40FT,0,0,0,0,1,2,0,0
CARRIER_E,2025-07-05 04:00,GWANGYANG,40FT,0,0,0,0,1,2,0,0
CARRIER_E,2025-07-05 05:00,GWANGYANG,40FT,0,0,0,0,1,2,0,0
CARRIER_E,2025-07-05 06:00,GWANGYANG,40FT,0,0,0,0,1,2,0,0
CARRIER_E,2025-07-05 07:00,GWANGYANG,40FT,0,0,0,0,1,2,0,0
CARRIER_E,2025-07-05 08:00,GWANGYANG,40FT,0,0,0,0,1,2,0,0
CARRIER_E,2025-07-05 09:00,GWANGYANG,40FT,0,0,0,0,1,2,0,0
CARRIER_E,2025-07-05 10:00,GWANGYANG,40FT,0,0,0,0,1,2,0,0
CARRIER_E,2025-07-05 11:00,GWANGYANG,40FT,0,0,0,0,1,2,0,0
CARRIER_E,2025-07-05 12:00,GWANGYANG,40FT,0,0,0,0,1,2,0,0
CARRIER_E,2025-07-05 13:00,GWANGYANG,40FT,0,0,0,0,1,2,0,0
CARRIER_E,2025-07-05 14:00,GWANGYANG,40FT,0,0,0,0,1,2,0,0
CARRIER_E,2025-07-05 15:00,GWANGYANG,40FT,0,0,0,0,1,2,0,0
CARRIER_E,2025-07-05 16:00,GWANGYANG,40FT,0,0,0,0,1,2,0,0
CARRIER_E,2025-07-05 17:00,GWANGYANG,40FT,0,0,0,0,1,2,0,0
CARRIER_E,2025-07-05 18:00,GWANGYANG,40FT,0,0,0,0,1,2,0,0
CARRIER_E,2025-07-05 19:00,GWANGYANG,40FT,0,0,0,0,1,2,0,0
CARRIER_E,2025-07-05 20:00,GWANGYANG,40FT,0,0,0,0,1,2,0,0
CARRIER_E,2025-07-05 21:00,GWANGYANG,40FT,0,0,0,0,1,2,0,0
CARRIER_E,2025-07-05 22:00,GWANGYANG,40FT,0,0,0,0,1,2,0,0
CARRIER_E,2025-07-05 23:00,GWANGYANG,40FT,0,0,0,0,1,2,0,0
CARRIER_E,2025-07-06 00:00,GWANGYANG,40FT,0,0,0,0,1,2,0,0
CARRIER_E,2025-07-06 01:00,GWANGYANG,40FT,0,0,0,0,1,2,0,0
CARRIER_E,2025-07-06 02:00,GWANGYANG,40FT,0,0,0,0,1,2,0,0
CARRIER_E,2025-07-06 03:00,GWANGYANG,40FT,0,0,0,0,1,2,0,0
CARRIER_E,2025-07-06 04:00,GWANGYANG,40FT,0,0,0,0,1,2,0,0
CARRIER_E,2025-07-06 05:00,GWANGYANG,40FT,0,0,0,0,1,2,0,0
CARRIER_E,2025-07-06 06:00,GWANGYANG,40FT,0,0,0,0,1,2,0,0
CARRIER_E,2025-07-06 07:00,GWANGYANG,40FT,1,0,0,0,0,1,0,0
CARRIER_E,2025-07-06 08:00,GWANGYANG,40FT,0,0,0,0,0,1,0,0
CARRIER_E,2025-07-06 09:00,GWANGYANG,40FT,0,0,0,0,0,1,0,0
CARRIER_E,2025-07-06 10:00,GWANGYANG,40FT,0,0,0,0,0,1,0,0
CARRIER_E,2025-07-06 11:00,GWANGYANG,40FT,0,0,0,0,0,1,0,0
CARRIER_E,2025-07-06 12:00,GWANGYANG,40FT,0,0,0,0,0,1,0,0
CARRIER_E,2025-07-06 13:00,GWANGYANG,40FT,0,0,0,0,0,1,0,0
CARRIER_E,2025-07-06 14:00,GWANGYANG,40FT,0,0,0,0,0,1,0,0
CARRIER_E,2025-07-06 15:00,GWANGYANG,40FT,0,0,0,0,0,1,0,0
CARRIER_E,2025-07-06 16:00,GWANGYANG,40FT,0,0,0,0,0,1,0,0
CARRIER_E,2025-07-06 17:00,GWANGYANG,40FT,0,0,0,0,0,1,0,0
CARRIER_E,2025-07-06 18:00,GWANGYANG,40FT,1,0,0,0,0,0,1,0
CARRIER_E,2025-07-06 19:00,GWANGYANG,40FT,0,0,0,0,0,0,0,0
CARRIER_E,2025-07-06 20:00,GWANGYANG,40FT,0,0,0,0,0,0,0,0
CARRIER_E,2025-07-06 21:00,GWANGYANG,40FT,0,0,0,0,0,0,0,0
CARRIER_E,2025-07-06 22:00,GWANGYANG,40FT,0,0,0,0,0,0,0,0
CARRIER_E,2025-07-06 23:00,GWANGYANG,40FT,0,0,0,0,0,0,0,0
CARRIER_E,2025-07-07 00:00,GWANGYANG,40FT,0,0,0,0,0,0,0,0
CARRIER_E,2025-07-07 01:00,GWANGYANG,40FT,0,0,0,0,0,0,0,0
CARRIER_E,2025-07-07 02:00,GWANGYANG,40FT,0,0,0,0,0,0,0,0
CARRIER_E,2025-07-07 03:00,GWANGYANG,40FT,0,0,0,0,0,0,0,0
CARRIER_E,2025-07-07 04:00,GWANGYANG,40FT,0,0,0,0,0,0,0,0
CARRIER_E,2025-07-07 05:00,GWANGYANG,40FT,0,0,0,0,0,0,0,0
CARRIER_E,2025-07-07 06:00,GWANGYANG,40FT,0,0,0,0,0,0,0,0
CARRIER_E,2025-07-07 07:00,GWANGYANG,40FT,0,0,0,0,0,0,0,0
CARRIER_E,2025-07-07 08:00,GWANGYANG,40FT,0,0,0,0,0,0,0,0
CARRIER_E,2025-07-07 09:00,GWANGYANG,40FT,0,0,0,0,0,0,0,0
CARRIER_E,2025-07-07 10:00,GWANGYANG,40FT,0,0,0,0,0,0,0,0
CARRIER_E,2025-07-07 11:00,GWANGYANG,40FT,0,0,0,0,0,0,0,0
CARRIER_E,2025-07-07 12:00,GWANGYANG,40FT,0,0,0,0,0,0,0,0
CARRIER_E,2025-07-07 13:00,GWANGYANG,40FT,0,0,0,0,0,0,0,0
CARRIER_E,2025-07-07 14:00,GWANGYANG,40FT,0,0,0,0,0,0,0,0
CARRIER_E,2025-07-07 15:00,GWANGYANG,40FT,0,0,0,0,0,0,0,0
CARRIER_E,2025-07-07 16:00,GWANGYANG,40FT,0,0,0,0,0,0,0,0
CARRIER_E,2025-07-07 17:00,GWANGYANG,40FT,0,0,0,0,0,0,0,0
CARRIER_E,2025-07-07 18:00,GWANGYANG,40FT,0,0,0,0,0,0,0,0
CARRIER_E,2025-07-07 19:00,GWANGYANG,40FT,0,0,0,0,0,0,0,0
CARRIER_E,2025-07-07 20:00,GWANGYANG,40FT,0,0,0,0,0,0,0,0
CARRIER_E,2025-07-07 21:00,GWANGYANG,40FT,0,0,0,0,0,0,0,0
CARRIER_E,2025-07-07 22:00,GWANGYANG,40FT,0,0,0,0,0,0,0,0
CARRIER_E,2025-07-07 23:00,GWANGYANG,40FT,0,0,0,0,0,0,0,0
CARRIER_E,2025-07-01 00:00,UIWANG,20FT,0,0,0,0,29,29,0,0
CARRIER_E,2025-07-01 01:00,UIWANG,20FT,0,0,0,0,29,29,0,0
CARRIER_E,2025-07-01 02:00,UIWANG,20FT,0,0,0,0,29,29,0,0
CARRIER_E,2025-07-01 03:00,UIWANG,20FT,0,0,0,0,29,29,0,0
CARRIER_E,2025-07-01 04:00,UIWANG,20FT,0,0,0,0,29,29,0,0
CARRIER_E,2025-07-01 05:00,UIWANG,20FT,0,0,0,0,29,29,0,0
CARRIER_E,2025-07-01 06:00,UIWANG,20FT,0,0,0,0,29,29,0,0
CARRIER_E,2025-07-01 07:00,UIWANG,20FT,1,0,0,0,28,28,0,0
CARRIER_E,2025-07-01 08:00,UIWANG,20FT,0,0,0,0,28,28,0,0
CARRIER_E,2025-07-01 09:00,UIWANG,20FT,0,1,0,0,29,29,0,0
CARRIER_E,2025-07-01 10:00,UIWANG,20FT,0,0,0,0,29,29,0,0
CARRIER_E,2025-07-01 11:00,UIWANG,20FT,1,2,0,0,30,30,0,0
CARRIER_E,2025-07-01 12:00,UIWANG,20FT,0,0,0,0,30,30,0,0
CARRIER_E,2025-07-01 13:00,UIWANG,20FT,2,4,0,0,32,32,0,0
CARRIER_E,2025-07-01 14:00,UIWANG,20FT,0,1,0,0,33,33,0,0
CARRIER_E,2025-07-01 15:00,UIWANG,20FT,0,0,0,2,33,31,0,0
CARRIER_E,2025-07-01 16:00,UIWANG,20FT,0,3,0,0,36,34,0,0
CARRIER_E,2025-07-01 17:00,UIWANG,20FT,0,1,0,0,37,35,0,0
CARRIER_E,2025-07-01 18:00,UIWANG,20FT,0,0,0,0,37,35,0,0
CARRIER_E,2025-07-01 19:00,UIWANG,20FT,0,2,0,0,39,37,0,0
CARRIER_E,2025-07-01 20:00,UIWANG,20FT,1,1,0,0,39,37,0,0
CARRIER_E,2025-07-01 21:00,UIWANG,20FT,0,0,0,0,39,37,0,0
CARRIER_E,2025-07-01 22:00,UIWANG,20FT,0,0,0,0,39,37,0,0
CARRIER_E,2025-07-01 23:00,UIWANG,20FT,0,0,0,0,39,37,0,0
CARRIER_E,2025-07-02 00:00,UIWANG,20FT,0,0,0,0,39,37,0,0
CARRIER_E,2025-07-02 01:00,UIWANG,20FT,0,0,0,0,39,37,0,0
CARRIER_E,2025-07-02 02:00,UIWANG,20FT,0,0,0,0,39,37,0,0
CARRIER_E,2025-07-02 03:00,UIWANG,20FT,0,0,0,0,39,37,0,0
CARRIER_E,2025-07-02 04:00,UIWANG,20FT,0,0,0,0,39,37,0,0
CARRIER_E,2025-07-02 05:00,UIWANG,20FT,0,0,0,0,39,37,0,0
CARRIER_E,2025-07-02 06:00,UIWANG,20FT,0,1,0,0,40,38,0,0
CARRIER_E,2025-07-02 07:00,UIWANG,20FT,1,0,0,0,39,37,0,0
CARRIER_E,2025-07-02 08:00,UIWANG,20FT,1,0,0,0,38,36,0,0
CARRIER_E,2025-07-02 09:00,UIWANG,20FT,0,1,0,0,39,37,0,0
CARRIER_E,2025-07-02 10:00,UIWANG,20FT,1,5,0,0,43,41,0,0
CARRIER_E,2025-07-02 11:00,UIWANG,20FT,3,0,0,0,40,38,0,0
CARRIER_E,2025-07-02 12:00,UIWANG,20FT,0,1,0,0,41,39,0,0
CARRIER_E,2025-07-02 13:00,UIWANG,20FT,2,3,0,0,42,40,0,0
CARRIER_E,2025-07-02 14:00,UIWANG,20FT,0,0,0,0,42,40,0,0
CARRIER_E,2025-07-02 15:00,UIWANG,20FT,0,2,0,0,44,42,0,0
CARRIER_E,2025-07-02 16:00,UIWANG,20FT,1,1,0,0,44,42,0,0
CARRIER_E,2025-07-02 17:00,UIWANG,20FT,0,1,0,0,45,43,0,0
CARRIER_E,2025-07-02 18:00,UIWANG,20FT,0,0,0,0,45,43,0,0
CARRIER_E,2025-07-02 19:00,UIWANG,20FT,0,0,0,0,45,43,0,0
CARRIER_E,2025-07-02 20:00,UIWANG,20FT,0,0,0,0,45,43,0,0
CARRIER_E,2025-07-02 21:00,UIWANG,20FT,0,2,0,0,47,45,0,0
CARRIER_E,2025-07-02 22:00,UIWANG,20FT,0,0,0,0,47,45,0,0
CARRIER_E,2025-07-02 23:00,UIWANG,20FT,0,0,0,0,47,45,0,0
CARRIER_E,2025-07-03 00:00,UIWANG,20FT,0,0,0,0,47,45,0,0
CARRIER_E,2025-07-03 01:00,UIWANG,20FT,0,0,0,0,47,45,0,0
CARRIER_E,2025-07-03 02:00,UIWANG,20FT,0,0,0,0,47,45,0,0
CARRIER_E,2025-07-03 03:00,UIWANG,20FT,0,0,0,0,47,45,0,0
CARRIER_E,2025-07-03 04:00,UIWANG,20FT,0,0,0,0,47,45,0,0
CARRIER_E,2025-07-03 05:00,UIWANG,20FT,0,0,0,0,47,45,0,0
CARRIER_E,2025-07-03 06:00,UIWANG,20FT,0,0,0,0,47,45,0,0
CARRIER_E,2025-07-03 07:00,UIWANG,20FT,0,0,0,0,47,45,0,0
CARRIER_E,2025-07-03 08:00,UIWANG,20FT,1,1,0,0,47,45,0,0
CARRIER_E,2025-07-03 09:00,UIWANG,20FT,0,0,0,0,47,45,0,0
CARRIER_E,2025-07-03 10:00,UIWANG,20FT,0,0,0,0,47,45,0,0
CARRIER_E,2025-07-03 11:00,UIWANG,20FT,0,0,0,0,47,45,0,0
CARRIER_E,2025-07-03 12:00,UIWANG,20FT,0,1,0,0,48,46,0,0
CARRIER_E,2025-07-03 13:00,UIWANG,20FT,0,1,0,0,49,47,0,0
CARRIER_E,2025-07-03 14:00,UIWANG,20FT,0,0,0,0,49,47,0,0
CARRIER_E,2025-07-03 15:00,UIWANG,20FT,1,1,0,5,49,42,0,0
CARRIER_E,2025-07-03 16:00,UIWANG,20FT,0,2,0,0,51,44,0,0
CARRIER_E,2025-07-03 17:00,UIWANG,20FT,0,0,0,0,51,44,0,0
CARRIER_E,2025-07-03 18:00,UIWANG,20FT,0,0,0,0,51,44,0,0
CARRIER_E,2025-07-03 19:00,UIWANG,20FT,0,0,0,0,51,44,0,0
CARRIER_E,2025-07-03 20:00,UIWANG,20FT,0,0,0,0,51,44,0,0
CARRIER_E,2025-07-03 21:00,UIWANG,20FT,0,0,0,0,51,44,0,0
CARRIER_E,2025-07-03 22:00,UIWANG,20FT,0,0,0,0,51,44,0,0
CARRIER_E,2025-07-03 23:00,UIWANG,20FT,0,0,0,0,51,44,0,0
CARRIER_E,2025-07-04 00:00,UIWANG,20FT,0,0,0,0,51,44,0,0
CARRIER_E,2025-07-04 01:00,UIWANG,20FT,0,0,0,0,51,44,0,0
CARRIER_E,2025-07-04 02:00,UIWANG,20FT,0,0,0,0,51,44,0,0
CARRIER_E,2025-07-04 03:00,UIWANG,20FT,0,0,0,0,51,44,0,0
CARRIER_E,2025-07-04 04:00,UIWANG,20FT,0,0,0,0,51,44,0,0
CARRIER_E,2025-07-04 05:00,UIWANG,20FT,0,0,0,0,51,44,0,0
CARRIER_E,2025-07-04 06:00,UIWANG,20FT,0,0,0,0,51,44,0,0
CARRIER_E,2025-07-04 07:00,UIWANG,20FT,0,1,0,0,52,45,0,0
CARRIER_E,2025-07-04 08:00,UIWANG,20FT,0,0,0,0,52,45,0,0
CARRIER_E,2025-07-04 09:00,UIWANG,20FT,0,1,0,0,53,46,0,0
CARRIER_E,2025-07-04 10:00,UIWANG,20FT,0,0,0,0,53,46,0,0
CARRIER_E,2025-07-04 11:00,UIWANG,20FT,0,0,0,0,53,46,0,0
CARRIER_E,2025-07-04 12:00,UIWANG,20FT,0,0,0,0,53,46,0,0
CARRIER_E,2025-07-04 13:00,UIWANG,20FT,1,2,0,0,54,47,0,0
CARRIER_E,2025-07-04 14:00,UIWANG,20FT,1,1,0,0,54,47,0,0
CARRIER_E,2025-07-04 15:00,UIWANG,20FT,0,0,0,0,54,47,0,0
CARRIER_E,2025-07-04 16:00,UIWANG,20FT,0,0,0,0,54,47,0,0
CARRIER_E,2025-07-04 17:00,UIWANG,20FT,0,1,0,0,55,48,0,0
CARRIER_E,2025-07-04 18:00,UIWANG,20FT,0,1,0,0,56,49,0,0
CARRIER_E,2025-07-04 19:00,UIWANG,20FT,0,1,0,0,57,50,0,0
CARRIER_E,2025-07-04 20:00,UIWANG,20FT,0,0,0,0,57,50,0,0
CARRIER_E,2025-07-04 21:00,UIWANG,20FT,0,0,0,0,57,50,0,0
CARRIER_E,2025-07-04 22:00,UIWANG,20FT,0,0,0,0,57,50,0,0
CARRIER_E,2025-07-04 23:00,UIWANG,20FT,0,0,0,0,57,50,0,0
CARRIER_E,2025-07-05 00:00,UIWANG,20FT,0,0,0,0,57,50,0,0
CARRIER_E,2025-07-05 01:00,UIWANG,20FT,0,0,0,0,57,50,0,0
CARRIER_E,2025-07-05 02:00,UIWANG,20FT,0,0,0,0,57,50,0,0
CARRIER_E,2025-07-05 03:00,UIWANG,20FT,0,0,0,0,57,50,0,0
CARRIER_E,2025-07-05 04:00,UIWANG,20FT,0,0,0,0,57,50,0,0
CARRIER_E,2025-07-05 05:00,UIWANG,20FT,0,0,0,0,57,50,0,0
CARRIER_E,2025-07-05 06:00,UIWANG,20FT,0,0,0,0,57,50,0,0
CARRIER_E,2025-07-05 07:00,UIWANG,20FT,0,0,0,0,57,50,0,0
CARRIER_E,2025-07-05 08:00,UIWANG,20FT,0,0,0,0,57,50,0,0
CARRIER_E,2025-07-05 09:00,UIWANG,20FT,0,0,0,0,57,50,0,0
CARRIER_E,2025-07-05 10:00,UIWANG,20FT,0,0,0,0,57,50,0,0
CARRIER_E,2025-07-05 11:00,UIWANG,20FT,0,0,0,0,57,50,0,0
CARRIER_E,2025-07-05 12:00,UIWANG,20FT,1,1,0,0,57,50,0,0
CARRIER_E,2025-07-05 13:00,UIWANG,20FT,0,0,0,0,57,50,0,0
CARRIER_E,2025-07-05 14:00,UIWANG,20FT,0,0,0,0,57,50,0,0
CARRIER_E,2025-07-05 15:00,UIWANG,20FT,0,0,0,0,57,50,0,0
CARRIER_E,2025-07-05 16:00,UIWANG,20FT,0,0,0,0,57,50,0,0
CARRIER_E,2025-07-05 17:00,UIWANG,20FT,0,0,0,0,57,50,0,0
CARRIER_E,2025-07-05 18:00,UIWANG,20FT,0,1,0,0,58,51,0,0
CARRIER_E,2025-07-05 19:00,UIWANG,20FT,0,0,0,0,58,51,0,0
CARRIER_E,2025-07-05 20:00,UIWANG,20FT,0,0,0,0,58,51,0,0
CARRIER_E,2025-07-05 21:00,UIWANG,20FT,0,0,0,0,58,51,0,0
CARRIER_E,2025-07-05 22:00,UIWANG,20FT,0,0,0,0,58,51,0,0
CARRIER_E,2025-07-05 23:00,UIWANG,20FT,0,0,0,0,58,51,0,0
CARRIER_E,2025-07-06 00:00,UIWANG,20FT,0,0,0,0,58,51,0,0
CARRIER_E,2025-07-06 01:00,UIWANG,20FT,0,0,0,0,58,51,0,0
CARRIER_E,2025-07-06 02:00,UIWANG,20FT,0,0,0,0,58,51,0,0
CARRIER_E,2025-07-06 03:00,UIWANG,20FT,0,0,0,0,58,51,0,0
CARRIER_E,2025-07-06 04:00,UIWANG,20FT,0,0,0,0,58,51,0,0
CARRIER_E,2025-07-06 05:00,UIWANG,20FT,0,0,0,0,58,51,0,0
CARRIER_E,2025-07-06 06:00,UIWANG,20FT,0,0,0,0,58,51,0,0
CARRIER_E,2025-07-06 07:00,UIWANG,20FT,0,0,0,0,58,51,0,0
CARRIER_E,2025-07-06 08:00,UIWANG,20FT,0,0,0,0,58,51,0,0
CARRIER_E,2025-07-06 09:00,UIWANG,20FT,0,0,0,0,58,51,0,0
CARRIER_E,2025-07-06 10:00,UIWANG,20FT,0,0,0,0,58,51,0,0
CARRIER_E,2025-07-06 11:00,UIWANG,20FT,0,0,0,0,58,51,0,0
CARRIER_E,2025-07-06 12:00,UIWANG,20FT,0,0,0,0,58,51,0,0
CARRIER_E,2025-07-06 13:00,UIWANG,20FT,0,2,0,0,60,53,0,0
CARRIER_E,2025-07-06 14:00,UIWANG,20FT,1,0,0,0,59,52,0,0
CARRIER_E,2025-07-06 15:00,UIWANG,20FT,0,0,0,0,59,52,0,0
CARRIER_E,2025-07-06 16:00,UIWANG,20FT,0,0,0,0,59,52,0,0
CARRIER_E,2025-07-06 17:00,UIWANG,20FT,0,0,0,0,59,52,0,0
CARRIER_E,2025-07-06 18:00,UIWANG,20FT,0,0,0,0,59,52,0,0
CARRIER_E,2025-07-06 19:00,UIWANG,20FT,0,0,0,0,59,52,0,0
CARRIER_E,2025-07-06 20:00,UIWANG,20FT,0,1,0,0,60,53,0,0
CARRIER_E,2025-07-06 21:00,UIWANG,20FT,0,0,0,0,60,53,0,0
CARRIER_E,2025-07-06 22:00,UIWANG,20FT,0,0,0,0,60,53,0,0
CARRIER_E,2025-07-06 23:00,UIWANG,20FT,0,0,0,0,60,53,0,0
CARRIER_E,2025-07-07 00:00,UIWANG,20FT,0,0,0,0,60,53,0,0
CARRIER_E,2025-07-07 01:00,UIWANG,20FT,0,0,0,0,60,53,0,0
CARRIER_E,2025-07-07 02:00,UIWANG,20FT,0,0,0,0,60,53,0,0
CARRIER_E,2025-07-07 03:00,UIWANG,20FT,0,0,0,0,60,53,0,0
CARRIER_E,2025-07-07 04:00,UIWANG,20FT,0,0,0,0,60,53,0,0
CARRIER_E,2025-07-07 05:00,UIWANG,20FT,0,0,0,0,60,53,0,0
CARRIER_E,2025-07-07 06:00,UIWANG,20FT,0,0,0,0,60,53,0,0
CARRIER_E,2025-07-07 07:00,UIWANG,20FT,0,0,0,0,60,53,0,0
CARRIER_E,2025-07-07 08:00,UIWANG,20FT,0,0,0,0,60,53,0,0
CARRIER_E,2025-07-07 09:00,UIWANG,20FT,0,0,0,0,60,53,0,0
CARRIER_E,2025-07-07 10:00,UIWANG,20FT,1,0,0,0,59,52,0,0
CARRIER_E,2025-07-07 11:00,UIWANG,20FT,0,1,0,0,60,53,0,0
CARRIER_E,2025-07-07 12:00,UIWANG,20FT,1,1,0,0,60,53,0,0
CARRIER_E,2025-07-07 13:00,UIWANG,20FT,0,0,0,0,60,53,0,0
CARRIER_E,2025-07-07 14:00,UIWANG,20FT,0,3,0,0,63,56,0,0
CARRIER_E,2025-07-07 15:00,UIWANG,20FT,1,1,0,0,63,56,0,0
CARRIER_E,2025-07-07 16:00,UIWANG,20FT,1,1,0,0,63,56,0,0
CARRIER_E,2025-07-07 17:00,UIWANG,20FT,0,0,0,0,63,56,0,0
CARRIER_E,2025-07-07 18:00,UIWANG,20FT,0,0,0,0,63,56,0,0
CARRIER_E,2025-07-07 19:00,UIWANG,20FT,0,0,0,0,63,56,0,0
CARRIER_E,2025-07-07 20:00,UIWANG,20FT,0,0,0,0,63,56,0,0
CARRIER_E,2025-07-07 21:00,UIWANG,20FT,0,0,0,0,63,56,0,0
CARRIER_E,2025-07-07 22:00,UIWANG,20FT,0,0,0,0,63,56,0,0
CARRIER_E,2025-07-07 23:00,UIWANG,20FT,0,0,0,0,63,56,0,0
CARRIER_E,2025-07-01 00:00,UIWANG,40FT,0,0,0,0,3,3,0,0
CARRIER_E,2025-07-01 01:00,UIWANG,40FT,0,0,0,0,3,3,0,0
CARRIER_E,2025-07-01 02:00,UIWANG,40FT,0,0,0,0,3,3,0,0
CARRIER_E,2025-07-01 03:00,UIWANG,40FT,0,0,0,0,3,3,0,0
CARRIER_E,2025-07-01 04:00,UIWANG,40FT,0,0,0,0,3,3,0,0
CARRIER_E,2025-07-01 05:00,UIWANG,40FT,0,0,0,0,3,3,0,0
CARRIER_E,2025-07-01 06:00,UIWANG,40FT,0,0,0,0,3,3,0,0
CARRIER_E,2025-07-01 07:00,UIWANG,40FT,0,0,0,0,3,3,0,0
CARRIER_E,2025-07-01 08:00,UIWANG,40FT,0,0,0,0,3,3,0,0
CARRIER_E,2025-07-01 09:00,UIWANG,40FT,0,0,0,0,3,3,0,0
CARRIER_E,2025-07-01 10:00,UIWANG,40FT,0,0,0,0,3,3,0,0
CARRIER_E,2025-07-01 11:00,UIWANG,40FT,0,0,0,0,3,3,0,0
CARRIER_E,2025-07-01 12:00,UIWANG,40FT,0,0,0,0,3,3,0,0
CARRIER_E,2025-07-01 13:00,UIWANG,40FT,0,0,0,0,3,3,0,0
CARRIER_E,2025-07-01 14:00,UIWANG,40FT,0,0,0,0,3,3,0,0
CARRIER_E,2025-07-01 15:00,UIWANG,40FT,0,0,0,0,3,3,0,0
CARRIER_E,2025-07-01 16:00,UIWANG,40FT,0,0,0,0,3,3,0,0
CARRIER_E,2025-07-01 17:00,UIWANG,40FT,0,0,0,0,3,3,0,0
CARRIER_E,2025-07-01 18:00,UIWANG,40FT,0,0,0,0,3,3,0,0
CARRIER_E,2025-07-01 19:00,UIWANG,40FT,0,0,0,0,3,3,0,0
CARRIER_E,2025-07-01 20:00,UIWANG,40FT,0,0,0,0,3,3,0,0
CARRIER_E,2025-07-01 21:00,UIWANG,40FT,0,0,0,0,3,3,0,0
CARRIER_E,2025-07-01 22:00,UIWANG,40FT,0,0,0,0,3,3,0,0
CARRIER_E,2025-07-01 23:00,UIWANG,40FT,0,0,0,0,3,3,0,0
CARRIER_E,2025-07-02 00:00,UIWANG,40FT,0,0,0,0,3,3,0,0
CARRIER_E,2025-07-02 01:00,UIWANG,40FT,0,0,0,0,3,3,0,0
CARRIER_E,2025-07-02 02:00,UIWANG,40FT,0,0,0,0,3,3,0,0
CARRIER_E,2025-07-02 03:00,UIWANG,40FT,0,0,0,0,3,3,0,0
CARRIER_E,2025-07-02 04:00,UIWANG,40FT,0,0,0,0,3,3,0,0
CARRIER_E,2025-07-02 05:00,UIWANG,40FT,0,0,0,0,3,3,0,0
CARRIER_E,2025-07-02 06:00,UIWANG,40FT,0,0,0,0,3,3,0,0
CARRIER_E,2025-07-02 07:00,UIWANG,40FT,0,0,0,0,3,3,0,0
CARRIER_E,2025-07-02 08:00,UIWANG,40FT,0,0,0,0,3,3,0,0
CARRIER_E,2025-07-02 09:00,UIWANG,40FT,0,0,0,0,3,3,0,0
CARRIER_E,2025-07-02 10:00,UIWANG,40FT,0,0,0,0,3,3,0,0
CARRIER_E,2025-07-02 11:00,UIWANG,40FT,0,0,0,0,3,3,0,0
CARRIER_E,2025-07-02 12:00,UIWANG,40FT,0,0,0,0,3,3,0,0
CARRIER_E,2025-07-02 13:00,UIWANG,40FT,0,0,0,0,3,3,0,0
CARRIER_E,2025-07-02 14:00,UIWANG,40FT,0,0,0,0,3,3,0,0
CARRIER_E,2025-07-02 15:00,UIWANG,40FT,0,1,0,0,4,4,0,0
CARRIER_E,2025-07-02 16:00,UIWANG,40FT,1,0,0,0,3,3,0,0
CARRIER_E,2025-07-02 17:00,UIWANG,40FT,0,1,0,0,4,4,0,0
CARRIER_E,2025-07-02 18:00,UIWANG,40FT,0,0,0,0,4,4,0,0
CARRIER_E,2025-07-02 19:00,UIWANG,40FT,0,0,0,0,4,4,0,0
CARRIER_E,2025-07-02 20:00,UIWANG,40FT,0,0,0,0,4,4,0,0
CARRIER_E,2025-07-02 21:00,UIWANG,40FT,0,0,0,0,4,4,0,0
CARRIER_E,2025-07-02 22:00,UIWANG,40FT,0,0,0,0,4,4,0,0
CARRIER_E,2025-07-02 23:00,UIWANG,40FT,0,0,0,0,4,4,0,0
CARRIER_E,2025-07-03 00:00,UIWANG,40FT,0,0,0,0,4,4,0,0
CARRIER_E,2025-07-03 01:00,UIWANG,40FT,0,0,0,0,4,4,0,0
CARRIER_E,2025-07-03 02:00,UIWANG,40FT,0,0,0,0,4,4,0,0
CARRIER_E,2025-07-03 03:00,UIWANG,40FT,0,0,0,0,4,4,0,0
CARRIER_E,2025-07-03 04:00,UIWANG,40FT,0,0,0,0,4,4,0,0
CARRIER_E,2025-07-03 05:00,UIWANG,40FT,0,0,0,0,4,4,0,0
CARRIER_E,2025-07-03 06:00,UIWANG,40FT,0,0,0,0,4,4,0,0
CARRIER_E,2025-07-03 07:00,UIWANG,40FT,0,0,0,0,4,4,0,0
CARRIER_E,2025-07-03 08:00,UIWANG,40FT,0,0,0,0,4,4,0,0
CARRIER_E,2025-07-03 09:00,UIWANG,40FT,0,0,0,0,4,4,0,0
CARRIER_E,2025-07-03 10:00,UIWANG,40FT,0,0,0,0,4,4,0,0
CARRIER_E,2025-07-03 11:00,UIWANG,40FT,0,0,0,0,4,4,0,0
CARRIER_E,2025-07-03 12:00,UIWANG,40FT,0,0,0,0,4,4,0,0
CARRIER_E,2025-07-03 13:00,UIWANG,40FT,0,0,0,0,4,4,0,0
CARRIER_E,2025-07-03 14:00,UIWANG,40FT,0,0,0,0,4,4,0,0
CARRIER_E,2025-07-03 15:00,UIWANG,40FT,0,0,0,2,4,2,0,0
CARRIER_E,2025-07-03 16:00,UIWANG,40FT,0,0,0,0,4,2,0,0
CARRIER_E,2025-07-03 17:00,UIWANG,40FT,0,0,0,0,4,2,0,0
CARRIER_E,2025-07-03 18:00,UIWANG,40FT,0,0,0,0,4,2,0,0
CARRIER_E,2025-07-03 19:00,UIWANG,40FT,0,0,0,0,4,2,0,0
CARRIER_E,2025-07-03 20:00,UIWANG,40FT,0,0,0,0,4,2,0,0
CARRIER_E,2025-07-03 21:00,UIWANG,40FT,0,0,0,0,4,2,0,0
CARRIER_E,2025-07-03 22:00,UIWANG,40FT,0,0,0,0,4,2,0,0
CARRIER_E,2025-07-03 23:00,UIWANG,40FT,0,0,0,0,4,2,0,0
CARRIER_E,2025-07-04 00:00,UIWANG,40FT,0,0,0,0,4,2,0,0
CARRIER_E,2025-07-04 01:00,UIWANG,40FT,0,0,0,0,4,2,0,0
CARRIER_E,2025-07-04 02:00,UIWANG,40FT,0,0,0,0,4,2,0,0
CARRIER_E,2025-07-04 03:00,UIWANG,40FT,0,0,0,0,4,2,0,0
CARRIER_E,2025-07-04 04:00,UIWANG,40FT,0,0,0,0,4,2,0,0
CARRIER_E,2025-07-04 05:00,UIWANG,40FT,0,0,0,0,4,2,0,0
CARRIER_E,2025-07-04 06:00,UIWANG,40FT,0,0,0,0,4,2,0,0
CARRIER_E,2025-07-04 07:00,UIWANG,40FT,0,0,0,0,4,2,0,0
CARRIER_E,2025-07-04 08:00,UIWANG,40FT,0,0,0,0,4,2,0,0
CARRIER_E,2025-07-04 09:00,UIWANG,40FT,0,1,0,0,5,3,0,0
CARRIER_E,2025-07-04 10:00,UIWANG,40FT,0,0,0,0,5,3,0,0
CARRIER_E,2025-07-04 11:00,UIWANG,40FT,0,0,0,0,5,3,0,0
CARRIER_E,2025-07-04 12:00,UIWANG,40FT,0,0,0,0,5,3,0,0
CARRIER_E,2025-07-04 13:00,UIWANG,40FT,0,1,0,0,6,4,0,0
CARRIER_E,2025-07-04 14:00,UIWANG,40FT,0,0,0,0,6,4,0,0
CARRIER_E,2025-07-04 15:00,UIWANG,40FT,0,0,0,0,6,4,0,0
CARRIER_E,2025-07-04 16:00,UIWANG,40FT,0,0,0,0,6,4,0,0
CARRIER_E,2025-07-04 17:00,UIWANG,40FT,0,1,0,0,7,5,0,0
CARRIER_E,2025-07-04 18:00,UIWANG,40FT,0,1,0,0,8,6,0,0
CARRIER_E,2025-07-04 19:00,UIWANG,40FT,0,0,0,0,8,6,0,0
CARRIER_E,2025-07-04 20:00,UIWANG,40FT,0,0,0,0,8,6,0,0
CARRIER_E,2025-07-04 21:00,UIWANG,40FT,0,0,0,0,8,6,0,0
CARRIER_E,2025-07-04 22:00,UIWANG,40FT,0,0,0,0,8,6,0,0
CARRIER_E,2025-07-04 23:00,UIWANG,40FT,0,0,0,0,8,6,0,0
CARRIER_E,2025-07-05 00:00,UIWANG,40FT,0,0,0,0,8,6,0,0
CARRIER_E,2025-07-05 01:00,UIWANG,40FT,0,0,0,0,8,6,0,0
CARRIER_E,2025-07-05 02:00,UIWANG,40FT,0,0,0,0,8,6,0,0
CARRIER_E,2025-07-05 03:00,UIWANG,40FT,0,0,0,0,8,6,0,0
CARRIER_E,2025-07-05 04:00,UIWANG,40FT,0,0,0,0,8,6,0,0
CARRIER_E,2025-07-05 05:00,UIWANG,40FT,0,0,0,0,8,6,0,0
CARRIER_E,2025-07-05 06:00,UIWANG,40FT,0,0,0,0,8,6,0,0
CARRIER_E,2025-07-05 07:00,UIWANG,40FT,0,0,0,0,8,6,0,0
CARRIER_E,2025-07-05 08:00,UIWANG,40FT,0,0,0,0,8,6,0,0
CARRIER_E,2025-07-05 09:00,UIWANG,40FT,0,0,0,0,8,6,0,0
CARRIER_E,2025-07-05 10:00,UIWANG,40FT,1,0,0,0,7,5,0,0
CARRIER_E,2025-07-05 11:00,UIWANG,40FT,0,0,0,0,7,5,0,0
CARRIER_E,2025-07-05 12:00,UIWANG,40FT,0,0,0,0,7,5,0,0
CARRIER_E,2025-07-05 13:00,UIWANG,40FT,0,0,0,0,7,5,0,0
CARRIER_E,2025-07-05 14:00,UIWANG,40FT,0,1,0,0,8,6,0,0
CARRIER_E,2025-07-05 15:00,UIWANG,40FT,0,0,0,0,8,6,0,0
CARRIER_E,2025-07-05 16:00,UIWANG,40FT,0,0,0,0,8,6,0,0
CARRIER_E,2025-07-05 17:00,UIWANG,40FT,0,0,0,0,8,6,0,0
CARRIER_E,2025-07-05 18:00,UIWANG,40FT,0,0,0,0,8,6,0,0
CARRIER_E,2025-07-05 19:00,UIWANG,40FT,0,0,0,0,8,6,0,0
CARRIER_E,2025-07-05 20:00,UIWANG,40FT,0,0,0,0,8,6,0,0
CARRIER_E,2025-07-05 21:00,UIWANG,40FT,0,0,0,0,8,6,0,0
CARRIER_E,2025-07-05 22:00,UIWANG,40FT,0,0,0,0,8,6,0,0
CARRIER_E,2025-07-05 23:00,UIWANG,40FT,0,0,0,0,8,6,0,0
CARRIER_E,2025-07-06 00:00,UIWANG,40FT,0,0,0,0,8,6,0,0
CARRIER_E,2025-07-06 01:00,UIWANG,40FT,0,0,0,0,8,6,0,0
CARRIER_E,2025-07-06 02:00,UIWANG,40FT,0,0,0,0,8,6,0,0
CARRIER_E,2025-07-06 03:00,UIWANG,40FT,0,0,0,0,8,6,0,0
CARRIER_E,2025-07-06 04:00,UIWANG,40FT,0,0,0,0,8,6,0,0
CARRIER_E,2025-07-06 05:00,UIWANG,40FT,0,0,0,0,8,6,0,0
CARRIER_E,2025-07-06 06:00,UIWANG,40FT,0,0,0,0,8,6,0,0
CARRIER_E,2025-07-06 07:00,UIWANG,40FT,0,0,0,0,8,6,0,0
CARRIER_E,2025-07-06 08:00,UIWANG,40FT,0,0,0,0,8,6,0,0
CARRIER_E,2025-07-06 09:00,UIWANG,40FT,0,0,0,0,8,6,0,0
CARRIER_E,2025-07-06 10:00,UIWANG,40FT,0,0,0,0,8,6,0,0
CARRIER_E,2025-07-06 11:00,UIWANG,40FT,0,0,0,0,8,6,0,0
CARRIER_E,2025-07-06 12:00,UIWANG,40FT,0,0,0,0,8,6,0,0
CARRIER_E,2025-07-06 13:00,UIWANG,40FT,0,0,0,0,8,6,0,0
CARRIER_E,2025-07-06 14:00,UIWANG,40FT,0,0,0,0,8,6,0,0
CARRIER_E,2025-07-06 15:00,UIWANG,40FT,0,0,0,0,8,6,0,0
CARRIER_E,2025-07-06 16:00,UIWANG,40FT,0,0,0,0,8,6,0,0
CARRIER_E,2025-07-06 17:00,UIWANG,40FT,0,0,0,0,8,6,0,0
CARRIER_E,2025-07-06 18:00,UIWANG,40FT,0,0,0,0,8,6,0,0
CARRIER_E,2025-07-06 19:00,UIWANG,40FT,0,0,0,0,8,6,0,0
CARRIER_E,2025-07-06 20:00,UIWANG,40FT,0,0,0,0,8,6,0,0
CARRIER_E,2025-07-06 21:00,UIWANG,40FT,0,0,0,0,8,6,0,0
CARRIER_E,2025-07-06 22:00,UIWANG,40FT,0,0,0,0,8,6,0,0
CARRIER_E,2025-07-06 23:00,UIWANG,40FT,0,0,0,0,8,6,0,0
CARRIER_E,2025-07-07 00:00,UIWANG,40FT,0,0,0,0,8,6,0,0
CARRIER_E,2025-07-07 01:00,UIWANG,40FT,0,0,0,0,8,6,0,0
CARRIER_E,2025-07-07 02:00,UIWANG,40FT,0,0,0,0,8,6,0,0
CARRIER_E,2025-07-07 03:00,UIWANG,40FT,0,0,0,0,8,6,0,0
CARRIER_E,2025-07-07 04:00,UIWANG,40FT,0,0,0,0,8,6,0,0
CARRIER_E,2025-07-07 05:00,UIWANG,40FT,0,0,0,0,8,6,0,0
CARRIER_E,2025-07-07 06:00,UIWANG,40FT,0,0,0,0,8,6,0,0
CARRIER_E,2025-07-07 07:00,UIWANG,40FT,0,0,0,0,8,6,0,0
CARRIER_E,2025-07-07 08:00,UIWANG,40FT,0,0,0,0,8,6,0,0
CARRIER_E,2025-07-07 09:00,UIWANG,40FT,0,0,0,0,8,6,0,0
CARRIER_E,2025-07-07 10:00,UIWANG,40FT,0,0,0,0,8,6,0,0
CARRIER_E,2025-07-07 11:00,UIWANG,40FT,0,0,0,0,8,6,0,0
CARRIER_E,2025-07-07 12:00,UIWANG,40FT,0,0,0,0,8,6,0,0
CARRIER_E,2025-07-07 13:00,UIWANG,40FT,0,0,0,0,8,6,0,0
CARRIER_E,2025-07-07 14:00,UIWANG,40FT,0,0,0,0,8,6,0,0
CARRIER_E,2025-07-07 15:00,UIWANG,40FT,0,1,0,0,9,7,0,0
CARRIER_E,2025-07-07 16:00,UIWANG,40FT,0,0,0,0,9,7,0,0
CARRIER_E,2025-07-07 17:00,UIWANG,40FT,0,0,0,0,9,7,0,0
CARRIER_E,2025-07-07 18:00,UIWANG,40FT,0,0,0,0,9,7,0,0
CARRIER_E,2025-07-07 19:00,UIWANG,40FT,0,0,0,0,9,7,0,0
CARRIER_E,2025-07-07 20:00,UIWANG,40FT,0,0,0,0,9,7,0,0
CARRIER_E,2025-07-07 21:00,UIWANG,40FT,0,0,0,0,9,7,0,0
CARRIER_E,2025-07-07 22:00,UIWANG,40FT,0,0,0,0,9,7,0,0
CARRIER_E,2025-07-07 23:00,UIWANG,40FT,0,0,0,0,9,7,0,0
CARRIER_E,2025-07-01 00:00,YAKMOK,20FT,0,0,0,0,5,5,0,0
CARRIER_E,2025-07-01 01:00,YAKMOK,20FT,0,0,0,0,5,5,0,0
CARRIER_E,2025-07-01 02:00,YAKMOK,20FT,0,0,0,0,5,5,0,0
CARRIER_E,2025-07-01 03:00,YAKMOK,20FT,0,0,0,0,5,5,0,0
CARRIER_E,2025-07-01 04:00,YAKMOK,20FT,0,0,0,0,5,5,0,0
CARRIER_E,2025-07-01 05:00,YAKMOK,20FT,0,0,0,0,5,5,0,0
CARRIER_E,2025-07-01 06:00,YAKMOK,20FT,0,0,0,0,5,5,0,0
CARRIER_E,2025-07-01 07:00,YAKMOK,20FT,0,0,0,0,5,5,0,0
CARRIER_E,2025-07-01 08:00,YAKMOK,20FT,0,0,0,0,5,5,0,0
CARRIER_E,2025-07-01 09:00,YAKMOK,20FT,0,0,0,0,5,5,0,0
CARRIER_E,2025-07-01 10:00,YAKMOK,20FT,0,0,0,0,5,5,0,0
CARRIER_E,2025-07-01 11:00,YAKMOK,20FT,0,0,0,0,5,5,0,0
CARRIER_E,2025-07-01 12:00,YAKMOK,20FT,0,0,0,0,5,5,0,0
CARRIER_E,2025-07-01 13:00,YAKMOK,20FT,0,0,0,0,5,5,0,0
CARRIER_E,2025-07-01 14:00,YAKMOK,20FT,0,1,0,0,6,6,0,0
CARRIER_E,2025-07-01 15:00,YAKMOK,20FT,0,0,0,0,6,6,0,0
CARRIER_E,2025-07-01 16:00,YAKMOK,20FT,0,0,0,0,6,6,0,0
CARRIER_E,2025-07-01 17:00,YAKMOK,20FT,1,0,0,0,5,5,0,0
CARRIER_E,2025-07-01 18:00,YAKMOK,20FT,0,0,0,0,5,5,0,0
CARRIER_E,2025-07-01 19:00,YAKMOK,20FT,0,1,0,0,6,6,0,0
CARRIER_E,2025-07-01 20:00,YAKMOK,20FT,0,0,0,0,6,6,0,0
CARRIER_E,2025-07-01 21:00,YAKMOK,20FT,0,0,0,0,6,6,0,0
CARRIER_E,2025-07-01 22:00,YAKMOK,20FT,0,0,0,0,6,6,0,0
CARRIER_E,2025-07-01 23:00,YAKMOK,20FT,0,0,0,0,6,6,0,0
CARRIER_E,2025-07-02 00:00,YAKMOK,20FT,0,0,0,0,6,6,0,0
CARRIER_E,2025-07-02 01:00,YAKMOK,20FT,0,0,0,1,6,5,0,0
CARRIER_E,2025-07-02 02:00,YAKMOK,20FT,0,0,0,0,6,5,0,0
CARRIER_E,2025-07-02 03:00,YAKMOK,20FT,0,0,0,0,6,5,0,0
CARRIER_E,2025-07-02 04:00,YAKMOK,20FT,0,0,0,0,6,5,0,0
CARRIER_E,2025-07-02 05:00,YAKMOK,20FT,0,0,0,0,6,5,0,0
CARRIER_E,2025-07-02 06:00,YAKMOK,20FT,0,0,0,0,6,5,0,0
CARRIER_E,2025-07-02 07:00,YAKMOK,20FT,0,0,0,0,6,5,0,0
CARRIER_E,2025-07-02 08:00,YAKMOK,20FT,0,0,0,0,6,5,0,0
CARRIER_E,2025-07-02 09:00,YAKMOK,20FT,0,0,0,0,6,5,0,0
CARRIER_E,2025-07-02 10:00,YAKMOK,20FT,0,0,0,0,6,5,0,0
CARRIER_E,2025-07-02 11:00,YAKMOK,20FT,0,1,0,0,7,6,0,0
CARRIER_E,2025-07-02 12:00,YAKMOK,20FT,0,0,0,0,7,6,0,0
CARRIER_E,2025-07-02 13:00,YAKMOK,20FT,0,0,0,0,7,6,0,0
CARRIER_E,2025-07-02 14:00,YAKMOK,20FT,0,0,0,0,7,6,0,0
CARRIER_E,2025-07-02 15:00,YAKMOK,20FT,0,0,0,0,7,6,0,0
CARRIER_E,2025-07-02 16:00,YAKMOK,20FT,1,0,0,0,6,5,0,0
CARRIER_E,2025-07-02 17:00,YAKMOK,20FT,0,0,0,0,6,5,0,0
CARRIER_E,2025-07-02 18:00,YAKMOK,20FT,0,0,0,0,6,5,0,0
CARRIER_E,2025-07-02 19:00,YAKMOK,20FT,0,0,0,0,6,5,0,0
CARRIER_E,2025-07-02 20:00,YAKMOK,20FT,0,0,0,0,6,5,0,0
CARRIER_E,2025-07-02 21:00,YAKMOK,20FT,0,0,0,0,6,5,0,0
CARRIER_E,2025-07-02 22:00,YAKMOK,20FT,0,0,0,0,6,5,0,0
CARRIER_E,2025-07-02 23:00,YAKMOK,20FT,0,0,0,0,6,5,0,0
CARRIER_E,2025-07-03 00:00,YAKMOK,20FT,0,0,0,0,6,5,0,0
CARRIER_E,2025-07-03 01:00,YAKMOK,20FT,0,0,0,0,6,5,0,0
CARRIER_E,2025-07-03 02:00,YAKMOK,20FT,0,0,0,0,6,5,0,0
CARRIER_E,2025-07-03 03:00,YAKMOK,20FT,0,0,0,0,6,5,0,0
CARRIER_E,2025-07-03 04:00,YAKMOK,20FT,0,0,0,0,6,5,0,0
CARRIER_E,2025-07-03 05:00,YAKMOK,20FT,0,0,0,0,6,5,0,0
CARRIER_E,2025-07-03 06:00,YAKMOK,20FT,0,0,0,0,6,5,0,0
CARRIER_E,2025-07-03 07:00,YAKMOK,20FT,0,0,0,0,6,5,0,0
CARRIER_E,2025-07-03 08:00,YAKMOK,20FT,0,0,0,0,6,5,0,0
CARRIER_E,2025-07-03 09:00,YAKMOK,20FT,0,1,0,0,7,6,0,0
CARRIER_E,2025-07-03 10:00,YAKMOK,20FT,0,0,0,0,7,6,0,0
CARRIER_E,2025-07-03 11:00,YAKMOK,20FT,0,0,0,0,7,6,0,0
CARRIER_E,2025-07-03 12:00,YAKMOK,20FT,0,0,0,0,7,6,0,0
CARRIER_E,2025-07-03 13:00,YAKMOK,20FT,0,0,0,0,7,6,0,0
CARRIER_E,2025-07-03 14:00,YAKMOK,20FT,0,0,0,0,7,6,0,0
CARRIER_E,2025-07-03 15:00,YAKMOK,20FT,0,0,0,0,7,6,0,0
CARRIER_E,2025-07-03 16:00,YAKMOK,20FT,0,1,0,0,8,7,0,0
CARRIER_E,2025-07-03 17:00,YAKMOK,20FT,0,0,0,0,8,7,0,0
CARRIER_E,2025-07-03 18:00,YAKMOK,20FT,0,0,0,0,8,7,0,0
CARRIER_E,2025-07-03 19:00,YAKMOK,20FT,0,0,0,0,8,7,0,0
CARRIER_E,2025-07-03 20:00,YAKMOK,20FT,0,0,0,0,8,7,0,0
CARRIER_E,2025-07-03 21:00,YAKMOK,20FT,0,0,0,0,8,7,0,0
CARRIER_E,2025-07-03 22:00,YAKMOK,20FT,0,0,0,0,8,7,0,0
CARRIER_E,2025-07-03 23:00,YAKMOK,20FT,0,0,0,0,8,7,0,0
CARRIER_E,2025-07-04 00:00,YAKMOK,20FT,0,0,0,0,8,7,0,0
CARRIER_E,2025-07-04 01:00,YAKMOK,20FT,0,0,0,0,8,7,0,0
CARRIER_E,2025-07-04 02:00,YAKMOK,20FT,0,0,0,0,8,7,0,0
CARRIER_E,2025-07-04 03:00,YAKMOK,20FT,0,0,0,0,8,7,0,0
CARRIER_E,2025-07-04 04:00,YAKMOK,20FT,0,0,0,0,8,7,0,0
CARRIER_E,2025-07-04 05:00,YAKMOK,20FT,0,0,0,0,8,7,0,0
CARRIER_E,2025-07-04 06:00,YAKMOK,20FT,0,0,0,0,8,7,0,0
CARRIER_E,2025-07-04 07:00,YAKMOK,20FT,0,0,0,0,8,7,0,0
CARRIER_E,2025-07-04 08:00,YAKMOK,20FT,0,0,0,0,8,7,0,0
CARRIER_E,2025-07-04 09:00,YAKMOK,20FT,0,0,0,0,8,7,0,0
CARRIER_E,2025-07-04 10:00,YAKMOK,20FT,0,0,0,0,8,7,0,0
CARRIER_E,2025-07-04 11:00,YAKMOK,20FT,0,0,0,0,8,7,0,0
CARRIER_E,2025-07-04 12:00,YAKMOK,20FT,0,0,0,0,8,7,0,0
CARRIER_E,2025-07-04 13:00,YAKMOK,20FT,0,0,0,0,8,7,0,0
CARRIER_E,2025-07-04 14:00,YAKMOK,20FT,1,1,0,0,8,7,0,0
CARRIER_E,2025-07-04 15:00,YAKMOK,20FT,0,0,0,0,8,7,0,0
CARRIER_E,2025-07-04 16:00,YAKMOK,20FT,0,0,0,0,8,7,0,0
CARRIER_E,2025-07-04 17:00,YAKMOK,20FT,0,0,0,0,8,7,0,0
CARRIER_E,2025-07-04 18:00,YAKMOK,20FT,0,0,0,0,8,7,0,0
CARRIER_E,2025-07-04 19:00,YAKMOK,20FT,0,0,0,0,8,7,0,0
CARRIER_E,2025-07-04 20:00,YAKMOK,20FT,0,0,0,0,8,7,0,0
CARRIER_E,2025-07-04 21:00,YAKMOK,20FT,0,0,0,0,8,7,0,0
CARRIER_E,2025-07-04 22:00,YAKMOK,20FT,0,0,0,0,8,7,0,0
CARRIER_E,2025-07-04 23:00,YAKMOK,20FT,0,0,0,0,8,7,0,0
CARRIER_E,2025-07-05 00:00,YAKMOK,20FT,0,0,0,0,8,7,0,0
CARRIER_E,2025-07-05 01:00,YAKMOK,20FT,0,0,0,0,8,7,0,0
CARRIER_E,2025-07-05 02:00,YAKMOK,20FT,0,0,0,0,8,7,0,0
CARRIER_E,2025-07-05 03:00,YAKMOK,20FT,0,0,0,0,8,7,0,0
CARRIER_E,2025-07-05 04:00,YAKMOK,20FT,0,0,0,0,8,7,0,0
CARRIER_E,2025-07-05 05:00,YAKMOK,20FT,0,0,0,0,8,7,0,0
CARRIER_E,2025-07-05 06:00,YAKMOK,20FT,0,0,0,0,8,7,0,0
CARRIER_E,2025-07-05 07:00,YAKMOK,20FT,0,0,0,0,8,7,0,0
CARRIER_E,2025-07-05 08:00,YAKMOK,20FT,1,0,0,0,7,6,0,0
CARRIER_E,2025-07-05 09:00,YAKMOK,20FT,0,0,0,0,7,6,0,0
CARRIER_E,2025-07-05 10:00,YAKMOK,20FT,0,0,0,0,7,6,0,0
CARRIER_E,2025-07-05 11:00,YAKMOK,20FT,0,0,0,0,7,6,0,0
CARRIER_E,2025-07-05 12:00,YAKMOK,20FT,0,0,0,0,7,6,0,0
CARRIER_E,2025-07-05 13:00,YAKMOK,20FT,0,0,0,0,7,6,0,0
CARRIER_E,2025-07-05 14:00,YAKMOK,20FT,0,0,0,0,7,6,0,0
CARRIER_E,2025-07-05 15:00,YAKMOK,20FT,0,0,0,0,7,6,0,0
CARRIER_E,2025-07-05 16:00,YAKMOK,20FT,0,0,0,0,7,6,0,0
CARRIER_E,2025-07-05 17:00,YAKMOK,20FT,0,0,0,0,7,6,0,0
CARRIER_E,2025-07-05 18:00,YAKMOK,20FT,0,0,0,0,7,6,0,0
CARRIER_E,2025-07-05 19:00,YAKMOK,20FT,0,0,0,0,7,6,0,0
CARRIER_E,2025-07-05 20:00,YAKMOK,20FT,0,0,0,0,7,6,0,0
CARRIER_E,2025-07-05 21:00,YAKMOK,20FT,0,0,0,0,7,6,0,0
CARRIER_E,2025-07-05 22:00,YAKMOK,20FT,0,0,0,0,7,6,0,0
CARRIER_E,2025-07-05 23:00,YAKMOK,20FT,0,0,0,0,7,6,0,0
CARRIER_E,2025-07-06 00:00,YAKMOK,20FT,0,0,0,0,7,6,0,0
CARRIER_E,2025-07-06 01:00,YAKMOK,20FT,0,0,0,0,7,6,0,0
CARRIER_E,2025-07-06 02:00,YAKMOK,20FT,0,0,0,0,7,6,0,0
CARRIER_E,2025-07-06 03:00,YAKMOK,20FT,0,0,0,0,7,6,0,0
CARRIER_E,2025-07-06 04:00,YAKMOK,20FT,0,0,0,0,7,6,0,0
CARRIER_E,2025-07-06 05:00,YAKMOK,20FT,0,0,0,0,7,6,0,0
CARRIER_E,2025-07-06 06:00,YAKMOK,20FT,0,0,0,0,7,6,0,0
CARRIER_E,2025-07-06 07:00,YAKMOK,20FT,0,0,0,0,7,6,0,0
CARRIER_E,2025-07-06 08:00,YAKMOK,20FT,1,0,0,0,6,5,0,0
CARRIER_E,2025-07-06 09:00,YAKMOK,20FT,0,0,0,0,6,5,0,0
CARRIER_E,2025-07-06 10:00,YAKMOK,20FT,0,0,0,0,6,5,0,0
CARRIER_E,2025-07-06 11:00,YAKMOK,20FT,0,0,0,0,6,5,0,0
CARRIER_E,2025-07-06 12:00,YAKMOK,20FT,0,0,0,0,6,5,0,0
CARRIER_E,2025-07-06 13:00,YAKMOK,20FT,0,0,0,0,6,5,0,0
CARRIER_E,2025-07-06 14:00,YAKMOK,20FT,0,0,0,0,6,5,0,0
CARRIER_E,2025-07-06 15:00,YAKMOK,20FT,0,0,0,0,6,5,0,0
CARRIER_E,2025-07-06 16:00,YAKMOK,20FT,1,0,0,0,5,4,0,0
CARRIER_E,2025-07-06 17:00,YAKMOK,20FT,1,0,0,0,4,3,0,0
CARRIER_E,2025-07-06 18:00,YAKMOK,20FT,0,0,0,0,4,3,0,0
CARRIER_E,2025-07-06 19:00,YAKMOK,20FT,0,0,0,0,4,3,0,0
CARRIER_E,2025-07-06 20:00,YAKMOK,20FT,0,0,0,0,4,3,0,0
CARRIER_E,2025-07-06 21:00,YAKMOK,20FT,0,0,0,0,4,3,0,0
CARRIER_E,2025-07-06 22:00,YAKMOK,20FT,0,0,0,0,4,3,0,0
CARRIER_E,2025-07-06 23:00,YAKMOK,20FT,0,0,0,0,4,3,0,0
CARRIER_E,2025-07-07 00:00,YAKMOK,20FT,0,0,0,0,4,3,0,0
CARRIER_E,2025-07-07 01:00,YAKMOK,20FT,0,0,0,0,4,3,0,0
CARRIER_E,2025-07-07 02:00,YAKMOK,20FT,0,0,0,0,4,3,0,0
CARRIER_E,2025-07-07 03:00,YAKMOK,20FT,0,0,0,0,4,3,0,0
CARRIER_E,2025-07-07 04:00,YAKMOK,20FT,0,0,0,0,4,3,0,0
CARRIER_E,2025-07-07 05:00,YAKMOK,20FT,0,0,0,0,4,3,0,0
CARRIER_E,2025-07-07 06:00,YAKMOK,20FT,0,0,0,0,4,3,0,0
CARRIER_E,2025-07-07 07:00,YAKMOK,20FT,1,0,0,0,3,2,0,0
CARRIER_E,2025-07-07 08:00,YAKMOK,20FT,0,0,0,0,3,2,0,0
CARRIER_E,2025-07-07 09:00,YAKMOK,20FT,1,0,0,0,2,1,0,0
CARRIER_E,2025-07-07 10:00,YAKMOK,20FT,0,0,0,0,2,1,0,0
CARRIER_E,2025-07-07 11:00,YAKMOK,20FT,1,0,0,0,1,0,0,0
CARRIER_E,2025-07-07 12:00,YAKMOK,20FT,0,0,0,0,1,0,0,0
CARRIER_E,2025-07-07 13:00,YAKMOK,20FT,0,1,0,0,2,1,0,0
CARRIER_E,2025-07-07 14:00,YAKMOK,20FT,0,0,0,0,2,1,0,0
CARRIER_E,2025-07-07 15:00,YAKMOK,20FT,0,1,0,0,3,2,0,0
CARRIER_E,2025-07-07 16:00,YAKMOK,20FT,1,1,0,0,3,2,0,0
CARRIER_E,2025-07-07 17:00,YAKMOK,20FT,0,0,0,0,3,2,0,0
CARRIER_E,2025-07-07 18:00,YAKMOK,20FT,0,0,0,0,3,2,0,0
CARRIER_E,2025-07-07 19:00,YAKMOK,20FT,0,0,0,0,3,2,0,0
CARRIER_E,2025-07-07 20:00,YAKMOK,20FT,0,0,0,0,3,2,0,0
CARRIER_E,2025-07-07 21:00,YAKMOK,20FT,0,0,0,0,3,2,0,0
CARRIER_E,2025-07-07 22:00,YAKMOK,20FT,0,0,0,0,3,2,0,0
CARRIER_E,2025-07-07 23:00,YAKMOK,20FT,0,0,0,0,3,2,0,0
CARRIER_E,2025-07-01 00:00,YAKMOK,40FT,0,0,0,0,1,1,0,0
CARRIER_E,2025-07-01 01:00,YAKMOK,40FT,0,0,0,0,1,1,0,0
CARRIER_E,2025-07-01 02:00,YAKMOK,40FT,0,0,0,0,1,1,0,0
CARRIER_E,2025-07-01 03:00,YAKMOK,40FT,0,0,0,0,1,1,0,0
CARRIER_E,2025-07-01 04:00,YAKMOK,40FT,0,0,0,0,1,1,0,0
CARRIER_E,2025-07-01 05:00,YAKMOK,40FT,0,0,0,0,1,1,0,0
CARRIER_E,2025-07-01 06:00,YAKMOK,40FT,0,0,0,0,1,1,0,0
CARRIER_E,2025-07-01 07:00,YAKMOK,40FT,0,0,0,0,1,1,0,0
CARRIER_E,2025-07-01 08:00,YAKMOK,40FT,0,0,0,0,1,1,0,0
CARRIER_E,2025-07-01 09:00,YAKMOK,40FT,0,0,0,0,1,1,0,0
CARRIER_E,2025-07-01 10:00,YAKMOK,40FT,0,0,0,0,1,1,0,0
CARRIER_E,2025-07-01 11:00,YAKMOK,40FT,0,0,0,0,1,1,0,0
CARRIER_E,2025-07-01 12:00,YAKMOK,40FT,0,0,0,0,1,1,0,0
CARRIER_E,2025-07-01 13:00,YAKMOK,40FT,0,0,0,0,1,1,0,0
CARRIER_E,2025-07-01 14:00,YAKMOK,40FT,0,0,0,0,1,1,0,0
CARRIER_E,2025-07-01 15:00,YAKMOK,40FT,0,0,0,0,1,1,0,0
CARRIER_E,2025-07-01 16:00,YAKMOK,40FT,0,0,0,0,1,1,0,0
CARRIER_E,2025-07-01 17:00,YAKMOK,40FT,0,0,0,0,1,1,0,0
CARRIER_E,2025-07-01 18:00,YAKMOK,40FT,0,0,0,0,1,1,0,0
CARRIER_E,2025-07-01 19:00,YAKMOK,40FT,0,0,0,0,1,1,0,0
CARRIER_E,2025-07-01 20:00,YAKMOK,40FT,0,0,0,0,1,1,0,0
CARRIER_E,2025-07-01 21:00,YAKMOK,40FT,0,0,0,0,1,1,0,0
CARRIER_E,2025-07-01 22:00,YAKMOK,40FT,0,0,0,0,1,1,0,0
CARRIER_E,2025-07-01 23:00,YAKMOK,40FT,0,0,0,0,1,1,0,0
CARRIER_E,2025-07-02 00:00,YAKMOK,40FT,0,0,0,0,1,1,0,0
CARRIER_E,2025-07-02 01:00,YAKMOK,40FT,0,0,0,0,1,1,0,0
CARRIER_E,2025-07-02 02:00,YAKMOK,40FT,0,0,0,0,1,1,0,0
CARRIER_E,2025-07-02 03:00,YAKMOK,40FT,0,0,0,0,1,1,0,0
CARRIER_E,2025-07-02 04:00,YAKMOK,40FT,0,0,0,0,1,1,0,0
CARRIER_E,2025-07-02 05:00,YAKMOK,40FT,0,0,0,0,1,1,0,0
CARRIER_E,2025-07-02 06:00,YAKMOK,40FT,0,0,0,0,1,1,0,0
CARRIER_E,2025-07-02 07:00,YAKMOK,40FT,0,0,0,0,1,1,0,0
CARRIER_E,2025-07-02 08:00,YAKMOK,40FT,0,0,0,0,1,1,0,0
CARRIER_E,2025-07-02 09:00,YAKMOK,40FT,0,0,0,0,1,1,0,0
CARRIER_E,2025-07-02 10:00,YAKMOK,40FT,0,0,0,0,1,1,0,0
CARRIER_E,2025-07-02 11:00,YAKMOK,40FT,0,0,0,0,1,1,0,0
CARRIER_E,2025-07-02 12:00,YAKMOK,40FT,0,0,0,0,1,1,0,0
CARRIER_E,2025-07-02 13:00,YAKMOK,40FT,0,0,0,0,1,1,0,0
CARRIER_E,2025-07-02 14:00,YAKMOK,40FT,0,1,0,0,2,2,0,0
CARRIER_E,2025-07-02 15:00,YAKMOK,40FT,0,0,0,0,2,2,0,0
CARRIER_E,2025-07-02 16:00,YAKMOK,40FT,0,0,0,0,2,2,0,0
CARRIER_E,2025-07-02 17:00,YAKMOK,40FT,0,0,0,0,2,2,0,0
CARRIER_E,2025-07-02 18:00,YAKMOK,40FT,0,0,0,0,2,2,0,0
CARRIER_E,2025-07-02 19:00,YAKMOK,40FT,0,0,0,0,2,2,0,0
CARRIER_E,2025-07-02 20:00,YAKMOK,40FT,0,0,0,0,2,2,0,0
CARRIER_E,2025-07-02 21:00,YAKMOK,40FT,0,0,0,0,2,2,0,0
CARRIER_E,2025-07-02 22:00,YAKMOK,40FT,0,0,0,0,2,2,0,0
CARRIER_E,2025-07-02 23:00,YAKMOK,40FT,0,0,0,0,2,2,0,0
CARRIER_E,2025-07-03 00:00,YAKMOK,40FT,0,0,0,0,2,2,0,0
CARRIER_E,2025-07-03 01:00,YAKMOK,40FT,0,0,0,0,2,2,0,0
CARRIER_E,2025-07-03 02:00,YAKMOK,40FT,0,0,0,0,2,2,0,0
CARRIER_E,2025-07-03 03:00,YAKMOK,40FT,0,0,0,0,2,2,0,0
CARRIER_E,2025-07-03 04:00,YAKMOK,40FT,0,0,0,0,2,2,0,0
CARRIER_E,2025-07-03 05:00,YAKMOK,40FT,0,0,0,0,2,2,0,0
CARRIER_E,2025-07-03 06:00,YAKMOK,40FT,0,0,0,0,2,2,0,0
CARRIER_E,2025-07-03 07:00,YAKMOK,40FT,0,0,0,0,2,2,0,0
CARRIER_E,2025-07-03 08:00,YAKMOK,40FT,0,0,0,0,2,2,0,0
CARRIER_E,2025-07-03 09:00,YAKMOK,40FT,0,0,0,0,2,2,0,0
CARRIER_E,2025-07-03 10:00,YAKMOK,40FT,0,0,0,0,2,2,0,0
CARRIER_E,2025-07-03 11:00,YAKMOK,40FT,0,0,0,0,2,2,0,0
CARRIER_E,2025-07-03 12:00,YAKMOK,40FT,0,0,0,0,2,2,0,0
CARRIER_E,2025-07-03 13:00,YAKMOK,40FT,0,0,0,0,2,2,0,0
CARRIER_E,2025-07-03 14:00,YAKMOK,40FT,0,0,0,0,2,2,0,0
CARRIER_E,2025-07-03 15:00,YAKMOK,40FT,0,0,0,0,2,2,0,0
CARRIER_E,2025-07-03 16:00,YAKMOK,40FT,0,0,0,0,2,2,0,0
CARRIER_E,2025-07-03 17:00,YAKMOK,40FT,0,0,0,0,2,2,0,0
CARRIER_E,2025-07-03 18:00,YAKMOK,40FT,0,0,0,0,2,2,0,0
CARRIER_E,2025-07-03 19:00,YAKMOK,40FT,0,0,0,0,2,2,0,0
CARRIER_E,2025-07-03 20:00,YAKMOK,40FT,0,0,0,0,2,2,0,0
CARRIER_E,2025-07-03 21:00,YAKMOK,40FT,0,0,0,0,2,2,0,0
CARRIER_E,2025-07-03 22:00,YAKMOK,40FT,0,0,0,0,2,2,0,0
CARRIER_E,2025-07-03 23:00,YAKMOK,40FT,0,0,0,0,2,2,0,0
CARRIER_E,2025-07-04 00:00,YAKMOK,40FT,0,0,0,0,2,2,0,0
CARRIER_E,2025-07-04 01:00,YAKMOK,40FT,0,0,0,0,2,2,0,0
CARRIER_E,2025-07-04 02:00,YAKMOK,40FT,0,0,0,0,2,2,0,0
CARRIER_E,2025-07-04 03:00,YAKMOK,40FT,0,0,0,0,2,2,0,0
CARRIER_E,2025-07-04 04:00,YAKMOK,40FT,0,0,0,0,2,2,0,0
CARRIER_E,2025-07-04 05:00,YAKMOK,40FT,0,0,0,0,2,2,0,0
CARRIER_E,2025-07-04 06:00,YAKMOK,40FT,0,0,0,0,2,2,0,0
CARRIER_E,2025-07-04 07:00,YAKMOK,40FT,0,0,0,0,2,2,0,0
CARRIER_E,2025-07-04 08:00,YAKMOK,40FT,0,0,0,0,2,2,0,0
CARRIER_E,2025-07-04 09:00,YAKMOK,40FT,0,1,0,0,3,3,0,0
CARRIER_E,2025-07-04 10:00,YAKMOK,40FT,0,0,0,0,3,3,0,0
CARRIER_E,2025-07-04 11:00,YAKMOK,40FT,0,0,0,0,3,3,0,0
CARRIER_E,2025-07-04 12:00,YAKMOK,40FT,0,0,0,0,3,3,0,0
CARRIER_E,2025-07-04 13:00,YAKMOK,40FT,0,0,0,0,3,3,0,0
CARRIER_E,2025-07-04 14:00,YAKMOK,40FT,0,0,0,0,3,3,0,0
CARRIER_E,2025-07-04 15:00,YAKMOK,40FT,0,0,0,0,3,3,0,0
CARRIER_E,2025-07-04 16:00,YAKMOK,40FT,0,0,0,0,3,3,0,0
CARRIER_E,2025-07-04 17:00,YAKMOK,40FT,0,0,0,0,3,3,0,0
CARRIER_E,2025-07-04 18:00,YAKMOK,40FT,0,0,0,0,3,3,0,0
CARRIER_E,2025-07-04 19:00,YAKMOK,40FT,0,0,0,0,3,3,0,0
CARRIER_E,2025-07-04 20:00,YAKMOK,40FT,0,0,0,0,3,3,0,0
CARRIER_E,2025-07-04 21:00,YAKMOK,40FT,0,0,0,0,3,3,0,0
CARRIER_E,2025-07-04 22:00,YAKMOK,40FT,0,0,0,0,3,3,0,0
CARRIER_E,2025-07-04 23:00,YAKMOK,40FT,0,0,0,0,3,3,0,0
CARRIER_E,2025-07-05 00:00,YAKMOK,40FT,0,0,0,0,3,3,0,0
CARRIER_E,2025-07-05 01:00,YAKMOK,40FT,0,0,0,0,3,3,0,0
CARRIER_E,2025-07-05 02:00,YAKMOK,40FT,0,0,0,0,3,3,0,0
CARRIER_E,2025-07-05 03:00,YAKMOK,40FT,0,0,0,0,3,3,0,0
CARRIER_E,2025-07-05 04:00,YAKMOK,40FT,0,0,0,0,3,3,0,0
CARRIER_E,2025-07-05 05:00,YAKMOK,40FT,0,0,0,0,3,3,0,0
CARRIER_E,2025-07-05 06:00,YAKMOK,40FT,0,0,0,0,3,3,0,0
CARRIER_E,2025-07-05 07:00,YAKMOK,40FT,0,0,0,0,3,3,0,0
CARRIER_E,2025-07-05 08:00,YAKMOK,40FT,0,0,0,0,3,3,0,0
CARRIER_E,2025-07-05 09:00,YAKMOK,40FT,0,0,0,0,3,3,0,0
CARRIER_E,2025-07-05 10:00,YAKMOK,40FT,0,0,0,0,3,3,0,0
CARRIER_E,2025-07-05 11:00,YAKMOK,40FT,0,0,0,0,3,3,0,0
CARRIER_E,2025-07-05 12:00,YAKMOK,40FT,0,0,0,0,3,3,0,0
CARRIER_E,2025-07-05 13:00,YAKMOK,40FT,0,0,0,0,3,3,0,0
CARRIER_E,2025-07-05 14:00,YAKMOK,40FT,0,0,0,0,3,3,0,0
CARRIER_E,2025-07-05 15:00,YAKMOK,40FT,0,0,0,0,3,3,0,0
CARRIER_E,2025-07-05 16:00,YAKMOK,40FT,0,0,0,0,3,3,0,0
CARRIER_E,2025-07-05 17:00,YAKMOK,40FT,0,0,0,0,3,3,0,0
CARRIER_E,2025-07-05 18:00,YAKMOK,40FT,0,0,0,0,3,3,0,0
CARRIER_E,2025-07-05 19:00,YAKMOK,40FT,0,0,0,0,3,3,0,0
CARRIER_E,2025-07-05 20:00,YAKMOK,40FT,0,0,0,0,3,3,0,0
CARRIER_E,2025-07-05 21:00,YAKMOK,40FT,0,0,0,0,3,3,0,0
CARRIER_E,2025-07-05 22:00,YAKMOK,40FT,0,0,0,0,3,3,0,0
CARRIER_E,2025-07-05 23:00,YAKMOK,40FT,0,0,0,0,3,3,0,0
CARRIER_E,2025-07-06 00:00,YAKMOK,40FT,0,0,0,0,3,3,0,0
CARRIER_E,2025-07-06 01:00,YAKMOK,40FT,0,0,0,0,3,3,0,0
CARRIER_E,2025-07-06 02:00,YAKMOK,40FT,0,0,0,0,3,3,0,0
CARRIER_E,2025-07-06 03:00,YAKMOK,40FT,0,0,0,0,3,3,0,0
CARRIER_E,2025-07-06 04:00,YAKMOK,40FT,0,0,0,0,3,3,0,0
CARRIER_E,2025-07-06 05:00,YAKMOK,40FT,0,0,0,0,3,3,0,0
CARRIER_E,2025-07-06 06:00,YAKMOK,40FT,0,0,0,0,3,3,0,0
CARRIER_E,2025-07-06 07:00,YAKMOK,40FT,0,0,0,0,3,3,0,0
CARRIER_E,2025-07-06 08:00,YAKMOK,40FT,0,0,0,0,3,3,0,0
CARRIER_E,2025-07-06 09:00,YAKMOK,40FT,0,0,0,0,3,3,0,0
CARRIER_E,2025-07-06 10:00,YAKMOK,40FT,0,0,0,0,3,3,0,0
CARRIER_E,2025-07-06 11:00,YAKMOK,40FT,0,0,0,0,3,3,0,0
CARRIER_E,2025-07-06 12:00,YAKMOK,40FT,0,0,0,0,3,3,0,0
CARRIER_E,2025-07-06 13:00,YAKMOK,40FT,0,0,0,0,3,3,0,0
CARRIER_E,2025-07-06 14:00,YAKMOK,40FT,0,0,0,0,3,3,0,0
CARRIER_E,2025-07-06 15:00,YAKMOK,40FT,0,0,0,0,3,3,0,0
CARRIER_E,2025-07-06 16:00,YAKMOK,40FT,0,0,0,0,3,3,0,0
CARRIER_E,2025-07-06 17:00,YAKMOK,40FT,0,0,0,0,3,3,0,0
CARRIER_E,2025-07-06 18:00,YAKMOK,40FT,0,0,0,0,3,3,0,0
CARRIER_E,2025-07-06 19:00,YAKMOK,40FT,0,0,0,0,3,3,0,0
CARRIER_E,2025-07-06 20:00,YAKMOK,40FT,0,0,0,0,3,3,0,0
CARRIER_E,2025-07-06 21:00,YAKMOK,40FT,0,0,0,0,3,3,0,0
CARRIER_E,2025-07-06 22:00,YAKMOK,40FT,0,0,0,0,3,3,0,0
CARRIER_E,2025-07-06 23:00,YAKMOK,40FT,0,0,0,0,3,3,0,0
CARRIER_E,2025-07-07 00:00,YAKMOK,40FT,0,0,0,0,3,3,0,0
CARRIER_E,2025-07-07 01:00,YAKMOK,40FT,0,0,0,0,3,3,0,0
CARRIER_E,2025-07-07 02:00,YAKMOK,40FT,0,0,0,0,3,3,0,0
CARRIER_E,2025-07-07 03:00,YAKMOK,40FT,0,0,0,0,3,3,0,0
CARRIER_E,2025-07-07 04:00,YAKMOK,40FT,0,0,0,0,3,3,0,0
CARRIER_E,2025-07-07 05:00,YAKMOK,40FT,0,0,0,0,3,3,0,0
CARRIER_E,2025-07-07 06:00,YAKMOK,40FT,0,0,0,0,3,3,0,0
CARRIER_E,2025-07-07 07:00,YAKMOK,40FT,0,0,0,0,3,3,0,0
CARRIER_E,2025-07-07 08:00,YAKMOK,40FT,0,0,0,0,3,3,0,0
CARRIER_E,2025-07-07 09:00,YAKMOK,40FT,0,0,0,0,3,3,0,0
CARRIER_E,2025-07-07 10:00,YAKMOK,40FT,0,0,0,0,3,3,0,0
CARRIER_E,2025-07-07 11:00,YAKMOK,40FT,0,0,0,0,3,3,0,0
CARRIER_E,2025-07-07 12:00,YAKMOK,40FT,0,0,0,0,3,3,0,0
CARRIER_E,2025-07-07 13:00,YAKMOK,40FT,0,0,0,0,3,3,0,0
CARRIER_E,2025-07-07 14:00,YAKMOK,40FT,0,0,0,0,3,3,0,0
CARRIER_E,2025-07-07 15:00,YAKMOK,40FT,0,0,0,0,3,3,0,0
CARRIER_E,2025-07-07 16:00,YAKMOK,40FT,0,0,0,0,3,3,0,0
CARRIER_E,2025-07-07 17:00,YAKMOK,40FT,0,0,0,0,3,3,0,0
CARRIER_E,2025-07-07 18:00,YAKMOK,40FT,0,0,0,0,3,3,0,0
CARRIER_E,2025-07-07 19:00,YAKMOK,40FT,0,0,0,0,3,3,0,0
CARRIER_E,2025-07-07 20:00,YAKMOK,40FT,0,0,0,0,3,3,0,0
CARRIER_E,2025-07-07 21:00,YAKMOK,40FT,0,0,0,0,3,3,0,0
CARRIER_E,2025-07-07 22:00,YAKMOK,40FT,0,0,0,0,3,3,0,0
CARRIER_E,2025-07-07 23:00,YAKMOK,40FT,0,0,0,0,3,3,0,0
CARRIER_F,2025-07-01 00:00,BUGANG,20FT,0,0,0,0,8,8,0,0
CARRIER_F,2025-07-01 01:00,BUGANG,20FT,0,0,0,0,8,8,0,0
CARRIER_F,2025-07-01 02:00,BUGANG,20FT,0,0,0,0,8,8,0,0
CARRIER_F,2025-07-01 03:00,BUGANG,20FT,0,0,0,0,8,8,0,0
CARRIER_F,2025-07-01 04:00,BUGANG,20FT,0,0,0,0,8,8,0,0
CARRIER_F,2025-07-01 05:00,BUGANG,20FT,0,0,0,0,8,8,0,0
CARRIER_F,2025-07-01 06:00,BUGANG,20FT,1,0,0,0,7,7,0,0
CARRIER_F,2025-07-01 07:00,BUGANG,20FT,0,0,0,0,7,7,0,0
CARRIER_F,2025-07-01 08:00,BUGANG,20FT,0,0,0,0,7,7,0,0
CARRIER_F,2025-07-01 09:00,BUGANG,20FT,0,1,0,0,8,8,0,0
CARRIER_F,2025-07-01 10:00,BUGANG,20FT,1,0,0,0,7,7,0,0
CARRIER_F,2025-07-01 11:00,BUGANG,20FT,0,0,0,0,7,7,0,0
CARRIER_F,2025-07-01 12:00,BUGANG,20FT,0,0,0,0,7,7,0,0
CARRIER_F,2025-07-01 13:00,BUGANG,20FT,0,0,0,0,7,7,0,0
CARRIER_F,2025-07-01 14:00,BUGANG,20FT,0,0,0,0,7,7,0,0
CARRIER_F,2025-07-01 15:00,BUGANG,20FT,0,0,0,0,7,7,0,0
CARRIER_F,2025-07-01 16:00,BUGANG,20FT,0,0,0,0,7,7,0,0
CARRIER_F,2025-07-01 17:00,BUGANG,20FT,0,1,0,0,8,8,0,0
CARRIER_F,2025-07-01 18:00,BUGANG,20FT,0,0,0,0,8,8,0,0
CARRIER_F,2025-07-01 19:00,BUGANG,20FT,0,0,0,0,8,8,0,0
CARRIER_F,2025-07-01 20:00,BUGANG,20FT,0,0,0,8,8,0,0,0
CARRIER_F,2025-07-01 21:00,BUGANG,20FT,0,0,0,0,8,0,0,0
CARRIER_F,2025-07-01 22:00,BUGANG,20FT,0,0,0,0,8,0,0,0
CARRIER_F,2025-07-01 23:00,BUGANG,20FT,0,0,0,0,8,0,0,0
CARRIER_F,2025-07-02 00:00,BUGANG,20FT,0,0,0,0,8,0,0,0
CARRIER_F,2025-07-02 01:00,BUGANG,20FT,0,0,0,0,8,0,0,0
CARRIER_F,2025-07-02 02:00,BUGANG,20FT,0,0,0,0,8,0,0,0
CARRIER_F,2025-07-02 03:00,BUGANG,20FT,0,0,0,0,8,0,0,0
CARRIER_F,2025-07-02 04:00,BUGANG,20FT,0,0,0,0,8,0,0,0
CARRIER_F,2025-07-02 05:00,BUGANG,20FT,0,0,0,0,8,0,0,0
CARRIER_F,2025-07-02 06:00,BUGANG,20FT,0,0,0,0,8,0,0,0
CARRIER_F,2025-07-02 07:00,BUGANG,20FT,0,0,0,0,8,0,0,0
CARRIER_F,2025-07-02 08:00,BUGANG,20FT,0,1,0,0,9,1,0,0
CARRIER_F,2025-07-02 09:00,BUGANG,20FT,0,0,0,0,9,1,0,0
CARRIER_F,2025-07-02 10:00,BUGANG,20FT,0,0,0,0,9,1,0,0
CARRIER_F,2025-07-02 11:00,BUGANG,20FT,0,1,0,0,10,2,0,0
CARRIER_F,2025-07-02 12:00,BUGANG,20FT,0,0,0,0,10,2,0,0
CARRIER_F,2025-07-02 13:00,BUGANG,20FT,0,0,0,0,10,2,0,0
CARRIER_F,2025-07-02 14:00,BUGANG,20FT,0,0,0,0,10,2,0,0
CARRIER_F,2025-07-02 15:00,BUGANG,20FT,0,1,0,0,11,3,0,0
CARRIER_F,2025-07-02 16:00,BUGANG,20FT,0,1,0,0,12,4,0,0
CARRIER_F,2025-07-02 17:00,BUGANG,20FT,0,1,0,0,13,5,0,0
CARRIER_F,2025-07-02 18:00,BUGANG,20FT,0,0,0,0,13,5,0,0
CARRIER_F,2025-07-02 19:00,BUGANG,20FT,0,0,0,0,13,5,0,0
CARRIER_F,2025-07-02 20:00,BUGANG,20FT,0,0,0,0,13,5,0,0
CARRIER_F,2025-07-02 21:00,BUGANG,20FT,0,0,0,0,13,5,0,0
CARRIER_F,2025-07-02 22:00,BUGANG,20FT,0,0,0,0,13,5,0,0
CARRIER_F,2025-07-02 23:00,BUGANG,20FT,0,0,0,0,13,5,0,0
CARRIER_F,2025-07-03 00:00,BUGANG,20FT,0,0,0,0,13,5,0,0
CARRIER_F,2025-07-03 01:00,BUGANG,20FT,0,0,0,0,13,5,0,0
CARRIER_F,2025-07-03 02:00,BUGANG,20FT,0,0,0,0,13,5,0,0
CARRIER_F,2025-07-03 03:00,BUGANG,20FT,0,0,0,0,13,5,0,0
CARRIER_F,2025-07-03 04:00,BUGANG,20FT,0,0,0,0,13,5,0,0
CARRIER_F,2025-07-03 05:00,BUGANG,20FT,0,0,0,0,13,5,0,0
CARRIER_F,2025-07-03 06:00,BUGANG,20FT,0,0,0,0,13,5,0,0
CARRIER_F,2025-07-03 07:00,BUGANG,20FT,0,0,0,0,13,5,0,0
CARRIER_F,2025-07-03 08:00,BUGANG,20FT,0,0,0,0,13,5,0,0
CARRIER_F,2025-07-03 09:00,BUGANG,20FT,0,1,0,0,14,6,0,0
CARRIER_F,2025-07-03 10:00,BUGANG,20FT,0,0,0,0,14,6,0,0
CARRIER_F,2025-07-03 11:00,BUGANG,20FT,0,0,0,0,14,6,0,0
CARRIER_F,2025-07-03 12:00,BUGANG,20FT,0,1,0,0,15,7,0,0
CARRIER_F,2025-07-03 13:00,BUGANG,20FT,1,0,0,0,14,6,0,0
CARRIER_F,2025-07-03 14:00,BUGANG,20FT,0,0,0,0,14,6,0,0
CARRIER_F,2025-07-03 15:00,BUGANG,20FT,0,2,0,0,16,8,0,0
CARRIER_F,2025-07-03 16:00,BUGANG,20FT,1,0,0,0,15,7,0,0
CARRIER_F,2025-07-03 17:00,BUGANG,20FT,0,0,0,0,15,7,0,0
CARRIER_F,2025-07-03 18:00,BUGANG,20FT,0,1,0,0,16,8,0,0
CARRIER_F,2025-07-03 19:00,BUGANG,20FT,0,0,0,0,16,8,0,0
CARRIER_F,2025-07-03 20:00,BUGANG,20FT,0,0,0,0,16,8,0,0
CARRIER_F,2025-07-03 21:00,BUGANG,20FT,0,0,0,0,16,8,0,0
CARRIER_F,2025-07-03 22:00,BUGANG,20FT,0,0,0,0,16,8,0,0
CARRIER_F,2025-07-03 23:00,BUGANG,20FT,0,0,0,0,16,8,0,0
CARRIER_F,2025-07-04 00:00,BUGANG,20FT,0,0,0,0,16,8,0,0
CARRIER_F,2025-07-04 01:00,BUGANG,20FT,0,0,0,0,16,8,0,0
CARRIER_F,2025-07-04 02:00,BUGANG,20FT,0,0,0,0,16,8,0,0
CARRIER_F,2025-07-04 03:00,BUGANG,20FT,0,0,0,0,16,8,0,0
CARRIER_F,2025-07-04 04:00,BUGANG,20FT,0,0,0,0,16,8,0,0
CARRIER_F,2025-07-04 05:00,BUGANG,20FT,0,0,0,0,16,8,0,0
CARRIER_F,2025-07-04 06:00,BUGANG,20FT,0,0,0,0,16,8,0,0
CARRIER_F,2025-07-04 07:00,BUGANG,20FT,0,0,0,0,16,8,0,0
CARRIER_F,2025-07-04 08:00,BUGANG,20FT,0,0,0,0,16,8,0,0
CARRIER_F,2025-07-04 09:00,BUGANG,20FT,0,1,0,0,17,9,0,0
CARRIER_F,2025-07-04 10:00,BUGANG,20FT,0,0,0,0,17,9,0,0
CARRIER_F,2025-07-04 11:00,BUGANG,20FT,1,0,0,0,16,8,0,0
CARRIER_F,2025-07-04 12:00,BUGANG,20FT,0,1,0,0,17,9,0,0
CARRIER_F,2025-07-04 13:00,BUGANG,20FT,1,1,0,0,17,9,0,0
CARRIER_F,2025-07-04 14:00,BUGANG,20FT,0,0,0,0,17,9,0,0
CARRIER_F,2025-07-04 15:00,BUGANG,20FT,0,1,0,0,18,10,0,0
CARRIER_F,2025-07-04 16:00,BUGANG,20FT,0,1,0,0,19,11,0,0
CARRIER_F,2025-07-04 17:00,BUGANG,20FT,0,0,0,0,19,11,0,0
CARRIER_F,2025-07-04 18:00,BUGANG,20FT,0,0,0,0,19,11,0,0
CARRIER_F,2025-07-04 19:00,BUGANG,20FT,0,0,0,0,19,11,0,0
CARRIER_F,2025-07-04 20:00,BUGANG,20FT,0,0,0,0,19,11,0,0
CARRIER_F,2025-07-04 21:00,BUGANG,20FT,0,0,0,0,19,11,0,0
CARRIER_F,2025-07-04 22:00,BUGANG,20FT,0,0,0,0,19,11,0,0
CARRIER_F,2025-07-04 23:00,BUGANG,20FT,0,0,0,0,19,11,0,0
CARRIER_F,2025-07-05 00:00,BUGANG,20FT,0,0,0,0,19,11,0,0
CARRIER_F,2025-07-05 01:00,BUGANG,20FT,0,0,0,0,19,11,0,0
CARRIER_F,2025-07-05 02:00,BUGANG,20FT,0,0,0,0,19,11,0,0
CARRIER_F,2025-07-05 03:00,BUGANG,20FT,0,0,0,0,19,11,0,0
CARRIER_F,2025-07-05 04:00,BUGANG,20FT,0,0,0,0,19,11,0,0
CARRIER_F,2025-07-05 05:00,BUGANG,20FT,0,0,0,0,19,11,0,0
CARRIER_F,2025-07-05 06:00,BUGANG,20FT,0,0,0,0,19,11,0,0
CARRIER_F,2025-07-05 07:00,BUGANG,20FT,0,0,0,0,19,11,0,0
CARRIER_F,2025-07-05 08:00,BUGANG,20FT,0,1,0,0,20,12,0,0
CARRIER_F,2025-07-05 09:00,BUGANG,20FT,0,0,0,0,20,12,0,0
CARRIER_F,2025-07-05 10:00,BUGANG,20FT,0,0,0,0,20,12,0,0
CARRIER_F,2025-07-05 11:00,BUGANG,20FT,0,0,0,0,20,12,0,0
CARRIER_F,2025-07-05 12:00,BUGANG,20FT,0,1,0,0,21,13,0,0
CARRIER_F,2025-07-05 13:00,BUGANG,20FT,0,0,0,0,21,13,0,0
CARRIER_F,2025-07-05 14:00,BUGANG,20FT,0,0,0,0,21,13,0,0
CARRIER_F,2025-07-05 15:00,BUGANG,20FT,0,0,0,0,21,13,0,0
CARRIER_F,2025-07-05 16:00,BUGANG,20FT,1,0,0,0,20,12,0,0
CARRIER_F,2025-07-05 17:00,BUGANG,20FT,0,0,0,0,20,12,0,0
CARRIER_F,2025-07-05 18:00,BUGANG,20FT,0,0,0,0,20,12,0,0
CARRIER_F,2025-07-05 19:00,BUGANG,20FT,0,0,0,0,20,12,0,0
CARRIER_F,2025-07-05 20:00,BUGANG,20FT,0,1,0,0,21,13,0,0
CARRIER_F,2025-07-05 21:00,BUGANG,20FT,0,0,0,0,21,13,0,0
CARRIER_F,2025-07-05 22:00,BUGANG,20FT,0,0,0,0,21,13,0,0
CARRIER_F,2025-07-05 23:00,BUGANG,20FT,0,0,0,0,21,13,0,0
CARRIER_F,2025-07-06 00:00,BUGANG,20FT,0,0,0,0,21,13,0,0
CARRIER_F,2025-07-06 01:00,BUGANG,20FT,0,0,0,0,21,13,0,0
CARRIER_F,2025-07-06 02:00,BUGANG,20FT,0,0,0,0,21,13,0,0
CARRIER_F,2025-07-06 03:00,BUGANG,20FT,0,0,0,0,21,13,0,0
CARRIER_F,2025-07-06 04:00,BUGANG,20FT,0,0,0,0,21,13,0,0
CARRIER_F,2025-07-06 05:00,BUGANG,20FT,0,0,0,0,21,13,0,0
CARRIER_F,2025-07-06 06:00,BUGANG,20FT,0,0,0,0,21,13,0,0
CARRIER_F,2025-07-06 07:00,BUGANG,20FT,0,0,0,0,21,13,0,0
CARRIER_F,2025-07-06 08:00,BUGANG,20FT,0,0,0,0,21,13,0,0
CARRIER_F,2025-07-06 09:00,BUGANG,20FT,0,0,0,0,21,13,0,0
CARRIER_F,2025-07-06 10:00,BUGANG,20FT,0,0,0,0,21,13,0,0
CARRIER_F,2025-07-06 11:00,BUGANG,20FT,0,2,0,0,23,15,0,0
CARRIER_F,2025-07-06 12:00,BUGANG,20FT,0,0,0,0,23,15,0,0
CARRIER_F,2025-07-06 13:00,BUGANG,20FT,0,0,0,0,23,15,0,0
CARRIER_F,2025-07-06 14:00,BUGANG,20FT,0,0,0,0,23,15,0,0
CARRIER_F,2025-07-06 15:00,BUGANG,20FT,0,0,0,0,23,15,0,0
CARRIER_F,2025-07-06 16:00,BUGANG,20FT,0,0,0,0,23,15,0,0
CARRIER_F,2025-07-06 17:00,BUGANG,20FT,1,0,0,0,22,14,0,0
CARRIER_F,2025-07-06 18:00,BUGANG,20FT,0,0,0,0,22,14,0,0
CARRIER_F,2025-07-06 19:00,BUGANG,20FT,0,0,0,0,22,14,0,0
CARRIER_F,2025-07-06 20:00,BUGANG,20FT,0,0,0,0,22,14,0,0
CARRIER_F,2025-07-06 21:00,BUGANG,20FT,0,0,0,0,22,14,0,0
CARRIER_F,2025-07-06 22:00,BUGANG,20FT,0,0,0,0,22,14,0,0
CARRIER_F,2025-07-06 23:00,BUGANG,20FT,0,0,0,0,22,14,0,0
CARRIER_F,2025-07-07 00:00,BUGANG,20FT,0,0,0,0,22,14,0,0
CARRIER_F,2025-07-07 01:00,BUGANG,20FT,0,0,0,0,22,14,0,0
CARRIER_F,2025-07-07 02:00,BUGANG,20FT,0,0,0,0,22,14,0,0
CARRIER_F,2025-07-07 03:00,BUGANG,20FT,0,0,0,0,22,14,0,0
CARRIER_F,2025-07-07 04:00,BUGANG,20FT,0,0,0,0,22,14,0,0
CARRIER_F,2025-07-07 05:00,BUGANG,20FT,0,0,0,0,22,14,0,0
CARRIER_F,2025-07-07 06:00,BUGANG,20FT,0,0,0,0,22,14,0,0
CARRIER_F,2025-07-07 07:00,BUGANG,20FT,0,0,0,0,22,14,0,0
CARRIER_F,2025-07-07 08:00,BUGANG,20FT,0,0,0,0,22,14,0,0
CARRIER_F,2025-07-07 09:00,BUGANG,20FT,0,0,0,0,22,14,0,0
CARRIER_F,2025-07-07 10:00,BUGANG,20FT,0,0,0,0,22,14,0,0
CARRIER_F,2025-07-07 11:00,BUGANG,20FT,0,0,0,0,22,14,0,0
CARRIER_F,2025-07-07 12:00,BUGANG,20FT,0,1,0,0,23,15,0,0
CARRIER_F,2025-07-07 13:00,BUGANG,20FT,0,0,0,0,23,15,0,0
CARRIER_F,2025-07-07 14:00,BUGANG,20FT,0,1,0,0,24,16,0,0
CARRIER_F,2025-07-07 15:00,BUGANG,20FT,0,0,0,0,24,16,0,0
CARRIER_F,2025-07-07 16:00,BUGANG,20FT,0,0,0,0,24,16,0,0
CARRIER_F,2025-07-07 17:00,BUGANG,20FT,0,0,0,0,24,16,0,0
CARRIER_F,2025-07-07 18:00,BUGANG,20FT,0,0,0,0,24,16,0,0
CARRIER_F,2025-07-07 19:00,BUGANG,20FT,0,0,0,0,24,16,0,0
CARRIER_F,2025-07-07 20:00,BUGANG,20FT,0,0,0,0,24,16,0,0
CARRIER_F,2025-07-07 21:00,BUGANG,20FT,0,0,0,0,24,16,0,0
CARRIER_F,2025-07-07 22:00,BUGANG,20FT,0,0,0,0,24,16,0,0
CARRIER_F,2025-07-07 23:00,BUGANG,20FT,0,0,0,0,24,16,0,0
CARRIER_F,2025-07-01 00:00,BUGANG,40FT,0,0,0,0,2,2,0,0
CARRIER_F,2025-07-01 01:00,BUGANG,40FT,0,0,0,0,2,2,0,0
CARRIER_F,2025-07-01 02:00,BUGANG,40FT,0,0,0,0,2,2,0,0
CARRIER_F,2025-07-01 03:00,BUGANG,40FT,0,0,0,0,2,2,0,0
CARRIER_F,2025-07-01 04:00,BUGANG,40FT,0,0,0,0,2,2,0,0
CARRIER_F,2025-07-01 05:00,BUGANG,40FT,0,0,0,0,2,2,0,0
CARRIER_F,2025-07-01 06:00,BUGANG,40FT,0,0,0,0,2,2,0,0
CARRIER_F,2025-07-01 07:00,BUGANG,40FT,0,0,0,0,2,2,0,0
CARRIER_F,2025-07-01 08:00,BUGANG,40FT,0,0,0,0,2,2,0,0
CARRIER_F,2025-07-01 09:00,BUGANG,40FT,0,0,0,0,2,2,0,0
CARRIER_F,2025-07-01 10:00,BUGANG,40FT,0,0,0,0,2,2,0,0
CARRIER_F,2025-07-01 11:00,BUGANG,40FT,0,0,0,0,2,2,0,0
CARRIER_F,2025-07-01 12:00,BUGANG,40FT,0,1,0,0,3,3,0,0
CARRIER_F,2025-07-01 13:00,BUGANG,40FT,0,0,0,0,3,3,0,0
CARRIER_F,2025-07-01 14:00,BUGANG,40FT,0,0,0,0,3,3,0,0
CARRIER_F,2025-07-01 15:00,BUGANG,40FT,0,0,0,0,3,3,0,0
CARRIER_F,2025-07-01 16:00,BUGANG,40FT,0,0,0,0,3,3,0,0
CARRIER_F,2025-07-01 17:00,BUGANG,40FT,0,0,0,0,3,3,0,0
CARRIER_F,2025-07-01 18:00,BUGANG,40FT,0,0,0,0,3,3,0,0
CARRIER_F,2025-07-01 19:00,BUGANG,40FT,0,0,0,0,3,3,0,0
CARRIER_F,2025-07-01 20:00,BUGANG,40FT,0,0,0,0,3,3,0,0
CARRIER_F,2025-07-01 21:00,BUGANG,40FT,0,0,0,0,3,3,0,0
CARRIER_F,2025-07-01 22:00,BUGANG,40FT,0,0,0,0,3,3,0,0
CARRIER_F,2025-07-01 23:00,BUGANG,40FT,0,0,0,0,3,3,0,0
CARRIER_F,2025-07-02 00:00,BUGANG,40FT,0,0,0,0,3,3,0,0
CARRIER_F,2025-07-02 01:00,BUGANG,40FT,0,0,0,0,3,3,0,0
CARRIER_F,2025-07-02 02:00,BUGANG,40FT,0,0,0,0,3,3,0,0
CARRIER_F,2025-07-02 03:00,BUGANG,40FT,0,0,0,0,3,3,0,0
CARRIER_F,2025-07-02 04:00,BUGANG,40FT,0,0,0,0,3,3,0,0
CARRIER_F,2025-07-02 05:00,BUGANG,40FT,0,0,0,0,3,3,0,0
CARRIER_F,2025-07-02 06:00,BUGANG,40FT,0,0,0,0,3,3,0,0
CARRIER_F,2025-07-02 07:00,BUGANG,40FT,0,0,0,0,3,3,0,0
CARRIER_F,2025-07-02 08:00,BUGANG,40FT,0,0,0,0,3,3,0,0
CARRIER_F,2025-07-02 09:00,BUGANG,40FT,0,0,0,0,3,3,0,0
CARRIER_F,2025-07-02 10:00,BUGANG,40FT,0,0,0,0,3,3,0,0
CARRIER_F,2025-07-02 11:00,BUGANG,40FT,0,0,0,0,3,3,0,0
CARRIER_F,2025-07-02 12:00,BUGANG,40FT,0,1,0,0,4,4,0,0
CARRIER_F,2025-07-02 13:00,BUGANG,40FT,0,0,0,0,4,4,0,0
CARRIER_F,2025-07-02 14:00,BUGANG,40FT,0,0,0,0,4,4,0,0
CARRIER_F,2025-07-02 15:00,BUGANG,40FT,0,0,0,0,4,4,0,0
CARRIER_F,2025-07-02 16:00,BUGANG,40FT,0,0,0,0,4,4,0,0
CARRIER_F,2025-07-02 17:00,BUGANG,40FT,0,0,0,0,4,4,0,0
CARRIER_F,2025-07-02 18:00,BUGANG,40FT,1,0,0,0,3,3,0,0
CARRIER_F,2025-07-02 19:00,BUGANG,40FT,0,0,0,0,3,3,0,0
CARRIER_F,2025-07-02 20:00,BUGANG,40FT,0,0,0,0,3,3,0,0
CARRIER_F,2025-07-02 21:00,BUGANG,40FT,0,0,0,0,3,3,0,0
CARRIER_F,2025-07-02 22:00,BUGANG,40FT,0,0,0,0,3,3,0,0
CARRIER_F,2025-07-02 23:00,BUGANG,40FT,0,0,0,0,3,3,0,0
CARRIER_F,2025-07-03 00:00,BUGANG,40FT,0,0,0,0,3,3,0,0
CARRIER_F,2025-07-03 01:00,BUGANG,40FT,0,0,0,0,3,3,0,0
CARRIER_F,2025-07-03 02:00,BUGANG,40FT,0,0,0,0,3,3,0,0
CARRIER_F,2025-07-03 03:00,BUGANG,40FT,0,0,0,0,3,3,0,0
CARRIER_F,2025-07-03 04:00,BUGANG,40FT,0,0,0,0,3,3,0,0
CARRIER_F,2025-07-03 05:00,BUGANG,40FT,0,0,0,0,3,3,0,0
CARRIER_F,2025-07-03 06:00,BUGANG,40FT,0,0,0,0,3,3,0,0
CARRIER_F,2025-07-03 07:00,BUGANG,40FT,0,0,0,0,3,3,0,0
CARRIER_F,2025-07-03 08:00,BUGANG,40FT,0,0,0,0,3,3,0,0
CARRIER_F,2025-07-03 09:00,BUGANG,40FT,0,0,0,0,3,3,0,0
CARRIER_F,2025-07-03 10:00,BUGANG,40FT,0,0,0,0,3,3,0,0
CARRIER_F,2025-07-03 11:00,BUGANG,40FT,0,0,0,0,3,3,0,0
CARRIER_F,2025-07-03 12:00,BUGANG,40FT,0,0,0,0,3,3,0,0
CARRIER_F,2025-07-03 13:00,BUGANG,40FT,0,0,0,0,3,3,0,0
CARRIER_F,2025-07-03 14:00,BUGANG,40FT,0,0,0,0,3,3,0,0
CARRIER_F,2025-07-03 15:00,BUGANG,40FT,0,0,0,0,3,3,0,0
CARRIER_F,2025-07-03 16:00,BUGANG,40FT,0,0,0,0,3,3,0,0
CARRIER_F,2025-07-03 17:00,BUGANG,40FT,0,0,0,0,3,3,0,0
CARRIER_F,2025-07-03 18:00,BUGANG,40FT,0,0,0,0,3,3,0,0
CARRIER_F,2025-07-03 19:00,BUGANG,40FT,0,0,0,0,3,3,0,0
CARRIER_F,2025-07-03 20:00,BUGANG,40FT,0,0,0,0,3,3,0,0
CARRIER_F,2025-07-03 21:00,BUGANG,40FT,0,0,0,0,3,3,0,0
CARRIER_F,2025-07-03 22:00,BUGANG,40FT,0,0,0,0,3,3,0,0
CARRIER_F,2025-07-03 23:00,BUGANG,40FT,0,0,0,0,3,3,0,0
CARRIER_F,2025-07-04 00:00,BUGANG,40FT,0,0,0,0,3,3,0,0
CARRIER_F,2025-07-04 01:00,BUGANG,40FT,0,0,0,0,3,3,0,0
CARRIER_F,2025-07-04 02:00,BUGANG,40FT,0,0,0,0,3,3,0,0
CARRIER_F,2025-07-04 03:00,BUGANG,40FT,0,0,0,0,3,3,0,0
CARRIER_F,2025-07-04 04:00,BUGANG,40FT,0,0,0,0,3,3,0,0
CARRIER_F,2025-07-04 05:00,BUGANG,40FT,0,0,0,0,3,3,0,0
CARRIER_F,2025-07-04 06:00,BUGANG,40FT,0,0,0,0,3,3,0,0
CARRIER_F,2025-07-04 07:00,BUGANG,40FT,0,0,0,0,3,3,0,0
CARRIER_F,2025-07-04 08:00,BUGANG,40FT,0,0,0,0,3,3,0,0
CARRIER_F,2025-07-04 09:00,BUGANG,40FT,0,0,0,0,3,3,0,0
CARRIER_F,2025-07-04 10:00,BUGANG,40FT,0,0,0,0,3,3,0,0
CARRIER_F,2025-07-04 11:00,BUGANG,40FT,0,0,0,0,3,3,0,0
CARRIER_F,2025-07-04 12:00,BUGANG,40FT,0,0,0,0,3,3,0,0
CARRIER_F,2025-07-04 13:00,BUGANG,40FT,0,0,0,0,3,3,0,0
CARRIER_F,2025-07-04 14:00,BUGANG,40FT,0,0,0,0,3,3,0,0
CARRIER_F,2025-07-04 15:00,BUGANG,40FT,1,0,0,0,2,2,0,0
CARRIER_F,2025-07-04 16:00,BUGANG,40FT,0,0,0,0,2,2,0,0
CARRIER_F,2025-07-04 17:00,BUGANG,40FT,0,0,0,0,2,2,0,0
CARRIER_F,2025-07-04 18:00,BUGANG,40FT,0,0,0,0,2,2,0,0
CARRIER_F,2025-07-04 19:00,BUGANG,40FT,1,0,0,0,1,1,0,0
CARRIER_F,2025-07-04 20:00,BUGANG,40FT,0,0,0,0,1,1,0,0
CARRIER_F,2025-07-04 21:00,BUGANG,40FT,0,0,0,0,1,1,0,0
CARRIER_F,2025-07-04 22:00,BUGANG,40FT,0,0,0,0,1,1,0,0
CARRIER_F,2025-07-04 23:00,BUGANG,40FT,0,0,0,0,1,1,0,0
CARRIER_F,2025-07-05 00:00,BUGANG,40FT,0,0,0,0,1,1,0,0
CARRIER_F,2025-07-05 01:00,BUGANG,40FT,0,0,0,0,1,1,0,0
CARRIER_F,2025-07-05 02:00,BUGANG,40FT,0,0,0,0,1,1,0,0
CARRIER_F,2025-07-05 03:00,BUGANG,40FT,0,0,0,0,1,1,0,0
CARRIER_F,2025-07-05 04:00,BUGANG,40FT,0,0,0,0,1,1,0,0
CARRIER_F,2025-07-05 05:00,BUGANG,40FT,0,0,0,0,1,1,0,0
CARRIER_F,2025-07-05 06:00,BUGANG,40FT,0,0,0,0,1,1,0,0
CARRIER_F,2025-07-05 07:00,BUGANG,40FT,0,0,0,0,1,1,0,0
CARRIER_F,2025-07-05 08:00,BUGANG,40FT,0,0,0,0,1,1,0,0
CARRIER_F,2025-07-05 09:00,BUGANG,40FT,0,0,0,0,1,1,0,0
CARRIER_F,2025-07-05 10:00,BUGANG,40FT,1,0,0,0,0,0,0,0
CARRIER_F,2025-07-05 11:00,BUGANG,40FT,0,0,0,0,0,0,0,0
CARRIER_F,2025-07-05 12:00,BUGANG,40FT,0,0,0,0,0,0,0,0
CARRIER_F,2025-07-05 13:00,BUGANG,40FT,0,0,0,0,0,0,0,0
CARRIER_F,2025-07-05 14:00,BUGANG,40FT,0,0,0,0,0,0,0,0
CARRIER_F,2025-07-05 15:00,BUGANG,40FT,0,0,0,0,0,0,0,0
CARRIER_F,2025-07-05 16:00,BUGANG,40FT,0,0,0,0,0,0,0,0
CARRIER_F,2025-07-05 17:00,BUGANG,40FT,1,0,0,0,0,0,1,1
CARRIER_F,2025-07-05 18:00,BUGANG,40FT,0,0,0,0,0,0,0,0
CARRIER_F,2025-07-05 19:00,BUGANG,40FT,0,0,0,0,0,0,0,0
CARRIER_F,2025-07-05 20:00,BUGANG,40FT,0,0,0,0,0,0,0,0
CARRIER_F,2025-07-05 21:00,BUGANG,40FT,0,0,0,0,0,0,0,0
CARRIER_F,2025-07-05 22:00,BUGANG,40FT,0,0,0,0,0,0,0,0
CARRIER_F,2025-07-05 23:00,BUGANG,40FT,0,0,0,0,0,0,0,0
CARRIER_F,2025-07-06 00:00,BUGANG,40FT,0,0,0,0,0,0,0,0
CARRIER_F,2025-07-06 01:00,BUGANG,40FT,0,0,0,0,0,0,0,0
CARRIER_F,2025-07-06 02:00,BUGANG,40FT,0,0,0,0,0,0,0,0
CARRIER_F,2025-07-06 03:00,BUGANG,40FT,0,0,0,0,0,0,0,0
CARRIER_F,2025-07-06 04:00,BUGANG,40FT,0,0,0,0,0,0,0,0
CARRIER_F,2025-07-06 05:00,BUGANG,40FT,0,0,0,0,0,0,0,0
CARRIER_F,2025-07-06 06:00,BUGANG,40FT,0,0,0,0,0,0,0,0
CARRIER_F,2025-07-06 07:00,BUGANG,40FT,0,0,0,0,0,0,0,0
CARRIER_F,2025-07-06 08:00,BUGANG,40FT,0,0,0,0,0,0,0,0
CARRIER_F,2025-07-06 09:00,BUGANG,40FT,0,0,0,0,0,0,0,0
CARRIER_F,2025-07-06 10:00,BUGANG,40FT,0,0,0,0,0,0,0,0
CARRIER_F,2025-07-06 11:00,BUGANG,40FT,0,0,0,0,0,0,0,0
CARRIER_F,2025-07-06 12:00,BUGANG,40FT,0,0,0,0,0,0,0,0
CARRIER_F,2025-07-06 13:00,BUGANG,40FT,0,0,0,0,0,0,0,0
CARRIER_F,2025-07-06 14:00,BUGANG,40FT,0,0,0,0,0,0,0,0
CARRIER_F,2025-07-06 15:00,BUGANG,40FT,0,0,0,0,0,0,0,0
CARRIER_F,2025-07-06 16:00,BUGANG,40FT,0,0,0,0,0,0,0,0
CARRIER_F,2025-07-06 17:00,BUGANG,40FT,0,0,0,0,0,0,0,0
CARRIER_F,2025-07-06 18:00,BUGANG,40FT,0,0,0,0,0,0,0,0
CARRIER_F,2025-07-06 19:00,BUGANG,40FT,0,0,0,0,0,0,0,0
CARRIER_F,2025-07-06 20:00,BUGANG,40FT,0,0,0,0,0,0,0,0
CARRIER_F,2025-07-06 21:00,BUGANG,40FT,0,0,0,0,0,0,0,0
CARRIER_F,2025-07-06 22:00,BUGANG,40FT,0,0,0,0,0,0,0,0
CARRIER_F,2025-07-06 23:00,BUGANG,40FT,0,0,0,0,0,0,0,0
CARRIER_F,2025-07-07 00:00,BUGANG,40FT,0,0,0,0,0,0,0,0
CARRIER_F,2025-07-07 01:00,BUGANG,40FT,0,0,0,0,0,0,0,0
CARRIER_F,2025-07-07 02:00,BUGANG,40FT,0,0,0,0,0,0,0,0
CARRIER_F,2025-07-07 03:00,BUGANG,40FT,0,0,0,0,0,0,0,0
CARRIER_F,2025-07-07 04:00,BUGANG,40FT,0,0,0,0,0,0,0,0
CARRIER_F,2025-07-07 05:00,BUGANG,40FT,0,0,0,0,0,0,0,0
CARRIER_F,2025-07-07 06:00,BUGANG,40FT,0,0,0,0,0,0,0,0
CARRIER_F,2025-07-07 07:00,BUGANG,40FT,0,0,0,0,0,0,0,0
CARRIER_F,2025-07-07 08:00,BUGANG,40FT,0,1,0,0,1,1,0,0
CARRIER_F,2025-07-07 09:00,BUGANG,40FT,0,0,0,0,1,1,0,0
CARRIER_F,2025-07-07 10:00,BUGANG,40FT,0,0,0,0,1,1,0,0
CARRIER_F,2025-07-07 11:00,BUGANG,40FT,0,1,0,0,2,2,0,0
CARRIER_F,2025-07-07 12:00,BUGANG,40FT,0,0,0,0,2,2,0,0
CARRIER_F,2025-07-07 13:00,BUGANG,40FT,0,0,0,0,2,2,0,0
CARRIER_F,2025-07-07 14:00,BUGANG,40FT,0,0,0,0,2,2,0,0
CARRIER_F,2025-07-07 15:00,BUGANG,40FT,0,1,0,0,3,3,0,0
CARRIER_F,2025-07-07 16:00,BUGANG,40FT,0,0,0,0,3,3,0,0
CARRIER_F,2025-07-07 17:00,BUGANG,40FT,0,0,0,0,3,3,0,0
CARRIER_F,2025-07-07 18:00,BUGANG,40FT,0,0,0,0,3,3,0,0
CARRIER_F,2025-07-07 19:00,BUGANG,40FT,0,0,0,0,3,3,0,0
CARRIER_F,2025-07-07 20:00,BUGANG,40FT,0,0,0,0,3,3,0,0
CARRIER_F,2025-07-07 21:00,BUGANG,40FT,0,0,0,0,3,3,0,0
CARRIER_F,2025-07-07 22:00,BUGANG,40FT,0,0,0,0,3,3,0,0
CARRIER_F,2025-07-07 23:00,BUGANG,40FT,0,0,0,0,3,3,0,0
CARRIER_F,2025-07-01 00:00,BUSAN,20FT,0,0,0,0,2,2,0,0
CARRIER_F,2025-07-01 01:00,BUSAN,20FT,0,0,0,0,2,2,0,0
CARRIER_F,2025-07-01 02:00,BUSAN,20FT,0,0,0,0,2,2,0,0
CARRIER_F,2025-07-01 03:00,BUSAN,20FT,0,0,0,0,2,2,0,0
CARRIER_F,2025-07-01 04:00,BUSAN,20FT,0,0,0,0,2,2,0,0
CARRIER_F,2025-07-01 05:00,BUSAN,20FT,0,0,0,0,2,2,0,0
CARRIER_F,2025-07-01 06:00,BUSAN,20FT,0,0,0,0,2,2,0,0
CARRIER_F,2025-07-01 07:00,BUSAN,20FT,1,0,0,0,1,1,0,0
CARRIER_F,2025-07-01 08:00,BUSAN,20FT,0,0,0,0,1,1,0,0
CARRIER_F,2025-07-01 09:00,BUSAN,20FT,0,0,0,0,1,1,0,0
CARRIER_F,2025-07-01 10:00,BUSAN,20FT,1,1,0,0,1,1,0,0
CARRIER_F,2025-07-01 11:00,BUSAN,20FT,0,0,0,0,1,1,0,0
CARRIER_F,2025-07-01 12:00,BUSAN,20FT,1,0,0,0,0,0,0,0
CARRIER_F,2025-07-01 13:00,BUSAN,20FT,0,0,0,0,0,0,0,0
CARRIER_F,2025-07-01 14:00,BUSAN,20FT,0,0,0,0,0,0,0,0
CARRIER_F,2025-07-01 15:00,BUSAN,20FT,0,0,0,0,0,0,0,0
CARRIER_F,2025-07-01 16:00,BUSAN,20FT,0,0,0,0,0,0,0,0
CARRIER_F,2025-07-01 17:00,BUSAN,20FT,1,0,0,0,0,0,1,1
CARRIER_F,2025-07-01 18:00,BUSAN,20FT,0,0,0,0,0,0,0,0
CARRIER_F,2025-07-01 19:00,BUSAN,20FT,0,0,0,0,0,0,0,0
CARRIER_F,2025-07-01 20:00,BUSAN,20FT,0,0,0,0,0,0,0,0
CARRIER_F,2025-07-01 21:00,BUSAN,20FT,0,0,0,0,0,0,0,0
CARRIER_F,2025-07-01 22:00,BUSAN,20FT,0,0,0,0,0,0,0,0
CARRIER_F,2025-07-01 23:00,BUSAN,20FT,0,0,0,0,0,0,0,0
CARRIER_F,2025-07-02 00:00,BUSAN,20FT,0,0,0,0,0,0,0,0
CARRIER_F,2025-07-02 01:00,BUSAN,20FT,0,0,0,0,0,0,0,0
CARRIER_F,2025-07-02 02:00,BUSAN,20FT,0,0,0,0,0,0,0,0
CARRIER_F,2025-07-02 03:00,BUSAN,20FT,0,0,0,0,0,0,0,0
CARRIER_F,2025-07-02 04:00,BUSAN,20FT,0,0,0,0,0,0,0,0
CARRIER_F,2025-07-02 05:00,BUSAN,20FT,0,0,0,0,0,0,0,0
CARRIER_F,2025-07-02 06:00,BUSAN,20FT,0,0,0,0,0,0,0,0
CARRIER_F,2025-07-02 07:00,BUSAN,20FT,0,0,0,0,0,0,0,0
CARRIER_F,2025-07-02 08:00,BUSAN,20FT,0,0,0,0,0,0,0,0
CARRIER_F,2025-07-02 09:00,BUSAN,20FT,0,0,9,0,0,9,0,0
CARRIER_F,2025-07-02 10:00,BUSAN,20FT,0,0,0,0,0,9,0,0
CARRIER_F,2025-07-02 11:00,BUSAN,20FT,0,0,0,0,0,9,0,0
CARRIER_F,2025-07-02 12:00,BUSAN,20FT,0,0,0,0,0,9,0,0
CARRIER_F,2025-07-02 13:00,BUSAN,20FT,0,0,0,0,0,9,0,0
CARRIER_F,2025-07-02 14:00,BUSAN,20FT,0,0,0,0,0,9,0,0
CARRIER_F,2025-07-02 15:00,BUSAN,20FT,0,0,0,0,0,9,0,0
CARRIER_F,2025-07-02 16:00,BUSAN,20FT,0,0,0,0,0,9,0,0
CARRIER_F,2025-07-02 17:00,BUSAN,20FT,0,0,0,0,0,9,0,0
CARRIER_F,2025-07-02 18:00,BUSAN,20FT,0,0,0,0,0,9,0,0
CARRIER_F,2025-07-02 19:00,BUSAN,20FT,0,0,0,0,0,9,0,0
CARRIER_F,2025-07-02 20:00,BUSAN,20FT,0,0,0,0,0,9,0,0
CARRIER_F,2025-07-02 21:00,BUSAN,20FT,0,0,0,0,0,9,0,0
CARRIER_F,2025-07-02 22:00,BUSAN,20FT,0,0,0,0,0,9,0,0
CARRIER_F,2025-07-02 23:00,BUSAN,20FT,0,0,0,0,0,9,0,0
CARRIER_F,2025-07-03 00:00,BUSAN,20FT,0,0,0,0,0,9,0,0
CARRIER_F,2025-07-03 01:00,BUSAN,20FT,0,0,0,0,0,9,0,0
CARRIER_F,2025-07-03 02:00,BUSAN,20FT,0,0,0,0,0,9,0,0
CARRIER_F,2025-07-03 03:00,BUSAN,20FT,0,0,0,0,0,9,0,0
CARRIER_F,2025-07-03 04:00,BUSAN,20FT,0,0,0,0,0,9,0,0
CARRIER_F,2025-07-03 05:00,BUSAN,20FT,0,0,0,0,0,9,0,0
CARRIER_F,2025-07-03 06:00,BUSAN,20FT,0,0,0,0,0,9,0,0
CARRIER_F,2025-07-03 07:00,BUSAN,20FT,1,0,0,0,0,8,1,0
CARRIER_F,2025-07-03 08:00,BUSAN,20FT,0,0,0,0,0,8,0,0
CARRIER_F,2025-07-03 09:00,BUSAN,20FT,0,0,0,0,0,8,0,0
CARRIER_F,2025-07-03 10:00,BUSAN,20FT,0,0,0,0,0,8,0,0
CARRIER_F,2025-07-03 11:00,BUSAN,20FT,0,0,0,0,0,8,0,0
CARRIER_F,2025-07-03 12:00,BUSAN,20FT,0,0,0,0,0,8,0,0
CARRIER_F,2025-07-03 13:00,BUSAN,20FT,0,0,0,0,0,8,0,0
CARRIER_F,2025-07-03 14:00,BUSAN,20FT,2,0,0,0,0,6,2,0
CARRIER_F,2025-07-03 15:00,BUSAN,20FT,1,0,0,0,0,5,1,0
CARRIER_F,2025-07-03 16:00,BUSAN,20FT,0,0,0,0,0,5,0,0
CARRIER_F,2025-07-03 17:00,BUSAN,20FT,0,0,0,0,0,5,0,0
CARRIER_F,2025-07-03 18:00,BUSAN,20FT,0,0,0,0,0,5,0,0
CARRIER_F,2025-07-03 19:00,BUSAN,20FT,1,0,0,0,0,4,1,0
CARRIER_F,2025-07-03 20:00,BUSAN,20FT,0,0,0,0,0,4,0,0
CARRIER_F,2025-07-03 21:00,BUSAN,20FT,0,0,0,0,0,4,0,0
CARRIER_F,2025-07-03 22:00,BUSAN,20FT,0,0,0,0,0,4,0,0
CARRIER_F,2025-07-03 23:00,BUSAN,20FT,0,0,0,0,0,4,0,0
CARRIER_F,2025-07-04 00:00,BUSAN,20FT,0,0,0,0,0,4,0,0
CARRIER_F,2025-07-04 01:00,BUSAN,20FT,0,0,0,0,0,4,0,0
CARRIER_F,2025-07-04 02:00,BUSAN,20FT,0,0,0,0,0,4,0,0
CARRIER_F,2025-07-04 03:00,BUSAN,20FT,0,0,0,0,0,4,0,0
CARRIER_F,2025-07-04 04:00,BUSAN,20FT,0,0,0,0,0,4,0,0
CARRIER_F,2025-07-04 05:00,BUSAN,20FT,0,0,0,0,0,4,0,0
CARRIER_F,2025-07-04 06:00,BUSAN,20FT,0,0,0,0,0,4,0,0
CARRIER_F,2025-07-04 07:00,BUSAN,20FT,0,0,0,0,0,4,0,0
CARRIER_F,2025-07-04 08:00,BUSAN,20FT,1,0,0,0,0,3,1,0
CARRIER_F,2025-07-04 09:00,BUSAN,20FT,0,1,0,0,1,4,0,0
CARRIER_F,2025-07-04 10:00,BUSAN,20FT,0,1,0,0,2,5,0,0
CARRIER_F,2025-07-04 11:00,BUSAN,20FT,0,0,0,0,2,5,0,0
CARRIER_F,2025-07-04 12:00,BUSAN,20FT,2,0,0,0,0,3,0,0
CARRIER_F,2025-07-04 13:00,BUSAN,20FT,1,0,0,0,0,2,1,0
CARRIER_F,2025-07-04 14:00,BUSAN,20FT,0,0,0,0,0,2,0,0
CARRIER_F,2025-07-04 15:00,BUSAN,20FT,2,0,0,0,0,0,2,0
CARRIER_F,2025-07-04 16:00,BUSAN,20FT,0,0,0,0,0,0,0,0
CARRIER_F,2025-07-04 17:00,BUSAN,20FT,0,1,0,0,1,1,0,0
CARRIER_F,2025-07-04 18:00,BUSAN,20FT,0,0,0,0,1,1,0,0
CARRIER_F,2025-07-04 19:00,BUSAN,20FT,0,0,0,0,1,1,0,0
CARRIER_F,2025-07-04 20:00,BUSAN,20FT,0,0,0,0,1,1,0,0
CARRIER_F,2025-07-04 21:00,BUSAN,20FT,0,0,0,0,1,1,0,0
CARRIER_F,2025-07-04 22:00,BUSAN,20FT,0,0,0,0,1,1,0,0
CARRIER_F,2025-07-04 23:00,BUSAN,20FT,0,0,0,0,1,1,0,0
CARRIER_F,2025-07-05 00:00,BUSAN,20FT,0,0,0,0,1,1,0,0
CARRIER_F,2025-07-05 01:00,BUSAN,20FT,0,0,0,0,1,1,0,0
CARRIER_F,2025-07-05 02:00,BUSAN,20FT,0,0,0,0,1,1,0,0
CARRIER_F,2025-07-05 03:00,BUSAN,20FT,0,0,0,0,1,1,0,0
CARRIER_F,2025-07-05 04:00,BUSAN,20FT,0,0,0,0,1,1,0,0
CARRIER_F,2025-07-05 05:00,BUSAN,20FT,0,0,0,0,1,1,0,0
CARRIER_F,2025-07-05 06:00,BUSAN,20FT,0,0,0,0,1,1,0,0
CARRIER_F,2025-07-05 07:00,BUSAN,20FT,0,0,0,0,1,1,0,0
CARRIER_F,2025-07-05 08:00,BUSAN,20FT,0,0,0,0,1,1,0,0
CARRIER_F,2025-07-05 09:00,BUSAN,20FT,0,0,4,0,1,5,0,0
CARRIER_F,2025-07-05 10:00,BUSAN,20FT,0,0,0,0,1,5,0,0
CARRIER_F,2025-07-05 11:00,BUSAN,20FT,0,0,0,0,1,5,0,0
CARRIER_F,2025-07-05 12:00,BUSAN,20FT,0,0,0,0,1,5,0,0
CARRIER_F,2025-07-05 13:00,BUSAN,20FT,1,0,0,0,0,4,0,0
CARRIER_F,2025-07-05 14:00,BUSAN,20FT,0,0,0,0,0,4,0,0
CARRIER_F,2025-07-05 15:00,BUSAN,20FT,0,0,0,0,0,4,0,0
CARRIER_F,2025-07-05 16:00,BUSAN,20FT,0,0,0,0,0,4,0,0
CARRIER_F,2025-07-05 17:00,BUSAN,20FT,0,0,0,0,0,4,0,0
CARRIER_F,2025-07-05 18:00,BUSAN,20FT,0,0,0,0,0,4,0,0
CARRIER_F,2025-07-05 19:00,BUSAN,20FT,0,0,0,0,0,4,0,0
CARRIER_F,2025-07-05 20:00,BUSAN,20FT,0,0,0,0,0,4,0,0
CARRIER_F,2025-07-05 21:00,BUSAN,20FT,0,0,0,0,0,4,0,0
CARRIER_F,2025-07-05 22:00,BUSAN,20FT,0,0,0,0,0,4,0,0
CARRIER_F,2025-07-05 23:00,BUSAN,20FT,0,0,0,0,0,4,0,0
CARRIER_F,2025-07-06 00:00,BUSAN,20FT,0,0,0,0,0,4,0,0
CARRIER_F,2025-07-06 01:00,BUSAN,20FT,0,0,0,0,0,4,0,0
CARRIER_F,2025-07-06 02:00,BUSAN,20FT,0,0,0,0,0,4,0,0
CARRIER_F,2025-07-06 03:00,BUSAN,20FT,0,0,0,0,0,4,0,0
CARRIER_F,2025-07-06 04:00,BUSAN,20FT,0,0,0,0,0,4,0,0
CARRIER_F,2025-07-06 05:00,BUSAN,20FT,0,0,0,0,0,4,0,0
CARRIER_F,2025-07-06 06:00,BUSAN,20FT,0,0,0,0,0,4,0,0
CARRIER_F,2025-07-06 07:00,BUSAN,20FT,0,0,0,0,0,4,0,0
CARRIER_F,2025-07-06 08:00,BUSAN,20FT,0,0,0,0,0,4,0,0
CARRIER_F,2025-07-06 09:00,BUSAN,20FT,0,0,0,0,0,4,0,0
CARRIER_F,2025-07-06 10:00,BUSAN,20FT,0,0,0,0,0,4,0,0
CARRIER_F,2025-07-06 11:00,BUSAN,20FT,0,0,0,0,0,4,0,0
CARRIER_F,2025-07-06 12:00,BUSAN,20FT,1,0,0,0,0,3,1,0
CARRIER_F,2025-07-06 13:00,BUSAN,20FT,0,1,0,0,1,4,0,0
CARRIER_F,2025-07-06 14:00,BUSAN,20FT,1,0,0,0,0,3,0,0
CARRIER_F,2025-07-06 15:00,BUSAN,20FT,0,0,0,0,0,3,0,0
CARRIER_F,2025-07-06 16:00,BUSAN,20FT,1,0,0,0,0,2,1,0
CARRIER_F,2025-07-06 17:00,BUSAN,20FT,1,0,0,0,0,1,1,0
CARRIER_F,2025-07-06 18:00,BUSAN,20FT,0,0,0,0,0,1,0,0
CARRIER_F,2025-07-06 19:00,BUSAN,20FT,0,0,0,0,0,1,0,0
CARRIER_F,2025-07-06 20:00,BUSAN,20FT,0,0,0,0,0,1,0,0
CARRIER_F,2025-07-06 21:00,BUSAN,20FT,0,0,0,0,0,1,0,0
CARRIER_F,2025-07-06 22:00,BUSAN,20FT,0,0,0,0,0,1,0,0
CARRIER_F,2025-07-06 23:00,BUSAN,20FT,0,0,0,0,0,1,0,0
CARRIER_F,2025-07-07 00:00,BUSAN,20FT,0,0,0,0,0,1,0,0
CARRIER_F,2025-07-07 01:00,BUSAN,20FT,0,0,0,0,0,1,0,0
CARRIER_F,2025-07-07 02:00,BUSAN,20FT,0,0,0,0,0,1,0,0
CARRIER_F,2025-07-07 03:00,BUSAN,20FT,0,0,0,0,0,1,0,0
CARRIER_F,2025-07-07 04:00,BUSAN,20FT,0,0,0,0,0,1,0,0
CARRIER_F,2025-07-07 05:00,BUSAN,20FT,0,0,0,0,0,1,0,0
CARRIER_F,2025-07-07 06:00,BUSAN,20FT,0,0,0,0,0,1,0,0
CARRIER_F,2025-07-07 07:00,BUSAN,20FT,0,0,0,0,0,1,0,0
CARRIER_F,2025-07-07 08:00,BUSAN,20FT,0,0,0,0,0,1,0,0
CARRIER_F,2025-07-07 09:00,BUSAN,20FT,0,0,0,0,0,1,0,0
CARRIER_F,2025-07-07 10:00,BUSAN,20FT,0,0,0,0,0,1,0,0
CARRIER_F,2025-07-07 11:00,BUSAN,20FT,0,0,0,0,0,1,0,0
CARRIER_F,2025-07-07 12:00,BUSAN,20FT,0,0,0,0,0,1,0,0
CARRIER_F,2025-07-07 13:00,BUSAN,20FT,1,0,0,0,0,0,1,0
CARRIER_F,2025-07-07 14:00,BUSAN,20FT,0,0,0,0,0,0,0,0
CARRIER_F,2025-07-07 15:00,BUSAN,20FT,0,0,0,0,0,0,0,0
CARRIER_F,2025-07-07 16:00,BUSAN,20FT,0,0,0,0,0,0,0,0
CARRIER_F,2025-07-07 17:00,BUSAN,20FT,0,0,0,0,0,0,0,0
CARRIER_F,2025-07-07 18:00,BUSAN,20FT,0,0,0,0,0,0,0,0
CARRIER_F,2025-07-07 19:00,BUSAN,20FT,0,0,0,0,0,0,0,0
CARRIER_F,2025-07-07 20:00,BUSAN,20FT,0,0,0,0,0,0,0,0
CARRIER_F,2025-07-07 21:00,BUSAN,20FT,0,0,0,0,0,0,0,0
CARRIER_F,2025-07-07 22:00,BUSAN,20FT,0,0,0,0,0,0,0,0
CARRIER_F,2025-07-07 23:00,BUSAN,20FT,0,0,0,0,0,0,0,0
CARRIER_F,2025-07-01 00:00,BUSAN,40FT,0,0,0,0,0,0,0,0
CARRIER_F,2025-07-01 01:00,BUSAN,40FT,0,0,0,0,0,0,0,0
CARRIER_F,2025-07-01 02:00,BUSAN,40FT,0,0,0,0,0,0,0,0
CARRIER_F,2025-07-01 03:00,BUSAN,40FT,0,0,0,0,0,0,0,0
CARRIER_F,2025-07-01 04:00,BUSAN,40FT,0,0,0,0,0,0,0,0
CARRIER_F,2025-07-01 05:00,BUSAN,40FT,0,0,0,0,0,0,0,0
CARRIER_F,2025-07-01 06:00,BUSAN,40FT,0,0,0,0,0,0,0,0
CARRIER_F,2025-07-01 07:00,BUSAN,40FT,0,0,0,0,0,0,0,0
CARRIER_F,2025-07-01 08:00,BUSAN,40FT,0,0,0,0,0,0,0,0
CARRIER_F,2025-07-01 09:00,BUSAN,40FT,0,0,0,0,0,0,0,0
CARRIER_F,2025-07-01 10:00,BUSAN,40FT,0,0,0,0,0,0,0,0
CARRIER_F,2025-07-01 11:00,BUSAN,40FT,0,0,0,0,0,0,0,0
CARRIER_F,2025-07-01 12:00,BUSAN,40FT,0,0,0,0,0,0,0,0
CARRIER_F,2025-07-01 13:00,BUSAN,40FT,0,0,0,0,0,0,0,0
CARRIER_F,2025-07-01 14:00,BUSAN,40FT,0,0,0,0,0,0,0,0
CARRIER_F,2025-07-01 15:00,BUSAN,40FT,0,0,0,0,0,0,0,0
CARRIER_F,2025-07-01 16:00,BUSAN,40FT,0,0,0,0,0,0,0,0
CARRIER_F,2025-07-01 17:00,BUSAN,40FT,0,0,0,0,0,0,0,0
CARRIER_F,2025-07-01 18:00,BUSAN,40FT,0,0,0,0,0,0,0,0
CARRIER_F,2025-07-01 19:00,BUSAN,40FT,0,0,0,0,0,0,0,0
CARRIER_F,2025-07-01 20:00,BUSAN,40FT,0,0,0,0,0,0,0,0
CARRIER_F,2025-07-01 21:00,BUSAN,40FT,0,0,0,0,0,0,0,0
CARRIER_F,2025-07-01 22:00,BUSAN,40FT,0,0,0,0,0,0,0,0
CARRIER_F,2025-07-01 23:00,BUSAN,40FT,0,0,0,0,0,0,0,0
CARRIER_F,2025-07-02 00:00,BUSAN,40FT,0,0,0,0,0,0,0,0
CARRIER_F,2025-07-02 01:00,BUSAN,40FT,0,0,0,0,0,0,0,0
CARRIER_F,2025-07-02 02:00,BUSAN,40FT,0,0,0,0,0,0,0,0
CARRIER_F,2025-07-02 03:00,BUSAN,40FT,0,0,0,0,0,0,0,0
CARRIER_F,2025-07-02 04:00,BUSAN,40FT,0,0,0,0,0,0,0,0
CARRIER_F,2025-07-02 05:00,BUSAN,40FT,0,0,0,0,0,0,0,0
CARRIER_F,2025-07-02 06:00,BUSAN,40FT,0,0,0,0,0,0,0,0
CARRIER_F,2025-07-02 07:00,BUSAN,40FT,0,0,0,0,0,0,0,0
CARRIER_F,2025-07-02 08:00,BUSAN,40FT,0,0,0,0,0,0,0,0
CARRIER_F,2025-07-02 09:00,BUSAN,40FT,0,0,0,0,0,0,0,0
CARRIER_F,2025-07-02 10:00,BUSAN,40FT,0,0,0,0,0,0,0,0
CARRIER_F,2025-07-02 11:00,BUSAN,40FT,0,0,0,0,0,0,0,0
CARRIER_F,2025-07-02 12:00,BUSAN,40FT,0,0,0,0,0,0,0,0
CARRIER_F,2025-07-02 13:00,BUSAN,40FT,0,0,0,0,0,0,0,0
CARRIER_F,2025-07-02 14:00,BUSAN,40FT,0,0,0,0,0,0,0,0
CARRIER_F,2025-07-02 15:00,BUSAN,40FT,0,0,0,0,0,0,0,0
CARRIER_F,2025-07-02 16:00,BUSAN,40FT,0,0,0,0,0,0,0,0
CARRIER_F,2025-07-02 17:00,BUSAN,40FT,0,0,0,0,0,0,0,0
CARRIER_F,2025-07-02 18:00,BUSAN,40FT,0,0,0,0,0,0,0,0
CARRIER_F,2025-07-02 19:00,BUSAN,40FT,0,0,0,0,0,0,0,0
CARRIER_F,2025-07-02 20:00,BUSAN,40FT,0,0,0,0,0,0,0,0
CARRIER_F,2025-07-02 21:00,BUSAN,40FT,0,0,0,0,0,0,0,0
CARRIER_F,2025-07-02 22:00,BUSAN,40FT,0,0,0,0,0,0,0,0
CARRIER_F,2025-07-02 23:00,BUSAN,40FT,0,0,0,0,0,0,0,0
CARRIER_F,2025-07-03 00:00,BUSAN,40FT,0,0,0,0,0,0,0,0
CARRIER_F,2025-07-03 01:00,BUSAN,40FT,0,0,0,0,0,0,0,0
CARRIER_F,2025-07-03 02:00,BUSAN,40FT,0,0,0,0,0,0,0,0
CARRIER_F,2025-07-03 03:00,BUSAN,40FT,0,0,0,0,0,0,0,0
CARRIER_F,2025-07-03 04:00,BUSAN,40FT,0,0,0,0,0,0,0,0
CARRIER_F,2025-07-03 05:00,BUSAN,40FT,0,0,0,0,0,0,0,0
CARRIER_F,2025-07-03 06:00,BUSAN,40FT,0,0,0,0,0,0,0,0
CARRIER_F,2025-07-03 07:00,BUSAN,40FT,0,0,0,0,0,0,0,0
CARRIER_F,2025-07-03 08:00,BUSAN,40FT,0,0,0,0,0,0,0,0
CARRIER_F,2025-07-03 09:00,BUSAN,40FT,0,0,0,0,0,0,0,0
CARRIER_F,2025-07-03 10:00,BUSAN,40FT,0,0,0,0,0,0,0,0
CARRIER_F,2025-07-03 11:00,BUSAN,40FT,0,0,0,0,0,0,0,0
CARRIER_F,2025-07-03 12:00,BUSAN,40FT,0,0,0,0,0,0,0,0
CARRIER_F,2025-07-03 13:00,BUSAN,40FT,0,0,0,0,0,0,0,0
CARRIER_F,2025-07-03 14:00,BUSAN,40FT,0,0,0,0,0,0,0,0
CARRIER_F,2025-07-03 15:00,BUSAN,40FT,0,0,0,0,0,0,0,0
CARRIER_F,2025-07-03 16:00,BUSAN,40FT,0,0,0,0,0,0,0,0
CARRIER_F,2025-07-03 17:00,BUSAN,40FT,0,0,0,0,0,0,0,0
CARRIER_F,2025-07-03 18:00,BUSAN,40FT,0,0,0,0,0,0,0,0
CARRIER_F,2025-07-03 19:00,BUSAN,40FT,0,0,0,0,0,0,0,0
CARRIER_F,2025-07-03 20:00,BUSAN,40FT,0,0,0,0,0,0,0,0
CARRIER_F,2025-07-03 21:00,BUSAN,40FT,0,0,0,0,0,0,0,0
CARRIER_F,2025-07-03 22:00,BUSAN,40FT,0,0,0,0,0,0,0,0
CARRIER_F,2025-07-03 23:00,BUSAN,40FT,0,0,0,0,0,0,0,0
CARRIER_F,2025-07-04 00:00,BUSAN,40FT,0,0,0,0,0,0,0,0
CARRIER_F,2025-07-04 01:00,BUSAN,40FT,0,0,0,0,0,0,0,0
CARRIER_F,2025-07-04 02:00,BUSAN,40FT,0,0,0,0,0,0,0,0
CARRIER_F,2025-07-04 03:00,BUSAN,40FT,0,0,0,0,0,0,0,0
CARRIER_F,2025-07-04 04:00,BUSAN,40FT,0,0,0,0,0,0,0,0
CARRIER_F,2025-07-04 05:00,BUSAN,40FT,0,0,0,0,0,0,0,0
CARRIER_F,2025-07-04 06:00,BUSAN,40FT,0,0,0,0,0,0,0,0
CARRIER_F,2025-07-04 07:00,BUSAN,40FT,0,0,0,0,0,0,0,0
CARRIER_F,2025-07-04 08:00,BUSAN,40FT,0,0,0,0,0,0,0,0
CARRIER_F,2025-07-04 09:00,BUSAN,40FT,0,0,0,0,0,0,0,0
CARRIER_F,2025-07-04 10:00,BUSAN,40FT,0,0,0,0,0,0,0,0
CARRIER_F,2025-07-04 11:00,BUSAN,40FT,0,0,0,0,0,0,0,0
CARRIER_F,2025-07-04 12:00,BUSAN,40FT,0,0,0,0,0,0,0,0
CARRIER_F,2025-07-04 13:00,BUSAN,40FT,0,0,0,0,0,0,0,0
CARRIER_F,2025-07-04 14:00,BUSAN,40FT,0,0,0,0,0,0,0,0
CARRIER_F,2025-07-04 15:00,BUSAN,40FT,0,0,0,0,0,0,0,0
CARRIER_F,2025-07-04 16:00,BUSAN,40FT,0,0,0,0,0,0,0,0
CARRIER_F,2025-07-04 17:00,BUSAN,40FT,0,0,0,0,0,0,0,0
CARRIER_F,2025-07-04 18:00,BUSAN,40FT,0,0,0,0,0,0,0,0
CARRIER_F,2025-07-04 19:00,BUSAN,40FT,0,0,0,0,0,0,0,0
CARRIER_F,2025-07-04 20:00,BUSAN,40FT,0,0,0,0,0,0,0,0
CARRIER_F,2025-07-04 21:00,BUSAN,40FT,0,0,0,0,0,0,0,0
CARRIER_F,2025-07-04 22:00,BUSAN,40FT,0,0,0,0,0,0,0,0
CARRIER_F,2025-07-04 23:00,BUSAN,40FT,0,0,0,0,0,0,0,0
CARRIER_F,2025-07-05 00:00,BUSAN,40FT,0,0,0,0,0,0,0,0
CARRIER_F,2025-07-05 01:00,BUSAN,40FT,0,0,0,0,0,0,0,0
CARRIER_F,2025-07-05 02:00,BUSAN,40FT,0,0,0,0,0,0,0,0
CARRIER_F,2025-07-05 03:00,BUSAN,40FT,0,0,0,0,0,0,0,0
CARRIER_F,2025-07-05 04:00,BUSAN,40FT,0,0,0,0,0,0,0,0
CARRIER_F,2025-07-05 05:00,BUSAN,40FT,0,0,0,0,0,0,0,0
CARRIER_F,2025-07-05 06:00,BUSAN,40FT,0,0,0,0,0,0,0,0
CARRIER_F,2025-07-05 07:00,BUSAN,40FT,0,0,0,0,0,0,0,0
CARRIER_F,2025-07-05 08:00,BUSAN,40FT,0,0,0,0,0,0,0,0
CARRIER_F,2025-07-05 09:00,BUSAN,40FT,0,0,0,0,0,0,0,0
CARRIER_F,2025-07-05 10:00,BUSAN,40FT,0,0,0,0,0,0,0,0
CARRIER_F,2025-07-05 11:00,BUSAN,40FT,0,0,0,0,0,0,0,0
CARRIER_F,2025-07-05 12:00,BUSAN,40FT,0,0,0,0,0,0,0,0
CARRIER_F,2025-07-05 13:00,BUSAN,40FT,0,0,0,0,0,0,0,0
CARRIER_F,2025-07-05 14:00,BUSAN,40FT,0,0,0,0,0,0,0,0
CARRIER_F,2025-07-05 15:00,BUSAN,40FT,0,0,0,0,0,0,0,0
CARRIER_F,2025-07-05 16:00,BUSAN,40FT,0,0,0,0,0,0,0,0
CARRIER_F,2025-07-05 17:00,BUSAN,40FT,0,0,0,0,0,0,0,0
CARRIER_F,2025-07-05 18:00,BUSAN,40FT,0,0,0,0,0,0,0,0
CARRIER_F,2025-07-05 19:00,BUSAN,40FT,0,0,0,0,0,0,0,0
CARRIER_F,2025-07-05 20:00,BUSAN,40FT,0,0,0,0,0,0,0,0
CARRIER_F,2025-07-05 21:00,BUSAN,40FT,0,0,0,0,0,0,0,0
CARRIER_F,2025-07-05 22:00,BUSAN,40FT,0,0,0,0,0,0,0,0
CARRIER_F,2025-07-05 23:00,BUSAN,40FT,0,0,0,0,0,0,0,0
CARRIER_F,2025-07-06 00:00,BUSAN,40FT,0,0,0,0,0,0,0,0
CARRIER_F,2025-07-06 01:00,BUSAN,40FT,0,0,0,0,0,0,0,0
CARRIER_F,2025-07-06 02:00,BUSAN,40FT,0,0,0,0,0,0,0,0
CARRIER_F,2025-07-06 03:00,BUSAN,40FT,0,0,0,0,0,0,0,0
CARRIER_F,2025-07-06 04:00,BUSAN,40FT,0,0,0,0,0,0,0,0
CARRIER_F,2025-07-06 05:00,BUSAN,40FT,0,0,0,0,0,0,0,0
CARRIER_F,2025-07-06 06:00,BUSAN,40FT,0,0,0,0,0,0,0,0
CARRIER_F,2025-07-06 07:00,BUSAN,40FT,0,0,0,0,0,0,0,0
CARRIER_F,2025-07-06 08:00,BUSAN,40FT,0,0,0,0,0,0,0,0
CARRIER_F,2025-07-06 09:00,BUSAN,40FT,0,0,0,0,0,0,0,0
CARRIER_F,2025-07-06 10:00,BUSAN,40FT,0,0,0,0,0,0,0,0
CARRIER_F,2025-07-06 11:00,BUSAN,40FT,0,0,0,0,0,0,0,0
CARRIER_F,2025-07-06 12:00,BUSAN,40FT,0,0,0,0,0,0,0,0
CARRIER_F,2025-07-06 13:00,BUSAN,40FT,0,0,0,0,0,0,0,0
CARRIER_F,2025-07-06 14:00,BUSAN,40FT,0,0,0,0,0,0,0,0
CARRIER_F,2025-07-06 15:00,BUSAN,40FT,0,0,0,0,0,0,0,0
CARRIER_F,2025-07-06 16:00,BUSAN,40FT,0,0,0,0,0,0,0,0
CARRIER_F,2025-07-06 17:00,BUSAN,40FT,0,0,0,0,0,0,0,0
CARRIER_F,2025-07-06 18:00,BUSAN,40FT,0,0,0,0,0,0,0,0
CARRIER_F,2025-07-06 19:00,BUSAN,40FT,0,0,0,0,0,0,0,0
CARRIER_F,2025-07-06 20:00,BUSAN,40FT,0,0,0,0,0,0,0,0
CARRIER_F,2025-07-06 21:00,BUSAN,40FT,0,0,0,0,0,0,0,0
CARRIER_F,2025-07-06 22:00,BUSAN,40FT,0,0,0,0,0,0,0,0
CARRIER_F,2025-07-06 23:00,BUSAN,40FT,0,0,0,0,0,0,0,0
CARRIER_F,2025-07-07 00:00,BUSAN,40FT,0,0,0,0,0,0,0,0
CARRIER_F,2025-07-07 01:00,BUSAN,40FT,0,0,0,0,0,0,0,0
CARRIER_F,2025-07-07 02:00,BUSAN,40FT,0,0,0,0,0,0,0,0
CARRIER_F,2025-07-07 03:00,BUSAN,40FT,0,0,0,0,0,0,0,0
CARRIER_F,2025-07-07 04:00,BUSAN,40FT,0,0,0,0,0,0,0,0
CARRIER_F,2025-07-07 05:00,BUSAN,40FT,0,0,0,0,0,0,0,0
CARRIER_F,2025-07-07 06:00,BUSAN,40FT,0,0,0,0,0,0,0,0
CARRIER_F,2025-07-07 07:00,BUSAN,40FT,0,0,0,0,0,0,0,0
CARRIER_F,2025-07-07 08:00,BUSAN,40FT,0,0,0,0,0,0,0,0
CARRIER_F,2025-07-07 09:00,BUSAN,40FT,0,0,0,0,0,0,0,0
CARRIER_F,2025-07-07 10:00,BUSAN,40FT,0,0,0,0,0,0,0,0
CARRIER_F,2025-07-07 11:00,BUSAN,40FT,0,0,0,0,0,0,0,0
CARRIER_F,2025-07-07 12:00,BUSAN,40FT,0,0,0,0,0,0,0,0
CARRIER_F,2025-07-07 13:00,BUSAN,40FT,0,0,0,0,0,0,0,0
CARRIER_F,2025-07-07 14:00,BUSAN,40FT,0,0,0,0,0,0,0,0
CARRIER_F,2025-07-07 15:00,BUSAN,40FT,0,0,0,0,0,0,0,0
CARRIER_F,2025-07-07 16:00,BUSAN,40FT,0,0,0,0,0,0,0,0
CARRIER_F,2025-07-07 17:00,BUSAN,40FT,0,0,0,0,0,0,0,0
CARRIER_F,2025-07-07 18:00,BUSAN,40FT,0,0,0,0,0,0,0,0
CARRIER_F,2025-07-07 19:00,BUSAN,40FT,0,0,0,0,0,0,0,0
CARRIER_F,2025-07-07 20:00,BUSAN,40FT,0,0,0,0,0,0,0,0
CARRIER_F,2025-07-07 21:00,BUSAN,40FT,0,0,0,0,0,0,0,0
CARRIER_F,2025-07-07 22:00,BUSAN,40FT,0,0,0,0,0,0,0,0
CARRIER_F,2025-07-07 23:00,BUSAN,40FT,0,0,0,0,0,0,0,0
CARRIER_F,2025-07-01 00:00,DONGSAN,20FT,0,0,0,0,8,8,0,0
CARRIER_F,2025-07-01 01:00,DONGSAN,20FT,0,0,0,0,8,8,0,0
CARRIER_F,2025-07-01 02:00,DONGSAN,20FT,0,0,0,0,8,8,0,0
CARRIER_F,2025-07-01 03:00,DONGSAN,20FT,0,0,0,0,8,8,0,0
CARRIER_F,2025-07-01 04:00,DONGSAN,20FT,0,0,0,0,8,8,0,0
CARRIER_F,2025-07-01 05:00,DONGSAN,20FT,0,0,0,0,8,8,0,0
CARRIER_F,2025-07-01 06:00,DONGSAN,20FT,0,0,0,0,8,8,0,0
CARRIER_F,2025-07-01 07:00,DONGSAN,20FT,0,0,0,0,8,8,0,0
CARRIER_F,2025-07-01 08:00,DONGSAN,20FT,0,0,0,0,8,8,0,0
CARRIER_F,2025-07-01 09:00,DONGSAN,20FT,0,1,0,0,9,9,0,0
CARRIER_F,2025-07-01 10:00,DONGSAN,20FT,0,0,0,0,9,9,0,0
CARRIER_F,2025-07-01 11:00,DONGSAN,20FT,0,0,0,0,9,9,0,0
CARRIER_F,2025-07-01 12:00,DONGSAN,20FT,0,0,0,0,9,9,0,0
CARRIER_F,2025-07-01 13:00,DONGSAN,20FT,0,0,0,0,9,9,0,0
CARRIER_F,2025-07-01 14:00,DONGSAN,20FT,0,0,0,0,9,9,0,0
CARRIER_F,2025-07-01 15:00,DONGSAN,20FT,0,1,0,0,10,10,0,0
CARRIER_F,2025-07-01 16:00,DONGSAN,20FT,0,0,0,0,10,10,0,0
CARRIER_F,2025-07-01 17:00,DONGSAN,20FT,0,0,0,0,10,10,0,0
CARRIER_F,2025-07-01 18:00,DONGSAN,20FT,0,0,0,0,10,10,0,0
CARRIER_F,2025-07-01 19:00,DONGSAN,20FT,0,0,0,0,10,10,0,0
CARRIER_F,2025-07-01 20:00,DONGSAN,20FT,0,0,0,0,10,10,0,0
CARRIER_F,2025-07-01 21:00,DONGSAN,20FT,0,0,0,0,10,10,0,0
CARRIER_F,2025-07-01 22:00,DONGSAN,20FT,0,0,0,0,10,10,0,0
CARRIER_F,2025-07-01 23:00,DONGSAN,20FT,0,0,0,0,10,10,0,0
CARRIER_F,2025-07-02 00:00,DONGSAN,20FT,0,0,0,0,10,10,0,0
CARRIER_F,2025-07-02 01:00,DONGSAN,20FT,0,0,0,0,10,10,0,0
CARRIER_F,2025-07-02 02:00,DONGSAN,20FT,0,0,0,0,10,10,0,0
CARRIER_F,2025-07-02 03:00,DONGSAN,20FT,0,0,0,0,10,10,0,0
CARRIER_F,2025-07-02 04:00,DONGSAN,20FT,0,0,0,0,10,10,0,0
CARRIER_F,2025-07-02 05:00,DONGSAN,20FT,0,0,0,0,10,10,0,0
CARRIER_F,2025-07-02 06:00,DONGSAN,20FT,0,0,0,0,10,10,0,0
CARRIER_F,2025-07-02 07:00,DONGSAN,20FT,0,0,0,0,10,10,0,0
CARRIER_F,2025-07-02 08:00,DONGSAN,20FT,0,0,0,0,10,10,0,0
CARRIER_F,2025-07-02 09:00,DONGSAN,20FT,0,0,0,0,10,10,0,0
CARRIER_F,2025-07-02 10:00,DONGSAN,20FT,1,1,0,0,10,10,0,0
CARRIER_F,2025-07-02 11:00,DONGSAN,20FT,0,0,0,0,10,10,0,0
CARRIER_F,2025-07-02 12:00,DONGSAN,20FT,0,0,0,0,10,10,0,0
CARRIER_F,2025-07-02 13:00,DONGSAN,20FT,1,0,0,0,9,9,0,0
CARRIER_F,2025-07-02 14:00,DONGSAN,20FT,0,0,0,0,9,9,0,0
CARRIER_F,2025-07-02 15:00,DONGSAN,20FT,0,0,0,0,9,9,0,0
CARRIER_F,2025-07-02 16:00,DONGSAN,20FT,0,0,0,0,9,9,0,0
CARRIER_F,2025-07-02 17:00,DONGSAN,20FT,0,0,0,0,9,9,0,0
CARRIER_F,2025-07-02 18:00,DONGSAN,20FT,0,0,0,0,9,9,0,0
CARRIER_F,2025-07-02 19:00,DONGSAN,20FT,0,0,0,0,9,9,0,0
CARRIER_F,2025-07-02 20:00,DONGSAN,20FT,0,0,0,0,9,9,0,0
CARRIER_F,2025-07-02 21:00,DONGSAN,20FT,0,0,0,0,9,9,0,0
CARRIER_F,2025-07-02 22:00,DONGSAN,20FT,0,0,0,0,9,9,0,0
CARRIER_F,2025-07-02 23:00,DONGSAN,20FT,0,0,0,0,9,9,0,0
CARRIER_F,2025-07-03 00:00,DONGSAN,20FT,0,0,0,0,9,9,0,0
CARRIER_F,2025-07-03 01:00,DONGSAN,20FT,0,0,0,0,9,9,0,0
CARRIER_F,2025-07-03 02:00,DONGSAN,20FT,0,0,0,0,9,9,0,0
CARRIER_F,2025-07-03 03:00,DONGSAN,20FT,0,0,0,0,9,9,0,0
CARRIER_F,2025-07-03 04:00,DONGSAN,20FT,0,0,0,0,9,9,0,0
CARRIER_F,2025-07-03 05:00,DONGSAN,20FT,0,0,0,0,9,9,0,0
CARRIER_F,2025-07-03 06:00,DONGSAN,20FT,0,0,0,0,9,9,0,0
CARRIER_F,2025-07-03 07:00,DONGSAN,20FT,0,0,0,0,9,9,0,0
CARRIER_F,2025-07-03 08:00,DONGSAN,20FT,1,0,0,0,8,8,0,0
CARRIER_F,2025-07-03 09:00,DONGSAN,20FT,0,0,0,0,8,8,0,0
CARRIER_F,2025-07-03 10:00,DONGSAN,20FT,0,0,0,0,8,8,0,0
CARRIER_F,2025-07-03 11:00,DONGSAN,20FT,0,0,0,0,8,8,0,0
CARRIER_F,2025-07-03 12:00,DONGSAN,20FT,0,0,0,0,8,8,0,0
CARRIER_F,2025-07-03 13:00,DONGSAN,20FT,2,0,0,0,6,6,0,0
CARRIER_F,2025-07-03 14:00,DONGSAN,20FT,0,0,0,0,6,6,0,0
CARRIER_F,2025-07-03 15:00,DONGSAN,20FT,1,0,0,0,5,5,0,0
CARRIER_F,2025-07-03 16:00,DONGSAN,20FT,0,0,0,0,5,5,0,0
CARRIER_F,2025-07-03 17:00,DONGSAN,20FT,0,0,0,0,5,5,0,0
CARRIER_F,2025-07-03 18:00,DONGSAN,20FT,1,0,0,0,4,4,0,0
CARRIER_F,2025-07-03 19:00,DONGSAN,20FT,0,0,0,0,4,4,0,0
CARRIER_F,2025-07-03 20:00,DONGSAN,20FT,0,0,0,0,4,4,0,0
CARRIER_F,2025-07-03 21:00,DONGSAN,20FT,0,0,0,0,4,4,0,0
CARRIER_F,2025-07-03 22:00,DONGSAN,20FT,0,0,0,0,4,4,0,0
CARRIER_F,2025-07-03 23:00,DONGSAN,20FT,0,0,0,0,4,4,0,0
CARRIER_F,2025-07-04 00:00,DONGSAN,20FT,0,0,0,0,4,4,0,0
CARRIER_F,2025-07-04 01:00,DONGSAN,20FT,0,0,0,0,4,4,0,0
CARRIER_F,2025-07-04 02:00,DONGSAN,20FT,0,0,0,0,4,4,0,0
CARRIER_F,2025-07-04 03:00,DONGSAN,20FT,0,0,0,0,4,4,0,0
CARRIER_F,2025-07-04 04:00,DONGSAN,20FT,0,0,1,0,4,5,0,0
CARRIER_F,2025-07-04 05:00,DONGSAN,20FT,0,0,0,0,4,5,0,0
CARRIER_F,2025-07-04 06:00,DONGSAN,20FT,0,0,0,0,4,5,0,0
CARRIER_F,2025-07-04 07:00,DONGSAN,20FT,0,0,0,0,4,5,0,0
CARRIER_F,2025-07-04 08:00,DONGSAN,20FT,0,0,0,0,4,5,0,0
CARRIER_F,2025-07-04 09:00,DONGSAN,20FT,0,0,0,0,4,5,0,0
CARRIER_F,2025-07-04 10:00,DONGSAN,20FT,1,0,0,0,3,4,0,0
CARRIER_F,2025-07-04 11:00,DONGSAN,20FT,0,0,0,0,3,4,0,0
CARRIER_F,2025-07-04 12:00,DONGSAN,20FT,0,0,0,0,3,4,0,0
CARRIER_F,2025-07-04 13:00,DONGSAN,20FT,0,0,0,0,3,4,0,0
CARRIER_F,2025-07-04 14:00,DONGSAN,20FT,0,0,0,0,3,4,0,0
CARRIER_F,2025-07-04 15:00,DONGSAN,20FT,0,0,0,0,3,4,0,0
CARRIER_F,2025-07-04 16:00,DONGSAN,20FT,0,0,0,0,3,4,0,0
CARRIER_F,2025-07-04 17:00,DONGSAN,20FT,0,0,0,0,3,4,0,0
CARRIER_F,2025-07-04 18:00,DONGSAN,20FT,0,0,0,0,3,4,0,0
CARRIER_F,2025-07-04 19:00,DONGSAN,20FT,0,0,0,0,3,4,0,0
CARRIER_F,2025-07-04 20:00,DONGSAN,20FT,0,0,0,0,3,4,0,0
CARRIER_F,2025-07-04 21:00,DONGSAN,20FT,0,0,0,0,3,4,0,0
CARRIER_F,2025-07-04 22:00,DONGSAN,20FT,0,0,0,0,3,4,0,0
CARRIER_F,2025-07-04 23:00,DONGSAN,20FT,0,0,0,0,3,4,0,0
CARRIER_F,2025-07-05 00:00,DONGSAN,20FT,0,0,0,0,3,4,0,0
CARRIER_F,2025-07-05 01:00,DONGSAN,20FT,0,0,0,0,3,4,0,0
CARRIER_F,2025-07-05 02:00,DONGSAN,20FT,0,0,0,0,3,4,0,0
CARRIER_F,2025-07-05 03:00,DONGSAN,20FT,0,0,0,0,3,4,0,0
CARRIER_F,2025-07-05 04:00,DONGSAN,20FT,0,0,0,0,3,4,0,0
CARRIER_F,2025-07-05 05:00,DONGSAN,20FT,0,0,0,0,3,4,0,0
CARRIER_F,2025-07-05 06:00,DONGSAN,20FT,0,0,0,0,3,4,0,0
CARRIER_F,2025-07-05 07:00,DONGSAN,20FT,0,0,0,0,3,4,0,0
CARRIER_F,2025-07-05 08:00,DONGSAN,20FT,0,0,0,0,3,4,0,0
CARRIER_F,2025-07-05 09:00,DONGSAN,20FT,0,0,0,0,3,4,0,0
CARRIER_F,2025-07-05 10:00,DONGSAN,20FT,0,0,0,0,3,4,0,0
CARRIER_F,2025-07-05 11:00,DONGSAN,20FT,1,0,0,0,2,3,0,0
CARRIER_F,2025-07-05 12:00,DONGSAN,20FT,0,0,0,0,2,3,0,0
CARRIER_F,2025-07-05 13:00,DONGSAN,20FT,0,0,0,0,2,3,0,0
CARRIER_F,2025-07-05 14:00,DONGSAN,20FT,0,0,0,0,2,3,0,0
CARRIER_F,2025-07-05 15:00,DONGSAN,20FT,0,0,0,0,2,3,0,0
CARRIER_F,2025-07-05 16:00,DONGSAN,20FT,0,0,0,0,2,3,0,0
CARRIER_F,2025-07-05 17:00,DONGSAN,20FT,0,0,0,0,2,3,0,0
CARRIER_F,2025-07-05 18:00,DONGSAN,20FT,0,0,0,0,2,3,0,0
CARRIER_F,2025-07-05 19:00,DONGSAN,20FT,0,0,0,0,2,3,0,0
CARRIER_F,2025-07-05 20:00,DONGSAN,20FT,0,0,0,0,2,3,0,0
CARRIER_F,2025-07-05 21:00,DONGSAN,20FT,0,0,0,0,2,3,0,0
CARRIER_F,2025-07-05 22:00,DONGSAN,20FT,0,0,0,0,2,3,0,0
CARRIER_F,2025-07-05 23:00,DONGSAN,20FT,0,0,0,0,2,3,0,0
CARRIER_F,2025-07-06 00:00,DONGSAN,20FT,0,0,0,0,2,3,0,0
CARRIER_F,2025-07-06 01:00,DONGSAN,20FT,0,0,0,0,2,3,0,0
CARRIER_F,2025-07-06 02:00,DONGSAN,20FT,0,0,0,0,2,3,0,0
CARRIER_F,2025-07-06 03:00,DONGSAN,20FT,0,0,0,0,2,3,0,0
CARRIER_F,2025-07-06 04:00,DONGSAN,20FT,0,0,0,0,2,3,0,0
CARRIER_F,2025-07-06 05:00,DONGSAN,20FT,0,0,0,0,2,3,0,0
CARRIER_F,2025-07-06 06:00,DONGSAN,20FT,0,0,0,0,2,3,0,0
CARRIER_F,2025-07-06 07:00,DONGSAN,20FT,1,0,0,0,1,2,0,0
CARRIER_F,2025-07-06 08:00,DONGSAN,20FT,0,0,0,0,1,2,0,0
CARRIER_F,2025-07-06 09:00,DONGSAN,20FT,0,0,0,0,1,2,0,0
CARRIER_F,2025-07-06 10:00,DONGSAN,20FT,1,0,0,0,0,1,0,0
CARRIER_F,2025-07-06 11:00,DONGSAN,20FT,0,0,0,0,0,1,0,0
CARRIER_F,2025-07-06 12:00,DONGSAN,20FT,0,0,0,0,0,1,0,0
CARRIER_F,2025-07-06 13:00,DONGSAN,20FT,0,0,0,0,0,1,0,0
CARRIER_F,2025-07-06 14:00,DONGSAN,20FT,0,0,0,0,0,1,0,0
CARRIER_F,2025-07-06 15:00,DONGSAN,20FT,1,0,0,0,0,0,1,0
CARRIER_F,2025-07-06 16:00,DONGSAN,20FT,0,0,0,0,0,0,0,0
CARRIER_F,2025-07-06 17:00,DONGSAN,20FT,0,0,0,0,0,0,0,0
CARRIER_F,2025-07-06 18:00,DONGSAN,20FT,0,0,0,0,0,0,0,0
CARRIER_F,2025-07-06 19:00,DONGSAN,20FT,0,0,0,0,0,0,0,0
CARRIER_F,2025-07-06 20:00,DONGSAN,20FT,0,0,0,0,0,0,0,0
CARRIER_F,2025-07-06 21:00,DONGSAN,20FT,0,0,0,0,0,0,0,0
CARRIER_F,2025-07-06 22:00,DONGSAN,20FT,0,0,0,0,0,0,0,0
CARRIER_F,2025-07-06 23:00,DONGSAN,20FT,0,0,0,0,0,0,0,0
CARRIER_F,2025-07-07 00:00,DONGSAN,20FT,0,0,0,0,0,0,0,0
CARRIER_F,2025-07-07 01:00,DONGSAN,20FT,0,0,0,0,0,0,0,0
CARRIER_F,2025-07-07 02:00,DONGSAN,20FT,0,0,0,0,0,0,0,0
CARRIER_F,2025-07-07 03:00,DONGSAN,20FT,0,0,0,0,0,0,0,0
CARRIER_F,2025-07-07 04:00,DONGSAN,20FT,0,0,0,0,0,0,0,0
CARRIER_F,2025-07-07 05:00,DONGSAN,20FT,0,0,0,0,0,0,0,0
CARRIER_F,2025-07-07 06:00,DONGSAN,20FT,0,0,0,0,0,0,0,0
CARRIER_F,2025-07-07 07:00,DONGSAN,20FT,0,0,0,0,0,0,0,0
CARRIER_F,2025-07-07 08:00,DONGSAN,20FT,0,0,0,0,0,0,0,0
CARRIER_F,2025-07-07 09:00,DONGSAN,20FT,0,0,0,0,0,0,0,0
CARRIER_F,2025-07-07 10:00,DONGSAN,20FT,0,0,0,0,0,0,0,0
CARRIER_F,2025-07-07 11:00,DONGSAN,20FT,0,1,0,0,1,1,0,0
CARRIER_F,2025-07-07 12:00,DONGSAN,20FT,0,0,0,0,1,1,0,0
CARRIER_F,2025-07-07 13:00,DONGSAN,20FT,0,0,0,0,1,1,0,0
CARRIER_F,2025-07-07 14:00,DONGSAN,20FT,0,0,0,0,1,1,0,0
CARRIER_F,2025-07-07 15:00,DONGSAN,20FT,0,0,0,0,1,1,0,0
CARRIER_F,2025-07-07 16:00,DONGSAN,20FT,0,0,0,0,1,1,0,0
CARRIER_F,2025-07-07 17:00,DONGSAN,20FT,0,0,0,0,1,1,0,0
CARRIER_F,2025-07-07 18:00,DONGSAN,20FT,0,0,0,0,1,1,0,0
CARRIER_F,2025-07-07 19:00,DONGSAN,20FT,0,0,0,0,1,1,0,0
CARRIER_F,2025-07-07 20:00,DONGSAN,20FT,0,0,0,0,1,1,0,0
CARRIER_F,2025-07-07 21:00,DONGSAN,20FT,0,0,0,0,1,1,0,0
CARRIER_F,2025-07-07 22:00,DONGSAN,20FT,0,0,0,0,1,1,0,0
CARRIER_F,2025-07-07 23:00,DONGSAN,20FT,0,0,0,0,1,1,0,0
CARRIER_F,2025-07-01 00:00,DONGSAN,40FT,0,0,0,0,1,1,0,0
CARRIER_F,2025-07-01 01:00,DONGSAN,40FT,0,0,0,0,1,1,0,0
CARRIER_F,2025-07-01 02:00,DONGSAN,40FT,0,0,0,0,1,1,0,0
CARRIER_F,2025-07-01 03:00,DONGSAN,40FT,0,0,0,0,1,1,0,0
CARRIER_F,2025-07-01 04:00,DONGSAN,40FT,0,0,0,0,1,1,0,0
CARRIER_F,2025-07-01 05:00,DONGSAN,40FT,0,0,0,0,1,1,0,0
CARRIER_F,2025-07-01 06:00,DONGSAN,40FT,0,0,0,0,1,1,0,0
CARRIER_F,2025-07-01 07:00,DONGSAN,40FT,0,0,0,0,1,1,0,0
CARRIER_F,2025-07-01 08:00,DONGSAN,40FT,1,0,0,0,0,0,0,0
CARRIER_F,2025-07-01 09:00,DONGSAN,40FT,1,0,0,0,0,0,1,1
CARRIER_F,2025-07-01 10:00,DONGSAN,40FT,0,0,0,0,0,0,0,0
CARRIER_F,2025-07-01 11:00,DONGSAN,40FT,0,0,0,0,0,0,0,0
CARRIER_F,2025-07-01 12:00,DONGSAN,40FT,0,0,0,0,0,0,0,0
CARRIER_F,2025-07-01 13:00,DONGSAN,40FT,1,0,0,0,0,0,1,1
CARRIER_F,2025-07-01 14:00,DONGSAN,40FT,0,0,0,0,0,0,0,0
CARRIER_F,2025-07-01 15:00,DONGSAN,40FT,0,0,0,0,0,0,0,0
CARRIER_F,2025-07-01 16:00,DONGSAN,40FT,0,0,0,0,0,0,0,0
CARRIER_F,2025-07-01 17:00,DONGSAN,40FT,0,0,0,0,0,0,0,0
CARRIER_F,2025-07-01 18:00,DONGSAN,40FT,1,0,0,0,0,0,1,1
CARRIER_F,2025-07-01 19:00,DONGSAN,40FT,0,0,0,0,0,0,0,0
CARRIER_F,2025-07-01 20:00,DONGSAN,40FT,0,0,0,0,0,0,0,0
CARRIER_F,2025-07-01 21:00,DONGSAN,40FT,0,0,0,0,0,0,0,0
CARRIER_F,2025-07-01 22:00,DONGSAN,40FT,0,0,0,0,0,0,0,0
CARRIER_F,2025-07-01 23:00,DONGSAN,40FT,0,0,0,0,0,0,0,0
CARRIER_F,2025-07-02 00:00,DONGSAN,40FT,0,0,0,0,0,0,0,0
CARRIER_F,2025-07-02 01:00,DONGSAN,40FT,0,0,0,0,0,0,0,0
CARRIER_F,2025-07-02 02:00,DONGSAN,40FT,0,0,0,0,0,0,0,0
CARRIER_F,2025-07-02 03:00,DONGSAN,40FT,0,0,0,0,0,0,0,0
CARRIER_F,2025-07-02 04:00,DONGSAN,40FT,0,0,0,0,0,0,0,0
CARRIER_F,2025-07-02 05:00,DONGSAN,40FT,0,0,0,0,0,0,0,0
CARRIER_F,2025-07-02 06:00,DONGSAN,40FT,0,0,0,0,0,0,0,0
CARRIER_F,2025-07-02 07:00,DONGSAN,40FT,0,0,0,0,0,0,0,0
CARRIER_F,2025-07-02 08:00,DONGSAN,40FT,0,0,0,0,0,0,0,0
CARRIER_F,2025-07-02 09:00,DONGSAN,40FT,0,0,0,0,0,0,0,0
CARRIER_F,2025-07-02 10:00,DONGSAN,40FT,0,0,0,0,0,0,0,0
CARRIER_F,2025-07-02 11:00,DONGSAN,40FT,0,0,0,0,0,0,0,0
CARRIER_F,2025-07-02 12:00,DONGSAN,40FT,0,1,0,0,1,1,0,0
CARRIER_F,2025-07-02 13:00,DONGSAN,40FT,0,0,0,0,1,1,0,0
CARRIER_F,2025-07-02 14:00,DONGSAN,40FT,0,0,0,0,1,1,0,0
CARRIER_F,2025-07-02 15:00,DONGSAN,40FT,0,0,0,0,1,1,0,0
CARRIER_F,2025-07-02 16:00,DONGSAN,40FT,0,0,0,0,1,1,0,0
CARRIER_F,2025-07-02 17:00,DONGSAN,40FT,0,0,0,0,1,1,0,0
CARRIER_F,2025-07-02 18:00,DONGSAN,40FT,0,1,0,0,2,2,0,0
CARRIER_F,2025-07-02 19:00,DONGSAN,40FT,0,0,0,0,2,2,0,0
CARRIER_F,2025-07-02 20:00,DONGSAN,40FT,0,0,0,0,2,2,0,0
CARRIER_F,2025-07-02 21:00,DONGSAN,40FT,0,0,0,0,2,2,0,0
CARRIER_F,2025-07-02 22:00,DONGSAN,40FT,0,0,0,0,2,2,0,0
CARRIER_F,2025-07-02 23:00,DONGSAN,40FT,0,0,0,0,2,2,0,0
CARRIER_F,2025-07-03 00:00,DONGSAN,40FT,0,0,0,0,2,2,0,0
CARRIER_F,2025-07-03 01:00,DONGSAN,40FT,0,0,0,0,2,2,0,0
CARRIER_F,2025-07-03 02:00,DONGSAN,40FT,0,0,0,0,2,2,0,0
CARRIER_F,2025-07-03 03:00,DONGSAN,40FT,0,0,0,0,2,2,0,0
CARRIER_F,2025-07-03 04:00,DONGSAN,40FT,0,0,0,0,2,2,0,0
CARRIER_F,2025-07-03 05:00,DONGSAN,40FT,0,0,0,0,2,2,0,0
CARRIER_F,2025-07-03 06:00,DONGSAN,40FT,0,0,0,0,2,2,0,0
CARRIER_F,2025-07-03 07:00,DONGSAN,40FT,0,0,0,0,2,2,0,0
CARRIER_F,2025-07-03 08:00,DONGSAN,40FT,0,0,0,0,2,2,0,0
CARRIER_F,2025-07-03 09:00,DONGSAN,40FT,0,0,0,0,2,2,0,0
CARRIER_F,2025-07-03 10:00,DONGSAN,40FT,0,0,0,0,2,2,0,0
CARRIER_F,2025-07-03 11:00,DONGSAN,40FT,0,0,0,0,2,2,0,0
CARRIER_F,2025-07-03 12:00,DONGSAN,40FT,0,0,0,0,2,2,0,0
CARRIER_F,2025-07-03 13:00,DONGSAN,40FT,0,0,0,0,2,2,0,0
CARRIER_F,2025-07-03 14:00,DONGSAN,40FT,0,0,0,0,2,2,0,0
CARRIER_F,2025-07-03 15:00,DONGSAN,40FT,0,0,0,0,2,2,0,0
CARRIER_F,2025-07-03 16:00,DONGSAN,40FT,0,0,0,0,2,2,0,0
CARRIER_F,2025-07-03 17:00,DONGSAN,40FT,0,0,0,0,2,2,0,0
CARRIER_F,2025-07-03 18:00,DONGSAN,40FT,0,0,0,0,2,2,0,0
CARRIER_F,2025-07-03 19:00,DONGSAN,40FT,0,0,0,0,2,2,0,0
CARRIER_F,2025-07-03 20:00,DONGSAN,40FT,0,0,0,0,2,2,0,0
CARRIER_F,2025-07-03 21:00,DONGSAN,40FT,0,0,0,0,2,2,0,0
CARRIER_F,2025-07-03 22:00,DONGSAN,40FT,0,0,0,0,2,2,0,0
CARRIER_F,2025-07-03 23:00,DONGSAN,40FT,0,0,0,0,2,2,0,0
CARRIER_F,2025-07-04 00:00,DONGSAN,40FT,0,0,0,0,2,2,0,0
CARRIER_F,2025-07-04 01:00,DONGSAN,40FT,0,0,0,1,2,1,0,0
CARRIER_F,2025-07-04 02:00,DONGSAN,40FT,0,0,0,0,2,1,0,0
CARRIER_F,2025-07-04 03:00,DONGSAN,40FT,0,0,0,0,2,1,0,0
CARRIER_F,2025-07-04 04:00,DONGSAN,40FT,0,0,0,0,2,1,0,0
CARRIER_F,2025-07-04 05:00,DONGSAN,40FT,0,0,0,0,2,1,0,0
CARRIER_F,2025-07-04 06:00,DONGSAN,40FT,0,0,0,0,2,1,0,0
CARRIER_F,2025-07-04 07:00,DONGSAN,40FT,0,0,0,0,2,1,0,0
CARRIER_F,2025-07-04 08:00,DONGSAN,40FT,0,0,0,0,2,1,0,0
CARRIER_F,2025-07-04 09:00,DONGSAN,40FT,0,0,0,0,2,1,0,0
CARRIER_F,2025-07-04 10:00,DONGSAN,40FT,0,0,0,0,2,1,0,0
CARRIER_F,2025-07-04 11:00,DONGSAN,40FT,0,0,0,0,2,1,0,0
CARRIER_F,2025-07-04 12:00,DONGSAN,40FT,0,0,0,0,2,1,0,0
CARRIER_F,2025-07-04 13:00,DONGSAN,40FT,0,0,0,0,2,1,0,0
CARRIER_F,2025-07-04 14:00,DONGSAN,40FT,0,0,0,0,2,1,0,0
CARRIER_F,2025-07-04 15:00,DONGSAN,40FT,0,0,0,0,2,1,0,0
CARRIER_F,2025-07-04 16:00,DONGSAN,40FT,0,0,0,0,2,1,0,0
CARRIER_F,2025-07-04 17:00,DONGSAN,40FT,0,0,0,0,2,1,0,0
CARRIER_F,2025-07-04 18:00,DONGSAN,40FT,0,0,0,0,2,1,0,0
CARRIER_F,2025-07-04 19:00,DONGSAN,40FT,0,0,0,0,2,1,0,0
CARRIER_F,2025-07-04 20:00,DONGSAN,40FT,0,0,0,0,2,1,0,0
CARRIER_F,2025-07-04 21:00,DONGSAN,40FT,0,0,0,0,2,1,0,0
CARRIER_F,2025-07-04 22:00,DONGSAN,40FT,0,0,0,0,2,1,0,0
CARRIER_F,2025-07-04 23:00,DONGSAN,40FT,0,0,0,0,2,1,0,0
CARRIER_F,2025-07-05 00:00,DONGSAN,40FT,0,0,0,0,2,1,0,0
CARRIER_F,2025-07-05 01:00,DONGSAN,40FT,0,0,0,0,2,1,0,0
CARRIER_F,2025-07-05 02:00,DONGSAN,40FT,0,0,0,0,2,1,0,0
CARRIER_F,2025-07-05 03:00,DONGSAN,40FT,0,0,0,0,2,1,0,0
CARRIER_F,2025-07-05 04:00,DONGSAN,40FT,0,0,0,0,2,1,0,0
CARRIER_F,2025-07-05 05:00,DONGSAN,40FT,0,0,0,0,2,1,0,0
CARRIER_F,2025-07-05 06:00,DONGSAN,40FT,0,0,0,0,2,1,0,0
CARRIER_F,2025-07-05 07:00,DONGSAN,40FT,0,0,0,0,2,1,0,0
CARRIER_F,2025-07-05 08:00,DONGSAN,40FT,0,0,0,0,2,1,0,0
CARRIER_F,2025-07-05 09:00,DONGSAN,40FT,0,0,0,0,2,1,0,0
CARRIER_F,2025-07-05 10:00,DONGSAN,40FT,0,0,0,0,2,1,0,0
CARRIER_F,2025-07-05 11:00,DONGSAN,40FT,0,0,0,0,2,1,0,0
CARRIER_F,2025-07-05 12:00,DONGSAN,40FT,0,0,0,0,2,1,0,0
CARRIER_F,2025-07-05 13:00,DONGSAN,40FT,0,0,0,0,2,1,0,0
CARRIER_F,2025-07-05 14:00,DONGSAN,40FT,0,0,0,0,2,1,0,0
CARRIER_F,2025-07-05 15:00,DONGSAN,40FT,0,0,0,0,2,1,0,0
CARRIER_F,2025-07-05 16:00,DONGSAN,40FT,0,0,0,0,2,1,0,0
CARRIER_F,2025-07-05 17:00,DONGSAN,40FT,1,0,0,0,1,0,0,0
CARRIER_F,2025-07-05 18:00,DONGSAN,40FT,0,0,0,0,1,0,0,0
CARRIER_F,2025-07-05 19:00,DONGSAN,40FT,0,0,0,0,1,0,0,0
CARRIER_F,2025-07-05 20:00,DONGSAN,40FT,0,0,0,0,1,0,0,0
CARRIER_F,2025-07-05 21:00,DONGSAN,40FT,0,0,0,0,1,0,0,0
CARRIER_F,2025-07-05 22:00,DONGSAN,40FT,0,0,0,0,1,0,0,0
CARRIER_F,2025-07-05 23:00,DONGSAN,40FT,0,0,0,0,1,0,0,0
CARRIER_F,2025-07-06 00:00,DONGSAN,40FT,0,0,0,0,1,0,0,0
CARRIER_F,2025-07-06 01:00,DONGSAN,40FT,0,0,0,0,1,0,0,0
CARRIER_F,2025-07-06 02:00,DONGSAN,40FT,0,0,0,0,1,0,0,0
CARRIER_F,2025-07-06 03:00,DONGSAN,40FT,0,0,0,0,1,0,0,0
CARRIER_F,2025-07-06 04:00,DONGSAN,40FT,0,0,0,0,1,0,0,0
CARRIER_F,2025-07-06 05:00,DONGSAN,40FT,0,0,0,0,1,0,0,0
CARRIER_F,2025-07-06 06:00,DONGSAN,40FT,0,0,0,0,1,0,0,0
CARRIER_F,2025-07-06 07:00,DONGSAN,40FT,0,0,0,0,1,0,0,0
CARRIER_F,2025-07-06 08:00,DONGSAN,40FT,0,0,0,0,1,0,0,0
CARRIER_F,2025-07-06 09:00,DONGSAN,40FT,0,0,0,0,1,0,0,0
CARRIER_F,2025-07-06 10:00,DONGSAN,40FT,0,0,0,0,1,0,0,0
CARRIER_F,2025-07-06 11:00,DONGSAN,40FT,0,0,0,0,1,0,0,0
CARRIER_F,2025-07-06 12:00,DONGSAN,40FT,0,0,0,0,1,0,0,0
CARRIER_F,2025-07-06 13:00,DONGSAN,40FT,0,0,0,0,1,0,0,0
CARRIER_F,2025-07-06 14:00,DONGSAN,40FT,0,0,0,0,1,0,0,0
CARRIER_F,2025-07-06 15:00,DONGSAN,40FT,0,0,0,0,1,0,0,0
CARRIER_F,2025-07-06 16:00,DONGSAN,40FT,0,0,0,0,1,0,0,0
CARRIER_F,2025-07-06 17:00,DONGSAN,40FT,0,0,0,0,1,0,0,0
CARRIER_F,2025-07-06 18:00,DONGSAN,40FT,0,0,0,0,1,0,0,0
CARRIER_F,2025-07-06 19:00,DONGSAN,40FT,0,0,0,0,1,0,0,0
CARRIER_F,2025-07-06 20:00,DONGSAN,40FT,0,0,0,0,1,0,0,0
CARRIER_F,2025-07-06 21:00,DONGSAN,40FT,0,0,0,0,1,0,0,0
CARRIER_F,2025-07-06 22:00,DONGSAN,40FT,0,0,0,0,1,0,0,0
CARRIER_F,2025-07-06 23:00,DONGSAN,40FT,0,0,0,0,1,0,0,0
CARRIER_F,2025-07-07 00:00,DONGSAN,40FT,0,0,0,0,1,0,0,0
CARRIER_F,2025-07-07 01:00,DONGSAN,40FT,0,0,0,0,1,0,0,0
CARRIER_F,2025-07-07 02:00,DONGSAN,40FT,0,0,0,0,1,0,0,0
CARRIER_F,2025-07-07 03:00,DONGSAN,40FT,0,0,0,0,1,0,0,0
CARRIER_F,2025-07-07 04:00,DONGSAN,40FT,0,0,0,0,1,0,0,0
CARRIER_F,2025-07-07 05:00,DONGSAN,40FT,0,0,0,0,1,0,0,0
CARRIER_F,2025-07-07 06:00,DONGSAN,40FT,0,0,0,0,1,0,0,0
CARRIER_F,2025-07-07 07:00,DONGSAN,40FT,0,0,0,0,1,0,0,0
CARRIER_F,2025-07-07 08:00,DONGSAN,40FT,0,0,0,0,1,0,0,0
CARRIER_F,2025-07-07 09:00,DONGSAN,40FT,0,0,0,0,1,0,0,0
CARRIER_F,2025-07-07 10:00,DONGSAN,40FT,0,0,0,0,1,0,0,0
CARRIER_F,2025-07-07 11:00,DONGSAN,40FT,0,0,0,0,1,0,0,0
CARRIER_F,2025-07-07 12:00,DONGSAN,40FT,0,0,0,0,1,0,0,0
CARRIER_F,2025-07-07 13:00,DONGSAN,40FT,0,0,0,0,1,0,0,0
CARRIER_F,2025-07-07 14:00,DONGSAN,40FT,0,0,0,0,1,0,0,0
CARRIER_F,2025-07-07 15:00,DONGSAN,40FT,0,0,0,0,1,0,0,0
CARRIER_F,2025-07-07 16:00,DONGSAN,40FT,0,0,0,0,1,0,0,0
CARRIER_F,2025-07-07 17:00,DONGSAN,40FT,0,0,0,0,1,0,0,0
CARRIER_F,2025-07-07 18:00,DONGSAN,40FT,0,0,0,0,1,0,0,0
CARRIER_F,2025-07-07 19:00,DONGSAN,40FT,0,0,0,0,1,0,0,0
CARRIER_F,2025-07-07 20:00,DONGSAN,40FT,0,0,0,0,1,0,0,0
CARRIER_F,2025-07-07 21:00,DONGSAN,40FT,0,0,0,0,1,0,0,0
CARRIER_F,2025-07-07 22:00,DONGSAN,40FT,0,0,0,0,1,0,0,0
CARRIER_F,2025-07-07 23:00,DONGSAN,40FT,0,0,0,0,1,0,0,0
CARRIER_F,2025-07-01 00:00,GWANGYANG,20FT,0,0,0,0,14,14,0,0
CARRIER_F,2025-07-01 01:00,GWANGYANG,20FT,0,0,0,0,14,14,0,0
CARRIER_F,2025-07-01 02:00,GWANGYANG,20FT,0,0,0,0,14,14,0,0
CARRIER_F,2025-07-01 03:00,GWANGYANG,20FT,0,0,0,0,14,14,0,0
CARRIER_F,2025-07-01 04:00,GWANGYANG,20FT,0,0,0,0,14,14,0,0
CARRIER_F,2025-07-01 05:00,GWANGYANG,20FT,1,0,0,0,13,13,0,0
CARRIER_F,2025-07-01 06:00,GWANGYANG,20FT,0,0,0,0,13,13,0,0
CARRIER_F,2025-07-01 07:00,GWANGYANG,20FT,0,0,0,0,13,13,0,0
CARRIER_F,2025-07-01 08:00,GWANGYANG,20FT,0,0,0,0,13,13,0,0
CARRIER_F,2025-07-01 09:00,GWANGYANG,20FT,0,0,0,0,13,13,0,0
CARRIER_F,2025-07-01 10:00,GWANGYANG,20FT,0,0,0,0,13,13,0,0
CARRIER_F,2025-07-01 11:00,GWANGYANG,20FT,0,0,0,0,13,13,0,0
CARRIER_F,2025-07-01 12:00,GWANGYANG,20FT,1,1,0,0,13,13,0,0
CARRIER_F,2025-07-01 13:00,GWANGYANG,20FT,0,0,0,0,13,13,0,0
CARRIER_F,2025-07-01 14:00,GWANGYANG,20FT,0,0,0,0,13,13,0,0
CARRIER_F,2025-07-01 15:00,GWANGYANG,20FT,0,0,0,0,13,13,0,0
CARRIER_F,2025-07-01 16:00,GWANGYANG,20FT,0,0,0,0,13,13,0,0
CARRIER_F,2025-07-01 17:00,GWANGYANG,20FT,1,1,0,0,13,13,0,0
CARRIER_F,2025-07-01 18:00,GWANGYANG,20FT,0,0,0,0,13,13,0,0
CARRIER_F,2025-07-01 19:00,GWANGYANG,20FT,0,0,0,0,13,13,0,0
CARRIER_F,2025-07-01 20:00,GWANGYANG,20FT,0,0,0,0,13,13,0,0
CARRIER_F,2025-07-01 21:00,GWANGYANG,20FT,0,0,0,0,13,13,0,0
CARRIER_F,2025-07-01 22:00,GWANGYANG,20FT,0,0,0,0,13,13,0,0
CARRIER_F,2025-07-01 23:00,GWANGYANG,20FT,0,0,0,0,13,13,0,0
CARRIER_F,2025-07-02 00:00,GWANGYANG,20FT,0,0,0,0,13,13,0,0
CARRIER_F,2025-07-02 01:00,GWANGYANG,20FT,0,0,0,0,13,13,0,0
CARRIER_F,2025-07-02 02:00,GWANGYANG,20FT,0,0,0,0,13,13,0,0
CARRIER_F,2025-07-02 03:00,GWANGYANG,20FT,0,0,0,0,13,13,0,0
CARRIER_F,2025-07-02 04:00,GWANGYANG,20FT,0,0,0,0,13,13,0,0
CARRIER_F,2025-07-02 05:00,GWANGYANG,20FT,0,0,0,0,13,13,0,0
CARRIER_F,2025-07-02 06:00,GWANGYANG,20FT,0,0,0,0,13,13,0,0
CARRIER_F,2025-07-02 07:00,GWANGYANG,20FT,1,0,0,0,12,12,0,0
CARRIER_F,2025-07-02 08:00,GWANGYANG,20FT,2,0,0,0,10,10,0,0
CARRIER_F,2025-07-02 09:00,GWANGYANG,20FT,1,0,0,0,9,9,0,0
CARRIER_F,2025-07-02 10:00,GWANGYANG,20FT,1,1,0,0,9,9,0,0
CARRIER_F,2025-07-02 11:00,GWANGYANG,20FT,0,0,0,0,9,9,0,0
CARRIER_F,2025-07-02 12:00,GWANGYANG,20FT,0,2,0,0,11,11,0,0
CARRIER_F,2025-07-02 13:00,GWANGYANG,20FT,0,1,0,0,12,12,0,0
CARRIER_F,2025-07-02 14:00,GWANGYANG,20FT,3,1,0,0,10,10,0,0
CARRIER_F,2025-07-02 15:00,GWANGYANG,20FT,2,1,0,0,9,9,0,0
CARRIER_F,2025-07-02 16:00,GWANGYANG,20FT,3,0,0,0,6,6,0,0
CARRIER_F,2025-07-02 17:00,GWANGYANG,20FT,1,3,0,0,8,8,0,0
CARRIER_F,2025-07-02 18:00,GWANGYANG,20FT,0,0,0,0,8,8,0,0
CARRIER_F,2025-07-02 19:00,GWANGYANG,20FT,0,0,0,0,8,8,0,0
CARRIER_F,2025-07-02 20:00,GWANGYANG,20FT,0,0,0,0,8,8,0,0
CARRIER_F,2025-07-02 21:00,GWANGYANG,20FT,0,0,0,0,8,8,0,0
CARRIER_F,2025-07-02 22:00,GWANGYANG,20FT,0,0,0,0,8,8,0,0
CARRIER_F,2025-07-02 23:00,GWANGYANG,20FT,0,0,0,0,8,8,0,0
CARRIER_F,2025-07-03 00:00,GWANGYANG,20FT,0,0,0,0,8,8,0,0
CARRIER_F,2025-07-03 01:00,GWANGYANG,20FT,0,0,0,0,8,8,0,0
CARRIER_F,2025-07-03 02:00,GWANGYANG,20FT,0,0,0,0,8,8,0,0
CARRIER_F,2025-07-03 03:00,GWANGYANG,20FT,0,0,0,0,8,8,0,0
CARRIER_F,2025-07-03 04:00,GWANGYANG,20FT,0,0,0,0,8,8,0,0
CARRIER_F,2025-07-03 05:00,GWANGYANG,20FT,0,0,0,0,8,8,0,0
CARRIER_F,2025-07-03 06:00,GWANGYANG,20FT,0,1,0,0,9,9,0,0
CARRIER_F,2025-07-03 07:00,GWANGYANG,20FT,0,0,0,0,9,9,0,0
CARRIER_F,2025-07-03 08:00,GWANGYANG,20FT,0,0,0,0,9,9,0,0
CARRIER_F,2025-07-03 09:00,GWANGYANG,20FT,0,0,0,0,9,9,0,0
CARRIER_F,2025-07-03 10:00,GWANGYANG,20FT,0,0,0,0,9,9,0,0
CARRIER_F,2025-07-03 11:00,GWANGYANG,20FT,0,0,0,0,9,9,0,0
CARRIER_F,2025-07-03 12:00,GWANGYANG,20FT,0,0,0,0,9,9,0,0
CARRIER_F,2025-07-03 13:00,GWANGYANG,20FT,0,0,0,0,9,9,0,0
CARRIER_F,2025-07-03 14:00,GWANGYANG,20FT,4,1,0,0,6,6,0,0
CARRIER_F,2025-07-03 15:00,GWANGYANG,20FT,1,0,0,0,5,5,0,0
CARRIER_F,2025-07-03 16:00,GWANGYANG,20FT,0,0,0,0,5,5,0,0
CARRIER_F,2025-07-03 17:00,GWANGYANG,20FT,0,0,0,0,5,5,0,0
CARRIER_F,2025-07-03 18:00,GWANGYANG,20FT,0,0,0,0,5,5,0,0
CARRIER_F,2025-07-03 19:00,GWANGYANG,20FT,0,0,0,0,5,5,0,0
CARRIER_F,2025-07-03 20:00,GWANGYANG,20FT,0,1,0,0,6,6,0,0
CARRIER_F,2025-07-03 21:00,GWANGYANG,20FT,0,0,0,0,6,6,0,0
CARRIER_F,2025-07-03 22:00,GWANGYANG,20FT,0,0,0,0,6,6,0,0
CARRIER_F,2025-07-03 23:00,GWANGYANG,20FT,0,0,0,0,6,6,0,0
CARRIER_F,2025-07-04 00:00,GWANGYANG,20FT,0,0,0,0,6,6,0,0
CARRIER_F,2025-07-04 01:00,GWANGYANG,20FT,0,0,0,0,6,6,0,0
CARRIER_F,2025-07-04 02:00,GWANGYANG,20FT,0,0,0,0,6,6,0,0
CARRIER_F,2025-07-04 03:00,GWANGYANG,20FT,0,0,0,0,6,6,0,0
CARRIER_F,2025-07-04 04:00,GWANGYANG,20FT,0,0,0,0,6,6,0,0
CARRIER_F,2025-07-04 05:00,GWANGYANG,20FT,0,0,0,0,6,6,0,0
CARRIER_F,2025-07-04 06:00,GWANGYANG,20FT,0,0,0,0,6,6,0,0
CARRIER_F,2025-07-04 07:00,GWANGYANG,20FT,0,0,0,0,6,6,0,0
CARRIER_F,2025-07-04 08:00,GWANGYANG,20FT,0,0,0,0,6,6,0,0
CARRIER_F,2025-07-04 09:00,GWANGYANG,20FT,0,0,0,0,6,6,0,0
CARRIER_F,2025-07-04 10:00,GWANGYANG,20FT,1,0,0,0,5,5,0,0
CARRIER_F,2025-07-04 11:00,GWANGYANG,20FT,0,0,0,0,5,5,0,0
CARRIER_F,2025-07-04 12:00,GWANGYANG,20FT,0,0,0,0,5,5,0,0
CARRIER_F,2025-07-04 13:00,GWANGYANG,20FT,0,0,0,0,5,5,0,0
CARRIER_F,2025-07-04 14:00,GWANGYANG,20FT,1,0,0,0,4,4,0,0
CARRIER_F,2025-07-04 15:00,GWANGYANG,20FT,1,0,0,0,3,3,0,0
CARRIER_F,2025-07-04 16:00,GWANGYANG,20FT,1,0,0,0,2,2,0,0
CARRIER_F,2025-07-04 17:00,GWANGYANG,20FT,0,0,0,0,2,2,0,0
CARRIER_F,2025-07-04 18:00,GWANGYANG,20FT,1,5,0,0,6,6,0,0
CARRIER_F,2025-07-04 19:00,GWANGYANG,20FT,0,0,0,0,6,6,0,0
CARRIER_F,2025-07-04 20:00,GWANGYANG,20FT,0,1,0,0,7,7,0,0
CARRIER_F,2025-07-04 21:00,GWANGYANG,20FT,0,0,0,0,7,7,0,0
CARRIER_F,2025-07-04 22:00,GWANGYANG,20FT,0,0,0,0,7,7,0,0
CARRIER_F,2025-07-04 23:00,GWANGYANG,20FT,0,0,0,0,7,7,0,0
CARRIER_F,2025-07-05 00:00,GWANGYANG,20FT,0,0,0,0,7,7,0,0
CARRIER_F,2025-07-05 01:00,GWANGYANG,20FT,0,0,0,0,7,7,0,0
CARRIER_F,2025-07-05 02:00,GWANGYANG,20FT,0,0,0,0,7,7,0,0
CARRIER_F,2025-07-05 03:00,GWANGYANG,20FT,0,0,0,0,7,7,0,0
CARRIER_F,2025-07-05 04:00,GWANGYANG,20FT,0,0,0,0,7,7,0,0
CARRIER_F,2025-07-05 05:00,GWANGYANG,20FT,0,0,0,0,7,7,0,0
CARRIER_F,2025-07-05 06:00,GWANGYANG,20FT,0,0,0,0,7,7,0,0
CARRIER_F,2025-07-05 07:00,GWANGYANG,20FT,1,0,0,0,6,6,0,0
CARRIER_F,2025-07-05 08:00,GWANGYANG,20FT,0,0,0,0,6,6,0,0
CARRIER_F,2025-07-05 09:00,GWANGYANG,20FT,1,0,0,0,5,5,0,0
CARRIER_F,2025-07-05 10:00,GWANGYANG,20FT,0,0,0,0,5,5,0,0
CARRIER_F,2025-07-05 11:00,GWANGYANG,20FT,1,2,0,0,6,6,0,0
CARRIER_F,2025-07-05 12:00,GWANGYANG,20FT,0,0,0,0,6,6,0,0
CARRIER_F,2025-07-05 13:00,GWANGYANG,20FT,2,0,0,0,4,4,0,0
CARRIER_F,2025-07-05 14:00,GWANGYANG,20FT,0,0,0,0,4,4,0,0
CARRIER_F,2025-07-05 15:00,GWANGYANG,20FT,0,1,0,0,5,5,0,0
CARRIER_F,2025-07-05 16:00,GWANGYANG,20FT,0,0,0,0,5,5,0,0
CARRIER_F,2025-07-05 17:00,GWANGYANG,20FT,0,1,0,0,6,6,0,0
CARRIER_F,2025-07-05 18:00,GWANGYANG,20FT,0,0,0,0,6,6,0,0
CARRIER_F,2025-07-05 19:00,GWANGYANG,20FT,0,1,0,0,7,7,0,0
CARRIER_F,2025-07-05 20:00,GWANGYANG,20FT,0,0,0,0,7,7,0,0
CARRIER_F,2025-07-05 21:00,GWANGYANG,20FT,0,0,0,0,7,7,0,0
CARRIER_F,2025-07-05 22:00,GWANGYANG,20FT,0,0,0,0,7,7,0,0
CARRIER_F,2025-07-05 23:00,GWANGYANG,20FT,0,0,0,0,7,7,0,0
CARRIER_F,2025-07-06 00:00,GWANGYANG,20FT,0,0,0,0,7,7,0,0
CARRIER_F,2025-07-06 01:00,GWANGYANG,20FT,0,0,0,0,7,7,0,0
CARRIER_F,2025-07-06 02:00,GWANGYANG,20FT,0,0,0,0,7,7,0,0
CARRIER_F,2025-07-06 03:00,GWANGYANG,20FT,0,0,0,0,7,7,0,0
CARRIER_F,2025-07-06 04:00,GWANGYANG,20FT,0,0,0,0,7,7,0,0
CARRIER_F,2025-07-06 05:00,GWANGYANG,20FT,0,0,0,0,7,7,0,0
CARRIER_F,2025-07-06 06:00,GWANGYANG,20FT,0,0,0,0,7,7,0,0
CARRIER_F,2025-07-06 07:00,GWANGYANG,20FT,0,0,0,0,7,7,0,0
CARRIER_F,2025-07-06 08:00,GWANGYANG,20FT,1,0,0,0,6,6,0,0
CARRIER_F,2025-07-06 09:00,GWANGYANG,20FT,0,0,0,0,6,6,0,0
CARRIER_F,2025-07-06 10:00,GWANGYANG,20FT,0,0,0,0,6,6,0,0
CARRIER_F,2025-07-06 11:00,GWANGYANG,20FT,0,0,0,0,6,6,0,0
CARRIER_F,2025-07-06 12:00,GWANGYANG,20FT,0,0,0,0,6,6,0,0
CARRIER_F,2025-07-06 13:00,GWANGYANG,20FT,0,2,0,0,8,8,0,0
CARRIER_F,2025-07-06 14:00,GWANGYANG,20FT,1,0,0,0,7,7,0,0
CARRIER_F,2025-07-06 15:00,GWANGYANG,20FT,0,0,0,0,7,7,0,0
CARRIER_F,2025-07-06 16:00,GWANGYANG,20FT,0,0,0,0,7,7,0,0
CARRIER_F,2025-07-06 17:00,GWANGYANG,20FT,0,1,0,0,8,8,0,0
CARRIER_F,2025-07-06 18:00,GWANGYANG,20FT,0,1,0,0,9,9,0,0
CARRIER_F,2025-07-06 19:00,GWANGYANG,20FT,0,0,0,0,9,9,0,0
CARRIER_F,2025-07-06 20:00,GWANGYANG,20FT,0,0,0,0,9,9,0,0
CARRIER_F,2025-07-06 21:00,GWANGYANG,20FT,0,0,0,0,9,9,0,0
CARRIER_F,2025-07-06 22:00,GWANGYANG,20FT,0,0,0,0,9,9,0,0
CARRIER_F,2025-07-06 23:00,GWANGYANG,20FT,0,0,0,0,9,9,0,0
CARRIER_F,2025-07-07 00:00,GWANGYANG,20FT,0,0,0,0,9,9,0,0
CARRIER_F,2025-07-07 01:00,GWANGYANG,20FT,0,0,0,0,9,9,0,0
CARRIER_F,2025-07-07 02:00,GWANGYANG,20FT,0,0,0,0,9,9,0,0
CARRIER_F,2025-07-07 03:00,GWANGYANG,20FT,0,0,0,0,9,9,0,0
CARRIER_F,2025-07-07 04:00,GWANGYANG,20FT,0,0,0,0,9,9,0,0
CARRIER_F,2025-07-07 05:00,GWANGYANG,20FT,1,0,0,0,8,8,0,0
CARRIER_F,2025-07-07 06:00,GWANGYANG,20FT,0,0,0,0,8,8,0,0
CARRIER_F,2025-07-07 07:00,GWANGYANG,20FT,0,0,0,0,8,8,0,0
CARRIER_F,2025-07-07 08:00,GWANGYANG,20FT,0,0,0,0,8,8,0,0
CARRIER_F,2025-07-07 09:00,GWANGYANG,20FT,0,0,0,0,8,8,0,0
CARRIER_F,2025-07-07 10:00,GWANGYANG,20FT,1,0,0,0,7,7,0,0
CARRIER_F,2025-07-07 11:00,GWANGYANG,20FT,0,0,0,0,7,7,0,0
CARRIER_F,2025-07-07 12:00,GWANGYANG,20FT,2,1,0,0,6,6,0,0
CARRIER_F,2025-07-07 13:00,GWANGYANG,20FT,3,1,0,0,4,4,0,0
CARRIER_F,2025-07-07 14:00,GWANGYANG,20FT,0,0,0,0,4,4,0,0
CARRIER_F,2025-07-07 15:00,GWANGYANG,20FT,2,0,0,0,2,2,0,0
CARRIER_F,2025-07-07 16:00,GWANGYANG,20FT,1,2,0,0,3,3,0,0
CARRIER_F,2025-07-07 17:00,GWANGYANG,20FT,1,0,0,0,2,2,0,0
CARRIER_F,2025-07-07 18:00,GWANGYANG,20FT,0,1,0,0,3,3,0,0
CARRIER_F,2025-07-07 19:00,GWANGYANG,20FT,0,0,0,0,3,3,0,0
CARRIER_F,2025-07-07 20:00,GWANGYANG,20FT,0,1,0,0,4,4,0,0
CARRIER_F,2025-07-07 21:00,GWANGYANG,20FT,0,0,0,0,4,4,0,0
CARRIER_F,2025-07-07 22:00,GWANGYANG,20FT,0,0,0,0,4,4,0,0
CARRIER_F,2025-07-07 23:00,GWANGYANG,20FT,0,0,0,0,4,4,0,0
CARRIER_F,2025-07-01 00:00,GWANGYANG,40FT,0,0,0,0,5,5,0,0
CARRIER_F,2025-07-01 01:00,GWANGYANG,40FT,0,0,0,0,5,5,0,0
CARRIER_F,2025-07-01 02:00,GWANGYANG,40FT,0,0,0,0,5,5,0,0
CARRIER_F,2025-07-01 03:00,GWANGYANG,40FT,0,0,0,0,5,5,0,0
CARRIER_F,2025-07-01 04:00,GWANGYANG,40FT,0,0,0,0,5,5,0,0
CARRIER_F,2025-07-01 05:00,GWANGYANG,40FT,0,0,0,0,5,5,0,0
CARRIER_F,2025-07-01 06:00,GWANGYANG,40FT,0,0,0,0,5,5,0,0
CARRIER_F,2025-07-01 07:00,GWANGYANG,40FT,0,0,0,0,5,5,0,0
CARRIER_F,2025-07-01 08:00,GWANGYANG,40FT,1,0,0,0,4,4,0,0
CARRIER_F,2025-07-01 09:00,GWANGYANG,40FT,0,0,0,0,4,4,0,0
CARRIER_F,2025-07-01 10:00,GWANGYANG,40FT,0,0,0,0,4,4,0,0
CARRIER_F,2025-07-01 11:00,GWANGYANG,40FT,0,0,0,0,4,4,0,0
CARRIER_F,2025-07-01 12:00,GWANGYANG,40FT,0,0,0,0,4,4,0,0
CARRIER_F,2025-07-01 13:00,GWANGYANG,40FT,0,0,0,0,4,4,0,0
CARRIER_F,2025-07-01 14:00,GWANGYANG,40FT,2,0,0,0,2,2,0,0
CARRIER_F,2025-07-01 15:00,GWANGYANG,40FT,1,0,0,0,1,1,0,0
CARRIER_F,2025-07-01 16:00,GWANGYANG,40FT,0,0,0,0,1,1,0,0
CARRIER_F,2025-07-01 17:00,GWANGYANG,40FT,0,0,0,0,1,1,0,0
CARRIER_F,2025-07-01 18:00,GWANGYANG,40FT,1,1,0,0,1,1,0,0
CARRIER_F,2025-07-01 19:00,GWANGYANG,40FT,0,0,0,0,1,1,0,0
CARRIER_F,2025-07-01 20:00,GWANGYANG,40FT,0,0,0,0,1,1,0,0
CARRIER_F,2025-07-01 21:00,GWANGYANG,40FT,0,0,0,0,1,1,0,0
CARRIER_F,2025-07-01 22:00,GWANGYANG,40FT,0,0,0,0,1,1,0,0
CARRIER_F,2025-07-01 23:00,GWANGYANG,40FT,0,0,0,0,1,1,0,0
CARRIER_F,2025-07-02 00:00,GWANGYANG,40FT,0,0,0,0,1,1,0,0
CARRIER_F,2025-07-02 01:00,GWANGYANG,40FT,0,0,0,0,1,1,0,0
CARRIER_F,2025-07-02 02:00,GWANGYANG,40FT,0,0,0,0,1,1,0,0
CARRIER_F,2025-07-02 03:00,GWANGYANG,40FT,0,0,0,0,1,1,0,0
CARRIER_F,2025-07-02 04:00,GWANGYANG,40FT,0,0,0,0,1,1,0,0
CARRIER_F,2025-07-02 05:00,GWANGYANG,40FT,0,0,0,0,1,1,0,0
CARRIER_F,2025-07-02 06:00,GWANGYANG,40FT,0,0,0,0,1,1,0,0
CARRIER_F,2025-07-02 07:00,GWANGYANG,40FT,0,0,0,0,1,1,0,0
CARRIER_F,2025-07-02 08:00,GWANGYANG,40FT,0,0,0,0,1,1,0,0
CARRIER_F,2025-07-02 09:00,GWANGYANG,40FT,0,0,0,0,1,1,0,0
CARRIER_F,2025-07-02 10:00,GWANGYANG,40FT,0,0,0,0,1,1,0,0
CARRIER_F,2025-07-02 11:00,GWANGYANG,40FT,0,0,0,0,1,1,0,0
CARRIER_F,2025-07-02 12:00,GWANGYANG,40FT,0,0,0,0,1,1,0,0
CARRIER_F,2025-07-02 13:00,GWANGYANG,40FT,0,0,0,0,1,1,0,0
CARRIER_F,2025-07-02 14:00,GWANGYANG,40FT,0,0,0,0,1,1,0,0
CARRIER_F,2025-07-02 15:00,GWANGYANG,40FT,1,0,0,0,0,0,0,0
CARRIER_F,2025-07-02 16:00,GWANGYANG,40FT,0,0,0,0,0,0,0,0
CARRIER_F,2025-07-02 17:00,GWANGYANG,40FT,0,0,0,0,0,0,0,0
CARRIER_F,2025-07-02 18:00,GWANGYANG,40FT,1,0,0,0,0,0,1,1
CARRIER_F,2025-07-02 19:00,GWANGYANG,40FT,0,0,0,0,0,0,0,0
CARRIER_F,2025-07-02 20:00,GWANGYANG,40FT,0,0,0,0,0,0,0,0
CARRIER_F,2025-07-02 21:00,GWANGYANG,40FT,0,0,0,0,0,0,0,0
CARRIER_F,2025-07-02 22:00,GWANGYANG,40FT,0,0,0,0,0,0,0,0
CARRIER_F,2025-07-02 23:00,GWANGYANG,40FT,0,0,0,0,0,0,0,0
CARRIER_F,2025-07-03 00:00,GWANGYANG,40FT,0,0,0,0,0,0,0,0
CARRIER_F,2025-07-03 01:00,GWANGYANG,40FT,0,0,0,0,0,0,0,0
CARRIER_F,2025-07-03 02:00,GWANGYANG,40FT,0,0,0,0,0,0,0,0
CARRIER_F,2025-07-03 03:00,GWANGYANG,40FT,0,0,0,0,0,0,0,0
CARRIER_F,2025-07-03 04:00,GWANGYANG,40FT,0,0,0,0,0,0,0,0
CARRIER_F,2025-07-03 05:00,GWANGYANG,40FT,0,0,0,0,0,0,0,0
CARRIER_F,2025-07-03 06:00,GWANGYANG,40FT,0,0,0,0,0,0,0,0
CARRIER_F,2025-07-03 07:00,GWANGYANG,40FT,0,0,0,0,0,0,0,0
CARRIER_F,2025-07-03 08:00,GWANGYANG,40FT,0,0,0,0,0,0,0,0
CARRIER_F,2025-07-03 09:00,GWANGYANG,40FT,0,0,0,0,0,0,0,0
CARRIER_F,2025-07-03 10:00,GWANGYANG,40FT,0,0,0,0,0,0,0,0
CARRIER_F,2025-07-03 11:00,GWANGYANG,40FT,0,1,0,0,1,1,0,0
CARRIER_F,2025-07-03 12:00,GWANGYANG,40FT,0,1,0,0,2,2,0,0
CARRIER_F,2025-07-03 13:00,GWANGYANG,40FT,1,1,0,0,2,2,0,0
CARRIER_F,2025-07-03 14:00,GWANGYANG,40FT,0,0,0,0,2,2,0,0
CARRIER_F,2025-07-03 15:00,GWANGYANG,40FT,0,1,0,0,3,3,0,0
CARRIER_F,2025-07-03 16:00,GWANGYANG,40FT,1,0,0,0,2,2,0,0
CARRIER_F,2025-07-03 17:00,GWANGYANG,40FT,0,1,0,0,3,3,0,0
CARRIER_F,2025-07-03 18:00,GWANGYANG,40FT,0,0,0,0,3,3,0,0
CARRIER_F,2025-07-03 19:00,GWANGYANG,40FT,0,0,0,0,3,3,0,0
CARRIER_F,2025-07-03 20:00,GWANGYANG,40FT,0,0,0,0,3,3,0,0
CARRIER_F,2025-07-03 21:00,GWANGYANG,40FT,0,0,0,0,3,3,0,0
CARRIER_F,2025-07-03 22:00,GWANGYANG,40FT,0,0,0,0,3,3,0,0
CARRIER_F,2025-07-03 23:00,GWANGYANG,40FT,0,0,0,0,3,3,0,0
CARRIER_F,2025-07-04 00:00,GWANGYANG,40FT,0,0,0,0,3,3,0,0
CARRIER_F,2025-07-04 01:00,GWANGYANG,40FT,0,0,0,0,3,3,0,0
CARRIER_F,2025-07-04 02:00,GWANGYANG,40FT,0,0,0,0,3,3,0,0
CARRIER_F,2025-07-04 03:00,GWANGYANG,40FT,0,0,0,0,3,3,0,0
CARRIER_F,2025-07-04 04:00,GWANGYANG,40FT,0,0,0,0,3,3,0,0
CARRIER_F,2025-07-04 05:00,GWANGYANG,40FT,0,0,0,0,3,3,0,0
CARRIER_F,2025-07-04 06:00,GWANGYANG,40FT,0,0,0,0,3,3,0,0
CARRIER_F,2025-07-04 07:00,GWANGYANG,40FT,0,0,0,0,3,3,0,0
CARRIER_F,2025-07-04 08:00,GWANGYANG,40FT,1,0,0,0,2,2,0,0
CARRIER_F,2025-07-04 09:00,GWANGYANG,40FT,0,0,1,0,2,3,0,0
CARRIER_F,2025-07-04 10:00,GWANGYANG,40FT,0,0,0,0,2,3,0,0
CARRIER_F,2025-07-04 11:00,GWANGYANG,40FT,1,0,0,0,1,2,0,0
CARRIER_F,2025-07-04 12:00,GWANGYANG,40FT,0,0,0,0,1,2,0,0
CARRIER_F,2025-07-04 13:00,GWANGYANG,40FT,0,0,0,0,1,2,0,0
CARRIER_F,2025-07-04 14:00,GWANGYANG,40FT,0,0,0,0,1,2,0,0
CARRIER_F,2025-07-04 15:00,GWANGYANG,40FT,0,0,0,0,1,2,0,0
CARRIER_F,2025-07-04 16:00,GWANGYANG,40FT,0,0,0,0,1,2,0,0
CARRIER_F,2025-07-04 17:00,GWANGYANG,40FT,0,0,0,0,1,2,0,0
CARRIER_F,2025-07-04 18:00,GWANGYANG,40FT,0,0,0,0,1,2,0,0
CARRIER_F,2025-07-04 19:00,GWANGYANG,40FT,0,0,0,0,1,2,0,0
CARRIER_F,2025-07-04 20:00,GWANGYANG,40FT,0,0,0,0,1,2,0,0
CARRIER_F,2025-07-04 21:00,GWANGYANG,40FT,0,0,0,0,1,2,0,0
CARRIER_F,2025-07-04 22:00,GWANGYANG,40FT,0,0,0,0,1,2,0,0
CARRIER_F,2025-07-04 23:00,GWANGYANG,40FT,0,0,0,0,1,2,0,0
CARRIER_F,2025-07-05 00:00,GWANGYANG,40FT,0,0,0,0,1,2,0,0
CARRIER_F,2025-07-05 01:00,GWANGYANG,40FT,0,0,0,0,1,2,0,0
CARRIER_F,2025-07-05 02:00,GWANGYANG,40FT,0,0,0,0,1,2,0,0
CARRIER_F,2025-07-05 03:00,GWANGYANG,40FT,0,0,0,0,1,2,0,0
CARRIER_F,2025-07-05 04:00,GWANGYANG,40FT,0,0,0,0,1,2,0,0
CARRIER_F,2025-07-05 05:00,GWANGYANG,40FT,0,0,0,0,1,2,0,0
CARRIER_F,2025-07-05 06:00,GWANGYANG,40FT,0,0,0,0,1,2,0,0
CARRIER_F,2025-07-05 07:00,GWANGYANG,40FT,0,0,0,0,1,2,0,0
CARRIER_F,2025-07-05 08:00,GWANGYANG,40FT,0,0,0,0,1,2,0,0
CARRIER_F,2025-07-05 09:00,GWANGYANG,40FT,0,0,0,0,1,2,0,0
CARRIER_F,2025-07-05 10:00,GWANGYANG,40FT,0,0,0,0,1,2,0,0
CARRIER_F,2025-07-05 11:00,GWANGYANG,40FT,0,0,0,0,1,2,0,0
CARRIER_F,2025-07-05 12:00,GWANGYANG,40FT,0,0,0,0,1,2,0,0
CARRIER_F,2025-07-05 13:00,GWANGYANG,40FT,0,0,0,0,1,2,0,0
CARRIER_F,2025-07-05 14:00,GWANGYANG,40FT,0,0,0,0,1,2,0,0
CARRIER_F,2025-07-05 15:00,GWANGYANG,40FT,0,0,0,0,1,2,0,0
CARRIER_F,2025-07-05 16:00,GWANGYANG,40FT,0,0,0,0,1,2,0,0
CARRIER_F,2025-07-05 17:00,GWANGYANG,40FT,0,0,0,0,1,2,0,0
CARRIER_F,2025-07-05 18:00,GWANGYANG,40FT,0,0,0,0,1,2,0,0
CARRIER_F,2025-07-05 19:00,GWANGYANG,40FT,0,0,0,0,1,2,0,0
CARRIER_F,2025-07-05 20:00,GWANGYANG,40FT,0,0,0,0,1,2,0,0
CARRIER_F,2025-07-05 21:00,GWANGYANG,40FT,0,0,0,0,1,2,0,0
CARRIER_F,2025-07-05 22:00,GWANGYANG,40FT,0,0,0,0,1,2,0,0
CARRIER_F,2025-07-05 23:00,GWANGYANG,40FT,0,0,0,0,1,2,0,0
CARRIER_F,2025-07-06 00:00,GWANGYANG,40FT,0,0,0,0,1,2,0,0
CARRIER_F,2025-07-06 01:00,GWANGYANG,40FT,0,0,0,0,1,2,0,0
CARRIER_F,2025-07-06 02:00,GWANGYANG,40FT,0,0,0,0,1,2,0,0
CARRIER_F,2025-07-06 03:00,GWANGYANG,40FT,0,0,0,0,1,2,0,0
CARRIER_F,2025-07-06 04:00,GWANGYANG,40FT,0,0,0,0,1,2,0,0
CARRIER_F,2025-07-06 05:00,GWANGYANG,40FT,0,0,0,0,1,2,0,0
CARRIER_F,2025-07-06 06:00,GWANGYANG,40FT,0,0,0,0,1,2,0,0
CARRIER_F,2025-07-06 07:00,GWANGYANG,40FT,1,0,0,0,0,1,0,0
CARRIER_F,2025-07-06 08:00,GWANGYANG,40FT,0,0,0,0,0,1,0,0
CARRIER_F,2025-07-06 09:00,GWANGYANG,40FT,0,0,0,0,0,1,0,0
CARRIER_F,2025-07-06 10:00,GWANGYANG,40FT,0,0,0,0,0,1,0,0
CARRIER_F,2025-07-06 11:00,GWANGYANG,40FT,0,0,0,0,0,1,0,0
CARRIER_F,2025-07-06 12:00,GWANGYANG,40FT,0,0,0,0,0,1,0,0
CARRIER_F,2025-07-06 13:00,GWANGYANG,40FT,0,0,0,0,0,1,0,0
CARRIER_F,2025-07-06 14:00,GWANGYANG,40FT,0,0,0,0,0,1,0,0
CARRIER_F,2025-07-06 15:00,GWANGYANG,40FT,1,0,0,0,0,0,1,0
CARRIER_F,2025-07-06 16:00,GWANGYANG,40FT,0,0,0,0,0,0,0,0
CARRIER_F,2025-07-06 17:00,GWANGYANG,40FT,0,0,0,0,0,0,0,0
CARRIER_F,2025-07-06 18:00,GWANGYANG,40FT,0,0,0,0,0,0,0,0
CARRIER_F,2025-07-06 19:00,GWANGYANG,40FT,0,0,0,0,0,0,0,0
CARRIER_F,2025-07-06 20:00,GWANGYANG,40FT,0,0,0,0,0,0,0,0
CARRIER_F,2025-07-06 21:00,GWANGYANG,40FT,0,0,0,0,0,0,0,0
CARRIER_F,2025-07-06 22:00,GWANGYANG,40FT,0,0,0,0,0,0,0,0
CARRIER_F,2025-07-06 23:00,GWANGYANG,40FT,0,0,0,0,0,0,0,0
CARRIER_F,2025-07-07 00:00,GWANGYANG,40FT,0,0,0,0,0,0,0,0
CARRIER_F,2025-07-07 01:00,GWANGYANG,40FT,0,0,0,0,0,0,0,0
CARRIER_F,2025-07-07 02:00,GWANGYANG,40FT,0,0,0,0,0,0,0,0
CARRIER_F,2025-07-07 03:00,GWANGYANG,40FT,0,0,0,0,0,0,0,0
CARRIER_F,2025-07-07 04:00,GWANGYANG,40FT,0,0,0,0,0,0,0,0
CARRIER_F,2025-07-07 05:00,GWANGYANG,40FT,0,0,0,0,0,0,0,0
CARRIER_F,2025-07-07 06:00,GWANGYANG,40FT,0,0,0,0,0,0,0,0
CARRIER_F,2025-07-07 07:00,GWANGYANG,40FT,0,0,0,0,0,0,0,0
CARRIER_F,2025-07-07 08:00,GWANGYANG,40FT,0,0,0,0,0,0,0,0
CARRIER_F,2025-07-07 09:00,GWANGYANG,40FT,0,0,0,0,0,0,0,0
CARRIER_F,2025-07-07 10:00,GWANGYANG,40FT,0,1,0,0,1,1,0,0
CARRIER_F,2025-07-07 11:00,GWANGYANG,40FT,0,0,0,0,1,1,0,0
CARRIER_F,2025-07-07 12:00,GWANGYANG,40FT,0,1,0,0,2,2,0,0
CARRIER_F,2025-07-07 13:00,GWANGYANG,40FT,0,2,0,0,4,4,0,0
CARRIER_F,2025-07-07 14:00,GWANGYANG,40FT,0,0,0,0,4,4,0,0
CARRIER_F,2025-07-07 15:00,GWANGYANG,40FT,0,0,0,0,4,4,0,0
CARRIER_F,2025-07-07 16:00,GWANGYANG,40FT,0,1,0,0,5,5,0,0
CARRIER_F,2025-07-07 17:00,GWANGYANG,40FT,0,0,0,0,5,5,0,0
CARRIER_F,2025-07-07 18:00,GWANGYANG,40FT,0,0,0,0,5,5,0,0
CARRIER_F,2025-07-07 19:00,GWANGYANG,40FT,0,0,0,0,5,5,0,0
CARRIER_F,2025-07-07 20:00,GWANGYANG,40FT,0,0,0,0,5,5,0,0
CARRIER_F,2025-07-07 21:00,GWANGYANG,40FT,0,0,0,0,5,5,0,0
CARRIER_F,2025-07-07 22:00,GWANGYANG,40FT,0,0,0,0,5,5,0,0
CARRIER_F,2025-07-07 23:00,GWANGYANG,40FT,0,0,0,0,5,5,0,0
CARRIER_F,2025-07-01 00:00,UIWANG,20FT,0,0,0,0,22,22,0,0
CARRIER_F,2025-07-01 01:00,UIWANG,20FT,0,0,0,0,22,22,0,0
CARRIER_F,2025-07-01 02:00,UIWANG,20FT,0,0,0,0,22,22,0,0
CARRIER_F,2025-07-01 03:00,UIWANG,20FT,0,0,0,0,22,22,0,0
CARRIER_F,2025-07-01 04:00,UIWANG,20FT,0,0,0,0,22,22,0,0
CARRIER_F,2025-07-01 05:00,UIWANG,20FT,1,0,0,0,21,21,0,0
CARRIER_F,2025-07-01 06:00,UIWANG,20FT,0,0,0,0,21,21,0,0
CARRIER_F,2025-07-01 07:00,UIWANG,20FT,0,1,0,0,22,22,0,0
CARRIER_F,2025-07-01 08:00,UIWANG,20FT,3,0,0,0,19,19,0,0
CARRIER_F,2025-07-01 09:00,UIWANG,20FT,0,3,0,0,22,22,0,0
CARRIER_F,2025-07-01 10:00,UIWANG,20FT,2,1,0,0,21,21,0,0
CARRIER_F,2025-07-01 11:00,UIWANG,20FT,1,0,0,0,20,20,0,0
CARRIER_F,2025-07-01 12:00,UIWANG,20FT,1,0,0,0,19,19,0,0
CARRIER_F,2025-07-01 13:00,UIWANG,20FT,1,0,0,0,18,18,0,0
CARRIER_F,2025-07-01 14:00,UIWANG,20FT,1,2,0,0,19,19,0,0
CARRIER_F,2025-07-01 15:00,UIWANG,20FT,0,2,0,1,21,20,0,0
CARRIER_F,2025-07-01 16:00,UIWANG,20FT,0,0,0,0,21,20,0,0
CARRIER_F,2025-07-01 17:00,UIWANG,20FT,1,1,0,0,21,20,0,0
CARRIER_F,2025-07-01 18:00,UIWANG,20FT,0,1,0,0,22,21,0,0
CARRIER_F,2025-07-01 19:00,UIWANG,20FT,1,0,0,0,21,20,0,0
CARRIER_F,2025-07-01 20:00,UIWANG,20FT,0,0,0,0,21,20,0,0
CARRIER_F,2025-07-01 21:00,UIWANG,20FT,0,0,0,0,21,20,0,0
CARRIER_F,2025-07-01 22:00,UIWANG,20FT,0,0,0,0,21,20,0,0
CARRIER_F,2025-07-01 23:00,UIWANG,20FT,0,0,0,0,21,20,0,0
CARRIER_F,2025-07-02 00:00,UIWANG,20FT,0,0,0,0,21,20,0,0
CARRIER_F,2025-07-02 01:00,UIWANG,20FT,0,0,0,0,21,20,0,0
CARRIER_F,2025-07-02 02:00,UIWANG,20FT,0,0,0,0,21,20,0,0
CARRIER_F,2025-07-02 03:00,UIWANG,20FT,0,0,0,0,21,20,0,0
CARRIER_F,2025-07-02 04:00,UIWANG,20FT,0,0,0,0,21,20,0,0
CARRIER_F,2025-07-02 05:00,UIWANG,20FT,0,0,0,0,21,20,0,0
CARRIER_F,2025-07-02 06:00,UIWANG,20FT,2,0,0,0,19,18,0,0
CARRIER_F,2025-07-02 07:00,UIWANG,20FT,0,0,0,0,19,18,0,0
CARRIER_F,2025-07-02 08:00,UIWANG,20FT,0,1,0,0,20,19,0,0
CARRIER_F,2025-07-02 09:00,UIWANG,20FT,1,0,0,0,19,18,0,0
CARRIER_F,2025-07-02 10:00,UIWANG,20FT,0,0,0,0,19,18,0,0
CARRIER_F,2025-07-02 11:00,UIWANG,20FT,1,1,0,0,19,18,0,0
CARRIER_F,2025-07-02 12:00,UIWANG,20FT,0,1,0,0,20,19,0,0
CARRIER_F,2025-07-02 13:00,UIWANG,20FT,0,2,0,0,22,21,0,0
CARRIER_F,2025-07-02 14:00,UIWANG,20FT,2,2,0,0,22,21,0,0
CARRIER_F,2025-07-02 15:00,UIWANG,20FT,1,0,0,0,21,20,0,0
CARRIER_F,2025-07-02 16:00,UIWANG,20FT,0,0,0,0,21,20,0,0
CARRIER_F,2025-07-02 17:00,UIWANG,20FT,0,0,0,0,21,20,0,0
CARRIER_F,2025-07-02 18:00,UIWANG,20FT,0,2,0,0,23,22,0,0
CARRIER_F,2025-07-02 19:00,UIWANG,20FT,0,1,0,0,24,23,0,0
CARRIER_F,2025-07-02 20:00,UIWANG,20FT,0,0,0,0,24,23,0,0
CARRIER_F,2025-07-02 21:00,UIWANG,20FT,0,0,0,0,24,23,0,0
CARRIER_F,2025-07-02 22:00,UIWANG,20FT,0,0,0,0,24,23,0,0
CARRIER_F,2025-07-02 23:00,UIWANG,20FT,0,0,0,0,24,23,0,0
CARRIER_F,2025-07-03 00:00,UIWANG,20FT,0,0,0,0,24,23,0,0
CARRIER_F,2025-07-03 01:00,UIWANG,20FT,0,0,0,0,24,23,0,0
CARRIER_F,2025-07-03 02:00,UIWANG,20FT,0,0,0,0,24,23,0,0
CARRIER_F,2025-07-03 03:00,UIWANG,20FT,0,0,0,0,24,23,0,0
CARRIER_F,2025-07-03 04:00,UIWANG,20FT,0,0,0,0,24,23,0,0
CARRIER_F,2025-07-03 05:00,UIWANG,20FT,0,0,0,0,24,23,0,0
CARRIER_F,2025-07-03 06:00,UIWANG,20FT,0,0,0,0,24,23,0,0
CARRIER_F,2025-07-03 07:00,UIWANG,20FT,0,0,0,0,24,23,0,0
CARRIER_F,2025-07-03 08:00,UIWANG,20FT,0,0,0,0,24,23,0,0
CARRIER_F,2025-07-03 09:00,UIWANG,20FT,0,0,0,0,24,23,0,0
CARRIER_F,2025-07-03 10:00,UIWANG,20FT,1,1,0,0,24,23,0,0
CARRIER_F,2025-07-03 11:00,UIWANG,20FT,0,0,0,0,24,23,0,0
CARRIER_F,2025-07-03 12:00,UIWANG,20FT,0,0,0,0,24,23,0,0
CARRIER_F,2025-07-03 13:00,UIWANG,20FT,0,0,0,0,24,23,0,0
CARRIER_F,2025-07-03 14:00,UIWANG,20FT,1,0,0,0,23,22,0,0
CARRIER_F,2025-07-03 15:00,UIWANG,20FT,1,0,0,1,22,20,0,0
CARRIER_F,2025-07-03 16:00,UIWANG,20FT,0,0,0,0,22,20,0,0
CARRIER_F,2025-07-03 17:00,UIWANG,20FT,1,0,0,0,21,19,0,0
CARRIER_F,2025-07-03 18:00,UIWANG,20FT,2,0,0,0,19,17,0,0
CARRIER_F,2025-07-03 19:00,UIWANG,20FT,0,2,0,0,21,19,0,0
CARRIER_F,2025-07-03 20:00,UIWANG,20FT,0,1,0,0,22,20,0,0
CARRIER_F,2025-07-03 21:00,UIWANG,20FT,0,0,0,0,22,20,0,0
CARRIER_F,2025-07-03 22:00,UIWANG,20FT,0,0,0,0,22,20,0,0
CARRIER_F,2025-07-03 23:00,UIWANG,20FT,0,0,0,0,22,20,0,0
CARRIER_F,2025-07-04 00:00,UIWANG,20FT,0,0,0,0,22,20,0,0
CARRIER_F,2025-07-04 01:00,UIWANG,20FT,0,0,0,0,22,20,0,0
CARRIER_F,2025-07-04 02:00,UIWANG,20FT,0,0,0,0,22,20,0,0
CARRIER_F,2025-07-04 03:00,UIWANG,20FT,0,0,0,0,22,20,0,0
CARRIER_F,2025-07-04 04:00,UIWANG,20FT,0,0,0,0,22,20,0,0
CARRIER_F,2025-07-04 05:00,UIWANG,20FT,0,0,0,0,22,20,0,0
CARRIER_F,2025-07-04 06:00,UIWANG,20FT,0,0,0,0,22,20,0,0
CARRIER_F,2025-07-04 07:00,UIWANG,20FT,0,0,0,0,22,20,0,0
CARRIER_F,2025-07-04 08:00,UIWANG,20FT,0,0,0,0,22,20,0,0
CARRIER_F,2025-07-04 09:00,UIWANG,20FT,0,0,0,0,22,20,0,0
CARRIER_F,2025-07-04 10:00,UIWANG,20FT,2,1,0,0,21,19,0,0
CARRIER_F,2025-07-04 11:00,UIWANG,20FT,1,0,0,0,20,18,0,0
CARRIER_F,2025-07-04 12:00,UIWANG,20FT,0,0,0,0,20,18,0,0
CARRIER_F,2025-07-04 13:00,UIWANG,20FT,0,1,0,0,21,19,0,0
CARRIER_F,2025-07-04 14:00,UIWANG,20FT,1,2,0,0,22,20,0,0
CARRIER_F,2025-07-04 15:00,UIWANG,20FT,0,3,0,5,25,18,0,0
CARRIER_F,2025-07-04 16:00,UIWANG,20FT,1,3,0,0,27,20,0,0
CARRIER_F,2025-07-04 17:00,UIWANG,20FT,0,1,0,0,28,21,0,0
CARRIER_F,2025-07-04 18:00,UIWANG,20FT,0,0,0,0,28,21,0,0
CARRIER_F,2025-07-04 19:00,UIWANG,20FT,1,1,0,0,28,21,0,0
CARRIER_F,2025-07-04 20:00,UIWANG,20FT,0,0,0,0,28,21,0,0
CARRIER_F,2025-07-04 21:00,UIWANG,20FT,0,0,0,0,28,21,0,0
CARRIER_F,2025-07-04 22:00,UIWANG,20FT,0,0,0,0,28,21,0,0
CARRIER_F,2025-07-04 23:00,UIWANG,20FT,0,0,0,0,28,21,0,0
CARRIER_F,2025-07-05 00:00,UIWANG,20FT,0,0,0,0,28,21,0,0
CARRIER_F,2025-07-05 01:00,UIWANG,20FT,0,0,0,0,28,21,0,0
CARRIER_F,2025-07-05 02:00,UIWANG,20FT,0,0,0,0,28,21,0,0
CARRIER_F,2025-07-05 03:00,UIWANG,20FT,0,0,0,0,28,21,0,0
CARRIER_F,2025-07-05 04:00,UIWANG,20FT,0,0,0,0,28,21,0,0
CARRIER_F,2025-07-05 05:00,UIWANG,20FT,1,0,0,0,27,20,0,0
CARRIER_F,2025-07-05 06:00,UIWANG,20FT,0,0,0,0,27,20,0,0
CARRIER_F,2025-07-05 07:00,UIWANG,20FT,1,1,0,0,27,20,0,0
CARRIER_F,2025-07-05 08:00,UIWANG,20FT,0,0,0,0,27,20,0,0
CARRIER_F,2025-07-05 09:00,UIWANG,20FT,1,0,0,0,26,19,0,0
CARRIER_F,2025-07-05 10:00,UIWANG,20FT,0,0,0,0,26,19,0,0
CARRIER_F,2025-07-05 11:00,UIWANG,20FT,0,1,0,0,27,20,0,0
CARRIER_F,2025-07-05 12:00,UIWANG,20FT,1,0,0,0,26,19,0,0
CARRIER_F,2025-07-05 13:00,UIWANG,20FT,0,0,0,0,26,19,0,0
CARRIER_F,2025-07-05 14:00,UIWANG,20FT,0,0,0,0,26,19,0,0
CARRIER_F,2025-07-05 15:00,UIWANG,20FT,2,0,0,0,24,17,0,0
CARRIER_F,2025-07-05 16:00,UIWANG,20FT,0,1,0,0,25,18,0,0
CARRIER_F,2025-07-05 17:00,UIWANG,20FT,0,0,0,0,25,18,0,0
CARRIER_F,2025-07-05 18:00,UIWANG,20FT,1,0,0,0,24,17,0,0
CARRIER_F,2025-07-05 19:00,UIWANG,20FT,0,0,0,0,24,17,0,0
CARRIER_F,2025-07-05 20:00,UIWANG,20FT,0,0,0,0,24,17,0,0
CARRIER_F,2025-07-05 21:00,UIWANG,20FT,0,0,0,0,24,17,0,0
CARRIER_F,2025-07-05 22:00,UIWANG,20FT,0,0,0,0,24,17,0,0
CARRIER_F,2025-07-05 23:00,UIWANG,20FT,0,0,0,0,24,17,0,0
CARRIER_F,2025-07-06 00:00,UIWANG,20FT,0,0,0,0,24,17,0,0
CARRIER_F,2025-07-06 01:00,UIWANG,20FT,0,0,0,0,24,17,0,0
CARRIER_F,2025-07-06 02:00,UIWANG,20FT,0,0,0,0,24,17,0,0
CARRIER_F,2025-07-06 03:00,UIWANG,20FT,0,0,0,0,24,17,0,0
CARRIER_F,2025-07-06 04:00,UIWANG,20FT,0,0,0,0,24,17,0,0
CARRIER_F,2025-07-06 05:00,UIWANG,20FT,0,0,0,0,24,17,0,0
CARRIER_F,2025-07-06 06:00,UIWANG,20FT,0,0,0,0,24,17,0,0
CARRIER_F,2025-07-06 07:00,UIWANG,20FT,0,0,0,0,24,17,0,0
CARRIER_F,2025-07-06 08:00,UIWANG,20FT,0,0,0,0,24,17,0,0
CARRIER_F,2025-07-06 09:00,UIWANG,20FT,0,0,0,0,24,17,0,0
CARRIER_F,2025-07-06 10:00,UIWANG,20FT,2,1,0,0,23,16,0,0
CARRIER_F,2025-07-06 11:00,UIWANG,20FT,1,0,0,0,22,15,0,0
CARRIER_F,2025-07-06 12:00,UIWANG,20FT,0,0,0,0,22,15,0,0
CARRIER_F,2025-07-06 13:00,UIWANG,20FT,1,0,0,0,21,14,0,0
CARRIER_F,2025-07-06 14:00,UIWANG,20FT,1,0,0,0,20,13,0,0
CARRIER_F,2025-07-06 15:00,UIWANG,20FT,2,0,0,0,18,11,0,0
CARRIER_F,2025-07-06 16:00,UIWANG,20FT,1,0,0,0,17,10,0,0
CARRIER_F,2025-07-06 17:00,UIWANG,20FT,0,0,0,0,17,10,0,0
CARRIER_F,2025-07-06 18:00,UIWANG,20FT,0,0,0,0,17,10,0,0
CARRIER_F,2025-07-06 19:00,UIWANG,20FT,0,0,0,0,17,10,0,0
CARRIER_F,2025-07-06 20:00,UIWANG,20FT,0,0,0,0,17,10,0,0
CARRIER_F,2025-07-06 21:00,UIWANG,20FT,0,0,0,0,17,10,0,0
CARRIER_F,2025-07-06 22:00,UIWANG,20FT,0,0,0,0,17,10,0,0
CARRIER_F,2025-07-06 23:00,UIWANG,20FT,0,0,0,0,17,10,0,0
CARRIER_F,2025-07-07 00:00,UIWANG,20FT,0,0,0,0,17,10,0,0
CARRIER_F,2025-07-07 01:00,UIWANG,20FT,0,0,0,0,17,10,0,0
CARRIER_F,2025-07-07 02:00,UIWANG,20FT,0,0,0,0,17,10,0,0
CARRIER_F,2025-07-07 03:00,UIWANG,20FT,0,0,0,0,17,10,0,0
CARRIER_F,2025-07-07 04:00,UIWANG,20FT,0,0,0,0,17,10,0,0
CARRIER_F,2025-07-07 05:00,UIWANG,20FT,0,0,0,0,17,10,0,0
CARRIER_F,2025-07-07 06:00,UIWANG,20FT,0,0,0,0,17,10,0,0
CARRIER_F,2025-07-07 07:00,UIWANG,20FT,0,0,0,0,17,10,0,0
CARRIER_F,2025-07-07 08:00,UIWANG,20FT,0,1,0,0,18,11,0,0
CARRIER_F,2025-07-07 09:00,UIWANG,20FT,0,1,0,0,19,12,0,0
CARRIER_F,2025-07-07 10:00,UIWANG,20FT,1,0,0,0,18,11,0,0
CARRIER_F,2025-07-07 11:00,UIWANG,20FT,0,0,0,0,18,11,0,0
CARRIER_F,2025-07-07 12:00,UIWANG,20FT,0,1,0,0,19,12,0,0
CARRIER_F,2025-07-07 13:00,UIWANG,20FT,0,0,0,0,19,12,0,0
CARRIER_F,2025-07-07 14:00,UIWANG,20FT,2,1,0,0,18,11,0,0
CARRIER_F,2025-07-07 15:00,UIWANG,20FT,1,1,0,0,18,11,0,0
CARRIER_F,2025-07-07 16:00,UIWANG,20FT,1,0,0,0,17,10,0,0
CARRIER_F,2025-07-07 17:00,UIWANG,20FT,1,0,0,0,16,9,0,0
CARRIER_F,2025-07-07 18:00,UIWANG,20FT,1,0,0,0,15,8,0,0
CARRIER_F,2025-07-07 19:00,UIWANG,20FT,0,1,0,0,16,9,0,0
CARRIER_F,2025-07-07 20:00,UIWANG,20FT,0,0,0,0,16,9,0,0
CARRIER_F,2025-07-07 21:00,UIWANG,20FT,0,0,0,0,16,9,0,0
CARRIER_F,2025-07-07 22:00,UIWANG,20FT,0,0,0,0,16,9,0,0
CARRIER_F,2025-07-07 23:00,UIWANG,20FT,0,0,0,0,16,9,0,0
CARRIER_F,2025-07-01 00:00,UIWANG,40FT,0,0,0,0,6,6,0,0
CARRIER_F,2025-07-01 01:00,UIWANG,40FT,0,0,0,0,6,6,0,0
CARRIER_F,2025-07-01 02:00,UIWANG,40FT,0,0,0,0,6,6,0,0
CARRIER_F,2025-07-01 03:00,UIWANG,40FT,0,0,0,0,6,6,0,0
CARRIER_F,2025-07-01 04:00,UIWANG,40FT,0,0,0,0,6,6,0,0
CARRIER_F,2025-07-01 05:00,UIWANG,40FT,0,0,0,0,6,6,0,0
CARRIER_F,2025-07-01 06:00,UIWANG,40FT,0,0,0,0,6,6,0,0
CARRIER_F,2025-07-01 07:00,UIWANG,40FT,0,0,0,0,6,6,0,0
CARRIER_F,2025-07-01 08:00,UIWANG,40FT,0,0,0,0,6,6,0,0
CARRIER_F,2025-07-01 09:00,UIWANG,40FT,0,0,0,0,6,6,0,0
CARRIER_F,2025-07-01 10:00,UIWANG,40FT,0,0,0,0,6,6,0,0
CARRIER_F,2025-07-01 11:00,UIWANG,40FT,0,0,0,0,6,6,0,0
CARRIER_F,2025-07-01 12:00,UIWANG,40FT,0,1,0,0,7,7,0,0
CARRIER_F,2025-07-01 13:00,UIWANG,40FT,2,0,0,0,5,5,0,0
CARRIER_F,2025-07-01 14:00,UIWANG,40FT,0,0,0,0,5,5,0,0
CARRIER_F,2025-07-01 15:00,UIWANG,40FT,2,0,0,0,3,3,0,0
CARRIER_F,2025-07-01 16:00,UIWANG,40FT,0,1,0,0,4,4,0,0
CARRIER_F,2025-07-01 17:00,UIWANG,40FT,0,0,0,0,4,4,0,0
CARRIER_F,2025-07-01 18:00,UIWANG,40FT,1,0,0,0,3,3,0,0
CARRIER_F,2025-07-01 19:00,UIWANG,40FT,0,0,0,0,3,3,0,0
CARRIER_F,2025-07-01 20:00,UIWANG,40FT,0,0,0,0,3,3,0,0
CARRIER_F,2025-07-01 21:00,UIWANG,40FT,0,0,0,0,3,3,0,0
CARRIER_F,2025-07-01 22:00,UIWANG,40FT,0,0,0,0,3,3,0,0
CARRIER_F,2025-07-01 23:00,UIWANG,40FT,0,0,0,0,3,3,0,0
CARRIER_F,2025-07-02 00:00,UIWANG,40FT,0,0,0,0,3,3,0,0
CARRIER_F,2025-07-02 01:00,UIWANG,40FT,0,0,0,0,3,3,0,0
CARRIER_F,2025-07-02 02:00,UIWANG,40FT,0,0,0,0,3,3,0,0
CARRIER_F,2025-07-02 03:00,UIWANG,40FT,0,0,0,0,3,3,0,0
CARRIER_F,2025-07-02 04:00,UIWANG,40FT,0,0,0,0,3,3,0,0
CARRIER_F,2025-07-02 05:00,UIWANG,40FT,0,0,0,0,3,3,0,0
CARRIER_F,2025-07-02 06:00,UIWANG,40FT,0,0,0,0,3,3,0,0
CARRIER_F,2025-07-02 07:00,UIWANG,40FT,0,0,0,0,3,3,0,0
CARRIER_F,2025-07-02 08:00,UIWANG,40FT,0,0,0,0,3,3,0,0
CARRIER_F,2025-07-02 09:00,UIWANG,40FT,0,0,0,0,3,3,0,0
CARRIER_F,2025-07-02 10:00,UIWANG,40FT,0,0,0,0,3,3,0,0
CARRIER_F,2025-07-02 11:00,UIWANG,40FT,1,0,0,0,2,2,0,0
CARRIER_F,2025-07-02 12:00,UIWANG,40FT,1,0,0,0,1,1,0,0
CARRIER_F,2025-07-02 13:00,UIWANG,40FT,1,1,0,0,1,1,0,0
CARRIER_F,2025-07-02 14:00,UIWANG,40FT,1,0,0,0,0,0,0,0
CARRIER_F,2025-07-02 15:00,UIWANG,40FT,0,0,0,0,0,0,0,0
CARRIER_F,2025-07-02 16:00,UIWANG,40FT,0,0,0,0,0,0,0,0
CARRIER_F,2025-07-02 17:00,UIWANG,40FT,0,0,0,0,0,0,0,0
CARRIER_F,2025-07-02 18:00,UIWANG,40FT,0,0,0,0,0,0,0,0
CARRIER_F,2025-07-02 19:00,UIWANG,40FT,0,1,0,0,1,1,0,0
CARRIER_F,2025-07-02 20:00,UIWANG,40FT,0,0,0,0,1,1,0,0
CARRIER_F,2025-07-02 21:00,UIWANG,40FT,0,0,0,0,1,1,0,0
CARRIER_F,2025-07-02 22:00,UIWANG,40FT,0,0,0,0,1,1,0,0
CARRIER_F,2025-07-02 23:00,UIWANG,40FT,0,0,0,0,1,1,0,0
CARRIER_F,2025-07-03 00:00,UIWANG,40FT,0,0,0,0,1,1,0,0
CARRIER_F,2025-07-03 01:00,UIWANG,40FT,0,0,0,0,1,1,0,0
CARRIER_F,2025-07-03 02:00,UIWANG,40FT,0,0,0,0,1,1,0,0
CARRIER_F,2025-07-03 03:00,UIWANG,40FT,0,0,0,0,1,1,0,0
CARRIER_F,2025-07-03 04:00,UIWANG,40FT,0,0,0,0,1,1,0,0
CARRIER_F,2025-07-03 05:00,UIWANG,40FT,1,0,0,0,0,0,0,0
CARRIER_F,2025-07-03 06:00,UIWANG,40FT,0,0,0,0,0,0,0,0
CARRIER_F,2025-07-03 07:00,UIWANG,40FT,0,0,0,0,0,0,0,0
CARRIER_F,2025-07-03 08:00,UIWANG,40FT,0,0,0,0,0,0,0,0
CARRIER_F,2025-07-03 09:00,UIWANG,40FT,0,0,0,0,0,0,0,0
CARRIER_F,2025-07-03 10:00,UIWANG,40FT,0,0,0,0,0,0,0,0
CARRIER_F,2025-07-03 11:00,UIWANG,40FT,0,0,0,0,0,0,0,0
CARRIER_F,2025-07-03 12:00,UIWANG,40FT,0,0,0,0,0,0,0,0
CARRIER_F,2025-07-03 13:00,UIWANG,40FT,0,0,0,0,0,0,0,0
CARRIER_F,2025-07-03 14:00,UIWANG,40FT,0,0,0,0,0,0,0,0
CARRIER_F,2025-07-03 15:00,UIWANG,40FT,0,0,0,0,0,0,0,0
CARRIER_F,2025-07-03 16:00,UIWANG,40FT,0,0,0,0,0,0,0,0
CARRIER_F,2025-07-03 17:00,UIWANG,40FT,0,0,0,0,0,0,0,0
CARRIER_F,2025-07-03 18:00,UIWANG,40FT,0,1,0,0,1,1,0,0
CARRIER_F,2025-07-03 19:00,UIWANG,40FT,0,1,0,0,2,2,0,0
CARRIER_F,2025-07-03 20:00,UIWANG,40FT,0,0,0,0,2,2,0,0
CARRIER_F,2025-07-03 21:00,UIWANG,40FT,0,0,0,0,2,2,0,0
CARRIER_F,2025-07-03 22:00,UIWANG,40FT,0,0,0,0,2,2,0,0
CARRIER_F,2025-07-03 23:00,UIWANG,40FT,0,0,0,0,2,2,0,0
CARRIER_F,2025-07-04 00:00,UIWANG,40FT,0,0,0,0,2,2,0,0
CARRIER_F,2025-07-04 01:00,UIWANG,40FT,0,0,0,0,2,2,0,0
CARRIER_F,2025-07-04 02:00,UIWANG,40FT,0,0,0,0,2,2,0,0
CARRIER_F,2025-07-04 03:00,UIWANG,40FT,0,0,0,0,2,2,0,0
CARRIER_F,2025-07-04 04:00,UIWANG,40FT,0,0,0,0,2,2,0,0
CARRIER_F,2025-07-04 05:00,UIWANG,40FT,0,0,0,0,2,2,0,0
CARRIER_F,2025-07-04 06:00,UIWANG,40FT,0,0,0,0,2,2,0,0
CARRIER_F,2025-07-04 07:00,UIWANG,40FT,0,0,0,0,2,2,0,0
CARRIER_F,2025-07-04 08:00,UIWANG,40FT,0,1,0,0,3,3,0,0
CARRIER_F,2025-07-04 09:00,UIWANG,40FT,0,0,0,0,3,3,0,0
CARRIER_F,2025-07-04 10:00,UIWANG,40FT,0,0,0,0,3,3,0,0
CARRIER_F,2025-07-04 11:00,UIWANG,40FT,0,0,0,0,3,3,0,0
CARRIER_F,2025-07-04 12:00,UIWANG,40FT,0,0,0,0,3,3,0,0
CARRIER_F,2025-07-04 13:00,UIWANG,40FT,1,1,0,0,3,3,0,0
CARRIER_F,2025-07-04 14:00,UIWANG,40FT,0,0,0,0,3,3,0,0
CARRIER_F,2025-07-04 15:00,UIWANG,40FT,0,0,0,0,3,3,0,0
CARRIER_F,2025-07-04 16:00,UIWANG,40FT,1,0,0,0,2,2,0,0
CARRIER_F,2025-07-04 17:00,UIWANG,40FT,0,0,0,0,2,2,0,0
CARRIER_F,2025-07-04 18:00,UIWANG,40FT,0,0,0,0,2,2,0,0
CARRIER_F,2025-07-04 19:00,UIWANG,40FT,0,1,0,0,3,3,0,0
CARRIER_F,2025-07-04 20:00,UIWANG,40FT,0,0,0,0,3,3,0,0
CARRIER_F,2025-07-04 21:00,UIWANG,40FT,0,0,0,0,3,3,0,0
CARRIER_F,2025-07-04 22:00,UIWANG,40FT,0,0,0,0,3,3,0,0
CARRIER_F,2025-07-04 23:00,UIWANG,40FT,0,0,0,0,3,3,0,0
CARRIER_F,2025-07-05 00:00,UIWANG,40FT,0,0,0,0,3,3,0,0
CARRIER_F,2025-07-05 01:00,UIWANG,40FT,0,0,0,0,3,3,0,0
CARRIER_F,2025-07-05 02:00,UIWANG,40FT,0,0,0,0,3,3,0,0
CARRIER_F,2025-07-05 03:00,UIWANG,40FT,0,0,0,0,3,3,0,0
CARRIER_F,2025-07-05 04:00,UIWANG,40FT,0,0,0,0,3,3,0,0
CARRIER_F,2025-07-05 05:00,UIWANG,40FT,0,0,0,0,3,3,0,0
CARRIER_F,2025-07-05 06:00,UIWANG,40FT,0,0,0,0,3,3,0,0
CARRIER_F,2025-07-05 07:00,UIWANG,40FT,0,0,0,0,3,3,0,0
CARRIER_F,2025-07-05 08:00,UIWANG,40FT,0,0,0,0,3,3,0,0
CARRIER_F,2025-07-05 09:00,UIWANG,40FT,0,0,0,0,3,3,0,0
CARRIER_F,2025-07-05 10:00,UIWANG,40FT,0,0,0,0,3,3,0,0
CARRIER_F,2025-07-05 11:00,UIWANG,40FT,0,0,0,0,3,3,0,0
CARRIER_F,2025-07-05 12:00,UIWANG,40FT,0,0,0,0,3,3,0,0
CARRIER_F,2025-07-05 13:00,UIWANG,40FT,0,0,0,0,3,3,0,0
CARRIER_F,2025-07-05 14:00,UIWANG,40FT,0,0,0,0,3,3,0,0
CARRIER_F,2025-07-05 15:00,UIWANG,40FT,1,0,0,0,2,2,0,0
CARRIER_F,2025-07-05 16:00,UIWANG,40FT,1,0,0,0,1,1,0,0
CARRIER_F,2025-07-05 17:00,UIWANG,40FT,1,0,0,0,0,0,0,0
CARRIER_F,2025-07-05 18:00,UIWANG,40FT,0,0,0,0,0,0,0,0
CARRIER_F,2025-07-05 19:00,UIWANG,40FT,0,0,0,0,0,0,0,0
CARRIER_F,2025-07-05 20:00,UIWANG,40FT,0,1,0,0,1,1,0,0
CARRIER_F,2025-07-05 21:00,UIWANG,40FT,0,0,0,0,1,1,0,0
CARRIER_F,2025-07-05 22:00,UIWANG,40FT,0,0,0,0,1,1,0,0
CARRIER_F,2025-07-05 23:00,UIWANG,40FT,0,0,0,0,1,1,0,0
CARRIER_F,2025-07-06 00:00,UIWANG,40FT,0,0,0,0,1,1,0,0
CARRIER_F,2025-07-06 01:00,UIWANG,40FT,0,0,0,0,1,1,0,0
CARRIER_F,2025-07-06 02:00,UIWANG,40FT,0,0,0,0,1,1,0,0
CARRIER_F,2025-07-06 03:00,UIWANG,40FT,0,0,0,0,1,1,0,0
CARRIER_F,2025-07-06 04:00,UIWANG,40FT,0,0,0,0,1,1,0,0
CARRIER_F,2025-07-06 05:00,UIWANG,40FT,0,0,0,0,1,1,0,0
CARRIER_F,2025-07-06 06:00,UIWANG,40FT,0,0,0,0,1,1,0,0
CARRIER_F,2025-07-06 07:00,UIWANG,40FT,0,0,0,0,1,1,0,0
CARRIER_F,2025-07-06 08:00,UIWANG,40FT,0,0,0,0,1,1,0,0
CARRIER_F,2025-07-06 09:00,UIWANG,40FT,0,0,0,0,1,1,0,0
CARRIER_F,2025-07-06 10:00,UIWANG,40FT,0,0,0,0,1,1,0,0
CARRIER_F,2025-07-06 11:00,UIWANG,40FT,0,0,0,0,1,1,0,0
CARRIER_F,2025-07-06 12:00,UIWANG,40FT,0,0,0,0,1,1,0,0
CARRIER_F,2025-07-06 13:00,UIWANG,40FT,0,0,0,0,1,1,0,0
CARRIER_F,2025-07-06 14:00,UIWANG,40FT,0,0,0,0,1,1,0,0
CARRIER_F,2025-07-06 15:00,UIWANG,40FT,0,0,0,0,1,1,0,0
CARRIER_F,2025-07-06 16:00,UIWANG,40FT,0,0,0,0,1,1,0,0
CARRIER_F,2025-07-06 17:00,UIWANG,40FT,0,0,0,0,1,1,0,0
CARRIER_F,2025-07-06 18:00,UIWANG,40FT,0,0,0,0,1,1,0,0
CARRIER_F,2025-07-06 19:00,UIWANG,40FT,0,0,0,0,1,1,0,0
CARRIER_F,2025-07-06 20:00,UIWANG,40FT,0,0,0,0,1,1,0,0
CARRIER_F,2025-07-06 21:00,UIWANG,40FT,0,0,0,0,1,1,0,0
CARRIER_F,2025-07-06 22:00,UIWANG,40FT,0,0,0,0,1,1,0,0
CARRIER_F,2025-07-06 23:00,UIWANG,40FT,0,0,0,0,1,1,0,0
CARRIER_F,2025-07-07 00:00,UIWANG,40FT,0,0,0,0,1,1,0,0
CARRIER_F,2025-07-07 01:00,UIWANG,40FT,0,0,0,0,1,1,0,0
CARRIER_F,2025-07-07 02:00,UIWANG,40FT,0,0,0,0,1,1,0,0
CARRIER_F,2025-07-07 03:00,UIWANG,40FT,0,0,0,0,1,1,0,0
CARRIER_F,2025-07-07 04:00,UIWANG,40FT,0,0,0,0,1,1,0,0
CARRIER_F,2025-07-07 05:00,UIWANG,40FT,0,0,0,0,1,1,0,0
CARRIER_F,2025-07-07 06:00,UIWANG,40FT,0,0,0,0,1,1,0,0
CARRIER_F,2025-07-07 07:00,UIWANG,40FT,1,0,0,0,0,0,0,0
CARRIER_F,2025-07-07 08:00,UIWANG,40FT,1,0,0,0,0,0,1,1
CARRIER_F,2025-07-07 09:00,UIWANG,40FT,0,0,0,0,0,0,0,0
CARRIER_F,2025-07-07 10:00,UIWANG,40FT,1,0,0,0,0,0,1,1
CARRIER_F,2025-07-07 11:00,UIWANG,40FT,0,1,0,0,1,1,0,0
CARRIER_F,2025-07-07 12:00,UIWANG,40FT,0,0,0,0,1,1,0,0
CARRIER_F,2025-07-07 13:00,UIWANG,40FT,0,0,0,0,1,1,0,0
CARRIER_F,2025-07-07 14:00,UIWANG,40FT,0,0,0,0,1,1,0,0
CARRIER_F,2025-07-07 15:00,UIWANG,40FT,0,1,0,0,2,2,0,0
CARRIER_F,2025-07-07 16:00,UIWANG,40FT,0,0,0,0,2,2,0,0
CARRIER_F,2025-07-07 17:00,UIWANG,40FT,1,0,0,0,1,1,0,0
CARRIER_F,2025-07-07 18:00,UIWANG,40FT,0,0,0,0,1,1,0,0
CARRIER_F,2025-07-07 19:00,UIWANG,40FT,0,0,0,0,1,1,0,0
CARRIER_F,2025-07-07 20:00,UIWANG,40FT,0,0,0,0,1,1,0,0
CARRIER_F,2025-07-07 21:00,UIWANG,40FT,0,0,0,0,1,1,0,0
CARRIER_F,2025-07-07 22:00,UIWANG,40FT,0,0,0,0,1,1,0,0
CARRIER_F,2025-07-07 23:00,UIWANG,40FT,0,0,0,0,1,1,0,0
CARRIER_F,2025-07-01 00:00,YAKMOK,20FT,0,0,0,0,5,5,0,0
CARRIER_F,2025-07-01 01:00,YAKMOK,20FT,0,0,0,0,5,5,0,0
CARRIER_F,2025-07-01 02:00,YAKMOK,20FT,0,0,0,0,5,5,0,0
CARRIER_F,2025-07-01 03:00,YAKMOK,20FT,0,0,0,0,5,5,0,0
CARRIER_F,2025-07-01 04:00,YAKMOK,20FT,0,0,0,0,5,5,0,0
CARRIER_F,2025-07-01 05:00,YAKMOK,20FT,1,0,0,0,4,4,0,0
CARRIER_F,2025-07-01 06:00,YAKMOK,20FT,0,0,0,0,4,4,0,0
CARRIER_F,2025-07-01 07:00,YAKMOK,20FT,0,0,0,0,4,4,0,0
CARRIER_F,2025-07-01 08:00,YAKMOK,20FT,0,0,0,0,4,4,0,0
CARRIER_F,2025-07-01 09:00,YAKMOK,20FT,0,0,0,0,4,4,0,0
CARRIER_F,2025-07-01 10:00,YAKMOK,20FT,0,1,0,0,5,5,0,0
CARRIER_F,2025-07-01 11:00,YAKMOK,20FT,0,1,0,0,6,6,0,0
CARRIER_F,2025-07-01 12:00,YAKMOK,20FT,0,1,0,0,7,7,0,0
CARRIER_F,2025-07-01 13:00,YAKMOK,20FT,0,0,0,0,7,7,0,0
CARRIER_F,2025-07-01 14:00,YAKMOK,20FT,0,0,0,0,7,7,0,0
CARRIER_F,2025-07-01 15:00,YAKMOK,20FT,0,0,0,0,7,7,0,0
CARRIER_F,2025-07-01 16:00,YAKMOK,20FT,0,0,0,0,7,7,0,0
CARRIER_F,2025-07-01 17:00,YAKMOK,20FT,0,0,0,0,7,7,0,0
CARRIER_F,2025-07-01 18:00,YAKMOK,20FT,0,0,0,0,7,7,0,0
CARRIER_F,2025-07-01 19:00,YAKMOK,20FT,0,0,0,0,7,7,0,0
CARRIER_F,2025-07-01 20:00,YAKMOK,20FT,0,0,0,0,7,7,0,0
CARRIER_F,2025-07-01 21:00,YAKMOK,20FT,0,0,0,0,7,7,0,0
CARRIER_F,2025-07-01 22:00,YAKMOK,20FT,0,0,0,0,7,7,0,0
CARRIER_F,2025-07-01 23:00,YAKMOK,20FT,0,0,0,0,7,7,0,0
CARRIER_F,2025-07-02 00:00,YAKMOK,20FT,0,0,0,0,7,7,0,0
CARRIER_F,2025-07-02 01:00,YAKMOK,20FT,0,0,0,0,7,7,0,0
CARRIER_F,2025-07-02 02:00,YAKMOK,20FT,0,0,0,0,7,7,0,0
CARRIER_F,2025-07-02 03:00,YAKMOK,20FT,0,0,0,0,7,7,0,0
CARRIER_F,2025-07-02 04:00,YAKMOK,20FT,0,0,0,0,7,7,0,0
CARRIER_F,2025-07-02 05:00,YAKMOK,20FT,0,0,0,0,7,7,0,0
CARRIER_F,2025-07-02 06:00,YAKMOK,20FT,0,0,0,0,7,7,0,0
CARRIER_F,2025-07-02 07:00,YAKMOK,20FT,0,0,0,0,7,7,0,0
CARRIER_F,2025-07-02 08:00,YAKMOK,20FT,0,0,0,0,7,7,0,0
CARRIER_F,2025-07-02 09:00,YAKMOK,20FT,1,0,0,0,6,6,0,0
CARRIER_F,2025-07-02 10:00,YAKMOK,20FT,0,0,0,0,6,6,0,0
CARRIER_F,2025-07-02 11:00,YAKMOK,20FT,0,0,0,0,6,6,0,0
CARRIER_F,2025-07-02 12:00,YAKMOK,20FT,1,0,0,0,5,5,0,0
CARRIER_F,2025-07-02 13:00,YAKMOK,20FT,0,0,0,0,5,5,0,0
CARRIER_F,2025-07-02 14:00,YAKMOK,20FT,2,0,0,0,3,3,0,0
CARRIER_F,2025-07-02 15:00,YAKMOK,20FT,0,0,0,0,3,3,0,0
CARRIER_F,2025-07-02 16:00,YAKMOK,20FT,0,0,0,0,3,3,0,0
CARRIER_F,2025-07-02 17:00,YAKMOK,20FT,0,0,0,0,3,3,0,0
CARRIER_F,2025-07-02 18:00,YAKMOK,20FT,0,0,0,0,3,3,0,0
CARRIER_F,2025-07-02 19:00,YAKMOK,20FT,0,0,0,0,3,3,0,0
CARRIER_F,2025-07-02 20:00,YAKMOK,20FT,0,0,0,0,3,3,0,0
CARRIER_F,2025-07-02 21:00,YAKMOK,20FT,0,0,0,0,3,3,0,0
CARRIER_F,2025-07-02 22:00,YAKMOK,20FT,0,0,0,0,3,3,0,0
CARRIER_F,2025-07-02 23:00,YAKMOK,20FT,0,0,0,0,3,3,0,0
CARRIER_F,2025-07-03 00:00,YAKMOK,20FT,0,0,0,0,3,3,0,0
CARRIER_F,2025-07-03 01:00,YAKMOK,20FT,0,0,0,0,3,3,0,0
CARRIER_F,2025-07-03 02:00,YAKMOK,20FT,0,0,0,0,3,3,0,0
CARRIER_F,2025-07-03 03:00,YAKMOK,20FT,0,0,0,0,3,3,0,0
CARRIER_F,2025-07-03 04:00,YAKMOK,20FT,0,0,0,0,3,3,0,0
CARRIER_F,2025-07-03 05:00,YAKMOK,20FT,0,0,0,0,3,3,0,0
CARRIER_F,2025-07-03 06:00,YAKMOK,20FT,0,0,0,0,3,3,0,0
CARRIER_F,2025-07-03 07:00,YAKMOK,20FT,0,0,0,0,3,3,0,0
CARRIER_F,2025-07-03 08:00,YAKMOK,20FT,0,0,0,0,3,3,0,0
CARRIER_F,2025-07-03 09:00,YAKMOK,20FT,0,0,0,0,3,3,0,0
CARRIER_F,2025-07-03 10:00,YAKMOK,20FT,0,0,0,0,3,3,0,0
CARRIER_F,2025-07-03 11:00,YAKMOK,20FT,1,0,0,0,2,2,0,0
CARRIER_F,2025-07-03 12:00,YAKMOK,20FT,0,0,0,0,2,2,0,0
CARRIER_F,2025-07-03 13:00,YAKMOK,20FT,1,1,0,0,2,2,0,0
CARRIER_F,2025-07-03 14:00,YAKMOK,20FT,0,0,0,0,2,2,0,0
CARRIER_F,2025-07-03 15:00,YAKMOK,20FT,0,0,0,0,2,2,0,0
CARRIER_F,2025-07-03 16:00,YAKMOK,20FT,0,0,0,0,2,2,0,0
CARRIER_F,2025-07-03 17:00,YAKMOK,20FT,0,0,0,0,2,2,0,0
CARRIER_F,2025-07-03 18:00,YAKMOK,20FT,0,0,0,0,2,2,0,0
CARRIER_F,2025-07-03 19:00,YAKMOK,20FT,0,0,0,0,2,2,0,0
CARRIER_F,2025-07-03 20:00,YAKMOK,20FT,0,0,0,0,2,2,0,0
CARRIER_F,2025-07-03 21:00,YAKMOK,20FT,0,0,0,0,2,2,0,0
CARRIER_F,2025-07-03 22:00,YAKMOK,20FT,0,0,0,0,2,2,0,0
CARRIER_F,2025-07-03 23:00,YAKMOK,20FT,0,0,0,0,2,2,0,0
CARRIER_F,2025-07-04 00:00,YAKMOK,20FT,0,0,0,0,2,2,0,0
CARRIER_F,2025-07-04 01:00,YAKMOK,20FT,0,0,0,0,2,2,0,0
CARRIER_F,2025-07-04 02:00,YAKMOK,20FT,0,0,0,0,2,2,0,0
CARRIER_F,2025-07-04 03:00,YAKMOK,20FT,0,0,0,0,2,2,0,0
CARRIER_F,2025-07-04 04:00,YAKMOK,20FT,0,0,0,0,2,2,0,0
CARRIER_F,2025-07-04 05:00,YAKMOK,20FT,0,0,0,0,2,2,0,0
CARRIER_F,2025-07-04 06:00,YAKMOK,20FT,0,0,0,0,2,2,0,0
CARRIER_F,2025-07-04 07:00,YAKMOK,20FT,0,0,0,0,2,2,0,0
CARRIER_F,2025-07-04 08:00,YAKMOK,20FT,0,0,0,0,2,2,0,0
CARRIER_F,2025-07-04 09:00,YAKMOK,20FT,1,0,0,0,1,1,0,0
CARRIER_F,2025-07-04 10:00,YAKMOK,20FT,0,0,0,0,1,1,0,0
CARRIER_F,2025-07-04 11:00,YAKMOK,20FT,0,0,0,0,1,1,0,0
CARRIER_F,2025-07-04 12:00,YAKMOK,20FT,0,0,0,0,1,1,0,0
CARRIER_F,2025-07-04 13:00,YAKMOK,20FT,0,0,0,0,1,1,0,0
CARRIER_F,2025-07-04 14:00,YAKMOK,20FT,0,0,0,0,1,1,0,0
CARRIER_F,2025-07-04 15:00,YAKMOK,20FT,0,0,0,0,1,1,0,0
CARRIER_F,2025-07-04 16:00,YAKMOK,20FT,0,0,0,0,1,1,0,0
CARRIER_F,2025-07-04 17:00,YAKMOK,20FT,0,0,0,0,1,1,0,0
CARRIER_F,2025-07-04 18:00,YAKMOK,20FT,0,0,0,0,1,1,0,0
CARRIER_F,2025-07-04 19:00,YAKMOK,20FT,0,0,0,0,1,1,0,0
CARRIER_F,2025-07-04 20:00,YAKMOK,20FT,0,0,0,0,1,1,0,0
CARRIER_F,2025-07-04 21:00,YAKMOK,20FT,0,0,0,0,1,1,0,0
CARRIER_F,2025-07-04 22:00,YAKMOK,20FT,0,0,0,0,1,1,0,0
CARRIER_F,2025-07-04 23:00,YAKMOK,20FT,0,0,0,0,1,1,0,0
CARRIER_F,2025-07-05 00:00,YAKMOK,20FT,0,0,0,0,1,1,0,0
CARRIER_F,2025-07-05 01:00,YAKMOK,20FT,0,0,0,0,1,1,0,0
CARRIER_F,2025-07-05 02:00,YAKMOK,20FT,0,0,0,0,1,1,0,0
CARRIER_F,2025-07-05 03:00,YAKMOK,20FT,0,0,0,0,1,1,0,0
CARRIER_F,2025-07-05 04:00,YAKMOK,20FT,0,0,1,0,1,2,0,0
CARRIER_F,2025-07-05 05:00,YAKMOK,20FT,0,0,0,0,1,2,0,0
CARRIER_F,2025-07-05 06:00,YAKMOK,20FT,0,0,0,0,1,2,0,0
CARRIER_F,2025-07-05 07:00,YAKMOK,20FT,0,0,0,0,1,2,0,0
CARRIER_F,2025-07-05 08:00,YAKMOK,20FT,0,0,0,0,1,2,0,0
CARRIER_F,2025-07-05 09:00,YAKMOK,20FT,0,0,0,0,1,2,0,0
CARRIER_F,2025-07-05 10:00,YAKMOK,20FT,0,0,0,0,1,2,0,0
CARRIER_F,2025-07-05 11:00,YAKMOK,20FT,0,0,0,0,1,2,0,0
CARRIER_F,2025-07-05 12:00,YAKMOK,20FT,0,0,0,0,1,2,0,0
CARRIER_F,2025-07-05 13:00,YAKMOK,20FT,0,1,0,0,2,3,0,0
CARRIER_F,2025-07-05 14:00,YAKMOK,20FT,0,0,0,0,2,3,0,0
CARRIER_F,2025-07-05 15:00,YAKMOK,20FT,1,0,0,0,1,2,0,0
CARRIER_F,2025-07-05 16:00,YAKMOK,20FT,0,1,0,0,2,3,0,0
CARRIER_F,2025-07-05 17:00,YAKMOK,20FT,0,0,0,0,2,3,0,0
CARRIER_F,2025-07-05 18:00,YAKMOK,20FT,0,0,0,0,2,3,0,0
CARRIER_F,2025-07-05 19:00,YAKMOK,20FT,0,0,0,0,2,3,0,0
CARRIER_F,2025-07-05 20:00,YAKMOK,20FT,0,0,0,0,2,3,0,0
CARRIER_F,2025-07-05 21:00,YAKMOK,20FT,0,0,0,0,2,3,0,0
CARRIER_F,2025-07-05 22:00,YAKMOK,20FT,0,0,0,0,2,3,0,0
CARRIER_F,2025-07-05 23:00,YAKMOK,20FT,0,0,0,0,2,3,0,0
CARRIER_F,2025-07-06 00:00,YAKMOK,20FT,0,0,0,0,2,3,0,0
CARRIER_F,2025-07-06 01:00,YAKMOK,20FT,0,0,0,0,2,3,0,0
CARRIER_F,2025-07-06 02:00,YAKMOK,20FT,0,0,0,0,2,3,0,0
CARRIER_F,2025-07-06 03:00,YAKMOK,20FT,0,0,0,0,2,3,0,0
CARRIER_F,2025-07-06 04:00,YAKMOK,20FT,0,0,0,0,2,3,0,0
CARRIER_F,2025-07-06 05:00,YAKMOK,20FT,0,0,0,0,2,3,0,0
CARRIER_F,2025-07-06 06:00,YAKMOK,20FT,0,0,0,0,2,3,0,0
CARRIER_F,2025-07-06 07:00,YAKMOK,20FT,0,0,0,0,2,3,0,0
CARRIER_F,2025-07-06 08:00,YAKMOK,20FT,0,0,0,0,2,3,0,0
CARRIER_F,2025-07-06 09:00,YAKMOK,20FT,0,0,0,0,2,3,0,0
CARRIER_F,2025-07-06 10:00,YAKMOK,20FT,0,0,0,0,2,3,0,0
CARRIER_F,2025-07-06 11:00,YAKMOK,20FT,0,0,0,0,2,3,0,0
CARRIER_F,2025-07-06 12:00,YAKMOK,20FT,0,0,0,0,2,3,0,0
CARRIER_F,2025-07-06 13:00,YAKMOK,20FT,0,0,0,0,2,3,0,0
CARRIER_F,2025-07-06 14:00,YAKMOK,20FT,0,0,0,0,2,3,0,0
CARRIER_F,2025-07-06 15:00,YAKMOK,20FT,0,0,0,0,2,3,0,0
CARRIER_F,2025-07-06 16:00,YAKMOK,20FT,0,0,0,0,2,3,0,0
CARRIER_F,2025-07-06 17:00,YAKMOK,20FT,0,0,0,0,2,3,0,0
CARRIER_F,2025-07-06 18:00,YAKMOK,20FT,0,0,0,0,2,3,0,0
CARRIER_F,2025-07-06 19:00,YAKMOK,20FT,0,0,0,0,2,3,0,0
CARRIER_F,2025-07-06 20:00,YAKMOK,20FT,0,0,0,0,2,3,0,0
CARRIER_F,2025-07-06 21:00,YAKMOK,20FT,0,0,0,0,2,3,0,0
CARRIER_F,2025-07-06 22:00,YAKMOK,20FT,0,0,0,0,2,3,0,0
CARRIER_F,2025-07-06 23:00,YAKMOK,20FT,0,0,0,0,2,3,0,0
CARRIER_F,2025-07-07 00:00,YAKMOK,20FT,0,0,0,0,2,3,0,0
CARRIER_F,2025-07-07 01:00,YAKMOK,20FT,0,0,0,0,2,3,0,0
CARRIER_F,2025-07-07 02:00,YAKMOK,20FT,0,0,0,0,2,3,0,0
CARRIER_F,2025-07-07 03:00,YAKMOK,20FT,0,0,0,0,2,3,0,0
CARRIER_F,2025-07-07 04:00,YAKMOK,20FT,0,0,0,0,2,3,0,0
CARRIER_F,2025-07-07 05:00,YAKMOK,20FT,0,0,0,0,2,3,0,0
CARRIER_F,2025-07-07 06:00,YAKMOK,20FT,0,0,0,0,2,3,0,0
CARRIER_F,2025-07-07 07:00,YAKMOK,20FT,0,0,0,0,2,3,0,0
CARRIER_F,2025-07-07 08:00,YAKMOK,20FT,0,0,0,0,2,3,0,0
CARRIER_F,2025-07-07 09:00,YAKMOK,20FT,1,0,0,0,1,2,0,0
CARRIER_F,2025-07-07 10:00,YAKMOK,20FT,0,0,0,0,1,2,0,0
CARRIER_F,2025-07-07 11:00,YAKMOK,20FT,0,0,0,0,1,2,0,0
CARRIER_F,2025-07-07 12:00,YAKMOK,20FT,0,0,0,0,1,2,0,0
CARRIER_F,2025-07-07 13:00,YAKMOK,20FT,0,0,0,0,1,2,0,0
CARRIER_F,2025-07-07 14:00,YAKMOK,20FT,0,0,0,0,1,2,0,0
CARRIER_F,2025-07-07 15:00,YAKMOK,20FT,0,0,0,0,1,2,0,0
CARRIER_F,2025-07-07 16:00,YAKMOK,20FT,2,0,0,0,0,0,1,0
CARRIER_F,2025-07-07 17:00,YAKMOK,20FT,0,0,0,0,0,0,0,0
CARRIER_F,2025-07-07 18:00,YAKMOK,20FT,0,0,0,0,0,0,0,0
CARRIER_F,2025-07-07 19:00,YAKMOK,20FT,0,0,0,0,0,0,0,0
CARRIER_F,2025-07-07 20:00,YAKMOK,20FT,0,0,0,0,0,0,0,0
CARRIER_F,2025-07-07 21:00,YAKMOK,20FT,0,0,0,0,0,0,0,0
CARRIER_F,2025-07-07 22:00,YAKMOK,20FT,0,0,0,0,0,0,0,0
CARRIER_F,2025-07-07 23:00,YAKMOK,20FT,0,0,0,0,0,0,0,0
CARRIER_F,2025-07-01 00:00,YAKMOK,40FT,0,0,0,0,1,1,0,0
CARRIER_F,2025-07-01 01:00,YAKMOK,40FT,0,0,0,0,1,1,0,0
CARRIER_F,2025-07-01 02:00,YAKMOK,40FT,0,0,0,0,1,1,0,0
CARRIER_F,2025-07-01 03:00,YAKMOK,40FT,0,0,0,0,1,1,0,0
CARRIER_F,2025-07-01 04:00,YAKMOK,40FT,0,0,0,0,1,1,0,0
CARRIER_F,2025-07-01 05:00,YAKMOK,40FT,0,0,0,0,1,1,0,0
CARRIER_F,2025-07-01 06:00,YAKMOK,40FT,0,0,0,0,1,1,0,0
CARRIER_F,2025-07-01 07:00,YAKMOK,40FT,0,0,0,0,1,1,0,0
CARRIER_F,2025-07-01 08:00,YAKMOK,40FT,0,0,0,0,1,1,0,0
CARRIER_F,2025-07-01 09:00,YAKMOK,40FT,0,0,0,0,1,1,0,0
CARRIER_F,2025-07-01 10:00,YAKMOK,40FT,0,0,0,0,1,1,0,0
CARRIER_F,2025-07-01 11:00,YAKMOK,40FT,0,0,0,0,1,1,0,0
CARRIER_F,2025-07-01 12:00,YAKMOK,40FT,0,0,0,0,1,1,0,0
CARRIER_F,2025-07-01 13:00,YAKMOK,40FT,0,0,0,0,1,1,0,0
CARRIER_F,2025-07-01 14:00,YAKMOK,40FT,0,0,0,0,1,1,0,0
CARRIER_F,2025-07-01 15:00,YAKMOK,40FT,0,0,0,0,1,1,0,0
CARRIER_F,2025-07-01 16:00,YAKMOK,40FT,0,0,0,0,1,1,0,0
CARRIER_F,2025-07-01 17:00,YAKMOK,40FT,0,0,0,0,1,1,0,0
CARRIER_F,2025-07-01 18:00,YAKMOK,40FT,0,0,0,0,1,1,0,0
CARRIER_F,2025-07-01 19:00,YAKMOK,40FT,0,0,0,0,1,1,0,0
CARRIER_F,2025-07-01 20:00,YAKMOK,40FT,0,0,0,0,1,1,0,0
CARRIER_F,2025-07-01 21:00,YAKMOK,40FT,0,0,0,0,1,1,0,0
CARRIER_F,2025-07-01 22:00,YAKMOK,40FT,0,0,0,0,1,1,0,0
CARRIER_F,2025-07-01 23:00,YAKMOK,40FT,0,0,0,0,1,1,0,0
CARRIER_F,2025-07-02 00:00,YAKMOK,40FT,0,0,0,0,1,1,0,0
CARRIER_F,2025-07-02 01:00,YAKMOK,40FT,0,0,0,0,1,1,0,0
CARRIER_F,2025-07-02 02:00,YAKMOK,40FT,0,0,0,0,1,1,0,0
CARRIER_F,2025-07-02 03:00,YAKMOK,40FT,0,0,0,0,1,1,0,0
CARRIER_F,2025-07-02 04:00,YAKMOK,40FT,0,0,0,0,1,1,0,0
CARRIER_F,2025-07-02 05:00,YAKMOK,40FT,0,0,0,0,1,1,0,0
CARRIER_F,2025-07-02 06:00,YAKMOK,40FT,0,0,0,0,1,1,0,0
CARRIER_F,2025-07-02 07:00,YAKMOK,40FT,0,0,0,0,1,1,0,0
CARRIER_F,2025-07-02 08:00,YAKMOK,40FT,0,0,0,0,1,1,0,0
CARRIER_F,2025-07-02 09:00,YAKMOK,40FT,0,0,0,0,1,1,0,0
CARRIER_F,2025-07-02 10:00,YAKMOK,40FT,0,0,0,0,1,1,0,0
CARRIER_F,2025-07-02 11:00,YAKMOK,40FT,0,0,0,0,1,1,0,0
CARRIER_F,2025-07-02 12:00,YAKMOK,40FT,0,0,0,0,1,1,0,0
CARRIER_F,2025-07-02 13:00,YAKMOK,40FT,0,0,0,0,1,1,0,0
CARRIER_F,2025-07-02 14:00,YAKMOK,40FT,0,0,0,0,1,1,0,0
CARRIER_F,2025-07-02 15:00,YAKMOK,40FT,0,0,0,0,1,1,0,0
CARRIER_F,2025-07-02 16:00,YAKMOK,40FT,0,0,0,0,1,1,0,0
CARRIER_F,2025-07-02 17:00,YAKMOK,40FT,0,0,0,0,1,1,0,0
CARRIER_F,2025-07-02 18:00,YAKMOK,40FT,0,0,0,0,1,1,0,0
CARRIER_F,2025-07-02 19:00,YAKMOK,40FT,0,0,0,0,1,1,0,0
CARRIER_F,2025-07-02 20:00,YAKMOK,40FT,0,0,0,0,1,1,0,0
CARRIER_F,2025-07-02 21:00,YAKMOK,40FT,0,0,0,0,1,1,0,0
CARRIER_F,2025-07-02 22:00,YAKMOK,40FT,0,0,0,0,1,1,0,0
CARRIER_F,2025-07-02 23:00,YAKMOK,40FT,0,0,0,0,1,1,0,0
CARRIER_F,2025-07-03 00:00,YAKMOK,40FT,0,0,0,0,1,1,0,0
CARRIER_F,2025-07-03 01:00,YAKMOK,40FT,0,0,0,0,1,1,0,0
CARRIER_F,2025-07-03 02:00,YAKMOK,40FT,0,0,0,0,1,1,0,0
CARRIER_F,2025-07-03 03:00,YAKMOK,40FT,0,0,0,0,1,1,0,0
CARRIER_F,2025-07-03 04:00,YAKMOK,40FT,0,0,0,0,1,1,0,0
CARRIER_F,2025-07-03 05:00,YAKMOK,40FT,0,0,0,0,1,1,0,0
CARRIER_F,2025-07-03 06:00,YAKMOK,40FT,0,0,0,0,1,1,0,0
CARRIER_F,2025-07-03 07:00,YAKMOK,40FT,0,0,0,0,1,1,0,0
CARRIER_F,2025-07-03 08:00,YAKMOK,40FT,0,0,0,0,1,1,0,0
CARRIER_F,2025-07-03 09:00,YAKMOK,40FT,0,0,0,0,1,1,0,0
CARRIER_F,2025-07-03 10:00,YAKMOK,40FT,0,0,0,0,1,1,0,0
CARRIER_F,2025-07-03 11:00,YAKMOK,40FT,0,0,0,0,1,1,0,0
CARRIER_F,2025-07-03 12:00,YAKMOK,40FT,0,0,0,0,1,1,0,0
CARRIER_F,2025-07-03 13:00,YAKMOK,40FT,0,0,0,0,1,1,0,0
CARRIER_F,2025-07-03 14:00,YAKMOK,40FT,0,0,0,0,1,1,0,0
CARRIER_F,2025-07-03 15:00,YAKMOK,40FT,0,0,0,0,1,1,0,0
CARRIER_F,2025-07-03 16:00,YAKMOK,40FT,0,1,0,0,2,2,0,0
CARRIER_F,2025-07-03 17:00,YAKMOK,40FT,0,0,0,0,2,2,0,0
CARRIER_F,2025-07-03 18:00,YAKMOK,40FT,0,0,0,0,2,2,0,0
CARRIER_F,2025-07-03 19:00,YAKMOK,40FT,0,0,0,0,2,2,0,0
CARRIER_F,2025-07-03 20:00,YAKMOK,40FT,0,0,0,0,2,2,0,0
CARRIER_F,2025-07-03 21:00,YAKMOK,40FT,0,0,0,0,2,2,0,0
CARRIER_F,2025-07-03 22:00,YAKMOK,40FT,0,0,0,0,2,2,0,0
CARRIER_F,2025-07-03 23:00,YAKMOK,40FT,0,0,0,0,2,2,0,0
CARRIER_F,2025-07-04 00:00,YAKMOK,40FT,0,0,0,0,2,2,0,0
CARRIER_F,2025-07-04 01:00,YAKMOK,40FT,0,0,0,0,2,2,0,0
CARRIER_F,2025-07-04 02:00,YAKMOK,40FT,0,0,0,0,2,2,0,0
CARRIER_F,2025-07-04 03:00,YAKMOK,40FT,0,0,0,0,2,2,0,0
CARRIER_F,2025-07-04 04:00,YAKMOK,40FT,0,0,0,0,2,2,0,0
CARRIER_F,2025-07-04 05:00,YAKMOK,40FT,0,0,0,0,2,2,0,0
CARRIER_F,2025-07-04 06:00,YAKMOK,40FT,0,0,0,0,2,2,0,0
CARRIER_F,2025-07-04 07:00,YAKMOK,40FT,0,0,0,0,2,2,0,0
CARRIER_F,2025-07-04 08:00,YAKMOK,40FT,0,0,0,0,2,2,0,0
CARRIER_F,2025-07-04 09:00,YAKMOK,40FT,0,0,0,0,2,2,0,0
CARRIER_F,2025-07-04 10:00,YAKMOK,40FT,0,0,0,0,2,2,0,0
CARRIER_F,2025-07-04 11:00,YAKMOK,40FT,0,0,0,0,2,2,0,0
CARRIER_F,2025-07-04 12:00,YAKMOK,40FT,0,0,0,0,2,2,0,0
CARRIER_F,2025-07-04 13:00,YAKMOK,40FT,0,0,0,0,2,2,0,0
CARRIER_F,2025-07-04 14:00,YAKMOK,40FT,0,0,0,0,2,2,0,0
CARRIER_F,2025-07-04 15:00,YAKMOK,40FT,0,0,0,0,2,2,0,0
CARRIER_F,2025-07-04 16:00,YAKMOK,40FT,0,0,0,0,2,2,0,0
CARRIER_F,2025-07-04 17:00,YAKMOK,40FT,0,0,0,0,2,2,0,0
CARRIER_F,2025-07-04 18:00,YAKMOK,40FT,0,0,0,0,2,2,0,0
CARRIER_F,2025-07-04 19:00,YAKMOK,40FT,0,0,0,0,2,2,0,0
CARRIER_F,2025-07-04 20:00,YAKMOK,40FT,0,0,0,0,2,2,0,0
CARRIER_F,2025-07-04 21:00,YAKMOK,40FT,0,0,0,0,2,2,0,0
CARRIER_F,2025-07-04 22:00,YAKMOK,40FT,0,0,0,0,2,2,0,0
CARRIER_F,2025-07-04 23:00,YAKMOK,40FT,0,0,0,0,2,2,0,0
CARRIER_F,2025-07-05 00:00,YAKMOK,40FT,0,0,0,0,2,2,0,0
CARRIER_F,2025-07-05 01:00,YAKMOK,40FT,0,0,0,0,2,2,0,0
CARRIER_F,2025-07-05 02:00,YAKMOK,40FT,0,0,0,0,2,2,0,0
CARRIER_F,2025-07-05 03:00,YAKMOK,40FT,0,0,0,0,2,2,0,0
CARRIER_F,2025-07-05 04:00,YAKMOK,40FT,0,0,0,0,2,2,0,0
CARRIER_F,2025-07-05 05:00,YAKMOK,40FT,0,0,0,0,2,2,0,0
CARRIER_F,2025-07-05 06:00,YAKMOK,40FT,0,0,0,0,2,2,0,0
CARRIER_F,2025-07-05 07:00,YAKMOK,40FT,0,0,0,0,2,2,0,0
CARRIER_F,2025-07-05 08:00,YAKMOK,40FT,0,0,0,0,2,2,0,0
CARRIER_F,2025-07-05 09:00,YAKMOK,40FT,0,0,0,0,2,2,0,0
CARRIER_F,2025-07-05 10:00,YAKMOK,40FT,0,0,0,0,2,2,0,0
CARRIER_F,2025-07-05 11:00,YAKMOK,40FT,0,0,0,0,2,2,0,0
CARRIER_F,2025-07-05 12:00,YAKMOK,40FT,0,0,0,0,2,2,0,0
CARRIER_F,2025-07-05 13:00,YAKMOK,40FT,0,0,0,0,2,2,0,0
CARRIER_F,2025-07-05 14:00,YAKMOK,40FT,0,0,0,0,2,2,0,0
CARRIER_F,2025-07-05 15:00,YAKMOK,40FT,0,0,0,0,2,2,0,0
CARRIER_F,2025-07-05 16:00,YAKMOK,40FT,0,0,0,0,2,2,0,0
CARRIER_F,2025-07-05 17:00,YAKMOK,40FT,0,0,0,0,2,2,0,0
CARRIER_F,2025-07-05 18:00,YAKMOK,40FT,0,0,0,0,2,2,0,0
CARRIER_F,2025-07-05 19:00,YAKMOK,40FT,0,0,0,0,2,2,0,0
CARRIER_F,2025-07-05 20:00,YAKMOK,40FT,0,0,0,0,2,2,0,0
CARRIER_F,2025-07-05 21:00,YAKMOK,40FT,0,0,0,0,2,2,0,0
CARRIER_F,2025-07-05 22:00,YAKMOK,40FT,0,0,0,0,2,2,0,0
CARRIER_F,2025-07-05 23:00,YAKMOK,40FT,0,0,0,0,2,2,0,0
CARRIER_F,2025-07-06 00:00,YAKMOK,40FT,0,0,0,0,2,2,0,0
CARRIER_F,2025-07-06 01:00,YAKMOK,40FT,0,0,0,0,2,2,0,0
CARRIER_F,2025-07-06 02:00,YAKMOK,40FT,0,0,0,0,2,2,0,0
CARRIER_F,2025-07-06 03:00,YAKMOK,40FT,0,0,0,0,2,2,0,0
CARRIER_F,2025-07-06 04:00,YAKMOK,40FT,0,0,0,0,2,2,0,0
CARRIER_F,2025-07-06 05:00,YAKMOK,40FT,0,0,0,0,2,2,0,0
CARRIER_F,2025-07-06 06:00,YAKMOK,40FT,0,0,0,0,2,2,0,0
CARRIER_F,2025-07-06 07:00,YAKMOK,40FT,0,0,0,0,2,2,0,0
CARRIER_F,2025-07-06 08:00,YAKMOK,40FT,0,1,0,0,3,3,0,0
CARRIER_F,2025-07-06 09:00,YAKMOK,40FT,0,0,0,0,3,3,0,0
CARRIER_F,2025-07-06 10:00,YAKMOK,40FT,0,0,0,0,3,3,0,0
CARRIER_F,2025-07-06 11:00,YAKMOK,40FT,0,0,0,0,3,3,0,0
CARRIER_F,2025-07-06 12:00,YAKMOK,40FT,0,0,0,0,3,3,0,0
CARRIER_F,2025-07-06 13:00,YAKMOK,40FT,0,0,0,0,3,3,0,0
CARRIER_F,2025-07-06 14:00,YAKMOK,40FT,0,0,0,0,3,3,0,0
CARRIER_F,2025-07-06 15:00,YAKMOK,40FT,0,0,0,0,3,3,0,0
CARRIER_F,2025-07-06 16:00,YAKMOK,40FT,0,0,0,0,3,3,0,0
CARRIER_F,2025-07-06 17:00,YAKMOK,40FT,0,0,0,0,3,3,0,0
CARRIER_F,2025-07-06 18:00,YAKMOK,40FT,0,0,0,0,3,3,0,0
CARRIER_F,2025-07-06 19:00,YAKMOK,40FT,0,0,0,0,3,3,0,0
CARRIER_F,2025-07-06 20:00,YAKMOK,40FT,0,0,0,0,3,3,0,0
CARRIER_F,2025-07-06 21:00,YAKMOK,40FT,0,0,0,0,3,3,0,0
CARRIER_F,2025-07-06 22:00,YAKMOK,40FT,0,0,0,0,3,3,0,0
CARRIER_F,2025-07-06 23:00,YAKMOK,40FT,0,0,0,0,3,3,0,0
CARRIER_F,2025-07-07 00:00,YAKMOK,40FT,0,0,0,0,3,3,0,0
CARRIER_F,2025-07-07 01:00,YAKMOK,40FT,0,0,0,0,3,3,0,0
CARRIER_F,2025-07-07 02:00,YAKMOK,40FT,0,0,0,0,3,3,0,0
CARRIER_F,2025-07-07 03:00,YAKMOK,40FT,0,0,0,0,3,3,0,0
CARRIER_F,2025-07-07 04:00,YAKMOK,40FT,0,0,0,0,3,3,0,0
CARRIER_F,2025-07-07 05:00,YAKMOK,40FT,0,0,0,0,3,3,0,0
CARRIER_F,2025-07-07 06:00,YAKMOK,40FT,0,0,0,0,3,3,0,0
CARRIER_F,2025-07-07 07:00,YAKMOK,40FT,0,0,0,0,3,3,0,0
CARRIER_F,2025-07-07 08:00,YAKMOK,40FT,1,0,0,0,2,2,0,0
CARRIER_F,2025-07-07 09:00,YAKMOK,40FT,0,0,0,0,2,2,0,0
CARRIER_F,2025-07-07 10:00,YAKMOK,40FT,0,0,0,0,2,2,0,0
CARRIER_F,2025-07-07 11:00,YAKMOK,40FT,0,0,0,0,2,2,0,0
CARRIER_F,2025-07-07 12:00,YAKMOK,40FT,0,0,0,0,2,2,0,0
CARRIER_F,2025-07-07 13:00,YAKMOK,40FT,0,0,0,0,2,2,0,0
CARRIER_F,2025-07-07 14:00,YAKMOK,40FT,0,0,0,0,2,2,0,0
CARRIER_F,2025-07-07 15:00,YAKMOK,40FT,0,0,0,0,2,2,0,0
CARRIER_F,2025-07-07 16:00,YAKMOK,40FT,0,0,0,0,2,2,0,0
CARRIER_F,2025-07-07 17:00,YAKMOK,40FT,0,0,0,0,2,2,0,0
CARRIER_F,2025-07-07 18:00,YAKMOK,40FT,0,0,0,0,2,2,0,0
CARRIER_F,2025-07-07 19:00,YAKMOK,40FT,0,0,0,0,2,2,0,0
CARRIER_F,2025-07-07 20:00,YAKMOK,40FT,0,0,0,0,2,2,0,0
CARRIER_F,2025-07-07 21:00,YAKMOK,40FT,0,0,0,0,2,2,0,0
CARRIER_F,2025-07-07 22:00,YAKMOK,40FT,0,0,0,0,2,2,0,0
CARRIER_F,2025-07-07 23:00,YAKMOK,40FT,0,0,0,0,2,2,0,0
