carrier_id,timestamp,hub_code,container_size,demand,external_supply,rail_inbound_boxes,rail_outbound_boxes,baseline_inventory,post_rail_inventory,baseline_unmet_demand,post_rail_unmet_demand
CARRIER_A,2025-07-08 00:00,BUGANG,20FT,0,0,0,0,5,5,0,0
CARRIER_A,2025-07-08 01:00,BUGANG,20FT,0,0,0,0,5,5,0,0
CARRIER_A,2025-07-08 02:00,BUGANG,20FT,0,0,0,0,5,5,0,0
CARRIER_A,2025-07-08 03:00,BUGANG,20FT,0,0,0,0,5,5,0,0
CARRIER_A,2025-07-08 04:00,BUGANG,20FT,0,0,0,0,5,5,0,0
CARRIER_A,2025-07-08 05:00,BUGANG,20FT,0,0,0,0,5,5,0,0
CARRIER_A,2025-07-08 06:00,BUGANG,20FT,0,0,0,0,5,5,0,0
CARRIER_A,2025-07-08 07:00,BUGANG,20FT,0,0,0,0,5,5,0,0
CARRIER_A,2025-07-08 08:00,BUGANG,20FT,0,0,0,0,5,5,0,0
CARRIER_A,2025-07-08 09:00,BUGANG,20FT,0,0,0,0,5,5,0,0
CARRIER_A,2025-07-08 10:00,BUGANG,20FT,0,0,0,0,5,5,0,0
CARRIER_A,2025-07-08 11:00,BUGANG,20FT,0,0,0,0,5,5,0,0
CARRIER_A,2025-07-08 12:00,BUGANG,20FT,0,0,0,0,5,5,0,0
CARRIER_A,2025-07-08 13:00,BUGANG,20FT,0,0,0,0,5,5,0,0
CARRIER_A,2025-07-08 14:00,BUGANG,20FT,0,0,0,0,5,5,0,0
CARRIER_A,2025-07-08 15:00,BUGANG,20FT,0,0,0,0,5,5,0,0
CARRIER_A,2025-07-08 16:00,BUGANG,20FT,0,1,0,0,6,6,0,0
CARRIER_A,2025-07-08 17:00,BUGANG,20FT,0,1,0,0,7,7,0,0
CARRIER_A,2025-07-08 18:00,BUGANG,20FT,0,1,0,0,8,8,0,0
CARRIER_A,2025-07-08 19:00,BUGANG,20FT,0,0,0,0,8,8,0,0
CARRIER_A,2025-07-08 20:00,BUGANG,20FT,0,1,0,4,9,5,0,0
CARRIER_A,2025-07-08 21:00,BUGANG,20FT,0,0,0,0,9,5,0,0
CARRIER_A,2025-07-08 22:00,BUGANG,20FT,0,0,0,0,9,5,0,0
CARRIER_A,2025-07-08 23:00,BUGANG,20FT,0,0,0,0,9,5,0,0
CARRIER_A,2025-07-09 00:00,BUGANG,20FT,0,0,0,0,9,5,0,0
CARRIER_A,2025-07-09 01:00,BUGANG,20FT,0,0,0,0,9,5,0,0
CARRIER_A,2025-07-09 02:00,BUGANG,20FT,0,0,0,0,9,5,0,0
CARRIER_A,2025-07-09 03:00,BUGANG,20FT,0,0,0,0,9,5,0,0
CARRIER_A,2025-07-09 04:00,BUGANG,20FT,0,0,0,0,9,5,0,0
CARRIER_A,2025-07-09 05:00,BUGANG,20FT,0,0,0,0,9,5,0,0
CARRIER_A,2025-07-09 06:00,BUGANG,20FT,0,0,0,0,9,5,0,0
CARRIER_A,2025-07-09 07:00,BUGANG,20FT,0,0,0,0,9,5,0,0
CARRIER_A,2025-07-09 08:00,BUGANG,20FT,0,0,0,0,9,5,0,0
CARRIER_A,2025-07-09 09:00,BUGANG,20FT,1,0,0,0,8,4,0,0
CARRIER_A,2025-07-09 10:00,BUGANG,20FT,0,0,0,0,8,4,0,0
CARRIER_A,2025-07-09 11:00,BUGANG,20FT,0,1,0,0,9,5,0,0
CARRIER_A,2025-07-09 12:00,BUGANG,20FT,0,0,0,0,9,5,0,0
CARRIER_A,2025-07-09 13:00,BUGANG,20FT,0,0,0,0,9,5,0,0
CARRIER_A,2025-07-09 14:00,BUGANG,20FT,0,0,0,0,9,5,0,0
CARRIER_A,2025-07-09 15:00,BUGANG,20FT,0,0,0,0,9,5,0,0
CARRIER_A,2025-07-09 16:00,BUGANG,20FT,1,1,0,0,9,5,0,0
CARRIER_A,2025-07-09 17:00,BUGANG,20FT,0,0,0,0,9,5,0,0
CARRIER_A,2025-07-09 18:00,BUGANG,20FT,1,0,0,0,8,4,0,0
CARRIER_A,2025-07-09 19:00,BUGANG,20FT,0,0,0,0,8,4,0,0
CARRIER_A,2025-07-09 20:00,BUGANG,20FT,0,0,0,0,8,4,0,0
CARRIER_A,2025-07-09 21:00,BUGANG,20FT,0,0,0,0,8,4,0,0
CARRIER_A,2025-07-09 22:00,BUGANG,20FT,0,0,0,0,8,4,0,0
CARRIER_A,2025-07-09 23:00,BUGANG,20FT,0,0,0,0,8,4,0,0
CARRIER_A,2025-07-10 00:00,BUGANG,20FT,0,0,0,0,8,4,0,0
CARRIER_A,2025-07-10 01:00,BUGANG,20FT,0,0,0,0,8,4,0,0
CARRIER_A,2025-07-10 02:00,BUGANG,20FT,0,0,0,0,8,4,0,0
CARRIER_A,2025-07-10 03:00,BUGANG,20FT,0,0,0,0,8,4,0,0
CARRIER_A,2025-07-10 04:00,BUGANG,20FT,0,0,0,0,8,4,0,0
CARRIER_A,2025-07-10 05:00,BUGANG,20FT,0,0,0,0,8,4,0,0
CARRIER_A,2025-07-10 06:00,BUGANG,20FT,0,0,0,0,8,4,0,0
CARRIER_A,2025-07-10 07:00,BUGANG,20FT,0,0,0,0,8,4,0,0
CARRIER_A,2025-07-10 08:00,BUGANG,20FT,0,0,0,0,8,4,0,0
CARRIER_A,2025-07-10 09:00,BUGANG,20FT,0,0,0,0,8,4,0,0
CARRIER_A,2025-07-10 10:00,BUGANG,20FT,0,0,0,0,8,4,0,0
CARRIER_A,2025-07-10 11:00,BUGANG,20FT,0,0,0,0,8,4,0,0
CARRIER_A,2025-07-10 12:00,BUGANG,20FT,0,0,0,0,8,4,0,0
CARRIER_A,2025-07-10 13:00,BUGANG,20FT,0,0,0,0,8,4,0,0
CARRIER_A,2025-07-10 14:00,BUGANG,20FT,0,0,0,0,8,4,0,0
CARRIER_A,2025-07-10 15:00,BUGANG,20FT,1,0,0,0,7,3,0,0
CARRIER_A,2025-07-10 16:00,BUGANG,20FT,0,0,0,0,7,3,0,0
CARRIER_A,2025-07-10 17:00,BUGANG,20FT,0,0,0,0,7,3,0,0
CARRIER_A,2025-07-10 18:00,BUGANG,20FT,0,0,0,0,7,3,0,0
CARRIER_A,2025-07-10 19:00,BUGANG,20FT,0,0,0,0,7,3,0,0
CARRIER_A,2025-07-10 20:00,BUGANG,20FT,0,0,0,0,7,3,0,0
CARRIER_A,2025-07-10 21:00,BUGANG,20FT,0,1,0,0,8,4,0,0
CARRIER_A,2025-07-10 22:00,BUGANG,20FT,0,0,0,0,8,4,0,0
CARRIER_A,2025-07-10 23:00,BUGANG,20FT,0,0,0,0,8,4,0,0
CARRIER_A,2025-07-11 00:00,BUGANG,20FT,0,0,0,0,8,4,0,0
CARRIER_A,2025-07-11 01:00,BUGANG,20FT,0,0,0,0,8,4,0,0
CARRIER_A,2025-07-11 02:00,BUGANG,20FT,0,0,0,0,8,4,0,0
CARRIER_A,2025-07-11 03:00,BUGANG,20FT,0,0,0,0,8,4,0,0
CARRIER_A,2025-07-11 04:00,BUGANG,20FT,0,0,0,0,8,4,0,0
CARRIER_A,2025-07-11 05:00,BUGANG,20FT,1,0,0,0,7,3,0,0
CARRIER_A,2025-07-11 06:00,BUGANG,20FT,0,0,0,0,7,3,0,0
CARRIER_A,2025-07-11 07:00,BUGANG,20FT,0,0,0,0,7,3,0,0
CARRIER_A,2025-07-11 08:00,BUGANG,20FT,3,0,0,0,4,0,0,0
CARRIER_A,2025-07-11 09:00,BUGANG,20FT,0,0,0,0,4,0,0,0
CARRIER_A,2025-07-11 10:00,BUGANG,20FT,0,0,0,0,4,0,0,0
CARRIER_A,2025-07-11 11:00,BUGANG,20FT,0,1,0,0,5,1,0,0
CARRIER_A,2025-07-11 12:00,BUGANG,20FT,0,0,0,0,5,1,0,0
CARRIER_A,2025-07-11 13:00,BUGANG,20FT,0,1,0,0,6,2,0,0
CARRIER_A,2025-07-11 14:00,BUGANG,20FT,0,0,0,0,6,2,0,0
CARRIER_A,2025-07-11 15:00,BUGANG,20FT,0,0,0,0,6,2,0,0
CARRIER_A,2025-07-11 16:00,BUGANG,20FT,0,1,0,0,7,3,0,0
CARRIER_A,2025-07-11 17:00,BUGANG,20FT,1,0,0,0,6,2,0,0
CARRIER_A,2025-07-11 18:00,BUGANG,20FT,0,0,0,0,6,2,0,0
CARRIER_A,2025-07-11 19:00,BUGANG,20FT,0,0,0,0,6,2,0,0
CARRIER_A,2025-07-11 20:00,BUGANG,20FT,0,0,0,1,6,1,0,0
CARRIER_A,2025-07-11 21:00,BUGANG,20FT,0,0,0,0,6,1,0,0
CARRIER_A,2025-07-11 22:00,BUGANG,20FT,0,0,0,0,6,1,0,0
CARRIER_A,2025-07-11 23:00,BUGANG,20FT,0,0,0,0,6,1,0,0
CARRIER_A,2025-07-12 00:00,BUGANG,20FT,0,0,0,0,6,1,0,0
CARRIER_A,2025-07-12 01:00,BUGANG,20FT,0,0,0,0,6,1,0,0
CARRIER_A,2025-07-12 02:00,BUGANG,20FT,0,0,0,0,6,1,0,0
CARRIER_A,2025-07-12 03:00,BUGANG,20FT,0,0,0,0,6,1,0,0
CARRIER_A,2025-07-12 04:00,BUGANG,20FT,0,0,0,0,6,1,0,0
CARRIER_A,2025-07-12 05:00,BUGANG,20FT,0,0,0,0,6,1,0,0
CARRIER_A,2025-07-12 06:00,BUGANG,20FT,0,0,0,0,6,1,0,0
CARRIER_A,2025-07-12 07:00,BUGANG,20FT,0,0,0,0,6,1,0,0
CARRIER_A,2025-07-12 08:00,BUGANG,20FT,0,0,0,0,6,1,0,0
CARRIER_A,2025-07-12 09:00,BUGANG,20FT,0,0,0,0,6,1,0,0
CARRIER_A,2025-07-12 10:00,BUGANG,20FT,1,0,0,0,5,0,0,0
CARRIER_A,2025-07-12 11:00,BUGANG,20FT,0,1,0,0,6,1,0,0
CARRIER_A,2025-07-12 12:00,BUGANG,20FT,0,0,0,0,6,1,0,0
CARRIER_A,2025-07-12 13:00,BUGANG,20FT,1,0,0,0,5,0,0,0
CARRIER_A,2025-07-12 14:00,BUGANG,20FT,0,1,0,0,6,1,0,0
CARRIER_A,2025-07-12 15:00,BUGANG,20FT,0,1,0,0,7,2,0,0
CARRIER_A,2025-07-12 16:00,BUGANG,20FT,0,0,0,0,7,2,0,0
CARRIER_A,2025-07-12 17:00,BUGANG,20FT,0,0,0,0,7,2,0,0
CARRIER_A,2025-07-12 18:00,BUGANG,20FT,0,0,0,0,7,2,0,0
CARRIER_A,2025-07-12 19:00,BUGANG,20FT,0,0,0,0,7,2,0,0
CARRIER_A,2025-07-12 20:00,BUGANG,20FT,0,1,0,0,8,3,0,0
CARRIER_A,2025-07-12 21:00,BUGANG,20FT,0,0,0,0,8,3,0,0
CARRIER_A,2025-07-12 22:00,BUGANG,20FT,0,0,0,0,8,3,0,0
CARRIER_A,2025-07-12 23:00,BUGANG,20FT,0,0,0,0,8,3,0,0
CARRIER_A,2025-07-13 00:00,BUGANG,20FT,0,0,0,0,8,3,0,0
CARRIER_A,2025-07-13 01:00,BUGANG,20FT,0,0,0,0,8,3,0,0
CARRIER_A,2025-07-13 02:00,BUGANG,20FT,0,0,0,0,8,3,0,0
CARRIER_A,2025-07-13 03:00,BUGANG,20FT,0,0,0,0,8,3,0,0
CARRIER_A,2025-07-13 04:00,BUGANG,20FT,0,0,0,0,8,3,0,0
CARRIER_A,2025-07-13 05:00,BUGANG,20FT,0,0,0,0,8,3,0,0
CARRIER_A,2025-07-13 06:00,BUGANG,20FT,0,0,0,0,8,3,0,0
CARRIER_A,2025-07-13 07:00,BUGANG,20FT,0,0,0,0,8,3,0,0
CARRIER_A,2025-07-13 08:00,BUGANG,20FT,0,0,0,0,8,3,0,0
CARRIER_A,2025-07-13 09:00,BUGANG,20FT,1,0,0,0,7,2,0,0
CARRIER_A,2025-07-13 10:00,BUGANG,20FT,0,1,0,0,8,3,0,0
CARRIER_A,2025-07-13 11:00,BUGANG,20FT,0,0,0,0,8,3,0,0
CARRIER_A,2025-07-13 12:00,BUGANG,20FT,0,2,0,0,10,5,0,0
CARRIER_A,2025-07-13 13:00,BUGANG,20FT,0,0,0,0,10,5,0,0
CARRIER_A,2025-07-13 14:00,BUGANG,20FT,0,0,0,0,10,5,0,0
CARRIER_A,2025-07-13 15:00,BUGANG,20FT,0,0,0,0,10,5,0,0
CARRIER_A,2025-07-13 16:00,BUGANG,20FT,0,0,0,0,10,5,0,0
CARRIER_A,2025-07-13 17:00,BUGANG,20FT,0,1,0,0,11,6,0,0
CARRIER_A,2025-07-13 18:00,BUGANG,20FT,0,0,0,0,11,6,0,0
CARRIER_A,2025-07-13 19:00,BUGANG,20FT,0,0,0,0,11,6,0,0
CARRIER_A,2025-07-13 20:00,BUGANG,20FT,0,0,0,0,11,6,0,0
CARRIER_A,2025-07-13 21:00,BUGANG,20FT,0,0,0,0,11,6,0,0
CARRIER_A,2025-07-13 22:00,BUGANG,20FT,0,0,0,0,11,6,0,0
CARRIER_A,2025-07-13 23:00,BUGANG,20FT,0,0,0,0,11,6,0,0
CARRIER_A,2025-07-14 00:00,BUGANG,20FT,0,0,0,0,11,6,0,0
CARRIER_A,2025-07-14 01:00,BUGANG,20FT,0,0,0,0,11,6,0,0
CARRIER_A,2025-07-14 02:00,BUGANG,20FT,0,0,0,0,11,6,0,0
CARRIER_A,2025-07-14 03:00,BUGANG,20FT,0,0,0,0,11,6,0,0
CARRIER_A,2025-07-14 04:00,BUGANG,20FT,0,0,0,0,11,6,0,0
CARRIER_A,2025-07-14 05:00,BUGANG,20FT,0,0,0,0,11,6,0,0
CARRIER_A,2025-07-14 06:00,BUGANG,20FT,0,0,0,0,11,6,0,0
CARRIER_A,2025-07-14 07:00,BUGANG,20FT,0,0,0,0,11,6,0,0
CARRIER_A,2025-07-14 08:00,BUGANG,20FT,0,0,0,0,11,6,0,0
CARRIER_A,2025-07-14 09:00,BUGANG,20FT,0,0,0,0,11,6,0,0
CARRIER_A,2025-07-14 10:00,BUGANG,20FT,0,2,0,0,13,8,0,0
CARRIER_A,2025-07-14 11:00,BUGANG,20FT,0,0,0,0,13,8,0,0
CARRIER_A,2025-07-14 12:00,BUGANG,20FT,0,0,0,0,13,8,0,0
CARRIER_A,2025-07-14 13:00,BUGANG,20FT,0,1,0,0,14,9,0,0
CARRIER_A,2025-07-14 14:00,BUGANG,20FT,0,0,0,0,14,9,0,0
CARRIER_A,2025-07-14 15:00,BUGANG,20FT,0,0,0,0,14,9,0,0
CARRIER_A,2025-07-14 16:00,BUGANG,20FT,0,0,0,0,14,9,0,0
CARRIER_A,2025-07-14 17:00,BUGANG,20FT,0,0,0,0,14,9,0,0
CARRIER_A,2025-07-14 18:00,BUGANG,20FT,0,0,0,0,14,9,0,0
CARRIER_A,2025-07-14 19:00,BUGANG,20FT,0,0,0,0,14,9,0,0
CARRIER_A,2025-07-14 20:00,BUGANG,20FT,0,0,0,0,14,9,0,0
CARRIER_A,2025-07-14 21:00,BUGANG,20FT,0,0,0,0,14,9,0,0
CARRIER_A,2025-07-14 22:00,BUGANG,20FT,0,0,0,0,14,9,0,0
CARRIER_A,2025-07-14 23:00,BUGANG,20FT,0,0,0,0,14,9,0,0
CARRIER_A,2025-07-08 00:00,BUGANG,40FT,0,0,0,0,2,2,0,0
CARRIER_A,2025-07-08 01:00,BUGANG,40FT,0,0,0,0,2,2,0,0
CARRIER_A,2025-07-08 02:00,BUGANG,40FT,0,0,0,0,2,2,0,0
CARRIER_A,2025-07-08 03:00,BUGANG,40FT,0,0,0,0,2,2,0,0
CARRIER_A,2025-07-08 04:00,BUGANG,40FT,0,0,0,0,2,2,0,0
CARRIER_A,2025-07-08 05:00,BUGANG,40FT,0,0,0,0,2,2,0,0
CARRIER_A,2025-07-08 06:00,BUGANG,40FT,1,0,0,0,1,1,0,0
CARRIER_A,2025-07-08 07:00,BUGANG,40FT,0,0,0,0,1,1,0,0
CARRIER_A,2025-07-08 08:00,BUGANG,40FT,0,0,0,0,1,1,0,0
CARRIER_A,2025-07-08 09:00,BUGANG,40FT,0,0,0,0,1,1,0,0
CARRIER_A,2025-07-08 10:00,BUGANG,40FT,0,0,0,0,1,1,0,0
CARRIER_A,2025-07-08 11:00,BUGANG,40FT,0,0,0,0,1,1,0,0
CARRIER_A,2025-07-08 12:00,BUGANG,40FT,0,0,0,0,1,1,0,0
CARRIER_A,2025-07-08 13:00,BUGANG,40FT,0,0,0,0,1,1,0,0
CARRIER_A,2025-07-08 14:00,BUGANG,40FT,0,0,0,0,1,1,0,0
CARRIER_A,2025-07-08 15:00,BUGANG,40FT,0,0,0,0,1,1,0,0
CARRIER_A,2025-07-08 16:00,BUGANG,40FT,0,0,0,0,1,1,0,0
CARRIER_A,2025-07-08 17:00,BUGANG,40FT,0,0,0,0,1,1,0,0
CARRIER_A,2025-07-08 18:00,BUGANG,40FT,0,0,0,0,1,1,0,0
CARRIER_A,2025-07-08 19:00,BUGANG,40FT,0,0,0,0,1,1,0,0
CARRIER_A,2025-07-08 20:00,BUGANG,40FT,0,0,0,0,1,1,0,0
CARRIER_A,2025-07-08 21:00,BUGANG,40FT,0,0,0,0,1,1,0,0
CARRIER_A,2025-07-08 22:00,BUGANG,40FT,0,0,0,0,1,1,0,0
CARRIER_A,2025-07-08 23:00,BUGANG,40FT,0,0,0,0,1,1,0,0
CARRIER_A,2025-07-09 00:00,BUGANG,40FT,0,0,0,0,1,1,0,0
CARRIER_A,2025-07-09 01:00,BUGANG,40FT,0,0,0,0,1,1,0,0
CARRIER_A,2025-07-09 02:00,BUGANG,40FT,0,0,0,0,1,1,0,0
CARRIER_A,2025-07-09 03:00,BUGANG,40FT,0,0,0,0,1,1,0,0
CARRIER_A,2025-07-09 04:00,BUGANG,40FT,0,0,0,0,1,1,0,0
CARRIER_A,2025-07-09 05:00,BUGANG,40FT,0,0,0,0,1,1,0,0
CARRIER_A,2025-07-09 06:00,BUGANG,40FT,0,0,0,0,1,1,0,0
CARRIER_A,2025-07-09 07:00,BUGANG,40FT,0,0,0,0,1,1,0,0
CARRIER_A,2025-07-09 08:00,BUGANG,40FT,0,0,0,0,1,1,0,0
CARRIER_A,2025-07-09 09:00,BUGANG,40FT,0,0,0,0,1,1,0,0
CARRIER_A,2025-07-09 10:00,BUGANG,40FT,0,0,0,0,1,1,0,0
CARRIER_A,2025-07-09 11:00,BUGANG,40FT,0,0,0,0,1,1,0,0
CARRIER_A,2025-07-09 12:00,BUGANG,40FT,0,0,0,0,1,1,0,0
CARRIER_A,2025-07-09 13:00,BUGANG,40FT,0,0,0,0,1,1,0,0
CARRIER_A,2025-07-09 14:00,BUGANG,40FT,0,0,0,0,1,1,0,0
CARRIER_A,2025-07-09 15:00,BUGANG,40FT,0,0,0,0,1,1,0,0
CARRIER_A,2025-07-09 16:00,BUGANG,40FT,0,0,0,0,1,1,0,0
CARRIER_A,2025-07-09 17:00,BUGANG,40FT,0,0,0,0,1,1,0,0
CARRIER_A,2025-07-09 18:00,BUGANG,40FT,0,0,0,0,1,1,0,0
CARRIER_A,2025-07-09 19:00,BUGANG,40FT,0,0,0,0,1,1,0,0
CARRIER_A,2025-07-09 20:00,BUGANG,40FT,0,0,0,0,1,1,0,0
CARRIER_A,2025-07-09 21:00,BUGANG,40FT,0,0,0,0,1,1,0,0
CARRIER_A,2025-07-09 22:00,BUGANG,40FT,0,0,0,0,1,1,0,0
CARRIER_A,2025-07-09 23:00,BUGANG,40FT,0,0,0,0,1,1,0,0
CARRIER_A,2025-07-10 00:00,BUGANG,40FT,0,0,0,0,1,1,0,0
CARRIER_A,2025-07-10 01:00,BUGANG,40FT,0,0,0,0,1,1,0,0
CARRIER_A,2025-07-10 02:00,BUGANG,40FT,0,0,0,0,1,1,0,0
CARRIER_A,2025-07-10 03:00,BUGANG,40FT,0,0,0,0,1,1,0,0
CARRIER_A,2025-07-10 04:00,BUGANG,40FT,0,0,0,0,1,1,0,0
CARRIER_A,2025-07-10 05:00,BUGANG,40FT,0,0,0,0,1,1,0,0
CARRIER_A,2025-07-10 06:00,BUGANG,40FT,0,0,0,0,1,1,0,0
CARRIER_A,2025-07-10 07:00,BUGANG,40FT,0,0,0,0,1,1,0,0
CARRIER_A,2025-07-10 08:00,BUGANG,40FT,0,0,0,0,1,1,0,0
CARRIER_A,2025-07-10 09:00,BUGANG,40FT,0,0,0,0,1,1,0,0
CARRIER_A,2025-07-10 10:00,BUGANG,40FT,0,0,0,0,1,1,0,0
CARRIER_A,2025-07-10 11:00,BUGANG,40FT,0,0,0,0,1,1,0,0
CARRIER_A,2025-07-10 12:00,BUGANG,40FT,0,0,0,0,1,1,0,0
CARRIER_A,2025-07-10 13:00,BUGANG,40FT,1,0,0,0,0,0,0,0
CARRIER_A,2025-07-10 14:00,BUGANG,40FT,0,0,0,0,0,0,0,0
CARRIER_A,2025-07-10 15:00,BUGANG,40FT,0,0,0,0,0,0,0,0
CARRIER_A,2025-07-10 16:00,BUGANG,40FT,0,0,0,0,0,0,0,0
CARRIER_A,2025-07-10 17:00,BUGANG,40FT,0,0,0,0,0,0,0,0
CARRIER_A,2025-07-10 18:00,BUGANG,40FT,0,0,0,0,0,0,0,0
CARRIER_A,2025-07-10 19:00,BUGANG,40FT,0,0,0,0,0,0,0,0
CARRIER_A,2025-07-10 20:00,BUGANG,40FT,0,0,0,0,0,0,0,0
CARRIER_A,2025-07-10 21:00,BUGANG,40FT,0,0,0,0,0,0,0,0
CARRIER_A,2025-07-10 22:00,BUGANG,40FT,0,0,0,0,0,0,0,0
CARRIER_A,2025-07-10 23:00,BUGANG,40FT,0,0,0,0,0,0,0,0
CARRIER_A,2025-07-11 00:00,BUGANG,40FT,0,0,0,0,0,0,0,0
CARRIER_A,2025-07-11 01:00,BUGANG,40FT,0,0,0,0,0,0,0,0
CARRIER_A,2025-07-11 02:00,BUGANG,40FT,0,0,0,0,0,0,0,0
CARRIER_A,2025-07-11 03:00,BUGANG,40FT,0,0,0,0,0,0,0,0
CARRIER_A,2025-07-11 04:00,BUGANG,40FT,0,0,0,0,0,0,0,0
CARRIER_A,2025-07-11 05:00,BUGANG,40FT,0,0,0,0,0,0,0,0
CARRIER_A,2025-07-11 06:00,BUGANG,40FT,0,0,0,0,0,0,0,0
CARRIER_A,2025-07-11 07:00,BUGANG,40FT,0,0,0,0,0,0,0,0
CARRIER_A,2025-07-11 08:00,BUGANG,40FT,0,0,0,0,0,0,0,0
CARRIER_A,2025-07-11 09:00,BUGANG,40FT,0,0,0,0,0,0,0,0
CARRIER_A,2025-07-11 10:00,BUGANG,40FT,0,0,0,0,0,0,0,0
CARRIER_A,2025-07-11 11:00,BUGANG,40FT,0,0,0,0,0,0,0,0
CARRIER_A,2025-07-11 12:00,BUGANG,40FT,0,1,0,0,1,1,0,0
CARRIER_A,2025-07-11 13:00,BUGANG,40FT,0,0,0,0,1,1,0,0
CARRIER_A,2025-07-11 14:00,BUGANG,40FT,0,0,0,0,1,1,0,0
CARRIER_A,2025-07-11 15:00,BUGANG,40FT,0,0,0,0,1,1,0,0
CARRIER_A,2025-07-11 16:00,BUGANG,40FT,0,0,0,0,1,1,0,0
CARRIER_A,2025-07-11 17:00,BUGANG,40FT,0,0,0,0,1,1,0,0
CARRIER_A,2025-07-11 18:00,BUGANG,40FT,0,0,0,0,1,1,0,0
CARRIER_A,2025-07-11 19:00,BUGANG,40FT,0,0,0,0,1,1,0,0
CARRIER_A,2025-07-11 20:00,BUGANG,40FT,0,0,0,0,1,1,0,0
CARRIER_A,2025-07-11 21:00,BUGANG,40FT,0,0,0,0,1,1,0,0
CARRIER_A,2025-07-11 22:00,BUGANG,40FT,0,0,0,0,1,1,0,0
CARRIER_A,2025-07-11 23:00,BUGANG,40FT,0,0,0,0,1,1,0,0
CARRIER_A,2025-07-12 00:00,BUGANG,40FT,0,0,0,0,1,1,0,0
CARRIER_A,2025-07-12 01:00,BUGANG,40FT,0,0,0,0,1,1,0,0
CARRIER_A,2025-07-12 02:00,BUGANG,40FT,0,0,0,0,1,1,0,0
CARRIER_A,2025-07-12 03:00,BUGANG,40FT,0,0,0,0,1,1,0,0
CARRIER_A,2025-07-12 04:00,BUGANG,40FT,0,0,0,0,1,1,0,0
CARRIER_A,2025-07-12 05:00,BUGANG,40FT,0,0,0,0,1,1,0,0
CARRIER_A,2025-07-12 06:00,BUGANG,40FT,0,0,0,0,1,1,0,0
CARRIER_A,2025-07-12 07:00,BUGANG,40FT,0,0,0,0,1,1,0,0
CARRIER_A,2025-07-12 08:00,BUGANG,40FT,0,0,0,0,1,1,0,0
CARRIER_A,2025-07-12 09:00,BUGANG,40FT,0,0,0,0,1,1,0,0
CARRIER_A,2025-07-12 10:00,BUGANG,40FT,0,0,0,0,1,1,0,0
CARRIER_A,2025-07-12 11:00,BUGANG,40FT,0,0,0,0,1,1,0,0
CARRIER_A,2025-07-12 12:00,BUGANG,40FT,0,0,0,0,1,1,0,0
CARRIER_A,2025-07-12 13:00,BUGANG,40FT,0,1,0,0,2,2,0,0
CARRIER_A,2025-07-12 14:00,BUGANG,40FT,0,0,0,0,2,2,0,0
CARRIER_A,2025-07-12 15:00,BUGANG,40FT,0,0,0,0,2,2,0,0
CARRIER_A,2025-07-12 16:00,BUGANG,40FT,0,0,0,0,2,2,0,0
CARRIER_A,2025-07-12 17:00,BUGANG,40FT,0,0,0,0,2,2,0,0
CARRIER_A,2025-07-12 18:00,BUGANG,40FT,0,0,0,0,2,2,0,0
CARRIER_A,2025-07-12 19:00,BUGANG,40FT,0,0,0,0,2,2,0,0
CARRIER_A,2025-07-12 20:00,BUGANG,40FT,0,0,0,0,2,2,0,0
CARRIER_A,2025-07-12 21:00,BUGANG,40FT,0,0,0,0,2,2,0,0
CARRIER_A,2025-07-12 22:00,BUGANG,40FT,0,0,0,0,2,2,0,0
CARRIER_A,2025-07-12 23:00,BUGANG,40FT,0,0,0,0,2,2,0,0
CARRIER_A,2025-07-13 00:00,BUGANG,40FT,0,0,0,0,2,2,0,0
CARRIER_A,2025-07-13 01:00,BUGANG,40FT,0,0,0,0,2,2,0,0
CARRIER_A,2025-07-13 02:00,BUGANG,40FT,0,0,0,0,2,2,0,0
CARRIER_A,2025-07-13 03:00,BUGANG,40FT,0,0,0,0,2,2,0,0
CARRIER_A,2025-07-13 04:00,BUGANG,40FT,0,0,0,0,2,2,0,0
CARRIER_A,2025-07-13 05:00,BUGANG,40FT,0,0,0,0,2,2,0,0
CARRIER_A,2025-07-13 06:00,BUGANG,40FT,0,0,0,0,2,2,0,0
CARRIER_A,2025-07-13 07:00,BUGANG,40FT,0,0,0,0,2,2,0,0
CARRIER_A,2025-07-13 08:00,BUGANG,40FT,0,1,0,0,3,3,0,0
CARRIER_A,2025-07-13 09:00,BUGANG,40FT,0,0,0,0,3,3,0,0
CARRIER_A,2025-07-13 10:00,BUGANG,40FT,0,0,0,0,3,3,0,0
CARRIER_A,2025-07-13 11:00,BUGANG,40FT,0,0,0,0,3,3,0,0
CARRIER_A,2025-07-13 12:00,BUGANG,40FT,0,1,0,0,4,4,0,0
CARRIER_A,2025-07-13 13:00,BUGANG,40FT,0,1,0,0,5,5,0,0
CARRIER_A,2025-07-13 14:00,BUGANG,40FT,0,0,0,0,5,5,0,0
CARRIER_A,2025-07-13 15:00,BUGANG,40FT,0,0,0,0,5,5,0,0
CARRIER_A,2025-07-13 16:00,BUGANG,40FT,0,0,0,0,5,5,0,0
CARRIER_A,2025-07-13 17:00,BUGANG,40FT,0,0,0,0,5,5,0,0
CARRIER_A,2025-07-13 18:00,BUGANG,40FT,0,0,0,0,5,5,0,0
CARRIER_A,2025-07-13 19:00,BUGANG,40FT,0,0,0,0,5,5,0,0
CARRIER_A,2025-07-13 20:00,BUGANG,40FT,0,0,0,0,5,5,0,0
CARRIER_A,2025-07-13 21:00,BUGANG,40FT,0,0,0,0,5,5,0,0
CARRIER_A,2025-07-13 22:00,BUGANG,40FT,0,0,0,0,5,5,0,0
CARRIER_A,2025-07-13 23:00,BUGANG,40FT,0,0,0,0,5,5,0,0
CARRIER_A,2025-07-14 00:00,BUGANG,40FT,0,0,0,0,5,5,0,0
CARRIER_A,2025-07-14 01:00,BUGANG,40FT,0,0,0,0,5,5,0,0
CARRIER_A,2025-07-14 02:00,BUGANG,40FT,0,0,0,0,5,5,0,0
CARRIER_A,2025-07-14 03:00,BUGANG,40FT,0,0,0,0,5,5,0,0
CARRIER_A,2025-07-14 04:00,BUGANG,40FT,0,0,0,0,5,5,0,0
CARRIER_A,2025-07-14 05:00,BUGANG,40FT,0,0,0,0,5,5,0,0
CARRIER_A,2025-07-14 06:00,BUGANG,40FT,0,0,0,0,5,5,0,0
CARRIER_A,2025-07-14 07:00,BUGANG,40FT,0,0,0,0,5,5,0,0
CARRIER_A,2025-07-14 08:00,BUGANG,40FT,0,0,0,0,5,5,0,0
CARRIER_A,2025-07-14 09:00,BUGANG,40FT,1,0,0,0,4,4,0,0
CARRIER_A,2025-07-14 10:00,BUGANG,40FT,1,0,0,0,3,3,0,0
CARRIER_A,2025-07-14 11:00,BUGANG,40FT,0,0,0,0,3,3,0,0
CARRIER_A,2025-07-14 12:00,BUGANG,40FT,0,0,0,0,3,3,0,0
CARRIER_A,2025-07-14 13:00,BUGANG,40FT,0,0,0,0,3,3,0,0
CARRIER_A,2025-07-14 14:00,BUGANG,40FT,0,0,0,0,3,3,0,0
CARRIER_A,2025-07-14 15:00,BUGANG,40FT,0,0,0,0,3,3,0,0
CARRIER_A,2025-07-14 16:00,BUGANG,40FT,0,0,0,0,3,3,0,0
CARRIER_A,2025-07-14 17:00,BUGANG,40FT,0,0,0,0,3,3,0,0
CARRIER_A,2025-07-14 18:00,BUGANG,40FT,0,0,0,0,3,3,0,0
CARRIER_A,2025-07-14 19:00,BUGANG,40FT,0,0,0,0,3,3,0,0
CARRIER_A,2025-07-14 20:00,BUGANG,40FT,0,0,0,0,3,3,0,0
CARRIER_A,2025-07-14 21:00,BUGANG,40FT,0,0,0,0,3,3,0,0
CARRIER_A,2025-07-14 22:00,BUGANG,40FT,0,0,0,0,3,3,0,0
CARRIER_A,2025-07-14 23:00,BUGANG,40FT,0,0,0,0,3,3,0,0
CARRIER_A,2025-07-08 00:00,BUSAN,20FT,0,0,0,0,39,39,0,0
CARRIER_A,2025-07-08 01:00,BUSAN,20FT,0,0,0,0,39,39,0,0
CARRIER_A,2025-07-08 02:00,BUSAN,20FT,0,0,0,0,39,39,0,0
CARRIER_A,2025-07-08 03:00,BUSAN,20FT,0,0,0,0,39,39,0,0
CARRIER_A,2025-07-08 04:00,BUSAN,20FT,0,0,0,0,39,39,0,0
CARRIER_A,2025-07-08 05:00,BUSAN,20FT,0,0,0,0,39,39,0,0
CARRIER_A,2025-07-08 06:00,BUSAN,20FT,1,0,0,0,38,38,0,0
CARRIER_A,2025-07-08 07:00,BUSAN,20FT,3,0,0,0,35,35,0,0
CARRIER_A,2025-07-08 08:00,BUSAN,20FT,0,0,0,0,35,35,0,0
CARRIER_A,2025-07-08 09:00,BUSAN,20FT,2,0,0,0,33,33,0,0
CARRIER_A,2025-07-08 10:00,BUSAN,20FT,0,0,0,0,33,33,0,0
CARRIER_A,2025-07-08 11:00,BUSAN,20FT,1,0,0,0,32,32,0,0
CARRIER_A,2025-07-08 12:00,BUSAN,20FT,2,0,0,0,30,30,0,0
CARRIER_A,2025-07-08 13:00,BUSAN,20FT,1,0,0,0,29,29,0,0
CARRIER_A,2025-07-08 14:00,BUSAN,20FT,2,1,0,0,28,28,0,0
CARRIER_A,2025-07-08 15:00,BUSAN,20FT,0,0,0,0,28,28,0,0
CARRIER_A,2025-07-08 16:00,BUSAN,20FT,0,0,0,0,28,28,0,0
CARRIER_A,2025-07-08 17:00,BUSAN,20FT,1,1,0,0,28,28,0,0
CARRIER_A,2025-07-08 18:00,BUSAN,20FT,0,1,0,0,29,29,0,0
CARRIER_A,2025-07-08 19:00,BUSAN,20FT,0,1,0,0,30,30,0,0
CARRIER_A,2025-07-08 20:00,BUSAN,20FT,0,0,0,0,30,30,0,0
CARRIER_A,2025-07-08 21:00,BUSAN,20FT,0,0,0,0,30,30,0,0
CARRIER_A,2025-07-08 22:00,BUSAN,20FT,0,0,0,0,30,30,0,0
CARRIER_A,2025-07-08 23:00,BUSAN,20FT,0,0,0,0,30,30,0,0
CARRIER_A,2025-07-09 00:00,BUSAN,20FT,0,0,0,0,30,30,0,0
CARRIER_A,2025-07-09 01:00,BUSAN,20FT,0,0,0,0,30,30,0,0
CARRIER_A,2025-07-09 02:00,BUSAN,20FT,0,0,0,0,30,30,0,0
CARRIER_A,2025-07-09 03:00,BUSAN,20FT,0,0,0,0,30,30,0,0
CARRIER_A,2025-07-09 04:00,BUSAN,20FT,0,0,0,0,30,30,0,0
CARRIER_A,2025-07-09 05:00,BUSAN,20FT,0,0,0,0,30,30,0,0
CARRIER_A,2025-07-09 06:00,BUSAN,20FT,1,0,0,0,29,29,0,0
CARRIER_A,2025-07-09 07:00,BUSAN,20FT,0,0,0,0,29,29,0,0
CARRIER_A,2025-07-09 08:00,BUSAN,20FT,2,0,0,0,27,27,0,0
CARRIER_A,2025-07-09 09:00,BUSAN,20FT,2,1,0,0,26,26,0,0
CARRIER_A,2025-07-09 10:00,BUSAN,20FT,4,0,0,0,22,22,0,0
CARRIER_A,2025-07-09 11:00,BUSAN,20FT,2,1,0,0,21,21,0,0
CARRIER_A,2025-07-09 12:00,BUSAN,20FT,2,1,0,0,20,20,0,0
CARRIER_A,2025-07-09 13:00,BUSAN,20FT,2,2,0,0,20,20,0,0
CARRIER_A,2025-07-09 14:00,BUSAN,20FT,4,0,0,0,16,16,0,0
CARRIER_A,2025-07-09 15:00,BUSAN,20FT,0,3,0,0,19,19,0,0
CARRIER_A,2025-07-09 16:00,BUSAN,20FT,1,0,0,0,18,18,0,0
CARRIER_A,2025-07-09 17:00,BUSAN,20FT,0,1,0,0,19,19,0,0
CARRIER_A,2025-07-09 18:00,BUSAN,20FT,1,0,0,0,18,18,0,0
CARRIER_A,2025-07-09 19:00,BUSAN,20FT,0,2,0,0,20,20,0,0
CARRIER_A,2025-07-09 20:00,BUSAN,20FT,0,2,0,0,22,22,0,0
CARRIER_A,2025-07-09 21:00,BUSAN,20FT,0,0,0,0,22,22,0,0
CARRIER_A,2025-07-09 22:00,BUSAN,20FT,0,0,0,0,22,22,0,0
CARRIER_A,2025-07-09 23:00,BUSAN,20FT,0,0,0,0,22,22,0,0
CARRIER_A,2025-07-10 00:00,BUSAN,20FT,0,0,0,0,22,22,0,0
CARRIER_A,2025-07-10 01:00,BUSAN,20FT,0,0,0,0,22,22,0,0
CARRIER_A,2025-07-10 02:00,BUSAN,20FT,0,0,0,0,22,22,0,0
CARRIER_A,2025-07-10 03:00,BUSAN,20FT,0,0,0,0,22,22,0,0
CARRIER_A,2025-07-10 04:00,BUSAN,20FT,0,0,0,0,22,22,0,0
CARRIER_A,2025-07-10 05:00,BUSAN,20FT,0,0,0,0,22,22,0,0
CARRIER_A,2025-07-10 06:00,BUSAN,20FT,1,0,0,0,21,21,0,0
CARRIER_A,2025-07-10 07:00,BUSAN,20FT,1,0,0,0,20,20,0,0
CARRIER_A,2025-07-10 08:00,BUSAN,20FT,1,0,0,0,19,19,0,0
CARRIER_A,2025-07-10 09:00,BUSAN,20FT,3,6,0,0,22,22,0,0
CARRIER_A,2025-07-10 10:00,BUSAN,20FT,0,0,0,0,22,22,0,0
CARRIER_A,2025-07-10 11:00,BUSAN,20FT,1,0,0,0,21,21,0,0
CARRIER_A,2025-07-10 12:00,BUSAN,20FT,0,0,0,0,21,21,0,0
CARRIER_A,2025-07-10 13:00,BUSAN,20FT,1,1,0,0,21,21,0,0
CARRIER_A,2025-07-10 14:00,BUSAN,20FT,2,0,0,0,19,19,0,0
CARRIER_A,2025-07-10 15:00,BUSAN,20FT,1,0,0,0,18,18,0,0
CARRIER_A,2025-07-10 16:00,BUSAN,20FT,3,0,0,0,15,15,0,0
CARRIER_A,2025-07-10 17:00,BUSAN,20FT,1,0,0,0,14,14,0,0
CARRIER_A,2025-07-10 18:00,BUSAN,20FT,1,2,0,0,15,15,0,0
CARRIER_A,2025-07-10 19:00,BUSAN,20FT,1,1,0,0,15,15,0,0
CARRIER_A,2025-07-10 20:00,BUSAN,20FT,0,1,0,0,16,16,0,0
CARRIER_A,2025-07-10 21:00,BUSAN,20FT,0,0,0,0,16,16,0,0
CARRIER_A,2025-07-10 22:00,BUSAN,20FT,0,0,0,0,16,16,0,0
CARRIER_A,2025-07-10 23:00,BUSAN,20FT,0,0,0,0,16,16,0,0
CARRIER_A,2025-07-11 00:00,BUSAN,20FT,0,0,0,0,16,16,0,0
CARRIER_A,2025-07-11 01:00,BUSAN,20FT,0,0,0,0,16,16,0,0
CARRIER_A,2025-07-11 02:00,BUSAN,20FT,0,0,0,0,16,16,0,0
CARRIER_A,2025-07-11 03:00,BUSAN,20FT,0,0,0,0,16,16,0,0
CARRIER_A,2025-07-11 04:00,BUSAN,20FT,0,0,0,0,16,16,0,0
CARRIER_A,2025-07-11 05:00,BUSAN,20FT,0,0,0,0,16,16,0,0
CARRIER_A,2025-07-11 06:00,BUSAN,20FT,1,0,0,0,15,15,0,0
CARRIER_A,2025-07-11 07:00,BUSAN,20FT,1,0,0,0,14,14,0,0
CARRIER_A,2025-07-11 08:00,BUSAN,20FT,1,0,0,0,13,13,0,0
CARRIER_A,2025-07-11 09:00,BUSAN,20FT,2,0,0,0,11,11,0,0
CARRIER_A,2025-07-11 10:00,BUSAN,20FT,2,1,0,0,10,10,0,0
CARRIER_A,2025-07-11 11:00,BUSAN,20FT,3,1,0,0,8,8,0,0
CARRIER_A,2025-07-11 12:00,BUSAN,20FT,1,0,0,0,7,7,0,0
CARRIER_A,2025-07-11 13:00,BUSAN,20FT,2,0,0,0,5,5,0,0
CARRIER_A,2025-07-11 14:00,BUSAN,20FT,2,1,0,0,4,4,0,0
CARRIER_A,2025-07-11 15:00,BUSAN,20FT,2,1,0,0,3,3,0,0
CARRIER_A,2025-07-11 16:00,BUSAN,20FT,1,2,0,0,4,4,0,0
CARRIER_A,2025-07-11 17:00,BUSAN,20FT,2,0,0,0,2,2,0,0
CARRIER_A,2025-07-11 18:00,BUSAN,20FT,0,1,0,0,3,3,0,0
CARRIER_A,2025-07-11 19:00,BUSAN,20FT,0,0,0,0,3,3,0,0
CARRIER_A,2025-07-11 20:00,BUSAN,20FT,0,0,0,0,3,3,0,0
CARRIER_A,2025-07-11 21:00,BUSAN,20FT,0,0,0,0,3,3,0,0
CARRIER_A,2025-07-11 22:00,BUSAN,20FT,0,0,0,0,3,3,0,0
CARRIER_A,2025-07-11 23:00,BUSAN,20FT,0,0,0,0,3,3,0,0
CARRIER_A,2025-07-12 00:00,BUSAN,20FT,0,0,0,0,3,3,0,0
CARRIER_A,2025-07-12 01:00,BUSAN,20FT,0,0,0,0,3,3,0,0
CARRIER_A,2025-07-12 02:00,BUSAN,20FT,0,0,0,0,3,3,0,0
CARRIER_A,2025-07-12 03:00,BUSAN,20FT,0,0,0,0,3,3,0,0
CARRIER_A,2025-07-12 04:00,BUSAN,20FT,0,0,0,0,3,3,0,0
CARRIER_A,2025-07-12 05:00,BUSAN,20FT,0,0,0,0,3,3,0,0
CARRIER_A,2025-07-12 06:00,BUSAN,20FT,0,0,0,0,3,3,0,0
CARRIER_A,2025-07-12 07:00,BUSAN,20FT,2,0,0,0,1,1,0,0
CARRIER_A,2025-07-12 08:00,BUSAN,20FT,0,0,0,0,1,1,0,0
CARRIER_A,2025-07-12 09:00,BUSAN,20FT,0,3,0,0,4,4,0,0
CARRIER_A,2025-07-12 10:00,BUSAN,20FT,2,1,0,0,3,3,0,0
CARRIER_A,2025-07-12 11:00,BUSAN,20FT,0,2,0,0,5,5,0,0
CARRIER_A,2025-07-12 12:00,BUSAN,20FT,0,1,0,0,6,6,0,0
CARRIER_A,2025-07-12 13:00,BUSAN,20FT,1,21,0,0,26,26,0,0
CARRIER_A,2025-07-12 14:00,BUSAN,20FT,0,1,0,0,27,27,0,0
CARRIER_A,2025-07-12 15:00,BUSAN,20FT,2,2,0,0,27,27,0,0
CARRIER_A,2025-07-12 16:00,BUSAN,20FT,0,3,0,0,30,30,0,0
CARRIER_A,2025-07-12 17:00,BUSAN,20FT,2,2,0,0,30,30,0,0
CARRIER_A,2025-07-12 18:00,BUSAN,20FT,2,1,0,0,29,29,0,0
CARRIER_A,2025-07-12 19:00,BUSAN,20FT,0,2,0,0,31,31,0,0
CARRIER_A,2025-07-12 20:00,BUSAN,20FT,0,0,0,0,31,31,0,0
CARRIER_A,2025-07-12 21:00,BUSAN,20FT,0,0,0,0,31,31,0,0
CARRIER_A,2025-07-12 22:00,BUSAN,20FT,0,0,0,0,31,31,0,0
CARRIER_A,2025-07-12 23:00,BUSAN,20FT,0,0,0,0,31,31,0,0
CARRIER_A,2025-07-13 00:00,BUSAN,20FT,0,0,0,0,31,31,0,0
CARRIER_A,2025-07-13 01:00,BUSAN,20FT,0,0,0,0,31,31,0,0
CARRIER_A,2025-07-13 02:00,BUSAN,20FT,0,0,0,0,31,31,0,0
CARRIER_A,2025-07-13 03:00,BUSAN,20FT,0,0,0,0,31,31,0,0
CARRIER_A,2025-07-13 04:00,BUSAN,20FT,0,0,0,0,31,31,0,0
CARRIER_A,2025-07-13 05:00,BUSAN,20FT,0,1,0,0,32,32,0,0
CARRIER_A,2025-07-13 06:00,BUSAN,20FT,0,0,0,0,32,32,0,0
CARRIER_A,2025-07-13 07:00,BUSAN,20FT,0,0,0,0,32,32,0,0
CARRIER_A,2025-07-13 08:00,BUSAN,20FT,0,1,0,0,33,33,0,0
CARRIER_A,2025-07-13 09:00,BUSAN,20FT,0,5,0,0,38,38,0,0
CARRIER_A,2025-07-13 10:00,BUSAN,20FT,1,3,0,0,40,40,0,0
CARRIER_A,2025-07-13 11:00,BUSAN,20FT,0,3,0,0,43,43,0,0
CARRIER_A,2025-07-13 12:00,BUSAN,20FT,1,1,0,0,43,43,0,0
CARRIER_A,2025-07-13 13:00,BUSAN,20FT,0,3,0,0,46,46,0,0
CARRIER_A,2025-07-13 14:00,BUSAN,20FT,1,2,0,0,47,47,0,0
CARRIER_A,2025-07-13 15:00,BUSAN,20FT,0,1,0,0,48,48,0,0
CARRIER_A,2025-07-13 16:00,BUSAN,20FT,0,4,0,0,52,52,0,0
CARRIER_A,2025-07-13 17:00,BUSAN,20FT,0,0,0,0,52,52,0,0
CARRIER_A,2025-07-13 18:00,BUSAN,20FT,0,1,0,0,53,53,0,0
CARRIER_A,2025-07-13 19:00,BUSAN,20FT,0,1,0,0,54,54,0,0
CARRIER_A,2025-07-13 20:00,BUSAN,20FT,0,0,0,0,54,54,0,0
CARRIER_A,2025-07-13 21:00,BUSAN,20FT,0,0,0,0,54,54,0,0
CARRIER_A,2025-07-13 22:00,BUSAN,20FT,0,0,0,0,54,54,0,0
CARRIER_A,2025-07-13 23:00,BUSAN,20FT,0,0,0,0,54,54,0,0
CARRIER_A,2025-07-14 00:00,BUSAN,20FT,0,0,0,0,54,54,0,0
CARRIER_A,2025-07-14 01:00,BUSAN,20FT,0,0,0,0,54,54,0,0
CARRIER_A,2025-07-14 02:00,BUSAN,20FT,0,0,0,0,54,54,0,0
CARRIER_A,2025-07-14 03:00,BUSAN,20FT,0,0,0,0,54,54,0,0
CARRIER_A,2025-07-14 04:00,BUSAN,20FT,0,0,0,0,54,54,0,0
CARRIER_A,2025-07-14 05:00,BUSAN,20FT,0,0,0,0,54,54,0,0
CARRIER_A,2025-07-14 06:00,BUSAN,20FT,0,0,0,0,54,54,0,0
CARRIER_A,2025-07-14 07:00,BUSAN,20FT,0,0,0,0,54,54,0,0
CARRIER_A,2025-07-14 08:00,BUSAN,20FT,0,0,0,0,54,54,0,0
CARRIER_A,2025-07-14 09:00,BUSAN,20FT,0,2,0,0,56,56,0,0
CARRIER_A,2025-07-14 10:00,BUSAN,20FT,0,0,0,0,56,56,0,0
CARRIER_A,2025-07-14 11:00,BUSAN,20FT,2,2,0,0,56,56,0,0
CARRIER_A,2025-07-14 12:00,BUSAN,20FT,0,1,0,0,57,57,0,0
CARRIER_A,2025-07-14 13:00,BUSAN,20FT,0,4,0,0,61,61,0,0
CARRIER_A,2025-07-14 14:00,BUSAN,20FT,0,1,0,0,62,62,0,0
CARRIER_A,2025-07-14 15:00,BUSAN,20FT,2,3,0,0,63,63,0,0
CARRIER_A,2025-07-14 16:00,BUSAN,20FT,2,2,0,0,63,63,0,0
CARRIER_A,2025-07-14 17:00,BUSAN,20FT,0,1,0,0,64,64,0,0
CARRIER_A,2025-07-14 18:00,BUSAN,20FT,0,1,0,0,65,65,0,0
CARRIER_A,2025-07-14 19:00,BUSAN,20FT,1,2,0,0,66,66,0,0
CARRIER_A,2025-07-14 20:00,BUSAN,20FT,0,0,0,0,66,66,0,0
CARRIER_A,2025-07-14 21:00,BUSAN,20FT,0,0,0,0,66,66,0,0
CARRIER_A,2025-07-14 22:00,BUSAN,20FT,0,0,0,0,66,66,0,0
CARRIER_A,2025-07-14 23:00,BUSAN,20FT,0,0,0,0,66,66,0,0
CARRIER_A,2025-07-08 00:00,BUSAN,40FT,0,0,0,0,11,11,0,0
CARRIER_A,2025-07-08 01:00,BUSAN,40FT,0,0,0,0,11,11,0,0
CARRIER_A,2025-07-08 02:00,BUSAN,40FT,0,0,0,0,11,11,0,0
CARRIER_A,2025-07-08 03:00,BUSAN,40FT,0,0,0,0,11,11,0,0
CARRIER_A,2025-07-08 04:00,BUSAN,40FT,0,0,0,0,11,11,0,0
CARRIER_A,2025-07-08 05:00,BUSAN,40FT,0,0,0,0,11,11,0,0
CARRIER_A,2025-07-08 06:00,BUSAN,40FT,0,1,0,0,12,12,0,0
CARRIER_A,2025-07-08 07:00,BUSAN,40FT,0,0,0,0,12,12,0,0
CARRIER_A,2025-07-08 08:00,BUSAN,40FT,1,0,0,0,11,11,0,0
CARRIER_A,2025-07-08 09:00,BUSAN,40FT,1,0,0,0,10,10,0,0
CARRIER_A,2025-07-08 10:00,BUSAN,40FT,0,0,0,0,10,10,0,0
CARRIER_A,2025-07-08 11:00,BUSAN,40FT,0,1,0,0,11,11,0,0
CARRIER_A,2025-07-08 12:00,BUSAN,40FT,0,0,0,0,11,11,0,0
CARRIER_A,2025-07-08 13:00,BUSAN,40FT,0,1,0,0,12,12,0,0
CARRIER_A,2025-07-08 14:00,BUSAN,40FT,0,19,0,0,31,31,0,0
CARRIER_A,2025-07-08 15:00,BUSAN,40FT,0,0,0,0,31,31,0,0
CARRIER_A,2025-07-08 16:00,BUSAN,40FT,0,0,0,0,31,31,0,0
CARRIER_A,2025-07-08 17:00,BUSAN,40FT,0,15,0,0,46,46,0,0
CARRIER_A,2025-07-08 18:00,BUSAN,40FT,0,0,0,0,46,46,0,0
CARRIER_A,2025-07-08 19:00,BUSAN,40FT,0,0,0,0,46,46,0,0
CARRIER_A,2025-07-08 20:00,BUSAN,40FT,0,0,0,0,46,46,0,0
CARRIER_A,2025-07-08 21:00,BUSAN,40FT,0,1,0,0,47,47,0,0
CARRIER_A,2025-07-08 22:00,BUSAN,40FT,0,0,0,0,47,47,0,0
CARRIER_A,2025-07-08 23:00,BUSAN,40FT,0,0,0,0,47,47,0,0
CARRIER_A,2025-07-09 00:00,BUSAN,40FT,0,0,0,0,47,47,0,0
CARRIER_A,2025-07-09 01:00,BUSAN,40FT,0,0,0,0,47,47,0,0
CARRIER_A,2025-07-09 02:00,BUSAN,40FT,0,0,0,0,47,47,0,0
CARRIER_A,2025-07-09 03:00,BUSAN,40FT,0,0,0,0,47,47,0,0
CARRIER_A,2025-07-09 04:00,BUSAN,40FT,0,0,0,0,47,47,0,0
CARRIER_A,2025-07-09 05:00,BUSAN,40FT,1,0,0,0,46,46,0,0
CARRIER_A,2025-07-09 06:00,BUSAN,40FT,0,12,0,0,58,58,0,0
CARRIER_A,2025-07-09 07:00,BUSAN,40FT,0,1,0,0,59,59,0,0
CARRIER_A,2025-07-09 08:00,BUSAN,40FT,1,1,0,0,59,59,0,0
CARRIER_A,2025-07-09 09:00,BUSAN,40FT,1,0,0,0,58,58,0,0
CARRIER_A,2025-07-09 10:00,BUSAN,40FT,2,0,0,0,56,56,0,0
CARRIER_A,2025-07-09 11:00,BUSAN,40FT,0,0,0,0,56,56,0,0
CARRIER_A,2025-07-09 12:00,BUSAN,40FT,2,0,0,0,54,54,0,0
CARRIER_A,2025-07-09 13:00,BUSAN,40FT,1,0,0,0,53,53,0,0
CARRIER_A,2025-07-09 14:00,BUSAN,40FT,1,0,0,0,52,52,0,0
CARRIER_A,2025-07-09 15:00,BUSAN,40FT,0,0,0,0,52,52,0,0
CARRIER_A,2025-07-09 16:00,BUSAN,40FT,0,0,0,0,52,52,0,0
CARRIER_A,2025-07-09 17:00,BUSAN,40FT,0,0,0,0,52,52,0,0
CARRIER_A,2025-07-09 18:00,BUSAN,40FT,0,0,0,0,52,52,0,0
CARRIER_A,2025-07-09 19:00,BUSAN,40FT,0,0,0,0,52,52,0,0
CARRIER_A,2025-07-09 20:00,BUSAN,40FT,0,0,0,0,52,52,0,0
CARRIER_A,2025-07-09 21:00,BUSAN,40FT,0,0,0,0,52,52,0,0
CARRIER_A,2025-07-09 22:00,BUSAN,40FT,0,0,0,0,52,52,0,0
CARRIER_A,2025-07-09 23:00,BUSAN,40FT,0,0,0,0,52,52,0,0
CARRIER_A,2025-07-10 00:00,BUSAN,40FT,0,0,0,0,52,52,0,0
CARRIER_A,2025-07-10 01:00,BUSAN,40FT,0,0,0,0,52,52,0,0
CARRIER_A,2025-07-10 02:00,BUSAN,40FT,0,0,0,0,52,52,0,0
CARRIER_A,2025-07-10 03:00,BUSAN,40FT,0,0,0,0,52,52,0,0
CARRIER_A,2025-07-10 04:00,BUSAN,40FT,0,0,0,0,52,52,0,0
CARRIER_A,2025-07-10 05:00,BUSAN,40FT,0,0,0,0,52,52,0,0
CARRIER_A,2025-07-10 06:00,BUSAN,40FT,0,0,0,0,52,52,0,0
CARRIER_A,2025-07-10 07:00,BUSAN,40FT,0,0,0,0,52,52,0,0
CARRIER_A,2025-07-10 08:00,BUSAN,40FT,0,0,0,0,52,52,0,0
CARRIER_A,2025-07-10 09:00,BUSAN,40FT,0,0,0,0,52,52,0,0
CARRIER_A,2025-07-10 10:00,BUSAN,40FT,0,0,0,0,52,52,0,0
CARRIER_A,2025-07-10 11:00,BUSAN,40FT,0,0,0,0,52,52,0,0
CARRIER_A,2025-07-10 12:00,BUSAN,40FT,2,0,0,0,50,50,0,0
CARRIER_A,2025-07-10 13:00,BUSAN,40FT,0,0,0,0,50,50,0,0
CARRIER_A,2025-07-10 14:00,BUSAN,40FT,0,0,0,0,50,50,0,0
CARRIER_A,2025-07-10 15:00,BUSAN,40FT,1,0,0,0,49,49,0,0
CARRIER_A,2025-07-10 16:00,BUSAN,40FT,0,0,0,0,49,49,0,0
CARRIER_A,2025-07-10 17:00,BUSAN,40FT,0,0,0,0,49,49,0,0
CARRIER_A,2025-07-10 18:00,BUSAN,40FT,0,0,0,0,49,49,0,0
CARRIER_A,2025-07-10 19:00,BUSAN,40FT,0,0,0,0,49,49,0,0
CARRIER_A,2025-07-10 20:00,BUSAN,40FT,0,0,0,0,49,49,0,0
CARRIER_A,2025-07-10 21:00,BUSAN,40FT,0,0,0,0,49,49,0,0
CARRIER_A,2025-07-10 22:00,BUSAN,40FT,0,0,0,0,49,49,0,0
CARRIER_A,2025-07-10 23:00,BUSAN,40FT,0,0,0,0,49,49,0,0
CARRIER_A,2025-07-11 00:00,BUSAN,40FT,0,0,0,0,49,49,0,0
CARRIER_A,2025-07-11 01:00,BUSAN,40FT,0,0,0,0,49,49,0,0
CARRIER_A,2025-07-11 02:00,BUSAN,40FT,0,0,0,0,49,49,0,0
CARRIER_A,2025-07-11 03:00,BUSAN,40FT,0,0,0,0,49,49,0,0
CARRIER_A,2025-07-11 04:00,BUSAN,40FT,0,0,0,0,49,49,0,0
CARRIER_A,2025-07-11 05:00,BUSAN,40FT,0,1,0,0,50,50,0,0
CARRIER_A,2025-07-11 06:00,BUSAN,40FT,1,0,0,0,49,49,0,0
CARRIER_A,2025-07-11 07:00,BUSAN,40FT,0,0,0,0,49,49,0,0
CARRIER_A,2025-07-11 08:00,BUSAN,40FT,0,0,0,0,49,49,0,0
CARRIER_A,2025-07-11 09:00,BUSAN,40FT,0,0,0,0,49,49,0,0
CARRIER_A,2025-07-11 10:00,BUSAN,40FT,0,1,0,0,50,50,0,0
CARRIER_A,2025-07-11 11:00,BUSAN,40FT,1,0,0,0,49,49,0,0
CARRIER_A,2025-07-11 12:00,BUSAN,40FT,1,0,0,0,48,48,0,0
CARRIER_A,2025-07-11 13:00,BUSAN,40FT,0,1,0,0,49,49,0,0
CARRIER_A,2025-07-11 14:00,BUSAN,40FT,0,0,0,0,49,49,0,0
CARRIER_A,2025-07-11 15:00,BUSAN,40FT,0,0,0,0,49,49,0,0
CARRIER_A,2025-07-11 16:00,BUSAN,40FT,0,2,0,0,51,51,0,0
CARRIER_A,2025-07-11 17:00,BUSAN,40FT,2,1,0,0,50,50,0,0
CARRIER_A,2025-07-11 18:00,BUSAN,40FT,1,0,0,0,49,49,0,0
CARRIER_A,2025-07-11 19:00,BUSAN,40FT,0,0,0,0,49,49,0,0
CARRIER_A,2025-07-11 20:00,BUSAN,40FT,1,0,0,0,48,48,0,0
CARRIER_A,2025-07-11 21:00,BUSAN,40FT,0,0,0,0,48,48,0,0
CARRIER_A,2025-07-11 22:00,BUSAN,40FT,0,0,0,0,48,48,0,0
CARRIER_A,2025-07-11 23:00,BUSAN,40FT,0,0,0,0,48,48,0,0
CARRIER_A,2025-07-12 00:00,BUSAN,40FT,0,13,0,0,61,61,0,0
CARRIER_A,2025-07-12 01:00,BUSAN,40FT,0,0,0,0,61,61,0,0
CARRIER_A,2025-07-12 02:00,BUSAN,40FT,0,0,0,0,61,61,0,0
CARRIER_A,2025-07-12 03:00,BUSAN,40FT,0,0,0,0,61,61,0,0
CARRIER_A,2025-07-12 04:00,BUSAN,40FT,0,0,0,0,61,61,0,0
CARRIER_A,2025-07-12 05:00,BUSAN,40FT,0,0,0,0,61,61,0,0
CARRIER_A,2025-07-12 06:00,BUSAN,40FT,0,0,0,0,61,61,0,0
CARRIER_A,2025-07-12 07:00,BUSAN,40FT,0,0,0,0,61,61,0,0
CARRIER_A,2025-07-12 08:00,BUSAN,40FT,0,1,0,0,62,62,0,0
CARRIER_A,2025-07-12 09:00,BUSAN,40FT,0,1,0,0,63,63,0,0
CARRIER_A,2025-07-12 10:00,BUSAN,40FT,0,0,0,0,63,63,0,0
CARRIER_A,2025-07-12 11:00,BUSAN,40FT,0,0,0,0,63,63,0,0
CARRIER_A,2025-07-12 12:00,BUSAN,40FT,0,0,0,0,63,63,0,0
CARRIER_A,2025-07-12 13:00,BUSAN,40FT,0,0,0,0,63,63,0,0
CARRIER_A,2025-07-12 14:00,BUSAN,40FT,0,2,0,0,65,65,0,0
CARRIER_A,2025-07-12 15:00,BUSAN,40FT,1,1,0,0,65,65,0,0
CARRIER_A,2025-07-12 16:00,BUSAN,40FT,0,0,0,0,65,65,0,0
CARRIER_A,2025-07-12 17:00,BUSAN,40FT,0,0,0,0,65,65,0,0
CARRIER_A,2025-07-12 18:00,BUSAN,40FT,0,0,0,0,65,65,0,0
CARRIER_A,2025-07-12 19:00,BUSAN,40FT,0,0,0,0,65,65,0,0
CARRIER_A,2025-07-12 20:00,BUSAN,40FT,0,0,0,0,65,65,0,0
CARRIER_A,2025-07-12 21:00,BUSAN,40FT,0,0,0,0,65,65,0,0
CARRIER_A,2025-07-12 22:00,BUSAN,40FT,0,0,0,0,65,65,0,0
CARRIER_A,2025-07-12 23:00,BUSAN,40FT,0,45,0,0,110,110,0,0
CARRIER_A,2025-07-13 00:00,BUSAN,40FT,0,0,0,0,110,110,0,0
CARRIER_A,2025-07-13 01:00,BUSAN,40FT,0,0,0,0,110,110,0,0
CARRIER_A,2025-07-13 02:00,BUSAN,40FT,0,0,0,0,110,110,0,0
CARRIER_A,2025-07-13 03:00,BUSAN,40FT,0,0,0,0,110,110,0,0
CARRIER_A,2025-07-13 04:00,BUSAN,40FT,0,0,0,0,110,110,0,0
CARRIER_A,2025-07-13 05:00,BUSAN,40FT,0,0,0,0,110,110,0,0
CARRIER_A,2025-07-13 06:00,BUSAN,40FT,0,0,0,0,110,110,0,0
CARRIER_A,2025-07-13 07:00,BUSAN,40FT,0,0,0,0,110,110,0,0
CARRIER_A,2025-07-13 08:00,BUSAN,40FT,0,1,0,0,111,111,0,0
CARRIER_A,2025-07-13 09:00,BUSAN,40FT,0,0,0,0,111,111,0,0
CARRIER_A,2025-07-13 10:00,BUSAN,40FT,0,1,0,0,112,112,0,0
CARRIER_A,2025-07-13 11:00,BUSAN,40FT,0,1,0,0,113,113,0,0
CARRIER_A,2025-07-13 12:00,BUSAN,40FT,0,1,0,0,114,114,0,0
CARRIER_A,2025-07-13 13:00,BUSAN,40FT,0,0,0,0,114,114,0,0
CARRIER_A,2025-07-13 14:00,BUSAN,40FT,0,1,0,0,115,115,0,0
CARRIER_A,2025-07-13 15:00,BUSAN,40FT,1,1,0,0,115,115,0,0
CARRIER_A,2025-07-13 16:00,BUSAN,40FT,0,2,0,0,117,117,0,0
CARRIER_A,2025-07-13 17:00,BUSAN,40FT,0,0,0,0,117,117,0,0
CARRIER_A,2025-07-13 18:00,BUSAN,40FT,0,0,0,0,117,117,0,0
CARRIER_A,2025-07-13 19:00,BUSAN,40FT,0,1,0,0,118,118,0,0
CARRIER_A,2025-07-13 20:00,BUSAN,40FT,0,0,0,0,118,118,0,0
CARRIER_A,2025-07-13 21:00,BUSAN,40FT,0,0,0,0,118,118,0,0
CARRIER_A,2025-07-13 22:00,BUSAN,40FT,0,0,0,0,118,118,0,0
CARRIER_A,2025-07-13 23:00,BUSAN,40FT,0,0,0,0,118,118,0,0
CARRIER_A,2025-07-14 00:00,BUSAN,40FT,0,0,0,0,118,118,0,0
CARRIER_A,2025-07-14 01:00,BUSAN,40FT,0,0,0,0,118,118,0,0
CARRIER_A,2025-07-14 02:00,BUSAN,40FT,0,0,0,0,118,118,0,0
CARRIER_A,2025-07-14 03:00,BUSAN,40FT,0,0,0,0,118,118,0,0
CARRIER_A,2025-07-14 04:00,BUSAN,40FT,0,0,0,0,118,118,0,0
CARRIER_A,2025-07-14 05:00,BUSAN,40FT,0,0,0,0,118,118,0,0
CARRIER_A,2025-07-14 06:00,BUSAN,40FT,0,0,0,0,118,118,0,0
CARRIER_A,2025-07-14 07:00,BUSAN,40FT,0,1,0,0,119,119,0,0
CARRIER_A,2025-07-14 08:00,BUSAN,40FT,0,0,0,0,119,119,0,0
CARRIER_A,2025-07-14 09:00,BUSAN,40FT,0,0,0,0,119,119,0,0
CARRIER_A,2025-07-14 10:00,BUSAN,40FT,1,0,0,0,118,118,0,0
CARRIER_A,2025-07-14 11:00,BUSAN,40FT,0,0,0,0,118,118,0,0
CARRIER_A,2025-07-14 12:00,BUSAN,40FT,0,0,0,0,118,118,0,0
CARRIER_A,2025-07-14 13:00,BUSAN,40FT,0,2,0,0,120,120,0,0
CARRIER_A,2025-07-14 14:00,BUSAN,40FT,0,0,0,0,120,120,0,0
CARRIER_A,2025-07-14 15:00,BUSAN,40FT,0,2,0,0,122,122,0,0
CARRIER_A,2025-07-14 16:00,BUSAN,40FT,0,1,0,0,123,123,0,0
CARRIER_A,2025-07-14 17:00,BUSAN,40FT,1,0,0,0,122,122,0,0
CARRIER_A,2025-07-14 18:00,BUSAN,40FT,0,0,0,0,122,122,0,0
CARRIER_A,2025-07-14 19:00,BUSAN,40FT,0,0,0,0,122,122,0,0
CARRIER_A,2025-07-14 20:00,BUSAN,40FT,0,0,0,0,122,122,0,0
CARRIER_A,2025-07-14 21:00,BUSAN,40FT,0,0,0,0,122,122,0,0
CARRIER_A,2025-07-14 22:00,BUSAN,40FT,0,0,0,0,122,122,0,0
CARRIER_A,2025-07-14 23:00,BUSAN,40FT,0,0,0,0,122,122,0,0
CARRIER_A,2025-07-08 00:00,DONGSAN,20FT,0,0,0,0,0,0,0,0
CARRIER_A,2025-07-08 01:00,DONGSAN,20FT,0,0,0,0,0,0,0,0
CARRIER_A,2025-07-08 02:00,DONGSAN,20FT,0,0,0,0,0,0,0,0
CARRIER_A,2025-07-08 03:00,DONGSAN,20FT,0,0,0,0,0,0,0,0
CARRIER_A,2025-07-08 04:00,DONGSAN,20FT,0,0,0,0,0,0,0,0
CARRIER_A,2025-07-08 05:00,DONGSAN,20FT,0,0,0,0,0,0,0,0
CARRIER_A,2025-07-08 06:00,DONGSAN,20FT,0,0,0,0,0,0,0,0
CARRIER_A,2025-07-08 07:00,DONGSAN,20FT,0,0,0,0,0,0,0,0
CARRIER_A,2025-07-08 08:00,DONGSAN,20FT,0,0,0,0,0,0,0,0
CARRIER_A,2025-07-08 09:00,DONGSAN,20FT,0,0,0,0,0,0,0,0
CARRIER_A,2025-07-08 10:00,DONGSAN,20FT,0,0,0,0,0,0,0,0
CARRIER_A,2025-07-08 11:00,DONGSAN,20FT,0,0,0,0,0,0,0,0
CARRIER_A,2025-07-08 12:00,DONGSAN,20FT,0,0,0,0,0,0,0,0
CARRIER_A,2025-07-08 13:00,DONGSAN,20FT,0,0,0,0,0,0,0,0
CARRIER_A,2025-07-08 14:00,DONGSAN,20FT,0,0,0,0,0,0,0,0
CARRIER_A,2025-07-08 15:00,DONGSAN,20FT,0,0,0,0,0,0,0,0
CARRIER_A,2025-07-08 16:00,DONGSAN,20FT,0,0,0,0,0,0,0,0
CARRIER_A,2025-07-08 17:00,DONGSAN,20FT,0,0,0,0,0,0,0,0
CARRIER_A,2025-07-08 18:00,DONGSAN,20FT,0,0,0,0,0,0,0,0
CARRIER_A,2025-07-08 19:00,DONGSAN,20FT,0,0,0,0,0,0,0,0
CARRIER_A,2025-07-08 20:00,DONGSAN,20FT,0,0,0,0,0,0,0,0
CARRIER_A,2025-07-08 21:00,DONGSAN,20FT,0,0,0,0,0,0,0,0
CARRIER_A,2025-07-08 22:00,DONGSAN,20FT,0,0,0,0,0,0,0,0
CARRIER_A,2025-07-08 23:00,DONGSAN,20FT,0,0,0,0,0,0,0,0
CARRIER_A,2025-07-09 00:00,DONGSAN,20FT,0,0,0,0,0,0,0,0
CARRIER_A,2025-07-09 01:00,DONGSAN,20FT,0,0,0,0,0,0,0,0
CARRIER_A,2025-07-09 02:00,DONGSAN,20FT,0,0,0,0,0,0,0,0
CARRIER_A,2025-07-09 03:00,DONGSAN,20FT,0,0,0,0,0,0,0,0
CARRIER_A,2025-07-09 04:00,DONGSAN,20FT,0,0,0,0,0,0,0,0
CARRIER_A,2025-07-09 05:00,DONGSAN,20FT,0,0,0,0,0,0,0,0
CARRIER_A,2025-07-09 06:00,DONGSAN,20FT,0,0,0,0,0,0,0,0
CARRIER_A,2025-07-09 07:00,DONGSAN,20FT,0,0,0,0,0,0,0,0
CARRIER_A,2025-07-09 08:00,DONGSAN,20FT,0,0,0,0,0,0,0,0
CARRIER_A,2025-07-09 09:00,DONGSAN,20FT,0,0,0,0,0,0,0,0
CARRIER_A,2025-07-09 10:00,DONGSAN,20FT,0,0,0,0,0,0,0,0
CARRIER_A,2025-07-09 11:00,DONGSAN,20FT,1,0,0,0,0,0,1,1
CARRIER_A,2025-07-09 12:00,DONGSAN,20FT,0,0,0,0,0,0,0,0
CARRIER_A,2025-07-09 13:00,DONGSAN,20FT,0,0,0,0,0,0,0,0
CARRIER_A,2025-07-09 14:00,DONGSAN,20FT,0,0,0,0,0,0,0,0
CARRIER_A,2025-07-09 15:00,DONGSAN,20FT,0,0,0,0,0,0,0,0
CARRIER_A,2025-07-09 16:00,DONGSAN,20FT,0,0,0,0,0,0,0,0
CARRIER_A,2025-07-09 17:00,DONGSAN,20FT,0,0,0,0,0,0,0,0
CARRIER_A,2025-07-09 18:00,DONGSAN,20FT,0,0,0,0,0,0,0,0
CARRIER_A,2025-07-09 19:00,DONGSAN,20FT,0,0,0,0,0,0,0,0
CARRIER_A,2025-07-09 20:00,DONGSAN,20FT,0,0,0,0,0,0,0,0
CARRIER_A,2025-07-09 21:00,DONGSAN,20FT,0,0,0,0,0,0,0,0
CARRIER_A,2025-07-09 22:00,DONGSAN,20FT,0,0,0,0,0,0,0,0
CARRIER_A,2025-07-09 23:00,DONGSAN,20FT,0,0,0,0,0,0,0,0
CARRIER_A,2025-07-10 00:00,DONGSAN,20FT,0,0,0,0,0,0,0,0
CARRIER_A,2025-07-10 01:00,DONGSAN,20FT,0,0,0,0,0,0,0,0
CARRIER_A,2025-07-10 02:00,DONGSAN,20FT,0,0,0,0,0,0,0,0
CARRIER_A,2025-07-10 03:00,DONGSAN,20FT,0,0,0,0,0,0,0,0
CARRIER_A,2025-07-10 04:00,DONGSAN,20FT,0,0,0,0,0,0,0,0
CARRIER_A,2025-07-10 05:00,DONGSAN,20FT,0,0,0,0,0,0,0,0
CARRIER_A,2025-07-10 06:00,DONGSAN,20FT,0,0,0,0,0,0,0,0
CARRIER_A,2025-07-10 07:00,DONGSAN,20FT,0,0,0,0,0,0,0,0
CARRIER_A,2025-07-10 08:00,DONGSAN,20FT,0,0,0,0,0,0,0,0
CARRIER_A,2025-07-10 09:00,DONGSAN,20FT,0,0,0,0,0,0,0,0
CARRIER_A,2025-07-10 10:00,DONGSAN,20FT,0,0,0,0,0,0,0,0
CARRIER_A,2025-07-10 11:00,DONGSAN,20FT,0,0,0,0,0,0,0,0
CARRIER_A,2025-07-10 12:00,DONGSAN,20FT,0,0,0,0,0,0,0,0
CARRIER_A,2025-07-10 13:00,DONGSAN,20FT,0,0,0,0,0,0,0,0
CARRIER_A,2025-07-10 14:00,DONGSAN,20FT,0,0,0,0,0,0,0,0
CARRIER_A,2025-07-10 15:00,DONGSAN,20FT,0,0,0,0,0,0,0,0
CARRIER_A,2025-07-10 16:00,DONGSAN,20FT,0,0,0,0,0,0,0,0
CARRIER_A,2025-07-10 17:00,DONGSAN,20FT,0,0,0,0,0,0,0,0
CARRIER_A,2025-07-10 18:00,DONGSAN,20FT,0,0,0,0,0,0,0,0
CARRIER_A,2025-07-10 19:00,DONGSAN,20FT,0,0,0,0,0,0,0,0
CARRIER_A,2025-07-10 20:00,DONGSAN,20FT,0,0,0,0,0,0,0,0
CARRIER_A,2025-07-10 21:00,DONGSAN,20FT,0,0,0,0,0,0,0,0
CARRIER_A,2025-07-10 22:00,DONGSAN,20FT,0,0,0,0,0,0,0,0
CARRIER_A,2025-07-10 23:00,DONGSAN,20FT,0,0,0,0,0,0,0,0
CARRIER_A,2025-07-11 00:00,DONGSAN,20FT,0,0,0,0,0,0,0,0
CARRIER_A,2025-07-11 01:00,DONGSAN,20FT,0,0,0,0,0,0,0,0
CARRIER_A,2025-07-11 02:00,DONGSAN,20FT,0,0,0,0,0,0,0,0
CARRIER_A,2025-07-11 03:00,DONGSAN,20FT,0,0,0,0,0,0,0,0
CARRIER_A,2025-07-11 04:00,DONGSAN,20FT,0,0,0,0,0,0,0,0
CARRIER_A,2025-07-11 05:00,DONGSAN,20FT,0,0,0,0,0,0,0,0
CARRIER_A,2025-07-11 06:00,DONGSAN,20FT,0,0,0,0,0,0,0,0
CARRIER_A,2025-07-11 07:00,DONGSAN,20FT,0,0,0,0,0,0,0,0
CARRIER_A,2025-07-11 08:00,DONGSAN,20FT,0,0,0,0,0,0,0,0
CARRIER_A,2025-07-11 09:00,DONGSAN,20FT,0,0,0,0,0,0,0,0
CARRIER_A,2025-07-11 10:00,DONGSAN,20FT,0,0,0,0,0,0,0,0
CARRIER_A,2025-07-11 11:00,DONGSAN,20FT,0,0,0,0,0,0,0,0
CARRIER_A,2025-07-11 12:00,DONGSAN,20FT,0,0,0,0,0,0,0,0
CARRIER_A,2025-07-11 13:00,DONGSAN,20FT,0,0,0,0,0,0,0,0
CARRIER_A,2025-07-11 14:00,DONGSAN,20FT,0,0,0,0,0,0,0,0
CARRIER_A,2025-07-11 15:00,DONGSAN,20FT,0,0,0,0,0,0,0,0
CARRIER_A,2025-07-11 16:00,DONGSAN,20FT,0,0,0,0,0,0,0,0
CARRIER_A,2025-07-11 17:00,DONGSAN,20FT,0,0,0,0,0,0,0,0
CARRIER_A,2025-07-11 18:00,DONGSAN,20FT,0,0,0,0,0,0,0,0
CARRIER_A,2025-07-11 19:00,DONGSAN,20FT,0,0,0,0,0,0,0,0
CARRIER_A,2025-07-11 20:00,DONGSAN,20FT,0,0,0,0,0,0,0,0
CARRIER_A,2025-07-11 21:00,DONGSAN,20FT,0,0,0,0,0,0,0,0
CARRIER_A,2025-07-11 22:00,DONGSAN,20FT,0,0,0,0,0,0,0,0
CARRIER_A,2025-07-11 23:00,DONGSAN,20FT,0,0,0,0,0,0,0,0
CARRIER_A,2025-07-12 00:00,DONGSAN,20FT,0,0,0,0,0,0,0,0
CARRIER_A,2025-07-12 01:00,DONGSAN,20FT,0,0,0,0,0,0,0,0
CARRIER_A,2025-07-12 02:00,DONGSAN,20FT,0,0,0,0,0,0,0,0
CARRIER_A,2025-07-12 03:00,DONGSAN,20FT,0,0,0,0,0,0,0,0
CARRIER_A,2025-07-12 04:00,DONGSAN,20FT,0,0,0,0,0,0,0,0
CARRIER_A,2025-07-12 05:00,DONGSAN,20FT,0,0,0,0,0,0,0,0
CARRIER_A,2025-07-12 06:00,DONGSAN,20FT,0,0,0,0,0,0,0,0
CARRIER_A,2025-07-12 07:00,DONGSAN,20FT,0,0,0,0,0,0,0,0
CARRIER_A,2025-07-12 08:00,DONGSAN,20FT,0,0,0,0,0,0,0,0
CARRIER_A,2025-07-12 09:00,DONGSAN,20FT,0,0,0,0,0,0,0,0
CARRIER_A,2025-07-12 10:00,DONGSAN,20FT,0,0,0,0,0,0,0,0
CARRIER_A,2025-07-12 11:00,DONGSAN,20FT,0,0,0,0,0,0,0,0
CARRIER_A,2025-07-12 12:00,DONGSAN,20FT,0,0,0,0,0,0,0,0
CARRIER_A,2025-07-12 13:00,DONGSAN,20FT,0,0,0,0,0,0,0,0
CARRIER_A,2025-07-12 14:00,DONGSAN,20FT,0,0,0,0,0,0,0,0
CARRIER_A,2025-07-12 15:00,DONGSAN,20FT,0,0,0,0,0,0,0,0
CARRIER_A,2025-07-12 16:00,DONGSAN,20FT,0,0,0,0,0,0,0,0
CARRIER_A,2025-07-12 17:00,DONGSAN,20FT,0,0,0,0,0,0,0,0
CARRIER_A,2025-07-12 18:00,DONGSAN,20FT,0,0,0,0,0,0,0,0
CARRIER_A,2025-07-12 19:00,DONGSAN,20FT,0,0,0,0,0,0,0,0
CARRIER_A,2025-07-12 20:00,DONGSAN,20FT,0,0,0,0,0,0,0,0
CARRIER_A,2025-07-12 21:00,DONGSAN,20FT,0,0,0,0,0,0,0,0
CARRIER_A,2025-07-12 22:00,DONGSAN,20FT,0,0,0,0,0,0,0,0
CARRIER_A,2025-07-12 23:00,DONGSAN,20FT,0,0,0,0,0,0,0,0
CARRIER_A,2025-07-13 00:00,DONGSAN,20FT,0,0,0,0,0,0,0,0
CARRIER_A,2025-07-13 01:00,DONGSAN,20FT,0,0,0,0,0,0,0,0
CARRIER_A,2025-07-13 02:00,DONGSAN,20FT,0,0,0,0,0,0,0,0
CARRIER_A,2025-07-13 03:00,DONGSAN,20FT,0,0,0,0,0,0,0,0
CARRIER_A,2025-07-13 04:00,DONGSAN,20FT,0,0,0,0,0,0,0,0
CARRIER_A,2025-07-13 05:00,DONGSAN,20FT,0,0,0,0,0,0,0,0
CARRIER_A,2025-07-13 06:00,DONGSAN,20FT,0,0,0,0,0,0,0,0
CARRIER_A,2025-07-13 07:00,DONGSAN,20FT,0,0,0,0,0,0,0,0
CARRIER_A,2025-07-13 08:00,DONGSAN,20FT,0,0,0,0,0,0,0,0
CARRIER_A,2025-07-13 09:00,DONGSAN,20FT,0,0,0,0,0,0,0,0
CARRIER_A,2025-07-13 10:00,DONGSAN,20FT,0,0,0,0,0,0,0,0
CARRIER_A,2025-07-13 11:00,DONGSAN,20FT,0,0,0,0,0,0,0,0
CARRIER_A,2025-07-13 12:00,DONGSAN,20FT,0,0,0,0,0,0,0,0
CARRIER_A,2025-07-13 13:00,DONGSAN,20FT,0,0,0,0,0,0,0,0
CARRIER_A,2025-07-13 14:00,DONGSAN,20FT,0,0,0,0,0,0,0,0
CARRIER_A,2025-07-13 15:00,DONGSAN,20FT,0,0,0,0,0,0,0,0
CARRIER_A,2025-07-13 16:00,DONGSAN,20FT,0,0,0,0,0,0,0,0
CARRIER_A,2025-07-13 17:00,DONGSAN,20FT,0,0,0,0,0,0,0,0
CARRIER_A,2025-07-13 18:00,DONGSAN,20FT,0,0,0,0,0,0,0,0
CARRIER_A,2025-07-13 19:00,DONGSAN,20FT,0,0,0,0,0,0,0,0
CARRIER_A,2025-07-13 20:00,DONGSAN,20FT,0,0,0,0,0,0,0,0
CARRIER_A,2025-07-13 21:00,DONGSAN,20FT,0,0,0,0,0,0,0,0
CARRIER_A,2025-07-13 22:00,DONGSAN,20FT,0,0,0,0,0,0,0,0
CARRIER_A,2025-07-13 23:00,DONGSAN,20FT,0,0,0,0,0,0,0,0
CARRIER_A,2025-07-14 00:00,DONGSAN,20FT,0,0,0,0,0,0,0,0
CARRIER_A,2025-07-14 01:00,DONGSAN,20FT,0,0,0,0,0,0,0,0
CARRIER_A,2025-07-14 02:00,DONGSAN,20FT,0,0,0,0,0,0,0,0
CARRIER_A,2025-07-14 03:00,DONGSAN,20FT,0,0,0,0,0,0,0,0
CARRIER_A,2025-07-14 04:00,DONGSAN,20FT,0,0,0,0,0,0,0,0
CARRIER_A,2025-07-14 05:00,DONGSAN,20FT,0,0,0,0,0,0,0,0
CARRIER_A,2025-07-14 06:00,DONGSAN,20FT,0,0,0,0,0,0,0,0
CARRIER_A,2025-07-14 07:00,DONGSAN,20FT,0,0,0,0,0,0,0,0
CARRIER_A,2025-07-14 08:00,DONGSAN,20FT,0,0,0,0,0,0,0,0
CARRIER_A,2025-07-14 09:00,DONGSAN,20FT,0,0,0,0,0,0,0,0
CARRIER_A,2025-07-14 10:00,DONGSAN,20FT,0,0,0,0,0,0,0,0
CARRIER_A,2025-07-14 11:00,DONGSAN,20FT,0,0,0,0,0,0,0,0
CARRIER_A,2025-07-14 12:00,DONGSAN,20FT,0,0,0,0,0,0,0,0
CARRIER_A,2025-07-14 13:00,DONGSAN,20FT,0,0,0,0,0,0,0,0
CARRIER_A,2025-07-14 14:00,DONGSAN,20FT,0,0,0,0,0,0,0,0
CARRIER_A,2025-07-14 15:00,DONGSAN,20FT,0,0,0,0,0,0,0,0
CARRIER_A,2025-07-14 16:00,DONGSAN,20FT,0,0,0,0,0,0,0,0
CARRIER_A,2025-07-14 17:00,DONGSAN,20FT,0,0,0,0,0,0,0,0
CARRIER_A,2025-07-14 18:00,DONGSAN,20FT,0,0,0,0,0,0,0,0
CARRIER_A,2025-07-14 19:00,DONGSAN,20FT,0,0,0,0,0,0,0,0
CARRIER_A,2025-07-14 20:00,DONGSAN,20FT,0,0,0,0,0,0,0,0
CARRIER_A,2025-07-14 21:00,DONGSAN,20FT,0,0,0,0,0,0,0,0
CARRIER_A,2025-07-14 22:00,DONGSAN,20FT,0,0,0,0,0,0,0,0
CARRIER_A,2025-07-14 23:00,DONGSAN,20FT,0,0,0,0,0,0,0,0
CARRIER_A,2025-07-08 00:00,DONGSAN,40FT,0,0,0,0,0,0,0,0
CARRIER_A,2025-07-08 01:00,DONGSAN,40FT,0,0,0,0,0,0,0,0
CARRIER_A,2025-07-08 02:00,DONGSAN,40FT,0,0,0,0,0,0,0,0
CARRIER_A,2025-07-08 03:00,DONGSAN,40FT,0,0,0,0,0,0,0,0
CARRIER_A,2025-07-08 04:00,DONGSAN,40FT,0,0,0,0,0,0,0,0
CARRIER_A,2025-07-08 05:00,DONGSAN,40FT,0,0,0,0,0,0,0,0
CARRIER_A,2025-07-08 06:00,DONGSAN,40FT,0,0,0,0,0,0,0,0
CARRIER_A,2025-07-08 07:00,DONGSAN,40FT,0,0,0,0,0,0,0,0
CARRIER_A,2025-07-08 08:00,DONGSAN,40FT,0,0,0,0,0,0,0,0
CARRIER_A,2025-07-08 09:00,DONGSAN,40FT,0,0,0,0,0,0,0,0
CARRIER_A,2025-07-08 10:00,DONGSAN,40FT,0,0,0,0,0,0,0,0
CARRIER_A,2025-07-08 11:00,DONGSAN,40FT,0,0,0,0,0,0,0,0
CARRIER_A,2025-07-08 12:00,DONGSAN,40FT,0,0,0,0,0,0,0,0
CARRIER_A,2025-07-08 13:00,DONGSAN,40FT,0,0,0,0,0,0,0,0
CARRIER_A,2025-07-08 14:00,DONGSAN,40FT,0,1,0,0,1,1,0,0
CARRIER_A,2025-07-08 15:00,DONGSAN,40FT,0,0,0,0,1,1,0,0
CARRIER_A,2025-07-08 16:00,DONGSAN,40FT,0,0,0,0,1,1,0,0
CARRIER_A,2025-07-08 17:00,DONGSAN,40FT,0,0,0,0,1,1,0,0
CARRIER_A,2025-07-08 18:00,DONGSAN,40FT,0,0,0,0,1,1,0,0
CARRIER_A,2025-07-08 19:00,DONGSAN,40FT,0,0,0,0,1,1,0,0
CARRIER_A,2025-07-08 20:00,DONGSAN,40FT,0,0,0,0,1,1,0,0
CARRIER_A,2025-07-08 21:00,DONGSAN,40FT,0,0,0,0,1,1,0,0
CARRIER_A,2025-07-08 22:00,DONGSAN,40FT,0,0,0,0,1,1,0,0
CARRIER_A,2025-07-08 23:00,DONGSAN,40FT,0,0,0,0,1,1,0,0
CARRIER_A,2025-07-09 00:00,DONGSAN,40FT,0,0,0,0,1,1,0,0
CARRIER_A,2025-07-09 01:00,DONGSAN,40FT,0,0,0,0,1,1,0,0
CARRIER_A,2025-07-09 02:00,DONGSAN,40FT,0,0,0,0,1,1,0,0
CARRIER_A,2025-07-09 03:00,DONGSAN,40FT,0,0,0,0,1,1,0,0
CARRIER_A,2025-07-09 04:00,DONGSAN,40FT,0,0,0,0,1,1,0,0
CARRIER_A,2025-07-09 05:00,DONGSAN,40FT,0,0,0,0,1,1,0,0
CARRIER_A,2025-07-09 06:00,DONGSAN,40FT,0,0,0,0,1,1,0,0
CARRIER_A,2025-07-09 07:00,DONGSAN,40FT,0,0,0,0,1,1,0,0
CARRIER_A,2025-07-09 08:00,DONGSAN,40FT,0,0,0,0,1,1,0,0
CARRIER_A,2025-07-09 09:00,DONGSAN,40FT,0,0,0,0,1,1,0,0
CARRIER_A,2025-07-09 10:00,DONGSAN,40FT,0,0,0,0,1,1,0,0
CARRIER_A,2025-07-09 11:00,DONGSAN,40FT,0,0,0,0,1,1,0,0
CARRIER_A,2025-07-09 12:00,DONGSAN,40FT,0,0,0,0,1,1,0,0
CARRIER_A,2025-07-09 13:00,DONGSAN,40FT,0,0,0,0,1,1,0,0
CARRIER_A,2025-07-09 14:00,DONGSAN,40FT,0,0,0,0,1,1,0,0
CARRIER_A,2025-07-09 15:00,DONGSAN,40FT,0,0,0,0,1,1,0,0
CARRIER_A,2025-07-09 16:00,DONGSAN,40FT,0,0,0,0,1,1,0,0
CARRIER_A,2025-07-09 17:00,DONGSAN,40FT,0,0,0,0,1,1,0,0
CARRIER_A,2025-07-09 18:00,DONGSAN,40FT,0,0,0,0,1,1,0,0
CARRIER_A,2025-07-09 19:00,DONGSAN,40FT,0,0,0,0,1,1,0,0
CARRIER_A,2025-07-09 20:00,DONGSAN,40FT,0,0,0,0,1,1,0,0
CARRIER_A,2025-07-09 21:00,DONGSAN,40FT,0,0,0,0,1,1,0,0
CARRIER_A,2025-07-09 22:00,DONGSAN,40FT,0,0,0,0,1,1,0,0
CARRIER_A,2025-07-09 23:00,DONGSAN,40FT,0,0,0,0,1,1,0,0
CARRIER_A,2025-07-10 00:00,DONGSAN,40FT,0,0,0,0,1,1,0,0
CARRIER_A,2025-07-10 01:00,DONGSAN,40FT,0,0,0,0,1,1,0,0
CARRIER_A,2025-07-10 02:00,DONGSAN,40FT,0,0,0,0,1,1,0,0
CARRIER_A,2025-07-10 03:00,DONGSAN,40FT,0,0,0,0,1,1,0,0
CARRIER_A,2025-07-10 04:00,DONGSAN,40FT,0,0,0,0,1,1,0,0
CARRIER_A,2025-07-10 05:00,DONGSAN,40FT,0,0,0,0,1,1,0,0
CARRIER_A,2025-07-10 06:00,DONGSAN,40FT,0,0,0,0,1,1,0,0
CARRIER_A,2025-07-10 07:00,DONGSAN,40FT,0,0,0,0,1,1,0,0
CARRIER_A,2025-07-10 08:00,DONGSAN,40FT,0,0,0,0,1,1,0,0
CARRIER_A,2025-07-10 09:00,DONGSAN,40FT,0,0,0,0,1,1,0,0
CARRIER_A,2025-07-10 10:00,DONGSAN,40FT,0,0,0,0,1,1,0,0
CARRIER_A,2025-07-10 11:00,DONGSAN,40FT,0,0,0,0,1,1,0,0
CARRIER_A,2025-07-10 12:00,DONGSAN,40FT,0,0,0,0,1,1,0,0
CARRIER_A,2025-07-10 13:00,DONGSAN,40FT,0,0,0,0,1,1,0,0
CARRIER_A,2025-07-10 14:00,DONGSAN,40FT,0,0,0,0,1,1,0,0
CARRIER_A,2025-07-10 15:00,DONGSAN,40FT,0,0,0,0,1,1,0,0
CARRIER_A,2025-07-10 16:00,DONGSAN,40FT,0,0,0,0,1,1,0,0
CARRIER_A,2025-07-10 17:00,DONGSAN,40FT,0,0,0,0,1,1,0,0
CARRIER_A,2025-07-10 18:00,DONGSAN,40FT,0,0,0,0,1,1,0,0
CARRIER_A,2025-07-10 19:00,DONGSAN,40FT,0,0,0,0,1,1,0,0
CARRIER_A,2025-07-10 20:00,DONGSAN,40FT,0,0,0,0,1,1,0,0
CARRIER_A,2025-07-10 21:00,DONGSAN,40FT,0,0,0,0,1,1,0,0
CARRIER_A,2025-07-10 22:00,DONGSAN,40FT,0,0,0,0,1,1,0,0
CARRIER_A,2025-07-10 23:00,DONGSAN,40FT,0,0,0,0,1,1,0,0
CARRIER_A,2025-07-11 00:00,DONGSAN,40FT,0,0,0,0,1,1,0,0
CARRIER_A,2025-07-11 01:00,DONGSAN,40FT,0,0,0,0,1,1,0,0
CARRIER_A,2025-07-11 02:00,DONGSAN,40FT,0,0,0,0,1,1,0,0
CARRIER_A,2025-07-11 03:00,DONGSAN,40FT,0,0,0,0,1,1,0,0
CARRIER_A,2025-07-11 04:00,DONGSAN,40FT,0,0,0,0,1,1,0,0
CARRIER_A,2025-07-11 05:00,DONGSAN,40FT,0,0,0,0,1,1,0,0
CARRIER_A,2025-07-11 06:00,DONGSAN,40FT,0,0,0,0,1,1,0,0
CARRIER_A,2025-07-11 07:00,DONGSAN,40FT,0,0,0,0,1,1,0,0
CARRIER_A,2025-07-11 08:00,DONGSAN,40FT,0,0,0,0,1,1,0,0
CARRIER_A,2025-07-11 09:00,DONGSAN,40FT,0,0,0,0,1,1,0,0
CARRIER_A,2025-07-11 10:00,DONGSAN,40FT,0,0,0,0,1,1,0,0
CARRIER_A,2025-07-11 11:00,DONGSAN,40FT,0,0,0,0,1,1,0,0
CARRIER_A,2025-07-11 12:00,DONGSAN,40FT,0,0,0,0,1,1,0,0
CARRIER_A,2025-07-11 13:00,DONGSAN,40FT,0,0,0,0,1,1,0,0
CARRIER_A,2025-07-11 14:00,DONGSAN,40FT,0,0,0,0,1,1,0,0
CARRIER_A,2025-07-11 15:00,DONGSAN,40FT,0,0,0,0,1,1,0,0
CARRIER_A,2025-07-11 16:00,DONGSAN,40FT,0,0,0,0,1,1,0,0
CARRIER_A,2025-07-11 17:00,DONGSAN,40FT,0,0,0,0,1,1,0,0
CARRIER_A,2025-07-11 18:00,DONGSAN,40FT,0,0,0,0,1,1,0,0
CARRIER_A,2025-07-11 19:00,DONGSAN,40FT,0,0,0,0,1,1,0,0
CARRIER_A,2025-07-11 20:00,DONGSAN,40FT,0,0,0,0,1,1,0,0
CARRIER_A,2025-07-11 21:00,DONGSAN,40FT,0,0,0,0,1,1,0,0
CARRIER_A,2025-07-11 22:00,DONGSAN,40FT,0,0,0,0,1,1,0,0
CARRIER_A,2025-07-11 23:00,DONGSAN,40FT,0,0,0,0,1,1,0,0
CARRIER_A,2025-07-12 00:00,DONGSAN,40FT,0,0,0,0,1,1,0,0
CARRIER_A,2025-07-12 01:00,DONGSAN,40FT,0,0,0,0,1,1,0,0
CARRIER_A,2025-07-12 02:00,DONGSAN,40FT,0,0,0,0,1,1,0,0
CARRIER_A,2025-07-12 03:00,DONGSAN,40FT,0,0,0,0,1,1,0,0
CARRIER_A,2025-07-12 04:00,DONGSAN,40FT,0,0,0,0,1,1,0,0
CARRIER_A,2025-07-12 05:00,DONGSAN,40FT,0,0,0,0,1,1,0,0
CARRIER_A,2025-07-12 06:00,DONGSAN,40FT,0,0,0,0,1,1,0,0
CARRIER_A,2025-07-12 07:00,DONGSAN,40FT,0,0,0,0,1,1,0,0
CARRIER_A,2025-07-12 08:00,DONGSAN,40FT,0,0,0,0,1,1,0,0
CARRIER_A,2025-07-12 09:00,DONGSAN,40FT,0,0,0,0,1,1,0,0
CARRIER_A,2025-07-12 10:00,DONGSAN,40FT,0,0,0,0,1,1,0,0
CARRIER_A,2025-07-12 11:00,DONGSAN,40FT,0,0,0,0,1,1,0,0
CARRIER_A,2025-07-12 12:00,DONGSAN,40FT,0,0,0,0,1,1,0,0
CARRIER_A,2025-07-12 13:00,DONGSAN,40FT,0,0,0,0,1,1,0,0
CARRIER_A,2025-07-12 14:00,DONGSAN,40FT,0,0,0,0,1,1,0,0
CARRIER_A,2025-07-12 15:00,DONGSAN,40FT,0,0,0,0,1,1,0,0
CARRIER_A,2025-07-12 16:00,DONGSAN,40FT,0,0,0,0,1,1,0,0
CARRIER_A,2025-07-12 17:00,DONGSAN,40FT,0,0,0,0,1,1,0,0
CARRIER_A,2025-07-12 18:00,DONGSAN,40FT,0,0,0,0,1,1,0,0
CARRIER_A,2025-07-12 19:00,DONGSAN,40FT,0,0,0,0,1,1,0,0
CARRIER_A,2025-07-12 20:00,DONGSAN,40FT,0,0,0,0,1,1,0,0
CARRIER_A,2025-07-12 21:00,DONGSAN,40FT,0,0,0,0,1,1,0,0
CARRIER_A,2025-07-12 22:00,DONGSAN,40FT,0,0,0,0,1,1,0,0
CARRIER_A,2025-07-12 23:00,DONGSAN,40FT,0,0,0,0,1,1,0,0
CARRIER_A,2025-07-13 00:00,DONGSAN,40FT,0,0,0,0,1,1,0,0
CARRIER_A,2025-07-13 01:00,DONGSAN,40FT,0,0,0,0,1,1,0,0
CARRIER_A,2025-07-13 02:00,DONGSAN,40FT,0,0,0,0,1,1,0,0
CARRIER_A,2025-07-13 03:00,DONGSAN,40FT,0,0,0,0,1,1,0,0
CARRIER_A,2025-07-13 04:00,DONGSAN,40FT,0,0,0,0,1,1,0,0
CARRIER_A,2025-07-13 05:00,DONGSAN,40FT,0,0,0,0,1,1,0,0
CARRIER_A,2025-07-13 06:00,DONGSAN,40FT,0,0,0,0,1,1,0,0
CARRIER_A,2025-07-13 07:00,DONGSAN,40FT,0,0,0,0,1,1,0,0
CARRIER_A,2025-07-13 08:00,DONGSAN,40FT,0,0,0,0,1,1,0,0
CARRIER_A,2025-07-13 09:00,DONGSAN,40FT,0,0,0,0,1,1,0,0
CARRIER_A,2025-07-13 10:00,DONGSAN,40FT,0,0,0,0,1,1,0,0
CARRIER_A,2025-07-13 11:00,DONGSAN,40FT,0,0,0,0,1,1,0,0
CARRIER_A,2025-07-13 12:00,DONGSAN,40FT,0,0,0,0,1,1,0,0
CARRIER_A,2025-07-13 13:00,DONGSAN,40FT,0,0,0,0,1,1,0,0
CARRIER_A,2025-07-13 14:00,DONGSAN,40FT,0,0,0,0,1,1,0,0
CARRIER_A,2025-07-13 15:00,DONGSAN,40FT,0,0,0,0,1,1,0,0
CARRIER_A,2025-07-13 16:00,DONGSAN,40FT,0,0,0,0,1,1,0,0
CARRIER_A,2025-07-13 17:00,DONGSAN,40FT,0,0,0,0,1,1,0,0
CARRIER_A,2025-07-13 18:00,DONGSAN,40FT,0,0,0,0,1,1,0,0
CARRIER_A,2025-07-13 19:00,DONGSAN,40FT,0,0,0,0,1,1,0,0
CARRIER_A,2025-07-13 20:00,DONGSAN,40FT,0,0,0,0,1,1,0,0
CARRIER_A,2025-07-13 21:00,DONGSAN,40FT,0,0,0,0,1,1,0,0
CARRIER_A,2025-07-13 22:00,DONGSAN,40FT,0,0,0,0,1,1,0,0
CARRIER_A,2025-07-13 23:00,DONGSAN,40FT,0,0,0,0,1,1,0,0
CARRIER_A,2025-07-14 00:00,DONGSAN,40FT,0,0,0,0,1,1,0,0
CARRIER_A,2025-07-14 01:00,DONGSAN,40FT,0,0,0,0,1,1,0,0
CARRIER_A,2025-07-14 02:00,DONGSAN,40FT,0,0,0,0,1,1,0,0
CARRIER_A,2025-07-14 03:00,DONGSAN,40FT,0,0,0,0,1,1,0,0
CARRIER_A,2025-07-14 04:00,DONGSAN,40FT,0,0,0,0,1,1,0,0
CARRIER_A,2025-07-14 05:00,DONGSAN,40FT,0,0,0,0,1,1,0,0
CARRIER_A,2025-07-14 06:00,DONGSAN,40FT,0,0,0,0,1,1,0,0
CARRIER_A,2025-07-14 07:00,DONGSAN,40FT,0,0,0,0,1,1,0,0
CARRIER_A,2025-07-14 08:00,DONGSAN,40FT,0,0,0,0,1,1,0,0
CARRIER_A,2025-07-14 09:00,DONGSAN,40FT,0,0,0,0,1,1,0,0
CARRIER_A,2025-07-14 10:00,DONGSAN,40FT,0,0,0,0,1,1,0,0
CARRIER_A,2025-07-14 11:00,DONGSAN,40FT,0,0,0,0,1,1,0,0
CARRIER_A,2025-07-14 12:00,DONGSAN,40FT,0,0,0,0,1,1,0,0
CARRIER_A,2025-07-14 13:00,DONGSAN,40FT,0,0,0,0,1,1,0,0
CARRIER_A,2025-07-14 14:00,DONGSAN,40FT,0,0,0,0,1,1,0,0
CARRIER_A,2025-07-14 15:00,DONGSAN,40FT,0,0,0,0,1,1,0,0
CARRIER_A,2025-07-14 16:00,DONGSAN,40FT,0,0,0,0,1,1,0,0
CARRIER_A,2025-07-14 17:00,DONGSAN,40FT,0,0,0,0,1,1,0,0
CARRIER_A,2025-07-14 18:00,DONGSAN,40FT,0,0,0,0,1,1,0,0
CARRIER_A,2025-07-14 19:00,DONGSAN,40FT,0,0,0,0,1,1,0,0
CARRIER_A,2025-07-14 20:00,DONGSAN,40FT,0,0,0,0,1,1,0,0
CARRIER_A,2025-07-14 21:00,DONGSAN,40FT,0,0,0,0,1,1,0,0
CARRIER_A,2025-07-14 22:00,DONGSAN,40FT,0,0,0,0,1,1,0,0
CARRIER_A,2025-07-14 23:00,DONGSAN,40FT,0,0,0,0,1,1,0,0
CARRIER_A,2025-07-08 00:00,GWANGYANG,20FT,0,0,0,0,9,9,0,0
CARRIER_A,2025-07-08 01:00,GWANGYANG,20FT,0,0,0,0,9,9,0,0
CARRIER_A,2025-07-08 02:00,GWANGYANG,20FT,0,0,0,0,9,9,0,0
CARRIER_A,2025-07-08 03:00,GWANGYANG,20FT,0,0,0,0,9,9,0,0
CARRIER_A,2025-07-08 04:00,GWANGYANG,20FT,0,0,0,0,9,9,0,0
CARRIER_A,2025-07-08 05:00,GWANGYANG,20FT,0,0,0,0,9,9,0,0
CARRIER_A,2025-07-08 06:00,GWANGYANG,20FT,0,0,0,0,9,9,0,0
CARRIER_A,2025-07-08 07:00,GWANGYANG,20FT,1,0,0,0,8,8,0,0
CARRIER_A,2025-07-08 08:00,GWANGYANG,20FT,0,0,0,0,8,8,0,0
CARRIER_A,2025-07-08 09:00,GWANGYANG,20FT,0,0,0,0,8,8,0,0
CARRIER_A,2025-07-08 10:00,GWANGYANG,20FT,0,0,0,0,8,8,0,0
CARRIER_A,2025-07-08 11:00,GWANGYANG,20FT,0,0,0,0,8,8,0,0
CARRIER_A,2025-07-08 12:00,GWANGYANG,20FT,0,0,0,0,8,8,0,0
CARRIER_A,2025-07-08 13:00,GWANGYANG,20FT,0,0,0,0,8,8,0,0
CARRIER_A,2025-07-08 14:00,GWANGYANG,20FT,0,0,0,0,8,8,0,0
CARRIER_A,2025-07-08 15:00,GWANGYANG,20FT,0,2,0,0,10,10,0,0
CARRIER_A,2025-07-08 16:00,GWANGYANG,20FT,0,0,0,0,10,10,0,0
CARRIER_A,2025-07-08 17:00,GWANGYANG,20FT,0,0,0,0,10,10,0,0
CARRIER_A,2025-07-08 18:00,GWANGYANG,20FT,1,0,0,0,9,9,0,0
CARRIER_A,2025-07-08 19:00,GWANGYANG,20FT,0,0,0,0,9,9,0,0
CARRIER_A,2025-07-08 20:00,GWANGYANG,20FT,0,0,0,0,9,9,0,0
CARRIER_A,2025-07-08 21:00,GWANGYANG,20FT,0,0,0,0,9,9,0,0
CARRIER_A,2025-07-08 22:00,GWANGYANG,20FT,0,0,0,0,9,9,0,0
CARRIER_A,2025-07-08 23:00,GWANGYANG,20FT,0,0,0,0,9,9,0,0
CARRIER_A,2025-07-09 00:00,GWANGYANG,20FT,0,0,0,0,9,9,0,0
CARRIER_A,2025-07-09 01:00,GWANGYANG,20FT,0,0,0,0,9,9,0,0
CARRIER_A,2025-07-09 02:00,GWANGYANG,20FT,0,0,0,0,9,9,0,0
CARRIER_A,2025-07-09 03:00,GWANGYANG,20FT,0,0,0,0,9,9,0,0
CARRIER_A,2025-07-09 04:00,GWANGYANG,20FT,0,0,0,0,9,9,0,0
CARRIER_A,2025-07-09 05:00,GWANGYANG,20FT,0,0,0,0,9,9,0,0
CARRIER_A,2025-07-09 06:00,GWANGYANG,20FT,3,0,0,0,6,6,0,0
CARRIER_A,2025-07-09 07:00,GWANGYANG,20FT,0,0,0,0,6,6,0,0
CARRIER_A,2025-07-09 08:00,GWANGYANG,20FT,0,0,0,0,6,6,0,0
CARRIER_A,2025-07-09 09:00,GWANGYANG,20FT,0,0,0,0,6,6,0,0
CARRIER_A,2025-07-09 10:00,GWANGYANG,20FT,0,1,0,0,7,7,0,0
CARRIER_A,2025-07-09 11:00,GWANGYANG,20FT,0,0,0,0,7,7,0,0
CARRIER_A,2025-07-09 12:00,GWANGYANG,20FT,0,1,0,0,8,8,0,0
CARRIER_A,2025-07-09 13:00,GWANGYANG,20FT,1,1,0,0,8,8,0,0
CARRIER_A,2025-07-09 14:00,GWANGYANG,20FT,1,0,0,0,7,7,0,0
CARRIER_A,2025-07-09 15:00,GWANGYANG,20FT,0,0,0,0,7,7,0,0
CARRIER_A,2025-07-09 16:00,GWANGYANG,20FT,0,1,0,0,8,8,0,0
CARRIER_A,2025-07-09 17:00,GWANGYANG,20FT,2,0,0,0,6,6,0,0
CARRIER_A,2025-07-09 18:00,GWANGYANG,20FT,0,0,0,0,6,6,0,0
CARRIER_A,2025-07-09 19:00,GWANGYANG,20FT,0,0,0,0,6,6,0,0
CARRIER_A,2025-07-09 20:00,GWANGYANG,20FT,0,0,0,0,6,6,0,0
CARRIER_A,2025-07-09 21:00,GWANGYANG,20FT,0,0,0,0,6,6,0,0
CARRIER_A,2025-07-09 22:00,GWANGYANG,20FT,0,0,0,0,6,6,0,0
CARRIER_A,2025-07-09 23:00,GWANGYANG,20FT,0,0,0,0,6,6,0,0
CARRIER_A,2025-07-10 00:00,GWANGYANG,20FT,0,0,0,0,6,6,0,0
CARRIER_A,2025-07-10 01:00,GWANGYANG,20FT,0,0,0,0,6,6,0,0
CARRIER_A,2025-07-10 02:00,GWANGYANG,20FT,0,0,0,0,6,6,0,0
CARRIER_A,2025-07-10 03:00,GWANGYANG,20FT,0,0,0,0,6,6,0,0
CARRIER_A,2025-07-10 04:00,GWANGYANG,20FT,0,0,0,0,6,6,0,0
CARRIER_A,2025-07-10 05:00,GWANGYANG,20FT,0,0,0,0,6,6,0,0
CARRIER_A,2025-07-10 06:00,GWANGYANG,20FT,0,0,0,0,6,6,0,0
CARRIER_A,2025-07-10 07:00,GWANGYANG,20FT,0,0,0,0,6,6,0,0
CARRIER_A,2025-07-10 08:00,GWANGYANG,20FT,0,0,0,0,6,6,0,0
CARRIER_A,2025-07-10 09:00,GWANGYANG,20FT,0,0,0,0,6,6,0,0
CARRIER_A,2025-07-10 10:00,GWANGYANG,20FT,0,0,0,0,6,6,0,0
CARRIER_A,2025-07-10 11:00,GWANGYANG,20FT,0,0,0,0,6,6,0,0
CARRIER_A,2025-07-10 12:00,GWANGYANG,20FT,0,0,0,0,6,6,0,0
CARRIER_A,2025-07-10 13:00,GWANGYANG,20FT,2,0,0,0,4,4,0,0
CARRIER_A,2025-07-10 14:00,GWANGYANG,20FT,0,1,0,0,5,5,0,0
CARRIER_A,2025-07-10 15:00,GWANGYANG,20FT,0,0,0,0,5,5,0,0
CARRIER_A,2025-07-10 16:00,GWANGYANG,20FT,0,0,0,0,5,5,0,0
CARRIER_A,2025-07-10 17:00,GWANGYANG,20FT,0,0,0,0,5,5,0,0
CARRIER_A,2025-07-10 18:00,GWANGYANG,20FT,0,0,0,0,5,5,0,0
CARRIER_A,2025-07-10 19:00,GWANGYANG,20FT,0,0,0,0,5,5,0,0
CARRIER_A,2025-07-10 20:00,GWANGYANG,20FT,0,0,0,0,5,5,0,0
CARRIER_A,2025-07-10 21:00,GWANGYANG,20FT,0,0,0,0,5,5,0,0
CARRIER_A,2025-07-10 22:00,GWANGYANG,20FT,0,0,0,0,5,5,0,0
CARRIER_A,2025-07-10 23:00,GWANGYANG,20FT,0,0,0,0,5,5,0,0
CARRIER_A,2025-07-11 00:00,GWANGYANG,20FT,0,0,0,0,5,5,0,0
CARRIER_A,2025-07-11 01:00,GWANGYANG,20FT,0,0,0,0,5,5,0,0
CARRIER_A,2025-07-11 02:00,GWANGYANG,20FT,0,0,0,0,5,5,0,0
CARRIER_A,2025-07-11 03:00,GWANGYANG,20FT,0,0,0,0,5,5,0,0
CARRIER_A,2025-07-11 04:00,GWANGYANG,20FT,0,0,0,0,5,5,0,0
CARRIER_A,2025-07-11 05:00,GWANGYANG,20FT,0,0,0,0,5,5,0,0
CARRIER_A,2025-07-11 06:00,GWANGYANG,20FT,0,0,0,0,5,5,0,0
CARRIER_A,2025-07-11 07:00,GWANGYANG,20FT,0,0,0,0,5,5,0,0
CARRIER_A,2025-07-11 08:00,GWANGYANG,20FT,0,0,0,0,5,5,0,0
CARRIER_A,2025-07-11 09:00,GWANGYANG,20FT,0,0,0,0,5,5,0,0
CARRIER_A,2025-07-11 10:00,GWANGYANG,20FT,0,0,0,0,5,5,0,0
CARRIER_A,2025-07-11 11:00,GWANGYANG,20FT,0,0,0,0,5,5,0,0
CARRIER_A,2025-07-11 12:00,GWANGYANG,20FT,0,0,0,0,5,5,0,0
CARRIER_A,2025-07-11 13:00,GWANGYANG,20FT,0,0,0,0,5,5,0,0
CARRIER_A,2025-07-11 14:00,GWANGYANG,20FT,0,0,0,0,5,5,0,0
CARRIER_A,2025-07-11 15:00,GWANGYANG,20FT,0,0,0,0,5,5,0,0
CARRIER_A,2025-07-11 16:00,GWANGYANG,20FT,0,0,0,0,5,5,0,0
CARRIER_A,2025-07-11 17:00,GWANGYANG,20FT,0,0,0,0,5,5,0,0
CARRIER_A,2025-07-11 18:00,GWANGYANG,20FT,0,1,0,0,6,6,0,0
CARRIER_A,2025-07-11 19:00,GWANGYANG,20FT,0,0,0,0,6,6,0,0
CARRIER_A,2025-07-11 20:00,GWANGYANG,20FT,0,0,0,0,6,6,0,0
CARRIER_A,2025-07-11 21:00,GWANGYANG,20FT,0,0,0,0,6,6,0,0
CARRIER_A,2025-07-11 22:00,GWANGYANG,20FT,0,0,0,0,6,6,0,0
CARRIER_A,2025-07-11 23:00,GWANGYANG,20FT,0,0,0,0,6,6,0,0
CARRIER_A,2025-07-12 00:00,GWANGYANG,20FT,0,0,0,0,6,6,0,0
CARRIER_A,2025-07-12 01:00,GWANGYANG,20FT,0,0,0,0,6,6,0,0
CARRIER_A,2025-07-12 02:00,GWANGYANG,20FT,0,0,0,0,6,6,0,0
CARRIER_A,2025-07-12 03:00,GWANGYANG,20FT,0,0,0,0,6,6,0,0
CARRIER_A,2025-07-12 04:00,GWANGYANG,20FT,0,0,0,0,6,6,0,0
CARRIER_A,2025-07-12 05:00,GWANGYANG,20FT,0,0,0,0,6,6,0,0
CARRIER_A,2025-07-12 06:00,GWANGYANG,20FT,0,0,0,0,6,6,0,0
CARRIER_A,2025-07-12 07:00,GWANGYANG,20FT,0,0,0,0,6,6,0,0
CARRIER_A,2025-07-12 08:00,GWANGYANG,20FT,0,0,0,0,6,6,0,0
CARRIER_A,2025-07-12 09:00,GWANGYANG,20FT,1,0,0,0,5,5,0,0
CARRIER_A,2025-07-12 10:00,GWANGYANG,20FT,1,0,0,0,4,4,0,0
CARRIER_A,2025-07-12 11:00,GWANGYANG,20FT,0,0,0,0,4,4,0,0
CARRIER_A,2025-07-12 12:00,GWANGYANG,20FT,2,0,0,0,2,2,0,0
CARRIER_A,2025-07-12 13:00,GWANGYANG,20FT,0,1,0,0,3,3,0,0
CARRIER_A,2025-07-12 14:00,GWANGYANG,20FT,0,0,0,0,3,3,0,0
CARRIER_A,2025-07-12 15:00,GWANGYANG,20FT,0,0,0,0,3,3,0,0
CARRIER_A,2025-07-12 16:00,GWANGYANG,20FT,0,0,0,0,3,3,0,0
CARRIER_A,2025-07-12 17:00,GWANGYANG,20FT,0,0,0,0,3,3,0,0
CARRIER_A,2025-07-12 18:00,GWANGYANG,20FT,1,0,0,0,2,2,0,0
CARRIER_A,2025-07-12 19:00,GWANGYANG,20FT,0,0,0,0,2,2,0,0
CARRIER_A,2025-07-12 20:00,GWANGYANG,20FT,0,0,0,0,2,2,0,0
CARRIER_A,2025-07-12 21:00,GWANGYANG,20FT,0,0,0,0,2,2,0,0
CARRIER_A,2025-07-12 22:00,GWANGYANG,20FT,0,0,0,0,2,2,0,0
CARRIER_A,2025-07-12 23:00,GWANGYANG,20FT,0,0,0,0,2,2,0,0
CARRIER_A,2025-07-13 00:00,GWANGYANG,20FT,0,0,0,0,2,2,0,0
CARRIER_A,2025-07-13 01:00,GWANGYANG,20FT,0,0,0,0,2,2,0,0
CARRIER_A,2025-07-13 02:00,GWANGYANG,20FT,0,0,0,0,2,2,0,0
CARRIER_A,2025-07-13 03:00,GWANGYANG,20FT,0,0,0,0,2,2,0,0
CARRIER_A,2025-07-13 04:00,GWANGYANG,20FT,0,0,0,0,2,2,0,0
CARRIER_A,2025-07-13 05:00,GWANGYANG,20FT,0,0,0,0,2,2,0,0
CARRIER_A,2025-07-13 06:00,GWANGYANG,20FT,0,0,0,0,2,2,0,0
CARRIER_A,2025-07-13 07:00,GWANGYANG,20FT,0,0,0,0,2,2,0,0
CARRIER_A,2025-07-13 08:00,GWANGYANG,20FT,0,0,0,0,2,2,0,0
CARRIER_A,2025-07-13 09:00,GWANGYANG,20FT,0,0,0,0,2,2,0,0
CARRIER_A,2025-07-13 10:00,GWANGYANG,20FT,1,0,0,0,1,1,0,0
CARRIER_A,2025-07-13 11:00,GWANGYANG,20FT,0,0,0,0,1,1,0,0
CARRIER_A,2025-07-13 12:00,GWANGYANG,20FT,0,0,0,0,1,1,0,0
CARRIER_A,2025-07-13 13:00,GWANGYANG,20FT,0,0,0,0,1,1,0,0
CARRIER_A,2025-07-13 14:00,GWANGYANG,20FT,1,0,0,0,0,0,0,0
CARRIER_A,2025-07-13 15:00,GWANGYANG,20FT,0,0,0,0,0,0,0,0
CARRIER_A,2025-07-13 16:00,GWANGYANG,20FT,0,0,0,0,0,0,0,0
CARRIER_A,2025-07-13 17:00,GWANGYANG,20FT,0,1,0,0,1,1,0,0
CARRIER_A,2025-07-13 18:00,GWANGYANG,20FT,0,0,0,0,1,1,0,0
CARRIER_A,2025-07-13 19:00,GWANGYANG,20FT,0,0,0,0,1,1,0,0
CARRIER_A,2025-07-13 20:00,GWANGYANG,20FT,0,1,0,0,2,2,0,0
CARRIER_A,2025-07-13 21:00,GWANGYANG,20FT,0,0,0,0,2,2,0,0
CARRIER_A,2025-07-13 22:00,GWANGYANG,20FT,0,0,0,0,2,2,0,0
CARRIER_A,2025-07-13 23:00,GWANGYANG,20FT,0,0,0,0,2,2,0,0
CARRIER_A,2025-07-14 00:00,GWANGYANG,20FT,0,0,0,0,2,2,0,0
CARRIER_A,2025-07-14 01:00,GWANGYANG,20FT,0,0,0,0,2,2,0,0
CARRIER_A,2025-07-14 02:00,GWANGYANG,20FT,0,0,0,0,2,2,0,0
CARRIER_A,2025-07-14 03:00,GWANGYANG,20FT,0,0,0,0,2,2,0,0
CARRIER_A,2025-07-14 04:00,GWANGYANG,20FT,0,0,0,0,2,2,0,0
CARRIER_A,2025-07-14 05:00,GWANGYANG,20FT,0,0,0,0,2,2,0,0
CARRIER_A,2025-07-14 06:00,GWANGYANG,20FT,0,0,0,0,2,2,0,0
CARRIER_A,2025-07-14 07:00,GWANGYANG,20FT,0,0,0,0,2,2,0,0
CARRIER_A,2025-07-14 08:00,GWANGYANG,20FT,0,0,0,0,2,2,0,0
CARRIER_A,2025-07-14 09:00,GWANGYANG,20FT,0,0,0,0,2,2,0,0
CARRIER_A,2025-07-14 10:00,GWANGYANG,20FT,1,0,0,0,1,1,0,0
CARRIER_A,2025-07-14 11:00,GWANGYANG,20FT,0,1,0,0,2,2,0,0
CARRIER_A,2025-07-14 12:00,GWANGYANG,20FT,0,0,0,0,2,2,0,0
CARRIER_A,2025-07-14 13:00,GWANGYANG,20FT,0,1,0,0,3,3,0,0
CARRIER_A,2025-07-14 14:00,GWANGYANG,20FT,0,0,0,0,3,3,0,0
CARRIER_A,2025-07-14 15:00,GWANGYANG,20FT,0,0,0,0,3,3,0,0
CARRIER_A,2025-07-14 16:00,GWANGYANG,20FT,0,0,0,0,3,3,0,0
CARRIER_A,2025-07-14 17:00,GWANGYANG,20FT,0,0,0,0,3,3,0,0
CARRIER_A,2025-07-14 18:00,GWANGYANG,20FT,0,0,0,0,3,3,0,0
CARRIER_A,2025-07-14 19:00,GWANGYANG,20FT,1,0,0,0,2,2,0,0
CARRIER_A,2025-07-14 20:00,GWANGYANG,20FT,0,0,0,0,2,2,0,0
CARRIER_A,2025-07-14 21:00,GWANGYANG,20FT,0,1,0,0,3,3,0,0
CARRIER_A,2025-07-14 22:00,GWANGYANG,20FT,0,0,0,0,3,3,0,0
CARRIER_A,2025-07-14 23:00,GWANGYANG,20FT,0,0,0,0,3,3,0,0
CARRIER_A,2025-07-08 00:00,GWANGYANG,40FT,0,0,0,0,1,1,0,0
CARRIER_A,2025-07-08 01:00,GWANGYANG,40FT,0,0,0,0,1,1,0,0
CARRIER_A,2025-07-08 02:00,GWANGYANG,40FT,0,0,0,0,1,1,0,0
CARRIER_A,2025-07-08 03:00,GWANGYANG,40FT,0,0,0,0,1,1,0,0
CARRIER_A,2025-07-08 04:00,GWANGYANG,40FT,0,0,0,0,1,1,0,0
CARRIER_A,2025-07-08 05:00,GWANGYANG,40FT,0,0,0,0,1,1,0,0
CARRIER_A,2025-07-08 06:00,GWANGYANG,40FT,0,0,0,0,1,1,0,0
CARRIER_A,2025-07-08 07:00,GWANGYANG,40FT,0,0,0,0,1,1,0,0
CARRIER_A,2025-07-08 08:00,GWANGYANG,40FT,0,0,0,0,1,1,0,0
CARRIER_A,2025-07-08 09:00,GWANGYANG,40FT,0,0,0,0,1,1,0,0
CARRIER_A,2025-07-08 10:00,GWANGYANG,40FT,0,0,0,0,1,1,0,0
CARRIER_A,2025-07-08 11:00,GWANGYANG,40FT,0,0,0,0,1,1,0,0
CARRIER_A,2025-07-08 12:00,GWANGYANG,40FT,0,0,0,0,1,1,0,0
CARRIER_A,2025-07-08 13:00,GWANGYANG,40FT,0,0,0,0,1,1,0,0
CARRIER_A,2025-07-08 14:00,GWANGYANG,40FT,0,0,0,0,1,1,0,0
CARRIER_A,2025-07-08 15:00,GWANGYANG,40FT,0,0,0,0,1,1,0,0
CARRIER_A,2025-07-08 16:00,GWANGYANG,40FT,0,0,0,0,1,1,0,0
CARRIER_A,2025-07-08 17:00,GWANGYANG,40FT,0,0,0,0,1,1,0,0
CARRIER_A,2025-07-08 18:00,GWANGYANG,40FT,0,0,0,0,1,1,0,0
CARRIER_A,2025-07-08 19:00,GWANGYANG,40FT,1,0,0,0,0,0,0,0
CARRIER_A,2025-07-08 20:00,GWANGYANG,40FT,0,0,0,0,0,0,0,0
CARRIER_A,2025-07-08 21:00,GWANGYANG,40FT,0,0,0,0,0,0,0,0
CARRIER_A,2025-07-08 22:00,GWANGYANG,40FT,0,0,0,0,0,0,0,0
CARRIER_A,2025-07-08 23:00,GWANGYANG,40FT,0,0,0,0,0,0,0,0
CARRIER_A,2025-07-09 00:00,GWANGYANG,40FT,0,0,0,0,0,0,0,0
CARRIER_A,2025-07-09 01:00,GWANGYANG,40FT,0,0,0,0,0,0,0,0
CARRIER_A,2025-07-09 02:00,GWANGYANG,40FT,0,0,0,0,0,0,0,0
CARRIER_A,2025-07-09 03:00,GWANGYANG,40FT,0,0,0,0,0,0,0,0
CARRIER_A,2025-07-09 04:00,GWANGYANG,40FT,0,0,0,0,0,0,0,0
CARRIER_A,2025-07-09 05:00,GWANGYANG,40FT,0,0,0,0,0,0,0,0
CARRIER_A,2025-07-09 06:00,GWANGYANG,40FT,0,0,0,0,0,0,0,0
CARRIER_A,2025-07-09 07:00,GWANGYANG,40FT,0,0,0,0,0,0,0,0
CARRIER_A,2025-07-09 08:00,GWANGYANG,40FT,0,0,0,0,0,0,0,0
CARRIER_A,2025-07-09 09:00,GWANGYANG,40FT,0,0,0,0,0,0,0,0
CARRIER_A,2025-07-09 10:00,GWANGYANG,40FT,0,0,0,0,0,0,0,0
CARRIER_A,2025-07-09 11:00,GWANGYANG,40FT,0,0,0,0,0,0,0,0
CARRIER_A,2025-07-09 12:00,GWANGYANG,40FT,0,0,0,0,0,0,0,0
CARRIER_A,2025-07-09 13:00,GWANGYANG,40FT,0,0,0,0,0,0,0,0
CARRIER_A,2025-07-09 14:00,GWANGYANG,40FT,0,0,0,0,0,0,0,0
CARRIER_A,2025-07-09 15:00,GWANGYANG,40FT,0,0,0,0,0,0,0,0
CARRIER_A,2025-07-09 16:00,GWANGYANG,40FT,1,0,0,0,0,0,1,1
CARRIER_A,2025-07-09 17:00,GWANGYANG,40FT,0,0,0,0,0,0,0,0
CARRIER_A,2025-07-09 18:00,GWANGYANG,40FT,0,0,0,0,0,0,0,0
CARRIER_A,2025-07-09 19:00,GWANGYANG,40FT,0,0,0,0,0,0,0,0
CARRIER_A,2025-07-09 20:00,GWANGYANG,40FT,0,0,0,0,0,0,0,0
CARRIER_A,2025-07-09 21:00,GWANGYANG,40FT,0,0,0,0,0,0,0,0
CARRIER_A,2025-07-09 22:00,GWANGYANG,40FT,0,0,0,0,0,0,0,0
CARRIER_A,2025-07-09 23:00,GWANGYANG,40FT,0,0,0,0,0,0,0,0
CARRIER_A,2025-07-10 00:00,GWANGYANG,40FT,0,0,0,0,0,0,0,0
CARRIER_A,2025-07-10 01:00,GWANGYANG,40FT,0,0,0,0,0,0,0,0
CARRIER_A,2025-07-10 02:00,GWANGYANG,40FT,0,0,0,0,0,0,0,0
CARRIER_A,2025-07-10 03:00,GWANGYANG,40FT,0,0,0,0,0,0,0,0
CARRIER_A,2025-07-10 04:00,GWANGYANG,40FT,0,0,0,0,0,0,0,0
CARRIER_A,2025-07-10 05:00,GWANGYANG,40FT,0,0,0,0,0,0,0,0
CARRIER_A,2025-07-10 06:00,GWANGYANG,40FT,0,0,0,0,0,0,0,0
CARRIER_A,2025-07-10 07:00,GWANGYANG,40FT,0,0,0,0,0,0,0,0
CARRIER_A,2025-07-10 08:00,GWANGYANG,40FT,0,0,0,0,0,0,0,0
CARRIER_A,2025-07-10 09:00,GWANGYANG,40FT,0,0,0,0,0,0,0,0
CARRIER_A,2025-07-10 10:00,GWANGYANG,40FT,0,0,0,0,0,0,0,0
CARRIER_A,2025-07-10 11:00,GWANGYANG,40FT,0,0,0,0,0,0,0,0
CARRIER_A,2025-07-10 12:00,GWANGYANG,40FT,0,0,0,0,0,0,0,0
CARRIER_A,2025-07-10 13:00,GWANGYANG,40FT,0,0,0,0,0,0,0,0
CARRIER_A,2025-07-10 14:00,GWANGYANG,40FT,0,0,0,0,0,0,0,0
CARRIER_A,2025-07-10 15:00,GWANGYANG,40FT,0,0,0,0,0,0,0,0
CARRIER_A,2025-07-10 16:00,GWANGYANG,40FT,0,0,0,0,0,0,0,0
CARRIER_A,2025-07-10 17:00,GWANGYANG,40FT,0,0,0,0,0,0,0,0
CARRIER_A,2025-07-10 18:00,GWANGYANG,40FT,0,0,0,0,0,0,0,0
CARRIER_A,2025-07-10 19:00,GWANGYANG,40FT,0,0,0,0,0,0,0,0
CARRIER_A,2025-07-10 20:00,GWANGYANG,40FT,0,0,0,0,0,0,0,0
CARRIER_A,2025-07-10 21:00,GWANGYANG,40FT,0,0,0,0,0,0,0,0
CARRIER_A,2025-07-10 22:00,GWANGYANG,40FT,0,0,0,0,0,0,0,0
CARRIER_A,2025-07-10 23:00,GWANGYANG,40FT,0,0,0,0,0,0,0,0
CARRIER_A,2025-07-11 00:00,GWANGYANG,40FT,0,0,0,0,0,0,0,0
CARRIER_A,2025-07-11 01:00,GWANGYANG,40FT,0,0,0,0,0,0,0,0
CARRIER_A,2025-07-11 02:00,GWANGYANG,40FT,0,0,0,0,0,0,0,0
CARRIER_A,2025-07-11 03:00,GWANGYANG,40FT,0,0,0,0,0,0,0,0
CARRIER_A,2025-07-11 04:00,GWANGYANG,40FT,0,0,0,0,0,0,0,0
CARRIER_A,2025-07-11 05:00,GWANGYANG,40FT,0,0,0,0,0,0,0,0
CARRIER_A,2025-07-11 06:00,GWANGYANG,40FT,0,0,0,0,0,0,0,0
CARRIER_A,2025-07-11 07:00,GWANGYANG,40FT,0,0,0,0,0,0,0,0
CARRIER_A,2025-07-11 08:00,GWANGYANG,40FT,0,0,0,0,0,0,0,0
CARRIER_A,2025-07-11 09:00,GWANGYANG,40FT,0,0,0,0,0,0,0,0
CARRIER_A,2025-07-11 10:00,GWANGYANG,40FT,0,0,0,0,0,0,0,0
CARRIER_A,2025-07-11 11:00,GWANGYANG,40FT,0,0,0,0,0,0,0,0
CARRIER_A,2025-07-11 12:00,GWANGYANG,40FT,0,0,0,0,0,0,0,0
CARRIER_A,2025-07-11 13:00,GWANGYANG,40FT,0,0,0,0,0,0,0,0
CARRIER_A,2025-07-11 14:00,GWANGYANG,40FT,0,0,0,0,0,0,0,0
CARRIER_A,2025-07-11 15:00,GWANGYANG,40FT,0,0,0,0,0,0,0,0
CARRIER_A,2025-07-11 16:00,GWANGYANG,40FT,0,0,0,0,0,0,0,0
CARRIER_A,2025-07-11 17:00,GWANGYANG,40FT,0,0,0,0,0,0,0,0
CARRIER_A,2025-07-11 18:00,GWANGYANG,40FT,0,0,0,0,0,0,0,0
CARRIER_A,2025-07-11 19:00,GWANGYANG,40FT,0,0,0,0,0,0,0,0
CARRIER_A,2025-07-11 20:00,GWANGYANG,40FT,0,0,0,0,0,0,0,0
CARRIER_A,2025-07-11 21:00,GWANGYANG,40FT,0,0,0,0,0,0,0,0
CARRIER_A,2025-07-11 22:00,GWANGYANG,40FT,0,0,0,0,0,0,0,0
CARRIER_A,2025-07-11 23:00,GWANGYANG,40FT,0,0,0,0,0,0,0,0
CARRIER_A,2025-07-12 00:00,GWANGYANG,40FT,0,0,0,0,0,0,0,0
CARRIER_A,2025-07-12 01:00,GWANGYANG,40FT,0,0,0,0,0,0,0,0
CARRIER_A,2025-07-12 02:00,GWANGYANG,40FT,0,0,0,0,0,0,0,0
CARRIER_A,2025-07-12 03:00,GWANGYANG,40FT,0,0,0,0,0,0,0,0
CARRIER_A,2025-07-12 04:00,GWANGYANG,40FT,0,0,0,0,0,0,0,0
CARRIER_A,2025-07-12 05:00,GWANGYANG,40FT,0,0,0,0,0,0,0,0
CARRIER_A,2025-07-12 06:00,GWANGYANG,40FT,0,0,0,0,0,0,0,0
CARRIER_A,2025-07-12 07:00,GWANGYANG,40FT,0,0,0,0,0,0,0,0
CARRIER_A,2025-07-12 08:00,GWANGYANG,40FT,0,0,0,0,0,0,0,0
CARRIER_A,2025-07-12 09:00,GWANGYANG,40FT,0,0,0,0,0,0,0,0
CARRIER_A,2025-07-12 10:00,GWANGYANG,40FT,0,0,0,0,0,0,0,0
CARRIER_A,2025-07-12 11:00,GWANGYANG,40FT,0,0,0,0,0,0,0,0
CARRIER_A,2025-07-12 12:00,GWANGYANG,40FT,0,0,0,0,0,0,0,0
CARRIER_A,2025-07-12 13:00,GWANGYANG,40FT,0,0,0,0,0,0,0,0
CARRIER_A,2025-07-12 14:00,GWANGYANG,40FT,0,0,0,0,0,0,0,0
CARRIER_A,2025-07-12 15:00,GWANGYANG,40FT,0,0,0,0,0,0,0,0
CARRIER_A,2025-07-12 16:00,GWANGYANG,40FT,0,0,0,0,0,0,0,0
CARRIER_A,2025-07-12 17:00,GWANGYANG,40FT,0,0,0,0,0,0,0,0
CARRIER_A,2025-07-12 18:00,GWANGYANG,40FT,0,0,0,0,0,0,0,0
CARRIER_A,2025-07-12 19:00,GWANGYANG,40FT,0,0,0,0,0,0,0,0
CARRIER_A,2025-07-12 20:00,GWANGYANG,40FT,0,0,0,0,0,0,0,0
CARRIER_A,2025-07-12 21:00,GWANGYANG,40FT,0,0,0,0,0,0,0,0
CARRIER_A,2025-07-12 22:00,GWANGYANG,40FT,0,0,0,0,0,0,0,0
CARRIER_A,2025-07-12 23:00,GWANGYANG,40FT,0,0,0,0,0,0,0,0
CARRIER_A,2025-07-13 00:00,GWANGYANG,40FT,0,0,0,0,0,0,0,0
CARRIER_A,2025-07-13 01:00,GWANGYANG,40FT,0,0,0,0,0,0,0,0
CARRIER_A,2025-07-13 02:00,GWANGYANG,40FT,0,0,0,0,0,0,0,0
CARRIER_A,2025-07-13 03:00,GWANGYANG,40FT,0,0,0,0,0,0,0,0
CARRIER_A,2025-07-13 04:00,GWANGYANG,40FT,0,0,0,0,0,0,0,0
CARRIER_A,2025-07-13 05:00,GWANGYANG,40FT,0,0,0,0,0,0,0,0
CARRIER_A,2025-07-13 06:00,GWANGYANG,40FT,0,0,0,0,0,0,0,0
CARRIER_A,2025-07-13 07:00,GWANGYANG,40FT,0,0,0,0,0,0,0,0
CARRIER_A,2025-07-13 08:00,GWANGYANG,40FT,0,0,0,0,0,0,0,0
CARRIER_A,2025-07-13 09:00,GWANGYANG,40FT,0,0,0,0,0,0,0,0
CARRIER_A,2025-07-13 10:00,GWANGYANG,40FT,0,0,0,0,0,0,0,0
CARRIER_A,2025-07-13 11:00,GWANGYANG,40FT,0,0,0,0,0,0,0,0
CARRIER_A,2025-07-13 12:00,GWANGYANG,40FT,1,0,0,0,0,0,1,1
CARRIER_A,2025-07-13 13:00,GWANGYANG,40FT,0,0,0,0,0,0,0,0
CARRIER_A,2025-07-13 14:00,GWANGYANG,40FT,0,0,0,0,0,0,0,0
CARRIER_A,2025-07-13 15:00,GWANGYANG,40FT,0,0,0,0,0,0,0,0
CARRIER_A,2025-07-13 16:00,GWANGYANG,40FT,0,0,0,0,0,0,0,0
CARRIER_A,2025-07-13 17:00,GWANGYANG,40FT,0,0,0,0,0,0,0,0
CARRIER_A,2025-07-13 18:00,GWANGYANG,40FT,0,0,0,0,0,0,0,0
CARRIER_A,2025-07-13 19:00,GWANGYANG,40FT,0,0,0,0,0,0,0,0
CARRIER_A,2025-07-13 20:00,GWANGYANG,40FT,0,0,0,0,0,0,0,0
CARRIER_A,2025-07-13 21:00,GWANGYANG,40FT,0,0,0,0,0,0,0,0
CARRIER_A,2025-07-13 22:00,GWANGYANG,40FT,0,0,0,0,0,0,0,0
CARRIER_A,2025-07-13 23:00,GWANGYANG,40FT,0,0,0,0,0,0,0,0
CARRIER_A,2025-07-14 00:00,GWANGYANG,40FT,0,0,0,0,0,0,0,0
CARRIER_A,2025-07-14 01:00,GWANGYANG,40FT,0,0,0,0,0,0,0,0
CARRIER_A,2025-07-14 02:00,GWANGYANG,40FT,0,0,0,0,0,0,0,0
CARRIER_A,2025-07-14 03:00,GWANGYANG,40FT,0,0,0,0,0,0,0,0
CARRIER_A,2025-07-14 04:00,GWANGYANG,40FT,0,0,0,0,0,0,0,0
CARRIER_A,2025-07-14 05:00,GWANGYANG,40FT,0,0,0,0,0,0,0,0
CARRIER_A,2025-07-14 06:00,GWANGYANG,40FT,0,0,0,0,0,0,0,0
CARRIER_A,2025-07-14 07:00,GWANGYANG,40FT,0,0,0,0,0,0,0,0
CARRIER_A,2025-07-14 08:00,GWANGYANG,40FT,0,0,0,0,0,0,0,0
CARRIER_A,2025-07-14 09:00,GWANGYANG,40FT,0,0,0,0,0,0,0,0
CARRIER_A,2025-07-14 10:00,GWANGYANG,40FT,0,0,0,0,0,0,0,0
CARRIER_A,2025-07-14 11:00,GWANGYANG,40FT,0,0,0,0,0,0,0,0
CARRIER_A,2025-07-14 12:00,GWANGYANG,40FT,0,0,0,0,0,0,0,0
CARRIER_A,2025-07-14 13:00,GWANGYANG,40FT,0,0,0,0,0,0,0,0
CARRIER_A,2025-07-14 14:00,GWANGYANG,40FT,0,0,0,0,0,0,0,0
CARRIER_A,2025-07-14 15:00,GWANGYANG,40FT,0,0,0,0,0,0,0,0
CARRIER_A,2025-07-14 16:00,GWANGYANG,40FT,0,0,0,0,0,0,0,0
CARRIER_A,2025-07-14 17:00,GWANGYANG,40FT,0,0,0,0,0,0,0,0
CARRIER_A,2025-07-14 18:00,GWANGYANG,40FT,0,0,0,0,0,0,0,0
CARRIER_A,2025-07-14 19:00,GWANGYANG,40FT,0,0,0,0,0,0,0,0
CARRIER_A,2025-07-14 20:00,GWANGYANG,40FT,0,0,0,0,0,0,0,0
CARRIER_A,2025-07-14 21:00,GWANGYANG,40FT,0,0,0,0,0,0,0,0
CARRIER_A,2025-07-14 22:00,GWANGYANG,40FT,0,0,0,0,0,0,0,0
CARRIER_A,2025-07-14 23:00,GWANGYANG,40FT,0,0,0,0,0,0,0,0
CARRIER_A,2025-07-08 00:00,UIWANG,20FT,0,0,0,0,11,11,0,0
CARRIER_A,2025-07-08 01:00,UIWANG,20FT,0,0,0,0,11,11,0,0
CARRIER_A,2025-07-08 02:00,UIWANG,20FT,0,0,0,0,11,11,0,0
CARRIER_A,2025-07-08 03:00,UIWANG,20FT,0,0,0,0,11,11,0,0
CARRIER_A,2025-07-08 04:00,UIWANG,20FT,0,0,0,0,11,11,0,0
CARRIER_A,2025-07-08 05:00,UIWANG,20FT,0,0,0,0,11,11,0,0
CARRIER_A,2025-07-08 06:00,UIWANG,20FT,0,0,0,0,11,11,0,0
CARRIER_A,2025-07-08 07:00,UIWANG,20FT,1,0,0,0,10,10,0,0
CARRIER_A,2025-07-08 08:00,UIWANG,20FT,0,0,0,0,10,10,0,0
CARRIER_A,2025-07-08 09:00,UIWANG,20FT,0,1,0,0,11,11,0,0
CARRIER_A,2025-07-08 10:00,UIWANG,20FT,0,1,0,0,12,12,0,0
CARRIER_A,2025-07-08 11:00,UIWANG,20FT,0,1,0,0,13,13,0,0
CARRIER_A,2025-07-08 12:00,UIWANG,20FT,0,2,0,0,15,15,0,0
CARRIER_A,2025-07-08 13:00,UIWANG,20FT,0,2,0,0,17,17,0,0
CARRIER_A,2025-07-08 14:00,UIWANG,20FT,0,1,0,0,18,18,0,0
CARRIER_A,2025-07-08 15:00,UIWANG,20FT,1,0,0,0,17,17,0,0
CARRIER_A,2025-07-08 16:00,UIWANG,20FT,0,1,0,0,18,18,0,0
CARRIER_A,2025-07-08 17:00,UIWANG,20FT,0,0,0,0,18,18,0,0
CARRIER_A,2025-07-08 18:00,UIWANG,20FT,1,2,0,0,19,19,0,0
CARRIER_A,2025-07-08 19:00,UIWANG,20FT,0,1,0,0,20,20,0,0
CARRIER_A,2025-07-08 20:00,UIWANG,20FT,0,0,0,0,20,20,0,0
CARRIER_A,2025-07-08 21:00,UIWANG,20FT,0,0,0,0,20,20,0,0
CARRIER_A,2025-07-08 22:00,UIWANG,20FT,0,0,0,0,20,20,0,0
CARRIER_A,2025-07-08 23:00,UIWANG,20FT,0,0,0,0,20,20,0,0
CARRIER_A,2025-07-09 00:00,UIWANG,20FT,0,0,0,0,20,20,0,0
CARRIER_A,2025-07-09 01:00,UIWANG,20FT,0,0,0,0,20,20,0,0
CARRIER_A,2025-07-09 02:00,UIWANG,20FT,0,0,0,0,20,20,0,0
CARRIER_A,2025-07-09 03:00,UIWANG,20FT,0,0,0,0,20,20,0,0
CARRIER_A,2025-07-09 04:00,UIWANG,20FT,0,0,0,0,20,20,0,0
CARRIER_A,2025-07-09 05:00,UIWANG,20FT,0,0,0,0,20,20,0,0
CARRIER_A,2025-07-09 06:00,UIWANG,20FT,0,0,0,0,20,20,0,0
CARRIER_A,2025-07-09 07:00,UIWANG,20FT,0,1,0,0,21,21,0,0
CARRIER_A,2025-07-09 08:00,UIWANG,20FT,0,0,0,0,21,21,0,0
CARRIER_A,2025-07-09 09:00,UIWANG,20FT,1,2,0,0,22,22,0,0
CARRIER_A,2025-07-09 10:00,UIWANG,20FT,0,1,0,0,23,23,0,0
CARRIER_A,2025-07-09 11:00,UIWANG,20FT,1,0,0,0,22,22,0,0
CARRIER_A,2025-07-09 12:00,UIWANG,20FT,0,0,0,0,22,22,0,0
CARRIER_A,2025-07-09 13:00,UIWANG,20FT,0,2,0,0,24,24,0,0
CARRIER_A,2025-07-09 14:00,UIWANG,20FT,0,2,0,0,26,26,0,0
CARRIER_A,2025-07-09 15:00,UIWANG,20FT,0,1,0,0,27,27,0,0
CARRIER_A,2025-07-09 16:00,UIWANG,20FT,1,1,0,0,27,27,0,0
CARRIER_A,2025-07-09 17:00,UIWANG,20FT,0,3,0,0,30,30,0,0
CARRIER_A,2025-07-09 18:00,UIWANG,20FT,0,0,0,0,30,30,0,0
CARRIER_A,2025-07-09 19:00,UIWANG,20FT,0,0,0,0,30,30,0,0
CARRIER_A,2025-07-09 20:00,UIWANG,20FT,0,0,0,0,30,30,0,0
CARRIER_A,2025-07-09 21:00,UIWANG,20FT,0,0,0,0,30,30,0,0
CARRIER_A,2025-07-09 22:00,UIWANG,20FT,0,0,0,0,30,30,0,0
CARRIER_A,2025-07-09 23:00,UIWANG,20FT,0,0,0,0,30,30,0,0
CARRIER_A,2025-07-10 00:00,UIWANG,20FT,0,0,0,0,30,30,0,0
CARRIER_A,2025-07-10 01:00,UIWANG,20FT,0,0,0,0,30,30,0,0
CARRIER_A,2025-07-10 02:00,UIWANG,20FT,0,0,0,0,30,30,0,0
CARRIER_A,2025-07-10 03:00,UIWANG,20FT,0,0,0,0,30,30,0,0
CARRIER_A,2025-07-10 04:00,UIWANG,20FT,0,0,0,0,30,30,0,0
CARRIER_A,2025-07-10 05:00,UIWANG,20FT,0,0,0,0,30,30,0,0
CARRIER_A,2025-07-10 06:00,UIWANG,20FT,0,0,0,0,30,30,0,0
CARRIER_A,2025-07-10 07:00,UIWANG,20FT,0,0,0,0,30,30,0,0
CARRIER_A,2025-07-10 08:00,UIWANG,20FT,0,0,0,0,30,30,0,0
CARRIER_A,2025-07-10 09:00,UIWANG,20FT,1,0,0,0,29,29,0,0
CARRIER_A,2025-07-10 10:00,UIWANG,20FT,0,1,0,0,30,30,0,0
CARRIER_A,2025-07-10 11:00,UIWANG,20FT,0,3,0,0,33,33,0,0
CARRIER_A,2025-07-10 12:00,UIWANG,20FT,1,1,0,0,33,33,0,0
CARRIER_A,2025-07-10 13:00,UIWANG,20FT,1,0,0,0,32,32,0,0
CARRIER_A,2025-07-10 14:00,UIWANG,20FT,0,0,0,0,32,32,0,0
CARRIER_A,2025-07-10 15:00,UIWANG,20FT,0,1,0,0,33,33,0,0
CARRIER_A,2025-07-10 16:00,UIWANG,20FT,0,1,0,0,34,34,0,0
CARRIER_A,2025-07-10 17:00,UIWANG,20FT,2,2,0,0,34,34,0,0
CARRIER_A,2025-07-10 18:00,UIWANG,20FT,0,1,0,0,35,35,0,0
CARRIER_A,2025-07-10 19:00,UIWANG,20FT,0,0,0,0,35,35,0,0
CARRIER_A,2025-07-10 20:00,UIWANG,20FT,0,0,0,0,35,35,0,0
CARRIER_A,2025-07-10 21:00,UIWANG,20FT,0,0,0,0,35,35,0,0
CARRIER_A,2025-07-10 22:00,UIWANG,20FT,0,0,0,0,35,35,0,0
CARRIER_A,2025-07-10 23:00,UIWANG,20FT,0,0,0,0,35,35,0,0
CARRIER_A,2025-07-11 00:00,UIWANG,20FT,0,0,0,0,35,35,0,0
CARRIER_A,2025-07-11 01:00,UIWANG,20FT,0,0,0,0,35,35,0,0
CARRIER_A,2025-07-11 02:00,UIWANG,20FT,0,0,0,0,35,35,0,0
CARRIER_A,2025-07-11 03:00,UIWANG,20FT,0,0,0,0,35,35,0,0
CARRIER_A,2025-07-11 04:00,UIWANG,20FT,0,0,0,0,35,35,0,0
CARRIER_A,2025-07-11 05:00,UIWANG,20FT,0,0,0,0,35,35,0,0
CARRIER_A,2025-07-11 06:00,UIWANG,20FT,0,0,0,0,35,35,0,0
CARRIER_A,2025-07-11 07:00,UIWANG,20FT,0,0,0,0,35,35,0,0
CARRIER_A,2025-07-11 08:00,UIWANG,20FT,0,0,0,0,35,35,0,0
CARRIER_A,2025-07-11 09:00,UIWANG,20FT,0,0,0,0,35,35,0,0
CARRIER_A,2025-07-11 10:00,UIWANG,20FT,0,0,0,0,35,35,0,0
CARRIER_A,2025-07-11 11:00,UIWANG,20FT,0,1,0,0,36,36,0,0
CARRIER_A,2025-07-11 12:00,UIWANG,20FT,1,0,0,0,35,35,0,0
CARRIER_A,2025-07-11 13:00,UIWANG,20FT,1,0,0,0,34,34,0,0
CARRIER_A,2025-07-11 14:00,UIWANG,20FT,0,3,0,0,37,37,0,0
CARRIER_A,2025-07-11 15:00,UIWANG,20FT,0,1,0,15,38,23,0,0
CARRIER_A,2025-07-11 16:00,UIWANG,20FT,0,1,0,0,39,24,0,0
CARRIER_A,2025-07-11 17:00,UIWANG,20FT,2,0,0,0,37,22,0,0
CARRIER_A,2025-07-11 18:00,UIWANG,20FT,0,0,0,0,37,22,0,0
CARRIER_A,2025-07-11 19:00,UIWANG,20FT,0,1,0,0,38,23,0,0
CARRIER_A,2025-07-11 20:00,UIWANG,20FT,0,0,0,0,38,23,0,0
CARRIER_A,2025-07-11 21:00,UIWANG,20FT,0,0,0,0,38,23,0,0
CARRIER_A,2025-07-11 22:00,UIWANG,20FT,0,0,0,0,38,23,0,0
CARRIER_A,2025-07-11 23:00,UIWANG,20FT,0,0,0,0,38,23,0,0
CARRIER_A,2025-07-12 00:00,UIWANG,20FT,0,0,0,0,38,23,0,0
CARRIER_A,2025-07-12 01:00,UIWANG,20FT,0,0,0,0,38,23,0,0
CARRIER_A,2025-07-12 02:00,UIWANG,20FT,0,0,0,0,38,23,0,0
CARRIER_A,2025-07-12 03:00,UIWANG,20FT,0,0,0,0,38,23,0,0
CARRIER_A,2025-07-12 04:00,UIWANG,20FT,0,0,0,0,38,23,0,0
CARRIER_A,2025-07-12 05:00,UIWANG,20FT,0,0,0,0,38,23,0,0
CARRIER_A,2025-07-12 06:00,UIWANG,20FT,0,0,0,0,38,23,0,0
CARRIER_A,2025-07-12 07:00,UIWANG,20FT,1,0,0,0,37,22,0,0
CARRIER_A,2025-07-12 08:00,UIWANG,20FT,0,0,0,0,37,22,0,0
CARRIER_A,2025-07-12 09:00,UIWANG,20FT,1,0,0,0,36,21,0,0
CARRIER_A,2025-07-12 10:00,UIWANG,20FT,0,2,0,0,38,23,0,0
CARRIER_A,2025-07-12 11:00,UIWANG,20FT,0,0,0,0,38,23,0,0
CARRIER_A,2025-07-12 12:00,UIWANG,20FT,0,0,0,0,38,23,0,0
CARRIER_A,2025-07-12 13:00,UIWANG,20FT,0,1,0,0,39,24,0,0
CARRIER_A,2025-07-12 14:00,UIWANG,20FT,0,1,0,0,40,25,0,0
CARRIER_A,2025-07-12 15:00,UIWANG,20FT,0,2,0,0,42,27,0,0
CARRIER_A,2025-07-12 16:00,UIWANG,20FT,0,2,0,0,44,29,0,0
CARRIER_A,2025-07-12 17:00,UIWANG,20FT,0,0,0,0,44,29,0,0
CARRIER_A,2025-07-12 18:00,UIWANG,20FT,0,0,0,0,44,29,0,0
CARRIER_A,2025-07-12 19:00,UIWANG,20FT,0,0,0,0,44,29,0,0
CARRIER_A,2025-07-12 20:00,UIWANG,20FT,0,0,0,0,44,29,0,0
CARRIER_A,2025-07-12 21:00,UIWANG,20FT,0,0,0,0,44,29,0,0
CARRIER_A,2025-07-12 22:00,UIWANG,20FT,0,0,0,0,44,29,0,0
CARRIER_A,2025-07-12 23:00,UIWANG,20FT,0,0,0,0,44,29,0,0
CARRIER_A,2025-07-13 00:00,UIWANG,20FT,0,0,0,0,44,29,0,0
CARRIER_A,2025-07-13 01:00,UIWANG,20FT,0,0,0,0,44,29,0,0
CARRIER_A,2025-07-13 02:00,UIWANG,20FT,0,0,0,0,44,29,0,0
CARRIER_A,2025-07-13 03:00,UIWANG,20FT,0,0,0,0,44,29,0,0
CARRIER_A,2025-07-13 04:00,UIWANG,20FT,0,0,0,0,44,29,0,0
CARRIER_A,2025-07-13 05:00,UIWANG,20FT,0,0,0,0,44,29,0,0
CARRIER_A,2025-07-13 06:00,UIWANG,20FT,0,0,0,0,44,29,0,0
CARRIER_A,2025-07-13 07:00,UIWANG,20FT,0,0,0,0,44,29,0,0
CARRIER_A,2025-07-13 08:00,UIWANG,20FT,0,0,0,0,44,29,0,0
CARRIER_A,2025-07-13 09:00,UIWANG,20FT,1,0,0,0,43,28,0,0
CARRIER_A,2025-07-13 10:00,UIWANG,20FT,0,0,0,0,43,28,0,0
CARRIER_A,2025-07-13 11:00,UIWANG,20FT,0,0,0,0,43,28,0,0
CARRIER_A,2025-07-13 12:00,UIWANG,20FT,0,1,0,0,44,29,0,0
CARRIER_A,2025-07-13 13:00,UIWANG,20FT,0,0,0,0,44,29,0,0
CARRIER_A,2025-07-13 14:00,UIWANG,20FT,0,0,0,0,44,29,0,0
CARRIER_A,2025-07-13 15:00,UIWANG,20FT,0,0,0,0,44,29,0,0
CARRIER_A,2025-07-13 16:00,UIWANG,20FT,0,0,0,0,44,29,0,0
CARRIER_A,2025-07-13 17:00,UIWANG,20FT,0,0,0,0,44,29,0,0
CARRIER_A,2025-07-13 18:00,UIWANG,20FT,0,0,0,0,44,29,0,0
CARRIER_A,2025-07-13 19:00,UIWANG,20FT,0,0,0,0,44,29,0,0
CARRIER_A,2025-07-13 20:00,UIWANG,20FT,0,0,0,0,44,29,0,0
CARRIER_A,2025-07-13 21:00,UIWANG,20FT,0,0,0,0,44,29,0,0
CARRIER_A,2025-07-13 22:00,UIWANG,20FT,0,0,0,0,44,29,0,0
CARRIER_A,2025-07-13 23:00,UIWANG,20FT,0,0,0,0,44,29,0,0
CARRIER_A,2025-07-14 00:00,UIWANG,20FT,0,0,0,0,44,29,0,0
CARRIER_A,2025-07-14 01:00,UIWANG,20FT,0,0,0,0,44,29,0,0
CARRIER_A,2025-07-14 02:00,UIWANG,20FT,0,0,0,0,44,29,0,0
CARRIER_A,2025-07-14 03:00,UIWANG,20FT,0,0,0,0,44,29,0,0
CARRIER_A,2025-07-14 04:00,UIWANG,20FT,0,0,0,0,44,29,0,0
CARRIER_A,2025-07-14 05:00,UIWANG,20FT,0,0,0,0,44,29,0,0
CARRIER_A,2025-07-14 06:00,UIWANG,20FT,0,0,0,0,44,29,0,0
CARRIER_A,2025-07-14 07:00,UIWANG,20FT,1,0,0,0,43,28,0,0
CARRIER_A,2025-07-14 08:00,UIWANG,20FT,1,0,0,0,42,27,0,0
CARRIER_A,2025-07-14 09:00,UIWANG,20FT,1,0,0,0,41,26,0,0
CARRIER_A,2025-07-14 10:00,UIWANG,20FT,0,0,0,0,41,26,0,0
CARRIER_A,2025-07-14 11:00,UIWANG,20FT,0,1,0,0,42,27,0,0
CARRIER_A,2025-07-14 12:00,UIWANG,20FT,0,0,0,0,42,27,0,0
CARRIER_A,2025-07-14 13:00,UIWANG,20FT,0,1,0,0,43,28,0,0
CARRIER_A,2025-07-14 14:00,UIWANG,20FT,2,4,0,0,45,30,0,0
CARRIER_A,2025-07-14 15:00,UIWANG,20FT,0,1,0,0,46,31,0,0
CARRIER_A,2025-07-14 16:00,UIWANG,20FT,1,1,0,0,46,31,0,0
CARRIER_A,2025-07-14 17:00,UIWANG,20FT,0,0,0,0,46,31,0,0
CARRIER_A,2025-07-14 18:00,UIWANG,20FT,1,0,0,0,45,30,0,0
CARRIER_A,2025-07-14 19:00,UIWANG,20FT,0,1,0,0,46,31,0,0
CARRIER_A,2025-07-14 20:00,UIWANG,20FT,0,0,0,0,46,31,0,0
CARRIER_A,2025-07-14 21:00,UIWANG,20FT,0,0,0,0,46,31,0,0
CARRIER_A,2025-07-14 22:00,UIWANG,20FT,0,0,0,0,46,31,0,0
CARRIER_A,2025-07-14 23:00,UIWANG,20FT,0,0,0,0,46,31,0,0
CARRIER_A,2025-07-08 00:00,UIWANG,40FT,0,0,0,0,3,3,0,0
CARRIER_A,2025-07-08 01:00,UIWANG,40FT,0,0,0,0,3,3,0,0
CARRIER_A,2025-07-08 02:00,UIWANG,40FT,0,0,0,0,3,3,0,0
CARRIER_A,2025-07-08 03:00,UIWANG,40FT,0,0,0,0,3,3,0,0
CARRIER_A,2025-07-08 04:00,UIWANG,40FT,0,0,0,0,3,3,0,0
CARRIER_A,2025-07-08 05:00,UIWANG,40FT,0,0,0,0,3,3,0,0
CARRIER_A,2025-07-08 06:00,UIWANG,40FT,0,1,0,0,4,4,0,0
CARRIER_A,2025-07-08 07:00,UIWANG,40FT,0,0,0,0,4,4,0,0
CARRIER_A,2025-07-08 08:00,UIWANG,40FT,0,0,0,0,4,4,0,0
CARRIER_A,2025-07-08 09:00,UIWANG,40FT,0,0,0,0,4,4,0,0
CARRIER_A,2025-07-08 10:00,UIWANG,40FT,0,0,0,0,4,4,0,0
CARRIER_A,2025-07-08 11:00,UIWANG,40FT,0,1,0,0,5,5,0,0
CARRIER_A,2025-07-08 12:00,UIWANG,40FT,0,0,0,0,5,5,0,0
CARRIER_A,2025-07-08 13:00,UIWANG,40FT,0,0,0,0,5,5,0,0
CARRIER_A,2025-07-08 14:00,UIWANG,40FT,0,0,0,0,5,5,0,0
CARRIER_A,2025-07-08 15:00,UIWANG,40FT,1,0,0,1,4,3,0,0
CARRIER_A,2025-07-08 16:00,UIWANG,40FT,0,1,0,0,5,4,0,0
CARRIER_A,2025-07-08 17:00,UIWANG,40FT,0,1,0,0,6,5,0,0
CARRIER_A,2025-07-08 18:00,UIWANG,40FT,0,0,0,0,6,5,0,0
CARRIER_A,2025-07-08 19:00,UIWANG,40FT,0,0,0,0,6,5,0,0
CARRIER_A,2025-07-08 20:00,UIWANG,40FT,0,0,0,0,6,5,0,0
CARRIER_A,2025-07-08 21:00,UIWANG,40FT,0,0,0,0,6,5,0,0
CARRIER_A,2025-07-08 22:00,UIWANG,40FT,0,0,0,0,6,5,0,0
CARRIER_A,2025-07-08 23:00,UIWANG,40FT,0,0,0,0,6,5,0,0
CARRIER_A,2025-07-09 00:00,UIWANG,40FT,0,0,0,0,6,5,0,0
CARRIER_A,2025-07-09 01:00,UIWANG,40FT,0,0,0,0,6,5,0,0
CARRIER_A,2025-07-09 02:00,UIWANG,40FT,0,0,0,0,6,5,0,0
CARRIER_A,2025-07-09 03:00,UIWANG,40FT,0,0,0,0,6,5,0,0
CARRIER_A,2025-07-09 04:00,UIWANG,40FT,0,0,0,0,6,5,0,0
CARRIER_A,2025-07-09 05:00,UIWANG,40FT,0,0,0,0,6,5,0,0
CARRIER_A,2025-07-09 06:00,UIWANG,40FT,0,0,0,0,6,5,0,0
CARRIER_A,2025-07-09 07:00,UIWANG,40FT,0,0,0,0,6,5,0,0
CARRIER_A,2025-07-09 08:00,UIWANG,40FT,0,0,0,0,6,5,0,0
CARRIER_A,2025-07-09 09:00,UIWANG,40FT,0,0,0,0,6,5,0,0
CARRIER_A,2025-07-09 10:00,UIWANG,40FT,0,1,0,0,7,6,0,0
CARRIER_A,2025-07-09 11:00,UIWANG,40FT,0,1,0,0,8,7,0,0
CARRIER_A,2025-07-09 12:00,UIWANG,40FT,0,0,0,0,8,7,0,0
CARRIER_A,2025-07-09 13:00,UIWANG,40FT,0,0,0,0,8,7,0,0
CARRIER_A,2025-07-09 14:00,UIWANG,40FT,0,1,0,0,9,8,0,0
CARRIER_A,2025-07-09 15:00,UIWANG,40FT,0,2,0,0,11,10,0,0
CARRIER_A,2025-07-09 16:00,UIWANG,40FT,0,0,0,0,11,10,0,0
CARRIER_A,2025-07-09 17:00,UIWANG,40FT,0,1,0,0,12,11,0,0
CARRIER_A,2025-07-09 18:00,UIWANG,40FT,0,0,0,0,12,11,0,0
CARRIER_A,2025-07-09 19:00,UIWANG,40FT,0,0,0,0,12,11,0,0
CARRIER_A,2025-07-09 20:00,UIWANG,40FT,0,0,0,0,12,11,0,0
CARRIER_A,2025-07-09 21:00,UIWANG,40FT,0,0,0,0,12,11,0,0
CARRIER_A,2025-07-09 22:00,UIWANG,40FT,0,0,0,0,12,11,0,0
CARRIER_A,2025-07-09 23:00,UIWANG,40FT,0,0,0,0,12,11,0,0
CARRIER_A,2025-07-10 00:00,UIWANG,40FT,0,0,0,0,12,11,0,0
CARRIER_A,2025-07-10 01:00,UIWANG,40FT,0,0,0,0,12,11,0,0
CARRIER_A,2025-07-10 02:00,UIWANG,40FT,0,0,0,0,12,11,0,0
CARRIER_A,2025-07-10 03:00,UIWANG,40FT,0,0,0,0,12,11,0,0
CARRIER_A,2025-07-10 04:00,UIWANG,40FT,0,0,0,0,12,11,0,0
CARRIER_A,2025-07-10 05:00,UIWANG,40FT,0,0,0,0,12,11,0,0
CARRIER_A,2025-07-10 06:00,UIWANG,40FT,0,0,0,0,12,11,0,0
CARRIER_A,2025-07-10 07:00,UIWANG,40FT,0,0,0,0,12,11,0,0
CARRIER_A,2025-07-10 08:00,UIWANG,40FT,0,0,0,0,12,11,0,0
CARRIER_A,2025-07-10 09:00,UIWANG,40FT,0,0,0,0,12,11,0,0
CARRIER_A,2025-07-10 10:00,UIWANG,40FT,1,0,0,0,11,10,0,0
CARRIER_A,2025-07-10 11:00,UIWANG,40FT,0,1,0,0,12,11,0,0
CARRIER_A,2025-07-10 12:00,UIWANG,40FT,0,0,0,0,12,11,0,0
CARRIER_A,2025-07-10 13:00,UIWANG,40FT,1,0,0,0,11,10,0,0
CARRIER_A,2025-07-10 14:00,UIWANG,40FT,0,1,0,0,12,11,0,0
CARRIER_A,2025-07-10 15:00,UIWANG,40FT,0,0,0,0,12,11,0,0
CARRIER_A,2025-07-10 16:00,UIWANG,40FT,0,0,0,0,12,11,0,0
CARRIER_A,2025-07-10 17:00,UIWANG,40FT,1,0,0,0,11,10,0,0
CARRIER_A,2025-07-10 18:00,UIWANG,40FT,0,0,0,0,11,10,0,0
CARRIER_A,2025-07-10 19:00,UIWANG,40FT,0,0,0,0,11,10,0,0
CARRIER_A,2025-07-10 20:00,UIWANG,40FT,0,0,0,0,11,10,0,0
CARRIER_A,2025-07-10 21:00,UIWANG,40FT,0,0,0,0,11,10,0,0
CARRIER_A,2025-07-10 22:00,UIWANG,40FT,0,0,0,0,11,10,0,0
CARRIER_A,2025-07-10 23:00,UIWANG,40FT,0,0,0,0,11,10,0,0
CARRIER_A,2025-07-11 00:00,UIWANG,40FT,0,0,0,0,11,10,0,0
CARRIER_A,2025-07-11 01:00,UIWANG,40FT,0,0,0,0,11,10,0,0
CARRIER_A,2025-07-11 02:00,UIWANG,40FT,0,0,0,0,11,10,0,0
CARRIER_A,2025-07-11 03:00,UIWANG,40FT,0,0,0,0,11,10,0,0
CARRIER_A,2025-07-11 04:00,UIWANG,40FT,0,0,0,0,11,10,0,0
CARRIER_A,2025-07-11 05:00,UIWANG,40FT,0,0,0,0,11,10,0,0
CARRIER_A,2025-07-11 06:00,UIWANG,40FT,0,0,0,0,11,10,0,0
CARRIER_A,2025-07-11 07:00,UIWANG,40FT,0,0,0,0,11,10,0,0
CARRIER_A,2025-07-11 08:00,UIWANG,40FT,0,0,0,0,11,10,0,0
CARRIER_A,2025-07-11 09:00,UIWANG,40FT,0,0,0,0,11,10,0,0
CARRIER_A,2025-07-11 10:00,UIWANG,40FT,0,0,0,0,11,10,0,0
CARRIER_A,2025-07-11 11:00,UIWANG,40FT,0,0,0,0,11,10,0,0
CARRIER_A,2025-07-11 12:00,UIWANG,40FT,0,0,0,0,11,10,0,0
CARRIER_A,2025-07-11 13:00,UIWANG,40FT,0,0,0,0,11,10,0,0
CARRIER_A,2025-07-11 14:00,UIWANG,40FT,0,0,0,0,11,10,0,0
CARRIER_A,2025-07-11 15:00,UIWANG,40FT,0,0,0,8,11,2,0,0
CARRIER_A,2025-07-11 16:00,UIWANG,40FT,0,0,0,0,11,2,0,0
CARRIER_A,2025-07-11 17:00,UIWANG,40FT,0,0,0,0,11,2,0,0
CARRIER_A,2025-07-11 18:00,UIWANG,40FT,0,0,0,0,11,2,0,0
CARRIER_A,2025-07-11 19:00,UIWANG,40FT,0,0,0,0,11,2,0,0
CARRIER_A,2025-07-11 20:00,UIWANG,40FT,0,0,0,0,11,2,0,0
CARRIER_A,2025-07-11 21:00,UIWANG,40FT,0,0,0,0,11,2,0,0
CARRIER_A,2025-07-11 22:00,UIWANG,40FT,0,0,0,0,11,2,0,0
CARRIER_A,2025-07-11 23:00,UIWANG,40FT,0,0,0,0,11,2,0,0
CARRIER_A,2025-07-12 00:00,UIWANG,40FT,0,0,0,0,11,2,0,0
CARRIER_A,2025-07-12 01:00,UIWANG,40FT,0,0,0,0,11,2,0,0
CARRIER_A,2025-07-12 02:00,UIWANG,40FT,0,0,0,0,11,2,0,0
CARRIER_A,2025-07-12 03:00,UIWANG,40FT,0,0,0,0,11,2,0,0
CARRIER_A,2025-07-12 04:00,UIWANG,40FT,0,0,0,0,11,2,0,0
CARRIER_A,2025-07-12 05:00,UIWANG,40FT,0,0,0,0,11,2,0,0
CARRIER_A,2025-07-12 06:00,UIWANG,40FT,0,0,0,0,11,2,0,0
CARRIER_A,2025-07-12 07:00,UIWANG,40FT,0,0,0,0,11,2,0,0
CARRIER_A,2025-07-12 08:00,UIWANG,40FT,0,0,0,0,11,2,0,0
CARRIER_A,2025-07-12 09:00,UIWANG,40FT,0,0,0,0,11,2,0,0
CARRIER_A,2025-07-12 10:00,UIWANG,40FT,1,0,0,0,10,1,0,0
CARRIER_A,2025-07-12 11:00,UIWANG,40FT,0,1,0,0,11,2,0,0
CARRIER_A,2025-07-12 12:00,UIWANG,40FT,0,0,0,0,11,2,0,0
CARRIER_A,2025-07-12 13:00,UIWANG,40FT,0,1,0,0,12,3,0,0
CARRIER_A,2025-07-12 14:00,UIWANG,40FT,1,0,0,0,11,2,0,0
CARRIER_A,2025-07-12 15:00,UIWANG,40FT,0,0,0,0,11,2,0,0
CARRIER_A,2025-07-12 16:00,UIWANG,40FT,0,0,0,0,11,2,0,0
CARRIER_A,2025-07-12 17:00,UIWANG,40FT,0,0,0,0,11,2,0,0
CARRIER_A,2025-07-12 18:00,UIWANG,40FT,0,0,0,0,11,2,0,0
CARRIER_A,2025-07-12 19:00,UIWANG,40FT,0,1,0,0,12,3,0,0
CARRIER_A,2025-07-12 20:00,UIWANG,40FT,0,0,0,0,12,3,0,0
CARRIER_A,2025-07-12 21:00,UIWANG,40FT,0,0,0,0,12,3,0,0
CARRIER_A,2025-07-12 22:00,UIWANG,40FT,0,0,0,0,12,3,0,0
CARRIER_A,2025-07-12 23:00,UIWANG,40FT,0,0,0,0,12,3,0,0
CARRIER_A,2025-07-13 00:00,UIWANG,40FT,0,0,0,0,12,3,0,0
CARRIER_A,2025-07-13 01:00,UIWANG,40FT,0,0,0,0,12,3,0,0
CARRIER_A,2025-07-13 02:00,UIWANG,40FT,0,0,0,0,12,3,0,0
CARRIER_A,2025-07-13 03:00,UIWANG,40FT,0,0,0,0,12,3,0,0
CARRIER_A,2025-07-13 04:00,UIWANG,40FT,0,0,0,0,12,3,0,0
CARRIER_A,2025-07-13 05:00,UIWANG,40FT,0,0,0,0,12,3,0,0
CARRIER_A,2025-07-13 06:00,UIWANG,40FT,0,0,0,0,12,3,0,0
CARRIER_A,2025-07-13 07:00,UIWANG,40FT,0,0,0,0,12,3,0,0
CARRIER_A,2025-07-13 08:00,UIWANG,40FT,0,0,0,0,12,3,0,0
CARRIER_A,2025-07-13 09:00,UIWANG,40FT,0,0,0,0,12,3,0,0
CARRIER_A,2025-07-13 10:00,UIWANG,40FT,0,0,0,0,12,3,0,0
CARRIER_A,2025-07-13 11:00,UIWANG,40FT,0,0,0,0,12,3,0,0
CARRIER_A,2025-07-13 12:00,UIWANG,40FT,0,0,0,0,12,3,0,0
CARRIER_A,2025-07-13 13:00,UIWANG,40FT,0,0,0,0,12,3,0,0
CARRIER_A,2025-07-13 14:00,UIWANG,40FT,0,0,0,0,12,3,0,0
CARRIER_A,2025-07-13 15:00,UIWANG,40FT,0,0,0,0,12,3,0,0
CARRIER_A,2025-07-13 16:00,UIWANG,40FT,0,0,0,0,12,3,0,0
CARRIER_A,2025-07-13 17:00,UIWANG,40FT,0,0,0,0,12,3,0,0
CARRIER_A,2025-07-13 18:00,UIWANG,40FT,0,0,0,0,12,3,0,0
CARRIER_A,2025-07-13 19:00,UIWANG,40FT,0,0,0,0,12,3,0,0
CARRIER_A,2025-07-13 20:00,UIWANG,40FT,0,0,0,0,12,3,0,0
CARRIER_A,2025-07-13 21:00,UIWANG,40FT,0,0,0,0,12,3,0,0
CARRIER_A,2025-07-13 22:00,UIWANG,40FT,0,0,0,0,12,3,0,0
CARRIER_A,2025-07-13 23:00,UIWANG,40FT,0,0,0,0,12,3,0,0
CARRIER_A,2025-07-14 00:00,UIWANG,40FT,0,0,0,0,12,3,0,0
CARRIER_A,2025-07-14 01:00,UIWANG,40FT,0,0,0,0,12,3,0,0
CARRIER_A,2025-07-14 02:00,UIWANG,40FT,0,0,0,0,12,3,0,0
CARRIER_A,2025-07-14 03:00,UIWANG,40FT,0,0,0,0,12,3,0,0
CARRIER_A,2025-07-14 04:00,UIWANG,40FT,0,0,0,0,12,3,0,0
CARRIER_A,2025-07-14 05:00,UIWANG,40FT,0,0,0,0,12,3,0,0
CARRIER_A,2025-07-14 06:00,UIWANG,40FT,1,0,0,0,11,2,0,0
CARRIER_A,2025-07-14 07:00,UIWANG,40FT,0,0,0,0,11,2,0,0
CARRIER_A,2025-07-14 08:00,UIWANG,40FT,0,0,0,0,11,2,0,0
CARRIER_A,2025-07-14 09:00,UIWANG,40FT,0,0,0,0,11,2,0,0
CARRIER_A,2025-07-14 10:00,UIWANG,40FT,0,0,0,0,11,2,0,0
CARRIER_A,2025-07-14 11:00,UIWANG,40FT,0,0,0,0,11,2,0,0
CARRIER_A,2025-07-14 12:00,UIWANG,40FT,0,0,0,0,11,2,0,0
CARRIER_A,2025-07-14 13:00,UIWANG,40FT,0,0,0,0,11,2,0,0
CARRIER_A,2025-07-14 14:00,UIWANG,40FT,0,0,0,0,11,2,0,0
CARRIER_A,2025-07-14 15:00,UIWANG,40FT,0,0,0,0,11,2,0,0
CARRIER_A,2025-07-14 16:00,UIWANG,40FT,0,0,0,0,11,2,0,0
CARRIER_A,2025-07-14 17:00,UIWANG,40FT,0,0,0,0,11,2,0,0
CARRIER_A,2025-07-14 18:00,UIWANG,40FT,0,0,0,0,11,2,0,0
CARRIER_A,2025-07-14 19:00,UIWANG,40FT,0,0,0,0,11,2,0,0
CARRIER_A,2025-07-14 20:00,UIWANG,40FT,0,0,0,0,11,2,0,0
CARRIER_A,2025-07-14 21:00,UIWANG,40FT,0,0,0,0,11,2,0,0
CARRIER_A,2025-07-14 22:00,UIWANG,40FT,0,0,0,0,11,2,0,0
CARRIER_A,2025-07-14 23:00,UIWANG,40FT,0,0,0,0,11,2,0,0
CARRIER_A,2025-07-08 00:00,YAKMOK,20FT,0,0,0,0,25,25,0,0
CARRIER_A,2025-07-08 01:00,YAKMOK,20FT,0,0,0,0,25,25,0,0
CARRIER_A,2025-07-08 02:00,YAKMOK,20FT,0,0,0,0,25,25,0,0
CARRIER_A,2025-07-08 03:00,YAKMOK,20FT,0,0,0,0,25,25,0,0
CARRIER_A,2025-07-08 04:00,YAKMOK,20FT,0,0,0,0,25,25,0,0
CARRIER_A,2025-07-08 05:00,YAKMOK,20FT,0,0,0,0,25,25,0,0
CARRIER_A,2025-07-08 06:00,YAKMOK,20FT,1,0,0,0,24,24,0,0
CARRIER_A,2025-07-08 07:00,YAKMOK,20FT,0,0,0,0,24,24,0,0
CARRIER_A,2025-07-08 08:00,YAKMOK,20FT,0,0,0,0,24,24,0,0
CARRIER_A,2025-07-08 09:00,YAKMOK,20FT,0,0,0,0,24,24,0,0
CARRIER_A,2025-07-08 10:00,YAKMOK,20FT,1,0,0,0,23,23,0,0
CARRIER_A,2025-07-08 11:00,YAKMOK,20FT,4,0,0,0,19,19,0,0
CARRIER_A,2025-07-08 12:00,YAKMOK,20FT,1,0,0,0,18,18,0,0
CARRIER_A,2025-07-08 13:00,YAKMOK,20FT,0,0,0,0,18,18,0,0
CARRIER_A,2025-07-08 14:00,YAKMOK,20FT,2,0,0,0,16,16,0,0
CARRIER_A,2025-07-08 15:00,YAKMOK,20FT,1,0,0,0,15,15,0,0
CARRIER_A,2025-07-08 16:00,YAKMOK,20FT,0,0,0,0,15,15,0,0
CARRIER_A,2025-07-08 17:00,YAKMOK,20FT,0,0,0,0,15,15,0,0
CARRIER_A,2025-07-08 18:00,YAKMOK,20FT,0,0,0,0,15,15,0,0
CARRIER_A,2025-07-08 19:00,YAKMOK,20FT,0,0,0,0,15,15,0,0
CARRIER_A,2025-07-08 20:00,YAKMOK,20FT,0,0,0,0,15,15,0,0
CARRIER_A,2025-07-08 21:00,YAKMOK,20FT,0,0,0,0,15,15,0,0
CARRIER_A,2025-07-08 22:00,YAKMOK,20FT,0,0,0,0,15,15,0,0
CARRIER_A,2025-07-08 23:00,YAKMOK,20FT,0,0,0,0,15,15,0,0
CARRIER_A,2025-07-09 00:00,YAKMOK,20FT,0,0,0,0,15,15,0,0
CARRIER_A,2025-07-09 01:00,YAKMOK,20FT,0,0,0,0,15,15,0,0
CARRIER_A,2025-07-09 02:00,YAKMOK,20FT,0,0,0,0,15,15,0,0
CARRIER_A,2025-07-09 03:00,YAKMOK,20FT,0,0,0,0,15,15,0,0
CARRIER_A,2025-07-09 04:00,YAKMOK,20FT,0,0,4,0,15,19,0,0
CARRIER_A,2025-07-09 05:00,YAKMOK,20FT,0,0,0,0,15,19,0,0
CARRIER_A,2025-07-09 06:00,YAKMOK,20FT,0,0,0,0,15,19,0,0
CARRIER_A,2025-07-09 07:00,YAKMOK,20FT,0,0,0,0,15,19,0,0
CARRIER_A,2025-07-09 08:00,YAKMOK,20FT,3,0,0,0,12,16,0,0
CARRIER_A,2025-07-09 09:00,YAKMOK,20FT,0,0,0,0,12,16,0,0
CARRIER_A,2025-07-09 10:00,YAKMOK,20FT,1,1,0,0,12,16,0,0
CARRIER_A,2025-07-09 11:00,YAKMOK,20FT,1,0,0,0,11,15,0,0
CARRIER_A,2025-07-09 12:00,YAKMOK,20FT,0,0,0,0,11,15,0,0
CARRIER_A,2025-07-09 13:00,YAKMOK,20FT,2,0,0,0,9,13,0,0
CARRIER_A,2025-07-09 14:00,YAKMOK,20FT,0,1,0,0,10,14,0,0
CARRIER_A,2025-07-09 15:00,YAKMOK,20FT,1,0,0,0,9,13,0,0
CARRIER_A,2025-07-09 16:00,YAKMOK,20FT,0,0,0,0,9,13,0,0
CARRIER_A,2025-07-09 17:00,YAKMOK,20FT,1,0,0,0,8,12,0,0
CARRIER_A,2025-07-09 18:00,YAKMOK,20FT,0,0,0,0,8,12,0,0
CARRIER_A,2025-07-09 19:00,YAKMOK,20FT,0,0,0,0,8,12,0,0
CARRIER_A,2025-07-09 20:00,YAKMOK,20FT,0,0,0,0,8,12,0,0
CARRIER_A,2025-07-09 21:00,YAKMOK,20FT,0,0,0,0,8,12,0,0
CARRIER_A,2025-07-09 22:00,YAKMOK,20FT,0,0,0,0,8,12,0,0
CARRIER_A,2025-07-09 23:00,YAKMOK,20FT,0,0,0,0,8,12,0,0
CARRIER_A,2025-07-10 00:00,YAKMOK,20FT,0,0,0,0,8,12,0,0
CARRIER_A,2025-07-10 01:00,YAKMOK,20FT,0,0,0,0,8,12,0,0
CARRIER_A,2025-07-10 02:00,YAKMOK,20FT,0,0,0,0,8,12,0,0
CARRIER_A,2025-07-10 03:00,YAKMOK,20FT,0,0,0,0,8,12,0,0
CARRIER_A,2025-07-10 04:00,YAKMOK,20FT,0,0,0,0,8,12,0,0
CARRIER_A,2025-07-10 05:00,YAKMOK,20FT,0,0,0,0,8,12,0,0
CARRIER_A,2025-07-10 06:00,YAKMOK,20FT,0,0,0,0,8,12,0,0
CARRIER_A,2025-07-10 07:00,YAKMOK,20FT,2,0,0,0,6,10,0,0
CARRIER_A,2025-07-10 08:00,YAKMOK,20FT,0,0,0,0,6,10,0,0
CARRIER_A,2025-07-10 09:00,YAKMOK,20FT,0,0,0,0,6,10,0,0
CARRIER_A,2025-07-10 10:00,YAKMOK,20FT,1,0,0,0,5,9,0,0
CARRIER_A,2025-07-10 11:00,YAKMOK,20FT,1,0,0,0,4,8,0,0
CARRIER_A,2025-07-10 12:00,YAKMOK,20FT,2,0,0,0,2,6,0,0
CARRIER_A,2025-07-10 13:00,YAKMOK,20FT,1,0,0,0,1,5,0,0
CARRIER_A,2025-07-10 14:00,YAKMOK,20FT,1,0,0,0,0,4,0,0
CARRIER_A,2025-07-10 15:00,YAKMOK,20FT,1,1,0,0,0,4,0,0
CARRIER_A,2025-07-10 16:00,YAKMOK,20FT,1,0,0,0,0,3,1,0
CARRIER_A,2025-07-10 17:00,YAKMOK,20FT,1,1,0,0,0,3,0,0
CARRIER_A,2025-07-10 18:00,YAKMOK,20FT,0,0,0,0,0,3,0,0
CARRIER_A,2025-07-10 19:00,YAKMOK,20FT,0,0,0,0,0,3,0,0
CARRIER_A,2025-07-10 20:00,YAKMOK,20FT,0,1,0,0,1,4,0,0
CARRIER_A,2025-07-10 21:00,YAKMOK,20FT,0,0,0,0,1,4,0,0
CARRIER_A,2025-07-10 22:00,YAKMOK,20FT,0,0,0,0,1,4,0,0
CARRIER_A,2025-07-10 23:00,YAKMOK,20FT,0,0,0,0,1,4,0,0
CARRIER_A,2025-07-11 00:00,YAKMOK,20FT,0,0,0,0,1,4,0,0
CARRIER_A,2025-07-11 01:00,YAKMOK,20FT,0,0,0,0,1,4,0,0
CARRIER_A,2025-07-11 02:00,YAKMOK,20FT,0,0,0,0,1,4,0,0
CARRIER_A,2025-07-11 03:00,YAKMOK,20FT,0,0,0,0,1,4,0,0
CARRIER_A,2025-07-11 04:00,YAKMOK,20FT,0,0,0,0,1,4,0,0
CARRIER_A,2025-07-11 05:00,YAKMOK,20FT,0,0,0,0,1,4,0,0
CARRIER_A,2025-07-11 06:00,YAKMOK,20FT,0,0,0,0,1,4,0,0
CARRIER_A,2025-07-11 07:00,YAKMOK,20FT,0,0,0,0,1,4,0,0
CARRIER_A,2025-07-11 08:00,YAKMOK,20FT,0,0,0,0,1,4,0,0
CARRIER_A,2025-07-11 09:00,YAKMOK,20FT,2,0,0,0,0,2,1,0
CARRIER_A,2025-07-11 10:00,YAKMOK,20FT,1,0,0,0,0,1,1,0
CARRIER_A,2025-07-11 11:00,YAKMOK,20FT,0,0,0,0,0,1,0,0
CARRIER_A,2025-07-11 12:00,YAKMOK,20FT,0,0,0,0,0,1,0,0
CARRIER_A,2025-07-11 13:00,YAKMOK,20FT,0,0,0,0,0,1,0,0
CARRIER_A,2025-07-11 14:00,YAKMOK,20FT,0,0,0,0,0,1,0,0
CARRIER_A,2025-07-11 15:00,YAKMOK,20FT,1,0,0,0,0,0,1,0
CARRIER_A,2025-07-11 16:00,YAKMOK,20FT,0,2,0,0,2,2,0,0
CARRIER_A,2025-07-11 17:00,YAKMOK,20FT,1,0,0,0,1,1,0,0
CARRIER_A,2025-07-11 18:00,YAKMOK,20FT,1,0,0,0,0,0,0,0
CARRIER_A,2025-07-11 19:00,YAKMOK,20FT,0,0,0,0,0,0,0,0
CARRIER_A,2025-07-11 20:00,YAKMOK,20FT,0,0,0,0,0,0,0,0
CARRIER_A,2025-07-11 21:00,YAKMOK,20FT,0,0,0,0,0,0,0,0
CARRIER_A,2025-07-11 22:00,YAKMOK,20FT,0,0,0,0,0,0,0,0
CARRIER_A,2025-07-11 23:00,YAKMOK,20FT,0,0,0,0,0,0,0,0
CARRIER_A,2025-07-12 00:00,YAKMOK,20FT,0,0,0,0,0,0,0,0
CARRIER_A,2025-07-12 01:00,YAKMOK,20FT,0,0,0,0,0,0,0,0
CARRIER_A,2025-07-12 02:00,YAKMOK,20FT,0,0,0,0,0,0,0,0
CARRIER_A,2025-07-12 03:00,YAKMOK,20FT,0,0,0,0,0,0,0,0
CARRIER_A,2025-07-12 04:00,YAKMOK,20FT,0,0,16,0,0,16,0,0
CARRIER_A,2025-07-12 05:00,YAKMOK,20FT,0,0,0,0,0,16,0,0
CARRIER_A,2025-07-12 06:00,YAKMOK,20FT,0,0,0,0,0,16,0,0
CARRIER_A,2025-07-12 07:00,YAKMOK,20FT,0,0,0,0,0,16,0,0
CARRIER_A,2025-07-12 08:00,YAKMOK,20FT,0,0,0,0,0,16,0,0
CARRIER_A,2025-07-12 09:00,YAKMOK,20FT,0,0,0,0,0,16,0,0
CARRIER_A,2025-07-12 10:00,YAKMOK,20FT,1,0,0,0,0,15,1,0
CARRIER_A,2025-07-12 11:00,YAKMOK,20FT,0,0,0,0,0,15,0,0
CARRIER_A,2025-07-12 12:00,YAKMOK,20FT,0,1,0,0,1,16,0,0
CARRIER_A,2025-07-12 13:00,YAKMOK,20FT,1,0,0,0,0,15,0,0
CARRIER_A,2025-07-12 14:00,YAKMOK,20FT,1,2,0,0,1,16,0,0
CARRIER_A,2025-07-12 15:00,YAKMOK,20FT,0,1,0,0,2,17,0,0
CARRIER_A,2025-07-12 16:00,YAKMOK,20FT,1,0,0,0,1,16,0,0
CARRIER_A,2025-07-12 17:00,YAKMOK,20FT,1,0,0,0,0,15,0,0
CARRIER_A,2025-07-12 18:00,YAKMOK,20FT,1,0,0,0,0,14,1,0
CARRIER_A,2025-07-12 19:00,YAKMOK,20FT,0,0,0,0,0,14,0,0
CARRIER_A,2025-07-12 20:00,YAKMOK,20FT,0,0,0,0,0,14,0,0
CARRIER_A,2025-07-12 21:00,YAKMOK,20FT,0,0,0,0,0,14,0,0
CARRIER_A,2025-07-12 22:00,YAKMOK,20FT,0,0,0,0,0,14,0,0
CARRIER_A,2025-07-12 23:00,YAKMOK,20FT,0,0,0,0,0,14,0,0
CARRIER_A,2025-07-13 00:00,YAKMOK,20FT,0,0,0,0,0,14,0,0
CARRIER_A,2025-07-13 01:00,YAKMOK,20FT,0,0,0,0,0,14,0,0
CARRIER_A,2025-07-13 02:00,YAKMOK,20FT,0,0,0,0,0,14,0,0
CARRIER_A,2025-07-13 03:00,YAKMOK,20FT,0,0,0,0,0,14,0,0
CARRIER_A,2025-07-13 04:00,YAKMOK,20FT,0,0,0,0,0,14,0,0
CARRIER_A,2025-07-13 05:00,YAKMOK,20FT,0,0,0,0,0,14,0,0
CARRIER_A,2025-07-13 06:00,YAKMOK,20FT,0,0,0,0,0,14,0,0
CARRIER_A,2025-07-13 07:00,YAKMOK,20FT,1,0,0,0,0,13,1,0
CARRIER_A,2025-07-13 08:00,YAKMOK,20FT,0,0,0,0,0,13,0,0
CARRIER_A,2025-07-13 09:00,YAKMOK,20FT,0,0,0,0,0,13,0,0
CARRIER_A,2025-07-13 10:00,YAKMOK,20FT,0,0,0,0,0,13,0,0
CARRIER_A,2025-07-13 11:00,YAKMOK,20FT,1,0,0,0,0,12,1,0
CARRIER_A,2025-07-13 12:00,YAKMOK,20FT,0,0,0,0,0,12,0,0
CARRIER_A,2025-07-13 13:00,YAKMOK,20FT,1,0,0,0,0,11,1,0
CARRIER_A,2025-07-13 14:00,YAKMOK,20FT,0,1,0,0,1,12,0,0
CARRIER_A,2025-07-13 15:00,YAKMOK,20FT,0,0,0,0,1,12,0,0
CARRIER_A,2025-07-13 16:00,YAKMOK,20FT,0,1,0,0,2,13,0,0
CARRIER_A,2025-07-13 17:00,YAKMOK,20FT,1,0,0,0,1,12,0,0
CARRIER_A,2025-07-13 18:00,YAKMOK,20FT,3,0,0,0,0,9,2,0
CARRIER_A,2025-07-13 19:00,YAKMOK,20FT,0,0,0,0,0,9,0,0
CARRIER_A,2025-07-13 20:00,YAKMOK,20FT,0,0,0,0,0,9,0,0
CARRIER_A,2025-07-13 21:00,YAKMOK,20FT,0,0,0,0,0,9,0,0
CARRIER_A,2025-07-13 22:00,YAKMOK,20FT,0,0,0,0,0,9,0,0
CARRIER_A,2025-07-13 23:00,YAKMOK,20FT,0,0,0,0,0,9,0,0
CARRIER_A,2025-07-14 00:00,YAKMOK,20FT,0,0,0,0,0,9,0,0
CARRIER_A,2025-07-14 01:00,YAKMOK,20FT,0,0,0,0,0,9,0,0
CARRIER_A,2025-07-14 02:00,YAKMOK,20FT,0,0,0,0,0,9,0,0
CARRIER_A,2025-07-14 03:00,YAKMOK,20FT,0,0,0,0,0,9,0,0
CARRIER_A,2025-07-14 04:00,YAKMOK,20FT,0,0,0,0,0,9,0,0
CARRIER_A,2025-07-14 05:00,YAKMOK,20FT,0,0,0,0,0,9,0,0
CARRIER_A,2025-07-14 06:00,YAKMOK,20FT,0,0,0,0,0,9,0,0
CARRIER_A,2025-07-14 07:00,YAKMOK,20FT,1,0,0,0,0,8,1,0
CARRIER_A,2025-07-14 08:00,YAKMOK,20FT,0,0,0,0,0,8,0,0
CARRIER_A,2025-07-14 09:00,YAKMOK,20FT,2,0,0,0,0,6,2,0
CARRIER_A,2025-07-14 10:00,YAKMOK,20FT,1,0,0,0,0,5,1,0
CARRIER_A,2025-07-14 11:00,YAKMOK,20FT,0,0,0,0,0,5,0,0
CARRIER_A,2025-07-14 12:00,YAKMOK,20FT,1,1,0,0,0,5,0,0
CARRIER_A,2025-07-14 13:00,YAKMOK,20FT,0,0,0,0,0,5,0,0
CARRIER_A,2025-07-14 14:00,YAKMOK,20FT,0,0,0,0,0,5,0,0
CARRIER_A,2025-07-14 15:00,YAKMOK,20FT,1,0,0,0,0,4,1,0
CARRIER_A,2025-07-14 16:00,YAKMOK,20FT,1,0,0,0,0,3,1,0
CARRIER_A,2025-07-14 17:00,YAKMOK,20FT,2,0,0,0,0,1,2,0
CARRIER_A,2025-07-14 18:00,YAKMOK,20FT,1,0,0,0,0,0,1,0
CARRIER_A,2025-07-14 19:00,YAKMOK,20FT,0,0,0,0,0,0,0,0
CARRIER_A,2025-07-14 20:00,YAKMOK,20FT,0,0,0,0,0,0,0,0
CARRIER_A,2025-07-14 21:00,YAKMOK,20FT,0,0,0,0,0,0,0,0
CARRIER_A,2025-07-14 22:00,YAKMOK,20FT,0,0,0,0,0,0,0,0
CARRIER_A,2025-07-14 23:00,YAKMOK,20FT,0,0,0,0,0,0,0,0
CARRIER_A,2025-07-08 00:00,YAKMOK,40FT,0,0,0,0,10,10,0,0
CARRIER_A,2025-07-08 01:00,YAKMOK,40FT,0,0,0,0,10,10,0,0
CARRIER_A,2025-07-08 02:00,YAKMOK,40FT,0,0,0,0,10,10,0,0
CARRIER_A,2025-07-08 03:00,YAKMOK,40FT,0,0,0,0,10,10,0,0
CARRIER_A,2025-07-08 04:00,YAKMOK,40FT,0,0,0,0,10,10,0,0
CARRIER_A,2025-07-08 05:00,YAKMOK,40FT,0,0,0,0,10,10,0,0
CARRIER_A,2025-07-08 06:00,YAKMOK,40FT,0,0,0,0,10,10,0,0
CARRIER_A,2025-07-08 07:00,YAKMOK,40FT,1,0,0,0,9,9,0,0
CARRIER_A,2025-07-08 08:00,YAKMOK,40FT,1,0,0,0,8,8,0,0
CARRIER_A,2025-07-08 09:00,YAKMOK,40FT,0,0,0,0,8,8,0,0
CARRIER_A,2025-07-08 10:00,YAKMOK,40FT,0,0,0,0,8,8,0,0
CARRIER_A,2025-07-08 11:00,YAKMOK,40FT,1,0,0,0,7,7,0,0
CARRIER_A,2025-07-08 12:00,YAKMOK,40FT,1,0,0,0,6,6,0,0
CARRIER_A,2025-07-08 13:00,YAKMOK,40FT,0,0,0,0,6,6,0,0
CARRIER_A,2025-07-08 14:00,YAKMOK,40FT,0,0,0,0,6,6,0,0
CARRIER_A,2025-07-08 15:00,YAKMOK,40FT,1,0,0,0,5,5,0,0
CARRIER_A,2025-07-08 16:00,YAKMOK,40FT,0,0,0,0,5,5,0,0
CARRIER_A,2025-07-08 17:00,YAKMOK,40FT,0,0,0,0,5,5,0,0
CARRIER_A,2025-07-08 18:00,YAKMOK,40FT,0,0,0,0,5,5,0,0
CARRIER_A,2025-07-08 19:00,YAKMOK,40FT,0,0,0,0,5,5,0,0
CARRIER_A,2025-07-08 20:00,YAKMOK,40FT,0,0,0,0,5,5,0,0
CARRIER_A,2025-07-08 21:00,YAKMOK,40FT,0,0,0,0,5,5,0,0
CARRIER_A,2025-07-08 22:00,YAKMOK,40FT,0,0,0,0,5,5,0,0
CARRIER_A,2025-07-08 23:00,YAKMOK,40FT,0,0,0,0,5,5,0,0
CARRIER_A,2025-07-09 00:00,YAKMOK,40FT,0,0,0,0,5,5,0,0
CARRIER_A,2025-07-09 01:00,YAKMOK,40FT,0,0,0,0,5,5,0,0
CARRIER_A,2025-07-09 02:00,YAKMOK,40FT,0,0,0,0,5,5,0,0
CARRIER_A,2025-07-09 03:00,YAKMOK,40FT,0,0,0,0,5,5,0,0
CARRIER_A,2025-07-09 04:00,YAKMOK,40FT,0,0,1,0,5,6,0,0
CARRIER_A,2025-07-09 05:00,YAKMOK,40FT,0,0,0,0,5,6,0,0
CARRIER_A,2025-07-09 06:00,YAKMOK,40FT,0,0,0,0,5,6,0,0
CARRIER_A,2025-07-09 07:00,YAKMOK,40FT,0,0,0,0,5,6,0,0
CARRIER_A,2025-07-09 08:00,YAKMOK,40FT,0,0,0,0,5,6,0,0
CARRIER_A,2025-07-09 09:00,YAKMOK,40FT,1,0,0,0,4,5,0,0
CARRIER_A,2025-07-09 10:00,YAKMOK,40FT,0,0,0,0,4,5,0,0
CARRIER_A,2025-07-09 11:00,YAKMOK,40FT,0,0,0,0,4,5,0,0
CARRIER_A,2025-07-09 12:00,YAKMOK,40FT,0,0,0,0,4,5,0,0
CARRIER_A,2025-07-09 13:00,YAKMOK,40FT,1,0,0,0,3,4,0,0
CARRIER_A,2025-07-09 14:00,YAKMOK,40FT,1,0,0,0,2,3,0,0
CARRIER_A,2025-07-09 15:00,YAKMOK,40FT,1,0,0,0,1,2,0,0
CARRIER_A,2025-07-09 16:00,YAKMOK,40FT,1,0,0,0,0,1,0,0
CARRIER_A,2025-07-09 17:00,YAKMOK,40FT,0,0,0,0,0,1,0,0
CARRIER_A,2025-07-09 18:00,YAKMOK,40FT,0,0,0,0,0,1,0,0
CARRIER_A,2025-07-09 19:00,YAKMOK,40FT,0,0,0,0,0,1,0,0
CARRIER_A,2025-07-09 20:00,YAKMOK,40FT,0,0,0,0,0,1,0,0
CARRIER_A,2025-07-09 21:00,YAKMOK,40FT,0,0,0,0,0,1,0,0
CARRIER_A,2025-07-09 22:00,YAKMOK,40FT,0,0,0,0,0,1,0,0
CARRIER_A,2025-07-09 23:00,YAKMOK,40FT,0,0,0,0,0,1,0,0
CARRIER_A,2025-07-10 00:00,YAKMOK,40FT,0,0,0,0,0,1,0,0
CARRIER_A,2025-07-10 01:00,YAKMOK,40FT,0,0,0,0,0,1,0,0
CARRIER_A,2025-07-10 02:00,YAKMOK,40FT,0,0,0,0,0,1,0,0
CARRIER_A,2025-07-10 03:00,YAKMOK,40FT,0,0,0,0,0,1,0,0
CARRIER_A,2025-07-10 04:00,YAKMOK,40FT,0,0,0,0,0,1,0,0
CARRIER_A,2025-07-10 05:00,YAKMOK,40FT,0,0,0,0,0,1,0,0
CARRIER_A,2025-07-10 06:00,YAKMOK,40FT,0,0,0,0,0,1,0,0
CARRIER_A,2025-07-10 07:00,YAKMOK,40FT,0,0,0,0,0,1,0,0
CARRIER_A,2025-07-10 08:00,YAKMOK,40FT,1,0,0,0,0,0,1,0
CARRIER_A,2025-07-10 09:00,YAKMOK,40FT,0,0,0,0,0,0,0,0
CARRIER_A,2025-07-10 10:00,YAKMOK,40FT,0,0,0,0,0,0,0,0
CARRIER_A,2025-07-10 11:00,YAKMOK,40FT,0,0,0,0,0,0,0,0
CARRIER_A,2025-07-10 12:00,YAKMOK,40FT,0,0,0,0,0,0,0,0
CARRIER_A,2025-07-10 13:00,YAKMOK,40FT,0,1,0,0,1,1,0,0
CARRIER_A,2025-07-10 14:00,YAKMOK,40FT,0,0,0,0,1,1,0,0
CARRIER_A,2025-07-10 15:00,YAKMOK,40FT,0,1,0,0,2,2,0,0
CARRIER_A,2025-07-10 16:00,YAKMOK,40FT,0,0,0,0,2,2,0,0
CARRIER_A,2025-07-10 17:00,YAKMOK,40FT,0,0,0,0,2,2,0,0
CARRIER_A,2025-07-10 18:00,YAKMOK,40FT,0,0,0,0,2,2,0,0
CARRIER_A,2025-07-10 19:00,YAKMOK,40FT,0,0,0,0,2,2,0,0
CARRIER_A,2025-07-10 20:00,YAKMOK,40FT,0,0,0,0,2,2,0,0
CARRIER_A,2025-07-10 21:00,YAKMOK,40FT,0,0,0,0,2,2,0,0
CARRIER_A,2025-07-10 22:00,YAKMOK,40FT,0,0,0,0,2,2,0,0
CARRIER_A,2025-07-10 23:00,YAKMOK,40FT,0,0,0,0,2,2,0,0
CARRIER_A,2025-07-11 00:00,YAKMOK,40FT,0,0,0,0,2,2,0,0
CARRIER_A,2025-07-11 01:00,YAKMOK,40FT,0,0,0,0,2,2,0,0
CARRIER_A,2025-07-11 02:00,YAKMOK,40FT,0,0,0,0,2,2,0,0
CARRIER_A,2025-07-11 03:00,YAKMOK,40FT,0,0,0,0,2,2,0,0
CARRIER_A,2025-07-11 04:00,YAKMOK,40FT,0,0,0,0,2,2,0,0
CARRIER_A,2025-07-11 05:00,YAKMOK,40FT,0,0,0,0,2,2,0,0
CARRIER_A,2025-07-11 06:00,YAKMOK,40FT,0,0,0,0,2,2,0,0
CARRIER_A,2025-07-11 07:00,YAKMOK,40FT,0,0,0,0,2,2,0,0
CARRIER_A,2025-07-11 08:00,YAKMOK,40FT,0,0,0,0,2,2,0,0
CARRIER_A,2025-07-11 09:00,YAKMOK,40FT,0,0,0,0,2,2,0,0
CARRIER_A,2025-07-11 10:00,YAKMOK,40FT,0,0,0,0,2,2,0,0
CARRIER_A,2025-07-11 11:00,YAKMOK,40FT,1,0,0,0,1,1,0,0
CARRIER_A,2025-07-11 12:00,YAKMOK,40FT,0,0,0,0,1,1,0,0
CARRIER_A,2025-07-11 13:00,YAKMOK,40FT,0,0,0,0,1,1,0,0
CARRIER_A,2025-07-11 14:00,YAKMOK,40FT,0,0,0,0,1,1,0,0
CARRIER_A,2025-07-11 15:00,YAKMOK,40FT,0,0,0,0,1,1,0,0
CARRIER_A,2025-07-11 16:00,YAKMOK,40FT,0,1,0,0,2,2,0,0
CARRIER_A,2025-07-11 17:00,YAKMOK,40FT,1,0,0,0,1,1,0,0
CARRIER_A,2025-07-11 18:00,YAKMOK,40FT,0,0,0,0,1,1,0,0
CARRIER_A,2025-07-11 19:00,YAKMOK,40FT,0,0,0,0,1,1,0,0
CARRIER_A,2025-07-11 20:00,YAKMOK,40FT,0,0,0,0,1,1,0,0
CARRIER_A,2025-07-11 21:00,YAKMOK,40FT,0,0,0,0,1,1,0,0
CARRIER_A,2025-07-11 22:00,YAKMOK,40FT,0,0,0,0,1,1,0,0
CARRIER_A,2025-07-11 23:00,YAKMOK,40FT,0,0,0,0,1,1,0,0
CARRIER_A,2025-07-12 00:00,YAKMOK,40FT,0,0,0,0,1,1,0,0
CARRIER_A,2025-07-12 01:00,YAKMOK,40FT,0,0,0,0,1,1,0,0
CARRIER_A,2025-07-12 02:00,YAKMOK,40FT,0,0,0,0,1,1,0,0
CARRIER_A,2025-07-12 03:00,YAKMOK,40FT,0,0,0,0,1,1,0,0
CARRIER_A,2025-07-12 04:00,YAKMOK,40FT,0,0,8,0,1,9,0,0
CARRIER_A,2025-07-12 05:00,YAKMOK,40FT,0,0,0,0,1,9,0,0
CARRIER_A,2025-07-12 06:00,YAKMOK,40FT,0,0,0,0,1,9,0,0
CARRIER_A,2025-07-12 07:00,YAKMOK,40FT,1,0,0,0,0,8,0,0
CARRIER_A,2025-07-12 08:00,YAKMOK,40FT,0,0,0,0,0,8,0,0
CARRIER_A,2025-07-12 09:00,YAKMOK,40FT,0,0,0,0,0,8,0,0
CARRIER_A,2025-07-12 10:00,YAKMOK,40FT,0,0,0,0,0,8,0,0
CARRIER_A,2025-07-12 11:00,YAKMOK,40FT,0,0,0,0,0,8,0,0
CARRIER_A,2025-07-12 12:00,YAKMOK,40FT,0,0,0,0,0,8,0,0
CARRIER_A,2025-07-12 13:00,YAKMOK,40FT,0,0,0,0,0,8,0,0
CARRIER_A,2025-07-12 14:00,YAKMOK,40FT,0,0,0,0,0,8,0,0
CARRIER_A,2025-07-12 15:00,YAKMOK,40FT,1,0,0,0,0,7,1,0
CARRIER_A,2025-07-12 16:00,YAKMOK,40FT,0,0,0,0,0,7,0,0
CARRIER_A,2025-07-12 17:00,YAKMOK,40FT,0,0,0,0,0,7,0,0
CARRIER_A,2025-07-12 18:00,YAKMOK,40FT,1,0,0,0,0,6,1,0
CARRIER_A,2025-07-12 19:00,YAKMOK,40FT,0,0,0,0,0,6,0,0
CARRIER_A,2025-07-12 20:00,YAKMOK,40FT,0,0,0,0,0,6,0,0
CARRIER_A,2025-07-12 21:00,YAKMOK,40FT,0,0,0,0,0,6,0,0
CARRIER_A,2025-07-12 22:00,YAKMOK,40FT,0,0,0,0,0,6,0,0
CARRIER_A,2025-07-12 23:00,YAKMOK,40FT,0,0,0,0,0,6,0,0
CARRIER_A,2025-07-13 00:00,YAKMOK,40FT,0,0,0,0,0,6,0,0
CARRIER_A,2025-07-13 01:00,YAKMOK,40FT,0,0,0,0,0,6,0,0
CARRIER_A,2025-07-13 02:00,YAKMOK,40FT,0,0,0,0,0,6,0,0
CARRIER_A,2025-07-13 03:00,YAKMOK,40FT,0,0,0,0,0,6,0,0
CARRIER_A,2025-07-13 04:00,YAKMOK,40FT,0,0,0,0,0,6,0,0
CARRIER_A,2025-07-13 05:00,YAKMOK,40FT,0,0,0,0,0,6,0,0
CARRIER_A,2025-07-13 06:00,YAKMOK,40FT,0,0,0,0,0,6,0,0
CARRIER_A,2025-07-13 07:00,YAKMOK,40FT,0,0,0,0,0,6,0,0
CARRIER_A,2025-07-13 08:00,YAKMOK,40FT,0,0,0,0,0,6,0,0
CARRIER_A,2025-07-13 09:00,YAKMOK,40FT,0,0,0,0,0,6,0,0
CARRIER_A,2025-07-13 10:00,YAKMOK,40FT,1,0,0,0,0,5,1,0
CARRIER_A,2025-07-13 11:00,YAKMOK,40FT,0,0,0,0,0,5,0,0
CARRIER_A,2025-07-13 12:00,YAKMOK,40FT,0,0,0,0,0,5,0,0
CARRIER_A,2025-07-13 13:00,YAKMOK,40FT,0,1,0,0,1,6,0,0
CARRIER_A,2025-07-13 14:00,YAKMOK,40FT,0,0,0,0,1,6,0,0
CARRIER_A,2025-07-13 15:00,YAKMOK,40FT,4,0,0,0,0,2,3,0
CARRIER_A,2025-07-13 16:00,YAKMOK,40FT,0,1,0,0,1,3,0,0
CARRIER_A,2025-07-13 17:00,YAKMOK,40FT,0,0,0,0,1,3,0,0
CARRIER_A,2025-07-13 18:00,YAKMOK,40FT,0,0,0,0,1,3,0,0
CARRIER_A,2025-07-13 19:00,YAKMOK,40FT,0,0,0,0,1,3,0,0
CARRIER_A,2025-07-13 20:00,YAKMOK,40FT,0,0,0,0,1,3,0,0
CARRIER_A,2025-07-13 21:00,YAKMOK,40FT,0,0,0,0,1,3,0,0
CARRIER_A,2025-07-13 22:00,YAKMOK,40FT,0,0,0,0,1,3,0,0
CARRIER_A,2025-07-13 23:00,YAKMOK,40FT,0,0,0,0,1,3,0,0
CARRIER_A,2025-07-14 00:00,YAKMOK,40FT,0,0,0,0,1,3,0,0
CARRIER_A,2025-07-14 01:00,YAKMOK,40FT,0,0,0,0,1,3,0,0
CARRIER_A,2025-07-14 02:00,YAKMOK,40FT,0,0,0,0,1,3,0,0
CARRIER_A,2025-07-14 03:00,YAKMOK,40FT,0,0,0,0,1,3,0,0
CARRIER_A,2025-07-14 04:00,YAKMOK,40FT,0,0,0,0,1,3,0,0
CARRIER_A,2025-07-14 05:00,YAKMOK,40FT,0,0,0,0,1,3,0,0
CARRIER_A,2025-07-14 06:00,YAKMOK,40FT,0,0,0,0,1,3,0,0
CARRIER_A,2025-07-14 07:00,YAKMOK,40FT,1,0,0,0,0,2,0,0
CARRIER_A,2025-07-14 08:00,YAKMOK,40FT,0,0,0,0,0,2,0,0
CARRIER_A,2025-07-14 09:00,YAKMOK,40FT,1,0,0,0,0,1,1,0
CARRIER_A,2025-07-14 10:00,YAKMOK,40FT,0,0,0,0,0,1,0,0
CARRIER_A,2025-07-14 11:00,YAKMOK,40FT,0,0,0,0,0,1,0,0
CARRIER_A,2025-07-14 12:00,YAKMOK,40FT,0,0,0,0,0,1,0,0
CARRIER_A,2025-07-14 13:00,YAKMOK,40FT,0,0,0,0,0,1,0,0
CARRIER_A,2025-07-14 14:00,YAKMOK,40FT,0,0,0,0,0,1,0,0
CARRIER_A,2025-07-14 15:00,YAKMOK,40FT,0,0,0,0,0,1,0,0
CARRIER_A,2025-07-14 16:00,YAKMOK,40FT,0,0,0,0,0,1,0,0
CARRIER_A,2025-07-14 17:00,YAKMOK,40FT,0,0,0,0,0,1,0,0
CARRIER_A,2025-07-14 18:00,YAKMOK,40FT,1,0,0,0,0,0,1,0
CARRIER_A,2025-07-14 19:00,YAKMOK,40FT,0,0,0,0,0,0,0,0
CARRIER_A,2025-07-14 20:00,YAKMOK,40FT,0,0,0,0,0,0,0,0
CARRIER_A,2025-07-14 21:00,YAKMOK,40FT,0,0,0,0,0,0,0,0
CARRIER_A,2025-07-14 22:00,YAKMOK,40FT,0,0,0,0,0,0,0,0
CARRIER_A,2025-07-14 23:00,YAKMOK,40FT,0,0,0,0,0,0,0,0
CARRIER_B,2025-07-08 00:00,BUGANG,20FT,0,0,0,0,13,13,0,0
CARRIER_B,2025-07-08 01:00,BUGANG,20FT,0,0,0,0,13,13,0,0
CARRIER_B,2025-07-08 02:00,BUGANG,20FT,0,0,0,0,13,13,0,0
CARRIER_B,2025-07-08 03:00,BUGANG,20FT,0,0,0,0,13,13,0,0
CARRIER_B,2025-07-08 04:00,BUGANG,20FT,0,0,0,0,13,13,0,0
CARRIER_B,2025-07-08 05:00,BUGANG,20FT,0,0,0,0,13,13,0,0
CARRIER_B,2025-07-08 06:00,BUGANG,20FT,1,0,0,0,12,12,0,0
CARRIER_B,2025-07-08 07:00,BUGANG,20FT,0,0,0,0,12,12,0,0
CARRIER_B,2025-07-08 08:00,BUGANG,20FT,0,0,0,0,12,12,0,0
CARRIER_B,2025-07-08 09:00,BUGANG,20FT,1,0,0,0,11,11,0,0
CARRIER_B,2025-07-08 10:00,BUGANG,20FT,0,0,0,0,11,11,0,0
CARRIER_B,2025-07-08 11:00,BUGANG,20FT,1,0,0,0,10,10,0,0
CARRIER_B,2025-07-08 12:00,BUGANG,20FT,0,0,0,0,10,10,0,0
CARRIER_B,2025-07-08 13:00,BUGANG,20FT,0,1,0,0,11,11,0,0
CARRIER_B,2025-07-08 14:00,BUGANG,20FT,0,0,0,0,11,11,0,0
CARRIER_B,2025-07-08 15:00,BUGANG,20FT,1,0,0,0,10,10,0,0
CARRIER_B,2025-07-08 16:00,BUGANG,20FT,0,3,0,0,13,13,0,0
CARRIER_B,2025-07-08 17:00,BUGANG,20FT,0,0,0,0,13,13,0,0
CARRIER_B,2025-07-08 18:00,BUGANG,20FT,0,0,0,0,13,13,0,0
CARRIER_B,2025-07-08 19:00,BUGANG,20FT,0,0,0,0,13,13,0,0
CARRIER_B,2025-07-08 20:00,BUGANG,20FT,0,0,0,0,13,13,0,0
CARRIER_B,2025-07-08 21:00,BUGANG,20FT,0,0,0,0,13,13,0,0
CARRIER_B,2025-07-08 22:00,BUGANG,20FT,0,0,0,0,13,13,0,0
CARRIER_B,2025-07-08 23:00,BUGANG,20FT,0,0,0,0,13,13,0,0
CARRIER_B,2025-07-09 00:00,BUGANG,20FT,0,0,0,0,13,13,0,0
CARRIER_B,2025-07-09 01:00,BUGANG,20FT,0,0,0,0,13,13,0,0
CARRIER_B,2025-07-09 02:00,BUGANG,20FT,0,0,0,0,13,13,0,0
CARRIER_B,2025-07-09 03:00,BUGANG,20FT,0,0,0,0,13,13,0,0
CARRIER_B,2025-07-09 04:00,BUGANG,20FT,0,0,0,0,13,13,0,0
CARRIER_B,2025-07-09 05:00,BUGANG,20FT,0,0,0,0,13,13,0,0
CARRIER_B,2025-07-09 06:00,BUGANG,20FT,0,0,0,0,13,13,0,0
CARRIER_B,2025-07-09 07:00,BUGANG,20FT,0,0,0,0,13,13,0,0
CARRIER_B,2025-07-09 08:00,BUGANG,20FT,0,0,0,0,13,13,0,0
CARRIER_B,2025-07-09 09:00,BUGANG,20FT,0,0,0,0,13,13,0,0
CARRIER_B,2025-07-09 10:00,BUGANG,20FT,1,0,0,0,12,12,0,0
CARRIER_B,2025-07-09 11:00,BUGANG,20FT,0,1,0,0,13,13,0,0
CARRIER_B,2025-07-09 12:00,BUGANG,20FT,1,0,0,0,12,12,0,0
CARRIER_B,2025-07-09 13:00,BUGANG,20FT,0,0,0,0,12,12,0,0
CARRIER_B,2025-07-09 14:00,BUGANG,20FT,0,0,0,0,12,12,0,0
CARRIER_B,2025-07-09 15:00,BUGANG,20FT,0,0,0,0,12,12,0,0
CARRIER_B,2025-07-09 16:00,BUGANG,20FT,0,0,0,0,12,12,0,0
CARRIER_B,2025-07-09 17:00,BUGANG,20FT,0,0,0,0,12,12,0,0
CARRIER_B,2025-07-09 18:00,BUGANG,20FT,0,0,0,0,12,12,0,0
CARRIER_B,2025-07-09 19:00,BUGANG,20FT,0,0,0,0,12,12,0,0
CARRIER_B,2025-07-09 20:00,BUGANG,20FT,0,0,0,0,12,12,0,0
CARRIER_B,2025-07-09 21:00,BUGANG,20FT,0,0,0,0,12,12,0,0
CARRIER_B,2025-07-09 22:00,BUGANG,20FT,0,0,0,0,12,12,0,0
CARRIER_B,2025-07-09 23:00,BUGANG,20FT,0,0,0,0,12,12,0,0
CARRIER_B,2025-07-10 00:00,BUGANG,20FT,0,0,0,0,12,12,0,0
CARRIER_B,2025-07-10 01:00,BUGANG,20FT,0,0,0,0,12,12,0,0
CARRIER_B,2025-07-10 02:00,BUGANG,20FT,0,0,0,0,12,12,0,0
CARRIER_B,2025-07-10 03:00,BUGANG,20FT,0,0,0,0,12,12,0,0
CARRIER_B,2025-07-10 04:00,BUGANG,20FT,0,0,0,0,12,12,0,0
CARRIER_B,2025-07-10 05:00,BUGANG,20FT,0,0,0,0,12,12,0,0
CARRIER_B,2025-07-10 06:00,BUGANG,20FT,2,0,0,0,10,10,0,0
CARRIER_B,2025-07-10 07:00,BUGANG,20FT,0,0,0,0,10,10,0,0
CARRIER_B,2025-07-10 08:00,BUGANG,20FT,1,0,0,0,9,9,0,0
CARRIER_B,2025-07-10 09:00,BUGANG,20FT,1,0,0,0,8,8,0,0
CARRIER_B,2025-07-10 10:00,BUGANG,20FT,1,0,0,0,7,7,0,0
CARRIER_B,2025-07-10 11:00,BUGANG,20FT,1,0,0,0,6,6,0,0
CARRIER_B,2025-07-10 12:00,BUGANG,20FT,0,0,0,0,6,6,0,0
CARRIER_B,2025-07-10 13:00,BUGANG,20FT,2,0,0,0,4,4,0,0
CARRIER_B,2025-07-10 14:00,BUGANG,20FT,0,0,0,0,4,4,0,0
CARRIER_B,2025-07-10 15:00,BUGANG,20FT,1,0,0,0,3,3,0,0
CARRIER_B,2025-07-10 16:00,BUGANG,20FT,0,0,0,0,3,3,0,0
CARRIER_B,2025-07-10 17:00,BUGANG,20FT,0,0,0,0,3,3,0,0
CARRIER_B,2025-07-10 18:00,BUGANG,20FT,0,0,0,0,3,3,0,0
CARRIER_B,2025-07-10 19:00,BUGANG,20FT,0,0,0,0,3,3,0,0
CARRIER_B,2025-07-10 20:00,BUGANG,20FT,0,0,0,0,3,3,0,0
CARRIER_B,2025-07-10 21:00,BUGANG,20FT,0,0,0,0,3,3,0,0
CARRIER_B,2025-07-10 22:00,BUGANG,20FT,0,0,0,0,3,3,0,0
CARRIER_B,2025-07-10 23:00,BUGANG,20FT,0,0,0,0,3,3,0,0
CARRIER_B,2025-07-11 00:00,BUGANG,20FT,0,0,0,0,3,3,0,0
CARRIER_B,2025-07-11 01:00,BUGANG,20FT,0,0,0,0,3,3,0,0
CARRIER_B,2025-07-11 02:00,BUGANG,20FT,0,0,0,0,3,3,0,0
CARRIER_B,2025-07-11 03:00,BUGANG,20FT,0,0,0,0,3,3,0,0
CARRIER_B,2025-07-11 04:00,BUGANG,20FT,0,0,0,0,3,3,0,0
CARRIER_B,2025-07-11 05:00,BUGANG,20FT,0,0,0,0,3,3,0,0
CARRIER_B,2025-07-11 06:00,BUGANG,20FT,0,0,0,0,3,3,0,0
CARRIER_B,2025-07-11 07:00,BUGANG,20FT,1,1,0,0,3,3,0,0
CARRIER_B,2025-07-11 08:00,BUGANG,20FT,1,2,0,0,4,4,0,0
CARRIER_B,2025-07-11 09:00,BUGANG,20FT,0,0,0,0,4,4,0,0
CARRIER_B,2025-07-11 10:00,BUGANG,20FT,0,0,0,0,4,4,0,0
CARRIER_B,2025-07-11 11:00,BUGANG,20FT,0,0,0,0,4,4,0,0
CARRIER_B,2025-07-11 12:00,BUGANG,20FT,0,0,0,0,4,4,0,0
CARRIER_B,2025-07-11 13:00,BUGANG,20FT,0,0,0,0,4,4,0,0
CARRIER_B,2025-07-11 14:00,BUGANG,20FT,2,0,0,0,2,2,0,0
CARRIER_B,2025-07-11 15:00,BUGANG,20FT,1,0,0,0,1,1,0,0
CARRIER_B,2025-07-11 16:00,BUGANG,20FT,0,0,0,0,1,1,0,0
CARRIER_B,2025-07-11 17:00,BUGANG,20FT,0,0,0,0,1,1,0,0
CARRIER_B,2025-07-11 18:00,BUGANG,20FT,0,0,0,0,1,1,0,0
CARRIER_B,2025-07-11 19:00,BUGANG,20FT,0,0,0,0,1,1,0,0
CARRIER_B,2025-07-11 20:00,BUGANG,20FT,0,1,0,0,2,2,0,0
CARRIER_B,2025-07-11 21:00,BUGANG,20FT,0,0,0,0,2,2,0,0
CARRIER_B,2025-07-11 22:00,BUGANG,20FT,0,0,0,0,2,2,0,0
CARRIER_B,2025-07-11 23:00,BUGANG,20FT,0,0,3,0,2,5,0,0
CARRIER_B,2025-07-12 00:00,BUGANG,20FT,0,0,0,0,2,5,0,0
CARRIER_B,2025-07-12 01:00,BUGANG,20FT,0,0,0,0,2,5,0,0
CARRIER_B,2025-07-12 02:00,BUGANG,20FT,0,0,0,0,2,5,0,0
CARRIER_B,2025-07-12 03:00,BUGANG,20FT,0,0,0,0,2,5,0,0
CARRIER_B,2025-07-12 04:00,BUGANG,20FT,0,0,0,0,2,5,0,0
CARRIER_B,2025-07-12 05:00,BUGANG,20FT,0,0,0,0,2,5,0,0
CARRIER_B,2025-07-12 06:00,BUGANG,20FT,0,0,0,0,2,5,0,0
CARRIER_B,2025-07-12 07:00,BUGANG,20FT,0,0,0,0,2,5,0,0
CARRIER_B,2025-07-12 08:00,BUGANG,20FT,0,0,0,0,2,5,0,0
CARRIER_B,2025-07-12 09:00,BUGANG,20FT,0,0,0,0,2,5,0,0
CARRIER_B,2025-07-12 10:00,BUGANG,20FT,0,0,0,0,2,5,0,0
CARRIER_B,2025-07-12 11:00,BUGANG,20FT,2,0,0,0,0,3,0,0
CARRIER_B,2025-07-12 12:00,BUGANG,20FT,0,0,0,0,0,3,0,0
CARRIER_B,2025-07-12 13:00,BUGANG,20FT,0,0,0,0,0,3,0,0
CARRIER_B,2025-07-12 14:00,BUGANG,20FT,0,1,0,0,1,4,0,0
CARRIER_B,2025-07-12 15:00,BUGANG,20FT,1,0,0,0,0,3,0,0
CARRIER_B,2025-07-12 16:00,BUGANG,20FT,1,1,0,0,0,3,0,0
CARRIER_B,2025-07-12 17:00,BUGANG,20FT,0,0,0,0,0,3,0,0
CARRIER_B,2025-07-12 18:00,BUGANG,20FT,0,0,0,0,0,3,0,0
CARRIER_B,2025-07-12 19:00,BUGANG,20FT,0,0,0,0,0,3,0,0
CARRIER_B,2025-07-12 20:00,BUGANG,20FT,0,0,0,0,0,3,0,0
CARRIER_B,2025-07-12 21:00,BUGANG,20FT,0,0,0,0,0,3,0,0
CARRIER_B,2025-07-12 22:00,BUGANG,20FT,0,0,0,0,0,3,0,0
CARRIER_B,2025-07-12 23:00,BUGANG,20FT,0,0,0,0,0,3,0,0
CARRIER_B,2025-07-13 00:00,BUGANG,20FT,0,0,0,0,0,3,0,0
CARRIER_B,2025-07-13 01:00,BUGANG,20FT,0,0,0,0,0,3,0,0
CARRIER_B,2025-07-13 02:00,BUGANG,20FT,0,0,0,0,0,3,0,0
CARRIER_B,2025-07-13 03:00,BUGANG,20FT,0,0,0,0,0,3,0,0
CARRIER_B,2025-07-13 04:00,BUGANG,20FT,0,0,0,0,0,3,0,0
CARRIER_B,2025-07-13 05:00,BUGANG,20FT,0,0,0,0,0,3,0,0
CARRIER_B,2025-07-13 06:00,BUGANG,20FT,0,0,0,0,0,3,0,0
CARRIER_B,2025-07-13 07:00,BUGANG,20FT,1,0,0,0,0,2,1,0
CARRIER_B,2025-07-13 08:00,BUGANG,20FT,0,1,0,0,1,3,0,0
CARRIER_B,2025-07-13 09:00,BUGANG,20FT,0,0,0,0,1,3,0,0
CARRIER_B,2025-07-13 10:00,BUGANG,20FT,1,0,0,0,0,2,0,0
CARRIER_B,2025-07-13 11:00,BUGANG,20FT,0,0,0,0,0,2,0,0
CARRIER_B,2025-07-13 12:00,BUGANG,20FT,0,0,0,0,0,2,0,0
CARRIER_B,2025-07-13 13:00,BUGANG,20FT,0,0,0,0,0,2,0,0
CARRIER_B,2025-07-13 14:00,BUGANG,20FT,0,0,0,0,0,2,0,0
CARRIER_B,2025-07-13 15:00,BUGANG,20FT,0,0,0,0,0,2,0,0
CARRIER_B,2025-07-13 16:00,BUGANG,20FT,0,0,0,0,0,2,0,0
CARRIER_B,2025-07-13 17:00,BUGANG,20FT,1,0,0,0,0,1,1,0
CARRIER_B,2025-07-13 18:00,BUGANG,20FT,0,0,0,0,0,1,0,0
CARRIER_B,2025-07-13 19:00,BUGANG,20FT,0,0,0,0,0,1,0,0
CARRIER_B,2025-07-13 20:00,BUGANG,20FT,0,0,0,0,0,1,0,0
CARRIER_B,2025-07-13 21:00,BUGANG,20FT,0,0,0,0,0,1,0,0
CARRIER_B,2025-07-13 22:00,BUGANG,20FT,0,0,0,0,0,1,0,0
CARRIER_B,2025-07-13 23:00,BUGANG,20FT,0,0,0,0,0,1,0,0
CARRIER_B,2025-07-14 00:00,BUGANG,20FT,0,0,0,0,0,1,0,0
CARRIER_B,2025-07-14 01:00,BUGANG,20FT,0,0,0,0,0,1,0,0
CARRIER_B,2025-07-14 02:00,BUGANG,20FT,0,0,0,0,0,1,0,0
CARRIER_B,2025-07-14 03:00,BUGANG,20FT,0,0,0,0,0,1,0,0
CARRIER_B,2025-07-14 04:00,BUGANG,20FT,0,0,0,0,0,1,0,0
CARRIER_B,2025-07-14 05:00,BUGANG,20FT,0,0,0,0,0,1,0,0
CARRIER_B,2025-07-14 06:00,BUGANG,20FT,0,0,0,0,0,1,0,0
CARRIER_B,2025-07-14 07:00,BUGANG,20FT,1,0,0,0,0,0,1,0
CARRIER_B,2025-07-14 08:00,BUGANG,20FT,0,1,0,0,1,1,0,0
CARRIER_B,2025-07-14 09:00,BUGANG,20FT,0,0,0,0,1,1,0,0
CARRIER_B,2025-07-14 10:00,BUGANG,20FT,2,1,0,0,0,0,0,0
CARRIER_B,2025-07-14 11:00,BUGANG,20FT,0,0,0,0,0,0,0,0
CARRIER_B,2025-07-14 12:00,BUGANG,20FT,0,0,0,0,0,0,0,0
CARRIER_B,2025-07-14 13:00,BUGANG,20FT,0,0,0,0,0,0,0,0
CARRIER_B,2025-07-14 14:00,BUGANG,20FT,0,0,0,0,0,0,0,0
CARRIER_B,2025-07-14 15:00,BUGANG,20FT,1,1,0,0,0,0,0,0
CARRIER_B,2025-07-14 16:00,BUGANG,20FT,0,0,0,0,0,0,0,0
CARRIER_B,2025-07-14 17:00,BUGANG,20FT,0,0,0,0,0,0,0,0
CARRIER_B,2025-07-14 18:00,BUGANG,20FT,0,0,0,0,0,0,0,0
CARRIER_B,2025-07-14 19:00,BUGANG,20FT,0,0,0,0,0,0,0,0
CARRIER_B,2025-07-14 20:00,BUGANG,20FT,0,0,0,0,0,0,0,0
CARRIER_B,2025-07-14 21:00,BUGANG,20FT,0,0,0,0,0,0,0,0
CARRIER_B,2025-07-14 22:00,BUGANG,20FT,0,0,0,0,0,0,0,0
CARRIER_B,2025-07-14 23:00,BUGANG,20FT,0,0,0,0,0,0,0,0
CARRIER_B,2025-07-08 00:00,BUGANG,40FT,0,0,0,0,2,2,0,0
CARRIER_B,2025-07-08 01:00,BUGANG,40FT,0,0,0,0,2,2,0,0
CARRIER_B,2025-07-08 02:00,BUGANG,40FT,0,0,0,0,2,2,0,0
CARRIER_B,2025-07-08 03:00,BUGANG,40FT,0,0,0,0,2,2,0,0
CARRIER_B,2025-07-08 04:00,BUGANG,40FT,0,0,0,0,2,2,0,0
CARRIER_B,2025-07-08 05:00,BUGANG,40FT,0,0,0,0,2,2,0,0
CARRIER_B,2025-07-08 06:00,BUGANG,40FT,0,0,0,0,2,2,0,0
CARRIER_B,2025-07-08 07:00,BUGANG,40FT,0,0,0,0,2,2,0,0
CARRIER_B,2025-07-08 08:00,BUGANG,40FT,0,0,0,0,2,2,0,0
CARRIER_B,2025-07-08 09:00,BUGANG,40FT,0,0,0,0,2,2,0,0
CARRIER_B,2025-07-08 10:00,BUGANG,40FT,0,0,0,0,2,2,0,0
CARRIER_B,2025-07-08 11:00,BUGANG,40FT,0,0,0,0,2,2,0,0
CARRIER_B,2025-07-08 12:00,BUGANG,40FT,0,0,0,0,2,2,0,0
CARRIER_B,2025-07-08 13:00,BUGANG,40FT,0,0,0,0,2,2,0,0
CARRIER_B,2025-07-08 14:00,BUGANG,40FT,0,0,0,0,2,2,0,0
CARRIER_B,2025-07-08 15:00,BUGANG,40FT,0,0,0,0,2,2,0,0
CARRIER_B,2025-07-08 16:00,BUGANG,40FT,0,0,0,0,2,2,0,0
CARRIER_B,2025-07-08 17:00,BUGANG,40FT,0,0,0,0,2,2,0,0
CARRIER_B,2025-07-08 18:00,BUGANG,40FT,0,0,0,0,2,2,0,0
CARRIER_B,2025-07-08 19:00,BUGANG,40FT,0,0,0,0,2,2,0,0
CARRIER_B,2025-07-08 20:00,BUGANG,40FT,0,0,0,0,2,2,0,0
CARRIER_B,2025-07-08 21:00,BUGANG,40FT,0,0,0,0,2,2,0,0
CARRIER_B,2025-07-08 22:00,BUGANG,40FT,0,0,0,0,2,2,0,0
CARRIER_B,2025-07-08 23:00,BUGANG,40FT,0,0,2,0,2,4,0,0
CARRIER_B,2025-07-09 00:00,BUGANG,40FT,0,0,0,0,2,4,0,0
CARRIER_B,2025-07-09 01:00,BUGANG,40FT,0,0,0,0,2,4,0,0
CARRIER_B,2025-07-09 02:00,BUGANG,40FT,0,0,0,0,2,4,0,0
CARRIER_B,2025-07-09 03:00,BUGANG,40FT,0,0,0,0,2,4,0,0
CARRIER_B,2025-07-09 04:00,BUGANG,40FT,0,0,0,0,2,4,0,0
CARRIER_B,2025-07-09 05:00,BUGANG,40FT,0,0,0,0,2,4,0,0
CARRIER_B,2025-07-09 06:00,BUGANG,40FT,0,0,0,0,2,4,0,0
CARRIER_B,2025-07-09 07:00,BUGANG,40FT,0,0,0,0,2,4,0,0
CARRIER_B,2025-07-09 08:00,BUGANG,40FT,0,0,0,0,2,4,0,0
CARRIER_B,2025-07-09 09:00,BUGANG,40FT,0,0,0,0,2,4,0,0
CARRIER_B,2025-07-09 10:00,BUGANG,40FT,0,0,0,0,2,4,0,0
CARRIER_B,2025-07-09 11:00,BUGANG,40FT,0,0,0,0,2,4,0,0
CARRIER_B,2025-07-09 12:00,BUGANG,40FT,0,0,0,0,2,4,0,0
CARRIER_B,2025-07-09 13:00,BUGANG,40FT,0,0,0,0,2,4,0,0
CARRIER_B,2025-07-09 14:00,BUGANG,40FT,0,0,0,0,2,4,0,0
CARRIER_B,2025-07-09 15:00,BUGANG,40FT,0,0,0,0,2,4,0,0
CARRIER_B,2025-07-09 16:00,BUGANG,40FT,0,0,0,0,2,4,0,0
CARRIER_B,2025-07-09 17:00,BUGANG,40FT,0,0,0,0,2,4,0,0
CARRIER_B,2025-07-09 18:00,BUGANG,40FT,0,0,0,0,2,4,0,0
CARRIER_B,2025-07-09 19:00,BUGANG,40FT,0,0,0,0,2,4,0,0
CARRIER_B,2025-07-09 20:00,BUGANG,40FT,0,0,0,0,2,4,0,0
CARRIER_B,2025-07-09 21:00,BUGANG,40FT,0,0,0,0,2,4,0,0
CARRIER_B,2025-07-09 22:00,BUGANG,40FT,0,0,0,0,2,4,0,0
CARRIER_B,2025-07-09 23:00,BUGANG,40FT,0,0,0,0,2,4,0,0
CARRIER_B,2025-07-10 00:00,BUGANG,40FT,0,0,0,0,2,4,0,0
CARRIER_B,2025-07-10 01:00,BUGANG,40FT,0,0,0,0,2,4,0,0
CARRIER_B,2025-07-10 02:00,BUGANG,40FT,0,0,0,0,2,4,0,0
CARRIER_B,2025-07-10 03:00,BUGANG,40FT,0,0,0,0,2,4,0,0
CARRIER_B,2025-07-10 04:00,BUGANG,40FT,0,0,0,0,2,4,0,0
CARRIER_B,2025-07-10 05:00,BUGANG,40FT,0,0,0,0,2,4,0,0
CARRIER_B,2025-07-10 06:00,BUGANG,40FT,0,0,0,0,2,4,0,0
CARRIER_B,2025-07-10 07:00,BUGANG,40FT,0,0,0,0,2,4,0,0
CARRIER_B,2025-07-10 08:00,BUGANG,40FT,0,0,0,0,2,4,0,0
CARRIER_B,2025-07-10 09:00,BUGANG,40FT,0,0,0,0,2,4,0,0
CARRIER_B,2025-07-10 10:00,BUGANG,40FT,1,0,0,0,1,3,0,0
CARRIER_B,2025-07-10 11:00,BUGANG,40FT,1,0,0,0,0,2,0,0
CARRIER_B,2025-07-10 12:00,BUGANG,40FT,0,0,0,0,0,2,0,0
CARRIER_B,2025-07-10 13:00,BUGANG,40FT,0,0,0,0,0,2,0,0
CARRIER_B,2025-07-10 14:00,BUGANG,40FT,0,0,0,0,0,2,0,0
CARRIER_B,2025-07-10 15:00,BUGANG,40FT,0,0,0,0,0,2,0,0
CARRIER_B,2025-07-10 16:00,BUGANG,40FT,0,0,0,0,0,2,0,0
CARRIER_B,2025-07-10 17:00,BUGANG,40FT,0,0,0,0,0,2,0,0
CARRIER_B,2025-07-10 18:00,BUGANG,40FT,0,0,0,0,0,2,0,0
CARRIER_B,2025-07-10 19:00,BUGANG,40FT,0,0,0,0,0,2,0,0
CARRIER_B,2025-07-10 20:00,BUGANG,40FT,0,0,0,0,0,2,0,0
CARRIER_B,2025-07-10 21:00,BUGANG,40FT,0,0,0,0,0,2,0,0
CARRIER_B,2025-07-10 22:00,BUGANG,40FT,0,0,0,0,0,2,0,0
CARRIER_B,2025-07-10 23:00,BUGANG,40FT,0,0,0,0,0,2,0,0
CARRIER_B,2025-07-11 00:00,BUGANG,40FT,0,0,0,0,0,2,0,0
CARRIER_B,2025-07-11 01:00,BUGANG,40FT,0,0,0,0,0,2,0,0
CARRIER_B,2025-07-11 02:00,BUGANG,40FT,0,0,0,0,0,2,0,0
CARRIER_B,2025-07-11 03:00,BUGANG,40FT,0,0,0,0,0,2,0,0
CARRIER_B,2025-07-11 04:00,BUGANG,40FT,0,0,0,0,0,2,0,0
CARRIER_B,2025-07-11 05:00,BUGANG,40FT,0,0,0,0,0,2,0,0
CARRIER_B,2025-07-11 06:00,BUGANG,40FT,0,0,0,0,0,2,0,0
CARRIER_B,2025-07-11 07:00,BUGANG,40FT,0,0,0,0,0,2,0,0
CARRIER_B,2025-07-11 08:00,BUGANG,40FT,0,0,0,0,0,2,0,0
CARRIER_B,2025-07-11 09:00,BUGANG,40FT,1,0,0,0,0,1,1,0
CARRIER_B,2025-07-11 10:00,BUGANG,40FT,0,0,0,0,0,1,0,0
CARRIER_B,2025-07-11 11:00,BUGANG,40FT,0,0,0,0,0,1,0,0
CARRIER_B,2025-07-11 12:00,BUGANG,40FT,0,0,0,0,0,1,0,0
CARRIER_B,2025-07-11 13:00,BUGANG,40FT,0,0,0,0,0,1,0,0
CARRIER_B,2025-07-11 14:00,BUGANG,40FT,1,0,0,0,0,0,1,0
CARRIER_B,2025-07-11 15:00,BUGANG,40FT,0,0,0,0,0,0,0,0
CARRIER_B,2025-07-11 16:00,BUGANG,40FT,0,0,0,0,0,0,0,0
CARRIER_B,2025-07-11 17:00,BUGANG,40FT,0,0,0,0,0,0,0,0
CARRIER_B,2025-07-11 18:00,BUGANG,40FT,0,0,0,0,0,0,0,0
CARRIER_B,2025-07-11 19:00,BUGANG,40FT,0,0,0,0,0,0,0,0
CARRIER_B,2025-07-11 20:00,BUGANG,40FT,0,0,0,0,0,0,0,0
CARRIER_B,2025-07-11 21:00,BUGANG,40FT,0,0,0,0,0,0,0,0
CARRIER_B,2025-07-11 22:00,BUGANG,40FT,0,0,0,0,0,0,0,0
CARRIER_B,2025-07-11 23:00,BUGANG,40FT,0,0,0,0,0,0,0,0
CARRIER_B,2025-07-12 00:00,BUGANG,40FT,0,0,0,0,0,0,0,0
CARRIER_B,2025-07-12 01:00,BUGANG,40FT,0,0,0,0,0,0,0,0
CARRIER_B,2025-07-12 02:00,BUGANG,40FT,0,0,0,0,0,0,0,0
CARRIER_B,2025-07-12 03:00,BUGANG,40FT,0,0,0,0,0,0,0,0
CARRIER_B,2025-07-12 04:00,BUGANG,40FT,0,0,0,0,0,0,0,0
CARRIER_B,2025-07-12 05:00,BUGANG,40FT,0,0,0,0,0,0,0,0
CARRIER_B,2025-07-12 06:00,BUGANG,40FT,0,0,0,0,0,0,0,0
CARRIER_B,2025-07-12 07:00,BUGANG,40FT,0,0,0,0,0,0,0,0
CARRIER_B,2025-07-12 08:00,BUGANG,40FT,0,0,0,0,0,0,0,0
CARRIER_B,2025-07-12 09:00,BUGANG,40FT,0,0,0,0,0,0,0,0
CARRIER_B,2025-07-12 10:00,BUGANG,40FT,0,0,0,0,0,0,0,0
CARRIER_B,2025-07-12 11:00,BUGANG,40FT,0,0,0,0,0,0,0,0
CARRIER_B,2025-07-12 12:00,BUGANG,40FT,0,0,0,0,0,0,0,0
CARRIER_B,2025-07-12 13:00,BUGANG,40FT,0,0,0,0,0,0,0,0
CARRIER_B,2025-07-12 14:00,BUGANG,40FT,0,0,0,0,0,0,0,0
CARRIER_B,2025-07-12 15:00,BUGANG,40FT,0,0,0,0,0,0,0,0
CARRIER_B,2025-07-12 16:00,BUGANG,40FT,0,0,0,0,0,0,0,0
CARRIER_B,2025-07-12 17:00,BUGANG,40FT,0,0,0,0,0,0,0,0
CARRIER_B,2025-07-12 18:00,BUGANG,40FT,0,0,0,0,0,0,0,0
CARRIER_B,2025-07-12 19:00,BUGANG,40FT,0,0,0,0,0,0,0,0
CARRIER_B,2025-07-12 20:00,BUGANG,40FT,0,0,0,0,0,0,0,0
CARRIER_B,2025-07-12 21:00,BUGANG,40FT,0,0,0,0,0,0,0,0
CARRIER_B,2025-07-12 22:00,BUGANG,40FT,0,0,0,0,0,0,0,0
CARRIER_B,2025-07-12 23:00,BUGANG,40FT,0,0,0,0,0,0,0,0
CARRIER_B,2025-07-13 00:00,BUGANG,40FT,0,0,0,0,0,0,0,0
CARRIER_B,2025-07-13 01:00,BUGANG,40FT,0,0,0,0,0,0,0,0
CARRIER_B,2025-07-13 02:00,BUGANG,40FT,0,0,0,0,0,0,0,0
CARRIER_B,2025-07-13 03:00,BUGANG,40FT,0,0,0,0,0,0,0,0
CARRIER_B,2025-07-13 04:00,BUGANG,40FT,0,0,0,0,0,0,0,0
CARRIER_B,2025-07-13 05:00,BUGANG,40FT,0,0,0,0,0,0,0,0
CARRIER_B,2025-07-13 06:00,BUGANG,40FT,0,0,0,0,0,0,0,0
CARRIER_B,2025-07-13 07:00,BUGANG,40FT,0,0,0,0,0,0,0,0
CARRIER_B,2025-07-13 08:00,BUGANG,40FT,0,0,0,0,0,0,0,0
CARRIER_B,2025-07-13 09:00,BUGANG,40FT,0,1,0,0,1,1,0,0
CARRIER_B,2025-07-13 10:00,BUGANG,40FT,0,0,0,0,1,1,0,0
CARRIER_B,2025-07-13 11:00,BUGANG,40FT,0,0,0,0,1,1,0,0
CARRIER_B,2025-07-13 12:00,BUGANG,40FT,0,0,0,0,1,1,0,0
CARRIER_B,2025-07-13 13:00,BUGANG,40FT,0,0,0,0,1,1,0,0
CARRIER_B,2025-07-13 14:00,BUGANG,40FT,0,0,0,0,1,1,0,0
CARRIER_B,2025-07-13 15:00,BUGANG,40FT,0,0,0,0,1,1,0,0
CARRIER_B,2025-07-13 16:00,BUGANG,40FT,0,0,0,0,1,1,0,0
CARRIER_B,2025-07-13 17:00,BUGANG,40FT,0,0,0,0,1,1,0,0
CARRIER_B,2025-07-13 18:00,BUGANG,40FT,0,0,0,0,1,1,0,0
CARRIER_B,2025-07-13 19:00,BUGANG,40FT,0,0,0,0,1,1,0,0
CARRIER_B,2025-07-13 20:00,BUGANG,40FT,0,0,0,0,1,1,0,0
CARRIER_B,2025-07-13 21:00,BUGANG,40FT,0,0,0,0,1,1,0,0
CARRIER_B,2025-07-13 22:00,BUGANG,40FT,0,0,0,0,1,1,0,0
CARRIER_B,2025-07-13 23:00,BUGANG,40FT,0,0,0,0,1,1,0,0
CARRIER_B,2025-07-14 00:00,BUGANG,40FT,0,0,0,0,1,1,0,0
CARRIER_B,2025-07-14 01:00,BUGANG,40FT,0,0,0,0,1,1,0,0
CARRIER_B,2025-07-14 02:00,BUGANG,40FT,0,0,0,0,1,1,0,0
CARRIER_B,2025-07-14 03:00,BUGANG,40FT,0,0,0,0,1,1,0,0
CARRIER_B,2025-07-14 04:00,BUGANG,40FT,0,0,0,0,1,1,0,0
CARRIER_B,2025-07-14 05:00,BUGANG,40FT,0,0,0,0,1,1,0,0
CARRIER_B,2025-07-14 06:00,BUGANG,40FT,0,0,0,0,1,1,0,0
CARRIER_B,2025-07-14 07:00,BUGANG,40FT,0,0,0,0,1,1,0,0
CARRIER_B,2025-07-14 08:00,BUGANG,40FT,0,0,0,0,1,1,0,0
CARRIER_B,2025-07-14 09:00,BUGANG,40FT,0,0,0,0,1,1,0,0
CARRIER_B,2025-07-14 10:00,BUGANG,40FT,0,0,0,0,1,1,0,0
CARRIER_B,2025-07-14 11:00,BUGANG,40FT,0,0,0,0,1,1,0,0
CARRIER_B,2025-07-14 12:00,BUGANG,40FT,0,0,0,0,1,1,0,0
CARRIER_B,2025-07-14 13:00,BUGANG,40FT,0,0,0,0,1,1,0,0
CARRIER_B,2025-07-14 14:00,BUGANG,40FT,0,0,0,0,1,1,0,0
CARRIER_B,2025-07-14 15:00,BUGANG,40FT,0,0,0,0,1,1,0,0
CARRIER_B,2025-07-14 16:00,BUGANG,40FT,0,0,0,0,1,1,0,0
CARRIER_B,2025-07-14 17:00,BUGANG,40FT,1,0,0,0,0,0,0,0
CARRIER_B,2025-07-14 18:00,BUGANG,40FT,0,0,0,0,0,0,0,0
CARRIER_B,2025-07-14 19:00,BUGANG,40FT,0,0,0,0,0,0,0,0
CARRIER_B,2025-07-14 20:00,BUGANG,40FT,0,0,0,0,0,0,0,0
CARRIER_B,2025-07-14 21:00,BUGANG,40FT,0,0,0,0,0,0,0,0
CARRIER_B,2025-07-14 22:00,BUGANG,40FT,0,0,0,0,0,0,0,0
CARRIER_B,2025-07-14 23:00,BUGANG,40FT,0,0,0,0,0,0,0,0
CARRIER_B,2025-07-08 00:00,BUSAN,20FT,0,0,0,0,37,37,0,0
CARRIER_B,2025-07-08 01:00,BUSAN,20FT,0,0,0,0,37,37,0,0
CARRIER_B,2025-07-08 02:00,BUSAN,20FT,0,0,0,0,37,37,0,0
CARRIER_B,2025-07-08 03:00,BUSAN,20FT,0,0,0,0,37,37,0,0
CARRIER_B,2025-07-08 04:00,BUSAN,20FT,0,0,0,0,37,37,0,0
CARRIER_B,2025-07-08 05:00,BUSAN,20FT,2,0,0,0,35,35,0,0
CARRIER_B,2025-07-08 06:00,BUSAN,20FT,0,0,0,0,35,35,0,0
CARRIER_B,2025-07-08 07:00,BUSAN,20FT,1,0,0,0,34,34,0,0
CARRIER_B,2025-07-08 08:00,BUSAN,20FT,0,0,0,0,34,34,0,0
CARRIER_B,2025-07-08 09:00,BUSAN,20FT,4,1,0,0,31,31,0,0
CARRIER_B,2025-07-08 10:00,BUSAN,20FT,0,0,0,0,31,31,0,0
CARRIER_B,2025-07-08 11:00,BUSAN,20FT,1,0,0,0,30,30,0,0
CARRIER_B,2025-07-08 12:00,BUSAN,20FT,0,0,0,0,30,30,0,0
CARRIER_B,2025-07-08 13:00,BUSAN,20FT,0,0,0,0,30,30,0,0
CARRIER_B,2025-07-08 14:00,BUSAN,20FT,0,0,0,0,30,30,0,0
CARRIER_B,2025-07-08 15:00,BUSAN,20FT,1,0,0,0,29,29,0,0
CARRIER_B,2025-07-08 16:00,BUSAN,20FT,0,0,0,0,29,29,0,0
CARRIER_B,2025-07-08 17:00,BUSAN,20FT,1,0,0,0,28,28,0,0
CARRIER_B,2025-07-08 18:00,BUSAN,20FT,0,0,0,0,28,28,0,0
CARRIER_B,2025-07-08 19:00,BUSAN,20FT,0,0,0,0,28,28,0,0
CARRIER_B,2025-07-08 20:00,BUSAN,20FT,0,0,0,0,28,28,0,0
CARRIER_B,2025-07-08 21:00,BUSAN,20FT,0,0,0,0,28,28,0,0
CARRIER_B,2025-07-08 22:00,BUSAN,20FT,0,0,0,0,28,28,0,0
CARRIER_B,2025-07-08 23:00,BUSAN,20FT,0,0,0,0,28,28,0,0
CARRIER_B,2025-07-09 00:00,BUSAN,20FT,0,0,0,0,28,28,0,0
CARRIER_B,2025-07-09 01:00,BUSAN,20FT,0,0,0,0,28,28,0,0
CARRIER_B,2025-07-09 02:00,BUSAN,20FT,0,0,0,0,28,28,0,0
CARRIER_B,2025-07-09 03:00,BUSAN,20FT,0,0,0,0,28,28,0,0
CARRIER_B,2025-07-09 04:00,BUSAN,20FT,0,0,0,0,28,28,0,0
CARRIER_B,2025-07-09 05:00,BUSAN,20FT,0,0,0,0,28,28,0,0
CARRIER_B,2025-07-09 06:00,BUSAN,20FT,2,0,0,0,26,26,0,0
CARRIER_B,2025-07-09 07:00,BUSAN,20FT,3,0,0,0,23,23,0,0
CARRIER_B,2025-07-09 08:00,BUSAN,20FT,1,0,0,0,22,22,0,0
CARRIER_B,2025-07-09 09:00,BUSAN,20FT,2,0,20,0,20,40,0,0
CARRIER_B,2025-07-09 10:00,BUSAN,20FT,4,0,0,0,16,36,0,0
CARRIER_B,2025-07-09 11:00,BUSAN,20FT,1,0,0,0,15,35,0,0
CARRIER_B,2025-07-09 12:00,BUSAN,20FT,0,0,0,0,15,35,0,0
CARRIER_B,2025-07-09 13:00,BUSAN,20FT,1,0,0,0,14,34,0,0
CARRIER_B,2025-07-09 14:00,BUSAN,20FT,0,1,0,0,15,35,0,0
CARRIER_B,2025-07-09 15:00,BUSAN,20FT,2,1,0,0,14,34,0,0
CARRIER_B,2025-07-09 16:00,BUSAN,20FT,4,0,0,0,10,30,0,0
CARRIER_B,2025-07-09 17:00,BUSAN,20FT,2,0,0,0,8,28,0,0
CARRIER_B,2025-07-09 18:00,BUSAN,20FT,1,0,0,0,7,27,0,0
CARRIER_B,2025-07-09 19:00,BUSAN,20FT,0,0,0,0,7,27,0,0
CARRIER_B,2025-07-09 20:00,BUSAN,20FT,0,0,0,0,7,27,0,0
CARRIER_B,2025-07-09 21:00,BUSAN,20FT,0,0,0,0,7,27,0,0
CARRIER_B,2025-07-09 22:00,BUSAN,20FT,0,0,0,0,7,27,0,0
CARRIER_B,2025-07-09 23:00,BUSAN,20FT,0,0,0,0,7,27,0,0
CARRIER_B,2025-07-10 00:00,BUSAN,20FT,0,0,0,0,7,27,0,0
CARRIER_B,2025-07-10 01:00,BUSAN,20FT,0,0,0,0,7,27,0,0
CARRIER_B,2025-07-10 02:00,BUSAN,20FT,0,0,0,0,7,27,0,0
CARRIER_B,2025-07-10 03:00,BUSAN,20FT,0,0,0,0,7,27,0,0
CARRIER_B,2025-07-10 04:00,BUSAN,20FT,0,0,0,0,7,27,0,0
CARRIER_B,2025-07-10 05:00,BUSAN,20FT,0,0,0,0,7,27,0,0
CARRIER_B,2025-07-10 06:00,BUSAN,20FT,0,0,0,0,7,27,0,0
CARRIER_B,2025-07-10 07:00,BUSAN,20FT,0,0,0,0,7,27,0,0
CARRIER_B,2025-07-10 08:00,BUSAN,20FT,1,0,0,0,6,26,0,0
CARRIER_B,2025-07-10 09:00,BUSAN,20FT,0,0,0,0,6,26,0,0
CARRIER_B,2025-07-10 10:00,BUSAN,20FT,0,0,0,0,6,26,0,0
CARRIER_B,2025-07-10 11:00,BUSAN,20FT,1,0,0,0,5,25,0,0
CARRIER_B,2025-07-10 12:00,BUSAN,20FT,0,0,0,0,5,25,0,0
CARRIER_B,2025-07-10 13:00,BUSAN,20FT,4,1,0,0,2,22,0,0
CARRIER_B,2025-07-10 14:00,BUSAN,20FT,1,0,0,0,1,21,0,0
CARRIER_B,2025-07-10 15:00,BUSAN,20FT,0,0,0,0,1,21,0,0
CARRIER_B,2025-07-10 16:00,BUSAN,20FT,1,1,0,0,1,21,0,0
CARRIER_B,2025-07-10 17:00,BUSAN,20FT,1,0,0,0,0,20,0,0
CARRIER_B,2025-07-10 18:00,BUSAN,20FT,0,0,0,0,0,20,0,0
CARRIER_B,2025-07-10 19:00,BUSAN,20FT,0,0,0,0,0,20,0,0
CARRIER_B,2025-07-10 20:00,BUSAN,20FT,2,0,0,0,0,18,2,0
CARRIER_B,2025-07-10 21:00,BUSAN,20FT,0,0,0,0,0,18,0,0
CARRIER_B,2025-07-10 22:00,BUSAN,20FT,0,0,0,0,0,18,0,0
CARRIER_B,2025-07-10 23:00,BUSAN,20FT,0,0,0,0,0,18,0,0
CARRIER_B,2025-07-11 00:00,BUSAN,20FT,0,0,0,0,0,18,0,0
CARRIER_B,2025-07-11 01:00,BUSAN,20FT,0,0,0,0,0,18,0,0
CARRIER_B,2025-07-11 02:00,BUSAN,20FT,0,0,0,0,0,18,0,0
CARRIER_B,2025-07-11 03:00,BUSAN,20FT,0,0,0,0,0,18,0,0
CARRIER_B,2025-07-11 04:00,BUSAN,20FT,0,0,0,0,0,18,0,0
CARRIER_B,2025-07-11 05:00,BUSAN,20FT,1,0,0,0,0,17,1,0
CARRIER_B,2025-07-11 06:00,BUSAN,20FT,0,0,0,0,0,17,0,0
CARRIER_B,2025-07-11 07:00,BUSAN,20FT,0,1,0,0,1,18,0,0
CARRIER_B,2025-07-11 08:00,BUSAN,20FT,1,0,0,0,0,17,0,0
CARRIER_B,2025-07-11 09:00,BUSAN,20FT,2,0,0,0,0,15,2,0
CARRIER_B,2025-07-11 10:00,BUSAN,20FT,3,0,0,0,0,12,3,0
CARRIER_B,2025-07-11 11:00,BUSAN,20FT,2,0,0,0,0,10,2,0
CARRIER_B,2025-07-11 12:00,BUSAN,20FT,2,0,0,0,0,8,2,0
CARRIER_B,2025-07-11 13:00,BUSAN,20FT,1,1,0,0,0,8,0,0
CARRIER_B,2025-07-11 14:00,BUSAN,20FT,1,0,0,0,0,7,1,0
CARRIER_B,2025-07-11 15:00,BUSAN,20FT,3,0,0,0,0,4,3,0
CARRIER_B,2025-07-11 16:00,BUSAN,20FT,1,0,0,0,0,3,1,0
CARRIER_B,2025-07-11 17:00,BUSAN,20FT,1,0,0,0,0,2,1,0
CARRIER_B,2025-07-11 18:00,BUSAN,20FT,0,0,0,0,0,2,0,0
CARRIER_B,2025-07-11 19:00,BUSAN,20FT,0,0,0,0,0,2,0,0
CARRIER_B,2025-07-11 20:00,BUSAN,20FT,0,0,0,0,0,2,0,0
CARRIER_B,2025-07-11 21:00,BUSAN,20FT,0,0,0,0,0,2,0,0
CARRIER_B,2025-07-11 22:00,BUSAN,20FT,0,0,0,0,0,2,0,0
CARRIER_B,2025-07-11 23:00,BUSAN,20FT,0,0,0,0,0,2,0,0
CARRIER_B,2025-07-12 00:00,BUSAN,20FT,0,0,0,0,0,2,0,0
CARRIER_B,2025-07-12 01:00,BUSAN,20FT,0,0,0,0,0,2,0,0
CARRIER_B,2025-07-12 02:00,BUSAN,20FT,0,0,0,0,0,2,0,0
CARRIER_B,2025-07-12 03:00,BUSAN,20FT,0,0,0,0,0,2,0,0
CARRIER_B,2025-07-12 04:00,BUSAN,20FT,0,0,0,0,0,2,0,0
CARRIER_B,2025-07-12 05:00,BUSAN,20FT,0,0,0,0,0,2,0,0
CARRIER_B,2025-07-12 06:00,BUSAN,20FT,0,0,0,0,0,2,0,0
CARRIER_B,2025-07-12 07:00,BUSAN,20FT,1,0,0,0,0,1,1,0
CARRIER_B,2025-07-12 08:00,BUSAN,20FT,1,0,0,0,0,0,1,0
CARRIER_B,2025-07-12 09:00,BUSAN,20FT,0,0,4,0,0,4,0,0
CARRIER_B,2025-07-12 10:00,BUSAN,20FT,0,1,0,0,1,5,0,0
CARRIER_B,2025-07-12 11:00,BUSAN,20FT,2,0,0,0,0,3,1,0
CARRIER_B,2025-07-12 12:00,BUSAN,20FT,1,0,0,0,0,2,1,0
CARRIER_B,2025-07-12 13:00,BUSAN,20FT,0,5,0,0,5,7,0,0
CARRIER_B,2025-07-12 14:00,BUSAN,20FT,0,1,0,0,6,8,0,0
CARRIER_B,2025-07-12 15:00,BUSAN,20FT,3,0,0,0,3,5,0,0
CARRIER_B,2025-07-12 16:00,BUSAN,20FT,1,0,0,0,2,4,0,0
CARRIER_B,2025-07-12 17:00,BUSAN,20FT,1,0,0,0,1,3,0,0
CARRIER_B,2025-07-12 18:00,BUSAN,20FT,1,0,0,0,0,2,0,0
CARRIER_B,2025-07-12 19:00,BUSAN,20FT,0,1,0,0,1,3,0,0
CARRIER_B,2025-07-12 20:00,BUSAN,20FT,0,1,0,0,2,4,0,0
CARRIER_B,2025-07-12 21:00,BUSAN,20FT,0,0,0,0,2,4,0,0
CARRIER_B,2025-07-12 22:00,BUSAN,20FT,0,0,0,0,2,4,0,0
CARRIER_B,2025-07-12 23:00,BUSAN,20FT,0,0,0,0,2,4,0,0
CARRIER_B,2025-07-13 00:00,BUSAN,20FT,0,0,0,0,2,4,0,0
CARRIER_B,2025-07-13 01:00,BUSAN,20FT,0,0,0,0,2,4,0,0
CARRIER_B,2025-07-13 02:00,BUSAN,20FT,0,0,0,0,2,4,0,0
CARRIER_B,2025-07-13 03:00,BUSAN,20FT,0,0,0,0,2,4,0,0
CARRIER_B,2025-07-13 04:00,BUSAN,20FT,0,0,0,0,2,4,0,0
CARRIER_B,2025-07-13 05:00,BUSAN,20FT,0,0,0,0,2,4,0,0
CARRIER_B,2025-07-13 06:00,BUSAN,20FT,1,0,0,0,1,3,0,0
CARRIER_B,2025-07-13 07:00,BUSAN,20FT,3,0,0,0,0,0,2,0
CARRIER_B,2025-07-13 08:00,BUSAN,20FT,0,1,0,0,1,1,0,0
CARRIER_B,2025-07-13 09:00,BUSAN,20FT,1,0,0,0,0,0,0,0
CARRIER_B,2025-07-13 10:00,BUSAN,20FT,0,2,0,0,2,2,0,0
CARRIER_B,2025-07-13 11:00,BUSAN,20FT,0,0,0,0,2,2,0,0
CARRIER_B,2025-07-13 12:00,BUSAN,20FT,0,1,0,0,3,3,0,0
CARRIER_B,2025-07-13 13:00,BUSAN,20FT,0,0,0,0,3,3,0,0
CARRIER_B,2025-07-13 14:00,BUSAN,20FT,1,0,0,0,2,2,0,0
CARRIER_B,2025-07-13 15:00,BUSAN,20FT,0,1,0,0,3,3,0,0
CARRIER_B,2025-07-13 16:00,BUSAN,20FT,0,0,0,0,3,3,0,0
CARRIER_B,2025-07-13 17:00,BUSAN,20FT,2,0,0,0,1,1,0,0
CARRIER_B,2025-07-13 18:00,BUSAN,20FT,0,0,0,0,1,1,0,0
CARRIER_B,2025-07-13 19:00,BUSAN,20FT,0,1,0,0,2,2,0,0
CARRIER_B,2025-07-13 20:00,BUSAN,20FT,0,0,0,0,2,2,0,0
CARRIER_B,2025-07-13 21:00,BUSAN,20FT,0,0,0,0,2,2,0,0
CARRIER_B,2025-07-13 22:00,BUSAN,20FT,0,0,0,0,2,2,0,0
CARRIER_B,2025-07-13 23:00,BUSAN,20FT,0,0,0,0,2,2,0,0
CARRIER_B,2025-07-14 00:00,BUSAN,20FT,0,0,0,0,2,2,0,0
CARRIER_B,2025-07-14 01:00,BUSAN,20FT,0,0,0,0,2,2,0,0
CARRIER_B,2025-07-14 02:00,BUSAN,20FT,0,0,0,0,2,2,0,0
CARRIER_B,2025-07-14 03:00,BUSAN,20FT,0,0,0,0,2,2,0,0
CARRIER_B,2025-07-14 04:00,BUSAN,20FT,0,0,0,0,2,2,0,0
CARRIER_B,2025-07-14 05:00,BUSAN,20FT,0,0,0,0,2,2,0,0
CARRIER_B,2025-07-14 06:00,BUSAN,20FT,0,0,0,0,2,2,0,0
CARRIER_B,2025-07-14 07:00,BUSAN,20FT,0,0,0,0,2,2,0,0
CARRIER_B,2025-07-14 08:00,BUSAN,20FT,1,0,0,0,1,1,0,0
CARRIER_B,2025-07-14 09:00,BUSAN,20FT,0,1,0,0,2,2,0,0
CARRIER_B,2025-07-14 10:00,BUSAN,20FT,0,1,0,0,3,3,0,0
CARRIER_B,2025-07-14 11:00,BUSAN,20FT,0,0,0,0,3,3,0,0
CARRIER_B,2025-07-14 12:00,BUSAN,20FT,2,1,0,0,2,2,0,0
CARRIER_B,2025-07-14 13:00,BUSAN,20FT,0,2,0,0,4,4,0,0
CARRIER_B,2025-07-14 14:00,BUSAN,20FT,1,1,0,0,4,4,0,0
CARRIER_B,2025-07-14 15:00,BUSAN,20FT,1,2,0,0,5,5,0,0
CARRIER_B,2025-07-14 16:00,BUSAN,20FT,1,0,0,0,4,4,0,0
CARRIER_B,2025-07-14 17:00,BUSAN,20FT,0,1,0,0,5,5,0,0
CARRIER_B,2025-07-14 18:00,BUSAN,20FT,0,0,0,0,5,5,0,0
CARRIER_B,2025-07-14 19:00,BUSAN,20FT,0,0,0,0,5,5,0,0
CARRIER_B,2025-07-14 20:00,BUSAN,20FT,0,0,0,0,5,5,0,0
CARRIER_B,2025-07-14 21:00,BUSAN,20FT,0,0,0,0,5,5,0,0
CARRIER_B,2025-07-14 22:00,BUSAN,20FT,0,0,0,0,5,5,0,0
CARRIER_B,2025-07-14 23:00,BUSAN,20FT,0,0,0,0,5,5,0,0
CARRIER_B,2025-07-08 00:00,BUSAN,40FT,0,0,0,0,16,16,0,0
CARRIER_B,2025-07-08 01:00,BUSAN,40FT,0,0,0,0,16,16,0,0
CARRIER_B,2025-07-08 02:00,BUSAN,40FT,0,0,0,0,16,16,0,0
CARRIER_B,2025-07-08 03:00,BUSAN,40FT,0,0,0,0,16,16,0,0
CARRIER_B,2025-07-08 04:00,BUSAN,40FT,0,0,0,0,16,16,0,0
CARRIER_B,2025-07-08 05:00,BUSAN,40FT,0,0,0,0,16,16,0,0
CARRIER_B,2025-07-08 06:00,BUSAN,40FT,0,0,0,0,16,16,0,0
CARRIER_B,2025-07-08 07:00,BUSAN,40FT,0,0,0,0,16,16,0,0
CARRIER_B,2025-07-08 08:00,BUSAN,40FT,0,0,0,0,16,16,0,0
CARRIER_B,2025-07-08 09:00,BUSAN,40FT,0,0,0,0,16,16,0,0
CARRIER_B,2025-07-08 10:00,BUSAN,40FT,0,0,0,0,16,16,0,0
CARRIER_B,2025-07-08 11:00,BUSAN,40FT,0,0,0,0,16,16,0,0
CARRIER_B,2025-07-08 12:00,BUSAN,40FT,0,0,0,0,16,16,0,0
CARRIER_B,2025-07-08 13:00,BUSAN,40FT,0,0,0,0,16,16,0,0
CARRIER_B,2025-07-08 14:00,BUSAN,40FT,0,3,0,0,19,19,0,0
CARRIER_B,2025-07-08 15:00,BUSAN,40FT,0,0,0,0,19,19,0,0
CARRIER_B,2025-07-08 16:00,BUSAN,40FT,0,0,0,0,19,19,0,0
CARRIER_B,2025-07-08 17:00,BUSAN,40FT,0,4,0,0,23,23,0,0
CARRIER_B,2025-07-08 18:00,BUSAN,40FT,0,0,0,0,23,23,0,0
CARRIER_B,2025-07-08 19:00,BUSAN,40FT,0,0,0,0,23,23,0,0
CARRIER_B,2025-07-08 20:00,BUSAN,40FT,0,0,0,0,23,23,0,0
CARRIER_B,2025-07-08 21:00,BUSAN,40FT,0,0,0,0,23,23,0,0
CARRIER_B,2025-07-08 22:00,BUSAN,40FT,0,0,0,0,23,23,0,0
CARRIER_B,2025-07-08 23:00,BUSAN,40FT,0,0,0,0,23,23,0,0
CARRIER_B,2025-07-09 00:00,BUSAN,40FT,0,0,0,0,23,23,0,0
CARRIER_B,2025-07-09 01:00,BUSAN,40FT,0,0,0,0,23,23,0,0
CARRIER_B,2025-07-09 02:00,BUSAN,40FT,0,0,0,0,23,23,0,0
CARRIER_B,2025-07-09 03:00,BUSAN,40FT,0,0,0,0,23,23,0,0
CARRIER_B,2025-07-09 04:00,BUSAN,40FT,0,0,0,0,23,23,0,0
CARRIER_B,2025-07-09 05:00,BUSAN,40FT,0,0,0,0,23,23,0,0
CARRIER_B,2025-07-09 06:00,BUSAN,40FT,0,2,0,0,25,25,0,0
CARRIER_B,2025-07-09 07:00,BUSAN,40FT,0,0,0,0,25,25,0,0
CARRIER_B,2025-07-09 08:00,BUSAN,40FT,0,0,0,0,25,25,0,0
CARRIER_B,2025-07-09 09:00,BUSAN,40FT,1,0,0,0,24,24,0,0
CARRIER_B,2025-07-09 10:00,BUSAN,40FT,0,0,0,0,24,24,0,0
CARRIER_B,2025-07-09 11:00,BUSAN,40FT,1,0,0,0,23,23,0,0
CARRIER_B,2025-07-09 12:00,BUSAN,40FT,0,0,0,0,23,23,0,0
CARRIER_B,2025-07-09 13:00,BUSAN,40FT,0,0,0,0,23,23,0,0
CARRIER_B,2025-07-09 14:00,BUSAN,40FT,2,0,0,0,21,21,0,0
CARRIER_B,2025-07-09 15:00,BUSAN,40FT,0,0,0,0,21,21,0,0
CARRIER_B,2025-07-09 16:00,BUSAN,40FT,2,0,0,0,19,19,0,0
CARRIER_B,2025-07-09 17:00,BUSAN,40FT,1,0,0,0,18,18,0,0
CARRIER_B,2025-07-09 18:00,BUSAN,40FT,0,0,0,0,18,18,0,0
CARRIER_B,2025-07-09 19:00,BUSAN,40FT,0,0,0,0,18,18,0,0
CARRIER_B,2025-07-09 20:00,BUSAN,40FT,0,0,0,0,18,18,0,0
CARRIER_B,2025-07-09 21:00,BUSAN,40FT,0,0,0,0,18,18,0,0
CARRIER_B,2025-07-09 22:00,BUSAN,40FT,0,0,0,0,18,18,0,0
CARRIER_B,2025-07-09 23:00,BUSAN,40FT,0,0,0,0,18,18,0,0
CARRIER_B,2025-07-10 00:00,BUSAN,40FT,0,0,0,0,18,18,0,0
CARRIER_B,2025-07-10 01:00,BUSAN,40FT,0,0,0,0,18,18,0,0
CARRIER_B,2025-07-10 02:00,BUSAN,40FT,0,0,0,0,18,18,0,0
CARRIER_B,2025-07-10 03:00,BUSAN,40FT,0,0,0,0,18,18,0,0
CARRIER_B,2025-07-10 04:00,BUSAN,40FT,0,0,0,0,18,18,0,0
CARRIER_B,2025-07-10 05:00,BUSAN,40FT,0,0,0,0,18,18,0,0
CARRIER_B,2025-07-10 06:00,BUSAN,40FT,0,0,0,0,18,18,0,0
CARRIER_B,2025-07-10 07:00,BUSAN,40FT,1,0,0,0,17,17,0,0
CARRIER_B,2025-07-10 08:00,BUSAN,40FT,0,0,0,0,17,17,0,0
CARRIER_B,2025-07-10 09:00,BUSAN,40FT,2,1,0,0,16,16,0,0
CARRIER_B,2025-07-10 10:00,BUSAN,40FT,2,0,0,0,14,14,0,0
CARRIER_B,2025-07-10 11:00,BUSAN,40FT,1,0,0,0,13,13,0,0
CARRIER_B,2025-07-10 12:00,BUSAN,40FT,0,0,0,0,13,13,0,0
CARRIER_B,2025-07-10 13:00,BUSAN,40FT,1,0,0,0,12,12,0,0
CARRIER_B,2025-07-10 14:00,BUSAN,40FT,0,0,0,0,12,12,0,0
CARRIER_B,2025-07-10 15:00,BUSAN,40FT,1,0,0,0,11,11,0,0
CARRIER_B,2025-07-10 16:00,BUSAN,40FT,1,0,0,0,10,10,0,0
CARRIER_B,2025-07-10 17:00,BUSAN,40FT,2,0,0,0,8,8,0,0
CARRIER_B,2025-07-10 18:00,BUSAN,40FT,0,0,0,0,8,8,0,0
CARRIER_B,2025-07-10 19:00,BUSAN,40FT,0,1,0,0,9,9,0,0
CARRIER_B,2025-07-10 20:00,BUSAN,40FT,0,1,0,0,10,10,0,0
CARRIER_B,2025-07-10 21:00,BUSAN,40FT,0,0,0,0,10,10,0,0
CARRIER_B,2025-07-10 22:00,BUSAN,40FT,0,0,0,0,10,10,0,0
CARRIER_B,2025-07-10 23:00,BUSAN,40FT,0,0,0,0,10,10,0,0
CARRIER_B,2025-07-11 00:00,BUSAN,40FT,0,0,0,0,10,10,0,0
CARRIER_B,2025-07-11 01:00,BUSAN,40FT,0,0,0,0,10,10,0,0
CARRIER_B,2025-07-11 02:00,BUSAN,40FT,0,0,0,0,10,10,0,0
CARRIER_B,2025-07-11 03:00,BUSAN,40FT,0,0,0,0,10,10,0,0
CARRIER_B,2025-07-11 04:00,BUSAN,40FT,0,0,0,0,10,10,0,0
CARRIER_B,2025-07-11 05:00,BUSAN,40FT,0,0,0,0,10,10,0,0
CARRIER_B,2025-07-11 06:00,BUSAN,40FT,0,0,0,0,10,10,0,0
CARRIER_B,2025-07-11 07:00,BUSAN,40FT,1,0,0,0,9,9,0,0
CARRIER_B,2025-07-11 08:00,BUSAN,40FT,0,0,0,0,9,9,0,0
CARRIER_B,2025-07-11 09:00,BUSAN,40FT,1,1,0,0,9,9,0,0
CARRIER_B,2025-07-11 10:00,BUSAN,40FT,1,1,0,0,9,9,0,0
CARRIER_B,2025-07-11 11:00,BUSAN,40FT,0,0,0,0,9,9,0,0
CARRIER_B,2025-07-11 12:00,BUSAN,40FT,0,0,0,0,9,9,0,0
CARRIER_B,2025-07-11 13:00,BUSAN,40FT,1,0,0,0,8,8,0,0
CARRIER_B,2025-07-11 14:00,BUSAN,40FT,2,0,0,0,6,6,0,0
CARRIER_B,2025-07-11 15:00,BUSAN,40FT,0,0,0,0,6,6,0,0
CARRIER_B,2025-07-11 16:00,BUSAN,40FT,0,0,0,0,6,6,0,0
CARRIER_B,2025-07-11 17:00,BUSAN,40FT,1,0,0,0,5,5,0,0
CARRIER_B,2025-07-11 18:00,BUSAN,40FT,2,0,0,0,3,3,0,0
CARRIER_B,2025-07-11 19:00,BUSAN,40FT,0,0,0,0,3,3,0,0
CARRIER_B,2025-07-11 20:00,BUSAN,40FT,0,0,0,0,3,3,0,0
CARRIER_B,2025-07-11 21:00,BUSAN,40FT,0,0,0,0,3,3,0,0
CARRIER_B,2025-07-11 22:00,BUSAN,40FT,0,0,0,0,3,3,0,0
CARRIER_B,2025-07-11 23:00,BUSAN,40FT,0,0,0,0,3,3,0,0
CARRIER_B,2025-07-12 00:00,BUSAN,40FT,0,2,0,0,5,5,0,0
CARRIER_B,2025-07-12 01:00,BUSAN,40FT,0,0,0,0,5,5,0,0
CARRIER_B,2025-07-12 02:00,BUSAN,40FT,0,0,0,0,5,5,0,0
CARRIER_B,2025-07-12 03:00,BUSAN,40FT,0,0,0,0,5,5,0,0
CARRIER_B,2025-07-12 04:00,BUSAN,40FT,0,0,0,0,5,5,0,0
CARRIER_B,2025-07-12 05:00,BUSAN,40FT,0,0,0,0,5,5,0,0
CARRIER_B,2025-07-12 06:00,BUSAN,40FT,0,0,0,0,5,5,0,0
CARRIER_B,2025-07-12 07:00,BUSAN,40FT,0,0,0,0,5,5,0,0
CARRIER_B,2025-07-12 08:00,BUSAN,40FT,0,0,0,0,5,5,0,0
CARRIER_B,2025-07-12 09:00,BUSAN,40FT,0,1,0,0,6,6,0,0
CARRIER_B,2025-07-12 10:00,BUSAN,40FT,1,1,0,0,6,6,0,0
CARRIER_B,2025-07-12 11:00,BUSAN,40FT,0,0,0,0,6,6,0,0
CARRIER_B,2025-07-12 12:00,BUSAN,40FT,0,0,0,0,6,6,0,0
CARRIER_B,2025-07-12 13:00,BUSAN,40FT,0,1,0,0,7,7,0,0
CARRIER_B,2025-07-12 14:00,BUSAN,40FT,1,0,0,0,6,6,0,0
CARRIER_B,2025-07-12 15:00,BUSAN,40FT,2,0,0,0,4,4,0,0
CARRIER_B,2025-07-12 16:00,BUSAN,40FT,2,0,0,0,2,2,0,0
CARRIER_B,2025-07-12 17:00,BUSAN,40FT,0,0,0,0,2,2,0,0
CARRIER_B,2025-07-12 18:00,BUSAN,40FT,0,0,0,0,2,2,0,0
CARRIER_B,2025-07-12 19:00,BUSAN,40FT,0,0,0,0,2,2,0,0
CARRIER_B,2025-07-12 20:00,BUSAN,40FT,0,0,0,0,2,2,0,0
CARRIER_B,2025-07-12 21:00,BUSAN,40FT,0,0,0,0,2,2,0,0
CARRIER_B,2025-07-12 22:00,BUSAN,40FT,0,0,0,0,2,2,0,0
CARRIER_B,2025-07-12 23:00,BUSAN,40FT,0,12,0,0,14,14,0,0
CARRIER_B,2025-07-13 00:00,BUSAN,40FT,0,0,0,0,14,14,0,0
CARRIER_B,2025-07-13 01:00,BUSAN,40FT,0,0,0,0,14,14,0,0
CARRIER_B,2025-07-13 02:00,BUSAN,40FT,0,0,0,0,14,14,0,0
CARRIER_B,2025-07-13 03:00,BUSAN,40FT,0,0,0,0,14,14,0,0
CARRIER_B,2025-07-13 04:00,BUSAN,40FT,0,0,0,0,14,14,0,0
CARRIER_B,2025-07-13 05:00,BUSAN,40FT,0,0,0,0,14,14,0,0
CARRIER_B,2025-07-13 06:00,BUSAN,40FT,0,0,0,0,14,14,0,0
CARRIER_B,2025-07-13 07:00,BUSAN,40FT,0,0,0,0,14,14,0,0
CARRIER_B,2025-07-13 08:00,BUSAN,40FT,0,0,0,0,14,14,0,0
CARRIER_B,2025-07-13 09:00,BUSAN,40FT,2,0,0,0,12,12,0,0
CARRIER_B,2025-07-13 10:00,BUSAN,40FT,1,0,0,0,11,11,0,0
CARRIER_B,2025-07-13 11:00,BUSAN,40FT,0,0,0,0,11,11,0,0
CARRIER_B,2025-07-13 12:00,BUSAN,40FT,0,0,0,0,11,11,0,0
CARRIER_B,2025-07-13 13:00,BUSAN,40FT,0,0,0,0,11,11,0,0
CARRIER_B,2025-07-13 14:00,BUSAN,40FT,0,0,0,0,11,11,0,0
CARRIER_B,2025-07-13 15:00,BUSAN,40FT,0,0,0,0,11,11,0,0
CARRIER_B,2025-07-13 16:00,BUSAN,40FT,0,0,0,0,11,11,0,0
CARRIER_B,2025-07-13 17:00,BUSAN,40FT,0,1,0,0,12,12,0,0
CARRIER_B,2025-07-13 18:00,BUSAN,40FT,0,1,0,0,13,13,0,0
CARRIER_B,2025-07-13 19:00,BUSAN,40FT,0,0,0,0,13,13,0,0
CARRIER_B,2025-07-13 20:00,BUSAN,40FT,0,0,0,0,13,13,0,0
CARRIER_B,2025-07-13 21:00,BUSAN,40FT,0,0,0,0,13,13,0,0
CARRIER_B,2025-07-13 22:00,BUSAN,40FT,0,0,0,0,13,13,0,0
CARRIER_B,2025-07-13 23:00,BUSAN,40FT,0,0,0,0,13,13,0,0
CARRIER_B,2025-07-14 00:00,BUSAN,40FT,0,0,0,0,13,13,0,0
CARRIER_B,2025-07-14 01:00,BUSAN,40FT,0,0,0,0,13,13,0,0
CARRIER_B,2025-07-14 02:00,BUSAN,40FT,0,0,0,0,13,13,0,0
CARRIER_B,2025-07-14 03:00,BUSAN,40FT,0,0,0,0,13,13,0,0
CARRIER_B,2025-07-14 04:00,BUSAN,40FT,0,0,0,0,13,13,0,0
CARRIER_B,2025-07-14 05:00,BUSAN,40FT,0,0,0,0,13,13,0,0
CARRIER_B,2025-07-14 06:00,BUSAN,40FT,0,0,0,0,13,13,0,0
CARRIER_B,2025-07-14 07:00,BUSAN,40FT,0,0,0,0,13,13,0,0
CARRIER_B,2025-07-14 08:00,BUSAN,40FT,0,0,0,0,13,13,0,0
CARRIER_B,2025-07-14 09:00,BUSAN,40FT,0,0,0,0,13,13,0,0
CARRIER_B,2025-07-14 10:00,BUSAN,40FT,0,0,0,0,13,13,0,0
CARRIER_B,2025-07-14 11:00,BUSAN,40FT,0,0,0,0,13,13,0,0
CARRIER_B,2025-07-14 12:00,BUSAN,40FT,0,0,0,0,13,13,0,0
CARRIER_B,2025-07-14 13:00,BUSAN,40FT,0,1,0,0,14,14,0,0
CARRIER_B,2025-07-14 14:00,BUSAN,40FT,0,0,0,0,14,14,0,0
CARRIER_B,2025-07-14 15:00,BUSAN,40FT,0,0,0,0,14,14,0,0
CARRIER_B,2025-07-14 16:00,BUSAN,40FT,0,0,0,0,14,14,0,0
CARRIER_B,2025-07-14 17:00,BUSAN,40FT,0,0,0,0,14,14,0,0
CARRIER_B,2025-07-14 18:00,BUSAN,40FT,1,0,0,0,13,13,0,0
CARRIER_B,2025-07-14 19:00,BUSAN,40FT,0,0,0,0,13,13,0,0
CARRIER_B,2025-07-14 20:00,BUSAN,40FT,0,0,0,0,13,13,0,0
CARRIER_B,2025-07-14 21:00,BUSAN,40FT,0,0,0,0,13,13,0,0
CARRIER_B,2025-07-14 22:00,BUSAN,40FT,0,0,0,0,13,13,0,0
CARRIER_B,2025-07-14 23:00,BUSAN,40FT,0,0,0,0,13,13,0,0
CARRIER_B,2025-07-08 00:00,DONGSAN,20FT,0,0,0,0,0,0,0,0
CARRIER_B,2025-07-08 01:00,DONGSAN,20FT,0,0,0,0,0,0,0,0
CARRIER_B,2025-07-08 02:00,DONGSAN,20FT,0,0,0,0,0,0,0,0
CARRIER_B,2025-07-08 03:00,DONGSAN,20FT,0,0,0,0,0,0,0,0
CARRIER_B,2025-07-08 04:00,DONGSAN,20FT,0,0,0,0,0,0,0,0
CARRIER_B,2025-07-08 05:00,DONGSAN,20FT,0,0,0,0,0,0,0,0
CARRIER_B,2025-07-08 06:00,DONGSAN,20FT,0,0,0,0,0,0,0,0
CARRIER_B,2025-07-08 07:00,DONGSAN,20FT,0,0,0,0,0,0,0,0
CARRIER_B,2025-07-08 08:00,DONGSAN,20FT,0,0,0,0,0,0,0,0
CARRIER_B,2025-07-08 09:00,DONGSAN,20FT,0,0,0,0,0,0,0,0
CARRIER_B,2025-07-08 10:00,DONGSAN,20FT,0,0,0,0,0,0,0,0
CARRIER_B,2025-07-08 11:00,DONGSAN,20FT,0,0,0,0,0,0,0,0
CARRIER_B,2025-07-08 12:00,DONGSAN,20FT,0,0,0,0,0,0,0,0
CARRIER_B,2025-07-08 13:00,DONGSAN,20FT,0,0,0,0,0,0,0,0
CARRIER_B,2025-07-08 14:00,DONGSAN,20FT,0,0,0,0,0,0,0,0
CARRIER_B,2025-07-08 15:00,DONGSAN,20FT,0,0,0,0,0,0,0,0
CARRIER_B,2025-07-08 16:00,DONGSAN,20FT,0,0,0,0,0,0,0,0
CARRIER_B,2025-07-08 17:00,DONGSAN,20FT,0,0,0,0,0,0,0,0
CARRIER_B,2025-07-08 18:00,DONGSAN,20FT,0,0,0,0,0,0,0,0
CARRIER_B,2025-07-08 19:00,DONGSAN,20FT,0,0,0,0,0,0,0,0
CARRIER_B,2025-07-08 20:00,DONGSAN,20FT,0,0,0,0,0,0,0,0
CARRIER_B,2025-07-08 21:00,DONGSAN,20FT,0,0,0,0,0,0,0,0
CARRIER_B,2025-07-08 22:00,DONGSAN,20FT,0,0,0,0,0,0,0,0
CARRIER_B,2025-07-08 23:00,DONGSAN,20FT,0,0,0,0,0,0,0,0
CARRIER_B,2025-07-09 00:00,DONGSAN,20FT,0,0,0,0,0,0,0,0
CARRIER_B,2025-07-09 01:00,DONGSAN,20FT,0,0,0,0,0,0,0,0
CARRIER_B,2025-07-09 02:00,DONGSAN,20FT,0,0,0,0,0,0,0,0
CARRIER_B,2025-07-09 03:00,DONGSAN,20FT,0,0,0,0,0,0,0,0
CARRIER_B,2025-07-09 04:00,DONGSAN,20FT,0,0,0,0,0,0,0,0
CARRIER_B,2025-07-09 05:00,DONGSAN,20FT,0,0,0,0,0,0,0,0
CARRIER_B,2025-07-09 06:00,DONGSAN,20FT,0,0,0,0,0,0,0,0
CARRIER_B,2025-07-09 07:00,DONGSAN,20FT,0,0,0,0,0,0,0,0
CARRIER_B,2025-07-09 08:00,DONGSAN,20FT,0,0,0,0,0,0,0,0
CARRIER_B,2025-07-09 09:00,DONGSAN,20FT,0,0,0,0,0,0,0,0
CARRIER_B,2025-07-09 10:00,DONGSAN,20FT,0,0,0,0,0,0,0,0
CARRIER_B,2025-07-09 11:00,DONGSAN,20FT,0,0,0,0,0,0,0,0
CARRIER_B,2025-07-09 12:00,DONGSAN,20FT,0,0,0,0,0,0,0,0
CARRIER_B,2025-07-09 13:00,DONGSAN,20FT,0,0,0,0,0,0,0,0
CARRIER_B,2025-07-09 14:00,DONGSAN,20FT,0,0,0,0,0,0,0,0
CARRIER_B,2025-07-09 15:00,DONGSAN,20FT,0,0,0,0,0,0,0,0
CARRIER_B,2025-07-09 16:00,DONGSAN,20FT,0,0,0,0,0,0,0,0
CARRIER_B,2025-07-09 17:00,DONGSAN,20FT,0,0,0,0,0,0,0,0
CARRIER_B,2025-07-09 18:00,DONGSAN,20FT,0,0,0,0,0,0,0,0
CARRIER_B,2025-07-09 19:00,DONGSAN,20FT,0,0,0,0,0,0,0,0
CARRIER_B,2025-07-09 20:00,DONGSAN,20FT,0,0,0,0,0,0,0,0
CARRIER_B,2025-07-09 21:00,DONGSAN,20FT,0,0,0,0,0,0,0,0
CARRIER_B,2025-07-09 22:00,DONGSAN,20FT,0,0,0,0,0,0,0,0
CARRIER_B,2025-07-09 23:00,DONGSAN,20FT,0,0,0,0,0,0,0,0
CARRIER_B,2025-07-10 00:00,DONGSAN,20FT,0,0,0,0,0,0,0,0
CARRIER_B,2025-07-10 01:00,DONGSAN,20FT,0,0,0,0,0,0,0,0
CARRIER_B,2025-07-10 02:00,DONGSAN,20FT,0,0,0,0,0,0,0,0
CARRIER_B,2025-07-10 03:00,DONGSAN,20FT,0,0,0,0,0,0,0,0
CARRIER_B,2025-07-10 04:00,DONGSAN,20FT,0,0,0,0,0,0,0,0
CARRIER_B,2025-07-10 05:00,DONGSAN,20FT,0,0,0,0,0,0,0,0
CARRIER_B,2025-07-10 06:00,DONGSAN,20FT,0,0,0,0,0,0,0,0
CARRIER_B,2025-07-10 07:00,DONGSAN,20FT,0,0,0,0,0,0,0,0
CARRIER_B,2025-07-10 08:00,DONGSAN,20FT,0,0,0,0,0,0,0,0
CARRIER_B,2025-07-10 09:00,DONGSAN,20FT,0,0,0,0,0,0,0,0
CARRIER_B,2025-07-10 10:00,DONGSAN,20FT,0,0,0,0,0,0,0,0
CARRIER_B,2025-07-10 11:00,DONGSAN,20FT,0,0,0,0,0,0,0,0
CARRIER_B,2025-07-10 12:00,DONGSAN,20FT,0,0,0,0,0,0,0,0
CARRIER_B,2025-07-10 13:00,DONGSAN,20FT,0,0,0,0,0,0,0,0
CARRIER_B,2025-07-10 14:00,DONGSAN,20FT,0,0,0,0,0,0,0,0
CARRIER_B,2025-07-10 15:00,DONGSAN,20FT,0,0,0,0,0,0,0,0
CARRIER_B,2025-07-10 16:00,DONGSAN,20FT,0,0,0,0,0,0,0,0
CARRIER_B,2025-07-10 17:00,DONGSAN,20FT,0,0,0,0,0,0,0,0
CARRIER_B,2025-07-10 18:00,DONGSAN,20FT,0,0,0,0,0,0,0,0
CARRIER_B,2025-07-10 19:00,DONGSAN,20FT,0,0,0,0,0,0,0,0
CARRIER_B,2025-07-10 20:00,DONGSAN,20FT,0,0,0,0,0,0,0,0
CARRIER_B,2025-07-10 21:00,DONGSAN,20FT,0,0,0,0,0,0,0,0
CARRIER_B,2025-07-10 22:00,DONGSAN,20FT,0,0,0,0,0,0,0,0
CARRIER_B,2025-07-10 23:00,DONGSAN,20FT,0,0,0,0,0,0,0,0
CARRIER_B,2025-07-11 00:00,DONGSAN,20FT,0,0,0,0,0,0,0,0
CARRIER_B,2025-07-11 01:00,DONGSAN,20FT,0,0,0,0,0,0,0,0
CARRIER_B,2025-07-11 02:00,DONGSAN,20FT,0,0,0,0,0,0,0,0
CARRIER_B,2025-07-11 03:00,DONGSAN,20FT,0,0,0,0,0,0,0,0
CARRIER_B,2025-07-11 04:00,DONGSAN,20FT,0,0,0,0,0,0,0,0
CARRIER_B,2025-07-11 05:00,DONGSAN,20FT,0,0,0,0,0,0,0,0
CARRIER_B,2025-07-11 06:00,DONGSAN,20FT,0,0,0,0,0,0,0,0
CARRIER_B,2025-07-11 07:00,DONGSAN,20FT,0,0,0,0,0,0,0,0
CARRIER_B,2025-07-11 08:00,DONGSAN,20FT,0,0,0,0,0,0,0,0
CARRIER_B,2025-07-11 09:00,DONGSAN,20FT,0,0,0,0,0,0,0,0
CARRIER_B,2025-07-11 10:00,DONGSAN,20FT,0,0,0,0,0,0,0,0
CARRIER_B,2025-07-11 11:00,DONGSAN,20FT,0,0,0,0,0,0,0,0
CARRIER_B,2025-07-11 12:00,DONGSAN,20FT,0,1,0,0,1,1,0,0
CARRIER_B,2025-07-11 13:00,DONGSAN,20FT,0,0,0,0,1,1,0,0
CARRIER_B,2025-07-11 14:00,DONGSAN,20FT,0,0,0,0,1,1,0,0
CARRIER_B,2025-07-11 15:00,DONGSAN,20FT,0,0,0,0,1,1,0,0
CARRIER_B,2025-07-11 16:00,DONGSAN,20FT,0,0,0,0,1,1,0,0
CARRIER_B,2025-07-11 17:00,DONGSAN,20FT,0,0,0,0,1,1,0,0
CARRIER_B,2025-07-11 18:00,DONGSAN,20FT,0,0,0,0,1,1,0,0
CARRIER_B,2025-07-11 19:00,DONGSAN,20FT,0,0,0,0,1,1,0,0
CARRIER_B,2025-07-11 20:00,DONGSAN,20FT,0,0,0,0,1,1,0,0
CARRIER_B,2025-07-11 21:00,DONGSAN,20FT,0,0,0,0,1,1,0,0
CARRIER_B,2025-07-11 22:00,DONGSAN,20FT,0,0,0,0,1,1,0,0
CARRIER_B,2025-07-11 23:00,DONGSAN,20FT,0,0,0,0,1,1,0,0
CARRIER_B,2025-07-12 00:00,DONGSAN,20FT,0,0,0,0,1,1,0,0
CARRIER_B,2025-07-12 01:00,DONGSAN,20FT,0,0,0,0,1,1,0,0
CARRIER_B,2025-07-12 02:00,DONGSAN,20FT,0,0,0,0,1,1,0,0
CARRIER_B,2025-07-12 03:00,DONGSAN,20FT,0,0,0,0,1,1,0,0
CARRIER_B,2025-07-12 04:00,DONGSAN,20FT,0,0,0,0,1,1,0,0
CARRIER_B,2025-07-12 05:00,DONGSAN,20FT,0,0,0,0,1,1,0,0
CARRIER_B,2025-07-12 06:00,DONGSAN,20FT,0,0,0,0,1,1,0,0
CARRIER_B,2025-07-12 07:00,DONGSAN,20FT,0,0,0,0,1,1,0,0
CARRIER_B,2025-07-12 08:00,DONGSAN,20FT,0,0,0,0,1,1,0,0
CARRIER_B,2025-07-12 09:00,DONGSAN,20FT,0,0,0,0,1,1,0,0
CARRIER_B,2025-07-12 10:00,DONGSAN,20FT,0,0,0,0,1,1,0,0
CARRIER_B,2025-07-12 11:00,DONGSAN,20FT,0,0,0,0,1,1,0,0
CARRIER_B,2025-07-12 12:00,DONGSAN,20FT,0,0,0,0,1,1,0,0
CARRIER_B,2025-07-12 13:00,DONGSAN,20FT,0,0,0,0,1,1,0,0
CARRIER_B,2025-07-12 14:00,DONGSAN,20FT,0,0,0,0,1,1,0,0
CARRIER_B,2025-07-12 15:00,DONGSAN,20FT,0,0,0,0,1,1,0,0
CARRIER_B,2025-07-12 16:00,DONGSAN,20FT,0,0,0,0,1,1,0,0
CARRIER_B,2025-07-12 17:00,DONGSAN,20FT,0,0,0,0,1,1,0,0
CARRIER_B,2025-07-12 18:00,DONGSAN,20FT,0,0,0,0,1,1,0,0
CARRIER_B,2025-07-12 19:00,DONGSAN,20FT,0,0,0,0,1,1,0,0
CARRIER_B,2025-07-12 20:00,DONGSAN,20FT,0,0,0,0,1,1,0,0
CARRIER_B,2025-07-12 21:00,DONGSAN,20FT,0,0,0,0,1,1,0,0
CARRIER_B,2025-07-12 22:00,DONGSAN,20FT,0,0,0,0,1,1,0,0
CARRIER_B,2025-07-12 23:00,DONGSAN,20FT,0,0,0,0,1,1,0,0
CARRIER_B,2025-07-13 00:00,DONGSAN,20FT,0,0,0,0,1,1,0,0
CARRIER_B,2025-07-13 01:00,DONGSAN,20FT,0,0,0,0,1,1,0,0
CARRIER_B,2025-07-13 02:00,DONGSAN,20FT,0,0,0,0,1,1,0,0
CARRIER_B,2025-07-13 03:00,DONGSAN,20FT,0,0,0,0,1,1,0,0
CARRIER_B,2025-07-13 04:00,DONGSAN,20FT,0,0,0,0,1,1,0,0
CARRIER_B,2025-07-13 05:00,DONGSAN,20FT,0,0,0,0,1,1,0,0
CARRIER_B,2025-07-13 06:00,DONGSAN,20FT,0,0,0,0,1,1,0,0
CARRIER_B,2025-07-13 07:00,DONGSAN,20FT,0,0,0,0,1,1,0,0
CARRIER_B,2025-07-13 08:00,DONGSAN,20FT,0,0,0,0,1,1,0,0
CARRIER_B,2025-07-13 09:00,DONGSAN,20FT,0,0,0,0,1,1,0,0
CARRIER_B,2025-07-13 10:00,DONGSAN,20FT,0,0,0,0,1,1,0,0
CARRIER_B,2025-07-13 11:00,DONGSAN,20FT,0,0,0,0,1,1,0,0
CARRIER_B,2025-07-13 12:00,DONGSAN,20FT,0,0,0,0,1,1,0,0
CARRIER_B,2025-07-13 13:00,DONGSAN,20FT,0,0,0,0,1,1,0,0
CARRIER_B,2025-07-13 14:00,DONGSAN,20FT,0,0,0,0,1,1,0,0
CARRIER_B,2025-07-13 15:00,DONGSAN,20FT,0,0,0,0,1,1,0,0
CARRIER_B,2025-07-13 16:00,DONGSAN,20FT,0,0,0,0,1,1,0,0
CARRIER_B,2025-07-13 17:00,DONGSAN,20FT,0,0,0,0,1,1,0,0
CARRIER_B,2025-07-13 18:00,DONGSAN,20FT,0,0,0,0,1,1,0,0
CARRIER_B,2025-07-13 19:00,DONGSAN,20FT,0,0,0,0,1,1,0,0
CARRIER_B,2025-07-13 20:00,DONGSAN,20FT,0,0,0,0,1,1,0,0
CARRIER_B,2025-07-13 21:00,DONGSAN,20FT,0,0,0,0,1,1,0,0
CARRIER_B,2025-07-13 22:00,DONGSAN,20FT,0,0,0,0,1,1,0,0
CARRIER_B,2025-07-13 23:00,DONGSAN,20FT,0,0,0,0,1,1,0,0
CARRIER_B,2025-07-14 00:00,DONGSAN,20FT,0,0,0,0,1,1,0,0
CARRIER_B,2025-07-14 01:00,DONGSAN,20FT,0,0,0,0,1,1,0,0
CARRIER_B,2025-07-14 02:00,DONGSAN,20FT,0,0,0,0,1,1,0,0
CARRIER_B,2025-07-14 03:00,DONGSAN,20FT,0,0,0,0,1,1,0,0
CARRIER_B,2025-07-14 04:00,DONGSAN,20FT,0,0,0,0,1,1,0,0
CARRIER_B,2025-07-14 05:00,DONGSAN,20FT,0,0,0,0,1,1,0,0
CARRIER_B,2025-07-14 06:00,DONGSAN,20FT,0,0,0,0,1,1,0,0
CARRIER_B,2025-07-14 07:00,DONGSAN,20FT,0,0,0,0,1,1,0,0
CARRIER_B,2025-07-14 08:00,DONGSAN,20FT,0,0,0,0,1,1,0,0
CARRIER_B,2025-07-14 09:00,DONGSAN,20FT,0,0,0,0,1,1,0,0
CARRIER_B,2025-07-14 10:00,DONGSAN,20FT,0,0,0,0,1,1,0,0
CARRIER_B,2025-07-14 11:00,DONGSAN,20FT,0,0,0,0,1,1,0,0
CARRIER_B,2025-07-14 12:00,DONGSAN,20FT,0,0,0,0,1,1,0,0
CARRIER_B,2025-07-14 13:00,DONGSAN,20FT,0,0,0,0,1,1,0,0
CARRIER_B,2025-07-14 14:00,DONGSAN,20FT,0,0,0,0,1,1,0,0
CARRIER_B,2025-07-14 15:00,DONGSAN,20FT,0,0,0,0,1,1,0,0
CARRIER_B,2025-07-14 16:00,DONGSAN,20FT,0,0,0,0,1,1,0,0
CARRIER_B,2025-07-14 17:00,DONGSAN,20FT,0,0,0,0,1,1,0,0
CARRIER_B,2025-07-14 18:00,DONGSAN,20FT,0,0,0,0,1,1,0,0
CARRIER_B,2025-07-14 19:00,DONGSAN,20FT,0,0,0,0,1,1,0,0
CARRIER_B,2025-07-14 20:00,DONGSAN,20FT,0,0,0,0,1,1,0,0
CARRIER_B,2025-07-14 21:00,DONGSAN,20FT,0,0,0,0,1,1,0,0
CARRIER_B,2025-07-14 22:00,DONGSAN,20FT,0,0,0,0,1,1,0,0
CARRIER_B,2025-07-14 23:00,DONGSAN,20FT,0,0,0,0,1,1,0,0
CARRIER_B,2025-07-08 00:00,DONGSAN,40FT,0,0,0,0,0,0,0,0
CARRIER_B,2025-07-08 01:00,DONGSAN,40FT,0,0,0,0,0,0,0,0
CARRIER_B,2025-07-08 02:00,DONGSAN,40FT,0,0,0,0,0,0,0,0
CARRIER_B,2025-07-08 03:00,DONGSAN,40FT,0,0,0,0,0,0,0,0
CARRIER_B,2025-07-08 04:00,DONGSAN,40FT,0,0,0,0,0,0,0,0
CARRIER_B,2025-07-08 05:00,DONGSAN,40FT,0,0,0,0,0,0,0,0
CARRIER_B,2025-07-08 06:00,DONGSAN,40FT,0,0,0,0,0,0,0,0
CARRIER_B,2025-07-08 07:00,DONGSAN,40FT,0,0,0,0,0,0,0,0
CARRIER_B,2025-07-08 08:00,DONGSAN,40FT,0,0,0,0,0,0,0,0
CARRIER_B,2025-07-08 09:00,DONGSAN,40FT,0,0,0,0,0,0,0,0
CARRIER_B,2025-07-08 10:00,DONGSAN,40FT,0,0,0,0,0,0,0,0
CARRIER_B,2025-07-08 11:00,DONGSAN,40FT,0,1,0,0,1,1,0,0
CARRIER_B,2025-07-08 12:00,DONGSAN,40FT,0,0,0,0,1,1,0,0
CARRIER_B,2025-07-08 13:00,DONGSAN,40FT,0,0,0,0,1,1,0,0
CARRIER_B,2025-07-08 14:00,DONGSAN,40FT,0,0,0,0,1,1,0,0
CARRIER_B,2025-07-08 15:00,DONGSAN,40FT,0,0,0,0,1,1,0,0
CARRIER_B,2025-07-08 16:00,DONGSAN,40FT,0,0,0,0,1,1,0,0
CARRIER_B,2025-07-08 17:00,DONGSAN,40FT,0,0,0,0,1,1,0,0
CARRIER_B,2025-07-08 18:00,DONGSAN,40FT,0,0,0,0,1,1,0,0
CARRIER_B,2025-07-08 19:00,DONGSAN,40FT,0,0,0,0,1,1,0,0
CARRIER_B,2025-07-08 20:00,DONGSAN,40FT,0,0,0,0,1,1,0,0
CARRIER_B,2025-07-08 21:00,DONGSAN,40FT,0,0,0,0,1,1,0,0
CARRIER_B,2025-07-08 22:00,DONGSAN,40FT,0,0,0,0,1,1,0,0
CARRIER_B,2025-07-08 23:00,DONGSAN,40FT,0,0,0,0,1,1,0,0
CARRIER_B,2025-07-09 00:00,DONGSAN,40FT,0,0,0,0,1,1,0,0
CARRIER_B,2025-07-09 01:00,DONGSAN,40FT,0,0,0,0,1,1,0,0
CARRIER_B,2025-07-09 02:00,DONGSAN,40FT,0,0,0,0,1,1,0,0
CARRIER_B,2025-07-09 03:00,DONGSAN,40FT,0,0,0,0,1,1,0,0
CARRIER_B,2025-07-09 04:00,DONGSAN,40FT,0,0,0,0,1,1,0,0
CARRIER_B,2025-07-09 05:00,DONGSAN,40FT,0,0,0,0,1,1,0,0
CARRIER_B,2025-07-09 06:00,DONGSAN,40FT,0,0,0,0,1,1,0,0
CARRIER_B,2025-07-09 07:00,DONGSAN,40FT,0,0,0,0,1,1,0,0
CARRIER_B,2025-07-09 08:00,DONGSAN,40FT,0,0,0,0,1,1,0,0
CARRIER_B,2025-07-09 09:00,DONGSAN,40FT,0,0,0,0,1,1,0,0
CARRIER_B,2025-07-09 10:00,DONGSAN,40FT,0,0,0,0,1,1,0,0
CARRIER_B,2025-07-09 11:00,DONGSAN,40FT,0,0,0,0,1,1,0,0
CARRIER_B,2025-07-09 12:00,DONGSAN,40FT,0,0,0,0,1,1,0,0
CARRIER_B,2025-07-09 13:00,DONGSAN,40FT,0,0,0,0,1,1,0,0
CARRIER_B,2025-07-09 14:00,DONGSAN,40FT,0,0,0,0,1,1,0,0
CARRIER_B,2025-07-09 15:00,DONGSAN,40FT,0,0,0,0,1,1,0,0
CARRIER_B,2025-07-09 16:00,DONGSAN,40FT,0,0,0,0,1,1,0,0
CARRIER_B,2025-07-09 17:00,DONGSAN,40FT,0,0,0,0,1,1,0,0
CARRIER_B,2025-07-09 18:00,DONGSAN,40FT,0,0,0,0,1,1,0,0
CARRIER_B,2025-07-09 19:00,DONGSAN,40FT,0,0,0,0,1,1,0,0
CARRIER_B,2025-07-09 20:00,DONGSAN,40FT,0,0,0,0,1,1,0,0
CARRIER_B,2025-07-09 21:00,DONGSAN,40FT,0,0,0,0,1,1,0,0
CARRIER_B,2025-07-09 22:00,DONGSAN,40FT,0,0,0,0,1,1,0,0
CARRIER_B,2025-07-09 23:00,DONGSAN,40FT,0,0,0,0,1,1,0,0
CARRIER_B,2025-07-10 00:00,DONGSAN,40FT,0,0,0,0,1,1,0,0
CARRIER_B,2025-07-10 01:00,DONGSAN,40FT,0,0,0,0,1,1,0,0
CARRIER_B,2025-07-10 02:00,DONGSAN,40FT,0,0,0,0,1,1,0,0
CARRIER_B,2025-07-10 03:00,DONGSAN,40FT,0,0,0,0,1,1,0,0
CARRIER_B,2025-07-10 04:00,DONGSAN,40FT,0,0,0,0,1,1,0,0
CARRIER_B,2025-07-10 05:00,DONGSAN,40FT,0,0,0,0,1,1,0,0
CARRIER_B,2025-07-10 06:00,DONGSAN,40FT,0,0,0,0,1,1,0,0
CARRIER_B,2025-07-10 07:00,DONGSAN,40FT,0,0,0,0,1,1,0,0
CARRIER_B,2025-07-10 08:00,DONGSAN,40FT,0,0,0,0,1,1,0,0
CARRIER_B,2025-07-10 09:00,DONGSAN,40FT,0,0,0,0,1,1,0,0
CARRIER_B,2025-07-10 10:00,DONGSAN,40FT,0,0,0,0,1,1,0,0
CARRIER_B,2025-07-10 11:00,DONGSAN,40FT,0,0,0,0,1,1,0,0
CARRIER_B,2025-07-10 12:00,DONGSAN,40FT,0,0,0,0,1,1,0,0
CARRIER_B,2025-07-10 13:00,DONGSAN,40FT,0,0,0,0,1,1,0,0
CARRIER_B,2025-07-10 14:00,DONGSAN,40FT,0,0,0,0,1,1,0,0
CARRIER_B,2025-07-10 15:00,DONGSAN,40FT,0,0,0,0,1,1,0,0
CARRIER_B,2025-07-10 16:00,DONGSAN,40FT,0,0,0,0,1,1,0,0
CARRIER_B,2025-07-10 17:00,DONGSAN,40FT,0,0,0,0,1,1,0,0
CARRIER_B,2025-07-10 18:00,DONGSAN,40FT,0,0,0,0,1,1,0,0
CARRIER_B,2025-07-10 19:00,DONGSAN,40FT,0,0,0,0,1,1,0,0
CARRIER_B,2025-07-10 20:00,DONGSAN,40FT,0,0,0,0,1,1,0,0
CARRIER_B,2025-07-10 21:00,DONGSAN,40FT,0,0,0,0,1,1,0,0
CARRIER_B,2025-07-10 22:00,DONGSAN,40FT,0,0,0,0,1,1,0,0
CARRIER_B,2025-07-10 23:00,DONGSAN,40FT,0,0,0,0,1,1,0,0
CARRIER_B,2025-07-11 00:00,DONGSAN,40FT,0,0,0,0,1,1,0,0
CARRIER_B,2025-07-11 01:00,DONGSAN,40FT,0,0,0,0,1,1,0,0
CARRIER_B,2025-07-11 02:00,DONGSAN,40FT,0,0,0,0,1,1,0,0
CARRIER_B,2025-07-11 03:00,DONGSAN,40FT,0,0,0,0,1,1,0,0
CARRIER_B,2025-07-11 04:00,DONGSAN,40FT,0,0,0,0,1,1,0,0
CARRIER_B,2025-07-11 05:00,DONGSAN,40FT,0,0,0,0,1,1,0,0
CARRIER_B,2025-07-11 06:00,DONGSAN,40FT,0,0,0,0,1,1,0,0
CARRIER_B,2025-07-11 07:00,DONGSAN,40FT,0,0,0,0,1,1,0,0
CARRIER_B,2025-07-11 08:00,DONGSAN,40FT,0,0,0,0,1,1,0,0
CARRIER_B,2025-07-11 09:00,DONGSAN,40FT,0,0,0,0,1,1,0,0
CARRIER_B,2025-07-11 10:00,DONGSAN,40FT,0,0,0,0,1,1,0,0
CARRIER_B,2025-07-11 11:00,DONGSAN,40FT,0,0,0,0,1,1,0,0
CARRIER_B,2025-07-11 12:00,DONGSAN,40FT,0,0,0,0,1,1,0,0
CARRIER_B,2025-07-11 13:00,DONGSAN,40FT,0,0,0,0,1,1,0,0
CARRIER_B,2025-07-11 14:00,DONGSAN,40FT,0,0,0,0,1,1,0,0
CARRIER_B,2025-07-11 15:00,DONGSAN,40FT,0,0,0,0,1,1,0,0
CARRIER_B,2025-07-11 16:00,DONGSAN,40FT,0,0,0,0,1,1,0,0
CARRIER_B,2025-07-11 17:00,DONGSAN,40FT,0,0,0,0,1,1,0,0
CARRIER_B,2025-07-11 18:00,DONGSAN,40FT,0,0,0,0,1,1,0,0
CARRIER_B,2025-07-11 19:00,DONGSAN,40FT,0,0,0,0,1,1,0,0
CARRIER_B,2025-07-11 20:00,DONGSAN,40FT,0,0,0,0,1,1,0,0
CARRIER_B,2025-07-11 21:00,DONGSAN,40FT,0,0,0,0,1,1,0,0
CARRIER_B,2025-07-11 22:00,DONGSAN,40FT,0,0,0,0,1,1,0,0
CARRIER_B,2025-07-11 23:00,DONGSAN,40FT,0,0,0,0,1,1,0,0
CARRIER_B,2025-07-12 00:00,DONGSAN,40FT,0,0,0,0,1,1,0,0
CARRIER_B,2025-07-12 01:00,DONGSAN,40FT,0,0,0,0,1,1,0,0
CARRIER_B,2025-07-12 02:00,DONGSAN,40FT,0,0,0,0,1,1,0,0
CARRIER_B,2025-07-12 03:00,DONGSAN,40FT,0,0,0,0,1,1,0,0
CARRIER_B,2025-07-12 04:00,DONGSAN,40FT,0,0,0,0,1,1,0,0
CARRIER_B,2025-07-12 05:00,DONGSAN,40FT,0,0,0,0,1,1,0,0
CARRIER_B,2025-07-12 06:00,DONGSAN,40FT,0,0,0,0,1,1,0,0
CARRIER_B,2025-07-12 07:00,DONGSAN,40FT,0,0,0,0,1,1,0,0
CARRIER_B,2025-07-12 08:00,DONGSAN,40FT,0,0,0,0,1,1,0,0
CARRIER_B,2025-07-12 09:00,DONGSAN,40FT,0,0,0,0,1,1,0,0
CARRIER_B,2025-07-12 10:00,DONGSAN,40FT,0,0,0,0,1,1,0,0
CARRIER_B,2025-07-12 11:00,DONGSAN,40FT,0,0,0,0,1,1,0,0
CARRIER_B,2025-07-12 12:00,DONGSAN,40FT,0,0,0,0,1,1,0,0
CARRIER_B,2025-07-12 13:00,DONGSAN,40FT,0,0,0,0,1,1,0,0
CARRIER_B,2025-07-12 14:00,DONGSAN,40FT,0,0,0,0,1,1,0,0
CARRIER_B,2025-07-12 15:00,DONGSAN,40FT,0,0,0,0,1,1,0,0
CARRIER_B,2025-07-12 16:00,DONGSAN,40FT,0,0,0,0,1,1,0,0
CARRIER_B,2025-07-12 17:00,DONGSAN,40FT,0,0,0,0,1,1,0,0
CARRIER_B,2025-07-12 18:00,DONGSAN,40FT,0,0,0,0,1,1,0,0
CARRIER_B,2025-07-12 19:00,DONGSAN,40FT,0,0,0,0,1,1,0,0
CARRIER_B,2025-07-12 20:00,DONGSAN,40FT,0,0,0,0,1,1,0,0
CARRIER_B,2025-07-12 21:00,DONGSAN,40FT,0,0,0,0,1,1,0,0
CARRIER_B,2025-07-12 22:00,DONGSAN,40FT,0,0,0,0,1,1,0,0
CARRIER_B,2025-07-12 23:00,DONGSAN,40FT,0,0,0,0,1,1,0,0
CARRIER_B,2025-07-13 00:00,DONGSAN,40FT,0,0,0,0,1,1,0,0
CARRIER_B,2025-07-13 01:00,DONGSAN,40FT,0,0,0,0,1,1,0,0
CARRIER_B,2025-07-13 02:00,DONGSAN,40FT,0,0,0,0,1,1,0,0
CARRIER_B,2025-07-13 03:00,DONGSAN,40FT,0,0,0,0,1,1,0,0
CARRIER_B,2025-07-13 04:00,DONGSAN,40FT,0,0,0,0,1,1,0,0
CARRIER_B,2025-07-13 05:00,DONGSAN,40FT,0,0,0,0,1,1,0,0
CARRIER_B,2025-07-13 06:00,DONGSAN,40FT,0,0,0,0,1,1,0,0
CARRIER_B,2025-07-13 07:00,DONGSAN,40FT,0,0,0,0,1,1,0,0
CARRIER_B,2025-07-13 08:00,DONGSAN,40FT,0,0,0,0,1,1,0,0
CARRIER_B,2025-07-13 09:00,DONGSAN,40FT,0,0,0,0,1,1,0,0
CARRIER_B,2025-07-13 10:00,DONGSAN,40FT,0,0,0,0,1,1,0,0
CARRIER_B,2025-07-13 11:00,DONGSAN,40FT,0,0,0,0,1,1,0,0
CARRIER_B,2025-07-13 12:00,DONGSAN,40FT,0,0,0,0,1,1,0,0
CARRIER_B,2025-07-13 13:00,DONGSAN,40FT,0,0,0,0,1,1,0,0
CARRIER_B,2025-07-13 14:00,DONGSAN,40FT,0,0,0,0,1,1,0,0
CARRIER_B,2025-07-13 15:00,DONGSAN,40FT,0,0,0,0,1,1,0,0
CARRIER_B,2025-07-13 16:00,DONGSAN,40FT,0,0,0,0,1,1,0,0
CARRIER_B,2025-07-13 17:00,DONGSAN,40FT,0,0,0,0,1,1,0,0
CARRIER_B,2025-07-13 18:00,DONGSAN,40FT,0,0,0,0,1,1,0,0
CARRIER_B,2025-07-13 19:00,DONGSAN,40FT,0,0,0,0,1,1,0,0
CARRIER_B,2025-07-13 20:00,DONGSAN,40FT,0,0,0,0,1,1,0,0
CARRIER_B,2025-07-13 21:00,DONGSAN,40FT,0,0,0,0,1,1,0,0
CARRIER_B,2025-07-13 22:00,DONGSAN,40FT,0,0,0,0,1,1,0,0
CARRIER_B,2025-07-13 23:00,DONGSAN,40FT,0,0,0,0,1,1,0,0
CARRIER_B,2025-07-14 00:00,DONGSAN,40FT,0,0,0,0,1,1,0,0
CARRIER_B,2025-07-14 01:00,DONGSAN,40FT,0,0,0,0,1,1,0,0
CARRIER_B,2025-07-14 02:00,DONGSAN,40FT,0,0,0,0,1,1,0,0
CARRIER_B,2025-07-14 03:00,DONGSAN,40FT,0,0,0,0,1,1,0,0
CARRIER_B,2025-07-14 04:00,DONGSAN,40FT,0,0,0,0,1,1,0,0
CARRIER_B,2025-07-14 05:00,DONGSAN,40FT,0,0,0,0,1,1,0,0
CARRIER_B,2025-07-14 06:00,DONGSAN,40FT,1,0,0,0,0,0,0,0
CARRIER_B,2025-07-14 07:00,DONGSAN,40FT,0,0,0,0,0,0,0,0
CARRIER_B,2025-07-14 08:00,DONGSAN,40FT,0,0,0,0,0,0,0,0
CARRIER_B,2025-07-14 09:00,DONGSAN,40FT,0,0,0,0,0,0,0,0
CARRIER_B,2025-07-14 10:00,DONGSAN,40FT,0,0,0,0,0,0,0,0
CARRIER_B,2025-07-14 11:00,DONGSAN,40FT,0,0,0,0,0,0,0,0
CARRIER_B,2025-07-14 12:00,DONGSAN,40FT,0,0,0,0,0,0,0,0
CARRIER_B,2025-07-14 13:00,DONGSAN,40FT,0,0,0,0,0,0,0,0
CARRIER_B,2025-07-14 14:00,DONGSAN,40FT,0,0,0,0,0,0,0,0
CARRIER_B,2025-07-14 15:00,DONGSAN,40FT,0,0,0,0,0,0,0,0
CARRIER_B,2025-07-14 16:00,DONGSAN,40FT,0,0,0,0,0,0,0,0
CARRIER_B,2025-07-14 17:00,DONGSAN,40FT,0,0,0,0,0,0,0,0
CARRIER_B,2025-07-14 18:00,DONGSAN,40FT,0,0,0,0,0,0,0,0
CARRIER_B,2025-07-14 19:00,DONGSAN,40FT,0,0,0,0,0,0,0,0
CARRIER_B,2025-07-14 20:00,DONGSAN,40FT,0,0,0,0,0,0,0,0
CARRIER_B,2025-07-14 21:00,DONGSAN,40FT,0,0,0,0,0,0,0,0
CARRIER_B,2025-07-14 22:00,DONGSAN,40FT,0,0,0,0,0,0,0,0
CARRIER_B,2025-07-14 23:00,DONGSAN,40FT,0,0,0,0,0,0,0,0
CARRIER_B,2025-07-08 00:00,GWANGYANG,20FT,0,0,0,0,3,3,0,0
CARRIER_B,2025-07-08 01:00,GWANGYANG,20FT,0,0,0,0,3,3,0,0
CARRIER_B,2025-07-08 02:00,GWANGYANG,20FT,0,0,0,0,3,3,0,0
CARRIER_B,2025-07-08 03:00,GWANGYANG,20FT,0,0,0,0,3,3,0,0
CARRIER_B,2025-07-08 04:00,GWANGYANG,20FT,0,0,0,0,3,3,0,0
CARRIER_B,2025-07-08 05:00,GWANGYANG,20FT,0,0,0,0,3,3,0,0
CARRIER_B,2025-07-08 06:00,GWANGYANG,20FT,0,0,0,0,3,3,0,0
CARRIER_B,2025-07-08 07:00,GWANGYANG,20FT,0,1,0,0,4,4,0,0
CARRIER_B,2025-07-08 08:00,GWANGYANG,20FT,0,0,0,0,4,4,0,0
CARRIER_B,2025-07-08 09:00,GWANGYANG,20FT,0,0,0,0,4,4,0,0
CARRIER_B,2025-07-08 10:00,GWANGYANG,20FT,0,0,0,0,4,4,0,0
CARRIER_B,2025-07-08 11:00,GWANGYANG,20FT,0,0,0,0,4,4,0,0
CARRIER_B,2025-07-08 12:00,GWANGYANG,20FT,0,0,0,0,4,4,0,0
CARRIER_B,2025-07-08 13:00,GWANGYANG,20FT,0,0,0,0,4,4,0,0
CARRIER_B,2025-07-08 14:00,GWANGYANG,20FT,0,0,0,0,4,4,0,0
CARRIER_B,2025-07-08 15:00,GWANGYANG,20FT,0,1,0,0,5,5,0,0
CARRIER_B,2025-07-08 16:00,GWANGYANG,20FT,0,0,0,0,5,5,0,0
CARRIER_B,2025-07-08 17:00,GWANGYANG,20FT,0,0,0,0,5,5,0,0
CARRIER_B,2025-07-08 18:00,GWANGYANG,20FT,0,0,0,0,5,5,0,0
CARRIER_B,2025-07-08 19:00,GWANGYANG,20FT,0,0,0,0,5,5,0,0
CARRIER_B,2025-07-08 20:00,GWANGYANG,20FT,0,0,0,0,5,5,0,0
CARRIER_B,2025-07-08 21:00,GWANGYANG,20FT,0,0,0,0,5,5,0,0
CARRIER_B,2025-07-08 22:00,GWANGYANG,20FT,0,0,0,0,5,5,0,0
CARRIER_B,2025-07-08 23:00,GWANGYANG,20FT,0,0,0,0,5,5,0,0
CARRIER_B,2025-07-09 00:00,GWANGYANG,20FT,0,0,0,0,5,5,0,0
CARRIER_B,2025-07-09 01:00,GWANGYANG,20FT,0,0,0,0,5,5,0,0
CARRIER_B,2025-07-09 02:00,GWANGYANG,20FT,0,0,0,0,5,5,0,0
CARRIER_B,2025-07-09 03:00,GWANGYANG,20FT,0,0,0,0,5,5,0,0
CARRIER_B,2025-07-09 04:00,GWANGYANG,20FT,0,0,0,0,5,5,0,0
CARRIER_B,2025-07-09 05:00,GWANGYANG,20FT,0,0,0,0,5,5,0,0
CARRIER_B,2025-07-09 06:00,GWANGYANG,20FT,0,0,0,0,5,5,0,0
CARRIER_B,2025-07-09 07:00,GWANGYANG,20FT,0,0,0,0,5,5,0,0
CARRIER_B,2025-07-09 08:00,GWANGYANG,20FT,0,0,0,0,5,5,0,0
CARRIER_B,2025-07-09 09:00,GWANGYANG,20FT,0,0,0,0,5,5,0,0
CARRIER_B,2025-07-09 10:00,GWANGYANG,20FT,0,0,0,0,5,5,0,0
CARRIER_B,2025-07-09 11:00,GWANGYANG,20FT,0,0,0,0,5,5,0,0
CARRIER_B,2025-07-09 12:00,GWANGYANG,20FT,0,0,0,0,5,5,0,0
CARRIER_B,2025-07-09 13:00,GWANGYANG,20FT,1,1,0,0,5,5,0,0
CARRIER_B,2025-07-09 14:00,GWANGYANG,20FT,0,0,0,0,5,5,0,0
CARRIER_B,2025-07-09 15:00,GWANGYANG,20FT,0,0,0,0,5,5,0,0
CARRIER_B,2025-07-09 16:00,GWANGYANG,20FT,0,0,0,0,5,5,0,0
CARRIER_B,2025-07-09 17:00,GWANGYANG,20FT,1,0,0,0,4,4,0,0
CARRIER_B,2025-07-09 18:00,GWANGYANG,20FT,0,0,0,0,4,4,0,0
CARRIER_B,2025-07-09 19:00,GWANGYANG,20FT,0,0,0,0,4,4,0,0
CARRIER_B,2025-07-09 20:00,GWANGYANG,20FT,0,0,0,0,4,4,0,0
CARRIER_B,2025-07-09 21:00,GWANGYANG,20FT,0,0,0,0,4,4,0,0
CARRIER_B,2025-07-09 22:00,GWANGYANG,20FT,0,0,0,0,4,4,0,0
CARRIER_B,2025-07-09 23:00,GWANGYANG,20FT,0,0,0,0,4,4,0,0
CARRIER_B,2025-07-10 00:00,GWANGYANG,20FT,0,0,0,0,4,4,0,0
CARRIER_B,2025-07-10 01:00,GWANGYANG,20FT,0,0,0,0,4,4,0,0
CARRIER_B,2025-07-10 02:00,GWANGYANG,20FT,0,0,0,0,4,4,0,0
CARRIER_B,2025-07-10 03:00,GWANGYANG,20FT,0,0,0,0,4,4,0,0
CARRIER_B,2025-07-10 04:00,GWANGYANG,20FT,0,0,0,0,4,4,0,0
CARRIER_B,2025-07-10 05:00,GWANGYANG,20FT,0,0,0,0,4,4,0,0
CARRIER_B,2025-07-10 06:00,GWANGYANG,20FT,0,0,0,0,4,4,0,0
CARRIER_B,2025-07-10 07:00,GWANGYANG,20FT,0,0,0,0,4,4,0,0
CARRIER_B,2025-07-10 08:00,GWANGYANG,20FT,0,1,0,0,5,5,0,0
CARRIER_B,2025-07-10 09:00,GWANGYANG,20FT,0,0,0,0,5,5,0,0
CARRIER_B,2025-07-10 10:00,GWANGYANG,20FT,0,0,0,0,5,5,0,0
CARRIER_B,2025-07-10 11:00,GWANGYANG,20FT,0,0,0,0,5,5,0,0
CARRIER_B,2025-07-10 12:00,GWANGYANG,20FT,0,0,0,0,5,5,0,0
CARRIER_B,2025-07-10 13:00,GWANGYANG,20FT,0,0,0,0,5,5,0,0
CARRIER_B,2025-07-10 14:00,GWANGYANG,20FT,0,0,0,0,5,5,0,0
CARRIER_B,2025-07-10 15:00,GWANGYANG,20FT,0,0,0,0,5,5,0,0
CARRIER_B,2025-07-10 16:00,GWANGYANG,20FT,0,0,0,0,5,5,0,0
CARRIER_B,2025-07-10 17:00,GWANGYANG,20FT,0,0,0,0,5,5,0,0
CARRIER_B,2025-07-10 18:00,GWANGYANG,20FT,0,0,0,0,5,5,0,0
CARRIER_B,2025-07-10 19:00,GWANGYANG,20FT,1,0,0,0,4,4,0,0
CARRIER_B,2025-07-10 20:00,GWANGYANG,20FT,0,0,0,0,4,4,0,0
CARRIER_B,2025-07-10 21:00,GWANGYANG,20FT,0,0,0,0,4,4,0,0
CARRIER_B,2025-07-10 22:00,GWANGYANG,20FT,0,0,0,0,4,4,0,0
CARRIER_B,2025-07-10 23:00,GWANGYANG,20FT,0,0,0,0,4,4,0,0
CARRIER_B,2025-07-11 00:00,GWANGYANG,20FT,0,0,0,0,4,4,0,0
CARRIER_B,2025-07-11 01:00,GWANGYANG,20FT,0,0,0,0,4,4,0,0
CARRIER_B,2025-07-11 02:00,GWANGYANG,20FT,0,0,0,0,4,4,0,0
CARRIER_B,2025-07-11 03:00,GWANGYANG,20FT,0,0,0,0,4,4,0,0
CARRIER_B,2025-07-11 04:00,GWANGYANG,20FT,0,0,0,0,4,4,0,0
CARRIER_B,2025-07-11 05:00,GWANGYANG,20FT,0,0,0,0,4,4,0,0
CARRIER_B,2025-07-11 06:00,GWANGYANG,20FT,0,0,0,0,4,4,0,0
CARRIER_B,2025-07-11 07:00,GWANGYANG,20FT,1,0,0,0,3,3,0,0
CARRIER_B,2025-07-11 08:00,GWANGYANG,20FT,0,0,0,0,3,3,0,0
CARRIER_B,2025-07-11 09:00,GWANGYANG,20FT,0,0,0,0,3,3,0,0
CARRIER_B,2025-07-11 10:00,GWANGYANG,20FT,0,0,0,0,3,3,0,0
CARRIER_B,2025-07-11 11:00,GWANGYANG,20FT,0,0,0,0,3,3,0,0
CARRIER_B,2025-07-11 12:00,GWANGYANG,20FT,0,0,0,0,3,3,0,0
CARRIER_B,2025-07-11 13:00,GWANGYANG,20FT,0,0,0,0,3,3,0,0
CARRIER_B,2025-07-11 14:00,GWANGYANG,20FT,0,0,0,0,3,3,0,0
CARRIER_B,2025-07-11 15:00,GWANGYANG,20FT,1,0,0,0,2,2,0,0
CARRIER_B,2025-07-11 16:00,GWANGYANG,20FT,0,0,0,0,2,2,0,0
CARRIER_B,2025-07-11 17:00,GWANGYANG,20FT,0,0,0,0,2,2,0,0
CARRIER_B,2025-07-11 18:00,GWANGYANG,20FT,0,0,0,0,2,2,0,0
CARRIER_B,2025-07-11 19:00,GWANGYANG,20FT,0,0,0,0,2,2,0,0
CARRIER_B,2025-07-11 20:00,GWANGYANG,20FT,0,0,0,0,2,2,0,0
CARRIER_B,2025-07-11 21:00,GWANGYANG,20FT,0,0,0,0,2,2,0,0
CARRIER_B,2025-07-11 22:00,GWANGYANG,20FT,0,0,0,0,2,2,0,0
CARRIER_B,2025-07-11 23:00,GWANGYANG,20FT,0,0,0,0,2,2,0,0
CARRIER_B,2025-07-12 00:00,GWANGYANG,20FT,0,0,0,0,2,2,0,0
CARRIER_B,2025-07-12 01:00,GWANGYANG,20FT,0,0,0,0,2,2,0,0
CARRIER_B,2025-07-12 02:00,GWANGYANG,20FT,0,0,0,0,2,2,0,0
CARRIER_B,2025-07-12 03:00,GWANGYANG,20FT,0,0,0,0,2,2,0,0
CARRIER_B,2025-07-12 04:00,GWANGYANG,20FT,0,0,0,0,2,2,0,0
CARRIER_B,2025-07-12 05:00,GWANGYANG,20FT,0,0,0,0,2,2,0,0
CARRIER_B,2025-07-12 06:00,GWANGYANG,20FT,0,0,0,0,2,2,0,0
CARRIER_B,2025-07-12 07:00,GWANGYANG,20FT,0,0,0,0,2,2,0,0
CARRIER_B,2025-07-12 08:00,GWANGYANG,20FT,0,0,0,0,2,2,0,0
CARRIER_B,2025-07-12 09:00,GWANGYANG,20FT,0,0,0,0,2,2,0,0
CARRIER_B,2025-07-12 10:00,GWANGYANG,20FT,0,0,0,0,2,2,0,0
CARRIER_B,2025-07-12 11:00,GWANGYANG,20FT,1,0,0,0,1,1,0,0
CARRIER_B,2025-07-12 12:00,GWANGYANG,20FT,0,0,0,0,1,1,0,0
CARRIER_B,2025-07-12 13:00,GWANGYANG,20FT,0,0,0,0,1,1,0,0
CARRIER_B,2025-07-12 14:00,GWANGYANG,20FT,0,0,0,0,1,1,0,0
CARRIER_B,2025-07-12 15:00,GWANGYANG,20FT,0,0,0,0,1,1,0,0
CARRIER_B,2025-07-12 16:00,GWANGYANG,20FT,0,0,0,0,1,1,0,0
CARRIER_B,2025-07-12 17:00,GWANGYANG,20FT,0,0,0,0,1,1,0,0
CARRIER_B,2025-07-12 18:00,GWANGYANG,20FT,0,0,0,0,1,1,0,0
CARRIER_B,2025-07-12 19:00,GWANGYANG,20FT,0,0,0,0,1,1,0,0
CARRIER_B,2025-07-12 20:00,GWANGYANG,20FT,0,0,0,0,1,1,0,0
CARRIER_B,2025-07-12 21:00,GWANGYANG,20FT,0,0,0,0,1,1,0,0
CARRIER_B,2025-07-12 22:00,GWANGYANG,20FT,0,0,0,0,1,1,0,0
CARRIER_B,2025-07-12 23:00,GWANGYANG,20FT,0,0,0,0,1,1,0,0
CARRIER_B,2025-07-13 00:00,GWANGYANG,20FT,0,0,0,0,1,1,0,0
CARRIER_B,2025-07-13 01:00,GWANGYANG,20FT,0,0,0,0,1,1,0,0
CARRIER_B,2025-07-13 02:00,GWANGYANG,20FT,0,0,0,0,1,1,0,0
CARRIER_B,2025-07-13 03:00,GWANGYANG,20FT,0,0,0,0,1,1,0,0
CARRIER_B,2025-07-13 04:00,GWANGYANG,20FT,0,0,0,0,1,1,0,0
CARRIER_B,2025-07-13 05:00,GWANGYANG,20FT,0,0,0,0,1,1,0,0
CARRIER_B,2025-07-13 06:00,GWANGYANG,20FT,0,0,0,0,1,1,0,0
CARRIER_B,2025-07-13 07:00,GWANGYANG,20FT,0,0,0,0,1,1,0,0
CARRIER_B,2025-07-13 08:00,GWANGYANG,20FT,0,0,0,0,1,1,0,0
CARRIER_B,2025-07-13 09:00,GWANGYANG,20FT,0,0,0,0,1,1,0,0
CARRIER_B,2025-07-13 10:00,GWANGYANG,20FT,0,0,0,0,1,1,0,0
CARRIER_B,2025-07-13 11:00,GWANGYANG,20FT,0,0,0,0,1,1,0,0
CARRIER_B,2025-07-13 12:00,GWANGYANG,20FT,0,0,0,0,1,1,0,0
CARRIER_B,2025-07-13 13:00,GWANGYANG,20FT,0,0,0,0,1,1,0,0
CARRIER_B,2025-07-13 14:00,GWANGYANG,20FT,0,0,0,0,1,1,0,0
CARRIER_B,2025-07-13 15:00,GWANGYANG,20FT,0,0,0,0,1,1,0,0
CARRIER_B,2025-07-13 16:00,GWANGYANG,20FT,0,0,0,0,1,1,0,0
CARRIER_B,2025-07-13 17:00,GWANGYANG,20FT,0,2,0,0,3,3,0,0
CARRIER_B,2025-07-13 18:00,GWANGYANG,20FT,0,0,0,0,3,3,0,0
CARRIER_B,2025-07-13 19:00,GWANGYANG,20FT,0,0,0,0,3,3,0,0
CARRIER_B,2025-07-13 20:00,GWANGYANG,20FT,0,0,0,0,3,3,0,0
CARRIER_B,2025-07-13 21:00,GWANGYANG,20FT,0,0,0,0,3,3,0,0
CARRIER_B,2025-07-13 22:00,GWANGYANG,20FT,0,0,0,0,3,3,0,0
CARRIER_B,2025-07-13 23:00,GWANGYANG,20FT,0,0,0,0,3,3,0,0
CARRIER_B,2025-07-14 00:00,GWANGYANG,20FT,0,0,0,0,3,3,0,0
CARRIER_B,2025-07-14 01:00,GWANGYANG,20FT,0,0,0,0,3,3,0,0
CARRIER_B,2025-07-14 02:00,GWANGYANG,20FT,0,0,0,0,3,3,0,0
CARRIER_B,2025-07-14 03:00,GWANGYANG,20FT,0,0,0,0,3,3,0,0
CARRIER_B,2025-07-14 04:00,GWANGYANG,20FT,0,0,0,0,3,3,0,0
CARRIER_B,2025-07-14 05:00,GWANGYANG,20FT,0,0,0,0,3,3,0,0
CARRIER_B,2025-07-14 06:00,GWANGYANG,20FT,0,0,0,0,3,3,0,0
CARRIER_B,2025-07-14 07:00,GWANGYANG,20FT,0,0,0,0,3,3,0,0
CARRIER_B,2025-07-14 08:00,GWANGYANG,20FT,0,0,0,0,3,3,0,0
CARRIER_B,2025-07-14 09:00,GWANGYANG,20FT,0,0,0,0,3,3,0,0
CARRIER_B,2025-07-14 10:00,GWANGYANG,20FT,0,0,0,0,3,3,0,0
CARRIER_B,2025-07-14 11:00,GWANGYANG,20FT,0,0,0,0,3,3,0,0
CARRIER_B,2025-07-14 12:00,GWANGYANG,20FT,0,0,0,0,3,3,0,0
CARRIER_B,2025-07-14 13:00,GWANGYANG,20FT,0,0,0,0,3,3,0,0
CARRIER_B,2025-07-14 14:00,GWANGYANG,20FT,0,0,0,0,3,3,0,0
CARRIER_B,2025-07-14 15:00,GWANGYANG,20FT,0,0,0,0,3,3,0,0
CARRIER_B,2025-07-14 16:00,GWANGYANG,20FT,0,0,0,0,3,3,0,0
CARRIER_B,2025-07-14 17:00,GWANGYANG,20FT,0,0,0,0,3,3,0,0
CARRIER_B,2025-07-14 18:00,GWANGYANG,20FT,0,0,0,0,3,3,0,0
CARRIER_B,2025-07-14 19:00,GWANGYANG,20FT,0,0,0,0,3,3,0,0
CARRIER_B,2025-07-14 20:00,GWANGYANG,20FT,0,0,0,0,3,3,0,0
CARRIER_B,2025-07-14 21:00,GWANGYANG,20FT,0,0,0,0,3,3,0,0
CARRIER_B,2025-07-14 22:00,GWANGYANG,20FT,0,0,0,0,3,3,0,0
CARRIER_B,2025-07-14 23:00,GWANGYANG,20FT,0,0,0,0,3,3,0,0
CARRIER_B,2025-07-08 00:00,GWANGYANG,40FT,0,0,0,0,0,0,0,0
CARRIER_B,2025-07-08 01:00,GWANGYANG,40FT,0,0,0,0,0,0,0,0
CARRIER_B,2025-07-08 02:00,GWANGYANG,40FT,0,0,0,0,0,0,0,0
CARRIER_B,2025-07-08 03:00,GWANGYANG,40FT,0,0,0,0,0,0,0,0
CARRIER_B,2025-07-08 04:00,GWANGYANG,40FT,0,0,0,0,0,0,0,0
CARRIER_B,2025-07-08 05:00,GWANGYANG,40FT,0,0,0,0,0,0,0,0
CARRIER_B,2025-07-08 06:00,GWANGYANG,40FT,0,0,0,0,0,0,0,0
CARRIER_B,2025-07-08 07:00,GWANGYANG,40FT,0,0,0,0,0,0,0,0
CARRIER_B,2025-07-08 08:00,GWANGYANG,40FT,0,0,0,0,0,0,0,0
CARRIER_B,2025-07-08 09:00,GWANGYANG,40FT,0,0,0,0,0,0,0,0
CARRIER_B,2025-07-08 10:00,GWANGYANG,40FT,0,0,0,0,0,0,0,0
CARRIER_B,2025-07-08 11:00,GWANGYANG,40FT,0,0,0,0,0,0,0,0
CARRIER_B,2025-07-08 12:00,GWANGYANG,40FT,0,0,0,0,0,0,0,0
CARRIER_B,2025-07-08 13:00,GWANGYANG,40FT,0,0,0,0,0,0,0,0
CARRIER_B,2025-07-08 14:00,GWANGYANG,40FT,0,0,0,0,0,0,0,0
CARRIER_B,2025-07-08 15:00,GWANGYANG,40FT,0,0,0,0,0,0,0,0
CARRIER_B,2025-07-08 16:00,GWANGYANG,40FT,0,0,0,0,0,0,0,0
CARRIER_B,2025-07-08 17:00,GWANGYANG,40FT,0,0,0,0,0,0,0,0
CARRIER_B,2025-07-08 18:00,GWANGYANG,40FT,0,0,0,0,0,0,0,0
CARRIER_B,2025-07-08 19:00,GWANGYANG,40FT,0,0,0,0,0,0,0,0
CARRIER_B,2025-07-08 20:00,GWANGYANG,40FT,0,0,0,0,0,0,0,0
CARRIER_B,2025-07-08 21:00,GWANGYANG,40FT,0,0,0,0,0,0,0,0
CARRIER_B,2025-07-08 22:00,GWANGYANG,40FT,0,0,0,0,0,0,0,0
CARRIER_B,2025-07-08 23:00,GWANGYANG,40FT,0,0,0,0,0,0,0,0
CARRIER_B,2025-07-09 00:00,GWANGYANG,40FT,0,0,0,0,0,0,0,0
CARRIER_B,2025-07-09 01:00,GWANGYANG,40FT,0,0,0,0,0,0,0,0
CARRIER_B,2025-07-09 02:00,GWANGYANG,40FT,0,0,0,0,0,0,0,0
CARRIER_B,2025-07-09 03:00,GWANGYANG,40FT,0,0,0,0,0,0,0,0
CARRIER_B,2025-07-09 04:00,GWANGYANG,40FT,0,0,0,0,0,0,0,0
CARRIER_B,2025-07-09 05:00,GWANGYANG,40FT,0,0,0,0,0,0,0,0
CARRIER_B,2025-07-09 06:00,GWANGYANG,40FT,0,0,0,0,0,0,0,0
CARRIER_B,2025-07-09 07:00,GWANGYANG,40FT,0,0,0,0,0,0,0,0
CARRIER_B,2025-07-09 08:00,GWANGYANG,40FT,0,0,0,0,0,0,0,0
CARRIER_B,2025-07-09 09:00,GWANGYANG,40FT,0,0,0,0,0,0,0,0
CARRIER_B,2025-07-09 10:00,GWANGYANG,40FT,0,0,0,0,0,0,0,0
CARRIER_B,2025-07-09 11:00,GWANGYANG,40FT,0,0,0,0,0,0,0,0
CARRIER_B,2025-07-09 12:00,GWANGYANG,40FT,0,0,0,0,0,0,0,0
CARRIER_B,2025-07-09 13:00,GWANGYANG,40FT,0,0,0,0,0,0,0,0
CARRIER_B,2025-07-09 14:00,GWANGYANG,40FT,0,0,0,0,0,0,0,0
CARRIER_B,2025-07-09 15:00,GWANGYANG,40FT,0,0,0,0,0,0,0,0
CARRIER_B,2025-07-09 16:00,GWANGYANG,40FT,0,0,0,0,0,0,0,0
CARRIER_B,2025-07-09 17:00,GWANGYANG,40FT,0,0,0,0,0,0,0,0
CARRIER_B,2025-07-09 18:00,GWANGYANG,40FT,0,0,0,0,0,0,0,0
CARRIER_B,2025-07-09 19:00,GWANGYANG,40FT,0,0,0,0,0,0,0,0
CARRIER_B,2025-07-09 20:00,GWANGYANG,40FT,0,0,0,0,0,0,0,0
CARRIER_B,2025-07-09 21:00,GWANGYANG,40FT,0,0,0,0,0,0,0,0
CARRIER_B,2025-07-09 22:00,GWANGYANG,40FT,0,0,0,0,0,0,0,0
CARRIER_B,2025-07-09 23:00,GWANGYANG,40FT,0,0,0,0,0,0,0,0
CARRIER_B,2025-07-10 00:00,GWANGYANG,40FT,0,0,0,0,0,0,0,0
CARRIER_B,2025-07-10 01:00,GWANGYANG,40FT,0,0,0,0,0,0,0,0
CARRIER_B,2025-07-10 02:00,GWANGYANG,40FT,0,0,0,0,0,0,0,0
CARRIER_B,2025-07-10 03:00,GWANGYANG,40FT,0,0,0,0,0,0,0,0
CARRIER_B,2025-07-10 04:00,GWANGYANG,40FT,0,0,0,0,0,0,0,0
CARRIER_B,2025-07-10 05:00,GWANGYANG,40FT,0,0,0,0,0,0,0,0
CARRIER_B,2025-07-10 06:00,GWANGYANG,40FT,0,0,0,0,0,0,0,0
CARRIER_B,2025-07-10 07:00,GWANGYANG,40FT,0,0,0,0,0,0,0,0
CARRIER_B,2025-07-10 08:00,GWANGYANG,40FT,0,0,0,0,0,0,0,0
CARRIER_B,2025-07-10 09:00,GWANGYANG,40FT,0,0,0,0,0,0,0,0
CARRIER_B,2025-07-10 10:00,GWANGYANG,40FT,0,0,0,0,0,0,0,0
CARRIER_B,2025-07-10 11:00,GWANGYANG,40FT,0,0,0,0,0,0,0,0
CARRIER_B,2025-07-10 12:00,GWANGYANG,40FT,0,0,0,0,0,0,0,0
CARRIER_B,2025-07-10 13:00,GWANGYANG,40FT,0,0,0,0,0,0,0,0
CARRIER_B,2025-07-10 14:00,GWANGYANG,40FT,0,0,0,0,0,0,0,0
CARRIER_B,2025-07-10 15:00,GWANGYANG,40FT,0,0,0,0,0,0,0,0
CARRIER_B,2025-07-10 16:00,GWANGYANG,40FT,0,0,0,0,0,0,0,0
CARRIER_B,2025-07-10 17:00,GWANGYANG,40FT,0,0,0,0,0,0,0,0
CARRIER_B,2025-07-10 18:00,GWANGYANG,40FT,0,0,0,0,0,0,0,0
CARRIER_B,2025-07-10 19:00,GWANGYANG,40FT,0,0,0,0,0,0,0,0
CARRIER_B,2025-07-10 20:00,GWANGYANG,40FT,0,0,0,0,0,0,0,0
CARRIER_B,2025-07-10 21:00,GWANGYANG,40FT,0,0,0,0,0,0,0,0
CARRIER_B,2025-07-10 22:00,GWANGYANG,40FT,0,0,0,0,0,0,0,0
CARRIER_B,2025-07-10 23:00,GWANGYANG,40FT,0,0,0,0,0,0,0,0
CARRIER_B,2025-07-11 00:00,GWANGYANG,40FT,0,0,0,0,0,0,0,0
CARRIER_B,2025-07-11 01:00,GWANGYANG,40FT,0,0,0,0,0,0,0,0
CARRIER_B,2025-07-11 02:00,GWANGYANG,40FT,0,0,0,0,0,0,0,0
CARRIER_B,2025-07-11 03:00,GWANGYANG,40FT,0,0,0,0,0,0,0,0
CARRIER_B,2025-07-11 04:00,GWANGYANG,40FT,0,0,0,0,0,0,0,0
CARRIER_B,2025-07-11 05:00,GWANGYANG,40FT,0,0,0,0,0,0,0,0
CARRIER_B,2025-07-11 06:00,GWANGYANG,40FT,0,0,0,0,0,0,0,0
CARRIER_B,2025-07-11 07:00,GWANGYANG,40FT,0,0,0,0,0,0,0,0
CARRIER_B,2025-07-11 08:00,GWANGYANG,40FT,0,0,0,0,0,0,0,0
CARRIER_B,2025-07-11 09:00,GWANGYANG,40FT,0,0,0,0,0,0,0,0
CARRIER_B,2025-07-11 10:00,GWANGYANG,40FT,0,0,0,0,0,0,0,0
CARRIER_B,2025-07-11 11:00,GWANGYANG,40FT,0,0,0,0,0,0,0,0
CARRIER_B,2025-07-11 12:00,GWANGYANG,40FT,0,0,0,0,0,0,0,0
CARRIER_B,2025-07-11 13:00,GWANGYANG,40FT,0,0,0,0,0,0,0,0
CARRIER_B,2025-07-11 14:00,GWANGYANG,40FT,0,0,0,0,0,0,0,0
CARRIER_B,2025-07-11 15:00,GWANGYANG,40FT,0,0,0,0,0,0,0,0
CARRIER_B,2025-07-11 16:00,GWANGYANG,40FT,0,0,0,0,0,0,0,0
CARRIER_B,2025-07-11 17:00,GWANGYANG,40FT,0,0,0,0,0,0,0,0
CARRIER_B,2025-07-11 18:00,GWANGYANG,40FT,0,0,0,0,0,0,0,0
CARRIER_B,2025-07-11 19:00,GWANGYANG,40FT,0,0,0,0,0,0,0,0
CARRIER_B,2025-07-11 20:00,GWANGYANG,40FT,0,0,0,0,0,0,0,0
CARRIER_B,2025-07-11 21:00,GWANGYANG,40FT,0,0,0,0,0,0,0,0
CARRIER_B,2025-07-11 22:00,GWANGYANG,40FT,0,0,0,0,0,0,0,0
CARRIER_B,2025-07-11 23:00,GWANGYANG,40FT,0,0,0,0,0,0,0,0
CARRIER_B,2025-07-12 00:00,GWANGYANG,40FT,0,0,0,0,0,0,0,0
CARRIER_B,2025-07-12 01:00,GWANGYANG,40FT,0,0,0,0,0,0,0,0
CARRIER_B,2025-07-12 02:00,GWANGYANG,40FT,0,0,0,0,0,0,0,0
CARRIER_B,2025-07-12 03:00,GWANGYANG,40FT,0,0,0,0,0,0,0,0
CARRIER_B,2025-07-12 04:00,GWANGYANG,40FT,0,0,0,0,0,0,0,0
CARRIER_B,2025-07-12 05:00,GWANGYANG,40FT,0,0,0,0,0,0,0,0
CARRIER_B,2025-07-12 06:00,GWANGYANG,40FT,0,0,0,0,0,0,0,0
CARRIER_B,2025-07-12 07:00,GWANGYANG,40FT,0,0,0,0,0,0,0,0
CARRIER_B,2025-07-12 08:00,GWANGYANG,40FT,0,0,0,0,0,0,0,0
CARRIER_B,2025-07-12 09:00,GWANGYANG,40FT,0,0,0,0,0,0,0,0
CARRIER_B,2025-07-12 10:00,GWANGYANG,40FT,0,0,0,0,0,0,0,0
CARRIER_B,2025-07-12 11:00,GWANGYANG,40FT,0,1,0,0,1,1,0,0
CARRIER_B,2025-07-12 12:00,GWANGYANG,40FT,0,0,0,0,1,1,0,0
CARRIER_B,2025-07-12 13:00,GWANGYANG,40FT,0,0,0,0,1,1,0,0
CARRIER_B,2025-07-12 14:00,GWANGYANG,40FT,0,0,0,0,1,1,0,0
CARRIER_B,2025-07-12 15:00,GWANGYANG,40FT,0,0,0,0,1,1,0,0
CARRIER_B,2025-07-12 16:00,GWANGYANG,40FT,0,0,0,0,1,1,0,0
CARRIER_B,2025-07-12 17:00,GWANGYANG,40FT,0,0,0,0,1,1,0,0
CARRIER_B,2025-07-12 18:00,GWANGYANG,40FT,0,0,0,0,1,1,0,0
CARRIER_B,2025-07-12 19:00,GWANGYANG,40FT,0,0,0,0,1,1,0,0
CARRIER_B,2025-07-12 20:00,GWANGYANG,40FT,0,0,0,0,1,1,0,0
CARRIER_B,2025-07-12 21:00,GWANGYANG,40FT,0,0,0,0,1,1,0,0
CARRIER_B,2025-07-12 22:00,GWANGYANG,40FT,0,0,0,0,1,1,0,0
CARRIER_B,2025-07-12 23:00,GWANGYANG,40FT,0,0,0,0,1,1,0,0
CARRIER_B,2025-07-13 00:00,GWANGYANG,40FT,0,0,0,0,1,1,0,0
CARRIER_B,2025-07-13 01:00,GWANGYANG,40FT,0,0,0,0,1,1,0,0
CARRIER_B,2025-07-13 02:00,GWANGYANG,40FT,0,0,0,0,1,1,0,0
CARRIER_B,2025-07-13 03:00,GWANGYANG,40FT,0,0,0,0,1,1,0,0
CARRIER_B,2025-07-13 04:00,GWANGYANG,40FT,0,0,0,0,1,1,0,0
CARRIER_B,2025-07-13 05:00,GWANGYANG,40FT,0,0,0,0,1,1,0,0
CARRIER_B,2025-07-13 06:00,GWANGYANG,40FT,0,0,0,0,1,1,0,0
CARRIER_B,2025-07-13 07:00,GWANGYANG,40FT,0,0,0,0,1,1,0,0
CARRIER_B,2025-07-13 08:00,GWANGYANG,40FT,0,0,0,0,1,1,0,0
CARRIER_B,2025-07-13 09:00,GWANGYANG,40FT,0,0,0,0,1,1,0,0
CARRIER_B,2025-07-13 10:00,GWANGYANG,40FT,0,0,0,0,1,1,0,0
CARRIER_B,2025-07-13 11:00,GWANGYANG,40FT,0,0,0,0,1,1,0,0
CARRIER_B,2025-07-13 12:00,GWANGYANG,40FT,0,0,0,0,1,1,0,0
CARRIER_B,2025-07-13 13:00,GWANGYANG,40FT,0,0,0,0,1,1,0,0
CARRIER_B,2025-07-13 14:00,GWANGYANG,40FT,0,0,0,0,1,1,0,0
CARRIER_B,2025-07-13 15:00,GWANGYANG,40FT,0,0,0,0,1,1,0,0
CARRIER_B,2025-07-13 16:00,GWANGYANG,40FT,0,0,0,0,1,1,0,0
CARRIER_B,2025-07-13 17:00,GWANGYANG,40FT,0,0,0,0,1,1,0,0
CARRIER_B,2025-07-13 18:00,GWANGYANG,40FT,0,0,0,0,1,1,0,0
CARRIER_B,2025-07-13 19:00,GWANGYANG,40FT,0,0,0,0,1,1,0,0
CARRIER_B,2025-07-13 20:00,GWANGYANG,40FT,0,0,0,0,1,1,0,0
CARRIER_B,2025-07-13 21:00,GWANGYANG,40FT,0,0,0,0,1,1,0,0
CARRIER_B,2025-07-13 22:00,GWANGYANG,40FT,0,0,0,0,1,1,0,0
CARRIER_B,2025-07-13 23:00,GWANGYANG,40FT,0,0,0,0,1,1,0,0
CARRIER_B,2025-07-14 00:00,GWANGYANG,40FT,0,0,0,0,1,1,0,0
CARRIER_B,2025-07-14 01:00,GWANGYANG,40FT,0,0,0,0,1,1,0,0
CARRIER_B,2025-07-14 02:00,GWANGYANG,40FT,0,0,0,0,1,1,0,0
CARRIER_B,2025-07-14 03:00,GWANGYANG,40FT,0,0,0,0,1,1,0,0
CARRIER_B,2025-07-14 04:00,GWANGYANG,40FT,0,0,0,0,1,1,0,0
CARRIER_B,2025-07-14 05:00,GWANGYANG,40FT,0,0,0,0,1,1,0,0
CARRIER_B,2025-07-14 06:00,GWANGYANG,40FT,0,0,0,0,1,1,0,0
CARRIER_B,2025-07-14 07:00,GWANGYANG,40FT,0,0,0,0,1,1,0,0
CARRIER_B,2025-07-14 08:00,GWANGYANG,40FT,0,0,0,0,1,1,0,0
CARRIER_B,2025-07-14 09:00,GWANGYANG,40FT,0,0,0,0,1,1,0,0
CARRIER_B,2025-07-14 10:00,GWANGYANG,40FT,0,0,0,0,1,1,0,0
CARRIER_B,2025-07-14 11:00,GWANGYANG,40FT,0,0,0,0,1,1,0,0
CARRIER_B,2025-07-14 12:00,GWANGYANG,40FT,0,0,0,0,1,1,0,0
CARRIER_B,2025-07-14 13:00,GWANGYANG,40FT,0,0,0,0,1,1,0,0
CARRIER_B,2025-07-14 14:00,GWANGYANG,40FT,0,0,0,0,1,1,0,0
CARRIER_B,2025-07-14 15:00,GWANGYANG,40FT,0,0,0,0,1,1,0,0
CARRIER_B,2025-07-14 16:00,GWANGYANG,40FT,0,0,0,0,1,1,0,0
CARRIER_B,2025-07-14 17:00,GWANGYANG,40FT,0,0,0,0,1,1,0,0
CARRIER_B,2025-07-14 18:00,GWANGYANG,40FT,0,0,0,0,1,1,0,0
CARRIER_B,2025-07-14 19:00,GWANGYANG,40FT,0,0,0,0,1,1,0,0
CARRIER_B,2025-07-14 20:00,GWANGYANG,40FT,0,0,0,0,1,1,0,0
CARRIER_B,2025-07-14 21:00,GWANGYANG,40FT,0,0,0,0,1,1,0,0
CARRIER_B,2025-07-14 22:00,GWANGYANG,40FT,0,0,0,0,1,1,0,0
CARRIER_B,2025-07-14 23:00,GWANGYANG,40FT,0,0,0,0,1,1,0,0
CARRIER_B,2025-07-08 00:00,UIWANG,20FT,0,0,0,0,12,12,0,0
CARRIER_B,2025-07-08 01:00,UIWANG,20FT,0,0,0,0,12,12,0,0
CARRIER_B,2025-07-08 02:00,UIWANG,20FT,0,0,0,0,12,12,0,0
CARRIER_B,2025-07-08 03:00,UIWANG,20FT,0,0,0,0,12,12,0,0
CARRIER_B,2025-07-08 04:00,UIWANG,20FT,0,0,0,0,12,12,0,0
CARRIER_B,2025-07-08 05:00,UIWANG,20FT,0,0,0,0,12,12,0,0
CARRIER_B,2025-07-08 06:00,UIWANG,20FT,0,0,0,0,12,12,0,0
CARRIER_B,2025-07-08 07:00,UIWANG,20FT,0,0,0,0,12,12,0,0
CARRIER_B,2025-07-08 08:00,UIWANG,20FT,1,0,0,0,11,11,0,0
CARRIER_B,2025-07-08 09:00,UIWANG,20FT,0,2,0,0,13,13,0,0
CARRIER_B,2025-07-08 10:00,UIWANG,20FT,1,3,0,0,15,15,0,0
CARRIER_B,2025-07-08 11:00,UIWANG,20FT,1,2,0,0,16,16,0,0
CARRIER_B,2025-07-08 12:00,UIWANG,20FT,0,5,0,0,21,21,0,0
CARRIER_B,2025-07-08 13:00,UIWANG,20FT,1,1,0,0,21,21,0,0
CARRIER_B,2025-07-08 14:00,UIWANG,20FT,0,3,0,0,24,24,0,0
CARRIER_B,2025-07-08 15:00,UIWANG,20FT,1,5,0,20,28,8,0,0
CARRIER_B,2025-07-08 16:00,UIWANG,20FT,0,3,0,0,31,11,0,0
CARRIER_B,2025-07-08 17:00,UIWANG,20FT,0,0,0,0,31,11,0,0
CARRIER_B,2025-07-08 18:00,UIWANG,20FT,0,0,0,0,31,11,0,0
CARRIER_B,2025-07-08 19:00,UIWANG,20FT,0,2,0,0,33,13,0,0
CARRIER_B,2025-07-08 20:00,UIWANG,20FT,0,1,0,0,34,14,0,0
CARRIER_B,2025-07-08 21:00,UIWANG,20FT,0,0,0,0,34,14,0,0
CARRIER_B,2025-07-08 22:00,UIWANG,20FT,0,0,0,0,34,14,0,0
CARRIER_B,2025-07-08 23:00,UIWANG,20FT,0,0,0,0,34,14,0,0
CARRIER_B,2025-07-09 00:00,UIWANG,20FT,0,0,0,0,34,14,0,0
CARRIER_B,2025-07-09 01:00,UIWANG,20FT,0,0,0,0,34,14,0,0
CARRIER_B,2025-07-09 02:00,UIWANG,20FT,0,0,0,0,34,14,0,0
CARRIER_B,2025-07-09 03:00,UIWANG,20FT,0,0,0,0,34,14,0,0
CARRIER_B,2025-07-09 04:00,UIWANG,20FT,0,0,0,0,34,14,0,0
CARRIER_B,2025-07-09 05:00,UIWANG,20FT,0,0,0,0,34,14,0,0
CARRIER_B,2025-07-09 06:00,UIWANG,20FT,0,0,0,0,34,14,0,0
CARRIER_B,2025-07-09 07:00,UIWANG,20FT,0,0,0,0,34,14,0,0
CARRIER_B,2025-07-09 08:00,UIWANG,20FT,1,0,0,0,33,13,0,0
CARRIER_B,2025-07-09 09:00,UIWANG,20FT,0,1,0,0,34,14,0,0
CARRIER_B,2025-07-09 10:00,UIWANG,20FT,2,3,0,0,35,15,0,0
CARRIER_B,2025-07-09 11:00,UIWANG,20FT,0,5,0,0,40,20,0,0
CARRIER_B,2025-07-09 12:00,UIWANG,20FT,0,3,0,0,43,23,0,0
CARRIER_B,2025-07-09 13:00,UIWANG,20FT,0,1,0,0,44,24,0,0
CARRIER_B,2025-07-09 14:00,UIWANG,20FT,0,2,0,0,46,26,0,0
CARRIER_B,2025-07-09 15:00,UIWANG,20FT,0,4,0,0,50,30,0,0
CARRIER_B,2025-07-09 16:00,UIWANG,20FT,0,3,0,0,53,33,0,0
CARRIER_B,2025-07-09 17:00,UIWANG,20FT,1,2,0,0,54,34,0,0
CARRIER_B,2025-07-09 18:00,UIWANG,20FT,0,0,0,0,54,34,0,0
CARRIER_B,2025-07-09 19:00,UIWANG,20FT,0,1,0,0,55,35,0,0
CARRIER_B,2025-07-09 20:00,UIWANG,20FT,0,1,0,0,56,36,0,0
CARRIER_B,2025-07-09 21:00,UIWANG,20FT,0,1,0,0,57,37,0,0
CARRIER_B,2025-07-09 22:00,UIWANG,20FT,0,0,0,0,57,37,0,0
CARRIER_B,2025-07-09 23:00,UIWANG,20FT,0,0,0,0,57,37,0,0
CARRIER_B,2025-07-10 00:00,UIWANG,20FT,0,0,0,0,57,37,0,0
CARRIER_B,2025-07-10 01:00,UIWANG,20FT,0,0,0,0,57,37,0,0
CARRIER_B,2025-07-10 02:00,UIWANG,20FT,0,0,0,0,57,37,0,0
CARRIER_B,2025-07-10 03:00,UIWANG,20FT,0,0,0,0,57,37,0,0
CARRIER_B,2025-07-10 04:00,UIWANG,20FT,0,0,0,0,57,37,0,0
CARRIER_B,2025-07-10 05:00,UIWANG,20FT,0,0,0,0,57,37,0,0
CARRIER_B,2025-07-10 06:00,UIWANG,20FT,0,3,0,0,60,40,0,0
CARRIER_B,2025-07-10 07:00,UIWANG,20FT,0,0,0,0,60,40,0,0
CARRIER_B,2025-07-10 08:00,UIWANG,20FT,0,0,0,0,60,40,0,0
CARRIER_B,2025-07-10 09:00,UIWANG,20FT,1,2,0,0,61,41,0,0
CARRIER_B,2025-07-10 10:00,UIWANG,20FT,0,2,0,0,63,43,0,0
CARRIER_B,2025-07-10 11:00,UIWANG,20FT,1,3,0,0,65,45,0,0
CARRIER_B,2025-07-10 12:00,UIWANG,20FT,0,4,0,0,69,49,0,0
CARRIER_B,2025-07-10 13:00,UIWANG,20FT,0,4,0,0,73,53,0,0
CARRIER_B,2025-07-10 14:00,UIWANG,20FT,0,1,0,0,74,54,0,0
CARRIER_B,2025-07-10 15:00,UIWANG,20FT,1,2,0,0,75,55,0,0
CARRIER_B,2025-07-10 16:00,UIWANG,20FT,1,1,0,0,75,55,0,0
CARRIER_B,2025-07-10 17:00,UIWANG,20FT,0,4,0,0,79,59,0,0
CARRIER_B,2025-07-10 18:00,UIWANG,20FT,2,3,0,0,80,60,0,0
CARRIER_B,2025-07-10 19:00,UIWANG,20FT,0,1,0,0,81,61,0,0
CARRIER_B,2025-07-10 20:00,UIWANG,20FT,0,1,0,0,82,62,0,0
CARRIER_B,2025-07-10 21:00,UIWANG,20FT,0,0,0,0,82,62,0,0
CARRIER_B,2025-07-10 22:00,UIWANG,20FT,0,0,0,0,82,62,0,0
CARRIER_B,2025-07-10 23:00,UIWANG,20FT,0,0,0,0,82,62,0,0
CARRIER_B,2025-07-11 00:00,UIWANG,20FT,0,0,0,0,82,62,0,0
CARRIER_B,2025-07-11 01:00,UIWANG,20FT,0,0,0,0,82,62,0,0
CARRIER_B,2025-07-11 02:00,UIWANG,20FT,0,0,0,0,82,62,0,0
CARRIER_B,2025-07-11 03:00,UIWANG,20FT,0,0,0,0,82,62,0,0
CARRIER_B,2025-07-11 04:00,UIWANG,20FT,0,0,0,0,82,62,0,0
CARRIER_B,2025-07-11 05:00,UIWANG,20FT,0,0,0,0,82,62,0,0
CARRIER_B,2025-07-11 06:00,UIWANG,20FT,0,0,0,0,82,62,0,0
CARRIER_B,2025-07-11 07:00,UIWANG,20FT,0,0,0,0,82,62,0,0
CARRIER_B,2025-07-11 08:00,UIWANG,20FT,0,1,0,0,83,63,0,0
CARRIER_B,2025-07-11 09:00,UIWANG,20FT,0,0,0,0,83,63,0,0
CARRIER_B,2025-07-11 10:00,UIWANG,20FT,0,1,0,0,84,64,0,0
CARRIER_B,2025-07-11 11:00,UIWANG,20FT,0,0,0,0,84,64,0,0
CARRIER_B,2025-07-11 12:00,UIWANG,20FT,0,1,0,0,85,65,0,0
CARRIER_B,2025-07-11 13:00,UIWANG,20FT,0,1,0,0,86,66,0,0
CARRIER_B,2025-07-11 14:00,UIWANG,20FT,0,0,0,0,86,66,0,0
CARRIER_B,2025-07-11 15:00,UIWANG,20FT,1,2,0,7,87,60,0,0
CARRIER_B,2025-07-11 16:00,UIWANG,20FT,0,1,0,0,88,61,0,0
CARRIER_B,2025-07-11 17:00,UIWANG,20FT,0,1,0,0,89,62,0,0
CARRIER_B,2025-07-11 18:00,UIWANG,20FT,0,0,0,0,89,62,0,0
CARRIER_B,2025-07-11 19:00,UIWANG,20FT,0,1,0,0,90,63,0,0
CARRIER_B,2025-07-11 20:00,UIWANG,20FT,0,0,0,0,90,63,0,0
CARRIER_B,2025-07-11 21:00,UIWANG,20FT,0,0,0,0,90,63,0,0
CARRIER_B,2025-07-11 22:00,UIWANG,20FT,0,0,0,0,90,63,0,0
CARRIER_B,2025-07-11 23:00,UIWANG,20FT,0,0,0,0,90,63,0,0
CARRIER_B,2025-07-12 00:00,UIWANG,20FT,0,0,0,0,90,63,0,0
CARRIER_B,2025-07-12 01:00,UIWANG,20FT,0,0,0,0,90,63,0,0
CARRIER_B,2025-07-12 02:00,UIWANG,20FT,0,0,0,0,90,63,0,0
CARRIER_B,2025-07-12 03:00,UIWANG,20FT,0,0,0,0,90,63,0,0
CARRIER_B,2025-07-12 04:00,UIWANG,20FT,0,0,0,0,90,63,0,0
CARRIER_B,2025-07-12 05:00,UIWANG,20FT,0,0,0,0,90,63,0,0
CARRIER_B,2025-07-12 06:00,UIWANG,20FT,0,0,0,0,90,63,0,0
CARRIER_B,2025-07-12 07:00,UIWANG,20FT,0,0,0,0,90,63,0,0
CARRIER_B,2025-07-12 08:00,UIWANG,20FT,0,0,0,0,90,63,0,0
CARRIER_B,2025-07-12 09:00,UIWANG,20FT,0,3,0,0,93,66,0,0
CARRIER_B,2025-07-12 10:00,UIWANG,20FT,1,1,0,0,93,66,0,0
CARRIER_B,2025-07-12 11:00,UIWANG,20FT,0,1,0,0,94,67,0,0
CARRIER_B,2025-07-12 12:00,UIWANG,20FT,0,2,0,0,96,69,0,0
CARRIER_B,2025-07-12 13:00,UIWANG,20FT,1,2,0,0,97,70,0,0
CARRIER_B,2025-07-12 14:00,UIWANG,20FT,0,1,0,0,98,71,0,0
CARRIER_B,2025-07-12 15:00,UIWANG,20FT,0,2,0,0,100,73,0,0
CARRIER_B,2025-07-12 16:00,UIWANG,20FT,0,2,0,0,102,75,0,0
CARRIER_B,2025-07-12 17:00,UIWANG,20FT,2,2,0,0,102,75,0,0
CARRIER_B,2025-07-12 18:00,UIWANG,20FT,0,0,0,0,102,75,0,0
CARRIER_B,2025-07-12 19:00,UIWANG,20FT,0,1,0,0,103,76,0,0
CARRIER_B,2025-07-12 20:00,UIWANG,20FT,0,0,0,0,103,76,0,0
CARRIER_B,2025-07-12 21:00,UIWANG,20FT,0,1,0,0,104,77,0,0
CARRIER_B,2025-07-12 22:00,UIWANG,20FT,0,1,0,0,105,78,0,0
CARRIER_B,2025-07-12 23:00,UIWANG,20FT,0,0,0,0,105,78,0,0
CARRIER_B,2025-07-13 00:00,UIWANG,20FT,0,0,0,0,105,78,0,0
CARRIER_B,2025-07-13 01:00,UIWANG,20FT,0,0,0,0,105,78,0,0
CARRIER_B,2025-07-13 02:00,UIWANG,20FT,0,0,0,0,105,78,0,0
CARRIER_B,2025-07-13 03:00,UIWANG,20FT,0,0,0,0,105,78,0,0
CARRIER_B,2025-07-13 04:00,UIWANG,20FT,0,0,0,0,105,78,0,0
CARRIER_B,2025-07-13 05:00,UIWANG,20FT,0,0,0,0,105,78,0,0
CARRIER_B,2025-07-13 06:00,UIWANG,20FT,0,0,0,0,105,78,0,0
CARRIER_B,2025-07-13 07:00,UIWANG,20FT,0,0,0,0,105,78,0,0
CARRIER_B,2025-07-13 08:00,UIWANG,20FT,1,0,0,0,104,77,0,0
CARRIER_B,2025-07-13 09:00,UIWANG,20FT,0,0,0,0,104,77,0,0
CARRIER_B,2025-07-13 10:00,UIWANG,20FT,0,0,0,0,104,77,0,0
CARRIER_B,2025-07-13 11:00,UIWANG,20FT,2,0,0,0,102,75,0,0
CARRIER_B,2025-07-13 12:00,UIWANG,20FT,0,0,0,0,102,75,0,0
CARRIER_B,2025-07-13 13:00,UIWANG,20FT,0,1,0,0,103,76,0,0
CARRIER_B,2025-07-13 14:00,UIWANG,20FT,0,2,0,0,105,78,0,0
CARRIER_B,2025-07-13 15:00,UIWANG,20FT,1,2,0,0,106,79,0,0
CARRIER_B,2025-07-13 16:00,UIWANG,20FT,0,0,0,0,106,79,0,0
CARRIER_B,2025-07-13 17:00,UIWANG,20FT,0,0,0,0,106,79,0,0
CARRIER_B,2025-07-13 18:00,UIWANG,20FT,0,0,0,0,106,79,0,0
CARRIER_B,2025-07-13 19:00,UIWANG,20FT,0,0,0,0,106,79,0,0
CARRIER_B,2025-07-13 20:00,UIWANG,20FT,0,0,0,0,106,79,0,0
CARRIER_B,2025-07-13 21:00,UIWANG,20FT,0,0,0,0,106,79,0,0
CARRIER_B,2025-07-13 22:00,UIWANG,20FT,0,0,0,0,106,79,0,0
CARRIER_B,2025-07-13 23:00,UIWANG,20FT,0,0,0,0,106,79,0,0
CARRIER_B,2025-07-14 00:00,UIWANG,20FT,0,0,0,0,106,79,0,0
CARRIER_B,2025-07-14 01:00,UIWANG,20FT,0,0,0,0,106,79,0,0
CARRIER_B,2025-07-14 02:00,UIWANG,20FT,0,0,0,0,106,79,0,0
CARRIER_B,2025-07-14 03:00,UIWANG,20FT,0,0,0,0,106,79,0,0
CARRIER_B,2025-07-14 04:00,UIWANG,20FT,0,0,0,0,106,79,0,0
CARRIER_B,2025-07-14 05:00,UIWANG,20FT,0,0,0,0,106,79,0,0
CARRIER_B,2025-07-14 06:00,UIWANG,20FT,0,0,0,0,106,79,0,0
CARRIER_B,2025-07-14 07:00,UIWANG,20FT,0,0,0,0,106,79,0,0
CARRIER_B,2025-07-14 08:00,UIWANG,20FT,0,0,0,0,106,79,0,0
CARRIER_B,2025-07-14 09:00,UIWANG,20FT,0,1,0,0,107,80,0,0
CARRIER_B,2025-07-14 10:00,UIWANG,20FT,2,4,0,0,109,82,0,0
CARRIER_B,2025-07-14 11:00,UIWANG,20FT,1,2,0,0,110,83,0,0
CARRIER_B,2025-07-14 12:00,UIWANG,20FT,1,2,0,0,111,84,0,0
CARRIER_B,2025-07-14 13:00,UIWANG,20FT,0,1,0,0,112,85,0,0
CARRIER_B,2025-07-14 14:00,UIWANG,20FT,0,3,0,0,115,88,0,0
CARRIER_B,2025-07-14 15:00,UIWANG,20FT,0,2,0,0,117,90,0,0
CARRIER_B,2025-07-14 16:00,UIWANG,20FT,0,1,0,0,118,91,0,0
CARRIER_B,2025-07-14 17:00,UIWANG,20FT,0,1,0,0,119,92,0,0
CARRIER_B,2025-07-14 18:00,UIWANG,20FT,0,0,0,0,119,92,0,0
CARRIER_B,2025-07-14 19:00,UIWANG,20FT,0,1,0,0,120,93,0,0
CARRIER_B,2025-07-14 20:00,UIWANG,20FT,0,0,0,0,120,93,0,0
CARRIER_B,2025-07-14 21:00,UIWANG,20FT,0,1,0,0,121,94,0,0
CARRIER_B,2025-07-14 22:00,UIWANG,20FT,0,0,0,0,121,94,0,0
CARRIER_B,2025-07-14 23:00,UIWANG,20FT,0,0,0,0,121,94,0,0
CARRIER_B,2025-07-08 00:00,UIWANG,40FT,0,0,0,0,3,3,0,0
CARRIER_B,2025-07-08 01:00,UIWANG,40FT,0,0,0,0,3,3,0,0
CARRIER_B,2025-07-08 02:00,UIWANG,40FT,0,0,0,0,3,3,0,0
CARRIER_B,2025-07-08 03:00,UIWANG,40FT,0,0,0,0,3,3,0,0
CARRIER_B,2025-07-08 04:00,UIWANG,40FT,0,0,0,0,3,3,0,0
CARRIER_B,2025-07-08 05:00,UIWANG,40FT,0,0,0,0,3,3,0,0
CARRIER_B,2025-07-08 06:00,UIWANG,40FT,0,0,0,0,3,3,0,0
CARRIER_B,2025-07-08 07:00,UIWANG,40FT,0,1,0,0,4,4,0,0
CARRIER_B,2025-07-08 08:00,UIWANG,40FT,0,0,0,0,4,4,0,0
CARRIER_B,2025-07-08 09:00,UIWANG,40FT,0,0,0,0,4,4,0,0
CARRIER_B,2025-07-08 10:00,UIWANG,40FT,0,0,0,0,4,4,0,0
CARRIER_B,2025-07-08 11:00,UIWANG,40FT,0,2,0,0,6,6,0,0
CARRIER_B,2025-07-08 12:00,UIWANG,40FT,1,0,0,0,5,5,0,0
CARRIER_B,2025-07-08 13:00,UIWANG,40FT,0,1,0,0,6,6,0,0
CARRIER_B,2025-07-08 14:00,UIWANG,40FT,0,0,0,0,6,6,0,0
CARRIER_B,2025-07-08 15:00,UIWANG,40FT,0,0,0,2,6,4,0,0
CARRIER_B,2025-07-08 16:00,UIWANG,40FT,0,0,0,0,6,4,0,0
CARRIER_B,2025-07-08 17:00,UIWANG,40FT,1,0,0,0,5,3,0,0
CARRIER_B,2025-07-08 18:00,UIWANG,40FT,0,1,0,0,6,4,0,0
CARRIER_B,2025-07-08 19:00,UIWANG,40FT,0,0,0,0,6,4,0,0
CARRIER_B,2025-07-08 20:00,UIWANG,40FT,0,0,0,0,6,4,0,0
CARRIER_B,2025-07-08 21:00,UIWANG,40FT,0,0,0,0,6,4,0,0
CARRIER_B,2025-07-08 22:00,UIWANG,40FT,0,0,0,0,6,4,0,0
CARRIER_B,2025-07-08 23:00,UIWANG,40FT,0,0,0,0,6,4,0,0
CARRIER_B,2025-07-09 00:00,UIWANG,40FT,0,0,0,0,6,4,0,0
CARRIER_B,2025-07-09 01:00,UIWANG,40FT,0,0,0,0,6,4,0,0
CARRIER_B,2025-07-09 02:00,UIWANG,40FT,0,0,0,0,6,4,0,0
CARRIER_B,2025-07-09 03:00,UIWANG,40FT,0,0,0,0,6,4,0,0
CARRIER_B,2025-07-09 04:00,UIWANG,40FT,0,0,0,0,6,4,0,0
CARRIER_B,2025-07-09 05:00,UIWANG,40FT,0,1,0,0,7,5,0,0
CARRIER_B,2025-07-09 06:00,UIWANG,40FT,0,0,0,0,7,5,0,0
CARRIER_B,2025-07-09 07:00,UIWANG,40FT,0,0,0,0,7,5,0,0
CARRIER_B,2025-07-09 08:00,UIWANG,40FT,0,0,0,0,7,5,0,0
CARRIER_B,2025-07-09 09:00,UIWANG,40FT,0,0,0,0,7,5,0,0
CARRIER_B,2025-07-09 10:00,UIWANG,40FT,0,1,0,0,8,6,0,0
CARRIER_B,2025-07-09 11:00,UIWANG,40FT,0,1,0,0,9,7,0,0
CARRIER_B,2025-07-09 12:00,UIWANG,40FT,0,1,0,0,10,8,0,0
CARRIER_B,2025-07-09 13:00,UIWANG,40FT,0,1,0,0,11,9,0,0
CARRIER_B,2025-07-09 14:00,UIWANG,40FT,0,1,0,0,12,10,0,0
CARRIER_B,2025-07-09 15:00,UIWANG,40FT,0,0,0,0,12,10,0,0
CARRIER_B,2025-07-09 16:00,UIWANG,40FT,0,2,0,0,14,12,0,0
CARRIER_B,2025-07-09 17:00,UIWANG,40FT,0,1,0,0,15,13,0,0
CARRIER_B,2025-07-09 18:00,UIWANG,40FT,0,0,0,0,15,13,0,0
CARRIER_B,2025-07-09 19:00,UIWANG,40FT,0,1,0,0,16,14,0,0
CARRIER_B,2025-07-09 20:00,UIWANG,40FT,0,1,0,0,17,15,0,0
CARRIER_B,2025-07-09 21:00,UIWANG,40FT,0,0,0,0,17,15,0,0
CARRIER_B,2025-07-09 22:00,UIWANG,40FT,0,0,0,0,17,15,0,0
CARRIER_B,2025-07-09 23:00,UIWANG,40FT,0,0,0,0,17,15,0,0
CARRIER_B,2025-07-10 00:00,UIWANG,40FT,0,0,0,0,17,15,0,0
CARRIER_B,2025-07-10 01:00,UIWANG,40FT,0,0,0,0,17,15,0,0
CARRIER_B,2025-07-10 02:00,UIWANG,40FT,0,0,0,0,17,15,0,0
CARRIER_B,2025-07-10 03:00,UIWANG,40FT,0,0,0,0,17,15,0,0
CARRIER_B,2025-07-10 04:00,UIWANG,40FT,0,0,0,0,17,15,0,0
CARRIER_B,2025-07-10 05:00,UIWANG,40FT,0,0,0,0,17,15,0,0
CARRIER_B,2025-07-10 06:00,UIWANG,40FT,0,0,0,0,17,15,0,0
CARRIER_B,2025-07-10 07:00,UIWANG,40FT,1,0,0,0,16,14,0,0
CARRIER_B,2025-07-10 08:00,UIWANG,40FT,1,0,0,0,15,13,0,0
CARRIER_B,2025-07-10 09:00,UIWANG,40FT,0,1,0,0,16,14,0,0
CARRIER_B,2025-07-10 10:00,UIWANG,40FT,0,1,0,0,17,15,0,0
CARRIER_B,2025-07-10 11:00,UIWANG,40FT,0,1,0,0,18,16,0,0
CARRIER_B,2025-07-10 12:00,UIWANG,40FT,0,1,0,0,19,17,0,0
CARRIER_B,2025-07-10 13:00,UIWANG,40FT,1,2,0,0,20,18,0,0
CARRIER_B,2025-07-10 14:00,UIWANG,40FT,0,0,0,0,20,18,0,0
CARRIER_B,2025-07-10 15:00,UIWANG,40FT,0,3,0,0,23,21,0,0
CARRIER_B,2025-07-10 16:00,UIWANG,40FT,0,1,0,0,24,22,0,0
CARRIER_B,2025-07-10 17:00,UIWANG,40FT,0,0,0,0,24,22,0,0
CARRIER_B,2025-07-10 18:00,UIWANG,40FT,0,0,0,0,24,22,0,0
CARRIER_B,2025-07-10 19:00,UIWANG,40FT,0,0,0,0,24,22,0,0
CARRIER_B,2025-07-10 20:00,UIWANG,40FT,0,0,0,0,24,22,0,0
CARRIER_B,2025-07-10 21:00,UIWANG,40FT,0,0,0,0,24,22,0,0
CARRIER_B,2025-07-10 22:00,UIWANG,40FT,0,1,0,0,25,23,0,0
CARRIER_B,2025-07-10 23:00,UIWANG,40FT,0,0,0,0,25,23,0,0
CARRIER_B,2025-07-11 00:00,UIWANG,40FT,0,0,0,0,25,23,0,0
CARRIER_B,2025-07-11 01:00,UIWANG,40FT,0,0,0,0,25,23,0,0
CARRIER_B,2025-07-11 02:00,UIWANG,40FT,0,0,0,0,25,23,0,0
CARRIER_B,2025-07-11 03:00,UIWANG,40FT,0,0,0,0,25,23,0,0
CARRIER_B,2025-07-11 04:00,UIWANG,40FT,0,0,0,0,25,23,0,0
CARRIER_B,2025-07-11 05:00,UIWANG,40FT,0,0,0,0,25,23,0,0
CARRIER_B,2025-07-11 06:00,UIWANG,40FT,0,0,0,0,25,23,0,0
CARRIER_B,2025-07-11 07:00,UIWANG,40FT,0,0,0,0,25,23,0,0
CARRIER_B,2025-07-11 08:00,UIWANG,40FT,0,0,0,0,25,23,0,0
CARRIER_B,2025-07-11 09:00,UIWANG,40FT,0,0,0,0,25,23,0,0
CARRIER_B,2025-07-11 10:00,UIWANG,40FT,0,0,0,0,25,23,0,0
CARRIER_B,2025-07-11 11:00,UIWANG,40FT,0,0,0,0,25,23,0,0
CARRIER_B,2025-07-11 12:00,UIWANG,40FT,0,0,0,0,25,23,0,0
CARRIER_B,2025-07-11 13:00,UIWANG,40FT,0,0,0,0,25,23,0,0
CARRIER_B,2025-07-11 14:00,UIWANG,40FT,0,1,0,0,26,24,0,0
CARRIER_B,2025-07-11 15:00,UIWANG,40FT,0,0,0,0,26,24,0,0
CARRIER_B,2025-07-11 16:00,UIWANG,40FT,0,0,0,0,26,24,0,0
CARRIER_B,2025-07-11 17:00,UIWANG,40FT,0,0,0,0,26,24,0,0
CARRIER_B,2025-07-11 18:00,UIWANG,40FT,0,0,0,0,26,24,0,0
CARRIER_B,2025-07-11 19:00,UIWANG,40FT,0,0,0,0,26,24,0,0
CARRIER_B,2025-07-11 20:00,UIWANG,40FT,0,0,0,0,26,24,0,0
CARRIER_B,2025-07-11 21:00,UIWANG,40FT,0,0,0,0,26,24,0,0
CARRIER_B,2025-07-11 22:00,UIWANG,40FT,0,0,0,0,26,24,0,0
CARRIER_B,2025-07-11 23:00,UIWANG,40FT,0,0,0,0,26,24,0,0
CARRIER_B,2025-07-12 00:00,UIWANG,40FT,0,0,0,0,26,24,0,0
CARRIER_B,2025-07-12 01:00,UIWANG,40FT,0,0,0,0,26,24,0,0
CARRIER_B,2025-07-12 02:00,UIWANG,40FT,0,0,0,0,26,24,0,0
CARRIER_B,2025-07-12 03:00,UIWANG,40FT,0,0,0,0,26,24,0,0
CARRIER_B,2025-07-12 04:00,UIWANG,40FT,0,0,0,0,26,24,0,0
CARRIER_B,2025-07-12 05:00,UIWANG,40FT,0,0,0,0,26,24,0,0
CARRIER_B,2025-07-12 06:00,UIWANG,40FT,0,0,0,0,26,24,0,0
CARRIER_B,2025-07-12 07:00,UIWANG,40FT,0,0,0,0,26,24,0,0
CARRIER_B,2025-07-12 08:00,UIWANG,40FT,0,0,0,0,26,24,0,0
CARRIER_B,2025-07-12 09:00,UIWANG,40FT,0,0,0,0,26,24,0,0
CARRIER_B,2025-07-12 10:00,UIWANG,40FT,0,1,0,0,27,25,0,0
CARRIER_B,2025-07-12 11:00,UIWANG,40FT,0,0,0,0,27,25,0,0
CARRIER_B,2025-07-12 12:00,UIWANG,40FT,0,1,0,0,28,26,0,0
CARRIER_B,2025-07-12 13:00,UIWANG,40FT,0,3,0,0,31,29,0,0
CARRIER_B,2025-07-12 14:00,UIWANG,40FT,0,4,0,0,35,33,0,0
CARRIER_B,2025-07-12 15:00,UIWANG,40FT,0,0,0,0,35,33,0,0
CARRIER_B,2025-07-12 16:00,UIWANG,40FT,0,1,0,0,36,34,0,0
CARRIER_B,2025-07-12 17:00,UIWANG,40FT,0,0,0,0,36,34,0,0
CARRIER_B,2025-07-12 18:00,UIWANG,40FT,0,0,0,0,36,34,0,0
CARRIER_B,2025-07-12 19:00,UIWANG,40FT,0,0,0,0,36,34,0,0
CARRIER_B,2025-07-12 20:00,UIWANG,40FT,0,0,0,0,36,34,0,0
CARRIER_B,2025-07-12 21:00,UIWANG,40FT,0,1,0,0,37,35,0,0
CARRIER_B,2025-07-12 22:00,UIWANG,40FT,0,0,0,0,37,35,0,0
CARRIER_B,2025-07-12 23:00,UIWANG,40FT,0,0,0,0,37,35,0,0
CARRIER_B,2025-07-13 00:00,UIWANG,40FT,0,0,0,0,37,35,0,0
CARRIER_B,2025-07-13 01:00,UIWANG,40FT,0,0,0,0,37,35,0,0
CARRIER_B,2025-07-13 02:00,UIWANG,40FT,0,0,0,0,37,35,0,0
CARRIER_B,2025-07-13 03:00,UIWANG,40FT,0,0,0,0,37,35,0,0
CARRIER_B,2025-07-13 04:00,UIWANG,40FT,0,0,0,0,37,35,0,0
CARRIER_B,2025-07-13 05:00,UIWANG,40FT,0,0,0,0,37,35,0,0
CARRIER_B,2025-07-13 06:00,UIWANG,40FT,0,1,0,0,38,36,0,0
CARRIER_B,2025-07-13 07:00,UIWANG,40FT,0,1,0,0,39,37,0,0
CARRIER_B,2025-07-13 08:00,UIWANG,40FT,0,0,0,0,39,37,0,0
CARRIER_B,2025-07-13 09:00,UIWANG,40FT,0,1,0,0,40,38,0,0
CARRIER_B,2025-07-13 10:00,UIWANG,40FT,0,0,0,0,40,38,0,0
CARRIER_B,2025-07-13 11:00,UIWANG,40FT,0,0,0,0,40,38,0,0
CARRIER_B,2025-07-13 12:00,UIWANG,40FT,0,0,0,0,40,38,0,0
CARRIER_B,2025-07-13 13:00,UIWANG,40FT,1,2,0,0,41,39,0,0
CARRIER_B,2025-07-13 14:00,UIWANG,40FT,0,0,0,0,41,39,0,0
CARRIER_B,2025-07-13 15:00,UIWANG,40FT,0,0,0,0,41,39,0,0
CARRIER_B,2025-07-13 16:00,UIWANG,40FT,1,1,0,0,41,39,0,0
CARRIER_B,2025-07-13 17:00,UIWANG,40FT,0,0,0,0,41,39,0,0
CARRIER_B,2025-07-13 18:00,UIWANG,40FT,0,0,0,0,41,39,0,0
CARRIER_B,2025-07-13 19:00,UIWANG,40FT,0,1,0,0,42,40,0,0
CARRIER_B,2025-07-13 20:00,UIWANG,40FT,0,0,0,0,42,40,0,0
CARRIER_B,2025-07-13 21:00,UIWANG,40FT,0,0,0,0,42,40,0,0
CARRIER_B,2025-07-13 22:00,UIWANG,40FT,0,0,0,0,42,40,0,0
CARRIER_B,2025-07-13 23:00,UIWANG,40FT,0,0,0,0,42,40,0,0
CARRIER_B,2025-07-14 00:00,UIWANG,40FT,0,0,0,0,42,40,0,0
CARRIER_B,2025-07-14 01:00,UIWANG,40FT,0,0,0,0,42,40,0,0
CARRIER_B,2025-07-14 02:00,UIWANG,40FT,0,0,0,0,42,40,0,0
CARRIER_B,2025-07-14 03:00,UIWANG,40FT,0,0,0,0,42,40,0,0
CARRIER_B,2025-07-14 04:00,UIWANG,40FT,0,0,0,0,42,40,0,0
CARRIER_B,2025-07-14 05:00,UIWANG,40FT,0,0,0,0,42,40,0,0
CARRIER_B,2025-07-14 06:00,UIWANG,40FT,0,1,0,0,43,41,0,0
CARRIER_B,2025-07-14 07:00,UIWANG,40FT,0,0,0,0,43,41,0,0
CARRIER_B,2025-07-14 08:00,UIWANG,40FT,0,0,0,0,43,41,0,0
CARRIER_B,2025-07-14 09:00,UIWANG,40FT,0,0,0,0,43,41,0,0
CARRIER_B,2025-07-14 10:00,UIWANG,40FT,0,0,0,0,43,41,0,0
CARRIER_B,2025-07-14 11:00,UIWANG,40FT,0,2,0,0,45,43,0,0
CARRIER_B,2025-07-14 12:00,UIWANG,40FT,0,0,0,0,45,43,0,0
CARRIER_B,2025-07-14 13:00,UIWANG,40FT,0,0,0,0,45,43,0,0
CARRIER_B,2025-07-14 14:00,UIWANG,40FT,0,0,0,0,45,43,0,0
CARRIER_B,2025-07-14 15:00,UIWANG,40FT,0,0,0,0,45,43,0,0
CARRIER_B,2025-07-14 16:00,UIWANG,40FT,0,1,0,0,46,44,0,0
CARRIER_B,2025-07-14 17:00,UIWANG,40FT,0,1,0,0,47,45,0,0
CARRIER_B,2025-07-14 18:00,UIWANG,40FT,0,1,0,0,48,46,0,0
CARRIER_B,2025-07-14 19:00,UIWANG,40FT,0,0,0,0,48,46,0,0
CARRIER_B,2025-07-14 20:00,UIWANG,40FT,0,0,0,0,48,46,0,0
CARRIER_B,2025-07-14 21:00,UIWANG,40FT,0,0,0,0,48,46,0,0
CARRIER_B,2025-07-14 22:00,UIWANG,40FT,0,0,0,0,48,46,0,0
CARRIER_B,2025-07-14 23:00,UIWANG,40FT,0,0,0,0,48,46,0,0
CARRIER_B,2025-07-08 00:00,YAKMOK,20FT,0,0,0,0,11,11,0,0
CARRIER_B,2025-07-08 01:00,YAKMOK,20FT,0,0,0,0,11,11,0,0
CARRIER_B,2025-07-08 02:00,YAKMOK,20FT,0,0,0,0,11,11,0,0
CARRIER_B,2025-07-08 03:00,YAKMOK,20FT,0,0,0,0,11,11,0,0
CARRIER_B,2025-07-08 04:00,YAKMOK,20FT,0,0,0,0,11,11,0,0
CARRIER_B,2025-07-08 05:00,YAKMOK,20FT,0,0,0,0,11,11,0,0
CARRIER_B,2025-07-08 06:00,YAKMOK,20FT,0,0,0,0,11,11,0,0
CARRIER_B,2025-07-08 07:00,YAKMOK,20FT,0,0,0,0,11,11,0,0
CARRIER_B,2025-07-08 08:00,YAKMOK,20FT,0,0,0,0,11,11,0,0
CARRIER_B,2025-07-08 09:00,YAKMOK,20FT,1,0,0,0,10,10,0,0
CARRIER_B,2025-07-08 10:00,YAKMOK,20FT,0,1,0,0,11,11,0,0
CARRIER_B,2025-07-08 11:00,YAKMOK,20FT,1,1,0,0,11,11,0,0
CARRIER_B,2025-07-08 12:00,YAKMOK,20FT,0,0,0,0,11,11,0,0
CARRIER_B,2025-07-08 13:00,YAKMOK,20FT,0,0,0,0,11,11,0,0
CARRIER_B,2025-07-08 14:00,YAKMOK,20FT,1,1,0,0,11,11,0,0
CARRIER_B,2025-07-08 15:00,YAKMOK,20FT,1,0,0,0,10,10,0,0
CARRIER_B,2025-07-08 16:00,YAKMOK,20FT,0,1,0,0,11,11,0,0
CARRIER_B,2025-07-08 17:00,YAKMOK,20FT,1,0,0,0,10,10,0,0
CARRIER_B,2025-07-08 18:00,YAKMOK,20FT,0,0,0,0,10,10,0,0
CARRIER_B,2025-07-08 19:00,YAKMOK,20FT,0,0,0,0,10,10,0,0
CARRIER_B,2025-07-08 20:00,YAKMOK,20FT,0,1,0,0,11,11,0,0
CARRIER_B,2025-07-08 21:00,YAKMOK,20FT,0,0,0,0,11,11,0,0
CARRIER_B,2025-07-08 22:00,YAKMOK,20FT,0,0,0,0,11,11,0,0
CARRIER_B,2025-07-08 23:00,YAKMOK,20FT,0,0,0,0,11,11,0,0
CARRIER_B,2025-07-09 00:00,YAKMOK,20FT,0,0,0,0,11,11,0,0
CARRIER_B,2025-07-09 01:00,YAKMOK,20FT,0,0,0,0,11,11,0,0
CARRIER_B,2025-07-09 02:00,YAKMOK,20FT,0,0,0,0,11,11,0,0
CARRIER_B,2025-07-09 03:00,YAKMOK,20FT,0,0,0,0,11,11,0,0
CARRIER_B,2025-07-09 04:00,YAKMOK,20FT,0,0,0,0,11,11,0,0
CARRIER_B,2025-07-09 05:00,YAKMOK,20FT,0,0,0,0,11,11,0,0
CARRIER_B,2025-07-09 06:00,YAKMOK,20FT,0,0,0,0,11,11,0,0
CARRIER_B,2025-07-09 07:00,YAKMOK,20FT,1,0,0,0,10,10,0,0
CARRIER_B,2025-07-09 08:00,YAKMOK,20FT,0,0,0,0,10,10,0,0
CARRIER_B,2025-07-09 09:00,YAKMOK,20FT,0,0,0,0,10,10,0,0
CARRIER_B,2025-07-09 10:00,YAKMOK,20FT,2,0,0,0,8,8,0,0
CARRIER_B,2025-07-09 11:00,YAKMOK,20FT,0,0,0,0,8,8,0,0
CARRIER_B,2025-07-09 12:00,YAKMOK,20FT,0,0,0,0,8,8,0,0
CARRIER_B,2025-07-09 13:00,YAKMOK,20FT,1,0,0,0,7,7,0,0
CARRIER_B,2025-07-09 14:00,YAKMOK,20FT,0,0,0,0,7,7,0,0
CARRIER_B,2025-07-09 15:00,YAKMOK,20FT,0,0,0,0,7,7,0,0
CARRIER_B,2025-07-09 16:00,YAKMOK,20FT,0,0,0,0,7,7,0,0
CARRIER_B,2025-07-09 17:00,YAKMOK,20FT,0,0,0,0,7,7,0,0
CARRIER_B,2025-07-09 18:00,YAKMOK,20FT,0,0,0,0,7,7,0,0
CARRIER_B,2025-07-09 19:00,YAKMOK,20FT,0,0,0,0,7,7,0,0
CARRIER_B,2025-07-09 20:00,YAKMOK,20FT,0,0,0,0,7,7,0,0
CARRIER_B,2025-07-09 21:00,YAKMOK,20FT,0,0,0,0,7,7,0,0
CARRIER_B,2025-07-09 22:00,YAKMOK,20FT,0,0,0,0,7,7,0,0
CARRIER_B,2025-07-09 23:00,YAKMOK,20FT,0,0,0,0,7,7,0,0
CARRIER_B,2025-07-10 00:00,YAKMOK,20FT,0,0,0,0,7,7,0,0
CARRIER_B,2025-07-10 01:00,YAKMOK,20FT,0,0,0,0,7,7,0,0
CARRIER_B,2025-07-10 02:00,YAKMOK,20FT,0,0,0,0,7,7,0,0
CARRIER_B,2025-07-10 03:00,YAKMOK,20FT,0,0,0,0,7,7,0,0
CARRIER_B,2025-07-10 04:00,YAKMOK,20FT,0,0,0,0,7,7,0,0
CARRIER_B,2025-07-10 05:00,YAKMOK,20FT,0,0,0,0,7,7,0,0
CARRIER_B,2025-07-10 06:00,YAKMOK,20FT,0,0,0,0,7,7,0,0
CARRIER_B,2025-07-10 07:00,YAKMOK,20FT,0,0,0,0,7,7,0,0
CARRIER_B,2025-07-10 08:00,YAKMOK,20FT,1,0,0,0,6,6,0,0
CARRIER_B,2025-07-10 09:00,YAKMOK,20FT,0,0,0,0,6,6,0,0
CARRIER_B,2025-07-10 10:00,YAKMOK,20FT,0,0,0,0,6,6,0,0
CARRIER_B,2025-07-10 11:00,YAKMOK,20FT,0,2,0,0,8,8,0,0
CARRIER_B,2025-07-10 12:00,YAKMOK,20FT,2,0,0,0,6,6,0,0
CARRIER_B,2025-07-10 13:00,YAKMOK,20FT,0,1,0,0,7,7,0,0
CARRIER_B,2025-07-10 14:00,YAKMOK,20FT,0,0,0,0,7,7,0,0
CARRIER_B,2025-07-10 15:00,YAKMOK,20FT,1,0,0,0,6,6,0,0
CARRIER_B,2025-07-10 16:00,YAKMOK,20FT,0,0,0,0,6,6,0,0
CARRIER_B,2025-07-10 17:00,YAKMOK,20FT,0,1,0,0,7,7,0,0
CARRIER_B,2025-07-10 18:00,YAKMOK,20FT,0,0,0,0,7,7,0,0
CARRIER_B,2025-07-10 19:00,YAKMOK,20FT,0,0,0,0,7,7,0,0
CARRIER_B,2025-07-10 20:00,YAKMOK,20FT,0,0,0,0,7,7,0,0
CARRIER_B,2025-07-10 21:00,YAKMOK,20FT,0,0,0,0,7,7,0,0
CARRIER_B,2025-07-10 22:00,YAKMOK,20FT,0,0,0,0,7,7,0,0
CARRIER_B,2025-07-10 23:00,YAKMOK,20FT,0,0,0,0,7,7,0,0
CARRIER_B,2025-07-11 00:00,YAKMOK,20FT,0,0,0,0,7,7,0,0
CARRIER_B,2025-07-11 01:00,YAKMOK,20FT,0,0,0,0,7,7,0,0
CARRIER_B,2025-07-11 02:00,YAKMOK,20FT,0,0,0,0,7,7,0,0
CARRIER_B,2025-07-11 03:00,YAKMOK,20FT,0,0,0,0,7,7,0,0
CARRIER_B,2025-07-11 04:00,YAKMOK,20FT,0,0,0,0,7,7,0,0
CARRIER_B,2025-07-11 05:00,YAKMOK,20FT,0,0,0,0,7,7,0,0
CARRIER_B,2025-07-11 06:00,YAKMOK,20FT,0,0,0,0,7,7,0,0
CARRIER_B,2025-07-11 07:00,YAKMOK,20FT,0,0,0,0,7,7,0,0
CARRIER_B,2025-07-11 08:00,YAKMOK,20FT,1,0,0,0,6,6,0,0
CARRIER_B,2025-07-11 09:00,YAKMOK,20FT,0,0,0,0,6,6,0,0
CARRIER_B,2025-07-11 10:00,YAKMOK,20FT,0,0,0,0,6,6,0,0
CARRIER_B,2025-07-11 11:00,YAKMOK,20FT,0,0,0,0,6,6,0,0
CARRIER_B,2025-07-11 12:00,YAKMOK,20FT,0,0,0,0,6,6,0,0
CARRIER_B,2025-07-11 13:00,YAKMOK,20FT,1,0,0,0,5,5,0,0
CARRIER_B,2025-07-11 14:00,YAKMOK,20FT,0,0,0,0,5,5,0,0
CARRIER_B,2025-07-11 15:00,YAKMOK,20FT,1,1,0,0,5,5,0,0
CARRIER_B,2025-07-11 16:00,YAKMOK,20FT,0,0,0,0,5,5,0,0
CARRIER_B,2025-07-11 17:00,YAKMOK,20FT,1,0,0,0,4,4,0,0
CARRIER_B,2025-07-11 18:00,YAKMOK,20FT,0,0,0,0,4,4,0,0
CARRIER_B,2025-07-11 19:00,YAKMOK,20FT,0,0,0,0,4,4,0,0
CARRIER_B,2025-07-11 20:00,YAKMOK,20FT,0,0,0,0,4,4,0,0
CARRIER_B,2025-07-11 21:00,YAKMOK,20FT,0,0,0,0,4,4,0,0
CARRIER_B,2025-07-11 22:00,YAKMOK,20FT,0,0,0,0,4,4,0,0
CARRIER_B,2025-07-11 23:00,YAKMOK,20FT,0,0,0,0,4,4,0,0
CARRIER_B,2025-07-12 00:00,YAKMOK,20FT,0,0,0,0,4,4,0,0
CARRIER_B,2025-07-12 01:00,YAKMOK,20FT,0,0,0,0,4,4,0,0
CARRIER_B,2025-07-12 02:00,YAKMOK,20FT,0,0,0,0,4,4,0,0
CARRIER_B,2025-07-12 03:00,YAKMOK,20FT,0,0,0,0,4,4,0,0
CARRIER_B,2025-07-12 04:00,YAKMOK,20FT,0,0,0,0,4,4,0,0
CARRIER_B,2025-07-12 05:00,YAKMOK,20FT,0,0,0,0,4,4,0,0
CARRIER_B,2025-07-12 06:00,YAKMOK,20FT,1,0,0,0,3,3,0,0
CARRIER_B,2025-07-12 07:00,YAKMOK,20FT,0,0,0,0,3,3,0,0
CARRIER_B,2025-07-12 08:00,YAKMOK,20FT,0,1,0,0,4,4,0,0
CARRIER_B,2025-07-12 09:00,YAKMOK,20FT,1,0,0,0,3,3,0,0
CARRIER_B,2025-07-12 10:00,YAKMOK,20FT,0,0,0,0,3,3,0,0
CARRIER_B,2025-07-12 11:00,YAKMOK,20FT,0,0,0,0,3,3,0,0
CARRIER_B,2025-07-12 12:00,YAKMOK,20FT,0,0,0,0,3,3,0,0
CARRIER_B,2025-07-12 13:00,YAKMOK,20FT,1,0,0,0,2,2,0,0
CARRIER_B,2025-07-12 14:00,YAKMOK,20FT,0,0,0,0,2,2,0,0
CARRIER_B,2025-07-12 15:00,YAKMOK,20FT,0,0,0,0,2,2,0,0
CARRIER_B,2025-07-12 16:00,YAKMOK,20FT,0,0,0,0,2,2,0,0
CARRIER_B,2025-07-12 17:00,YAKMOK,20FT,0,0,0,0,2,2,0,0
CARRIER_B,2025-07-12 18:00,YAKMOK,20FT,0,0,0,0,2,2,0,0
CARRIER_B,2025-07-12 19:00,YAKMOK,20FT,0,0,0,0,2,2,0,0
CARRIER_B,2025-07-12 20:00,YAKMOK,20FT,0,0,0,0,2,2,0,0
CARRIER_B,2025-07-12 21:00,YAKMOK,20FT,0,0,0,0,2,2,0,0
CARRIER_B,2025-07-12 22:00,YAKMOK,20FT,0,0,0,0,2,2,0,0
CARRIER_B,2025-07-12 23:00,YAKMOK,20FT,0,0,0,0,2,2,0,0
CARRIER_B,2025-07-13 00:00,YAKMOK,20FT,0,0,0,0,2,2,0,0
CARRIER_B,2025-07-13 01:00,YAKMOK,20FT,0,0,0,0,2,2,0,0
CARRIER_B,2025-07-13 02:00,YAKMOK,20FT,0,0,0,0,2,2,0,0
CARRIER_B,2025-07-13 03:00,YAKMOK,20FT,0,0,0,0,2,2,0,0
CARRIER_B,2025-07-13 04:00,YAKMOK,20FT,0,0,0,0,2,2,0,0
CARRIER_B,2025-07-13 05:00,YAKMOK,20FT,0,0,0,0,2,2,0,0
CARRIER_B,2025-07-13 06:00,YAKMOK,20FT,0,0,0,0,2,2,0,0
CARRIER_B,2025-07-13 07:00,YAKMOK,20FT,0,0,0,0,2,2,0,0
CARRIER_B,2025-07-13 08:00,YAKMOK,20FT,0,0,0,0,2,2,0,0
CARRIER_B,2025-07-13 09:00,YAKMOK,20FT,0,0,0,0,2,2,0,0
CARRIER_B,2025-07-13 10:00,YAKMOK,20FT,0,1,0,0,3,3,0,0
CARRIER_B,2025-07-13 11:00,YAKMOK,20FT,0,0,0,0,3,3,0,0
CARRIER_B,2025-07-13 12:00,YAKMOK,20FT,0,0,0,0,3,3,0,0
CARRIER_B,2025-07-13 13:00,YAKMOK,20FT,0,0,0,0,3,3,0,0
CARRIER_B,2025-07-13 14:00,YAKMOK,20FT,0,0,0,0,3,3,0,0
CARRIER_B,2025-07-13 15:00,YAKMOK,20FT,1,0,0,0,2,2,0,0
CARRIER_B,2025-07-13 16:00,YAKMOK,20FT,0,0,0,0,2,2,0,0
CARRIER_B,2025-07-13 17:00,YAKMOK,20FT,0,0,0,0,2,2,0,0
CARRIER_B,2025-07-13 18:00,YAKMOK,20FT,0,0,0,0,2,2,0,0
CARRIER_B,2025-07-13 19:00,YAKMOK,20FT,0,0,0,0,2,2,0,0
CARRIER_B,2025-07-13 20:00,YAKMOK,20FT,0,0,0,0,2,2,0,0
CARRIER_B,2025-07-13 21:00,YAKMOK,20FT,0,0,0,0,2,2,0,0
CARRIER_B,2025-07-13 22:00,YAKMOK,20FT,0,0,0,0,2,2,0,0
CARRIER_B,2025-07-13 23:00,YAKMOK,20FT,0,0,0,0,2,2,0,0
CARRIER_B,2025-07-14 00:00,YAKMOK,20FT,0,0,0,0,2,2,0,0
CARRIER_B,2025-07-14 01:00,YAKMOK,20FT,0,0,0,0,2,2,0,0
CARRIER_B,2025-07-14 02:00,YAKMOK,20FT,0,0,0,0,2,2,0,0
CARRIER_B,2025-07-14 03:00,YAKMOK,20FT,0,0,0,0,2,2,0,0
CARRIER_B,2025-07-14 04:00,YAKMOK,20FT,0,0,0,0,2,2,0,0
CARRIER_B,2025-07-14 05:00,YAKMOK,20FT,0,0,0,0,2,2,0,0
CARRIER_B,2025-07-14 06:00,YAKMOK,20FT,0,0,0,0,2,2,0,0
CARRIER_B,2025-07-14 07:00,YAKMOK,20FT,1,0,0,0,1,1,0,0
CARRIER_B,2025-07-14 08:00,YAKMOK,20FT,1,0,0,0,0,0,0,0
CARRIER_B,2025-07-14 09:00,YAKMOK,20FT,0,1,0,0,1,1,0,0
CARRIER_B,2025-07-14 10:00,YAKMOK,20FT,0,0,0,0,1,1,0,0
CARRIER_B,2025-07-14 11:00,YAKMOK,20FT,1,0,0,0,0,0,0,0
CARRIER_B,2025-07-14 12:00,YAKMOK,20FT,0,0,0,0,0,0,0,0
CARRIER_B,2025-07-14 13:00,YAKMOK,20FT,0,0,0,0,0,0,0,0
CARRIER_B,2025-07-14 14:00,YAKMOK,20FT,0,1,0,0,1,1,0,0
CARRIER_B,2025-07-14 15:00,YAKMOK,20FT,0,0,0,0,1,1,0,0
CARRIER_B,2025-07-14 16:00,YAKMOK,20FT,0,0,0,0,1,1,0,0
CARRIER_B,2025-07-14 17:00,YAKMOK,20FT,0,1,0,0,2,2,0,0
CARRIER_B,2025-07-14 18:00,YAKMOK,20FT,1,0,0,0,1,1,0,0
CARRIER_B,2025-07-14 19:00,YAKMOK,20FT,0,0,0,0,1,1,0,0
CARRIER_B,2025-07-14 20:00,YAKMOK,20FT,0,0,0,0,1,1,0,0
CARRIER_B,2025-07-14 21:00,YAKMOK,20FT,0,0,0,0,1,1,0,0
CARRIER_B,2025-07-14 22:00,YAKMOK,20FT,0,0,0,0,1,1,0,0
CARRIER_B,2025-07-14 23:00,YAKMOK,20FT,0,0,0,0,1,1,0,0
CARRIER_B,2025-07-08 00:00,YAKMOK,40FT,0,0,0,0,3,3,0,0
CARRIER_B,2025-07-08 01:00,YAKMOK,40FT,0,0,0,0,3,3,0,0
CARRIER_B,2025-07-08 02:00,YAKMOK,40FT,0,0,0,0,3,3,0,0
CARRIER_B,2025-07-08 03:00,YAKMOK,40FT,0,0,0,0,3,3,0,0
CARRIER_B,2025-07-08 04:00,YAKMOK,40FT,0,0,0,0,3,3,0,0
CARRIER_B,2025-07-08 05:00,YAKMOK,40FT,0,0,0,0,3,3,0,0
CARRIER_B,2025-07-08 06:00,YAKMOK,40FT,0,0,0,0,3,3,0,0
CARRIER_B,2025-07-08 07:00,YAKMOK,40FT,1,0,0,0,2,2,0,0
CARRIER_B,2025-07-08 08:00,YAKMOK,40FT,0,0,0,0,2,2,0,0
CARRIER_B,2025-07-08 09:00,YAKMOK,40FT,0,0,0,0,2,2,0,0
CARRIER_B,2025-07-08 10:00,YAKMOK,40FT,0,0,0,0,2,2,0,0
CARRIER_B,2025-07-08 11:00,YAKMOK,40FT,0,1,0,0,3,3,0,0
CARRIER_B,2025-07-08 12:00,YAKMOK,40FT,0,0,0,0,3,3,0,0
CARRIER_B,2025-07-08 13:00,YAKMOK,40FT,0,0,0,0,3,3,0,0
CARRIER_B,2025-07-08 14:00,YAKMOK,40FT,0,0,0,0,3,3,0,0
CARRIER_B,2025-07-08 15:00,YAKMOK,40FT,0,0,0,0,3,3,0,0
CARRIER_B,2025-07-08 16:00,YAKMOK,40FT,0,0,0,0,3,3,0,0
CARRIER_B,2025-07-08 17:00,YAKMOK,40FT,0,0,0,0,3,3,0,0
CARRIER_B,2025-07-08 18:00,YAKMOK,40FT,0,0,0,0,3,3,0,0
CARRIER_B,2025-07-08 19:00,YAKMOK,40FT,0,0,0,0,3,3,0,0
CARRIER_B,2025-07-08 20:00,YAKMOK,40FT,0,1,0,0,4,4,0,0
CARRIER_B,2025-07-08 21:00,YAKMOK,40FT,0,0,0,0,4,4,0,0
CARRIER_B,2025-07-08 22:00,YAKMOK,40FT,0,0,0,0,4,4,0,0
CARRIER_B,2025-07-08 23:00,YAKMOK,40FT,0,0,0,0,4,4,0,0
CARRIER_B,2025-07-09 00:00,YAKMOK,40FT,0,0,0,0,4,4,0,0
CARRIER_B,2025-07-09 01:00,YAKMOK,40FT,0,0,0,0,4,4,0,0
CARRIER_B,2025-07-09 02:00,YAKMOK,40FT,0,0,0,0,4,4,0,0
CARRIER_B,2025-07-09 03:00,YAKMOK,40FT,0,0,0,0,4,4,0,0
CARRIER_B,2025-07-09 04:00,YAKMOK,40FT,0,0,0,0,4,4,0,0
CARRIER_B,2025-07-09 05:00,YAKMOK,40FT,0,0,0,0,4,4,0,0
CARRIER_B,2025-07-09 06:00,YAKMOK,40FT,0,0,0,0,4,4,0,0
CARRIER_B,2025-07-09 07:00,YAKMOK,40FT,0,0,0,0,4,4,0,0
CARRIER_B,2025-07-09 08:00,YAKMOK,40FT,0,0,0,0,4,4,0,0
CARRIER_B,2025-07-09 09:00,YAKMOK,40FT,0,0,0,0,4,4,0,0
CARRIER_B,2025-07-09 10:00,YAKMOK,40FT,0,0,0,0,4,4,0,0
CARRIER_B,2025-07-09 11:00,YAKMOK,40FT,1,0,0,0,3,3,0,0
CARRIER_B,2025-07-09 12:00,YAKMOK,40FT,0,0,0,0,3,3,0,0
CARRIER_B,2025-07-09 13:00,YAKMOK,40FT,0,0,0,0,3,3,0,0
CARRIER_B,2025-07-09 14:00,YAKMOK,40FT,0,0,0,0,3,3,0,0
CARRIER_B,2025-07-09 15:00,YAKMOK,40FT,0,1,0,0,4,4,0,0
CARRIER_B,2025-07-09 16:00,YAKMOK,40FT,0,1,0,0,5,5,0,0
CARRIER_B,2025-07-09 17:00,YAKMOK,40FT,0,0,0,0,5,5,0,0
CARRIER_B,2025-07-09 18:00,YAKMOK,40FT,0,0,0,0,5,5,0,0
CARRIER_B,2025-07-09 19:00,YAKMOK,40FT,0,0,0,0,5,5,0,0
CARRIER_B,2025-07-09 20:00,YAKMOK,40FT,0,0,0,0,5,5,0,0
CARRIER_B,2025-07-09 21:00,YAKMOK,40FT,0,0,0,0,5,5,0,0
CARRIER_B,2025-07-09 22:00,YAKMOK,40FT,0,0,0,0,5,5,0,0
CARRIER_B,2025-07-09 23:00,YAKMOK,40FT,0,0,0,0,5,5,0,0
CARRIER_B,2025-07-10 00:00,YAKMOK,40FT,0,0,0,0,5,5,0,0
CARRIER_B,2025-07-10 01:00,YAKMOK,40FT,0,0,0,0,5,5,0,0
CARRIER_B,2025-07-10 02:00,YAKMOK,40FT,0,0,0,0,5,5,0,0
CARRIER_B,2025-07-10 03:00,YAKMOK,40FT,0,0,0,0,5,5,0,0
CARRIER_B,2025-07-10 04:00,YAKMOK,40FT,0,0,0,0,5,5,0,0
CARRIER_B,2025-07-10 05:00,YAKMOK,40FT,0,0,0,0,5,5,0,0
CARRIER_B,2025-07-10 06:00,YAKMOK,40FT,0,0,0,0,5,5,0,0
CARRIER_B,2025-07-10 07:00,YAKMOK,40FT,0,0,0,0,5,5,0,0
CARRIER_B,2025-07-10 08:00,YAKMOK,40FT,0,1,0,0,6,6,0,0
CARRIER_B,2025-07-10 09:00,YAKMOK,40FT,0,0,0,0,6,6,0,0
CARRIER_B,2025-07-10 10:00,YAKMOK,40FT,0,0,0,0,6,6,0,0
CARRIER_B,2025-07-10 11:00,YAKMOK,40FT,0,0,0,0,6,6,0,0
CARRIER_B,2025-07-10 12:00,YAKMOK,40FT,0,1,0,0,7,7,0,0
CARRIER_B,2025-07-10 13:00,YAKMOK,40FT,0,0,0,0,7,7,0,0
CARRIER_B,2025-07-10 14:00,YAKMOK,40FT,0,1,0,0,8,8,0,0
CARRIER_B,2025-07-10 15:00,YAKMOK,40FT,0,0,0,0,8,8,0,0
CARRIER_B,2025-07-10 16:00,YAKMOK,40FT,0,0,0,0,8,8,0,0
CARRIER_B,2025-07-10 17:00,YAKMOK,40FT,0,1,0,0,9,9,0,0
CARRIER_B,2025-07-10 18:00,YAKMOK,40FT,0,0,0,0,9,9,0,0
CARRIER_B,2025-07-10 19:00,YAKMOK,40FT,0,0,0,0,9,9,0,0
CARRIER_B,2025-07-10 20:00,YAKMOK,40FT,0,0,0,0,9,9,0,0
CARRIER_B,2025-07-10 21:00,YAKMOK,40FT,0,0,0,0,9,9,0,0
CARRIER_B,2025-07-10 22:00,YAKMOK,40FT,0,0,0,0,9,9,0,0
CARRIER_B,2025-07-10 23:00,YAKMOK,40FT,0,0,0,0,9,9,0,0
CARRIER_B,2025-07-11 00:00,YAKMOK,40FT,0,0,0,0,9,9,0,0
CARRIER_B,2025-07-11 01:00,YAKMOK,40FT,0,0,0,0,9,9,0,0
CARRIER_B,2025-07-11 02:00,YAKMOK,40FT,0,0,0,0,9,9,0,0
CARRIER_B,2025-07-11 03:00,YAKMOK,40FT,0,0,0,0,9,9,0,0
CARRIER_B,2025-07-11 04:00,YAKMOK,40FT,0,0,0,0,9,9,0,0
CARRIER_B,2025-07-11 05:00,YAKMOK,40FT,0,0,0,0,9,9,0,0
CARRIER_B,2025-07-11 06:00,YAKMOK,40FT,0,0,0,0,9,9,0,0
CARRIER_B,2025-07-11 07:00,YAKMOK,40FT,0,0,0,0,9,9,0,0
CARRIER_B,2025-07-11 08:00,YAKMOK,40FT,0,0,0,0,9,9,0,0
CARRIER_B,2025-07-11 09:00,YAKMOK,40FT,0,0,0,0,9,9,0,0
CARRIER_B,2025-07-11 10:00,YAKMOK,40FT,0,0,0,0,9,9,0,0
CARRIER_B,2025-07-11 11:00,YAKMOK,40FT,0,0,0,0,9,9,0,0
CARRIER_B,2025-07-11 12:00,YAKMOK,40FT,0,0,0,0,9,9,0,0
CARRIER_B,2025-07-11 13:00,YAKMOK,40FT,0,0,0,0,9,9,0,0
CARRIER_B,2025-07-11 14:00,YAKMOK,40FT,0,0,0,0,9,9,0,0
CARRIER_B,2025-07-11 15:00,YAKMOK,40FT,0,1,0,0,10,10,0,0
CARRIER_B,2025-07-11 16:00,YAKMOK,40FT,0,0,0,0,10,10,0,0
CARRIER_B,2025-07-11 17:00,YAKMOK,40FT,0,0,0,0,10,10,0,0
CARRIER_B,2025-07-11 18:00,YAKMOK,40FT,0,0,0,0,10,10,0,0
CARRIER_B,2025-07-11 19:00,YAKMOK,40FT,0,0,0,0,10,10,0,0
CARRIER_B,2025-07-11 20:00,YAKMOK,40FT,0,0,0,0,10,10,0,0
CARRIER_B,2025-07-11 21:00,YAKMOK,40FT,0,0,0,0,10,10,0,0
CARRIER_B,2025-07-11 22:00,YAKMOK,40FT,0,0,0,0,10,10,0,0
CARRIER_B,2025-07-11 23:00,YAKMOK,40FT,0,0,0,0,10,10,0,0
CARRIER_B,2025-07-12 00:00,YAKMOK,40FT,0,0,0,0,10,10,0,0
CARRIER_B,2025-07-12 01:00,YAKMOK,40FT,0,0,0,0,10,10,0,0
CARRIER_B,2025-07-12 02:00,YAKMOK,40FT,0,0,0,0,10,10,0,0
CARRIER_B,2025-07-12 03:00,YAKMOK,40FT,0,0,0,0,10,10,0,0
CARRIER_B,2025-07-12 04:00,YAKMOK,40FT,0,0,0,0,10,10,0,0
CARRIER_B,2025-07-12 05:00,YAKMOK,40FT,0,0,0,0,10,10,0,0
CARRIER_B,2025-07-12 06:00,YAKMOK,40FT,0,0,0,0,10,10,0,0
CARRIER_B,2025-07-12 07:00,YAKMOK,40FT,0,0,0,0,10,10,0,0
CARRIER_B,2025-07-12 08:00,YAKMOK,40FT,0,0,0,0,10,10,0,0
CARRIER_B,2025-07-12 09:00,YAKMOK,40FT,0,0,0,0,10,10,0,0
CARRIER_B,2025-07-12 10:00,YAKMOK,40FT,0,0,0,0,10,10,0,0
CARRIER_B,2025-07-12 11:00,YAKMOK,40FT,0,0,0,0,10,10,0,0
CARRIER_B,2025-07-12 12:00,YAKMOK,40FT,0,0,0,0,10,10,0,0
CARRIER_B,2025-07-12 13:00,YAKMOK,40FT,0,0,0,0,10,10,0,0
CARRIER_B,2025-07-12 14:00,YAKMOK,40FT,0,1,0,0,11,11,0,0
CARRIER_B,2025-07-12 15:00,YAKMOK,40FT,0,0,0,0,11,11,0,0
CARRIER_B,2025-07-12 16:00,YAKMOK,40FT,0,0,0,0,11,11,0,0
CARRIER_B,2025-07-12 17:00,YAKMOK,40FT,0,0,0,0,11,11,0,0
CARRIER_B,2025-07-12 18:00,YAKMOK,40FT,0,0,0,0,11,11,0,0
CARRIER_B,2025-07-12 19:00,YAKMOK,40FT,0,0,0,0,11,11,0,0
CARRIER_B,2025-07-12 20:00,YAKMOK,40FT,0,0,0,0,11,11,0,0
CARRIER_B,2025-07-12 21:00,YAKMOK,40FT,0,0,0,0,11,11,0,0
CARRIER_B,2025-07-12 22:00,YAKMOK,40FT,0,0,0,0,11,11,0,0
CARRIER_B,2025-07-12 23:00,YAKMOK,40FT,0,0,0,0,11,11,0,0
CARRIER_B,2025-07-13 00:00,YAKMOK,40FT,0,0,0,0,11,11,0,0
CARRIER_B,2025-07-13 01:00,YAKMOK,40FT,0,0,0,0,11,11,0,0
CARRIER_B,2025-07-13 02:00,YAKMOK,40FT,0,0,0,0,11,11,0,0
CARRIER_B,2025-07-13 03:00,YAKMOK,40FT,0,0,0,0,11,11,0,0
CARRIER_B,2025-07-13 04:00,YAKMOK,40FT,0,0,0,0,11,11,0,0
CARRIER_B,2025-07-13 05:00,YAKMOK,40FT,0,0,0,0,11,11,0,0
CARRIER_B,2025-07-13 06:00,YAKMOK,40FT,0,0,0,0,11,11,0,0
CARRIER_B,2025-07-13 07:00,YAKMOK,40FT,0,0,0,0,11,11,0,0
CARRIER_B,2025-07-13 08:00,YAKMOK,40FT,0,0,0,0,11,11,0,0
CARRIER_B,2025-07-13 09:00,YAKMOK,40FT,0,0,0,0,11,11,0,0
CARRIER_B,2025-07-13 10:00,YAKMOK,40FT,0,0,0,0,11,11,0,0
CARRIER_B,2025-07-13 11:00,YAKMOK,40FT,0,0,0,0,11,11,0,0
CARRIER_B,2025-07-13 12:00,YAKMOK,40FT,0,0,0,0,11,11,0,0
CARRIER_B,2025-07-13 13:00,YAKMOK,40FT,0,0,0,0,11,11,0,0
CARRIER_B,2025-07-13 14:00,YAKMOK,40FT,0,0,0,0,11,11,0,0
CARRIER_B,2025-07-13 15:00,YAKMOK,40FT,0,0,0,0,11,11,0,0
CARRIER_B,2025-07-13 16:00,YAKMOK,40FT,1,0,0,0,10,10,0,0
CARRIER_B,2025-07-13 17:00,YAKMOK,40FT,0,0,0,0,10,10,0,0
CARRIER_B,2025-07-13 18:00,YAKMOK,40FT,0,0,0,0,10,10,0,0
CARRIER_B,2025-07-13 19:00,YAKMOK,40FT,0,0,0,0,10,10,0,0
CARRIER_B,2025-07-13 20:00,YAKMOK,40FT,0,0,0,0,10,10,0,0
CARRIER_B,2025-07-13 21:00,YAKMOK,40FT,0,0,0,0,10,10,0,0
CARRIER_B,2025-07-13 22:00,YAKMOK,40FT,0,0,0,0,10,10,0,0
CARRIER_B,2025-07-13 23:00,YAKMOK,40FT,0,0,0,0,10,10,0,0
CARRIER_B,2025-07-14 00:00,YAKMOK,40FT,0,0,0,0,10,10,0,0
CARRIER_B,2025-07-14 01:00,YAKMOK,40FT,0,0,0,0,10,10,0,0
CARRIER_B,2025-07-14 02:00,YAKMOK,40FT,0,0,0,0,10,10,0,0
CARRIER_B,2025-07-14 03:00,YAKMOK,40FT,0,0,0,0,10,10,0,0
CARRIER_B,2025-07-14 04:00,YAKMOK,40FT,0,0,0,0,10,10,0,0
CARRIER_B,2025-07-14 05:00,YAKMOK,40FT,0,0,0,0,10,10,0,0
CARRIER_B,2025-07-14 06:00,YAKMOK,40FT,0,0,0,0,10,10,0,0
CARRIER_B,2025-07-14 07:00,YAKMOK,40FT,0,0,0,0,10,10,0,0
CARRIER_B,2025-07-14 08:00,YAKMOK,40FT,1,0,0,0,9,9,0,0
CARRIER_B,2025-07-14 09:00,YAKMOK,40FT,0,0,0,0,9,9,0,0
CARRIER_B,2025-07-14 10:00,YAKMOK,40FT,0,0,0,0,9,9,0,0
CARRIER_B,2025-07-14 11:00,YAKMOK,40FT,0,0,0,0,9,9,0,0
CARRIER_B,2025-07-14 12:00,YAKMOK,40FT,1,0,0,0,8,8,0,0
CARRIER_B,2025-07-14 13:00,YAKMOK,40FT,0,0,0,0,8,8,0,0
CARRIER_B,2025-07-14 14:00,YAKMOK,40FT,0,0,0,0,8,8,0,0
CARRIER_B,2025-07-14 15:00,YAKMOK,40FT,0,0,0,0,8,8,0,0
CARRIER_B,2025-07-14 16:00,YAKMOK,40FT,0,0,0,0,8,8,0,0
CARRIER_B,2025-07-14 17:00,YAKMOK,40FT,0,0,0,0,8,8,0,0
CARRIER_B,2025-07-14 18:00,YAKMOK,40FT,1,0,0,0,7,7,0,0
CARRIER_B,2025-07-14 19:00,YAKMOK,40FT,0,0,0,0,7,7,0,0
CARRIER_B,2025-07-14 20:00,YAKMOK,40FT,0,0,0,0,7,7,0,0
CARRIER_B,2025-07-14 21:00,YAKMOK,40FT,0,0,0,0,7,7,0,0
CARRIER_B,2025-07-14 22:00,YAKMOK,40FT,0,0,0,0,7,7,0,0
CARRIER_B,2025-07-14 23:00,YAKMOK,40FT,0,0,0,0,7,7,0,0
CARRIER_C,2025-07-08 00:00,BUGANG,20FT,0,0,0,0,3,3,0,0
CARRIER_C,2025-07-08 01:00,BUGANG,20FT,0,0,0,0,3,3,0,0
CARRIER_C,2025-07-08 02:00,BUGANG,20FT,0,0,0,0,3,3,0,0
CARRIER_C,2025-07-08 03:00,BUGANG,20FT,0,0,0,0,3,3,0,0
CARRIER_C,2025-07-08 04:00,BUGANG,20FT,0,0,0,0,3,3,0,0
CARRIER_C,2025-07-08 05:00,BUGANG,20FT,0,0,0,0,3,3,0,0
CARRIER_C,2025-07-08 06:00,BUGANG,20FT,0,0,0,0,3,3,0,0
CARRIER_C,2025-07-08 07:00,BUGANG,20FT,0,0,0,0,3,3,0,0
CARRIER_C,2025-07-08 08:00,BUGANG,20FT,0,0,0,0,3,3,0,0
CARRIER_C,2025-07-08 09:00,BUGANG,20FT,0,0,0,0,3,3,0,0
CARRIER_C,2025-07-08 10:00,BUGANG,20FT,0,1,0,0,4,4,0,0
CARRIER_C,2025-07-08 11:00,BUGANG,20FT,0,0,0,0,4,4,0,0
CARRIER_C,2025-07-08 12:00,BUGANG,20FT,0,0,0,0,4,4,0,0
CARRIER_C,2025-07-08 13:00,BUGANG,20FT,0,0,0,0,4,4,0,0
CARRIER_C,2025-07-08 14:00,BUGANG,20FT,0,0,0,0,4,4,0,0
CARRIER_C,2025-07-08 15:00,BUGANG,20FT,0,0,0,0,4,4,0,0
CARRIER_C,2025-07-08 16:00,BUGANG,20FT,0,0,0,0,4,4,0,0
CARRIER_C,2025-07-08 17:00,BUGANG,20FT,1,0,0,0,3,3,0,0
CARRIER_C,2025-07-08 18:00,BUGANG,20FT,0,1,0,0,4,4,0,0
CARRIER_C,2025-07-08 19:00,BUGANG,20FT,0,0,0,0,4,4,0,0
CARRIER_C,2025-07-08 20:00,BUGANG,20FT,0,1,0,3,5,2,0,0
CARRIER_C,2025-07-08 21:00,BUGANG,20FT,0,0,0,0,5,2,0,0
CARRIER_C,2025-07-08 22:00,BUGANG,20FT,0,0,0,0,5,2,0,0
CARRIER_C,2025-07-08 23:00,BUGANG,20FT,0,0,0,0,5,2,0,0
CARRIER_C,2025-07-09 00:00,BUGANG,20FT,0,0,0,0,5,2,0,0
CARRIER_C,2025-07-09 01:00,BUGANG,20FT,0,0,0,0,5,2,0,0
CARRIER_C,2025-07-09 02:00,BUGANG,20FT,0,0,0,0,5,2,0,0
CARRIER_C,2025-07-09 03:00,BUGANG,20FT,0,0,0,0,5,2,0,0
CARRIER_C,2025-07-09 04:00,BUGANG,20FT,0,0,0,0,5,2,0,0
CARRIER_C,2025-07-09 05:00,BUGANG,20FT,0,0,0,0,5,2,0,0
CARRIER_C,2025-07-09 06:00,BUGANG,20FT,0,0,0,0,5,2,0,0
CARRIER_C,2025-07-09 07:00,BUGANG,20FT,0,0,0,0,5,2,0,0
CARRIER_C,2025-07-09 08:00,BUGANG,20FT,0,1,0,0,6,3,0,0
CARRIER_C,2025-07-09 09:00,BUGANG,20FT,0,0,0,0,6,3,0,0
CARRIER_C,2025-07-09 10:00,BUGANG,20FT,0,0,0,0,6,3,0,0
CARRIER_C,2025-07-09 11:00,BUGANG,20FT,0,0,0,0,6,3,0,0
CARRIER_C,2025-07-09 12:00,BUGANG,20FT,0,0,0,0,6,3,0,0
CARRIER_C,2025-07-09 13:00,BUGANG,20FT,0,0,0,0,6,3,0,0
CARRIER_C,2025-07-09 14:00,BUGANG,20FT,0,0,0,0,6,3,0,0
CARRIER_C,2025-07-09 15:00,BUGANG,20FT,0,0,0,0,6,3,0,0
CARRIER_C,2025-07-09 16:00,BUGANG,20FT,0,0,0,0,6,3,0,0
CARRIER_C,2025-07-09 17:00,BUGANG,20FT,0,0,0,0,6,3,0,0
CARRIER_C,2025-07-09 18:00,BUGANG,20FT,0,0,0,0,6,3,0,0
CARRIER_C,2025-07-09 19:00,BUGANG,20FT,0,0,0,0,6,3,0,0
CARRIER_C,2025-07-09 20:00,BUGANG,20FT,0,0,0,0,6,3,0,0
CARRIER_C,2025-07-09 21:00,BUGANG,20FT,0,0,0,0,6,3,0,0
CARRIER_C,2025-07-09 22:00,BUGANG,20FT,0,0,0,0,6,3,0,0
CARRIER_C,2025-07-09 23:00,BUGANG,20FT,0,0,0,0,6,3,0,0
CARRIER_C,2025-07-10 00:00,BUGANG,20FT,0,0,0,0,6,3,0,0
CARRIER_C,2025-07-10 01:00,BUGANG,20FT,0,0,0,0,6,3,0,0
CARRIER_C,2025-07-10 02:00,BUGANG,20FT,0,0,0,0,6,3,0,0
CARRIER_C,2025-07-10 03:00,BUGANG,20FT,0,0,0,0,6,3,0,0
CARRIER_C,2025-07-10 04:00,BUGANG,20FT,0,0,0,0,6,3,0,0
CARRIER_C,2025-07-10 05:00,BUGANG,20FT,1,0,0,0,5,2,0,0
CARRIER_C,2025-07-10 06:00,BUGANG,20FT,0,0,0,0,5,2,0,0
CARRIER_C,2025-07-10 07:00,BUGANG,20FT,0,0,0,0,5,2,0,0
CARRIER_C,2025-07-10 08:00,BUGANG,20FT,0,0,0,0,5,2,0,0
CARRIER_C,2025-07-10 09:00,BUGANG,20FT,0,0,0,0,5,2,0,0
CARRIER_C,2025-07-10 10:00,BUGANG,20FT,0,0,0,0,5,2,0,0
CARRIER_C,2025-07-10 11:00,BUGANG,20FT,0,0,0,0,5,2,0,0
CARRIER_C,2025-07-10 12:00,BUGANG,20FT,0,0,0,0,5,2,0,0
CARRIER_C,2025-07-10 13:00,BUGANG,20FT,0,0,0,0,5,2,0,0
CARRIER_C,2025-07-10 14:00,BUGANG,20FT,0,0,0,0,5,2,0,0
CARRIER_C,2025-07-10 15:00,BUGANG,20FT,0,1,0,0,6,3,0,0
CARRIER_C,2025-07-10 16:00,BUGANG,20FT,0,0,0,0,6,3,0,0
CARRIER_C,2025-07-10 17:00,BUGANG,20FT,1,0,0,0,5,2,0,0
CARRIER_C,2025-07-10 18:00,BUGANG,20FT,0,0,0,0,5,2,0,0
CARRIER_C,2025-07-10 19:00,BUGANG,20FT,0,0,0,0,5,2,0,0
CARRIER_C,2025-07-10 20:00,BUGANG,20FT,0,0,0,0,5,2,0,0
CARRIER_C,2025-07-10 21:00,BUGANG,20FT,0,0,0,0,5,2,0,0
CARRIER_C,2025-07-10 22:00,BUGANG,20FT,0,0,0,0,5,2,0,0
CARRIER_C,2025-07-10 23:00,BUGANG,20FT,0,0,0,0,5,2,0,0
CARRIER_C,2025-07-11 00:00,BUGANG,20FT,0,0,0,0,5,2,0,0
CARRIER_C,2025-07-11 01:00,BUGANG,20FT,0,0,0,0,5,2,0,0
CARRIER_C,2025-07-11 02:00,BUGANG,20FT,0,0,0,0,5,2,0,0
CARRIER_C,2025-07-11 03:00,BUGANG,20FT,0,0,0,0,5,2,0,0
CARRIER_C,2025-07-11 04:00,BUGANG,20FT,0,0,0,0,5,2,0,0
CARRIER_C,2025-07-11 05:00,BUGANG,20FT,0,0,0,0,5,2,0,0
CARRIER_C,2025-07-11 06:00,BUGANG,20FT,0,0,0,0,5,2,0,0
CARRIER_C,2025-07-11 07:00,BUGANG,20FT,0,0,0,0,5,2,0,0
CARRIER_C,2025-07-11 08:00,BUGANG,20FT,0,0,0,0,5,2,0,0
CARRIER_C,2025-07-11 09:00,BUGANG,20FT,0,0,0,0,5,2,0,0
CARRIER_C,2025-07-11 10:00,BUGANG,20FT,0,0,0,0,5,2,0,0
CARRIER_C,2025-07-11 11:00,BUGANG,20FT,0,0,0,0,5,2,0,0
CARRIER_C,2025-07-11 12:00,BUGANG,20FT,0,0,0,0,5,2,0,0
CARRIER_C,2025-07-11 13:00,BUGANG,20FT,0,0,0,0,5,2,0,0
CARRIER_C,2025-07-11 14:00,BUGANG,20FT,0,0,0,0,5,2,0,0
CARRIER_C,2025-07-11 15:00,BUGANG,20FT,1,0,0,0,4,1,0,0
CARRIER_C,2025-07-11 16:00,BUGANG,20FT,0,0,0,0,4,1,0,0
CARRIER_C,2025-07-11 17:00,BUGANG,20FT,0,0,0,0,4,1,0,0
CARRIER_C,2025-07-11 18:00,BUGANG,20FT,0,0,0,0,4,1,0,0
CARRIER_C,2025-07-11 19:00,BUGANG,20FT,0,0,0,0,4,1,0,0
CARRIER_C,2025-07-11 20:00,BUGANG,20FT,0,0,0,0,4,1,0,0
CARRIER_C,2025-07-11 21:00,BUGANG,20FT,0,0,0,0,4,1,0,0
CARRIER_C,2025-07-11 22:00,BUGANG,20FT,0,0,0,0,4,1,0,0
CARRIER_C,2025-07-11 23:00,BUGANG,20FT,0,0,0,0,4,1,0,0
CARRIER_C,2025-07-12 00:00,BUGANG,20FT,0,0,0,0,4,1,0,0
CARRIER_C,2025-07-12 01:00,BUGANG,20FT,0,0,0,0,4,1,0,0
CARRIER_C,2025-07-12 02:00,BUGANG,20FT,0,0,0,0,4,1,0,0
CARRIER_C,2025-07-12 03:00,BUGANG,20FT,0,0,0,0,4,1,0,0
CARRIER_C,2025-07-12 04:00,BUGANG,20FT,0,0,0,0,4,1,0,0
CARRIER_C,2025-07-12 05:00,BUGANG,20FT,0,0,0,0,4,1,0,0
CARRIER_C,2025-07-12 06:00,BUGANG,20FT,0,0,0,0,4,1,0,0
CARRIER_C,2025-07-12 07:00,BUGANG,20FT,0,0,0,0,4,1,0,0
CARRIER_C,2025-07-12 08:00,BUGANG,20FT,0,0,0,0,4,1,0,0
CARRIER_C,2025-07-12 09:00,BUGANG,20FT,0,0,0,0,4,1,0,0
CARRIER_C,2025-07-12 10:00,BUGANG,20FT,0,0,0,0,4,1,0,0
CARRIER_C,2025-07-12 11:00,BUGANG,20FT,0,0,0,0,4,1,0,0
CARRIER_C,2025-07-12 12:00,BUGANG,20FT,0,0,0,0,4,1,0,0
CARRIER_C,2025-07-12 13:00,BUGANG,20FT,0,0,0,0,4,1,0,0
CARRIER_C,2025-07-12 14:00,BUGANG,20FT,0,0,0,0,4,1,0,0
CARRIER_C,2025-07-12 15:00,BUGANG,20FT,0,0,0,0,4,1,0,0
CARRIER_C,2025-07-12 16:00,BUGANG,20FT,0,0,0,0,4,1,0,0
CARRIER_C,2025-07-12 17:00,BUGANG,20FT,0,0,0,0,4,1,0,0
CARRIER_C,2025-07-12 18:00,BUGANG,20FT,0,1,0,0,5,2,0,0
CARRIER_C,2025-07-12 19:00,BUGANG,20FT,0,0,0,0,5,2,0,0
CARRIER_C,2025-07-12 20:00,BUGANG,20FT,0,0,0,0,5,2,0,0
CARRIER_C,2025-07-12 21:00,BUGANG,20FT,0,0,0,0,5,2,0,0
CARRIER_C,2025-07-12 22:00,BUGANG,20FT,0,0,0,0,5,2,0,0
CARRIER_C,2025-07-12 23:00,BUGANG,20FT,0,0,0,0,5,2,0,0
CARRIER_C,2025-07-13 00:00,BUGANG,20FT,0,0,0,0,5,2,0,0
CARRIER_C,2025-07-13 01:00,BUGANG,20FT,0,0,0,0,5,2,0,0
CARRIER_C,2025-07-13 02:00,BUGANG,20FT,0,0,0,0,5,2,0,0
CARRIER_C,2025-07-13 03:00,BUGANG,20FT,0,0,0,0,5,2,0,0
CARRIER_C,2025-07-13 04:00,BUGANG,20FT,0,0,0,0,5,2,0,0
CARRIER_C,2025-07-13 05:00,BUGANG,20FT,0,0,0,0,5,2,0,0
CARRIER_C,2025-07-13 06:00,BUGANG,20FT,0,0,0,0,5,2,0,0
CARRIER_C,2025-07-13 07:00,BUGANG,20FT,0,0,0,0,5,2,0,0
CARRIER_C,2025-07-13 08:00,BUGANG,20FT,0,0,0,0,5,2,0,0
CARRIER_C,2025-07-13 09:00,BUGANG,20FT,1,0,0,0,4,1,0,0
CARRIER_C,2025-07-13 10:00,BUGANG,20FT,0,0,0,0,4,1,0,0
CARRIER_C,2025-07-13 11:00,BUGANG,20FT,0,0,0,0,4,1,0,0
CARRIER_C,2025-07-13 12:00,BUGANG,20FT,0,0,0,0,4,1,0,0
CARRIER_C,2025-07-13 13:00,BUGANG,20FT,0,0,0,0,4,1,0,0
CARRIER_C,2025-07-13 14:00,BUGANG,20FT,1,0,0,0,3,0,0,0
CARRIER_C,2025-07-13 15:00,BUGANG,20FT,0,0,0,0,3,0,0,0
CARRIER_C,2025-07-13 16:00,BUGANG,20FT,0,0,0,0,3,0,0,0
CARRIER_C,2025-07-13 17:00,BUGANG,20FT,0,0,0,0,3,0,0,0
CARRIER_C,2025-07-13 18:00,BUGANG,20FT,0,0,0,0,3,0,0,0
CARRIER_C,2025-07-13 19:00,BUGANG,20FT,0,0,0,0,3,0,0,0
CARRIER_C,2025-07-13 20:00,BUGANG,20FT,0,0,0,0,3,0,0,0
CARRIER_C,2025-07-13 21:00,BUGANG,20FT,0,0,0,0,3,0,0,0
CARRIER_C,2025-07-13 22:00,BUGANG,20FT,0,0,0,0,3,0,0,0
CARRIER_C,2025-07-13 23:00,BUGANG,20FT,0,0,0,0,3,0,0,0
CARRIER_C,2025-07-14 00:00,BUGANG,20FT,0,0,0,0,3,0,0,0
CARRIER_C,2025-07-14 01:00,BUGANG,20FT,0,0,0,0,3,0,0,0
CARRIER_C,2025-07-14 02:00,BUGANG,20FT,0,0,0,0,3,0,0,0
CARRIER_C,2025-07-14 03:00,BUGANG,20FT,0,0,0,0,3,0,0,0
CARRIER_C,2025-07-14 04:00,BUGANG,20FT,0,0,0,0,3,0,0,0
CARRIER_C,2025-07-14 05:00,BUGANG,20FT,0,0,0,0,3,0,0,0
CARRIER_C,2025-07-14 06:00,BUGANG,20FT,0,0,0,0,3,0,0,0
CARRIER_C,2025-07-14 07:00,BUGANG,20FT,0,0,0,0,3,0,0,0
CARRIER_C,2025-07-14 08:00,BUGANG,20FT,0,0,0,0,3,0,0,0
CARRIER_C,2025-07-14 09:00,BUGANG,20FT,0,1,0,0,4,1,0,0
CARRIER_C,2025-07-14 10:00,BUGANG,20FT,1,0,0,0,3,0,0,0
CARRIER_C,2025-07-14 11:00,BUGANG,20FT,0,0,0,0,3,0,0,0
CARRIER_C,2025-07-14 12:00,BUGANG,20FT,0,0,0,0,3,0,0,0
CARRIER_C,2025-07-14 13:00,BUGANG,20FT,0,0,0,0,3,0,0,0
CARRIER_C,2025-07-14 14:00,BUGANG,20FT,0,1,0,0,4,1,0,0
CARRIER_C,2025-07-14 15:00,BUGANG,20FT,0,1,0,0,5,2,0,0
CARRIER_C,2025-07-14 16:00,BUGANG,20FT,0,1,0,0,6,3,0,0
CARRIER_C,2025-07-14 17:00,BUGANG,20FT,1,1,0,0,6,3,0,0
CARRIER_C,2025-07-14 18:00,BUGANG,20FT,0,1,0,0,7,4,0,0
CARRIER_C,2025-07-14 19:00,BUGANG,20FT,0,0,0,0,7,4,0,0
CARRIER_C,2025-07-14 20:00,BUGANG,20FT,0,0,0,0,7,4,0,0
CARRIER_C,2025-07-14 21:00,BUGANG,20FT,0,0,0,0,7,4,0,0
CARRIER_C,2025-07-14 22:00,BUGANG,20FT,0,0,0,0,7,4,0,0
CARRIER_C,2025-07-14 23:00,BUGANG,20FT,0,0,0,0,7,4,0,0
CARRIER_C,2025-07-08 00:00,BUGANG,40FT,0,0,0,0,1,1,0,0
CARRIER_C,2025-07-08 01:00,BUGANG,40FT,0,0,0,0,1,1,0,0
CARRIER_C,2025-07-08 02:00,BUGANG,40FT,0,0,0,0,1,1,0,0
CARRIER_C,2025-07-08 03:00,BUGANG,40FT,0,0,0,0,1,1,0,0
CARRIER_C,2025-07-08 04:00,BUGANG,40FT,0,0,0,0,1,1,0,0
CARRIER_C,2025-07-08 05:00,BUGANG,40FT,0,0,0,0,1,1,0,0
CARRIER_C,2025-07-08 06:00,BUGANG,40FT,0,0,0,0,1,1,0,0
CARRIER_C,2025-07-08 07:00,BUGANG,40FT,0,0,0,0,1,1,0,0
CARRIER_C,2025-07-08 08:00,BUGANG,40FT,0,0,0,0,1,1,0,0
CARRIER_C,2025-07-08 09:00,BUGANG,40FT,0,0,0,0,1,1,0,0
CARRIER_C,2025-07-08 10:00,BUGANG,40FT,0,0,0,0,1,1,0,0
CARRIER_C,2025-07-08 11:00,BUGANG,40FT,0,0,0,0,1,1,0,0
CARRIER_C,2025-07-08 12:00,BUGANG,40FT,0,0,0,0,1,1,0,0
CARRIER_C,2025-07-08 13:00,BUGANG,40FT,1,0,0,0,0,0,0,0
CARRIER_C,2025-07-08 14:00,BUGANG,40FT,0,0,0,0,0,0,0,0
CARRIER_C,2025-07-08 15:00,BUGANG,40FT,0,0,0,0,0,0,0,0
CARRIER_C,2025-07-08 16:00,BUGANG,40FT,0,0,0,0,0,0,0,0
CARRIER_C,2025-07-08 17:00,BUGANG,40FT,0,0,0,0,0,0,0,0
CARRIER_C,2025-07-08 18:00,BUGANG,40FT,0,0,0,0,0,0,0,0
CARRIER_C,2025-07-08 19:00,BUGANG,40FT,0,0,0,0,0,0,0,0
CARRIER_C,2025-07-08 20:00,BUGANG,40FT,0,0,0,0,0,0,0,0
CARRIER_C,2025-07-08 21:00,BUGANG,40FT,0,0,0,0,0,0,0,0
CARRIER_C,2025-07-08 22:00,BUGANG,40FT,0,0,0,0,0,0,0,0
CARRIER_C,2025-07-08 23:00,BUGANG,40FT,0,0,0,0,0,0,0,0
CARRIER_C,2025-07-09 00:00,BUGANG,40FT,0,0,0,0,0,0,0,0
CARRIER_C,2025-07-09 01:00,BUGANG,40FT,0,0,0,0,0,0,0,0
CARRIER_C,2025-07-09 02:00,BUGANG,40FT,0,0,0,0,0,0,0,0
CARRIER_C,2025-07-09 03:00,BUGANG,40FT,0,0,0,0,0,0,0,0
CARRIER_C,2025-07-09 04:00,BUGANG,40FT,0,0,0,0,0,0,0,0
CARRIER_C,2025-07-09 05:00,BUGANG,40FT,0,0,0,0,0,0,0,0
CARRIER_C,2025-07-09 06:00,BUGANG,40FT,0,0,0,0,0,0,0,0
CARRIER_C,2025-07-09 07:00,BUGANG,40FT,0,0,0,0,0,0,0,0
CARRIER_C,2025-07-09 08:00,BUGANG,40FT,0,1,0,0,1,1,0,0
CARRIER_C,2025-07-09 09:00,BUGANG,40FT,0,0,0,0,1,1,0,0
CARRIER_C,2025-07-09 10:00,BUGANG,40FT,0,0,0,0,1,1,0,0
CARRIER_C,2025-07-09 11:00,BUGANG,40FT,0,1,0,0,2,2,0,0
CARRIER_C,2025-07-09 12:00,BUGANG,40FT,0,0,0,0,2,2,0,0
CARRIER_C,2025-07-09 13:00,BUGANG,40FT,0,0,0,0,2,2,0,0
CARRIER_C,2025-07-09 14:00,BUGANG,40FT,0,0,0,0,2,2,0,0
CARRIER_C,2025-07-09 15:00,BUGANG,40FT,0,0,0,0,2,2,0,0
CARRIER_C,2025-07-09 16:00,BUGANG,40FT,0,1,0,0,3,3,0,0
CARRIER_C,2025-07-09 17:00,BUGANG,40FT,0,0,0,0,3,3,0,0
CARRIER_C,2025-07-09 18:00,BUGANG,40FT,0,0,0,0,3,3,0,0
CARRIER_C,2025-07-09 19:00,BUGANG,40FT,0,0,0,0,3,3,0,0
CARRIER_C,2025-07-09 20:00,BUGANG,40FT,0,0,0,0,3,3,0,0
CARRIER_C,2025-07-09 21:00,BUGANG,40FT,0,0,0,0,3,3,0,0
CARRIER_C,2025-07-09 22:00,BUGANG,40FT,0,0,0,0,3,3,0,0
CARRIER_C,2025-07-09 23:00,BUGANG,40FT,0,0,0,0,3,3,0,0
CARRIER_C,2025-07-10 00:00,BUGANG,40FT,0,0,0,0,3,3,0,0
CARRIER_C,2025-07-10 01:00,BUGANG,40FT,0,0,0,0,3,3,0,0
CARRIER_C,2025-07-10 02:00,BUGANG,40FT,0,0,0,0,3,3,0,0
CARRIER_C,2025-07-10 03:00,BUGANG,40FT,0,0,0,0,3,3,0,0
CARRIER_C,2025-07-10 04:00,BUGANG,40FT,0,0,0,0,3,3,0,0
CARRIER_C,2025-07-10 05:00,BUGANG,40FT,0,0,0,0,3,3,0,0
CARRIER_C,2025-07-10 06:00,BUGANG,40FT,0,0,0,0,3,3,0,0
CARRIER_C,2025-07-10 07:00,BUGANG,40FT,0,0,0,0,3,3,0,0
CARRIER_C,2025-07-10 08:00,BUGANG,40FT,0,0,0,0,3,3,0,0
CARRIER_C,2025-07-10 09:00,BUGANG,40FT,0,0,0,0,3,3,0,0
CARRIER_C,2025-07-10 10:00,BUGANG,40FT,0,0,0,0,3,3,0,0
CARRIER_C,2025-07-10 11:00,BUGANG,40FT,0,0,0,0,3,3,0,0
CARRIER_C,2025-07-10 12:00,BUGANG,40FT,0,0,0,0,3,3,0,0
CARRIER_C,2025-07-10 13:00,BUGANG,40FT,0,0,0,0,3,3,0,0
CARRIER_C,2025-07-10 14:00,BUGANG,40FT,0,0,0,0,3,3,0,0
CARRIER_C,2025-07-10 15:00,BUGANG,40FT,0,0,0,0,3,3,0,0
CARRIER_C,2025-07-10 16:00,BUGANG,40FT,0,0,0,0,3,3,0,0
CARRIER_C,2025-07-10 17:00,BUGANG,40FT,0,0,0,0,3,3,0,0
CARRIER_C,2025-07-10 18:00,BUGANG,40FT,0,0,0,0,3,3,0,0
CARRIER_C,2025-07-10 19:00,BUGANG,40FT,0,0,0,0,3,3,0,0
CARRIER_C,2025-07-10 20:00,BUGANG,40FT,0,0,0,0,3,3,0,0
CARRIER_C,2025-07-10 21:00,BUGANG,40FT,0,0,0,0,3,3,0,0
CARRIER_C,2025-07-10 22:00,BUGANG,40FT,0,0,0,0,3,3,0,0
CARRIER_C,2025-07-10 23:00,BUGANG,40FT,0,0,0,0,3,3,0,0
CARRIER_C,2025-07-11 00:00,BUGANG,40FT,0,0,0,0,3,3,0,0
CARRIER_C,2025-07-11 01:00,BUGANG,40FT,0,0,0,0,3,3,0,0
CARRIER_C,2025-07-11 02:00,BUGANG,40FT,0,0,0,0,3,3,0,0
CARRIER_C,2025-07-11 03:00,BUGANG,40FT,0,0,0,0,3,3,0,0
CARRIER_C,2025-07-11 04:00,BUGANG,40FT,0,0,0,0,3,3,0,0
CARRIER_C,2025-07-11 05:00,BUGANG,40FT,0,0,0,0,3,3,0,0
CARRIER_C,2025-07-11 06:00,BUGANG,40FT,0,0,0,0,3,3,0,0
CARRIER_C,2025-07-11 07:00,BUGANG,40FT,0,0,0,0,3,3,0,0
CARRIER_C,2025-07-11 08:00,BUGANG,40FT,0,0,0,0,3,3,0,0
CARRIER_C,2025-07-11 09:00,BUGANG,40FT,0,0,0,0,3,3,0,0
CARRIER_C,2025-07-11 10:00,BUGANG,40FT,0,1,0,0,4,4,0,0
CARRIER_C,2025-07-11 11:00,BUGANG,40FT,0,0,0,0,4,4,0,0
CARRIER_C,2025-07-11 12:00,BUGANG,40FT,0,0,0,0,4,4,0,0
CARRIER_C,2025-07-11 13:00,BUGANG,40FT,0,0,0,0,4,4,0,0
CARRIER_C,2025-07-11 14:00,BUGANG,40FT,0,0,0,0,4,4,0,0
CARRIER_C,2025-07-11 15:00,BUGANG,40FT,0,0,0,0,4,4,0,0
CARRIER_C,2025-07-11 16:00,BUGANG,40FT,0,0,0,0,4,4,0,0
CARRIER_C,2025-07-11 17:00,BUGANG,40FT,0,0,0,0,4,4,0,0
CARRIER_C,2025-07-11 18:00,BUGANG,40FT,0,0,0,0,4,4,0,0
CARRIER_C,2025-07-11 19:00,BUGANG,40FT,0,0,0,0,4,4,0,0
CARRIER_C,2025-07-11 20:00,BUGANG,40FT,0,0,0,0,4,4,0,0
CARRIER_C,2025-07-11 21:00,BUGANG,40FT,0,0,0,0,4,4,0,0
CARRIER_C,2025-07-11 22:00,BUGANG,40FT,0,0,0,0,4,4,0,0
CARRIER_C,2025-07-11 23:00,BUGANG,40FT,0,0,0,0,4,4,0,0
CARRIER_C,2025-07-12 00:00,BUGANG,40FT,0,0,0,0,4,4,0,0
CARRIER_C,2025-07-12 01:00,BUGANG,40FT,0,0,0,0,4,4,0,0
CARRIER_C,2025-07-12 02:00,BUGANG,40FT,0,0,0,0,4,4,0,0
CARRIER_C,2025-07-12 03:00,BUGANG,40FT,0,0,0,0,4,4,0,0
CARRIER_C,2025-07-12 04:00,BUGANG,40FT,0,0,0,0,4,4,0,0
CARRIER_C,2025-07-12 05:00,BUGANG,40FT,0,0,0,0,4,4,0,0
CARRIER_C,2025-07-12 06:00,BUGANG,40FT,0,0,0,0,4,4,0,0
CARRIER_C,2025-07-12 07:00,BUGANG,40FT,0,0,0,0,4,4,0,0
CARRIER_C,2025-07-12 08:00,BUGANG,40FT,0,0,0,0,4,4,0,0
CARRIER_C,2025-07-12 09:00,BUGANG,40FT,0,0,0,0,4,4,0,0
CARRIER_C,2025-07-12 10:00,BUGANG,40FT,1,0,0,0,3,3,0,0
CARRIER_C,2025-07-12 11:00,BUGANG,40FT,0,0,0,0,3,3,0,0
CARRIER_C,2025-07-12 12:00,BUGANG,40FT,0,0,0,0,3,3,0,0
CARRIER_C,2025-07-12 13:00,BUGANG,40FT,0,0,0,0,3,3,0,0
CARRIER_C,2025-07-12 14:00,BUGANG,40FT,0,0,0,0,3,3,0,0
CARRIER_C,2025-07-12 15:00,BUGANG,40FT,0,0,0,0,3,3,0,0
CARRIER_C,2025-07-12 16:00,BUGANG,40FT,0,0,0,0,3,3,0,0
CARRIER_C,2025-07-12 17:00,BUGANG,40FT,0,0,0,0,3,3,0,0
CARRIER_C,2025-07-12 18:00,BUGANG,40FT,0,0,0,0,3,3,0,0
CARRIER_C,2025-07-12 19:00,BUGANG,40FT,0,0,0,0,3,3,0,0
CARRIER_C,2025-07-12 20:00,BUGANG,40FT,0,0,0,0,3,3,0,0
CARRIER_C,2025-07-12 21:00,BUGANG,40FT,0,0,0,0,3,3,0,0
CARRIER_C,2025-07-12 22:00,BUGANG,40FT,0,0,0,0,3,3,0,0
CARRIER_C,2025-07-12 23:00,BUGANG,40FT,0,0,0,0,3,3,0,0
CARRIER_C,2025-07-13 00:00,BUGANG,40FT,0,0,0,0,3,3,0,0
CARRIER_C,2025-07-13 01:00,BUGANG,40FT,0,0,0,0,3,3,0,0
CARRIER_C,2025-07-13 02:00,BUGANG,40FT,0,0,0,0,3,3,0,0
CARRIER_C,2025-07-13 03:00,BUGANG,40FT,0,0,0,0,3,3,0,0
CARRIER_C,2025-07-13 04:00,BUGANG,40FT,0,0,0,0,3,3,0,0
CARRIER_C,2025-07-13 05:00,BUGANG,40FT,0,0,0,0,3,3,0,0
CARRIER_C,2025-07-13 06:00,BUGANG,40FT,0,0,0,0,3,3,0,0
CARRIER_C,2025-07-13 07:00,BUGANG,40FT,0,0,0,0,3,3,0,0
CARRIER_C,2025-07-13 08:00,BUGANG,40FT,0,0,0,0,3,3,0,0
CARRIER_C,2025-07-13 09:00,BUGANG,40FT,0,0,0,0,3,3,0,0
CARRIER_C,2025-07-13 10:00,BUGANG,40FT,0,0,0,0,3,3,0,0
CARRIER_C,2025-07-13 11:00,BUGANG,40FT,0,0,0,0,3,3,0,0
CARRIER_C,2025-07-13 12:00,BUGANG,40FT,0,0,0,0,3,3,0,0
CARRIER_C,2025-07-13 13:00,BUGANG,40FT,0,0,0,0,3,3,0,0
CARRIER_C,2025-07-13 14:00,BUGANG,40FT,0,0,0,0,3,3,0,0
CARRIER_C,2025-07-13 15:00,BUGANG,40FT,0,0,0,0,3,3,0,0
CARRIER_C,2025-07-13 16:00,BUGANG,40FT,0,0,0,0,3,3,0,0
CARRIER_C,2025-07-13 17:00,BUGANG,40FT,0,0,0,0,3,3,0,0
CARRIER_C,2025-07-13 18:00,BUGANG,40FT,0,1,0,0,4,4,0,0
CARRIER_C,2025-07-13 19:00,BUGANG,40FT,0,0,0,0,4,4,0,0
CARRIER_C,2025-07-13 20:00,BUGANG,40FT,0,0,0,0,4,4,0,0
CARRIER_C,2025-07-13 21:00,BUGANG,40FT,0,0,0,0,4,4,0,0
CARRIER_C,2025-07-13 22:00,BUGANG,40FT,0,0,0,0,4,4,0,0
CARRIER_C,2025-07-13 23:00,BUGANG,40FT,0,0,0,0,4,4,0,0
CARRIER_C,2025-07-14 00:00,BUGANG,40FT,0,0,0,0,4,4,0,0
CARRIER_C,2025-07-14 01:00,BUGANG,40FT,0,0,0,0,4,4,0,0
CARRIER_C,2025-07-14 02:00,BUGANG,40FT,0,0,0,0,4,4,0,0
CARRIER_C,2025-07-14 03:00,BUGANG,40FT,0,0,0,0,4,4,0,0
CARRIER_C,2025-07-14 04:00,BUGANG,40FT,0,0,0,0,4,4,0,0
CARRIER_C,2025-07-14 05:00,BUGANG,40FT,0,0,0,0,4,4,0,0
CARRIER_C,2025-07-14 06:00,BUGANG,40FT,0,0,0,0,4,4,0,0
CARRIER_C,2025-07-14 07:00,BUGANG,40FT,0,0,0,0,4,4,0,0
CARRIER_C,2025-07-14 08:00,BUGANG,40FT,0,1,0,0,5,5,0,0
CARRIER_C,2025-07-14 09:00,BUGANG,40FT,0,0,0,0,5,5,0,0
CARRIER_C,2025-07-14 10:00,BUGANG,40FT,1,1,0,0,5,5,0,0
CARRIER_C,2025-07-14 11:00,BUGANG,40FT,0,0,0,0,5,5,0,0
CARRIER_C,2025-07-14 12:00,BUGANG,40FT,0,0,0,0,5,5,0,0
CARRIER_C,2025-07-14 13:00,BUGANG,40FT,0,0,0,0,5,5,0,0
CARRIER_C,2025-07-14 14:00,BUGANG,40FT,0,1,0,0,6,6,0,0
CARRIER_C,2025-07-14 15:00,BUGANG,40FT,0,0,0,0,6,6,0,0
CARRIER_C,2025-07-14 16:00,BUGANG,40FT,0,0,0,0,6,6,0,0
CARRIER_C,2025-07-14 17:00,BUGANG,40FT,0,0,0,0,6,6,0,0
CARRIER_C,2025-07-14 18:00,BUGANG,40FT,0,0,0,0,6,6,0,0
CARRIER_C,2025-07-14 19:00,BUGANG,40FT,0,0,0,0,6,6,0,0
CARRIER_C,2025-07-14 20:00,BUGANG,40FT,0,0,0,0,6,6,0,0
CARRIER_C,2025-07-14 21:00,BUGANG,40FT,0,0,0,0,6,6,0,0
CARRIER_C,2025-07-14 22:00,BUGANG,40FT,0,0,0,0,6,6,0,0
CARRIER_C,2025-07-14 23:00,BUGANG,40FT,0,0,0,0,6,6,0,0
CARRIER_C,2025-07-08 00:00,BUSAN,20FT,0,0,0,0,4,4,0,0
CARRIER_C,2025-07-08 01:00,BUSAN,20FT,0,0,0,0,4,4,0,0
CARRIER_C,2025-07-08 02:00,BUSAN,20FT,0,0,0,0,4,4,0,0
CARRIER_C,2025-07-08 03:00,BUSAN,20FT,0,0,0,0,4,4,0,0
CARRIER_C,2025-07-08 04:00,BUSAN,20FT,0,0,0,0,4,4,0,0
CARRIER_C,2025-07-08 05:00,BUSAN,20FT,0,0,0,0,4,4,0,0
CARRIER_C,2025-07-08 06:00,BUSAN,20FT,0,0,0,0,4,4,0,0
CARRIER_C,2025-07-08 07:00,BUSAN,20FT,0,0,0,0,4,4,0,0
CARRIER_C,2025-07-08 08:00,BUSAN,20FT,0,0,0,0,4,4,0,0
CARRIER_C,2025-07-08 09:00,BUSAN,20FT,0,0,0,0,4,4,0,0
CARRIER_C,2025-07-08 10:00,BUSAN,20FT,0,0,0,0,4,4,0,0
CARRIER_C,2025-07-08 11:00,BUSAN,20FT,0,0,0,0,4,4,0,0
CARRIER_C,2025-07-08 12:00,BUSAN,20FT,0,0,0,0,4,4,0,0
CARRIER_C,2025-07-08 13:00,BUSAN,20FT,0,0,0,0,4,4,0,0
CARRIER_C,2025-07-08 14:00,BUSAN,20FT,0,0,0,0,4,4,0,0
CARRIER_C,2025-07-08 15:00,BUSAN,20FT,0,0,0,0,4,4,0,0
CARRIER_C,2025-07-08 16:00,BUSAN,20FT,0,0,0,0,4,4,0,0
CARRIER_C,2025-07-08 17:00,BUSAN,20FT,0,0,0,0,4,4,0,0
CARRIER_C,2025-07-08 18:00,BUSAN,20FT,0,0,0,0,4,4,0,0
CARRIER_C,2025-07-08 19:00,BUSAN,20FT,0,0,0,0,4,4,0,0
CARRIER_C,2025-07-08 20:00,BUSAN,20FT,0,0,0,0,4,4,0,0
CARRIER_C,2025-07-08 21:00,BUSAN,20FT,0,0,0,0,4,4,0,0
CARRIER_C,2025-07-08 22:00,BUSAN,20FT,0,0,0,0,4,4,0,0
CARRIER_C,2025-07-08 23:00,BUSAN,20FT,0,0,0,0,4,4,0,0
CARRIER_C,2025-07-09 00:00,BUSAN,20FT,0,0,0,0,4,4,0,0
CARRIER_C,2025-07-09 01:00,BUSAN,20FT,0,0,0,0,4,4,0,0
CARRIER_C,2025-07-09 02:00,BUSAN,20FT,0,0,0,0,4,4,0,0
CARRIER_C,2025-07-09 03:00,BUSAN,20FT,0,0,0,0,4,4,0,0
CARRIER_C,2025-07-09 04:00,BUSAN,20FT,0,0,0,0,4,4,0,0
CARRIER_C,2025-07-09 05:00,BUSAN,20FT,0,0,0,0,4,4,0,0
CARRIER_C,2025-07-09 06:00,BUSAN,20FT,0,0,0,0,4,4,0,0
CARRIER_C,2025-07-09 07:00,BUSAN,20FT,0,0,0,0,4,4,0,0
CARRIER_C,2025-07-09 08:00,BUSAN,20FT,0,0,0,0,4,4,0,0
CARRIER_C,2025-07-09 09:00,BUSAN,20FT,0,0,5,0,4,9,0,0
CARRIER_C,2025-07-09 10:00,BUSAN,20FT,0,0,0,0,4,9,0,0
CARRIER_C,2025-07-09 11:00,BUSAN,20FT,0,0,0,0,4,9,0,0
CARRIER_C,2025-07-09 12:00,BUSAN,20FT,0,0,0,0,4,9,0,0
CARRIER_C,2025-07-09 13:00,BUSAN,20FT,0,0,0,0,4,9,0,0
CARRIER_C,2025-07-09 14:00,BUSAN,20FT,1,0,0,0,3,8,0,0
CARRIER_C,2025-07-09 15:00,BUSAN,20FT,0,0,0,0,3,8,0,0
CARRIER_C,2025-07-09 16:00,BUSAN,20FT,1,0,0,0,2,7,0,0
CARRIER_C,2025-07-09 17:00,BUSAN,20FT,1,0,0,0,1,6,0,0
CARRIER_C,2025-07-09 18:00,BUSAN,20FT,0,0,0,0,1,6,0,0
CARRIER_C,2025-07-09 19:00,BUSAN,20FT,0,0,0,0,1,6,0,0
CARRIER_C,2025-07-09 20:00,BUSAN,20FT,0,0,0,0,1,6,0,0
CARRIER_C,2025-07-09 21:00,BUSAN,20FT,0,0,0,0,1,6,0,0
CARRIER_C,2025-07-09 22:00,BUSAN,20FT,0,0,0,0,1,6,0,0
CARRIER_C,2025-07-09 23:00,BUSAN,20FT,0,0,0,0,1,6,0,0
CARRIER_C,2025-07-10 00:00,BUSAN,20FT,0,0,0,0,1,6,0,0
CARRIER_C,2025-07-10 01:00,BUSAN,20FT,0,0,0,0,1,6,0,0
CARRIER_C,2025-07-10 02:00,BUSAN,20FT,0,0,0,0,1,6,0,0
CARRIER_C,2025-07-10 03:00,BUSAN,20FT,0,0,0,0,1,6,0,0
CARRIER_C,2025-07-10 04:00,BUSAN,20FT,0,0,0,0,1,6,0,0
CARRIER_C,2025-07-10 05:00,BUSAN,20FT,0,0,0,0,1,6,0,0
CARRIER_C,2025-07-10 06:00,BUSAN,20FT,1,0,0,0,0,5,0,0
CARRIER_C,2025-07-10 07:00,BUSAN,20FT,0,0,0,0,0,5,0,0
CARRIER_C,2025-07-10 08:00,BUSAN,20FT,0,0,0,0,0,5,0,0
CARRIER_C,2025-07-10 09:00,BUSAN,20FT,0,0,0,0,0,5,0,0
CARRIER_C,2025-07-10 10:00,BUSAN,20FT,0,0,0,0,0,5,0,0
CARRIER_C,2025-07-10 11:00,BUSAN,20FT,0,0,0,0,0,5,0,0
CARRIER_C,2025-07-10 12:00,BUSAN,20FT,0,0,0,0,0,5,0,0
CARRIER_C,2025-07-10 13:00,BUSAN,20FT,0,0,0,0,0,5,0,0
CARRIER_C,2025-07-10 14:00,BUSAN,20FT,0,0,0,0,0,5,0,0
CARRIER_C,2025-07-10 15:00,BUSAN,20FT,2,0,0,0,0,3,2,0
CARRIER_C,2025-07-10 16:00,BUSAN,20FT,1,0,0,0,0,2,1,0
CARRIER_C,2025-07-10 17:00,BUSAN,20FT,0,0,0,0,0,2,0,0
CARRIER_C,2025-07-10 18:00,BUSAN,20FT,0,0,0,0,0,2,0,0
CARRIER_C,2025-07-10 19:00,BUSAN,20FT,0,0,0,0,0,2,0,0
CARRIER_C,2025-07-10 20:00,BUSAN,20FT,0,0,0,0,0,2,0,0
CARRIER_C,2025-07-10 21:00,BUSAN,20FT,0,0,0,0,0,2,0,0
CARRIER_C,2025-07-10 22:00,BUSAN,20FT,0,0,0,0,0,2,0,0
CARRIER_C,2025-07-10 23:00,BUSAN,20FT,0,0,0,0,0,2,0,0
CARRIER_C,2025-07-11 00:00,BUSAN,20FT,0,0,0,0,0,2,0,0
CARRIER_C,2025-07-11 01:00,BUSAN,20FT,0,0,0,0,0,2,0,0
CARRIER_C,2025-07-11 02:00,BUSAN,20FT,0,0,0,0,0,2,0,0
CARRIER_C,2025-07-11 03:00,BUSAN,20FT,0,0,0,0,0,2,0,0
CARRIER_C,2025-07-11 04:00,BUSAN,20FT,0,0,0,0,0,2,0,0
CARRIER_C,2025-07-11 05:00,BUSAN,20FT,0,0,0,0,0,2,0,0
CARRIER_C,2025-07-11 06:00,BUSAN,20FT,0,0,0,0,0,2,0,0
CARRIER_C,2025-07-11 07:00,BUSAN,20FT,0,0,0,0,0,2,0,0
CARRIER_C,2025-07-11 08:00,BUSAN,20FT,0,0,0,0,0,2,0,0
CARRIER_C,2025-07-11 09:00,BUSAN,20FT,0,0,0,0,0,2,0,0
CARRIER_C,2025-07-11 10:00,BUSAN,20FT,0,0,0,0,0,2,0,0
CARRIER_C,2025-07-11 11:00,BUSAN,20FT,0,0,0,0,0,2,0,0
CARRIER_C,2025-07-11 12:00,BUSAN,20FT,0,0,0,0,0,2,0,0
CARRIER_C,2025-07-11 13:00,BUSAN,20FT,0,0,0,0,0,2,0,0
CARRIER_C,2025-07-11 14:00,BUSAN,20FT,1,0,0,0,0,1,1,0
CARRIER_C,2025-07-11 15:00,BUSAN,20FT,0,0,0,0,0,1,0,0
CARRIER_C,2025-07-11 16:00,BUSAN,20FT,0,0,0,0,0,1,0,0
CARRIER_C,2025-07-11 17:00,BUSAN,20FT,0,0,0,0,0,1,0,0
CARRIER_C,2025-07-11 18:00,BUSAN,20FT,0,0,0,0,0,1,0,0
CARRIER_C,2025-07-11 19:00,BUSAN,20FT,0,0,0,0,0,1,0,0
CARRIER_C,2025-07-11 20:00,BUSAN,20FT,0,0,0,0,0,1,0,0
CARRIER_C,2025-07-11 21:00,BUSAN,20FT,0,0,0,0,0,1,0,0
CARRIER_C,2025-07-11 22:00,BUSAN,20FT,0,0,0,0,0,1,0,0
CARRIER_C,2025-07-11 23:00,BUSAN,20FT,0,0,0,0,0,1,0,0
CARRIER_C,2025-07-12 00:00,BUSAN,20FT,0,0,0,0,0,1,0,0
CARRIER_C,2025-07-12 01:00,BUSAN,20FT,0,0,0,0,0,1,0,0
CARRIER_C,2025-07-12 02:00,BUSAN,20FT,0,0,0,0,0,1,0,0
CARRIER_C,2025-07-12 03:00,BUSAN,20FT,0,0,0,0,0,1,0,0
CARRIER_C,2025-07-12 04:00,BUSAN,20FT,0,0,0,0,0,1,0,0
CARRIER_C,2025-07-12 05:00,BUSAN,20FT,0,0,0,0,0,1,0,0
CARRIER_C,2025-07-12 06:00,BUSAN,20FT,1,0,0,0,0,0,1,0
CARRIER_C,2025-07-12 07:00,BUSAN,20FT,0,0,0,0,0,0,0,0
CARRIER_C,2025-07-12 08:00,BUSAN,20FT,0,0,0,0,0,0,0,0
CARRIER_C,2025-07-12 09:00,BUSAN,20FT,0,0,0,0,0,0,0,0
CARRIER_C,2025-07-12 10:00,BUSAN,20FT,0,0,0,0,0,0,0,0
CARRIER_C,2025-07-12 11:00,BUSAN,20FT,0,0,0,0,0,0,0,0
CARRIER_C,2025-07-12 12:00,BUSAN,20FT,0,0,0,0,0,0,0,0
CARRIER_C,2025-07-12 13:00,BUSAN,20FT,0,2,0,0,2,2,0,0
CARRIER_C,2025-07-12 14:00,BUSAN,20FT,0,0,0,0,2,2,0,0
CARRIER_C,2025-07-12 15:00,BUSAN,20FT,0,0,0,0,2,2,0,0
CARRIER_C,2025-07-12 16:00,BUSAN,20FT,0,0,0,0,2,2,0,0
CARRIER_C,2025-07-12 17:00,BUSAN,20FT,0,0,0,0,2,2,0,0
CARRIER_C,2025-07-12 18:00,BUSAN,20FT,0,0,0,0,2,2,0,0
CARRIER_C,2025-07-12 19:00,BUSAN,20FT,0,1,0,0,3,3,0,0
CARRIER_C,2025-07-12 20:00,BUSAN,20FT,0,0,0,0,3,3,0,0
CARRIER_C,2025-07-12 21:00,BUSAN,20FT,0,0,0,0,3,3,0,0
CARRIER_C,2025-07-12 22:00,BUSAN,20FT,0,0,0,0,3,3,0,0
CARRIER_C,2025-07-12 23:00,BUSAN,20FT,0,0,0,0,3,3,0,0
CARRIER_C,2025-07-13 00:00,BUSAN,20FT,0,0,0,0,3,3,0,0
CARRIER_C,2025-07-13 01:00,BUSAN,20FT,0,0,0,0,3,3,0,0
CARRIER_C,2025-07-13 02:00,BUSAN,20FT,0,0,0,0,3,3,0,0
CARRIER_C,2025-07-13 03:00,BUSAN,20FT,0,0,0,0,3,3,0,0
CARRIER_C,2025-07-13 04:00,BUSAN,20FT,0,0,0,0,3,3,0,0
CARRIER_C,2025-07-13 05:00,BUSAN,20FT,0,0,0,0,3,3,0,0
CARRIER_C,2025-07-13 06:00,BUSAN,20FT,0,0,0,0,3,3,0,0
CARRIER_C,2025-07-13 07:00,BUSAN,20FT,0,0,0,0,3,3,0,0
CARRIER_C,2025-07-13 08:00,BUSAN,20FT,0,0,0,0,3,3,0,0
CARRIER_C,2025-07-13 09:00,BUSAN,20FT,0,0,0,0,3,3,0,0
CARRIER_C,2025-07-13 10:00,BUSAN,20FT,0,0,0,0,3,3,0,0
CARRIER_C,2025-07-13 11:00,BUSAN,20FT,0,0,0,0,3,3,0,0
CARRIER_C,2025-07-13 12:00,BUSAN,20FT,0,0,0,0,3,3,0,0
CARRIER_C,2025-07-13 13:00,BUSAN,20FT,0,0,0,0,3,3,0,0
CARRIER_C,2025-07-13 14:00,BUSAN,20FT,0,0,0,0,3,3,0,0
CARRIER_C,2025-07-13 15:00,BUSAN,20FT,0,0,0,0,3,3,0,0
CARRIER_C,2025-07-13 16:00,BUSAN,20FT,0,0,0,0,3,3,0,0
CARRIER_C,2025-07-13 17:00,BUSAN,20FT,0,0,0,0,3,3,0,0
CARRIER_C,2025-07-13 18:00,BUSAN,20FT,1,0,0,0,2,2,0,0
CARRIER_C,2025-07-13 19:00,BUSAN,20FT,0,0,0,0,2,2,0,0
CARRIER_C,2025-07-13 20:00,BUSAN,20FT,0,0,0,0,2,2,0,0
CARRIER_C,2025-07-13 21:00,BUSAN,20FT,0,0,0,0,2,2,0,0
CARRIER_C,2025-07-13 22:00,BUSAN,20FT,0,0,0,0,2,2,0,0
CARRIER_C,2025-07-13 23:00,BUSAN,20FT,0,0,0,0,2,2,0,0
CARRIER_C,2025-07-14 00:00,BUSAN,20FT,0,0,0,0,2,2,0,0
CARRIER_C,2025-07-14 01:00,BUSAN,20FT,0,0,0,0,2,2,0,0
CARRIER_C,2025-07-14 02:00,BUSAN,20FT,0,0,0,0,2,2,0,0
CARRIER_C,2025-07-14 03:00,BUSAN,20FT,0,0,0,0,2,2,0,0
CARRIER_C,2025-07-14 04:00,BUSAN,20FT,0,0,0,0,2,2,0,0
CARRIER_C,2025-07-14 05:00,BUSAN,20FT,0,0,0,0,2,2,0,0
CARRIER_C,2025-07-14 06:00,BUSAN,20FT,0,0,0,0,2,2,0,0
CARRIER_C,2025-07-14 07:00,BUSAN,20FT,0,0,0,0,2,2,0,0
CARRIER_C,2025-07-14 08:00,BUSAN,20FT,0,0,0,0,2,2,0,0
CARRIER_C,2025-07-14 09:00,BUSAN,20FT,0,0,0,0,2,2,0,0
CARRIER_C,2025-07-14 10:00,BUSAN,20FT,0,0,0,0,2,2,0,0
CARRIER_C,2025-07-14 11:00,BUSAN,20FT,0,0,0,0,2,2,0,0
CARRIER_C,2025-07-14 12:00,BUSAN,20FT,0,0,0,0,2,2,0,0
CARRIER_C,2025-07-14 13:00,BUSAN,20FT,0,0,0,0,2,2,0,0
CARRIER_C,2025-07-14 14:00,BUSAN,20FT,0,0,0,0,2,2,0,0
CARRIER_C,2025-07-14 15:00,BUSAN,20FT,0,0,0,0,2,2,0,0
CARRIER_C,2025-07-14 16:00,BUSAN,20FT,0,0,0,0,2,2,0,0
CARRIER_C,2025-07-14 17:00,BUSAN,20FT,0,0,0,0,2,2,0,0
CARRIER_C,2025-07-14 18:00,BUSAN,20FT,0,0,0,0,2,2,0,0
CARRIER_C,2025-07-14 19:00,BUSAN,20FT,0,0,0,0,2,2,0,0
CARRIER_C,2025-07-14 20:00,BUSAN,20FT,0,0,0,0,2,2,0,0
CARRIER_C,2025-07-14 21:00,BUSAN,20FT,0,0,0,0,2,2,0,0
CARRIER_C,2025-07-14 22:00,BUSAN,20FT,0,0,0,0,2,2,0,0
CARRIER_C,2025-07-14 23:00,BUSAN,20FT,0,0,0,0,2,2,0,0
CARRIER_C,2025-07-08 00:00,BUSAN,40FT,0,0,0,0,15,15,0,0
CARRIER_C,2025-07-08 01:00,BUSAN,40FT,0,0,0,0,15,15,0,0
CARRIER_C,2025-07-08 02:00,BUSAN,40FT,0,0,0,0,15,15,0,0
CARRIER_C,2025-07-08 03:00,BUSAN,40FT,0,0,0,0,15,15,0,0
CARRIER_C,2025-07-08 04:00,BUSAN,40FT,0,0,0,0,15,15,0,0
CARRIER_C,2025-07-08 05:00,BUSAN,40FT,0,0,0,0,15,15,0,0
CARRIER_C,2025-07-08 06:00,BUSAN,40FT,0,0,0,0,15,15,0,0
CARRIER_C,2025-07-08 07:00,BUSAN,40FT,0,0,0,0,15,15,0,0
CARRIER_C,2025-07-08 08:00,BUSAN,40FT,1,0,0,0,14,14,0,0
CARRIER_C,2025-07-08 09:00,BUSAN,40FT,0,0,0,0,14,14,0,0
CARRIER_C,2025-07-08 10:00,BUSAN,40FT,0,0,0,0,14,14,0,0
CARRIER_C,2025-07-08 11:00,BUSAN,40FT,0,0,0,0,14,14,0,0
CARRIER_C,2025-07-08 12:00,BUSAN,40FT,0,0,0,0,14,14,0,0
CARRIER_C,2025-07-08 13:00,BUSAN,40FT,1,0,0,0,13,13,0,0
CARRIER_C,2025-07-08 14:00,BUSAN,40FT,0,7,0,0,20,20,0,0
CARRIER_C,2025-07-08 15:00,BUSAN,40FT,0,0,0,0,20,20,0,0
CARRIER_C,2025-07-08 16:00,BUSAN,40FT,2,0,0,0,18,18,0,0
CARRIER_C,2025-07-08 17:00,BUSAN,40FT,0,4,0,0,22,22,0,0
CARRIER_C,2025-07-08 18:00,BUSAN,40FT,1,0,0,0,21,21,0,0
CARRIER_C,2025-07-08 19:00,BUSAN,40FT,0,0,0,0,21,21,0,0
CARRIER_C,2025-07-08 20:00,BUSAN,40FT,1,0,0,0,20,20,0,0
CARRIER_C,2025-07-08 21:00,BUSAN,40FT,0,0,0,0,20,20,0,0
CARRIER_C,2025-07-08 22:00,BUSAN,40FT,0,0,0,0,20,20,0,0
CARRIER_C,2025-07-08 23:00,BUSAN,40FT,0,0,0,0,20,20,0,0
CARRIER_C,2025-07-09 00:00,BUSAN,40FT,0,0,0,0,20,20,0,0
CARRIER_C,2025-07-09 01:00,BUSAN,40FT,0,0,0,0,20,20,0,0
CARRIER_C,2025-07-09 02:00,BUSAN,40FT,0,0,0,0,20,20,0,0
CARRIER_C,2025-07-09 03:00,BUSAN,40FT,0,0,0,0,20,20,0,0
CARRIER_C,2025-07-09 04:00,BUSAN,40FT,0,0,0,0,20,20,0,0
CARRIER_C,2025-07-09 05:00,BUSAN,40FT,0,0,0,0,20,20,0,0
CARRIER_C,2025-07-09 06:00,BUSAN,40FT,1,3,0,0,22,22,0,0
CARRIER_C,2025-07-09 07:00,BUSAN,40FT,0,0,0,0,22,22,0,0
CARRIER_C,2025-07-09 08:00,BUSAN,40FT,0,0,0,0,22,22,0,0
CARRIER_C,2025-07-09 09:00,BUSAN,40FT,1,0,0,0,21,21,0,0
CARRIER_C,2025-07-09 10:00,BUSAN,40FT,3,1,0,0,19,19,0,0
CARRIER_C,2025-07-09 11:00,BUSAN,40FT,0,0,0,0,19,19,0,0
CARRIER_C,2025-07-09 12:00,BUSAN,40FT,0,0,0,0,19,19,0,0
CARRIER_C,2025-07-09 13:00,BUSAN,40FT,1,0,0,0,18,18,0,0
CARRIER_C,2025-07-09 14:00,BUSAN,40FT,0,0,0,0,18,18,0,0
CARRIER_C,2025-07-09 15:00,BUSAN,40FT,1,0,0,0,17,17,0,0
CARRIER_C,2025-07-09 16:00,BUSAN,40FT,0,0,0,0,17,17,0,0
CARRIER_C,2025-07-09 17:00,BUSAN,40FT,1,0,0,0,16,16,0,0
CARRIER_C,2025-07-09 18:00,BUSAN,40FT,0,0,0,0,16,16,0,0
CARRIER_C,2025-07-09 19:00,BUSAN,40FT,0,0,0,0,16,16,0,0
CARRIER_C,2025-07-09 20:00,BUSAN,40FT,0,0,0,0,16,16,0,0
CARRIER_C,2025-07-09 21:00,BUSAN,40FT,0,0,0,0,16,16,0,0
CARRIER_C,2025-07-09 22:00,BUSAN,40FT,0,0,0,0,16,16,0,0
CARRIER_C,2025-07-09 23:00,BUSAN,40FT,0,0,0,0,16,16,0,0
CARRIER_C,2025-07-10 00:00,BUSAN,40FT,0,0,0,0,16,16,0,0
CARRIER_C,2025-07-10 01:00,BUSAN,40FT,0,0,0,0,16,16,0,0
CARRIER_C,2025-07-10 02:00,BUSAN,40FT,0,0,0,0,16,16,0,0
CARRIER_C,2025-07-10 03:00,BUSAN,40FT,0,0,0,0,16,16,0,0
CARRIER_C,2025-07-10 04:00,BUSAN,40FT,0,0,0,0,16,16,0,0
CARRIER_C,2025-07-10 05:00,BUSAN,40FT,0,0,0,0,16,16,0,0
CARRIER_C,2025-07-10 06:00,BUSAN,40FT,0,0,0,0,16,16,0,0
CARRIER_C,2025-07-10 07:00,BUSAN,40FT,0,0,0,0,16,16,0,0
CARRIER_C,2025-07-10 08:00,BUSAN,40FT,1,0,0,0,15,15,0,0
CARRIER_C,2025-07-10 09:00,BUSAN,40FT,0,0,0,0,15,15,0,0
CARRIER_C,2025-07-10 10:00,BUSAN,40FT,3,0,0,0,12,12,0,0
CARRIER_C,2025-07-10 11:00,BUSAN,40FT,1,0,0,0,11,11,0,0
CARRIER_C,2025-07-10 12:00,BUSAN,40FT,0,0,0,0,11,11,0,0
CARRIER_C,2025-07-10 13:00,BUSAN,40FT,0,1,0,0,12,12,0,0
CARRIER_C,2025-07-10 14:00,BUSAN,40FT,0,0,0,0,12,12,0,0
CARRIER_C,2025-07-10 15:00,BUSAN,40FT,2,0,0,0,10,10,0,0
CARRIER_C,2025-07-10 16:00,BUSAN,40FT,1,0,0,0,9,9,0,0
CARRIER_C,2025-07-10 17:00,BUSAN,40FT,0,0,0,0,9,9,0,0
CARRIER_C,2025-07-10 18:00,BUSAN,40FT,2,0,0,0,7,7,0,0
CARRIER_C,2025-07-10 19:00,BUSAN,40FT,0,0,0,0,7,7,0,0
CARRIER_C,2025-07-10 20:00,BUSAN,40FT,0,0,0,0,7,7,0,0
CARRIER_C,2025-07-10 21:00,BUSAN,40FT,0,0,0,0,7,7,0,0
CARRIER_C,2025-07-10 22:00,BUSAN,40FT,0,0,0,0,7,7,0,0
CARRIER_C,2025-07-10 23:00,BUSAN,40FT,0,0,0,0,7,7,0,0
CARRIER_C,2025-07-11 00:00,BUSAN,40FT,0,0,0,0,7,7,0,0
CARRIER_C,2025-07-11 01:00,BUSAN,40FT,0,0,0,0,7,7,0,0
CARRIER_C,2025-07-11 02:00,BUSAN,40FT,0,0,0,0,7,7,0,0
CARRIER_C,2025-07-11 03:00,BUSAN,40FT,0,0,0,0,7,7,0,0
CARRIER_C,2025-07-11 04:00,BUSAN,40FT,0,0,0,0,7,7,0,0
CARRIER_C,2025-07-11 05:00,BUSAN,40FT,1,0,0,0,6,6,0,0
CARRIER_C,2025-07-11 06:00,BUSAN,40FT,0,0,0,0,6,6,0,0
CARRIER_C,2025-07-11 07:00,BUSAN,40FT,2,0,0,0,4,4,0,0
CARRIER_C,2025-07-11 08:00,BUSAN,40FT,1,0,0,0,3,3,0,0
CARRIER_C,2025-07-11 09:00,BUSAN,40FT,1,0,0,0,2,2,0,0
CARRIER_C,2025-07-11 10:00,BUSAN,40FT,0,0,0,0,2,2,0,0
CARRIER_C,2025-07-11 11:00,BUSAN,40FT,0,0,0,0,2,2,0,0
CARRIER_C,2025-07-11 12:00,BUSAN,40FT,0,0,0,0,2,2,0,0
CARRIER_C,2025-07-11 13:00,BUSAN,40FT,1,0,0,0,1,1,0,0
CARRIER_C,2025-07-11 14:00,BUSAN,40FT,0,0,0,0,1,1,0,0
CARRIER_C,2025-07-11 15:00,BUSAN,40FT,0,0,0,0,1,1,0,0
CARRIER_C,2025-07-11 16:00,BUSAN,40FT,0,0,0,0,1,1,0,0
CARRIER_C,2025-07-11 17:00,BUSAN,40FT,0,0,0,0,1,1,0,0
CARRIER_C,2025-07-11 18:00,BUSAN,40FT,0,0,0,0,1,1,0,0
CARRIER_C,2025-07-11 19:00,BUSAN,40FT,0,0,0,0,1,1,0,0
CARRIER_C,2025-07-11 20:00,BUSAN,40FT,0,0,0,0,1,1,0,0
CARRIER_C,2025-07-11 21:00,BUSAN,40FT,0,0,0,0,1,1,0,0
CARRIER_C,2025-07-11 22:00,BUSAN,40FT,0,0,0,0,1,1,0,0
CARRIER_C,2025-07-11 23:00,BUSAN,40FT,0,0,0,0,1,1,0,0
CARRIER_C,2025-07-12 00:00,BUSAN,40FT,0,5,0,0,6,6,0,0
CARRIER_C,2025-07-12 01:00,BUSAN,40FT,0,0,0,0,6,6,0,0
CARRIER_C,2025-07-12 02:00,BUSAN,40FT,0,0,0,0,6,6,0,0
CARRIER_C,2025-07-12 03:00,BUSAN,40FT,0,0,0,0,6,6,0,0
CARRIER_C,2025-07-12 04:00,BUSAN,40FT,0,0,0,0,6,6,0,0
CARRIER_C,2025-07-12 05:00,BUSAN,40FT,0,0,0,0,6,6,0,0
CARRIER_C,2025-07-12 06:00,BUSAN,40FT,1,0,0,0,5,5,0,0
CARRIER_C,2025-07-12 07:00,BUSAN,40FT,0,1,0,0,6,6,0,0
CARRIER_C,2025-07-12 08:00,BUSAN,40FT,0,0,0,0,6,6,0,0
CARRIER_C,2025-07-12 09:00,BUSAN,40FT,1,0,0,0,5,5,0,0
CARRIER_C,2025-07-12 10:00,BUSAN,40FT,0,0,0,0,5,5,0,0
CARRIER_C,2025-07-12 11:00,BUSAN,40FT,1,0,0,0,4,4,0,0
CARRIER_C,2025-07-12 12:00,BUSAN,40FT,0,0,0,0,4,4,0,0
CARRIER_C,2025-07-12 13:00,BUSAN,40FT,0,1,0,0,5,5,0,0
CARRIER_C,2025-07-12 14:00,BUSAN,40FT,0,1,0,0,6,6,0,0
CARRIER_C,2025-07-12 15:00,BUSAN,40FT,0,0,0,0,6,6,0,0
CARRIER_C,2025-07-12 16:00,BUSAN,40FT,1,0,0,0,5,5,0,0
CARRIER_C,2025-07-12 17:00,BUSAN,40FT,0,0,0,0,5,5,0,0
CARRIER_C,2025-07-12 18:00,BUSAN,40FT,0,0,0,0,5,5,0,0
CARRIER_C,2025-07-12 19:00,BUSAN,40FT,0,0,0,0,5,5,0,0
CARRIER_C,2025-07-12 20:00,BUSAN,40FT,0,0,0,0,5,5,0,0
CARRIER_C,2025-07-12 21:00,BUSAN,40FT,0,0,0,0,5,5,0,0
CARRIER_C,2025-07-12 22:00,BUSAN,40FT,0,0,0,0,5,5,0,0
CARRIER_C,2025-07-12 23:00,BUSAN,40FT,0,11,0,0,16,16,0,0
CARRIER_C,2025-07-13 00:00,BUSAN,40FT,0,0,0,0,16,16,0,0
CARRIER_C,2025-07-13 01:00,BUSAN,40FT,0,0,0,0,16,16,0,0
CARRIER_C,2025-07-13 02:00,BUSAN,40FT,0,0,0,0,16,16,0,0
CARRIER_C,2025-07-13 03:00,BUSAN,40FT,0,0,0,0,16,16,0,0
CARRIER_C,2025-07-13 04:00,BUSAN,40FT,0,0,0,0,16,16,0,0
CARRIER_C,2025-07-13 05:00,BUSAN,40FT,0,0,0,0,16,16,0,0
CARRIER_C,2025-07-13 06:00,BUSAN,40FT,0,0,0,0,16,16,0,0
CARRIER_C,2025-07-13 07:00,BUSAN,40FT,0,0,0,0,16,16,0,0
CARRIER_C,2025-07-13 08:00,BUSAN,40FT,0,0,0,0,16,16,0,0
CARRIER_C,2025-07-13 09:00,BUSAN,40FT,0,0,0,0,16,16,0,0
CARRIER_C,2025-07-13 10:00,BUSAN,40FT,0,0,0,0,16,16,0,0
CARRIER_C,2025-07-13 11:00,BUSAN,40FT,1,0,0,0,15,15,0,0
CARRIER_C,2025-07-13 12:00,BUSAN,40FT,0,2,0,0,17,17,0,0
CARRIER_C,2025-07-13 13:00,BUSAN,40FT,0,1,0,0,18,18,0,0
CARRIER_C,2025-07-13 14:00,BUSAN,40FT,0,0,0,0,18,18,0,0
CARRIER_C,2025-07-13 15:00,BUSAN,40FT,0,1,0,0,19,19,0,0
CARRIER_C,2025-07-13 16:00,BUSAN,40FT,0,0,0,0,19,19,0,0
CARRIER_C,2025-07-13 17:00,BUSAN,40FT,0,0,0,0,19,19,0,0
CARRIER_C,2025-07-13 18:00,BUSAN,40FT,0,0,0,0,19,19,0,0
CARRIER_C,2025-07-13 19:00,BUSAN,40FT,0,1,0,0,20,20,0,0
CARRIER_C,2025-07-13 20:00,BUSAN,40FT,0,0,0,0,20,20,0,0
CARRIER_C,2025-07-13 21:00,BUSAN,40FT,0,0,0,0,20,20,0,0
CARRIER_C,2025-07-13 22:00,BUSAN,40FT,0,0,0,0,20,20,0,0
CARRIER_C,2025-07-13 23:00,BUSAN,40FT,0,0,0,0,20,20,0,0
CARRIER_C,2025-07-14 00:00,BUSAN,40FT,0,0,0,0,20,20,0,0
CARRIER_C,2025-07-14 01:00,BUSAN,40FT,0,0,0,0,20,20,0,0
CARRIER_C,2025-07-14 02:00,BUSAN,40FT,0,0,0,0,20,20,0,0
CARRIER_C,2025-07-14 03:00,BUSAN,40FT,0,0,0,0,20,20,0,0
CARRIER_C,2025-07-14 04:00,BUSAN,40FT,0,0,0,0,20,20,0,0
CARRIER_C,2025-07-14 05:00,BUSAN,40FT,0,0,0,0,20,20,0,0
CARRIER_C,2025-07-14 06:00,BUSAN,40FT,0,0,0,0,20,20,0,0
CARRIER_C,2025-07-14 07:00,BUSAN,40FT,0,0,0,0,20,20,0,0
CARRIER_C,2025-07-14 08:00,BUSAN,40FT,0,0,0,0,20,20,0,0
CARRIER_C,2025-07-14 09:00,BUSAN,40FT,0,0,0,0,20,20,0,0
CARRIER_C,2025-07-14 10:00,BUSAN,40FT,0,1,0,0,21,21,0,0
CARRIER_C,2025-07-14 11:00,BUSAN,40FT,0,1,0,0,22,22,0,0
CARRIER_C,2025-07-14 12:00,BUSAN,40FT,0,0,0,0,22,22,0,0
CARRIER_C,2025-07-14 13:00,BUSAN,40FT,0,0,0,0,22,22,0,0
CARRIER_C,2025-07-14 14:00,BUSAN,40FT,0,0,0,0,22,22,0,0
CARRIER_C,2025-07-14 15:00,BUSAN,40FT,0,0,0,0,22,22,0,0
CARRIER_C,2025-07-14 16:00,BUSAN,40FT,0,0,0,0,22,22,0,0
CARRIER_C,2025-07-14 17:00,BUSAN,40FT,0,1,0,0,23,23,0,0
CARRIER_C,2025-07-14 18:00,BUSAN,40FT,0,3,0,0,26,26,0,0
CARRIER_C,2025-07-14 19:00,BUSAN,40FT,0,0,0,0,26,26,0,0
CARRIER_C,2025-07-14 20:00,BUSAN,40FT,0,0,0,0,26,26,0,0
CARRIER_C,2025-07-14 21:00,BUSAN,40FT,0,0,0,0,26,26,0,0
CARRIER_C,2025-07-14 22:00,BUSAN,40FT,0,0,0,0,26,26,0,0
CARRIER_C,2025-07-14 23:00,BUSAN,40FT,0,0,0,0,26,26,0,0
CARRIER_C,2025-07-08 00:00,DONGSAN,20FT,0,0,0,0,4,4,0,0
CARRIER_C,2025-07-08 01:00,DONGSAN,20FT,0,0,0,0,4,4,0,0
CARRIER_C,2025-07-08 02:00,DONGSAN,20FT,0,0,0,0,4,4,0,0
CARRIER_C,2025-07-08 03:00,DONGSAN,20FT,0,0,0,0,4,4,0,0
CARRIER_C,2025-07-08 04:00,DONGSAN,20FT,0,0,0,0,4,4,0,0
CARRIER_C,2025-07-08 05:00,DONGSAN,20FT,0,0,0,0,4,4,0,0
CARRIER_C,2025-07-08 06:00,DONGSAN,20FT,0,0,0,0,4,4,0,0
CARRIER_C,2025-07-08 07:00,DONGSAN,20FT,0,0,0,0,4,4,0,0
CARRIER_C,2025-07-08 08:00,DONGSAN,20FT,0,0,0,0,4,4,0,0
CARRIER_C,2025-07-08 09:00,DONGSAN,20FT,0,0,0,0,4,4,0,0
CARRIER_C,2025-07-08 10:00,DONGSAN,20FT,0,0,0,0,4,4,0,0
CARRIER_C,2025-07-08 11:00,DONGSAN,20FT,1,0,0,0,3,3,0,0
CARRIER_C,2025-07-08 12:00,DONGSAN,20FT,0,0,0,0,3,3,0,0
CARRIER_C,2025-07-08 13:00,DONGSAN,20FT,0,0,0,0,3,3,0,0
CARRIER_C,2025-07-08 14:00,DONGSAN,20FT,0,0,0,0,3,3,0,0
CARRIER_C,2025-07-08 15:00,DONGSAN,20FT,1,0,0,0,2,2,0,0
CARRIER_C,2025-07-08 16:00,DONGSAN,20FT,1,0,0,0,1,1,0,0
CARRIER_C,2025-07-08 17:00,DONGSAN,20FT,1,0,0,0,0,0,0,0
CARRIER_C,2025-07-08 18:00,DONGSAN,20FT,0,0,0,0,0,0,0,0
CARRIER_C,2025-07-08 19:00,DONGSAN,20FT,0,0,0,0,0,0,0,0
CARRIER_C,2025-07-08 20:00,DONGSAN,20FT,0,0,0,0,0,0,0,0
CARRIER_C,2025-07-08 21:00,DONGSAN,20FT,0,0,0,0,0,0,0,0
CARRIER_C,2025-07-08 22:00,DONGSAN,20FT,0,0,0,0,0,0,0,0
CARRIER_C,2025-07-08 23:00,DONGSAN,20FT,0,0,0,0,0,0,0,0
CARRIER_C,2025-07-09 00:00,DONGSAN,20FT,0,0,0,0,0,0,0,0
CARRIER_C,2025-07-09 01:00,DONGSAN,20FT,0,0,0,0,0,0,0,0
CARRIER_C,2025-07-09 02:00,DONGSAN,20FT,0,0,0,0,0,0,0,0
CARRIER_C,2025-07-09 03:00,DONGSAN,20FT,0,0,0,0,0,0,0,0
CARRIER_C,2025-07-09 04:00,DONGSAN,20FT,0,0,0,0,0,0,0,0
CARRIER_C,2025-07-09 05:00,DONGSAN,20FT,0,0,0,0,0,0,0,0
CARRIER_C,2025-07-09 06:00,DONGSAN,20FT,0,0,0,0,0,0,0,0
CARRIER_C,2025-07-09 07:00,DONGSAN,20FT,0,0,0,0,0,0,0,0
CARRIER_C,2025-07-09 08:00,DONGSAN,20FT,0,0,0,0,0,0,0,0
CARRIER_C,2025-07-09 09:00,DONGSAN,20FT,2,0,0,0,0,0,2,2
CARRIER_C,2025-07-09 10:00,DONGSAN,20FT,0,0,0,0,0,0,0,0
CARRIER_C,2025-07-09 11:00,DONGSAN,20FT,0,0,0,0,0,0,0,0
CARRIER_C,2025-07-09 12:00,DONGSAN,20FT,0,0,0,0,0,0,0,0
CARRIER_C,2025-07-09 13:00,DONGSAN,20FT,0,0,0,0,0,0,0,0
CARRIER_C,2025-07-09 14:00,DONGSAN,20FT,0,0,0,0,0,0,0,0
CARRIER_C,2025-07-09 15:00,DONGSAN,20FT,1,0,0,0,0,0,1,1
CARRIER_C,2025-07-09 16:00,DONGSAN,20FT,0,0,0,0,0,0,0,0
CARRIER_C,2025-07-09 17:00,DONGSAN,20FT,0,0,0,0,0,0,0,0
CARRIER_C,2025-07-09 18:00,DONGSAN,20FT,0,0,0,0,0,0,0,0
CARRIER_C,2025-07-09 19:00,DONGSAN,20FT,0,0,0,0,0,0,0,0
CARRIER_C,2025-07-09 20:00,DONGSAN,20FT,0,0,0,0,0,0,0,0
CARRIER_C,2025-07-09 21:00,DONGSAN,20FT,0,0,0,0,0,0,0,0
CARRIER_C,2025-07-09 22:00,DONGSAN,20FT,0,0,0,0,0,0,0,0
CARRIER_C,2025-07-09 23:00,DONGSAN,20FT,0,0,0,0,0,0,0,0
CARRIER_C,2025-07-10 00:00,DONGSAN,20FT,0,0,0,0,0,0,0,0
CARRIER_C,2025-07-10 01:00,DONGSAN,20FT,0,0,0,0,0,0,0,0
CARRIER_C,2025-07-10 02:00,DONGSAN,20FT,0,0,0,0,0,0,0,0
CARRIER_C,2025-07-10 03:00,DONGSAN,20FT,0,0,0,0,0,0,0,0
CARRIER_C,2025-07-10 04:00,DONGSAN,20FT,0,0,0,0,0,0,0,0
CARRIER_C,2025-07-10 05:00,DONGSAN,20FT,0,0,0,0,0,0,0,0
CARRIER_C,2025-07-10 06:00,DONGSAN,20FT,0,0,0,0,0,0,0,0
CARRIER_C,2025-07-10 07:00,DONGSAN,20FT,0,0,0,0,0,0,0,0
CARRIER_C,2025-07-10 08:00,DONGSAN,20FT,0,0,0,0,0,0,0,0
CARRIER_C,2025-07-10 09:00,DONGSAN,20FT,0,0,0,0,0,0,0,0
CARRIER_C,2025-07-10 10:00,DONGSAN,20FT,0,0,0,0,0,0,0,0
CARRIER_C,2025-07-10 11:00,DONGSAN,20FT,0,0,0,0,0,0,0,0
CARRIER_C,2025-07-10 12:00,DONGSAN,20FT,0,0,0,0,0,0,0,0
CARRIER_C,2025-07-10 13:00,DONGSAN,20FT,1,0,0,0,0,0,1,1
CARRIER_C,2025-07-10 14:00,DONGSAN,20FT,1,0,0,0,0,0,1,1
CARRIER_C,2025-07-10 15:00,DONGSAN,20FT,0,0,0,0,0,0,0,0
CARRIER_C,2025-07-10 16:00,DONGSAN,20FT,1,0,0,0,0,0,1,1
CARRIER_C,2025-07-10 17:00,DONGSAN,20FT,0,0,0,0,0,0,0,0
CARRIER_C,2025-07-10 18:00,DONGSAN,20FT,0,0,0,0,0,0,0,0
CARRIER_C,2025-07-10 19:00,DONGSAN,20FT,0,0,0,0,0,0,0,0
CARRIER_C,2025-07-10 20:00,DONGSAN,20FT,0,0,0,0,0,0,0,0
CARRIER_C,2025-07-10 21:00,DONGSAN,20FT,0,0,0,0,0,0,0,0
CARRIER_C,2025-07-10 22:00,DONGSAN,20FT,0,0,0,0,0,0,0,0
CARRIER_C,2025-07-10 23:00,DONGSAN,20FT,0,0,0,0,0,0,0,0
CARRIER_C,2025-07-11 00:00,DONGSAN,20FT,0,0,0,0,0,0,0,0
CARRIER_C,2025-07-11 01:00,DONGSAN,20FT,0,0,0,0,0,0,0,0
CARRIER_C,2025-07-11 02:00,DONGSAN,20FT,0,0,0,0,0,0,0,0
CARRIER_C,2025-07-11 03:00,DONGSAN,20FT,0,0,0,0,0,0,0,0
CARRIER_C,2025-07-11 04:00,DONGSAN,20FT,0,0,0,0,0,0,0,0
CARRIER_C,2025-07-11 05:00,DONGSAN,20FT,0,0,0,0,0,0,0,0
CARRIER_C,2025-07-11 06:00,DONGSAN,20FT,0,0,0,0,0,0,0,0
CARRIER_C,2025-07-11 07:00,DONGSAN,20FT,0,0,0,0,0,0,0,0
CARRIER_C,2025-07-11 08:00,DONGSAN,20FT,0,0,0,0,0,0,0,0
CARRIER_C,2025-07-11 09:00,DONGSAN,20FT,0,0,0,0,0,0,0,0
CARRIER_C,2025-07-11 10:00,DONGSAN,20FT,0,0,0,0,0,0,0,0
CARRIER_C,2025-07-11 11:00,DONGSAN,20FT,0,0,0,0,0,0,0,0
CARRIER_C,2025-07-11 12:00,DONGSAN,20FT,0,0,0,0,0,0,0,0
CARRIER_C,2025-07-11 13:00,DONGSAN,20FT,0,0,0,0,0,0,0,0
CARRIER_C,2025-07-11 14:00,DONGSAN,20FT,0,0,0,0,0,0,0,0
CARRIER_C,2025-07-11 15:00,DONGSAN,20FT,0,0,0,0,0,0,0,0
CARRIER_C,2025-07-11 16:00,DONGSAN,20FT,0,0,0,0,0,0,0,0
CARRIER_C,2025-07-11 17:00,DONGSAN,20FT,0,0,0,0,0,0,0,0
CARRIER_C,2025-07-11 18:00,DONGSAN,20FT,0,0,0,0,0,0,0,0
CARRIER_C,2025-07-11 19:00,DONGSAN,20FT,0,0,0,0,0,0,0,0
CARRIER_C,2025-07-11 20:00,DONGSAN,20FT,0,0,0,0,0,0,0,0
CARRIER_C,2025-07-11 21:00,DONGSAN,20FT,0,0,0,0,0,0,0,0
CARRIER_C,2025-07-11 22:00,DONGSAN,20FT,0,0,0,0,0,0,0,0
CARRIER_C,2025-07-11 23:00,DONGSAN,20FT,0,0,0,0,0,0,0,0
CARRIER_C,2025-07-12 00:00,DONGSAN,20FT,0,0,0,0,0,0,0,0
CARRIER_C,2025-07-12 01:00,DONGSAN,20FT,0,0,0,0,0,0,0,0
CARRIER_C,2025-07-12 02:00,DONGSAN,20FT,0,0,0,0,0,0,0,0
CARRIER_C,2025-07-12 03:00,DONGSAN,20FT,0,0,0,0,0,0,0,0
CARRIER_C,2025-07-12 04:00,DONGSAN,20FT,0,0,0,0,0,0,0,0
CARRIER_C,2025-07-12 05:00,DONGSAN,20FT,0,0,0,0,0,0,0,0
CARRIER_C,2025-07-12 06:00,DONGSAN,20FT,0,0,0,0,0,0,0,0
CARRIER_C,2025-07-12 07:00,DONGSAN,20FT,0,0,0,0,0,0,0,0
CARRIER_C,2025-07-12 08:00,DONGSAN,20FT,0,0,0,0,0,0,0,0
CARRIER_C,2025-07-12 09:00,DONGSAN,20FT,0,0,0,0,0,0,0,0
CARRIER_C,2025-07-12 10:00,DONGSAN,20FT,0,0,0,0,0,0,0,0
CARRIER_C,2025-07-12 11:00,DONGSAN,20FT,0,0,0,0,0,0,0,0
CARRIER_C,2025-07-12 12:00,DONGSAN,20FT,0,0,0,0,0,0,0,0
CARRIER_C,2025-07-12 13:00,DONGSAN,20FT,0,0,0,0,0,0,0,0
CARRIER_C,2025-07-12 14:00,DONGSAN,20FT,0,0,0,0,0,0,0,0
CARRIER_C,2025-07-12 15:00,DONGSAN,20FT,0,0,0,0,0,0,0,0
CARRIER_C,2025-07-12 16:00,DONGSAN,20FT,0,0,0,0,0,0,0,0
CARRIER_C,2025-07-12 17:00,DONGSAN,20FT,0,0,0,0,0,0,0,0
CARRIER_C,2025-07-12 18:00,DONGSAN,20FT,0,0,0,0,0,0,0,0
CARRIER_C,2025-07-12 19:00,DONGSAN,20FT,0,0,0,0,0,0,0,0
CARRIER_C,2025-07-12 20:00,DONGSAN,20FT,0,0,0,0,0,0,0,0
CARRIER_C,2025-07-12 21:00,DONGSAN,20FT,0,0,0,0,0,0,0,0
CARRIER_C,2025-07-12 22:00,DONGSAN,20FT,0,0,0,0,0,0,0,0
CARRIER_C,2025-07-12 23:00,DONGSAN,20FT,0,0,0,0,0,0,0,0
CARRIER_C,2025-07-13 00:00,DONGSAN,20FT,0,0,0,0,0,0,0,0
CARRIER_C,2025-07-13 01:00,DONGSAN,20FT,0,0,0,0,0,0,0,0
CARRIER_C,2025-07-13 02:00,DONGSAN,20FT,0,0,0,0,0,0,0,0
CARRIER_C,2025-07-13 03:00,DONGSAN,20FT,0,0,0,0,0,0,0,0
CARRIER_C,2025-07-13 04:00,DONGSAN,20FT,0,0,0,0,0,0,0,0
CARRIER_C,2025-07-13 05:00,DONGSAN,20FT,0,0,0,0,0,0,0,0
CARRIER_C,2025-07-13 06:00,DONGSAN,20FT,0,0,0,0,0,0,0,0
CARRIER_C,2025-07-13 07:00,DONGSAN,20FT,0,0,0,0,0,0,0,0
CARRIER_C,2025-07-13 08:00,DONGSAN,20FT,0,0,0,0,0,0,0,0
CARRIER_C,2025-07-13 09:00,DONGSAN,20FT,0,0,0,0,0,0,0,0
CARRIER_C,2025-07-13 10:00,DONGSAN,20FT,0,0,0,0,0,0,0,0
CARRIER_C,2025-07-13 11:00,DONGSAN,20FT,0,0,0,0,0,0,0,0
CARRIER_C,2025-07-13 12:00,DONGSAN,20FT,0,0,0,0,0,0,0,0
CARRIER_C,2025-07-13 13:00,DONGSAN,20FT,0,0,0,0,0,0,0,0
CARRIER_C,2025-07-13 14:00,DONGSAN,20FT,0,0,0,0,0,0,0,0
CARRIER_C,2025-07-13 15:00,DONGSAN,20FT,0,0,0,0,0,0,0,0
CARRIER_C,2025-07-13 16:00,DONGSAN,20FT,0,0,0,0,0,0,0,0
CARRIER_C,2025-07-13 17:00,DONGSAN,20FT,0,0,0,0,0,0,0,0
CARRIER_C,2025-07-13 18:00,DONGSAN,20FT,0,0,0,0,0,0,0,0
CARRIER_C,2025-07-13 19:00,DONGSAN,20FT,0,0,0,0,0,0,0,0
CARRIER_C,2025-07-13 20:00,DONGSAN,20FT,0,0,0,0,0,0,0,0
CARRIER_C,2025-07-13 21:00,DONGSAN,20FT,0,0,0,0,0,0,0,0
CARRIER_C,2025-07-13 22:00,DONGSAN,20FT,0,0,0,0,0,0,0,0
CARRIER_C,2025-07-13 23:00,DONGSAN,20FT,0,0,0,0,0,0,0,0
CARRIER_C,2025-07-14 00:00,DONGSAN,20FT,0,0,0,0,0,0,0,0
CARRIER_C,2025-07-14 01:00,DONGSAN,20FT,0,0,0,0,0,0,0,0
CARRIER_C,2025-07-14 02:00,DONGSAN,20FT,0,0,0,0,0,0,0,0
CARRIER_C,2025-07-14 03:00,DONGSAN,20FT,0,0,0,0,0,0,0,0
CARRIER_C,2025-07-14 04:00,DONGSAN,20FT,0,0,0,0,0,0,0,0
CARRIER_C,2025-07-14 05:00,DONGSAN,20FT,0,0,0,0,0,0,0,0
CARRIER_C,2025-07-14 06:00,DONGSAN,20FT,0,0,0,0,0,0,0,0
CARRIER_C,2025-07-14 07:00,DONGSAN,20FT,0,0,0,0,0,0,0,0
CARRIER_C,2025-07-14 08:00,DONGSAN,20FT,0,0,0,0,0,0,0,0
CARRIER_C,2025-07-14 09:00,DONGSAN,20FT,0,0,0,0,0,0,0,0
CARRIER_C,2025-07-14 10:00,DONGSAN,20FT,0,0,0,0,0,0,0,0
CARRIER_C,2025-07-14 11:00,DONGSAN,20FT,0,0,0,0,0,0,0,0
CARRIER_C,2025-07-14 12:00,DONGSAN,20FT,0,0,0,0,0,0,0,0
CARRIER_C,2025-07-14 13:00,DONGSAN,20FT,0,0,0,0,0,0,0,0
CARRIER_C,2025-07-14 14:00,DONGSAN,20FT,0,0,0,0,0,0,0,0
CARRIER_C,2025-07-14 15:00,DONGSAN,20FT,0,0,0,0,0,0,0,0
CARRIER_C,2025-07-14 16:00,DONGSAN,20FT,0,0,0,0,0,0,0,0
CARRIER_C,2025-07-14 17:00,DONGSAN,20FT,0,0,0,0,0,0,0,0
CARRIER_C,2025-07-14 18:00,DONGSAN,20FT,0,0,0,0,0,0,0,0
CARRIER_C,2025-07-14 19:00,DONGSAN,20FT,0,0,0,0,0,0,0,0
CARRIER_C,2025-07-14 20:00,DONGSAN,20FT,0,0,0,0,0,0,0,0
CARRIER_C,2025-07-14 21:00,DONGSAN,20FT,0,0,0,0,0,0,0,0
CARRIER_C,2025-07-14 22:00,DONGSAN,20FT,0,0,0,0,0,0,0,0
CARRIER_C,2025-07-14 23:00,DONGSAN,20FT,0,0,0,0,0,0,0,0
CARRIER_C,2025-07-08 00:00,DONGSAN,40FT,0,0,0,0,1,1,0,0
CARRIER_C,2025-07-08 01:00,DONGSAN,40FT,0,0,0,0,1,1,0,0
CARRIER_C,2025-07-08 02:00,DONGSAN,40FT,0,0,0,0,1,1,0,0
CARRIER_C,2025-07-08 03:00,DONGSAN,40FT,0,0,0,0,1,1,0,0
CARRIER_C,2025-07-08 04:00,DONGSAN,40FT,0,0,0,0,1,1,0,0
CARRIER_C,2025-07-08 05:00,DONGSAN,40FT,0,0,0,0,1,1,0,0
CARRIER_C,2025-07-08 06:00,DONGSAN,40FT,0,0,0,0,1,1,0,0
CARRIER_C,2025-07-08 07:00,DONGSAN,40FT,0,0,0,0,1,1,0,0
CARRIER_C,2025-07-08 08:00,DONGSAN,40FT,0,0,0,0,1,1,0,0
CARRIER_C,2025-07-08 09:00,DONGSAN,40FT,0,0,0,0,1,1,0,0
CARRIER_C,2025-07-08 10:00,DONGSAN,40FT,0,0,0,0,1,1,0,0
CARRIER_C,2025-07-08 11:00,DONGSAN,40FT,0,0,0,0,1,1,0,0
CARRIER_C,2025-07-08 12:00,DONGSAN,40FT,0,0,0,0,1,1,0,0
CARRIER_C,2025-07-08 13:00,DONGSAN,40FT,0,0,0,0,1,1,0,0
CARRIER_C,2025-07-08 14:00,DONGSAN,40FT,0,0,0,0,1,1,0,0
CARRIER_C,2025-07-08 15:00,DONGSAN,40FT,0,0,0,0,1,1,0,0
CARRIER_C,2025-07-08 16:00,DONGSAN,40FT,0,0,0,0,1,1,0,0
CARRIER_C,2025-07-08 17:00,DONGSAN,40FT,0,0,0,0,1,1,0,0
CARRIER_C,2025-07-08 18:00,DONGSAN,40FT,0,0,0,0,1,1,0,0
CARRIER_C,2025-07-08 19:00,DONGSAN,40FT,0,0,0,0,1,1,0,0
CARRIER_C,2025-07-08 20:00,DONGSAN,40FT,0,0,0,0,1,1,0,0
CARRIER_C,2025-07-08 21:00,DONGSAN,40FT,0,0,0,0,1,1,0,0
CARRIER_C,2025-07-08 22:00,DONGSAN,40FT,0,0,0,0,1,1,0,0
CARRIER_C,2025-07-08 23:00,DONGSAN,40FT,0,0,0,0,1,1,0,0
CARRIER_C,2025-07-09 00:00,DONGSAN,40FT,0,0,0,0,1,1,0,0
CARRIER_C,2025-07-09 01:00,DONGSAN,40FT,0,0,0,0,1,1,0,0
CARRIER_C,2025-07-09 02:00,DONGSAN,40FT,0,0,0,0,1,1,0,0
CARRIER_C,2025-07-09 03:00,DONGSAN,40FT,0,0,0,0,1,1,0,0
CARRIER_C,2025-07-09 04:00,DONGSAN,40FT,0,0,0,0,1,1,0,0
CARRIER_C,2025-07-09 05:00,DONGSAN,40FT,0,0,0,0,1,1,0,0
CARRIER_C,2025-07-09 06:00,DONGSAN,40FT,0,0,0,0,1,1,0,0
CARRIER_C,2025-07-09 07:00,DONGSAN,40FT,1,0,0,0,0,0,0,0
CARRIER_C,2025-07-09 08:00,DONGSAN,40FT,1,0,0,0,0,0,1,1
CARRIER_C,2025-07-09 09:00,DONGSAN,40FT,0,0,0,0,0,0,0,0
CARRIER_C,2025-07-09 10:00,DONGSAN,40FT,0,0,0,0,0,0,0,0
CARRIER_C,2025-07-09 11:00,DONGSAN,40FT,0,0,0,0,0,0,0,0
CARRIER_C,2025-07-09 12:00,DONGSAN,40FT,0,0,0,0,0,0,0,0
CARRIER_C,2025-07-09 13:00,DONGSAN,40FT,0,0,0,0,0,0,0,0
CARRIER_C,2025-07-09 14:00,DONGSAN,40FT,0,0,0,0,0,0,0,0
CARRIER_C,2025-07-09 15:00,DONGSAN,40FT,0,0,0,0,0,0,0,0
CARRIER_C,2025-07-09 16:00,DONGSAN,40FT,0,0,0,0,0,0,0,0
CARRIER_C,2025-07-09 17:00,DONGSAN,40FT,0,0,0,0,0,0,0,0
CARRIER_C,2025-07-09 18:00,DONGSAN,40FT,0,0,0,0,0,0,0,0
CARRIER_C,2025-07-09 19:00,DONGSAN,40FT,0,0,0,0,0,0,0,0
CARRIER_C,2025-07-09 20:00,DONGSAN,40FT,0,0,0,0,0,0,0,0
CARRIER_C,2025-07-09 21:00,DONGSAN,40FT,0,0,0,0,0,0,0,0
CARRIER_C,2025-07-09 22:00,DONGSAN,40FT,0,0,0,0,0,0,0,0
CARRIER_C,2025-07-09 23:00,DONGSAN,40FT,0,0,0,0,0,0,0,0
CARRIER_C,2025-07-10 00:00,DONGSAN,40FT,0,0,0,0,0,0,0,0
CARRIER_C,2025-07-10 01:00,DONGSAN,40FT,0,0,0,0,0,0,0,0
CARRIER_C,2025-07-10 02:00,DONGSAN,40FT,0,0,0,0,0,0,0,0
CARRIER_C,2025-07-10 03:00,DONGSAN,40FT,0,0,0,0,0,0,0,0
CARRIER_C,2025-07-10 04:00,DONGSAN,40FT,0,0,0,0,0,0,0,0
CARRIER_C,2025-07-10 05:00,DONGSAN,40FT,0,0,0,0,0,0,0,0
CARRIER_C,2025-07-10 06:00,DONGSAN,40FT,0,0,0,0,0,0,0,0
CARRIER_C,2025-07-10 07:00,DONGSAN,40FT,0,0,0,0,0,0,0,0
CARRIER_C,2025-07-10 08:00,DONGSAN,40FT,0,0,0,0,0,0,0,0
CARRIER_C,2025-07-10 09:00,DONGSAN,40FT,0,0,0,0,0,0,0,0
CARRIER_C,2025-07-10 10:00,DONGSAN,40FT,0,0,0,0,0,0,0,0
CARRIER_C,2025-07-10 11:00,DONGSAN,40FT,0,0,0,0,0,0,0,0
CARRIER_C,2025-07-10 12:00,DONGSAN,40FT,0,0,0,0,0,0,0,0
CARRIER_C,2025-07-10 13:00,DONGSAN,40FT,0,0,0,0,0,0,0,0
CARRIER_C,2025-07-10 14:00,DONGSAN,40FT,0,0,0,0,0,0,0,0
CARRIER_C,2025-07-10 15:00,DONGSAN,40FT,0,0,0,0,0,0,0,0
CARRIER_C,2025-07-10 16:00,DONGSAN,40FT,0,0,0,0,0,0,0,0
CARRIER_C,2025-07-10 17:00,DONGSAN,40FT,0,0,0,0,0,0,0,0
CARRIER_C,2025-07-10 18:00,DONGSAN,40FT,0,0,0,0,0,0,0,0
CARRIER_C,2025-07-10 19:00,DONGSAN,40FT,0,0,0,0,0,0,0,0
CARRIER_C,2025-07-10 20:00,DONGSAN,40FT,0,0,0,0,0,0,0,0
CARRIER_C,2025-07-10 21:00,DONGSAN,40FT,0,0,0,0,0,0,0,0
CARRIER_C,2025-07-10 22:00,DONGSAN,40FT,0,0,0,0,0,0,0,0
CARRIER_C,2025-07-10 23:00,DONGSAN,40FT,0,0,0,0,0,0,0,0
CARRIER_C,2025-07-11 00:00,DONGSAN,40FT,0,0,0,0,0,0,0,0
CARRIER_C,2025-07-11 01:00,DONGSAN,40FT,0,0,0,0,0,0,0,0
CARRIER_C,2025-07-11 02:00,DONGSAN,40FT,0,0,0,0,0,0,0,0
CARRIER_C,2025-07-11 03:00,DONGSAN,40FT,0,0,0,0,0,0,0,0
CARRIER_C,2025-07-11 04:00,DONGSAN,40FT,0,0,0,0,0,0,0,0
CARRIER_C,2025-07-11 05:00,DONGSAN,40FT,0,0,0,0,0,0,0,0
CARRIER_C,2025-07-11 06:00,DONGSAN,40FT,0,0,0,0,0,0,0,0
CARRIER_C,2025-07-11 07:00,DONGSAN,40FT,0,0,0,0,0,0,0,0
CARRIER_C,2025-07-11 08:00,DONGSAN,40FT,0,0,0,0,0,0,0,0
CARRIER_C,2025-07-11 09:00,DONGSAN,40FT,0,0,0,0,0,0,0,0
CARRIER_C,2025-07-11 10:00,DONGSAN,40FT,0,0,0,0,0,0,0,0
CARRIER_C,2025-07-11 11:00,DONGSAN,40FT,0,0,0,0,0,0,0,0
CARRIER_C,2025-07-11 12:00,DONGSAN,40FT,0,0,0,0,0,0,0,0
CARRIER_C,2025-07-11 13:00,DONGSAN,40FT,0,0,0,0,0,0,0,0
CARRIER_C,2025-07-11 14:00,DONGSAN,40FT,0,0,0,0,0,0,0,0
CARRIER_C,2025-07-11 15:00,DONGSAN,40FT,0,0,0,0,0,0,0,0
CARRIER_C,2025-07-11 16:00,DONGSAN,40FT,0,0,0,0,0,0,0,0
CARRIER_C,2025-07-11 17:00,DONGSAN,40FT,0,0,0,0,0,0,0,0
CARRIER_C,2025-07-11 18:00,DONGSAN,40FT,0,0,0,0,0,0,0,0
CARRIER_C,2025-07-11 19:00,DONGSAN,40FT,0,0,0,0,0,0,0,0
CARRIER_C,2025-07-11 20:00,DONGSAN,40FT,0,0,0,0,0,0,0,0
CARRIER_C,2025-07-11 21:00,DONGSAN,40FT,0,0,0,0,0,0,0,0
CARRIER_C,2025-07-11 22:00,DONGSAN,40FT,0,0,0,0,0,0,0,0
CARRIER_C,2025-07-11 23:00,DONGSAN,40FT,0,0,0,0,0,0,0,0
CARRIER_C,2025-07-12 00:00,DONGSAN,40FT,0,0,0,0,0,0,0,0
CARRIER_C,2025-07-12 01:00,DONGSAN,40FT,0,0,0,0,0,0,0,0
CARRIER_C,2025-07-12 02:00,DONGSAN,40FT,0,0,0,0,0,0,0,0
CARRIER_C,2025-07-12 03:00,DONGSAN,40FT,0,0,0,0,0,0,0,0
CARRIER_C,2025-07-12 04:00,DONGSAN,40FT,0,0,0,0,0,0,0,0
CARRIER_C,2025-07-12 05:00,DONGSAN,40FT,0,0,0,0,0,0,0,0
CARRIER_C,2025-07-12 06:00,DONGSAN,40FT,0,0,0,0,0,0,0,0
CARRIER_C,2025-07-12 07:00,DONGSAN,40FT,0,0,0,0,0,0,0,0
CARRIER_C,2025-07-12 08:00,DONGSAN,40FT,0,0,0,0,0,0,0,0
CARRIER_C,2025-07-12 09:00,DONGSAN,40FT,0,0,0,0,0,0,0,0
CARRIER_C,2025-07-12 10:00,DONGSAN,40FT,0,0,0,0,0,0,0,0
CARRIER_C,2025-07-12 11:00,DONGSAN,40FT,0,0,0,0,0,0,0,0
CARRIER_C,2025-07-12 12:00,DONGSAN,40FT,0,0,0,0,0,0,0,0
CARRIER_C,2025-07-12 13:00,DONGSAN,40FT,0,0,0,0,0,0,0,0
CARRIER_C,2025-07-12 14:00,DONGSAN,40FT,0,0,0,0,0,0,0,0
CARRIER_C,2025-07-12 15:00,DONGSAN,40FT,0,0,0,0,0,0,0,0
CARRIER_C,2025-07-12 16:00,DONGSAN,40FT,0,0,0,0,0,0,0,0
CARRIER_C,2025-07-12 17:00,DONGSAN,40FT,0,0,0,0,0,0,0,0
CARRIER_C,2025-07-12 18:00,DONGSAN,40FT,0,0,0,0,0,0,0,0
CARRIER_C,2025-07-12 19:00,DONGSAN,40FT,0,0,0,0,0,0,0,0
CARRIER_C,2025-07-12 20:00,DONGSAN,40FT,0,0,0,0,0,0,0,0
CARRIER_C,2025-07-12 21:00,DONGSAN,40FT,0,0,0,0,0,0,0,0
CARRIER_C,2025-07-12 22:00,DONGSAN,40FT,0,0,0,0,0,0,0,0
CARRIER_C,2025-07-12 23:00,DONGSAN,40FT,0,0,0,0,0,0,0,0
CARRIER_C,2025-07-13 00:00,DONGSAN,40FT,0,0,0,0,0,0,0,0
CARRIER_C,2025-07-13 01:00,DONGSAN,40FT,0,0,0,0,0,0,0,0
CARRIER_C,2025-07-13 02:00,DONGSAN,40FT,0,0,0,0,0,0,0,0
CARRIER_C,2025-07-13 03:00,DONGSAN,40FT,0,0,0,0,0,0,0,0
CARRIER_C,2025-07-13 04:00,DONGSAN,40FT,0,0,0,0,0,0,0,0
CARRIER_C,2025-07-13 05:00,DONGSAN,40FT,0,0,0,0,0,0,0,0
CARRIER_C,2025-07-13 06:00,DONGSAN,40FT,0,0,0,0,0,0,0,0
CARRIER_C,2025-07-13 07:00,DONGSAN,40FT,0,0,0,0,0,0,0,0
CARRIER_C,2025-07-13 08:00,DONGSAN,40FT,0,0,0,0,0,0,0,0
CARRIER_C,2025-07-13 09:00,DONGSAN,40FT,0,0,0,0,0,0,0,0
CARRIER_C,2025-07-13 10:00,DONGSAN,40FT,0,0,0,0,0,0,0,0
CARRIER_C,2025-07-13 11:00,DONGSAN,40FT,0,0,0,0,0,0,0,0
CARRIER_C,2025-07-13 12:00,DONGSAN,40FT,0,0,0,0,0,0,0,0
CARRIER_C,2025-07-13 13:00,DONGSAN,40FT,0,0,0,0,0,0,0,0
CARRIER_C,2025-07-13 14:00,DONGSAN,40FT,0,0,0,0,0,0,0,0
CARRIER_C,2025-07-13 15:00,DONGSAN,40FT,0,0,0,0,0,0,0,0
CARRIER_C,2025-07-13 16:00,DONGSAN,40FT,0,0,0,0,0,0,0,0
CARRIER_C,2025-07-13 17:00,DONGSAN,40FT,0,0,0,0,0,0,0,0
CARRIER_C,2025-07-13 18:00,DONGSAN,40FT,0,0,0,0,0,0,0,0
CARRIER_C,2025-07-13 19:00,DONGSAN,40FT,0,0,0,0,0,0,0,0
CARRIER_C,2025-07-13 20:00,DONGSAN,40FT,0,0,0,0,0,0,0,0
CARRIER_C,2025-07-13 21:00,DONGSAN,40FT,0,0,0,0,0,0,0,0
CARRIER_C,2025-07-13 22:00,DONGSAN,40FT,0,0,0,0,0,0,0,0
CARRIER_C,2025-07-13 23:00,DONGSAN,40FT,0,0,0,0,0,0,0,0
CARRIER_C,2025-07-14 00:00,DONGSAN,40FT,0,0,0,0,0,0,0,0
CARRIER_C,2025-07-14 01:00,DONGSAN,40FT,0,0,0,0,0,0,0,0
CARRIER_C,2025-07-14 02:00,DONGSAN,40FT,0,0,0,0,0,0,0,0
CARRIER_C,2025-07-14 03:00,DONGSAN,40FT,0,0,0,0,0,0,0,0
CARRIER_C,2025-07-14 04:00,DONGSAN,40FT,0,0,0,0,0,0,0,0
CARRIER_C,2025-07-14 05:00,DONGSAN,40FT,0,0,0,0,0,0,0,0
CARRIER_C,2025-07-14 06:00,DONGSAN,40FT,0,0,0,0,0,0,0,0
CARRIER_C,2025-07-14 07:00,DONGSAN,40FT,0,0,0,0,0,0,0,0
CARRIER_C,2025-07-14 08:00,DONGSAN,40FT,0,0,0,0,0,0,0,0
CARRIER_C,2025-07-14 09:00,DONGSAN,40FT,0,0,0,0,0,0,0,0
CARRIER_C,2025-07-14 10:00,DONGSAN,40FT,0,0,0,0,0,0,0,0
CARRIER_C,2025-07-14 11:00,DONGSAN,40FT,0,0,0,0,0,0,0,0
CARRIER_C,2025-07-14 12:00,DONGSAN,40FT,0,0,0,0,0,0,0,0
CARRIER_C,2025-07-14 13:00,DONGSAN,40FT,0,0,0,0,0,0,0,0
CARRIER_C,2025-07-14 14:00,DONGSAN,40FT,0,0,0,0,0,0,0,0
CARRIER_C,2025-07-14 15:00,DONGSAN,40FT,0,0,0,0,0,0,0,0
CARRIER_C,2025-07-14 16:00,DONGSAN,40FT,0,1,0,0,1,1,0,0
CARRIER_C,2025-07-14 17:00,DONGSAN,40FT,0,0,0,0,1,1,0,0
CARRIER_C,2025-07-14 18:00,DONGSAN,40FT,0,0,0,0,1,1,0,0
CARRIER_C,2025-07-14 19:00,DONGSAN,40FT,0,0,0,0,1,1,0,0
CARRIER_C,2025-07-14 20:00,DONGSAN,40FT,0,0,0,0,1,1,0,0
CARRIER_C,2025-07-14 21:00,DONGSAN,40FT,0,0,0,0,1,1,0,0
CARRIER_C,2025-07-14 22:00,DONGSAN,40FT,0,0,0,0,1,1,0,0
CARRIER_C,2025-07-14 23:00,DONGSAN,40FT,0,0,0,0,1,1,0,0
CARRIER_C,2025-07-08 00:00,GWANGYANG,20FT,0,0,0,0,13,13,0,0
CARRIER_C,2025-07-08 01:00,GWANGYANG,20FT,0,0,0,0,13,13,0,0
CARRIER_C,2025-07-08 02:00,GWANGYANG,20FT,0,0,0,0,13,13,0,0
CARRIER_C,2025-07-08 03:00,GWANGYANG,20FT,0,0,0,0,13,13,0,0
CARRIER_C,2025-07-08 04:00,GWANGYANG,20FT,0,0,0,0,13,13,0,0
CARRIER_C,2025-07-08 05:00,GWANGYANG,20FT,0,0,0,0,13,13,0,0
CARRIER_C,2025-07-08 06:00,GWANGYANG,20FT,0,0,0,0,13,13,0,0
CARRIER_C,2025-07-08 07:00,GWANGYANG,20FT,0,0,0,0,13,13,0,0
CARRIER_C,2025-07-08 08:00,GWANGYANG,20FT,0,0,0,0,13,13,0,0
CARRIER_C,2025-07-08 09:00,GWANGYANG,20FT,1,0,0,0,12,12,0,0
CARRIER_C,2025-07-08 10:00,GWANGYANG,20FT,0,0,0,0,12,12,0,0
CARRIER_C,2025-07-08 11:00,GWANGYANG,20FT,2,0,0,0,10,10,0,0
CARRIER_C,2025-07-08 12:00,GWANGYANG,20FT,0,0,0,0,10,10,0,0
CARRIER_C,2025-07-08 13:00,GWANGYANG,20FT,0,1,0,0,11,11,0,0
CARRIER_C,2025-07-08 14:00,GWANGYANG,20FT,0,1,0,0,12,12,0,0
CARRIER_C,2025-07-08 15:00,GWANGYANG,20FT,1,2,0,0,13,13,0,0
CARRIER_C,2025-07-08 16:00,GWANGYANG,20FT,0,0,0,0,13,13,0,0
CARRIER_C,2025-07-08 17:00,GWANGYANG,20FT,0,0,0,0,13,13,0,0
CARRIER_C,2025-07-08 18:00,GWANGYANG,20FT,1,0,0,0,12,12,0,0
CARRIER_C,2025-07-08 19:00,GWANGYANG,20FT,0,0,0,0,12,12,0,0
CARRIER_C,2025-07-08 20:00,GWANGYANG,20FT,0,0,0,0,12,12,0,0
CARRIER_C,2025-07-08 21:00,GWANGYANG,20FT,0,0,0,0,12,12,0,0
CARRIER_C,2025-07-08 22:00,GWANGYANG,20FT,0,0,0,0,12,12,0,0
CARRIER_C,2025-07-08 23:00,GWANGYANG,20FT,0,0,0,0,12,12,0,0
CARRIER_C,2025-07-09 00:00,GWANGYANG,20FT,0,0,0,0,12,12,0,0
CARRIER_C,2025-07-09 01:00,GWANGYANG,20FT,0,0,0,0,12,12,0,0
CARRIER_C,2025-07-09 02:00,GWANGYANG,20FT,0,0,0,0,12,12,0,0
CARRIER_C,2025-07-09 03:00,GWANGYANG,20FT,0,0,0,0,12,12,0,0
CARRIER_C,2025-07-09 04:00,GWANGYANG,20FT,0,0,0,0,12,12,0,0
CARRIER_C,2025-07-09 05:00,GWANGYANG,20FT,0,0,0,0,12,12,0,0
CARRIER_C,2025-07-09 06:00,GWANGYANG,20FT,0,0,0,0,12,12,0,0
CARRIER_C,2025-07-09 07:00,GWANGYANG,20FT,1,0,0,0,11,11,0,0
CARRIER_C,2025-07-09 08:00,GWANGYANG,20FT,0,0,0,0,11,11,0,0
CARRIER_C,2025-07-09 09:00,GWANGYANG,20FT,2,0,0,0,9,9,0,0
CARRIER_C,2025-07-09 10:00,GWANGYANG,20FT,1,0,0,0,8,8,0,0
CARRIER_C,2025-07-09 11:00,GWANGYANG,20FT,0,1,0,0,9,9,0,0
CARRIER_C,2025-07-09 12:00,GWANGYANG,20FT,2,1,0,0,8,8,0,0
CARRIER_C,2025-07-09 13:00,GWANGYANG,20FT,0,0,0,0,8,8,0,0
CARRIER_C,2025-07-09 14:00,GWANGYANG,20FT,0,0,0,0,8,8,0,0
CARRIER_C,2025-07-09 15:00,GWANGYANG,20FT,2,0,0,0,6,6,0,0
CARRIER_C,2025-07-09 16:00,GWANGYANG,20FT,0,3,0,0,9,9,0,0
CARRIER_C,2025-07-09 17:00,GWANGYANG,20FT,1,0,0,0,8,8,0,0
CARRIER_C,2025-07-09 18:00,GWANGYANG,20FT,1,0,0,0,7,7,0,0
CARRIER_C,2025-07-09 19:00,GWANGYANG,20FT,0,0,0,0,7,7,0,0
CARRIER_C,2025-07-09 20:00,GWANGYANG,20FT,0,0,0,0,7,7,0,0
CARRIER_C,2025-07-09 21:00,GWANGYANG,20FT,0,0,0,0,7,7,0,0
CARRIER_C,2025-07-09 22:00,GWANGYANG,20FT,0,0,0,0,7,7,0,0
CARRIER_C,2025-07-09 23:00,GWANGYANG,20FT,0,0,0,0,7,7,0,0
CARRIER_C,2025-07-10 00:00,GWANGYANG,20FT,0,0,0,0,7,7,0,0
CARRIER_C,2025-07-10 01:00,GWANGYANG,20FT,0,0,0,0,7,7,0,0
CARRIER_C,2025-07-10 02:00,GWANGYANG,20FT,0,0,0,0,7,7,0,0
CARRIER_C,2025-07-10 03:00,GWANGYANG,20FT,0,0,0,0,7,7,0,0
CARRIER_C,2025-07-10 04:00,GWANGYANG,20FT,0,0,0,0,7,7,0,0
CARRIER_C,2025-07-10 05:00,GWANGYANG,20FT,0,0,0,0,7,7,0,0
CARRIER_C,2025-07-10 06:00,GWANGYANG,20FT,0,0,0,0,7,7,0,0
CARRIER_C,2025-07-10 07:00,GWANGYANG,20FT,0,0,0,0,7,7,0,0
CARRIER_C,2025-07-10 08:00,GWANGYANG,20FT,0,0,0,0,7,7,0,0
CARRIER_C,2025-07-10 09:00,GWANGYANG,20FT,0,0,0,0,7,7,0,0
CARRIER_C,2025-07-10 10:00,GWANGYANG,20FT,1,0,0,0,6,6,0,0
CARRIER_C,2025-07-10 11:00,GWANGYANG,20FT,2,0,0,0,4,4,0,0
CARRIER_C,2025-07-10 12:00,GWANGYANG,20FT,0,1,0,0,5,5,0,0
CARRIER_C,2025-07-10 13:00,GWANGYANG,20FT,0,1,0,0,6,6,0,0
CARRIER_C,2025-07-10 14:00,GWANGYANG,20FT,0,0,0,0,6,6,0,0
CARRIER_C,2025-07-10 15:00,GWANGYANG,20FT,2,0,0,0,4,4,0,0
CARRIER_C,2025-07-10 16:00,GWANGYANG,20FT,0,0,0,0,4,4,0,0
CARRIER_C,2025-07-10 17:00,GWANGYANG,20FT,0,0,0,0,4,4,0,0
CARRIER_C,2025-07-10 18:00,GWANGYANG,20FT,0,0,0,0,4,4,0,0
CARRIER_C,2025-07-10 19:00,GWANGYANG,20FT,0,0,0,0,4,4,0,0
CARRIER_C,2025-07-10 20:00,GWANGYANG,20FT,0,0,0,0,4,4,0,0
CARRIER_C,2025-07-10 21:00,GWANGYANG,20FT,0,0,0,0,4,4,0,0
CARRIER_C,2025-07-10 22:00,GWANGYANG,20FT,0,0,0,0,4,4,0,0
CARRIER_C,2025-07-10 23:00,GWANGYANG,20FT,0,0,0,0,4,4,0,0
CARRIER_C,2025-07-11 00:00,GWANGYANG,20FT,0,0,0,0,4,4,0,0
CARRIER_C,2025-07-11 01:00,GWANGYANG,20FT,0,0,0,0,4,4,0,0
CARRIER_C,2025-07-11 02:00,GWANGYANG,20FT,0,0,0,0,4,4,0,0
CARRIER_C,2025-07-11 03:00,GWANGYANG,20FT,0,0,0,0,4,4,0,0
CARRIER_C,2025-07-11 04:00,GWANGYANG,20FT,0,0,0,0,4,4,0,0
CARRIER_C,2025-07-11 05:00,GWANGYANG,20FT,0,0,0,0,4,4,0,0
CARRIER_C,2025-07-11 06:00,GWANGYANG,20FT,0,0,0,0,4,4,0,0
CARRIER_C,2025-07-11 07:00,GWANGYANG,20FT,0,0,0,0,4,4,0,0
CARRIER_C,2025-07-11 08:00,GWANGYANG,20FT,0,0,0,0,4,4,0,0
CARRIER_C,2025-07-11 09:00,GWANGYANG,20FT,0,0,0,0,4,4,0,0
CARRIER_C,2025-07-11 10:00,GWANGYANG,20FT,0,0,0,0,4,4,0,0
CARRIER_C,2025-07-11 11:00,GWANGYANG,20FT,0,1,0,0,5,5,0,0
CARRIER_C,2025-07-11 12:00,GWANGYANG,20FT,0,0,0,0,5,5,0,0
CARRIER_C,2025-07-11 13:00,GWANGYANG,20FT,0,0,0,0,5,5,0,0
CARRIER_C,2025-07-11 14:00,GWANGYANG,20FT,0,1,0,0,6,6,0,0
CARRIER_C,2025-07-11 15:00,GWANGYANG,20FT,0,0,0,0,6,6,0,0
CARRIER_C,2025-07-11 16:00,GWANGYANG,20FT,0,0,0,0,6,6,0,0
CARRIER_C,2025-07-11 17:00,GWANGYANG,20FT,2,0,0,0,4,4,0,0
CARRIER_C,2025-07-11 18:00,GWANGYANG,20FT,0,0,0,0,4,4,0,0
CARRIER_C,2025-07-11 19:00,GWANGYANG,20FT,0,0,0,0,4,4,0,0
CARRIER_C,2025-07-11 20:00,GWANGYANG,20FT,0,0,0,0,4,4,0,0
CARRIER_C,2025-07-11 21:00,GWANGYANG,20FT,0,0,0,0,4,4,0,0
CARRIER_C,2025-07-11 22:00,GWANGYANG,20FT,0,0,0,0,4,4,0,0
CARRIER_C,2025-07-11 23:00,GWANGYANG,20FT,0,0,0,0,4,4,0,0
CARRIER_C,2025-07-12 00:00,GWANGYANG,20FT,0,0,0,0,4,4,0,0
CARRIER_C,2025-07-12 01:00,GWANGYANG,20FT,0,0,0,0,4,4,0,0
CARRIER_C,2025-07-12 02:00,GWANGYANG,20FT,0,0,0,0,4,4,0,0
CARRIER_C,2025-07-12 03:00,GWANGYANG,20FT,0,0,0,0,4,4,0,0
CARRIER_C,2025-07-12 04:00,GWANGYANG,20FT,0,0,0,0,4,4,0,0
CARRIER_C,2025-07-12 05:00,GWANGYANG,20FT,1,0,0,0,3,3,0,0
CARRIER_C,2025-07-12 06:00,GWANGYANG,20FT,0,0,0,0,3,3,0,0
CARRIER_C,2025-07-12 07:00,GWANGYANG,20FT,2,0,0,0,1,1,0,0
CARRIER_C,2025-07-12 08:00,GWANGYANG,20FT,0,0,0,0,1,1,0,0
CARRIER_C,2025-07-12 09:00,GWANGYANG,20FT,0,0,0,0,1,1,0,0
CARRIER_C,2025-07-12 10:00,GWANGYANG,20FT,0,0,0,0,1,1,0,0
CARRIER_C,2025-07-12 11:00,GWANGYANG,20FT,0,1,0,0,2,2,0,0
CARRIER_C,2025-07-12 12:00,GWANGYANG,20FT,0,0,0,0,2,2,0,0
CARRIER_C,2025-07-12 13:00,GWANGYANG,20FT,0,0,0,0,2,2,0,0
CARRIER_C,2025-07-12 14:00,GWANGYANG,20FT,0,0,0,0,2,2,0,0
CARRIER_C,2025-07-12 15:00,GWANGYANG,20FT,0,0,0,0,2,2,0,0
CARRIER_C,2025-07-12 16:00,GWANGYANG,20FT,0,1,0,0,3,3,0,0
CARRIER_C,2025-07-12 17:00,GWANGYANG,20FT,1,0,0,0,2,2,0,0
CARRIER_C,2025-07-12 18:00,GWANGYANG,20FT,0,0,0,0,2,2,0,0
CARRIER_C,2025-07-12 19:00,GWANGYANG,20FT,0,0,0,0,2,2,0,0
CARRIER_C,2025-07-12 20:00,GWANGYANG,20FT,0,0,0,0,2,2,0,0
CARRIER_C,2025-07-12 21:00,GWANGYANG,20FT,0,1,0,0,3,3,0,0
CARRIER_C,2025-07-12 22:00,GWANGYANG,20FT,0,0,0,0,3,3,0,0
CARRIER_C,2025-07-12 23:00,GWANGYANG,20FT,0,0,0,0,3,3,0,0
CARRIER_C,2025-07-13 00:00,GWANGYANG,20FT,0,0,0,0,3,3,0,0
CARRIER_C,2025-07-13 01:00,GWANGYANG,20FT,0,0,0,0,3,3,0,0
CARRIER_C,2025-07-13 02:00,GWANGYANG,20FT,0,0,0,0,3,3,0,0
CARRIER_C,2025-07-13 03:00,GWANGYANG,20FT,0,0,0,0,3,3,0,0
CARRIER_C,2025-07-13 04:00,GWANGYANG,20FT,0,0,0,0,3,3,0,0
CARRIER_C,2025-07-13 05:00,GWANGYANG,20FT,0,0,0,0,3,3,0,0
CARRIER_C,2025-07-13 06:00,GWANGYANG,20FT,0,0,0,0,3,3,0,0
CARRIER_C,2025-07-13 07:00,GWANGYANG,20FT,0,0,0,0,3,3,0,0
CARRIER_C,2025-07-13 08:00,GWANGYANG,20FT,0,0,0,0,3,3,0,0
CARRIER_C,2025-07-13 09:00,GWANGYANG,20FT,0,0,0,0,3,3,0,0
CARRIER_C,2025-07-13 10:00,GWANGYANG,20FT,0,0,0,0,3,3,0,0
CARRIER_C,2025-07-13 11:00,GWANGYANG,20FT,0,0,0,0,3,3,0,0
CARRIER_C,2025-07-13 12:00,GWANGYANG,20FT,0,0,0,0,3,3,0,0
CARRIER_C,2025-07-13 13:00,GWANGYANG,20FT,0,0,0,0,3,3,0,0
CARRIER_C,2025-07-13 14:00,GWANGYANG,20FT,0,0,0,0,3,3,0,0
CARRIER_C,2025-07-13 15:00,GWANGYANG,20FT,1,0,0,0,2,2,0,0
CARRIER_C,2025-07-13 16:00,GWANGYANG,20FT,0,0,0,0,2,2,0,0
CARRIER_C,2025-07-13 17:00,GWANGYANG,20FT,0,4,0,0,6,6,0,0
CARRIER_C,2025-07-13 18:00,GWANGYANG,20FT,0,0,0,0,6,6,0,0
CARRIER_C,2025-07-13 19:00,GWANGYANG,20FT,0,0,0,0,6,6,0,0
CARRIER_C,2025-07-13 20:00,GWANGYANG,20FT,0,1,0,0,7,7,0,0
CARRIER_C,2025-07-13 21:00,GWANGYANG,20FT,0,0,0,0,7,7,0,0
CARRIER_C,2025-07-13 22:00,GWANGYANG,20FT,0,0,0,0,7,7,0,0
CARRIER_C,2025-07-13 23:00,GWANGYANG,20FT,0,0,0,0,7,7,0,0
CARRIER_C,2025-07-14 00:00,GWANGYANG,20FT,0,0,0,0,7,7,0,0
CARRIER_C,2025-07-14 01:00,GWANGYANG,20FT,0,0,0,0,7,7,0,0
CARRIER_C,2025-07-14 02:00,GWANGYANG,20FT,0,0,0,0,7,7,0,0
CARRIER_C,2025-07-14 03:00,GWANGYANG,20FT,0,0,0,0,7,7,0,0
CARRIER_C,2025-07-14 04:00,GWANGYANG,20FT,0,0,0,0,7,7,0,0
CARRIER_C,2025-07-14 05:00,GWANGYANG,20FT,0,0,0,0,7,7,0,0
CARRIER_C,2025-07-14 06:00,GWANGYANG,20FT,0,0,0,0,7,7,0,0
CARRIER_C,2025-07-14 07:00,GWANGYANG,20FT,0,0,0,0,7,7,0,0
CARRIER_C,2025-07-14 08:00,GWANGYANG,20FT,0,0,0,0,7,7,0,0
CARRIER_C,2025-07-14 09:00,GWANGYANG,20FT,3,0,0,0,4,4,0,0
CARRIER_C,2025-07-14 10:00,GWANGYANG,20FT,0,1,0,0,5,5,0,0
CARRIER_C,2025-07-14 11:00,GWANGYANG,20FT,0,2,0,0,7,7,0,0
CARRIER_C,2025-07-14 12:00,GWANGYANG,20FT,0,0,0,0,7,7,0,0
CARRIER_C,2025-07-14 13:00,GWANGYANG,20FT,0,0,0,0,7,7,0,0
CARRIER_C,2025-07-14 14:00,GWANGYANG,20FT,0,0,0,0,7,7,0,0
CARRIER_C,2025-07-14 15:00,GWANGYANG,20FT,0,0,0,0,7,7,0,0
CARRIER_C,2025-07-14 16:00,GWANGYANG,20FT,0,2,0,0,9,9,0,0
CARRIER_C,2025-07-14 17:00,GWANGYANG,20FT,0,3,0,0,12,12,0,0
CARRIER_C,2025-07-14 18:00,GWANGYANG,20FT,0,1,0,0,13,13,0,0
CARRIER_C,2025-07-14 19:00,GWANGYANG,20FT,0,1,0,0,14,14,0,0
CARRIER_C,2025-07-14 20:00,GWANGYANG,20FT,0,0,0,0,14,14,0,0
CARRIER_C,2025-07-14 21:00,GWANGYANG,20FT,0,0,0,0,14,14,0,0
CARRIER_C,2025-07-14 22:00,GWANGYANG,20FT,0,0,0,0,14,14,0,0
CARRIER_C,2025-07-14 23:00,GWANGYANG,20FT,0,0,0,0,14,14,0,0
CARRIER_C,2025-07-08 00:00,GWANGYANG,40FT,0,0,0,0,1,1,0,0
CARRIER_C,2025-07-08 01:00,GWANGYANG,40FT,0,0,0,0,1,1,0,0
CARRIER_C,2025-07-08 02:00,GWANGYANG,40FT,0,0,0,0,1,1,0,0
CARRIER_C,2025-07-08 03:00,GWANGYANG,40FT,0,0,0,0,1,1,0,0
CARRIER_C,2025-07-08 04:00,GWANGYANG,40FT,0,0,0,0,1,1,0,0
CARRIER_C,2025-07-08 05:00,GWANGYANG,40FT,0,0,0,0,1,1,0,0
CARRIER_C,2025-07-08 06:00,GWANGYANG,40FT,0,0,0,0,1,1,0,0
CARRIER_C,2025-07-08 07:00,GWANGYANG,40FT,0,0,0,0,1,1,0,0
CARRIER_C,2025-07-08 08:00,GWANGYANG,40FT,0,0,0,0,1,1,0,0
CARRIER_C,2025-07-08 09:00,GWANGYANG,40FT,0,0,0,0,1,1,0,0
CARRIER_C,2025-07-08 10:00,GWANGYANG,40FT,0,0,0,0,1,1,0,0
CARRIER_C,2025-07-08 11:00,GWANGYANG,40FT,0,0,0,0,1,1,0,0
CARRIER_C,2025-07-08 12:00,GWANGYANG,40FT,0,0,0,0,1,1,0,0
CARRIER_C,2025-07-08 13:00,GWANGYANG,40FT,0,0,0,0,1,1,0,0
CARRIER_C,2025-07-08 14:00,GWANGYANG,40FT,0,0,0,0,1,1,0,0
CARRIER_C,2025-07-08 15:00,GWANGYANG,40FT,0,0,0,0,1,1,0,0
CARRIER_C,2025-07-08 16:00,GWANGYANG,40FT,0,0,0,0,1,1,0,0
CARRIER_C,2025-07-08 17:00,GWANGYANG,40FT,0,0,0,0,1,1,0,0
CARRIER_C,2025-07-08 18:00,GWANGYANG,40FT,0,0,0,0,1,1,0,0
CARRIER_C,2025-07-08 19:00,GWANGYANG,40FT,0,0,0,0,1,1,0,0
CARRIER_C,2025-07-08 20:00,GWANGYANG,40FT,0,0,0,0,1,1,0,0
CARRIER_C,2025-07-08 21:00,GWANGYANG,40FT,0,0,0,0,1,1,0,0
CARRIER_C,2025-07-08 22:00,GWANGYANG,40FT,0,0,0,0,1,1,0,0
CARRIER_C,2025-07-08 23:00,GWANGYANG,40FT,0,0,0,0,1,1,0,0
CARRIER_C,2025-07-09 00:00,GWANGYANG,40FT,0,0,0,0,1,1,0,0
CARRIER_C,2025-07-09 01:00,GWANGYANG,40FT,0,0,0,0,1,1,0,0
CARRIER_C,2025-07-09 02:00,GWANGYANG,40FT,0,0,0,0,1,1,0,0
CARRIER_C,2025-07-09 03:00,GWANGYANG,40FT,0,0,0,0,1,1,0,0
CARRIER_C,2025-07-09 04:00,GWANGYANG,40FT,0,0,0,0,1,1,0,0
CARRIER_C,2025-07-09 05:00,GWANGYANG,40FT,0,0,0,0,1,1,0,0
CARRIER_C,2025-07-09 06:00,GWANGYANG,40FT,0,0,0,0,1,1,0,0
CARRIER_C,2025-07-09 07:00,GWANGYANG,40FT,0,0,0,0,1,1,0,0
CARRIER_C,2025-07-09 08:00,GWANGYANG,40FT,0,0,0,0,1,1,0,0
CARRIER_C,2025-07-09 09:00,GWANGYANG,40FT,0,0,0,0,1,1,0,0
CARRIER_C,2025-07-09 10:00,GWANGYANG,40FT,0,0,0,0,1,1,0,0
CARRIER_C,2025-07-09 11:00,GWANGYANG,40FT,1,0,0,0,0,0,0,0
CARRIER_C,2025-07-09 12:00,GWANGYANG,40FT,0,0,0,0,0,0,0,0
CARRIER_C,2025-07-09 13:00,GWANGYANG,40FT,0,0,0,0,0,0,0,0
CARRIER_C,2025-07-09 14:00,GWANGYANG,40FT,0,0,0,0,0,0,0,0
CARRIER_C,2025-07-09 15:00,GWANGYANG,40FT,0,0,0,0,0,0,0,0
CARRIER_C,2025-07-09 16:00,GWANGYANG,40FT,0,0,0,0,0,0,0,0
CARRIER_C,2025-07-09 17:00,GWANGYANG,40FT,0,0,0,0,0,0,0,0
CARRIER_C,2025-07-09 18:00,GWANGYANG,40FT,0,0,0,0,0,0,0,0
CARRIER_C,2025-07-09 19:00,GWANGYANG,40FT,0,0,0,0,0,0,0,0
CARRIER_C,2025-07-09 20:00,GWANGYANG,40FT,0,0,0,0,0,0,0,0
CARRIER_C,2025-07-09 21:00,GWANGYANG,40FT,0,0,0,0,0,0,0,0
CARRIER_C,2025-07-09 22:00,GWANGYANG,40FT,0,0,0,0,0,0,0,0
CARRIER_C,2025-07-09 23:00,GWANGYANG,40FT,0,0,0,0,0,0,0,0
CARRIER_C,2025-07-10 00:00,GWANGYANG,40FT,0,0,0,0,0,0,0,0
CARRIER_C,2025-07-10 01:00,GWANGYANG,40FT,0,0,0,0,0,0,0,0
CARRIER_C,2025-07-10 02:00,GWANGYANG,40FT,0,0,0,0,0,0,0,0
CARRIER_C,2025-07-10 03:00,GWANGYANG,40FT,0,0,0,0,0,0,0,0
CARRIER_C,2025-07-10 04:00,GWANGYANG,40FT,0,0,0,0,0,0,0,0
CARRIER_C,2025-07-10 05:00,GWANGYANG,40FT,0,0,0,0,0,0,0,0
CARRIER_C,2025-07-10 06:00,GWANGYANG,40FT,0,0,0,0,0,0,0,0
CARRIER_C,2025-07-10 07:00,GWANGYANG,40FT,0,0,0,0,0,0,0,0
CARRIER_C,2025-07-10 08:00,GWANGYANG,40FT,0,0,0,0,0,0,0,0
CARRIER_C,2025-07-10 09:00,GWANGYANG,40FT,0,0,0,0,0,0,0,0
CARRIER_C,2025-07-10 10:00,GWANGYANG,40FT,0,0,0,0,0,0,0,0
CARRIER_C,2025-07-10 11:00,GWANGYANG,40FT,0,0,0,0,0,0,0,0
CARRIER_C,2025-07-10 12:00,GWANGYANG,40FT,0,0,0,0,0,0,0,0
CARRIER_C,2025-07-10 13:00,GWANGYANG,40FT,0,1,0,0,1,1,0,0
CARRIER_C,2025-07-10 14:00,GWANGYANG,40FT,0,0,0,0,1,1,0,0
CARRIER_C,2025-07-10 15:00,GWANGYANG,40FT,0,0,0,0,1,1,0,0
CARRIER_C,2025-07-10 16:00,GWANGYANG,40FT,0,0,0,0,1,1,0,0
CARRIER_C,2025-07-10 17:00,GWANGYANG,40FT,0,0,0,0,1,1,0,0
CARRIER_C,2025-07-10 18:00,GWANGYANG,40FT,0,0,0,0,1,1,0,0
CARRIER_C,2025-07-10 19:00,GWANGYANG,40FT,0,0,0,0,1,1,0,0
CARRIER_C,2025-07-10 20:00,GWANGYANG,40FT,0,0,0,0,1,1,0,0
CARRIER_C,2025-07-10 21:00,GWANGYANG,40FT,0,0,0,0,1,1,0,0
CARRIER_C,2025-07-10 22:00,GWANGYANG,40FT,0,0,0,0,1,1,0,0
CARRIER_C,2025-07-10 23:00,GWANGYANG,40FT,0,0,0,0,1,1,0,0
CARRIER_C,2025-07-11 00:00,GWANGYANG,40FT,0,0,0,0,1,1,0,0
CARRIER_C,2025-07-11 01:00,GWANGYANG,40FT,0,0,0,0,1,1,0,0
CARRIER_C,2025-07-11 02:00,GWANGYANG,40FT,0,0,0,0,1,1,0,0
CARRIER_C,2025-07-11 03:00,GWANGYANG,40FT,0,0,0,0,1,1,0,0
CARRIER_C,2025-07-11 04:00,GWANGYANG,40FT,0,0,0,0,1,1,0,0
CARRIER_C,2025-07-11 05:00,GWANGYANG,40FT,0,0,0,0,1,1,0,0
CARRIER_C,2025-07-11 06:00,GWANGYANG,40FT,0,0,0,0,1,1,0,0
CARRIER_C,2025-07-11 07:00,GWANGYANG,40FT,0,0,0,0,1,1,0,0
CARRIER_C,2025-07-11 08:00,GWANGYANG,40FT,0,0,0,0,1,1,0,0
CARRIER_C,2025-07-11 09:00,GWANGYANG,40FT,0,0,0,0,1,1,0,0
CARRIER_C,2025-07-11 10:00,GWANGYANG,40FT,0,0,0,0,1,1,0,0
CARRIER_C,2025-07-11 11:00,GWANGYANG,40FT,0,0,0,0,1,1,0,0
CARRIER_C,2025-07-11 12:00,GWANGYANG,40FT,0,0,0,0,1,1,0,0
CARRIER_C,2025-07-11 13:00,GWANGYANG,40FT,0,0,0,0,1,1,0,0
CARRIER_C,2025-07-11 14:00,GWANGYANG,40FT,0,0,0,0,1,1,0,0
CARRIER_C,2025-07-11 15:00,GWANGYANG,40FT,0,0,0,0,1,1,0,0
CARRIER_C,2025-07-11 16:00,GWANGYANG,40FT,0,0,0,0,1,1,0,0
CARRIER_C,2025-07-11 17:00,GWANGYANG,40FT,0,0,0,0,1,1,0,0
CARRIER_C,2025-07-11 18:00,GWANGYANG,40FT,0,0,0,0,1,1,0,0
CARRIER_C,2025-07-11 19:00,GWANGYANG,40FT,0,0,0,0,1,1,0,0
CARRIER_C,2025-07-11 20:00,GWANGYANG,40FT,0,0,0,0,1,1,0,0
CARRIER_C,2025-07-11 21:00,GWANGYANG,40FT,0,0,0,0,1,1,0,0
CARRIER_C,2025-07-11 22:00,GWANGYANG,40FT,0,0,0,0,1,1,0,0
CARRIER_C,2025-07-11 23:00,GWANGYANG,40FT,0,0,0,0,1,1,0,0
CARRIER_C,2025-07-12 00:00,GWANGYANG,40FT,0,0,0,0,1,1,0,0
CARRIER_C,2025-07-12 01:00,GWANGYANG,40FT,0,0,0,0,1,1,0,0
CARRIER_C,2025-07-12 02:00,GWANGYANG,40FT,0,0,0,0,1,1,0,0
CARRIER_C,2025-07-12 03:00,GWANGYANG,40FT,0,0,0,0,1,1,0,0
CARRIER_C,2025-07-12 04:00,GWANGYANG,40FT,0,0,0,0,1,1,0,0
CARRIER_C,2025-07-12 05:00,GWANGYANG,40FT,0,0,0,0,1,1,0,0
CARRIER_C,2025-07-12 06:00,GWANGYANG,40FT,0,0,0,0,1,1,0,0
CARRIER_C,2025-07-12 07:00,GWANGYANG,40FT,0,0,0,0,1,1,0,0
CARRIER_C,2025-07-12 08:00,GWANGYANG,40FT,0,0,0,0,1,1,0,0
CARRIER_C,2025-07-12 09:00,GWANGYANG,40FT,0,0,0,0,1,1,0,0
CARRIER_C,2025-07-12 10:00,GWANGYANG,40FT,0,0,0,0,1,1,0,0
CARRIER_C,2025-07-12 11:00,GWANGYANG,40FT,0,0,0,0,1,1,0,0
CARRIER_C,2025-07-12 12:00,GWANGYANG,40FT,0,0,0,0,1,1,0,0
CARRIER_C,2025-07-12 13:00,GWANGYANG,40FT,0,0,0,0,1,1,0,0
CARRIER_C,2025-07-12 14:00,GWANGYANG,40FT,0,0,0,0,1,1,0,0
CARRIER_C,2025-07-12 15:00,GWANGYANG,40FT,0,0,0,0,1,1,0,0
CARRIER_C,2025-07-12 16:00,GWANGYANG,40FT,0,0,0,0,1,1,0,0
CARRIER_C,2025-07-12 17:00,GWANGYANG,40FT,0,0,0,0,1,1,0,0
CARRIER_C,2025-07-12 18:00,GWANGYANG,40FT,0,0,0,0,1,1,0,0
CARRIER_C,2025-07-12 19:00,GWANGYANG,40FT,0,0,0,0,1,1,0,0
CARRIER_C,2025-07-12 20:00,GWANGYANG,40FT,0,0,0,0,1,1,0,0
CARRIER_C,2025-07-12 21:00,GWANGYANG,40FT,0,0,0,0,1,1,0,0
CARRIER_C,2025-07-12 22:00,GWANGYANG,40FT,0,0,0,0,1,1,0,0
CARRIER_C,2025-07-12 23:00,GWANGYANG,40FT,0,0,0,0,1,1,0,0
CARRIER_C,2025-07-13 00:00,GWANGYANG,40FT,0,0,0,0,1,1,0,0
CARRIER_C,2025-07-13 01:00,GWANGYANG,40FT,0,0,0,0,1,1,0,0
CARRIER_C,2025-07-13 02:00,GWANGYANG,40FT,0,0,0,0,1,1,0,0
CARRIER_C,2025-07-13 03:00,GWANGYANG,40FT,0,0,0,0,1,1,0,0
CARRIER_C,2025-07-13 04:00,GWANGYANG,40FT,0,0,0,0,1,1,0,0
CARRIER_C,2025-07-13 05:00,GWANGYANG,40FT,0,0,0,0,1,1,0,0
CARRIER_C,2025-07-13 06:00,GWANGYANG,40FT,0,0,0,0,1,1,0,0
CARRIER_C,2025-07-13 07:00,GWANGYANG,40FT,0,0,0,0,1,1,0,0
CARRIER_C,2025-07-13 08:00,GWANGYANG,40FT,0,0,0,0,1,1,0,0
CARRIER_C,2025-07-13 09:00,GWANGYANG,40FT,0,0,0,0,1,1,0,0
CARRIER_C,2025-07-13 10:00,GWANGYANG,40FT,0,0,0,0,1,1,0,0
CARRIER_C,2025-07-13 11:00,GWANGYANG,40FT,0,0,0,0,1,1,0,0
CARRIER_C,2025-07-13 12:00,GWANGYANG,40FT,0,0,0,0,1,1,0,0
CARRIER_C,2025-07-13 13:00,GWANGYANG,40FT,0,0,0,0,1,1,0,0
CARRIER_C,2025-07-13 14:00,GWANGYANG,40FT,1,0,0,0,0,0,0,0
CARRIER_C,2025-07-13 15:00,GWANGYANG,40FT,0,0,0,0,0,0,0,0
CARRIER_C,2025-07-13 16:00,GWANGYANG,40FT,0,0,0,0,0,0,0,0
CARRIER_C,2025-07-13 17:00,GWANGYANG,40FT,0,0,0,0,0,0,0,0
CARRIER_C,2025-07-13 18:00,GWANGYANG,40FT,0,0,0,0,0,0,0,0
CARRIER_C,2025-07-13 19:00,GWANGYANG,40FT,0,0,0,0,0,0,0,0
CARRIER_C,2025-07-13 20:00,GWANGYANG,40FT,0,0,0,0,0,0,0,0
CARRIER_C,2025-07-13 21:00,GWANGYANG,40FT,0,0,0,0,0,0,0,0
CARRIER_C,2025-07-13 22:00,GWANGYANG,40FT,0,0,0,0,0,0,0,0
CARRIER_C,2025-07-13 23:00,GWANGYANG,40FT,0,0,0,0,0,0,0,0
CARRIER_C,2025-07-14 00:00,GWANGYANG,40FT,0,0,0,0,0,0,0,0
CARRIER_C,2025-07-14 01:00,GWANGYANG,40FT,0,0,0,0,0,0,0,0
CARRIER_C,2025-07-14 02:00,GWANGYANG,40FT,0,0,0,0,0,0,0,0
CARRIER_C,2025-07-14 03:00,GWANGYANG,40FT,0,0,0,0,0,0,0,0
CARRIER_C,2025-07-14 04:00,GWANGYANG,40FT,0,0,0,0,0,0,0,0
CARRIER_C,2025-07-14 05:00,GWANGYANG,40FT,0,0,0,0,0,0,0,0
CARRIER_C,2025-07-14 06:00,GWANGYANG,40FT,0,0,0,0,0,0,0,0
CARRIER_C,2025-07-14 07:00,GWANGYANG,40FT,0,0,0,0,0,0,0,0
CARRIER_C,2025-07-14 08:00,GWANGYANG,40FT,0,1,0,0,1,1,0,0
CARRIER_C,2025-07-14 09:00,GWANGYANG,40FT,0,0,0,0,1,1,0,0
CARRIER_C,2025-07-14 10:00,GWANGYANG,40FT,0,0,0,0,1,1,0,0
CARRIER_C,2025-07-14 11:00,GWANGYANG,40FT,0,0,0,0,1,1,0,0
CARRIER_C,2025-07-14 12:00,GWANGYANG,40FT,0,0,0,0,1,1,0,0
CARRIER_C,2025-07-14 13:00,GWANGYANG,40FT,0,0,0,0,1,1,0,0
CARRIER_C,2025-07-14 14:00,GWANGYANG,40FT,0,0,0,0,1,1,0,0
CARRIER_C,2025-07-14 15:00,GWANGYANG,40FT,0,0,0,0,1,1,0,0
CARRIER_C,2025-07-14 16:00,GWANGYANG,40FT,0,0,0,0,1,1,0,0
CARRIER_C,2025-07-14 17:00,GWANGYANG,40FT,0,0,0,0,1,1,0,0
CARRIER_C,2025-07-14 18:00,GWANGYANG,40FT,0,0,0,0,1,1,0,0
CARRIER_C,2025-07-14 19:00,GWANGYANG,40FT,0,0,0,0,1,1,0,0
CARRIER_C,2025-07-14 20:00,GWANGYANG,40FT,0,0,0,0,1,1,0,0
CARRIER_C,2025-07-14 21:00,GWANGYANG,40FT,0,0,0,0,1,1,0,0
CARRIER_C,2025-07-14 22:00,GWANGYANG,40FT,0,0,0,0,1,1,0,0
CARRIER_C,2025-07-14 23:00,GWANGYANG,40FT,0,0,0,0,1,1,0,0
CARRIER_C,2025-07-08 00:00,UIWANG,20FT,0,0,0,0,9,9,0,0
CARRIER_C,2025-07-08 01:00,UIWANG,20FT,0,0,0,0,9,9,0,0
CARRIER_C,2025-07-08 02:00,UIWANG,20FT,0,0,0,0,9,9,0,0
CARRIER_C,2025-07-08 03:00,UIWANG,20FT,0,0,0,0,9,9,0,0
CARRIER_C,2025-07-08 04:00,UIWANG,20FT,0,0,0,0,9,9,0,0
CARRIER_C,2025-07-08 05:00,UIWANG,20FT,0,0,0,0,9,9,0,0
CARRIER_C,2025-07-08 06:00,UIWANG,20FT,0,0,0,0,9,9,0,0
CARRIER_C,2025-07-08 07:00,UIWANG,20FT,0,0,0,0,9,9,0,0
CARRIER_C,2025-07-08 08:00,UIWANG,20FT,0,0,0,0,9,9,0,0
CARRIER_C,2025-07-08 09:00,UIWANG,20FT,0,0,0,0,9,9,0,0
CARRIER_C,2025-07-08 10:00,UIWANG,20FT,0,2,0,0,11,11,0,0
CARRIER_C,2025-07-08 11:00,UIWANG,20FT,0,1,0,0,12,12,0,0
CARRIER_C,2025-07-08 12:00,UIWANG,20FT,0,0,0,0,12,12,0,0
CARRIER_C,2025-07-08 13:00,UIWANG,20FT,1,0,0,0,11,11,0,0
CARRIER_C,2025-07-08 14:00,UIWANG,20FT,0,0,0,0,11,11,0,0
CARRIER_C,2025-07-08 15:00,UIWANG,20FT,1,1,0,2,11,9,0,0
CARRIER_C,2025-07-08 16:00,UIWANG,20FT,0,2,0,0,13,11,0,0
CARRIER_C,2025-07-08 17:00,UIWANG,20FT,0,0,0,0,13,11,0,0
CARRIER_C,2025-07-08 18:00,UIWANG,20FT,0,0,0,0,13,11,0,0
CARRIER_C,2025-07-08 19:00,UIWANG,20FT,0,0,0,0,13,11,0,0
CARRIER_C,2025-07-08 20:00,UIWANG,20FT,0,0,0,0,13,11,0,0
CARRIER_C,2025-07-08 21:00,UIWANG,20FT,0,0,0,0,13,11,0,0
CARRIER_C,2025-07-08 22:00,UIWANG,20FT,0,0,0,0,13,11,0,0
CARRIER_C,2025-07-08 23:00,UIWANG,20FT,0,0,0,0,13,11,0,0
CARRIER_C,2025-07-09 00:00,UIWANG,20FT,0,0,0,0,13,11,0,0
CARRIER_C,2025-07-09 01:00,UIWANG,20FT,0,0,0,0,13,11,0,0
CARRIER_C,2025-07-09 02:00,UIWANG,20FT,0,0,0,0,13,11,0,0
CARRIER_C,2025-07-09 03:00,UIWANG,20FT,0,0,0,0,13,11,0,0
CARRIER_C,2025-07-09 04:00,UIWANG,20FT,0,0,0,0,13,11,0,0
CARRIER_C,2025-07-09 05:00,UIWANG,20FT,0,0,0,0,13,11,0,0
CARRIER_C,2025-07-09 06:00,UIWANG,20FT,0,0,0,0,13,11,0,0
CARRIER_C,2025-07-09 07:00,UIWANG,20FT,0,0,0,0,13,11,0,0
CARRIER_C,2025-07-09 08:00,UIWANG,20FT,0,1,0,0,14,12,0,0
CARRIER_C,2025-07-09 09:00,UIWANG,20FT,0,0,0,0,14,12,0,0
CARRIER_C,2025-07-09 10:00,UIWANG,20FT,0,0,0,0,14,12,0,0
CARRIER_C,2025-07-09 11:00,UIWANG,20FT,0,1,0,0,15,13,0,0
CARRIER_C,2025-07-09 12:00,UIWANG,20FT,0,1,0,0,16,14,0,0
CARRIER_C,2025-07-09 13:00,UIWANG,20FT,0,1,0,0,17,15,0,0
CARRIER_C,2025-07-09 14:00,UIWANG,20FT,0,1,0,0,18,16,0,0
CARRIER_C,2025-07-09 15:00,UIWANG,20FT,0,0,0,0,18,16,0,0
CARRIER_C,2025-07-09 16:00,UIWANG,20FT,0,0,0,0,18,16,0,0
CARRIER_C,2025-07-09 17:00,UIWANG,20FT,0,0,0,0,18,16,0,0
CARRIER_C,2025-07-09 18:00,UIWANG,20FT,0,0,0,0,18,16,0,0
CARRIER_C,2025-07-09 19:00,UIWANG,20FT,0,0,0,0,18,16,0,0
CARRIER_C,2025-07-09 20:00,UIWANG,20FT,0,1,0,0,19,17,0,0
CARRIER_C,2025-07-09 21:00,UIWANG,20FT,0,0,0,0,19,17,0,0
CARRIER_C,2025-07-09 22:00,UIWANG,20FT,0,0,0,0,19,17,0,0
CARRIER_C,2025-07-09 23:00,UIWANG,20FT,0,0,0,0,19,17,0,0
CARRIER_C,2025-07-10 00:00,UIWANG,20FT,0,0,0,0,19,17,0,0
CARRIER_C,2025-07-10 01:00,UIWANG,20FT,0,0,0,0,19,17,0,0
CARRIER_C,2025-07-10 02:00,UIWANG,20FT,0,0,0,0,19,17,0,0
CARRIER_C,2025-07-10 03:00,UIWANG,20FT,0,0,0,0,19,17,0,0
CARRIER_C,2025-07-10 04:00,UIWANG,20FT,0,0,0,0,19,17,0,0
CARRIER_C,2025-07-10 05:00,UIWANG,20FT,0,0,0,0,19,17,0,0
CARRIER_C,2025-07-10 06:00,UIWANG,20FT,0,0,0,0,19,17,0,0
CARRIER_C,2025-07-10 07:00,UIWANG,20FT,0,0,0,0,19,17,0,0
CARRIER_C,2025-07-10 08:00,UIWANG,20FT,0,0,0,0,19,17,0,0
CARRIER_C,2025-07-10 09:00,UIWANG,20FT,0,0,0,0,19,17,0,0
CARRIER_C,2025-07-10 10:00,UIWANG,20FT,0,1,0,0,20,18,0,0
CARRIER_C,2025-07-10 11:00,UIWANG,20FT,0,1,0,0,21,19,0,0
CARRIER_C,2025-07-10 12:00,UIWANG,20FT,0,0,0,0,21,19,0,0
CARRIER_C,2025-07-10 13:00,UIWANG,20FT,0,0,0,0,21,19,0,0
CARRIER_C,2025-07-10 14:00,UIWANG,20FT,1,1,0,0,21,19,0,0
CARRIER_C,2025-07-10 15:00,UIWANG,20FT,1,2,0,0,22,20,0,0
CARRIER_C,2025-07-10 16:00,UIWANG,20FT,0,0,0,0,22,20,0,0
CARRIER_C,2025-07-10 17:00,UIWANG,20FT,1,0,0,0,21,19,0,0
CARRIER_C,2025-07-10 18:00,UIWANG,20FT,1,1,0,0,21,19,0,0
CARRIER_C,2025-07-10 19:00,UIWANG,20FT,0,1,0,0,22,20,0,0
CARRIER_C,2025-07-10 20:00,UIWANG,20FT,0,0,0,0,22,20,0,0
CARRIER_C,2025-07-10 21:00,UIWANG,20FT,0,0,0,0,22,20,0,0
CARRIER_C,2025-07-10 22:00,UIWANG,20FT,0,0,0,0,22,20,0,0
CARRIER_C,2025-07-10 23:00,UIWANG,20FT,0,0,0,0,22,20,0,0
CARRIER_C,2025-07-11 00:00,UIWANG,20FT,0,0,0,0,22,20,0,0
CARRIER_C,2025-07-11 01:00,UIWANG,20FT,0,0,0,0,22,20,0,0
CARRIER_C,2025-07-11 02:00,UIWANG,20FT,0,0,0,0,22,20,0,0
CARRIER_C,2025-07-11 03:00,UIWANG,20FT,0,0,0,0,22,20,0,0
CARRIER_C,2025-07-11 04:00,UIWANG,20FT,0,0,0,0,22,20,0,0
CARRIER_C,2025-07-11 05:00,UIWANG,20FT,0,0,0,0,22,20,0,0
CARRIER_C,2025-07-11 06:00,UIWANG,20FT,0,0,0,0,22,20,0,0
CARRIER_C,2025-07-11 07:00,UIWANG,20FT,0,0,0,0,22,20,0,0
CARRIER_C,2025-07-11 08:00,UIWANG,20FT,0,0,0,0,22,20,0,0
CARRIER_C,2025-07-11 09:00,UIWANG,20FT,1,0,0,0,21,19,0,0
CARRIER_C,2025-07-11 10:00,UIWANG,20FT,0,0,0,0,21,19,0,0
CARRIER_C,2025-07-11 11:00,UIWANG,20FT,0,2,0,0,23,21,0,0
CARRIER_C,2025-07-11 12:00,UIWANG,20FT,0,0,0,0,23,21,0,0
CARRIER_C,2025-07-11 13:00,UIWANG,20FT,0,0,0,0,23,21,0,0
CARRIER_C,2025-07-11 14:00,UIWANG,20FT,0,1,0,0,24,22,0,0
CARRIER_C,2025-07-11 15:00,UIWANG,20FT,0,0,0,0,24,22,0,0
CARRIER_C,2025-07-11 16:00,UIWANG,20FT,0,0,0,0,24,22,0,0
CARRIER_C,2025-07-11 17:00,UIWANG,20FT,2,0,0,0,22,20,0,0
CARRIER_C,2025-07-11 18:00,UIWANG,20FT,0,0,0,0,22,20,0,0
CARRIER_C,2025-07-11 19:00,UIWANG,20FT,0,1,0,0,23,21,0,0
CARRIER_C,2025-07-11 20:00,UIWANG,20FT,0,0,0,0,23,21,0,0
CARRIER_C,2025-07-11 21:00,UIWANG,20FT,0,0,0,0,23,21,0,0
CARRIER_C,2025-07-11 22:00,UIWANG,20FT,0,0,0,0,23,21,0,0
CARRIER_C,2025-07-11 23:00,UIWANG,20FT,0,0,0,0,23,21,0,0
CARRIER_C,2025-07-12 00:00,UIWANG,20FT,0,0,0,0,23,21,0,0
CARRIER_C,2025-07-12 01:00,UIWANG,20FT,0,0,0,0,23,21,0,0
CARRIER_C,2025-07-12 02:00,UIWANG,20FT,0,0,0,0,23,21,0,0
CARRIER_C,2025-07-12 03:00,UIWANG,20FT,0,0,0,0,23,21,0,0
CARRIER_C,2025-07-12 04:00,UIWANG,20FT,0,0,0,0,23,21,0,0
CARRIER_C,2025-07-12 05:00,UIWANG,20FT,0,0,0,0,23,21,0,0
CARRIER_C,2025-07-12 06:00,UIWANG,20FT,0,0,0,0,23,21,0,0
CARRIER_C,2025-07-12 07:00,UIWANG,20FT,0,0,0,0,23,21,0,0
CARRIER_C,2025-07-12 08:00,UIWANG,20FT,1,0,0,0,22,20,0,0
CARRIER_C,2025-07-12 09:00,UIWANG,20FT,0,1,0,0,23,21,0,0
CARRIER_C,2025-07-12 10:00,UIWANG,20FT,0,0,0,0,23,21,0,0
CARRIER_C,2025-07-12 11:00,UIWANG,20FT,1,0,0,0,22,20,0,0
CARRIER_C,2025-07-12 12:00,UIWANG,20FT,0,2,0,0,24,22,0,0
CARRIER_C,2025-07-12 13:00,UIWANG,20FT,0,0,0,0,24,22,0,0
CARRIER_C,2025-07-12 14:00,UIWANG,20FT,0,0,0,0,24,22,0,0
CARRIER_C,2025-07-12 15:00,UIWANG,20FT,0,1,0,0,25,23,0,0
CARRIER_C,2025-07-12 16:00,UIWANG,20FT,0,1,0,0,26,24,0,0
CARRIER_C,2025-07-12 17:00,UIWANG,20FT,0,1,0,0,27,25,0,0
CARRIER_C,2025-07-12 18:00,UIWANG,20FT,0,0,0,0,27,25,0,0
CARRIER_C,2025-07-12 19:00,UIWANG,20FT,0,0,0,0,27,25,0,0
CARRIER_C,2025-07-12 20:00,UIWANG,20FT,0,0,0,0,27,25,0,0
CARRIER_C,2025-07-12 21:00,UIWANG,20FT,0,0,0,0,27,25,0,0
CARRIER_C,2025-07-12 22:00,UIWANG,20FT,0,0,0,0,27,25,0,0
CARRIER_C,2025-07-12 23:00,UIWANG,20FT,0,0,0,0,27,25,0,0
CARRIER_C,2025-07-13 00:00,UIWANG,20FT,0,0,0,0,27,25,0,0
CARRIER_C,2025-07-13 01:00,UIWANG,20FT,0,0,0,0,27,25,0,0
CARRIER_C,2025-07-13 02:00,UIWANG,20FT,0,0,0,0,27,25,0,0
CARRIER_C,2025-07-13 03:00,UIWANG,20FT,0,0,0,0,27,25,0,0
CARRIER_C,2025-07-13 04:00,UIWANG,20FT,0,0,0,0,27,25,0,0
CARRIER_C,2025-07-13 05:00,UIWANG,20FT,0,0,0,0,27,25,0,0
CARRIER_C,2025-07-13 06:00,UIWANG,20FT,0,0,0,0,27,25,0,0
CARRIER_C,2025-07-13 07:00,UIWANG,20FT,0,0,0,0,27,25,0,0
CARRIER_C,2025-07-13 08:00,UIWANG,20FT,0,0,0,0,27,25,0,0
CARRIER_C,2025-07-13 09:00,UIWANG,20FT,1,0,0,0,26,24,0,0
CARRIER_C,2025-07-13 10:00,UIWANG,20FT,0,0,0,0,26,24,0,0
CARRIER_C,2025-07-13 11:00,UIWANG,20FT,2,0,0,0,24,22,0,0
CARRIER_C,2025-07-13 12:00,UIWANG,20FT,0,0,0,0,24,22,0,0
CARRIER_C,2025-07-13 13:00,UIWANG,20FT,0,0,0,0,24,22,0,0
CARRIER_C,2025-07-13 14:00,UIWANG,20FT,0,1,0,0,25,23,0,0
CARRIER_C,2025-07-13 15:00,UIWANG,20FT,0,0,0,0,25,23,0,0
CARRIER_C,2025-07-13 16:00,UIWANG,20FT,0,0,0,0,25,23,0,0
CARRIER_C,2025-07-13 17:00,UIWANG,20FT,1,0,0,0,24,22,0,0
CARRIER_C,2025-07-13 18:00,UIWANG,20FT,0,0,0,0,24,22,0,0
CARRIER_C,2025-07-13 19:00,UIWANG,20FT,0,0,0,0,24,22,0,0
CARRIER_C,2025-07-13 20:00,UIWANG,20FT,0,0,0,0,24,22,0,0
CARRIER_C,2025-07-13 21:00,UIWANG,20FT,0,0,0,0,24,22,0,0
CARRIER_C,2025-07-13 22:00,UIWANG,20FT,0,0,0,0,24,22,0,0
CARRIER_C,2025-07-13 23:00,UIWANG,20FT,0,0,0,0,24,22,0,0
CARRIER_C,2025-07-14 00:00,UIWANG,20FT,0,0,0,0,24,22,0,0
CARRIER_C,2025-07-14 01:00,UIWANG,20FT,0,0,0,0,24,22,0,0
CARRIER_C,2025-07-14 02:00,UIWANG,20FT,0,0,0,0,24,22,0,0
CARRIER_C,2025-07-14 03:00,UIWANG,20FT,0,0,0,0,24,22,0,0
CARRIER_C,2025-07-14 04:00,UIWANG,20FT,0,0,0,0,24,22,0,0
CARRIER_C,2025-07-14 05:00,UIWANG,20FT,0,0,0,0,24,22,0,0
CARRIER_C,2025-07-14 06:00,UIWANG,20FT,1,0,0,0,23,21,0,0
CARRIER_C,2025-07-14 07:00,UIWANG,20FT,0,0,0,0,23,21,0,0
CARRIER_C,2025-07-14 08:00,UIWANG,20FT,1,0,0,0,22,20,0,0
CARRIER_C,2025-07-14 09:00,UIWANG,20FT,1,0,0,0,21,19,0,0
CARRIER_C,2025-07-14 10:00,UIWANG,20FT,1,0,0,0,20,18,0,0
CARRIER_C,2025-07-14 11:00,UIWANG,20FT,1,0,0,0,19,17,0,0
CARRIER_C,2025-07-14 12:00,UIWANG,20FT,0,0,0,0,19,17,0,0
CARRIER_C,2025-07-14 13:00,UIWANG,20FT,0,0,0,0,19,17,0,0
CARRIER_C,2025-07-14 14:00,UIWANG,20FT,0,1,0,0,20,18,0,0
CARRIER_C,2025-07-14 15:00,UIWANG,20FT,0,0,0,0,20,18,0,0
CARRIER_C,2025-07-14 16:00,UIWANG,20FT,0,0,0,0,20,18,0,0
CARRIER_C,2025-07-14 17:00,UIWANG,20FT,0,2,0,0,22,20,0,0
CARRIER_C,2025-07-14 18:00,UIWANG,20FT,0,0,0,0,22,20,0,0
CARRIER_C,2025-07-14 19:00,UIWANG,20FT,0,1,0,0,23,21,0,0
CARRIER_C,2025-07-14 20:00,UIWANG,20FT,0,0,0,0,23,21,0,0
CARRIER_C,2025-07-14 21:00,UIWANG,20FT,0,0,0,0,23,21,0,0
CARRIER_C,2025-07-14 22:00,UIWANG,20FT,0,1,0,0,24,22,0,0
CARRIER_C,2025-07-14 23:00,UIWANG,20FT,0,0,0,0,24,22,0,0
CARRIER_C,2025-07-08 00:00,UIWANG,40FT,0,0,0,0,6,6,0,0
CARRIER_C,2025-07-08 01:00,UIWANG,40FT,0,0,0,0,6,6,0,0
CARRIER_C,2025-07-08 02:00,UIWANG,40FT,0,0,0,0,6,6,0,0
CARRIER_C,2025-07-08 03:00,UIWANG,40FT,0,0,0,0,6,6,0,0
CARRIER_C,2025-07-08 04:00,UIWANG,40FT,0,0,0,0,6,6,0,0
CARRIER_C,2025-07-08 05:00,UIWANG,40FT,0,0,0,0,6,6,0,0
CARRIER_C,2025-07-08 06:00,UIWANG,40FT,0,0,0,0,6,6,0,0
CARRIER_C,2025-07-08 07:00,UIWANG,40FT,0,0,0,0,6,6,0,0
CARRIER_C,2025-07-08 08:00,UIWANG,40FT,0,0,0,0,6,6,0,0
CARRIER_C,2025-07-08 09:00,UIWANG,40FT,0,0,0,0,6,6,0,0
CARRIER_C,2025-07-08 10:00,UIWANG,40FT,0,0,0,0,6,6,0,0
CARRIER_C,2025-07-08 11:00,UIWANG,40FT,0,0,0,0,6,6,0,0
CARRIER_C,2025-07-08 12:00,UIWANG,40FT,0,1,0,0,7,7,0,0
CARRIER_C,2025-07-08 13:00,UIWANG,40FT,1,0,0,0,6,6,0,0
CARRIER_C,2025-07-08 14:00,UIWANG,40FT,1,0,0,0,5,5,0,0
CARRIER_C,2025-07-08 15:00,UIWANG,40FT,0,1,0,4,6,2,0,0
CARRIER_C,2025-07-08 16:00,UIWANG,40FT,0,0,0,0,6,2,0,0
CARRIER_C,2025-07-08 17:00,UIWANG,40FT,0,0,0,0,6,2,0,0
CARRIER_C,2025-07-08 18:00,UIWANG,40FT,1,0,0,0,5,1,0,0
CARRIER_C,2025-07-08 19:00,UIWANG,40FT,0,0,0,0,5,1,0,0
CARRIER_C,2025-07-08 20:00,UIWANG,40FT,0,0,0,0,5,1,0,0
CARRIER_C,2025-07-08 21:00,UIWANG,40FT,0,0,0,0,5,1,0,0
CARRIER_C,2025-07-08 22:00,UIWANG,40FT,0,0,0,0,5,1,0,0
CARRIER_C,2025-07-08 23:00,UIWANG,40FT,0,0,0,0,5,1,0,0
CARRIER_C,2025-07-09 00:00,UIWANG,40FT,0,0,0,0,5,1,0,0
CARRIER_C,2025-07-09 01:00,UIWANG,40FT,0,0,0,0,5,1,0,0
CARRIER_C,2025-07-09 02:00,UIWANG,40FT,0,0,0,0,5,1,0,0
CARRIER_C,2025-07-09 03:00,UIWANG,40FT,0,0,0,0,5,1,0,0
CARRIER_C,2025-07-09 04:00,UIWANG,40FT,0,0,0,0,5,1,0,0
CARRIER_C,2025-07-09 05:00,UIWANG,40FT,0,0,0,0,5,1,0,0
CARRIER_C,2025-07-09 06:00,UIWANG,40FT,0,0,0,0,5,1,0,0
CARRIER_C,2025-07-09 07:00,UIWANG,40FT,0,0,0,0,5,1,0,0
CARRIER_C,2025-07-09 08:00,UIWANG,40FT,0,0,0,0,5,1,0,0
CARRIER_C,2025-07-09 09:00,UIWANG,40FT,0,0,0,0,5,1,0,0
CARRIER_C,2025-07-09 10:00,UIWANG,40FT,0,0,0,0,5,1,0,0
CARRIER_C,2025-07-09 11:00,UIWANG,40FT,0,0,0,0,5,1,0,0
CARRIER_C,2025-07-09 12:00,UIWANG,40FT,0,0,0,0,5,1,0,0
CARRIER_C,2025-07-09 13:00,UIWANG,40FT,0,0,0,0,5,1,0,0
CARRIER_C,2025-07-09 14:00,UIWANG,40FT,0,1,0,0,6,2,0,0
CARRIER_C,2025-07-09 15:00,UIWANG,40FT,0,1,0,0,7,3,0,0
CARRIER_C,2025-07-09 16:00,UIWANG,40FT,0,0,0,0,7,3,0,0
CARRIER_C,2025-07-09 17:00,UIWANG,40FT,1,0,0,0,6,2,0,0
CARRIER_C,2025-07-09 18:00,UIWANG,40FT,0,0,0,0,6,2,0,0
CARRIER_C,2025-07-09 19:00,UIWANG,40FT,0,1,0,0,7,3,0,0
CARRIER_C,2025-07-09 20:00,UIWANG,40FT,0,0,0,0,7,3,0,0
CARRIER_C,2025-07-09 21:00,UIWANG,40FT,0,0,0,0,7,3,0,0
CARRIER_C,2025-07-09 22:00,UIWANG,40FT,0,0,0,0,7,3,0,0
CARRIER_C,2025-07-09 23:00,UIWANG,40FT,0,0,0,0,7,3,0,0
CARRIER_C,2025-07-10 00:00,UIWANG,40FT,0,0,0,0,7,3,0,0
CARRIER_C,2025-07-10 01:00,UIWANG,40FT,0,0,0,0,7,3,0,0
CARRIER_C,2025-07-10 02:00,UIWANG,40FT,0,0,0,0,7,3,0,0
CARRIER_C,2025-07-10 03:00,UIWANG,40FT,0,0,0,0,7,3,0,0
CARRIER_C,2025-07-10 04:00,UIWANG,40FT,0,0,0,0,7,3,0,0
CARRIER_C,2025-07-10 05:00,UIWANG,40FT,0,0,0,0,7,3,0,0
CARRIER_C,2025-07-10 06:00,UIWANG,40FT,0,1,0,0,8,4,0,0
CARRIER_C,2025-07-10 07:00,UIWANG,40FT,0,0,0,0,8,4,0,0
CARRIER_C,2025-07-10 08:00,UIWANG,40FT,0,0,0,0,8,4,0,0
CARRIER_C,2025-07-10 09:00,UIWANG,40FT,0,0,0,0,8,4,0,0
CARRIER_C,2025-07-10 10:00,UIWANG,40FT,1,0,0,0,7,3,0,0
CARRIER_C,2025-07-10 11:00,UIWANG,40FT,0,0,0,0,7,3,0,0
CARRIER_C,2025-07-10 12:00,UIWANG,40FT,0,0,0,0,7,3,0,0
CARRIER_C,2025-07-10 13:00,UIWANG,40FT,1,0,0,0,6,2,0,0
CARRIER_C,2025-07-10 14:00,UIWANG,40FT,0,0,0,0,6,2,0,0
CARRIER_C,2025-07-10 15:00,UIWANG,40FT,0,0,0,0,6,2,0,0
CARRIER_C,2025-07-10 16:00,UIWANG,40FT,0,1,0,0,7,3,0,0
CARRIER_C,2025-07-10 17:00,UIWANG,40FT,0,1,0,0,8,4,0,0
CARRIER_C,2025-07-10 18:00,UIWANG,40FT,0,0,0,0,8,4,0,0
CARRIER_C,2025-07-10 19:00,UIWANG,40FT,0,0,0,0,8,4,0,0
CARRIER_C,2025-07-10 20:00,UIWANG,40FT,0,0,0,0,8,4,0,0
CARRIER_C,2025-07-10 21:00,UIWANG,40FT,0,0,0,0,8,4,0,0
CARRIER_C,2025-07-10 22:00,UIWANG,40FT,0,0,0,0,8,4,0,0
CARRIER_C,2025-07-10 23:00,UIWANG,40FT,0,0,0,0,8,4,0,0
CARRIER_C,2025-07-11 00:00,UIWANG,40FT,0,0,0,0,8,4,0,0
CARRIER_C,2025-07-11 01:00,UIWANG,40FT,0,0,0,0,8,4,0,0
CARRIER_C,2025-07-11 02:00,UIWANG,40FT,0,0,0,0,8,4,0,0
CARRIER_C,2025-07-11 03:00,UIWANG,40FT,0,0,0,0,8,4,0,0
CARRIER_C,2025-07-11 04:00,UIWANG,40FT,0,0,0,0,8,4,0,0
CARRIER_C,2025-07-11 05:00,UIWANG,40FT,0,0,0,0,8,4,0,0
CARRIER_C,2025-07-11 06:00,UIWANG,40FT,0,0,0,0,8,4,0,0
CARRIER_C,2025-07-11 07:00,UIWANG,40FT,0,0,0,0,8,4,0,0
CARRIER_C,2025-07-11 08:00,UIWANG,40FT,0,0,0,0,8,4,0,0
CARRIER_C,2025-07-11 09:00,UIWANG,40FT,0,0,0,0,8,4,0,0
CARRIER_C,2025-07-11 10:00,UIWANG,40FT,0,0,0,0,8,4,0,0
CARRIER_C,2025-07-11 11:00,UIWANG,40FT,3,0,0,0,5,1,0,0
CARRIER_C,2025-07-11 12:00,UIWANG,40FT,0,0,0,0,5,1,0,0
CARRIER_C,2025-07-11 13:00,UIWANG,40FT,0,0,0,0,5,1,0,0
CARRIER_C,2025-07-11 14:00,UIWANG,40FT,0,2,0,0,7,3,0,0
CARRIER_C,2025-07-11 15:00,UIWANG,40FT,0,1,0,0,8,4,0,0
CARRIER_C,2025-07-11 16:00,UIWANG,40FT,0,0,0,0,8,4,0,0
CARRIER_C,2025-07-11 17:00,UIWANG,40FT,1,0,0,0,7,3,0,0
CARRIER_C,2025-07-11 18:00,UIWANG,40FT,0,0,0,0,7,3,0,0
CARRIER_C,2025-07-11 19:00,UIWANG,40FT,0,0,0,0,7,3,0,0
CARRIER_C,2025-07-11 20:00,UIWANG,40FT,0,0,0,0,7,3,0,0
CARRIER_C,2025-07-11 21:00,UIWANG,40FT,0,0,0,0,7,3,0,0
CARRIER_C,2025-07-11 22:00,UIWANG,40FT,0,0,0,0,7,3,0,0
CARRIER_C,2025-07-11 23:00,UIWANG,40FT,0,0,0,0,7,3,0,0
CARRIER_C,2025-07-12 00:00,UIWANG,40FT,0,0,0,0,7,3,0,0
CARRIER_C,2025-07-12 01:00,UIWANG,40FT,0,0,0,0,7,3,0,0
CARRIER_C,2025-07-12 02:00,UIWANG,40FT,0,0,0,0,7,3,0,0
CARRIER_C,2025-07-12 03:00,UIWANG,40FT,0,0,0,0,7,3,0,0
CARRIER_C,2025-07-12 04:00,UIWANG,40FT,0,0,0,0,7,3,0,0
CARRIER_C,2025-07-12 05:00,UIWANG,40FT,0,0,0,0,7,3,0,0
CARRIER_C,2025-07-12 06:00,UIWANG,40FT,0,0,0,0,7,3,0,0
CARRIER_C,2025-07-12 07:00,UIWANG,40FT,0,0,0,0,7,3,0,0
CARRIER_C,2025-07-12 08:00,UIWANG,40FT,1,0,0,0,6,2,0,0
CARRIER_C,2025-07-12 09:00,UIWANG,40FT,0,0,0,0,6,2,0,0
CARRIER_C,2025-07-12 10:00,UIWANG,40FT,0,0,0,0,6,2,0,0
CARRIER_C,2025-07-12 11:00,UIWANG,40FT,0,0,0,0,6,2,0,0
CARRIER_C,2025-07-12 12:00,UIWANG,40FT,0,0,0,0,6,2,0,0
CARRIER_C,2025-07-12 13:00,UIWANG,40FT,0,0,0,0,6,2,0,0
CARRIER_C,2025-07-12 14:00,UIWANG,40FT,0,0,0,0,6,2,0,0
CARRIER_C,2025-07-12 15:00,UIWANG,40FT,0,1,0,0,7,3,0,0
CARRIER_C,2025-07-12 16:00,UIWANG,40FT,1,0,0,0,6,2,0,0
CARRIER_C,2025-07-12 17:00,UIWANG,40FT,0,0,0,0,6,2,0,0
CARRIER_C,2025-07-12 18:00,UIWANG,40FT,0,0,0,0,6,2,0,0
CARRIER_C,2025-07-12 19:00,UIWANG,40FT,0,0,0,0,6,2,0,0
CARRIER_C,2025-07-12 20:00,UIWANG,40FT,0,0,0,0,6,2,0,0
CARRIER_C,2025-07-12 21:00,UIWANG,40FT,0,0,0,0,6,2,0,0
CARRIER_C,2025-07-12 22:00,UIWANG,40FT,0,0,0,0,6,2,0,0
CARRIER_C,2025-07-12 23:00,UIWANG,40FT,0,0,0,0,6,2,0,0
CARRIER_C,2025-07-13 00:00,UIWANG,40FT,0,0,0,0,6,2,0,0
CARRIER_C,2025-07-13 01:00,UIWANG,40FT,0,0,0,0,6,2,0,0
CARRIER_C,2025-07-13 02:00,UIWANG,40FT,0,0,0,0,6,2,0,0
CARRIER_C,2025-07-13 03:00,UIWANG,40FT,0,0,0,0,6,2,0,0
CARRIER_C,2025-07-13 04:00,UIWANG,40FT,0,0,0,0,6,2,0,0
CARRIER_C,2025-07-13 05:00,UIWANG,40FT,0,0,0,0,6,2,0,0
CARRIER_C,2025-07-13 06:00,UIWANG,40FT,1,0,0,0,5,1,0,0
CARRIER_C,2025-07-13 07:00,UIWANG,40FT,0,0,0,0,5,1,0,0
CARRIER_C,2025-07-13 08:00,UIWANG,40FT,0,0,0,0,5,1,0,0
CARRIER_C,2025-07-13 09:00,UIWANG,40FT,0,1,0,0,6,2,0,0
CARRIER_C,2025-07-13 10:00,UIWANG,40FT,0,0,0,0,6,2,0,0
CARRIER_C,2025-07-13 11:00,UIWANG,40FT,0,0,0,0,6,2,0,0
CARRIER_C,2025-07-13 12:00,UIWANG,40FT,0,0,0,0,6,2,0,0
CARRIER_C,2025-07-13 13:00,UIWANG,40FT,0,0,0,0,6,2,0,0
CARRIER_C,2025-07-13 14:00,UIWANG,40FT,0,0,0,0,6,2,0,0
CARRIER_C,2025-07-13 15:00,UIWANG,40FT,1,0,0,0,5,1,0,0
CARRIER_C,2025-07-13 16:00,UIWANG,40FT,0,0,0,0,5,1,0,0
CARRIER_C,2025-07-13 17:00,UIWANG,40FT,0,1,0,0,6,2,0,0
CARRIER_C,2025-07-13 18:00,UIWANG,40FT,0,0,0,0,6,2,0,0
CARRIER_C,2025-07-13 19:00,UIWANG,40FT,0,0,0,0,6,2,0,0
CARRIER_C,2025-07-13 20:00,UIWANG,40FT,0,0,0,0,6,2,0,0
CARRIER_C,2025-07-13 21:00,UIWANG,40FT,0,0,0,0,6,2,0,0
CARRIER_C,2025-07-13 22:00,UIWANG,40FT,0,0,0,0,6,2,0,0
CARRIER_C,2025-07-13 23:00,UIWANG,40FT,0,0,0,0,6,2,0,0
CARRIER_C,2025-07-14 00:00,UIWANG,40FT,0,0,0,0,6,2,0,0
CARRIER_C,2025-07-14 01:00,UIWANG,40FT,0,0,0,0,6,2,0,0
CARRIER_C,2025-07-14 02:00,UIWANG,40FT,0,0,0,0,6,2,0,0
CARRIER_C,2025-07-14 03:00,UIWANG,40FT,0,0,0,0,6,2,0,0
CARRIER_C,2025-07-14 04:00,UIWANG,40FT,0,0,0,0,6,2,0,0
CARRIER_C,2025-07-14 05:00,UIWANG,40FT,0,0,0,0,6,2,0,0
CARRIER_C,2025-07-14 06:00,UIWANG,40FT,1,0,0,0,5,1,0,0
CARRIER_C,2025-07-14 07:00,UIWANG,40FT,0,0,0,0,5,1,0,0
CARRIER_C,2025-07-14 08:00,UIWANG,40FT,0,0,0,0,5,1,0,0
CARRIER_C,2025-07-14 09:00,UIWANG,40FT,0,0,0,0,5,1,0,0
CARRIER_C,2025-07-14 10:00,UIWANG,40FT,0,0,0,0,5,1,0,0
CARRIER_C,2025-07-14 11:00,UIWANG,40FT,0,0,0,0,5,1,0,0
CARRIER_C,2025-07-14 12:00,UIWANG,40FT,0,1,0,0,6,2,0,0
CARRIER_C,2025-07-14 13:00,UIWANG,40FT,0,0,0,0,6,2,0,0
CARRIER_C,2025-07-14 14:00,UIWANG,40FT,0,0,0,0,6,2,0,0
CARRIER_C,2025-07-14 15:00,UIWANG,40FT,0,1,0,0,7,3,0,0
CARRIER_C,2025-07-14 16:00,UIWANG,40FT,0,0,0,0,7,3,0,0
CARRIER_C,2025-07-14 17:00,UIWANG,40FT,0,1,0,0,8,4,0,0
CARRIER_C,2025-07-14 18:00,UIWANG,40FT,0,0,0,0,8,4,0,0
CARRIER_C,2025-07-14 19:00,UIWANG,40FT,0,0,0,0,8,4,0,0
CARRIER_C,2025-07-14 20:00,UIWANG,40FT,0,0,0,0,8,4,0,0
CARRIER_C,2025-07-14 21:00,UIWANG,40FT,0,0,0,0,8,4,0,0
CARRIER_C,2025-07-14 22:00,UIWANG,40FT,0,0,0,0,8,4,0,0
CARRIER_C,2025-07-14 23:00,UIWANG,40FT,0,0,0,0,8,4,0,0
CARRIER_C,2025-07-08 00:00,YAKMOK,20FT,0,0,0,0,2,2,0,0
CARRIER_C,2025-07-08 01:00,YAKMOK,20FT,0,0,0,0,2,2,0,0
CARRIER_C,2025-07-08 02:00,YAKMOK,20FT,0,0,0,0,2,2,0,0
CARRIER_C,2025-07-08 03:00,YAKMOK,20FT,0,0,0,0,2,2,0,0
CARRIER_C,2025-07-08 04:00,YAKMOK,20FT,0,0,0,0,2,2,0,0
CARRIER_C,2025-07-08 05:00,YAKMOK,20FT,0,0,0,0,2,2,0,0
CARRIER_C,2025-07-08 06:00,YAKMOK,20FT,0,0,0,0,2,2,0,0
CARRIER_C,2025-07-08 07:00,YAKMOK,20FT,0,0,0,0,2,2,0,0
CARRIER_C,2025-07-08 08:00,YAKMOK,20FT,0,0,0,0,2,2,0,0
CARRIER_C,2025-07-08 09:00,YAKMOK,20FT,0,0,0,0,2,2,0,0
CARRIER_C,2025-07-08 10:00,YAKMOK,20FT,0,0,0,0,2,2,0,0
CARRIER_C,2025-07-08 11:00,YAKMOK,20FT,0,0,0,0,2,2,0,0
CARRIER_C,2025-07-08 12:00,YAKMOK,20FT,0,0,0,0,2,2,0,0
CARRIER_C,2025-07-08 13:00,YAKMOK,20FT,0,0,0,0,2,2,0,0
CARRIER_C,2025-07-08 14:00,YAKMOK,20FT,0,0,0,0,2,2,0,0
CARRIER_C,2025-07-08 15:00,YAKMOK,20FT,0,0,0,0,2,2,0,0
CARRIER_C,2025-07-08 16:00,YAKMOK,20FT,0,0,0,0,2,2,0,0
CARRIER_C,2025-07-08 17:00,YAKMOK,20FT,0,0,0,0,2,2,0,0
CARRIER_C,2025-07-08 18:00,YAKMOK,20FT,0,0,0,0,2,2,0,0
CARRIER_C,2025-07-08 19:00,YAKMOK,20FT,0,0,0,0,2,2,0,0
CARRIER_C,2025-07-08 20:00,YAKMOK,20FT,0,0,0,0,2,2,0,0
CARRIER_C,2025-07-08 21:00,YAKMOK,20FT,0,0,0,0,2,2,0,0
CARRIER_C,2025-07-08 22:00,YAKMOK,20FT,0,0,0,0,2,2,0,0
CARRIER_C,2025-07-08 23:00,YAKMOK,20FT,0,0,0,0,2,2,0,0
CARRIER_C,2025-07-09 00:00,YAKMOK,20FT,0,0,0,0,2,2,0,0
CARRIER_C,2025-07-09 01:00,YAKMOK,20FT,0,0,0,0,2,2,0,0
CARRIER_C,2025-07-09 02:00,YAKMOK,20FT,0,0,0,0,2,2,0,0
CARRIER_C,2025-07-09 03:00,YAKMOK,20FT,0,0,0,0,2,2,0,0
CARRIER_C,2025-07-09 04:00,YAKMOK,20FT,0,0,0,0,2,2,0,0
CARRIER_C,2025-07-09 05:00,YAKMOK,20FT,0,0,0,0,2,2,0,0
CARRIER_C,2025-07-09 06:00,YAKMOK,20FT,1,0,0,0,1,1,0,0
CARRIER_C,2025-07-09 07:00,YAKMOK,20FT,0,0,0,0,1,1,0,0
CARRIER_C,2025-07-09 08:00,YAKMOK,20FT,0,0,0,0,1,1,0,0
CARRIER_C,2025-07-09 09:00,YAKMOK,20FT,0,0,0,0,1,1,0,0
CARRIER_C,2025-07-09 10:00,YAKMOK,20FT,0,0,0,0,1,1,0,0
CARRIER_C,2025-07-09 11:00,YAKMOK,20FT,0,0,0,0,1,1,0,0
CARRIER_C,2025-07-09 12:00,YAKMOK,20FT,0,0,0,0,1,1,0,0
CARRIER_C,2025-07-09 13:00,YAKMOK,20FT,0,0,0,0,1,1,0,0
CARRIER_C,2025-07-09 14:00,YAKMOK,20FT,0,0,0,0,1,1,0,0
CARRIER_C,2025-07-09 15:00,YAKMOK,20FT,0,0,0,0,1,1,0,0
CARRIER_C,2025-07-09 16:00,YAKMOK,20FT,0,0,0,0,1,1,0,0
CARRIER_C,2025-07-09 17:00,YAKMOK,20FT,0,0,0,0,1,1,0,0
CARRIER_C,2025-07-09 18:00,YAKMOK,20FT,0,0,0,0,1,1,0,0
CARRIER_C,2025-07-09 19:00,YAKMOK,20FT,0,0,0,0,1,1,0,0
CARRIER_C,2025-07-09 20:00,YAKMOK,20FT,0,0,0,0,1,1,0,0
CARRIER_C,2025-07-09 21:00,YAKMOK,20FT,0,0,0,0,1,1,0,0
CARRIER_C,2025-07-09 22:00,YAKMOK,20FT,0,0,0,0,1,1,0,0
CARRIER_C,2025-07-09 23:00,YAKMOK,20FT,0,0,0,0,1,1,0,0
CARRIER_C,2025-07-10 00:00,YAKMOK,20FT,0,0,0,0,1,1,0,0
CARRIER_C,2025-07-10 01:00,YAKMOK,20FT,0,0,0,0,1,1,0,0
CARRIER_C,2025-07-10 02:00,YAKMOK,20FT,0,0,0,0,1,1,0,0
CARRIER_C,2025-07-10 03:00,YAKMOK,20FT,0,0,0,0,1,1,0,0
CARRIER_C,2025-07-10 04:00,YAKMOK,20FT,0,0,0,0,1,1,0,0
CARRIER_C,2025-07-10 05:00,YAKMOK,20FT,0,0,0,0,1,1,0,0
CARRIER_C,2025-07-10 06:00,YAKMOK,20FT,0,0,0,0,1,1,0,0
CARRIER_C,2025-07-10 07:00,YAKMOK,20FT,0,0,0,0,1,1,0,0
CARRIER_C,2025-07-10 08:00,YAKMOK,20FT,0,1,0,0,2,2,0,0
CARRIER_C,2025-07-10 09:00,YAKMOK,20FT,0,0,0,0,2,2,0,0
CARRIER_C,2025-07-10 10:00,YAKMOK,20FT,0,0,0,0,2,2,0,0
CARRIER_C,2025-07-10 11:00,YAKMOK,20FT,2,0,0,0,0,0,0,0
CARRIER_C,2025-07-10 12:00,YAKMOK,20FT,0,0,0,0,0,0,0,0
CARRIER_C,2025-07-10 13:00,YAKMOK,20FT,0,0,0,0,0,0,0,0
CARRIER_C,2025-07-10 14:00,YAKMOK,20FT,0,0,0,0,0,0,0,0
CARRIER_C,2025-07-10 15:00,YAKMOK,20FT,0,0,0,0,0,0,0,0
CARRIER_C,2025-07-10 16:00,YAKMOK,20FT,0,0,0,0,0,0,0,0
CARRIER_C,2025-07-10 17:00,YAKMOK,20FT,0,1,0,0,1,1,0,0
CARRIER_C,2025-07-10 18:00,YAKMOK,20FT,0,0,0,0,1,1,0,0
CARRIER_C,2025-07-10 19:00,YAKMOK,20FT,0,0,0,0,1,1,0,0
CARRIER_C,2025-07-10 20:00,YAKMOK,20FT,0,1,0,0,2,2,0,0
CARRIER_C,2025-07-10 21:00,YAKMOK,20FT,0,0,0,0,2,2,0,0
CARRIER_C,2025-07-10 22:00,YAKMOK,20FT,0,0,0,0,2,2,0,0
CARRIER_C,2025-07-10 23:00,YAKMOK,20FT,0,0,0,0,2,2,0,0
CARRIER_C,2025-07-11 00:00,YAKMOK,20FT,0,0,0,0,2,2,0,0
CARRIER_C,2025-07-11 01:00,YAKMOK,20FT,0,0,0,0,2,2,0,0
CARRIER_C,2025-07-11 02:00,YAKMOK,20FT,0,0,0,0,2,2,0,0
CARRIER_C,2025-07-11 03:00,YAKMOK,20FT,0,0,0,0,2,2,0,0
CARRIER_C,2025-07-11 04:00,YAKMOK,20FT,0,0,0,0,2,2,0,0
CARRIER_C,2025-07-11 05:00,YAKMOK,20FT,0,0,0,0,2,2,0,0
CARRIER_C,2025-07-11 06:00,YAKMOK,20FT,0,0,0,0,2,2,0,0
CARRIER_C,2025-07-11 07:00,YAKMOK,20FT,0,0,0,0,2,2,0,0
CARRIER_C,2025-07-11 08:00,YAKMOK,20FT,0,0,0,0,2,2,0,0
CARRIER_C,2025-07-11 09:00,YAKMOK,20FT,0,0,0,0,2,2,0,0
CARRIER_C,2025-07-11 10:00,YAKMOK,20FT,0,0,0,0,2,2,0,0
CARRIER_C,2025-07-11 11:00,YAKMOK,20FT,1,0,0,0,1,1,0,0
CARRIER_C,2025-07-11 12:00,YAKMOK,20FT,0,0,0,0,1,1,0,0
CARRIER_C,2025-07-11 13:00,YAKMOK,20FT,0,0,0,0,1,1,0,0
CARRIER_C,2025-07-11 14:00,YAKMOK,20FT,0,0,0,0,1,1,0,0
CARRIER_C,2025-07-11 15:00,YAKMOK,20FT,0,0,0,0,1,1,0,0
CARRIER_C,2025-07-11 16:00,YAKMOK,20FT,0,0,0,0,1,1,0,0
CARRIER_C,2025-07-11 17:00,YAKMOK,20FT,0,0,0,0,1,1,0,0
CARRIER_C,2025-07-11 18:00,YAKMOK,20FT,0,0,0,0,1,1,0,0
CARRIER_C,2025-07-11 19:00,YAKMOK,20FT,0,0,0,0,1,1,0,0
CARRIER_C,2025-07-11 20:00,YAKMOK,20FT,0,0,0,0,1,1,0,0
CARRIER_C,2025-07-11 21:00,YAKMOK,20FT,0,0,0,0,1,1,0,0
CARRIER_C,2025-07-11 22:00,YAKMOK,20FT,0,0,0,0,1,1,0,0
CARRIER_C,2025-07-11 23:00,YAKMOK,20FT,0,0,0,0,1,1,0,0
CARRIER_C,2025-07-12 00:00,YAKMOK,20FT,0,0,0,0,1,1,0,0
CARRIER_C,2025-07-12 01:00,YAKMOK,20FT,0,0,0,0,1,1,0,0
CARRIER_C,2025-07-12 02:00,YAKMOK,20FT,0,0,0,0,1,1,0,0
CARRIER_C,2025-07-12 03:00,YAKMOK,20FT,0,0,0,0,1,1,0,0
CARRIER_C,2025-07-12 04:00,YAKMOK,20FT,0,0,0,0,1,1,0,0
CARRIER_C,2025-07-12 05:00,YAKMOK,20FT,0,0,0,0,1,1,0,0
CARRIER_C,2025-07-12 06:00,YAKMOK,20FT,0,0,0,0,1,1,0,0
CARRIER_C,2025-07-12 07:00,YAKMOK,20FT,0,0,0,0,1,1,0,0
CARRIER_C,2025-07-12 08:00,YAKMOK,20FT,0,0,0,0,1,1,0,0
CARRIER_C,2025-07-12 09:00,YAKMOK,20FT,0,0,0,0,1,1,0,0
CARRIER_C,2025-07-12 10:00,YAKMOK,20FT,0,0,0,0,1,1,0,0
CARRIER_C,2025-07-12 11:00,YAKMOK,20FT,0,0,0,0,1,1,0,0
CARRIER_C,2025-07-12 12:00,YAKMOK,20FT,0,0,0,0,1,1,0,0
CARRIER_C,2025-07-12 13:00,YAKMOK,20FT,0,0,0,0,1,1,0,0
CARRIER_C,2025-07-12 14:00,YAKMOK,20FT,0,0,0,0,1,1,0,0
CARRIER_C,2025-07-12 15:00,YAKMOK,20FT,0,0,0,0,1,1,0,0
CARRIER_C,2025-07-12 16:00,YAKMOK,20FT,0,0,0,0,1,1,0,0
CARRIER_C,2025-07-12 17:00,YAKMOK,20FT,0,0,0,0,1,1,0,0
CARRIER_C,2025-07-12 18:00,YAKMOK,20FT,0,0,0,0,1,1,0,0
CARRIER_C,2025-07-12 19:00,YAKMOK,20FT,0,0,0,0,1,1,0,0
CARRIER_C,2025-07-12 20:00,YAKMOK,20FT,0,0,0,0,1,1,0,0
CARRIER_C,2025-07-12 21:00,YAKMOK,20FT,0,0,0,0,1,1,0,0
CARRIER_C,2025-07-12 22:00,YAKMOK,20FT,0,0,0,0,1,1,0,0
CARRIER_C,2025-07-12 23:00,YAKMOK,20FT,0,0,0,0,1,1,0,0
CARRIER_C,2025-07-13 00:00,YAKMOK,20FT,0,0,0,0,1,1,0,0
CARRIER_C,2025-07-13 01:00,YAKMOK,20FT,0,0,0,0,1,1,0,0
CARRIER_C,2025-07-13 02:00,YAKMOK,20FT,0,0,0,0,1,1,0,0
CARRIER_C,2025-07-13 03:00,YAKMOK,20FT,0,0,0,0,1,1,0,0
CARRIER_C,2025-07-13 04:00,YAKMOK,20FT,0,0,0,0,1,1,0,0
CARRIER_C,2025-07-13 05:00,YAKMOK,20FT,0,0,0,0,1,1,0,0
CARRIER_C,2025-07-13 06:00,YAKMOK,20FT,0,0,0,0,1,1,0,0
CARRIER_C,2025-07-13 07:00,YAKMOK,20FT,0,0,0,0,1,1,0,0
CARRIER_C,2025-07-13 08:00,YAKMOK,20FT,0,0,0,0,1,1,0,0
CARRIER_C,2025-07-13 09:00,YAKMOK,20FT,0,0,0,0,1,1,0,0
CARRIER_C,2025-07-13 10:00,YAKMOK,20FT,0,0,0,0,1,1,0,0
CARRIER_C,2025-07-13 11:00,YAKMOK,20FT,0,1,0,0,2,2,0,0
CARRIER_C,2025-07-13 12:00,YAKMOK,20FT,0,0,0,0,2,2,0,0
CARRIER_C,2025-07-13 13:00,YAKMOK,20FT,0,0,0,0,2,2,0,0
CARRIER_C,2025-07-13 14:00,YAKMOK,20FT,0,0,0,0,2,2,0,0
CARRIER_C,2025-07-13 15:00,YAKMOK,20FT,0,1,0,0,3,3,0,0
CARRIER_C,2025-07-13 16:00,YAKMOK,20FT,0,0,0,0,3,3,0,0
CARRIER_C,2025-07-13 17:00,YAKMOK,20FT,0,0,0,0,3,3,0,0
CARRIER_C,2025-07-13 18:00,YAKMOK,20FT,0,0,0,0,3,3,0,0
CARRIER_C,2025-07-13 19:00,YAKMOK,20FT,0,0,0,0,3,3,0,0
CARRIER_C,2025-07-13 20:00,YAKMOK,20FT,0,0,0,0,3,3,0,0
CARRIER_C,2025-07-13 21:00,YAKMOK,20FT,0,0,0,0,3,3,0,0
CARRIER_C,2025-07-13 22:00,YAKMOK,20FT,0,0,0,0,3,3,0,0
CARRIER_C,2025-07-13 23:00,YAKMOK,20FT,0,0,0,0,3,3,0,0
CARRIER_C,2025-07-14 00:00,YAKMOK,20FT,0,0,0,0,3,3,0,0
CARRIER_C,2025-07-14 01:00,YAKMOK,20FT,0,0,0,0,3,3,0,0
CARRIER_C,2025-07-14 02:00,YAKMOK,20FT,0,0,0,0,3,3,0,0
CARRIER_C,2025-07-14 03:00,YAKMOK,20FT,0,0,0,0,3,3,0,0
CARRIER_C,2025-07-14 04:00,YAKMOK,20FT,0,0,0,0,3,3,0,0
CARRIER_C,2025-07-14 05:00,YAKMOK,20FT,0,0,0,0,3,3,0,0
CARRIER_C,2025-07-14 06:00,YAKMOK,20FT,0,0,0,0,3,3,0,0
CARRIER_C,2025-07-14 07:00,YAKMOK,20FT,0,0,0,0,3,3,0,0
CARRIER_C,2025-07-14 08:00,YAKMOK,20FT,0,1,0,0,4,4,0,0
CARRIER_C,2025-07-14 09:00,YAKMOK,20FT,0,0,0,0,4,4,0,0
CARRIER_C,2025-07-14 10:00,YAKMOK,20FT,0,0,0,0,4,4,0,0
CARRIER_C,2025-07-14 11:00,YAKMOK,20FT,0,0,0,0,4,4,0,0
CARRIER_C,2025-07-14 12:00,YAKMOK,20FT,0,0,0,0,4,4,0,0
CARRIER_C,2025-07-14 13:00,YAKMOK,20FT,1,1,0,0,4,4,0,0
CARRIER_C,2025-07-14 14:00,YAKMOK,20FT,0,0,0,0,4,4,0,0
CARRIER_C,2025-07-14 15:00,YAKMOK,20FT,0,0,0,0,4,4,0,0
CARRIER_C,2025-07-14 16:00,YAKMOK,20FT,0,0,0,0,4,4,0,0
CARRIER_C,2025-07-14 17:00,YAKMOK,20FT,0,0,0,0,4,4,0,0
CARRIER_C,2025-07-14 18:00,YAKMOK,20FT,0,0,0,0,4,4,0,0
CARRIER_C,2025-07-14 19:00,YAKMOK,20FT,0,0,0,0,4,4,0,0
CARRIER_C,2025-07-14 20:00,YAKMOK,20FT,0,0,0,0,4,4,0,0
CARRIER_C,2025-07-14 21:00,YAKMOK,20FT,0,0,0,0,4,4,0,0
CARRIER_C,2025-07-14 22:00,YAKMOK,20FT,0,0,0,0,4,4,0,0
CARRIER_C,2025-07-14 23:00,YAKMOK,20FT,0,0,0,0,4,4,0,0
CARRIER_C,2025-07-08 00:00,YAKMOK,40FT,0,0,0,0,3,3,0,0
CARRIER_C,2025-07-08 01:00,YAKMOK,40FT,0,0,0,0,3,3,0,0
CARRIER_C,2025-07-08 02:00,YAKMOK,40FT,0,0,0,0,3,3,0,0
CARRIER_C,2025-07-08 03:00,YAKMOK,40FT,0,0,0,0,3,3,0,0
CARRIER_C,2025-07-08 04:00,YAKMOK,40FT,0,0,0,0,3,3,0,0
CARRIER_C,2025-07-08 05:00,YAKMOK,40FT,0,0,0,0,3,3,0,0
CARRIER_C,2025-07-08 06:00,YAKMOK,40FT,0,0,0,0,3,3,0,0
CARRIER_C,2025-07-08 07:00,YAKMOK,40FT,0,0,0,0,3,3,0,0
CARRIER_C,2025-07-08 08:00,YAKMOK,40FT,0,0,0,0,3,3,0,0
CARRIER_C,2025-07-08 09:00,YAKMOK,40FT,0,0,0,0,3,3,0,0
CARRIER_C,2025-07-08 10:00,YAKMOK,40FT,0,0,0,0,3,3,0,0
CARRIER_C,2025-07-08 11:00,YAKMOK,40FT,0,0,0,0,3,3,0,0
CARRIER_C,2025-07-08 12:00,YAKMOK,40FT,2,0,0,0,1,1,0,0
CARRIER_C,2025-07-08 13:00,YAKMOK,40FT,0,0,0,0,1,1,0,0
CARRIER_C,2025-07-08 14:00,YAKMOK,40FT,0,0,0,0,1,1,0,0
CARRIER_C,2025-07-08 15:00,YAKMOK,40FT,0,0,0,0,1,1,0,0
CARRIER_C,2025-07-08 16:00,YAKMOK,40FT,0,0,0,0,1,1,0,0
CARRIER_C,2025-07-08 17:00,YAKMOK,40FT,0,0,0,0,1,1,0,0
CARRIER_C,2025-07-08 18:00,YAKMOK,40FT,0,0,0,0,1,1,0,0
CARRIER_C,2025-07-08 19:00,YAKMOK,40FT,0,0,0,0,1,1,0,0
CARRIER_C,2025-07-08 20:00,YAKMOK,40FT,0,0,0,0,1,1,0,0
CARRIER_C,2025-07-08 21:00,YAKMOK,40FT,0,0,0,0,1,1,0,0
CARRIER_C,2025-07-08 22:00,YAKMOK,40FT,0,0,0,0,1,1,0,0
CARRIER_C,2025-07-08 23:00,YAKMOK,40FT,0,0,0,0,1,1,0,0
CARRIER_C,2025-07-09 00:00,YAKMOK,40FT,0,0,0,0,1,1,0,0
CARRIER_C,2025-07-09 01:00,YAKMOK,40FT,0,0,0,0,1,1,0,0
CARRIER_C,2025-07-09 02:00,YAKMOK,40FT,0,0,0,0,1,1,0,0
CARRIER_C,2025-07-09 03:00,YAKMOK,40FT,0,0,0,0,1,1,0,0
CARRIER_C,2025-07-09 04:00,YAKMOK,40FT,0,0,4,0,1,5,0,0
CARRIER_C,2025-07-09 05:00,YAKMOK,40FT,0,0,0,0,1,5,0,0
CARRIER_C,2025-07-09 06:00,YAKMOK,40FT,0,0,0,0,1,5,0,0
CARRIER_C,2025-07-09 07:00,YAKMOK,40FT,0,0,0,0,1,5,0,0
CARRIER_C,2025-07-09 08:00,YAKMOK,40FT,1,0,0,0,0,4,0,0
CARRIER_C,2025-07-09 09:00,YAKMOK,40FT,1,0,0,0,0,3,1,0
CARRIER_C,2025-07-09 10:00,YAKMOK,40FT,0,0,0,0,0,3,0,0
CARRIER_C,2025-07-09 11:00,YAKMOK,40FT,0,0,0,0,0,3,0,0
CARRIER_C,2025-07-09 12:00,YAKMOK,40FT,0,0,0,0,0,3,0,0
CARRIER_C,2025-07-09 13:00,YAKMOK,40FT,0,0,0,0,0,3,0,0
CARRIER_C,2025-07-09 14:00,YAKMOK,40FT,0,0,0,0,0,3,0,0
CARRIER_C,2025-07-09 15:00,YAKMOK,40FT,1,0,0,0,0,2,1,0
CARRIER_C,2025-07-09 16:00,YAKMOK,40FT,0,0,0,0,0,2,0,0
CARRIER_C,2025-07-09 17:00,YAKMOK,40FT,1,0,0,0,0,1,1,0
CARRIER_C,2025-07-09 18:00,YAKMOK,40FT,1,0,0,0,0,0,1,0
CARRIER_C,2025-07-09 19:00,YAKMOK,40FT,0,0,0,0,0,0,0,0
CARRIER_C,2025-07-09 20:00,YAKMOK,40FT,0,0,0,0,0,0,0,0
CARRIER_C,2025-07-09 21:00,YAKMOK,40FT,0,0,0,0,0,0,0,0
CARRIER_C,2025-07-09 22:00,YAKMOK,40FT,0,0,0,0,0,0,0,0
CARRIER_C,2025-07-09 23:00,YAKMOK,40FT,0,0,0,0,0,0,0,0
CARRIER_C,2025-07-10 00:00,YAKMOK,40FT,0,0,0,0,0,0,0,0
CARRIER_C,2025-07-10 01:00,YAKMOK,40FT,0,0,0,0,0,0,0,0
CARRIER_C,2025-07-10 02:00,YAKMOK,40FT,0,0,0,0,0,0,0,0
CARRIER_C,2025-07-10 03:00,YAKMOK,40FT,0,0,0,0,0,0,0,0
CARRIER_C,2025-07-10 04:00,YAKMOK,40FT,0,0,0,0,0,0,0,0
CARRIER_C,2025-07-10 05:00,YAKMOK,40FT,0,0,0,0,0,0,0,0
CARRIER_C,2025-07-10 06:00,YAKMOK,40FT,0,0,0,0,0,0,0,0
CARRIER_C,2025-07-10 07:00,YAKMOK,40FT,0,0,0,0,0,0,0,0
CARRIER_C,2025-07-10 08:00,YAKMOK,40FT,0,0,0,0,0,0,0,0
CARRIER_C,2025-07-10 09:00,YAKMOK,40FT,0,0,0,0,0,0,0,0
CARRIER_C,2025-07-10 10:00,YAKMOK,40FT,0,0,0,0,0,0,0,0
CARRIER_C,2025-07-10 11:00,YAKMOK,40FT,0,1,0,0,1,1,0,0
CARRIER_C,2025-07-10 12:00,YAKMOK,40FT,0,0,0,0,1,1,0,0
CARRIER_C,2025-07-10 13:00,YAKMOK,40FT,0,0,0,0,1,1,0,0
CARRIER_C,2025-07-10 14:00,YAKMOK,40FT,0,1,0,0,2,2,0,0
CARRIER_C,2025-07-10 15:00,YAKMOK,40FT,0,0,0,0,2,2,0,0
CARRIER_C,2025-07-10 16:00,YAKMOK,40FT,0,0,0,0,2,2,0,0
CARRIER_C,2025-07-10 17:00,YAKMOK,40FT,0,0,0,0,2,2,0,0
CARRIER_C,2025-07-10 18:00,YAKMOK,40FT,0,0,0,0,2,2,0,0
CARRIER_C,2025-07-10 19:00,YAKMOK,40FT,0,0,0,0,2,2,0,0
CARRIER_C,2025-07-10 20:00,YAKMOK,40FT,0,0,0,0,2,2,0,0
CARRIER_C,2025-07-10 21:00,YAKMOK,40FT,0,0,0,0,2,2,0,0
CARRIER_C,2025-07-10 22:00,YAKMOK,40FT,0,0,0,0,2,2,0,0
CARRIER_C,2025-07-10 23:00,YAKMOK,40FT,0,0,0,0,2,2,0,0
CARRIER_C,2025-07-11 00:00,YAKMOK,40FT,0,0,0,0,2,2,0,0
CARRIER_C,2025-07-11 01:00,YAKMOK,40FT,0,0,0,0,2,2,0,0
CARRIER_C,2025-07-11 02:00,YAKMOK,40FT,0,0,0,0,2,2,0,0
CARRIER_C,2025-07-11 03:00,YAKMOK,40FT,0,0,0,0,2,2,0,0
CARRIER_C,2025-07-11 04:00,YAKMOK,40FT,0,0,0,0,2,2,0,0
CARRIER_C,2025-07-11 05:00,YAKMOK,40FT,0,0,0,0,2,2,0,0
CARRIER_C,2025-07-11 06:00,YAKMOK,40FT,0,0,0,0,2,2,0,0
CARRIER_C,2025-07-11 07:00,YAKMOK,40FT,0,0,0,0,2,2,0,0
CARRIER_C,2025-07-11 08:00,YAKMOK,40FT,0,0,0,0,2,2,0,0
CARRIER_C,2025-07-11 09:00,YAKMOK,40FT,0,0,0,0,2,2,0,0
CARRIER_C,2025-07-11 10:00,YAKMOK,40FT,0,0,0,0,2,2,0,0
CARRIER_C,2025-07-11 11:00,YAKMOK,40FT,0,0,0,0,2,2,0,0
CARRIER_C,2025-07-11 12:00,YAKMOK,40FT,0,0,0,0,2,2,0,0
CARRIER_C,2025-07-11 13:00,YAKMOK,40FT,0,0,0,0,2,2,0,0
CARRIER_C,2025-07-11 14:00,YAKMOK,40FT,0,0,0,0,2,2,0,0
CARRIER_C,2025-07-11 15:00,YAKMOK,40FT,0,0,0,0,2,2,0,0
CARRIER_C,2025-07-11 16:00,YAKMOK,40FT,0,0,0,0,2,2,0,0
CARRIER_C,2025-07-11 17:00,YAKMOK,40FT,0,0,0,0,2,2,0,0
CARRIER_C,2025-07-11 18:00,YAKMOK,40FT,1,0,0,0,1,1,0,0
CARRIER_C,2025-07-11 19:00,YAKMOK,40FT,0,0,0,0,1,1,0,0
CARRIER_C,2025-07-11 20:00,YAKMOK,40FT,0,0,0,0,1,1,0,0
CARRIER_C,2025-07-11 21:00,YAKMOK,40FT,0,0,0,0,1,1,0,0
CARRIER_C,2025-07-11 22:00,YAKMOK,40FT,0,0,0,0,1,1,0,0
CARRIER_C,2025-07-11 23:00,YAKMOK,40FT,0,0,0,0,1,1,0,0
CARRIER_C,2025-07-12 00:00,YAKMOK,40FT,0,0,0,0,1,1,0,0
CARRIER_C,2025-07-12 01:00,YAKMOK,40FT,0,0,0,0,1,1,0,0
CARRIER_C,2025-07-12 02:00,YAKMOK,40FT,0,0,0,0,1,1,0,0
CARRIER_C,2025-07-12 03:00,YAKMOK,40FT,0,0,0,0,1,1,0,0
CARRIER_C,2025-07-12 04:00,YAKMOK,40FT,0,0,0,0,1,1,0,0
CARRIER_C,2025-07-12 05:00,YAKMOK,40FT,0,0,0,0,1,1,0,0
CARRIER_C,2025-07-12 06:00,YAKMOK,40FT,0,0,0,0,1,1,0,0
CARRIER_C,2025-07-12 07:00,YAKMOK,40FT,0,0,0,0,1,1,0,0
CARRIER_C,2025-07-12 08:00,YAKMOK,40FT,0,0,0,0,1,1,0,0
CARRIER_C,2025-07-12 09:00,YAKMOK,40FT,0,0,0,0,1,1,0,0
CARRIER_C,2025-07-12 10:00,YAKMOK,40FT,0,0,0,0,1,1,0,0
CARRIER_C,2025-07-12 11:00,YAKMOK,40FT,0,0,0,0,1,1,0,0
CARRIER_C,2025-07-12 12:00,YAKMOK,40FT,0,0,0,0,1,1,0,0
CARRIER_C,2025-07-12 13:00,YAKMOK,40FT,0,0,0,0,1,1,0,0
CARRIER_C,2025-07-12 14:00,YAKMOK,40FT,0,0,0,0,1,1,0,0
CARRIER_C,2025-07-12 15:00,YAKMOK,40FT,0,0,0,0,1,1,0,0
CARRIER_C,2025-07-12 16:00,YAKMOK,40FT,0,0,0,0,1,1,0,0
CARRIER_C,2025-07-12 17:00,YAKMOK,40FT,0,0,0,0,1,1,0,0
CARRIER_C,2025-07-12 18:00,YAKMOK,40FT,0,1,0,0,2,2,0,0
CARRIER_C,2025-07-12 19:00,YAKMOK,40FT,0,0,0,0,2,2,0,0
CARRIER_C,2025-07-12 20:00,YAKMOK,40FT,0,0,0,0,2,2,0,0
CARRIER_C,2025-07-12 21:00,YAKMOK,40FT,0,0,0,0,2,2,0,0
CARRIER_C,2025-07-12 22:00,YAKMOK,40FT,0,0,0,0,2,2,0,0
CARRIER_C,2025-07-12 23:00,YAKMOK,40FT,0,0,0,0,2,2,0,0
CARRIER_C,2025-07-13 00:00,YAKMOK,40FT,0,0,0,0,2,2,0,0
CARRIER_C,2025-07-13 01:00,YAKMOK,40FT,0,0,0,0,2,2,0,0
CARRIER_C,2025-07-13 02:00,YAKMOK,40FT,0,0,0,0,2,2,0,0
CARRIER_C,2025-07-13 03:00,YAKMOK,40FT,0,0,0,0,2,2,0,0
CARRIER_C,2025-07-13 04:00,YAKMOK,40FT,0,0,0,0,2,2,0,0
CARRIER_C,2025-07-13 05:00,YAKMOK,40FT,0,0,0,0,2,2,0,0
CARRIER_C,2025-07-13 06:00,YAKMOK,40FT,0,0,0,0,2,2,0,0
CARRIER_C,2025-07-13 07:00,YAKMOK,40FT,0,0,0,0,2,2,0,0
CARRIER_C,2025-07-13 08:00,YAKMOK,40FT,0,0,0,0,2,2,0,0
CARRIER_C,2025-07-13 09:00,YAKMOK,40FT,0,0,0,0,2,2,0,0
CARRIER_C,2025-07-13 10:00,YAKMOK,40FT,0,0,0,0,2,2,0,0
CARRIER_C,2025-07-13 11:00,YAKMOK,40FT,0,0,0,0,2,2,0,0
CARRIER_C,2025-07-13 12:00,YAKMOK,40FT,0,0,0,0,2,2,0,0
CARRIER_C,2025-07-13 13:00,YAKMOK,40FT,0,0,0,0,2,2,0,0
CARRIER_C,2025-07-13 14:00,YAKMOK,40FT,0,1,0,0,3,3,0,0
CARRIER_C,2025-07-13 15:00,YAKMOK,40FT,0,0,0,0,3,3,0,0
CARRIER_C,2025-07-13 16:00,YAKMOK,40FT,0,0,0,0,3,3,0,0
CARRIER_C,2025-07-13 17:00,YAKMOK,40FT,0,0,0,0,3,3,0,0
CARRIER_C,2025-07-13 18:00,YAKMOK,40FT,0,0,0,0,3,3,0,0
CARRIER_C,2025-07-13 19:00,YAKMOK,40FT,0,0,0,0,3,3,0,0
CARRIER_C,2025-07-13 20:00,YAKMOK,40FT,0,0,0,0,3,3,0,0
CARRIER_C,2025-07-13 21:00,YAKMOK,40FT,0,0,0,0,3,3,0,0
CARRIER_C,2025-07-13 22:00,YAKMOK,40FT,0,0,0,0,3,3,0,0
CARRIER_C,2025-07-13 23:00,YAKMOK,40FT,0,0,0,0,3,3,0,0
CARRIER_C,2025-07-14 00:00,YAKMOK,40FT,0,0,0,0,3,3,0,0
CARRIER_C,2025-07-14 01:00,YAKMOK,40FT,0,0,0,0,3,3,0,0
CARRIER_C,2025-07-14 02:00,YAKMOK,40FT,0,0,0,0,3,3,0,0
CARRIER_C,2025-07-14 03:00,YAKMOK,40FT,0,0,0,0,3,3,0,0
CARRIER_C,2025-07-14 04:00,YAKMOK,40FT,0,0,0,0,3,3,0,0
CARRIER_C,2025-07-14 05:00,YAKMOK,40FT,0,0,0,0,3,3,0,0
CARRIER_C,2025-07-14 06:00,YAKMOK,40FT,0,0,0,0,3,3,0,0
CARRIER_C,2025-07-14 07:00,YAKMOK,40FT,0,0,0,0,3,3,0,0
CARRIER_C,2025-07-14 08:00,YAKMOK,40FT,0,0,0,0,3,3,0,0
CARRIER_C,2025-07-14 09:00,YAKMOK,40FT,0,0,0,0,3,3,0,0
CARRIER_C,2025-07-14 10:00,YAKMOK,40FT,0,0,0,0,3,3,0,0
CARRIER_C,2025-07-14 11:00,YAKMOK,40FT,0,1,0,0,4,4,0,0
CARRIER_C,2025-07-14 12:00,YAKMOK,40FT,0,0,0,0,4,4,0,0
CARRIER_C,2025-07-14 13:00,YAKMOK,40FT,0,0,0,0,4,4,0,0
CARRIER_C,2025-07-14 14:00,YAKMOK,40FT,0,1,0,0,5,5,0,0
CARRIER_C,2025-07-14 15:00,YAKMOK,40FT,0,0,0,0,5,5,0,0
CARRIER_C,2025-07-14 16:00,YAKMOK,40FT,0,0,0,0,5,5,0,0
CARRIER_C,2025-07-14 17:00,YAKMOK,40FT,0,0,0,0,5,5,0,0
CARRIER_C,2025-07-14 18:00,YAKMOK,40FT,0,0,0,0,5,5,0,0
CARRIER_C,2025-07-14 19:00,YAKMOK,40FT,0,0,0,0,5,5,0,0
CARRIER_C,2025-07-14 20:00,YAKMOK,40FT,0,0,0,0,5,5,0,0
CARRIER_C,2025-07-14 21:00,YAKMOK,40FT,0,0,0,0,5,5,0,0
CARRIER_C,2025-07-14 22:00,YAKMOK,40FT,0,0,0,0,5,5,0,0
CARRIER_C,2025-07-14 23:00,YAKMOK,40FT,0,0,0,0,5,5,0,0
CARRIER_D,2025-07-08 00:00,BUGANG,20FT,0,0,0,0,6,6,0,0
CARRIER_D,2025-07-08 01:00,BUGANG,20FT,0,0,0,0,6,6,0,0
CARRIER_D,2025-07-08 02:00,BUGANG,20FT,0,0,0,0,6,6,0,0
CARRIER_D,2025-07-08 03:00,BUGANG,20FT,0,0,0,0,6,6,0,0
CARRIER_D,2025-07-08 04:00,BUGANG,20FT,0,0,0,0,6,6,0,0
CARRIER_D,2025-07-08 05:00,BUGANG,20FT,0,0,0,0,6,6,0,0
CARRIER_D,2025-07-08 06:00,BUGANG,20FT,0,0,0,0,6,6,0,0
CARRIER_D,2025-07-08 07:00,BUGANG,20FT,0,0,0,0,6,6,0,0
CARRIER_D,2025-07-08 08:00,BUGANG,20FT,0,0,0,0,6,6,0,0
CARRIER_D,2025-07-08 09:00,BUGANG,20FT,0,0,0,0,6,6,0,0
CARRIER_D,2025-07-08 10:00,BUGANG,20FT,0,1,0,0,7,7,0,0
CARRIER_D,2025-07-08 11:00,BUGANG,20FT,0,0,0,0,7,7,0,0
CARRIER_D,2025-07-08 12:00,BUGANG,20FT,0,0,0,0,7,7,0,0
CARRIER_D,2025-07-08 13:00,BUGANG,20FT,0,0,0,0,7,7,0,0
CARRIER_D,2025-07-08 14:00,BUGANG,20FT,0,0,0,0,7,7,0,0
CARRIER_D,2025-07-08 15:00,BUGANG,20FT,0,0,0,0,7,7,0,0
CARRIER_D,2025-07-08 16:00,BUGANG,20FT,0,0,0,0,7,7,0,0
CARRIER_D,2025-07-08 17:00,BUGANG,20FT,0,0,0,0,7,7,0,0
CARRIER_D,2025-07-08 18:00,BUGANG,20FT,0,1,0,0,8,8,0,0
CARRIER_D,2025-07-08 19:00,BUGANG,20FT,0,0,0,0,8,8,0,0
CARRIER_D,2025-07-08 20:00,BUGANG,20FT,0,0,0,0,8,8,0,0
CARRIER_D,2025-07-08 21:00,BUGANG,20FT,0,0,0,0,8,8,0,0
CARRIER_D,2025-07-08 22:00,BUGANG,20FT,0,0,0,0,8,8,0,0
CARRIER_D,2025-07-08 23:00,BUGANG,20FT,0,0,0,0,8,8,0,0
CARRIER_D,2025-07-09 00:00,BUGANG,20FT,0,0,0,0,8,8,0,0
CARRIER_D,2025-07-09 01:00,BUGANG,20FT,0,0,0,0,8,8,0,0
CARRIER_D,2025-07-09 02:00,BUGANG,20FT,0,0,0,0,8,8,0,0
CARRIER_D,2025-07-09 03:00,BUGANG,20FT,0,0,0,0,8,8,0,0
CARRIER_D,2025-07-09 04:00,BUGANG,20FT,0,0,0,0,8,8,0,0
CARRIER_D,2025-07-09 05:00,BUGANG,20FT,1,0,0,0,7,7,0,0
CARRIER_D,2025-07-09 06:00,BUGANG,20FT,0,0,0,0,7,7,0,0
CARRIER_D,2025-07-09 07:00,BUGANG,20FT,0,0,0,0,7,7,0,0
CARRIER_D,2025-07-09 08:00,BUGANG,20FT,1,0,0,0,6,6,0,0
CARRIER_D,2025-07-09 09:00,BUGANG,20FT,0,0,0,0,6,6,0,0
CARRIER_D,2025-07-09 10:00,BUGANG,20FT,1,0,0,0,5,5,0,0
CARRIER_D,2025-07-09 11:00,BUGANG,20FT,0,1,0,0,6,6,0,0
CARRIER_D,2025-07-09 12:00,BUGANG,20FT,0,0,0,0,6,6,0,0
CARRIER_D,2025-07-09 13:00,BUGANG,20FT,1,1,0,0,6,6,0,0
CARRIER_D,2025-07-09 14:00,BUGANG,20FT,0,0,0,0,6,6,0,0
CARRIER_D,2025-07-09 15:00,BUGANG,20FT,0,0,0,0,6,6,0,0
CARRIER_D,2025-07-09 16:00,BUGANG,20FT,2,0,0,0,4,4,0,0
CARRIER_D,2025-07-09 17:00,BUGANG,20FT,0,1,0,0,5,5,0,0
CARRIER_D,2025-07-09 18:00,BUGANG,20FT,0,0,0,0,5,5,0,0
CARRIER_D,2025-07-09 19:00,BUGANG,20FT,1,0,0,0,4,4,0,0
CARRIER_D,2025-07-09 20:00,BUGANG,20FT,0,0,0,0,4,4,0,0
CARRIER_D,2025-07-09 21:00,BUGANG,20FT,0,0,0,0,4,4,0,0
CARRIER_D,2025-07-09 22:00,BUGANG,20FT,0,0,0,0,4,4,0,0
CARRIER_D,2025-07-09 23:00,BUGANG,20FT,0,0,0,0,4,4,0,0
CARRIER_D,2025-07-10 00:00,BUGANG,20FT,0,0,0,0,4,4,0,0
CARRIER_D,2025-07-10 01:00,BUGANG,20FT,0,0,0,0,4,4,0,0
CARRIER_D,2025-07-10 02:00,BUGANG,20FT,0,0,0,0,4,4,0,0
CARRIER_D,2025-07-10 03:00,BUGANG,20FT,0,0,0,0,4,4,0,0
CARRIER_D,2025-07-10 04:00,BUGANG,20FT,0,0,0,0,4,4,0,0
CARRIER_D,2025-07-10 05:00,BUGANG,20FT,0,0,0,0,4,4,0,0
CARRIER_D,2025-07-10 06:00,BUGANG,20FT,0,0,0,0,4,4,0,0
CARRIER_D,2025-07-10 07:00,BUGANG,20FT,0,1,0,0,5,5,0,0
CARRIER_D,2025-07-10 08:00,BUGANG,20FT,0,0,0,0,5,5,0,0
CARRIER_D,2025-07-10 09:00,BUGANG,20FT,0,0,0,0,5,5,0,0
CARRIER_D,2025-07-10 10:00,BUGANG,20FT,0,1,0,0,6,6,0,0
CARRIER_D,2025-07-10 11:00,BUGANG,20FT,0,0,0,0,6,6,0,0
CARRIER_D,2025-07-10 12:00,BUGANG,20FT,0,0,0,0,6,6,0,0
CARRIER_D,2025-07-10 13:00,BUGANG,20FT,0,0,0,0,6,6,0,0
CARRIER_D,2025-07-10 14:00,BUGANG,20FT,1,0,0,0,5,5,0,0
CARRIER_D,2025-07-10 15:00,BUGANG,20FT,0,1,0,0,6,6,0,0
CARRIER_D,2025-07-10 16:00,BUGANG,20FT,0,0,0,0,6,6,0,0
CARRIER_D,2025-07-10 17:00,BUGANG,20FT,0,0,0,0,6,6,0,0
CARRIER_D,2025-07-10 18:00,BUGANG,20FT,0,0,0,0,6,6,0,0
CARRIER_D,2025-07-10 19:00,BUGANG,20FT,0,0,0,0,6,6,0,0
CARRIER_D,2025-07-10 20:00,BUGANG,20FT,0,0,0,0,6,6,0,0
CARRIER_D,2025-07-10 21:00,BUGANG,20FT,0,0,0,0,6,6,0,0
CARRIER_D,2025-07-10 22:00,BUGANG,20FT,0,0,0,0,6,6,0,0
CARRIER_D,2025-07-10 23:00,BUGANG,20FT,0,0,0,0,6,6,0,0
CARRIER_D,2025-07-11 00:00,BUGANG,20FT,0,0,0,0,6,6,0,0
CARRIER_D,2025-07-11 01:00,BUGANG,20FT,0,0,0,0,6,6,0,0
CARRIER_D,2025-07-11 02:00,BUGANG,20FT,0,0,0,0,6,6,0,0
CARRIER_D,2025-07-11 03:00,BUGANG,20FT,0,0,0,0,6,6,0,0
CARRIER_D,2025-07-11 04:00,BUGANG,20FT,0,0,0,0,6,6,0,0
CARRIER_D,2025-07-11 05:00,BUGANG,20FT,0,0,0,0,6,6,0,0
CARRIER_D,2025-07-11 06:00,BUGANG,20FT,0,0,0,0,6,6,0,0
CARRIER_D,2025-07-11 07:00,BUGANG,20FT,1,0,0,0,5,5,0,0
CARRIER_D,2025-07-11 08:00,BUGANG,20FT,0,2,0,0,7,7,0,0
CARRIER_D,2025-07-11 09:00,BUGANG,20FT,0,0,0,0,7,7,0,0
CARRIER_D,2025-07-11 10:00,BUGANG,20FT,0,0,0,0,7,7,0,0
CARRIER_D,2025-07-11 11:00,BUGANG,20FT,0,2,0,0,9,9,0,0
CARRIER_D,2025-07-11 12:00,BUGANG,20FT,0,0,0,0,9,9,0,0
CARRIER_D,2025-07-11 13:00,BUGANG,20FT,0,0,0,0,9,9,0,0
CARRIER_D,2025-07-11 14:00,BUGANG,20FT,0,0,0,0,9,9,0,0
CARRIER_D,2025-07-11 15:00,BUGANG,20FT,0,0,0,0,9,9,0,0
CARRIER_D,2025-07-11 16:00,BUGANG,20FT,0,0,0,0,9,9,0,0
CARRIER_D,2025-07-11 17:00,BUGANG,20FT,2,0,0,0,7,7,0,0
CARRIER_D,2025-07-11 18:00,BUGANG,20FT,0,0,0,0,7,7,0,0
CARRIER_D,2025-07-11 19:00,BUGANG,20FT,0,0,0,0,7,7,0,0
CARRIER_D,2025-07-11 20:00,BUGANG,20FT,0,0,0,1,7,6,0,0
CARRIER_D,2025-07-11 21:00,BUGANG,20FT,0,0,0,0,7,6,0,0
CARRIER_D,2025-07-11 22:00,BUGANG,20FT,0,0,0,0,7,6,0,0
CARRIER_D,2025-07-11 23:00,BUGANG,20FT,0,0,0,0,7,6,0,0
CARRIER_D,2025-07-12 00:00,BUGANG,20FT,0,0,0,0,7,6,0,0
CARRIER_D,2025-07-12 01:00,BUGANG,20FT,0,0,0,0,7,6,0,0
CARRIER_D,2025-07-12 02:00,BUGANG,20FT,0,0,0,0,7,6,0,0
CARRIER_D,2025-07-12 03:00,BUGANG,20FT,0,0,0,0,7,6,0,0
CARRIER_D,2025-07-12 04:00,BUGANG,20FT,0,0,0,0,7,6,0,0
CARRIER_D,2025-07-12 05:00,BUGANG,20FT,0,0,0,0,7,6,0,0
CARRIER_D,2025-07-12 06:00,BUGANG,20FT,0,0,0,0,7,6,0,0
CARRIER_D,2025-07-12 07:00,BUGANG,20FT,0,0,0,0,7,6,0,0
CARRIER_D,2025-07-12 08:00,BUGANG,20FT,0,0,0,0,7,6,0,0
CARRIER_D,2025-07-12 09:00,BUGANG,20FT,0,1,0,0,8,7,0,0
CARRIER_D,2025-07-12 10:00,BUGANG,20FT,0,0,0,0,8,7,0,0
CARRIER_D,2025-07-12 11:00,BUGANG,20FT,0,1,0,0,9,8,0,0
CARRIER_D,2025-07-12 12:00,BUGANG,20FT,0,0,0,0,9,8,0,0
CARRIER_D,2025-07-12 13:00,BUGANG,20FT,0,0,0,0,9,8,0,0
CARRIER_D,2025-07-12 14:00,BUGANG,20FT,0,1,0,0,10,9,0,0
CARRIER_D,2025-07-12 15:00,BUGANG,20FT,0,1,0,0,11,10,0,0
CARRIER_D,2025-07-12 16:00,BUGANG,20FT,0,0,0,0,11,10,0,0
CARRIER_D,2025-07-12 17:00,BUGANG,20FT,0,0,0,0,11,10,0,0
CARRIER_D,2025-07-12 18:00,BUGANG,20FT,0,0,0,0,11,10,0,0
CARRIER_D,2025-07-12 19:00,BUGANG,20FT,0,0,0,0,11,10,0,0
CARRIER_D,2025-07-12 20:00,BUGANG,20FT,0,0,0,0,11,10,0,0
CARRIER_D,2025-07-12 21:00,BUGANG,20FT,0,0,0,0,11,10,0,0
CARRIER_D,2025-07-12 22:00,BUGANG,20FT,0,0,0,0,11,10,0,0
CARRIER_D,2025-07-12 23:00,BUGANG,20FT,0,0,0,0,11,10,0,0
CARRIER_D,2025-07-13 00:00,BUGANG,20FT,0,0,0,0,11,10,0,0
CARRIER_D,2025-07-13 01:00,BUGANG,20FT,0,0,0,0,11,10,0,0
CARRIER_D,2025-07-13 02:00,BUGANG,20FT,0,0,0,0,11,10,0,0
CARRIER_D,2025-07-13 03:00,BUGANG,20FT,0,0,0,0,11,10,0,0
CARRIER_D,2025-07-13 04:00,BUGANG,20FT,0,0,0,0,11,10,0,0
CARRIER_D,2025-07-13 05:00,BUGANG,20FT,0,0,0,0,11,10,0,0
CARRIER_D,2025-07-13 06:00,BUGANG,20FT,0,0,0,0,11,10,0,0
CARRIER_D,2025-07-13 07:00,BUGANG,20FT,1,0,0,0,10,9,0,0
CARRIER_D,2025-07-13 08:00,BUGANG,20FT,0,0,0,0,10,9,0,0
CARRIER_D,2025-07-13 09:00,BUGANG,20FT,0,0,0,0,10,9,0,0
CARRIER_D,2025-07-13 10:00,BUGANG,20FT,0,1,0,0,11,10,0,0
CARRIER_D,2025-07-13 11:00,BUGANG,20FT,0,0,0,0,11,10,0,0
CARRIER_D,2025-07-13 12:00,BUGANG,20FT,0,0,0,0,11,10,0,0
CARRIER_D,2025-07-13 13:00,BUGANG,20FT,0,0,0,0,11,10,0,0
CARRIER_D,2025-07-13 14:00,BUGANG,20FT,0,0,0,0,11,10,0,0
CARRIER_D,2025-07-13 15:00,BUGANG,20FT,0,0,0,0,11,10,0,0
CARRIER_D,2025-07-13 16:00,BUGANG,20FT,0,0,0,0,11,10,0,0
CARRIER_D,2025-07-13 17:00,BUGANG,20FT,0,1,0,0,12,11,0,0
CARRIER_D,2025-07-13 18:00,BUGANG,20FT,0,0,0,0,12,11,0,0
CARRIER_D,2025-07-13 19:00,BUGANG,20FT,0,0,0,0,12,11,0,0
CARRIER_D,2025-07-13 20:00,BUGANG,20FT,0,0,0,0,12,11,0,0
CARRIER_D,2025-07-13 21:00,BUGANG,20FT,0,0,0,0,12,11,0,0
CARRIER_D,2025-07-13 22:00,BUGANG,20FT,0,0,0,0,12,11,0,0
CARRIER_D,2025-07-13 23:00,BUGANG,20FT,0,0,0,0,12,11,0,0
CARRIER_D,2025-07-14 00:00,BUGANG,20FT,0,0,0,0,12,11,0,0
CARRIER_D,2025-07-14 01:00,BUGANG,20FT,0,0,0,0,12,11,0,0
CARRIER_D,2025-07-14 02:00,BUGANG,20FT,0,0,0,0,12,11,0,0
CARRIER_D,2025-07-14 03:00,BUGANG,20FT,0,0,0,0,12,11,0,0
CARRIER_D,2025-07-14 04:00,BUGANG,20FT,0,0,0,0,12,11,0,0
CARRIER_D,2025-07-14 05:00,BUGANG,20FT,0,0,0,0,12,11,0,0
CARRIER_D,2025-07-14 06:00,BUGANG,20FT,0,0,0,0,12,11,0,0
CARRIER_D,2025-07-14 07:00,BUGANG,20FT,0,0,0,0,12,11,0,0
CARRIER_D,2025-07-14 08:00,BUGANG,20FT,0,0,0,0,12,11,0,0
CARRIER_D,2025-07-14 09:00,BUGANG,20FT,0,0,0,0,12,11,0,0
CARRIER_D,2025-07-14 10:00,BUGANG,20FT,1,0,0,0,11,10,0,0
CARRIER_D,2025-07-14 11:00,BUGANG,20FT,1,0,0,0,10,9,0,0
CARRIER_D,2025-07-14 12:00,BUGANG,20FT,0,0,0,0,10,9,0,0
CARRIER_D,2025-07-14 13:00,BUGANG,20FT,0,0,0,0,10,9,0,0
CARRIER_D,2025-07-14 14:00,BUGANG,20FT,0,0,0,0,10,9,0,0
CARRIER_D,2025-07-14 15:00,BUGANG,20FT,0,1,0,0,11,10,0,0
CARRIER_D,2025-07-14 16:00,BUGANG,20FT,0,0,0,0,11,10,0,0
CARRIER_D,2025-07-14 17:00,BUGANG,20FT,0,0,0,0,11,10,0,0
CARRIER_D,2025-07-14 18:00,BUGANG,20FT,0,0,0,0,11,10,0,0
CARRIER_D,2025-07-14 19:00,BUGANG,20FT,0,0,0,0,11,10,0,0
CARRIER_D,2025-07-14 20:00,BUGANG,20FT,0,0,0,0,11,10,0,0
CARRIER_D,2025-07-14 21:00,BUGANG,20FT,0,0,0,0,11,10,0,0
CARRIER_D,2025-07-14 22:00,BUGANG,20FT,0,0,0,0,11,10,0,0
CARRIER_D,2025-07-14 23:00,BUGANG,20FT,0,0,0,0,11,10,0,0
CARRIER_D,2025-07-08 00:00,BUGANG,40FT,0,0,0,0,0,0,0,0
CARRIER_D,2025-07-08 01:00,BUGANG,40FT,0,0,0,0,0,0,0,0
CARRIER_D,2025-07-08 02:00,BUGANG,40FT,0,0,0,0,0,0,0,0
CARRIER_D,2025-07-08 03:00,BUGANG,40FT,0,0,0,0,0,0,0,0
CARRIER_D,2025-07-08 04:00,BUGANG,40FT,0,0,0,0,0,0,0,0
CARRIER_D,2025-07-08 05:00,BUGANG,40FT,0,0,0,0,0,0,0,0
CARRIER_D,2025-07-08 06:00,BUGANG,40FT,0,0,0,0,0,0,0,0
CARRIER_D,2025-07-08 07:00,BUGANG,40FT,0,0,0,0,0,0,0,0
CARRIER_D,2025-07-08 08:00,BUGANG,40FT,0,0,0,0,0,0,0,0
CARRIER_D,2025-07-08 09:00,BUGANG,40FT,0,0,0,0,0,0,0,0
CARRIER_D,2025-07-08 10:00,BUGANG,40FT,0,0,0,0,0,0,0,0
CARRIER_D,2025-07-08 11:00,BUGANG,40FT,0,0,0,0,0,0,0,0
CARRIER_D,2025-07-08 12:00,BUGANG,40FT,0,0,0,0,0,0,0,0
CARRIER_D,2025-07-08 13:00,BUGANG,40FT,0,0,0,0,0,0,0,0
CARRIER_D,2025-07-08 14:00,BUGANG,40FT,0,0,0,0,0,0,0,0
CARRIER_D,2025-07-08 15:00,BUGANG,40FT,0,1,0,0,1,1,0,0
CARRIER_D,2025-07-08 16:00,BUGANG,40FT,0,0,0,0,1,1,0,0
CARRIER_D,2025-07-08 17:00,BUGANG,40FT,0,0,0,0,1,1,0,0
CARRIER_D,2025-07-08 18:00,BUGANG,40FT,0,0,0,0,1,1,0,0
CARRIER_D,2025-07-08 19:00,BUGANG,40FT,0,0,0,0,1,1,0,0
CARRIER_D,2025-07-08 20:00,BUGANG,40FT,0,0,0,0,1,1,0,0
CARRIER_D,2025-07-08 21:00,BUGANG,40FT,0,0,0,0,1,1,0,0
CARRIER_D,2025-07-08 22:00,BUGANG,40FT,0,0,0,0,1,1,0,0
CARRIER_D,2025-07-08 23:00,BUGANG,40FT,0,0,0,0,1,1,0,0
CARRIER_D,2025-07-09 00:00,BUGANG,40FT,0,0,0,0,1,1,0,0
CARRIER_D,2025-07-09 01:00,BUGANG,40FT,0,0,0,0,1,1,0,0
CARRIER_D,2025-07-09 02:00,BUGANG,40FT,0,0,0,0,1,1,0,0
CARRIER_D,2025-07-09 03:00,BUGANG,40FT,0,0,0,0,1,1,0,0
CARRIER_D,2025-07-09 04:00,BUGANG,40FT,0,0,0,0,1,1,0,0
CARRIER_D,2025-07-09 05:00,BUGANG,40FT,0,0,0,0,1,1,0,0
CARRIER_D,2025-07-09 06:00,BUGANG,40FT,0,0,0,0,1,1,0,0
CARRIER_D,2025-07-09 07:00,BUGANG,40FT,0,0,0,0,1,1,0,0
CARRIER_D,2025-07-09 08:00,BUGANG,40FT,0,2,0,0,3,3,0,0
CARRIER_D,2025-07-09 09:00,BUGANG,40FT,0,0,0,0,3,3,0,0
CARRIER_D,2025-07-09 10:00,BUGANG,40FT,0,0,0,0,3,3,0,0
CARRIER_D,2025-07-09 11:00,BUGANG,40FT,0,1,0,0,4,4,0,0
CARRIER_D,2025-07-09 12:00,BUGANG,40FT,0,0,0,0,4,4,0,0
CARRIER_D,2025-07-09 13:00,BUGANG,40FT,0,0,0,0,4,4,0,0
CARRIER_D,2025-07-09 14:00,BUGANG,40FT,0,0,0,0,4,4,0,0
CARRIER_D,2025-07-09 15:00,BUGANG,40FT,0,0,0,0,4,4,0,0
CARRIER_D,2025-07-09 16:00,BUGANG,40FT,0,0,0,0,4,4,0,0
CARRIER_D,2025-07-09 17:00,BUGANG,40FT,0,0,0,0,4,4,0,0
CARRIER_D,2025-07-09 18:00,BUGANG,40FT,0,0,0,0,4,4,0,0
CARRIER_D,2025-07-09 19:00,BUGANG,40FT,0,0,0,0,4,4,0,0
CARRIER_D,2025-07-09 20:00,BUGANG,40FT,0,0,0,0,4,4,0,0
CARRIER_D,2025-07-09 21:00,BUGANG,40FT,0,0,0,0,4,4,0,0
CARRIER_D,2025-07-09 22:00,BUGANG,40FT,0,0,0,0,4,4,0,0
CARRIER_D,2025-07-09 23:00,BUGANG,40FT,0,0,0,0,4,4,0,0
CARRIER_D,2025-07-10 00:00,BUGANG,40FT,0,0,0,0,4,4,0,0
CARRIER_D,2025-07-10 01:00,BUGANG,40FT,0,0,0,0,4,4,0,0
CARRIER_D,2025-07-10 02:00,BUGANG,40FT,0,0,0,0,4,4,0,0
CARRIER_D,2025-07-10 03:00,BUGANG,40FT,0,0,0,0,4,4,0,0
CARRIER_D,2025-07-10 04:00,BUGANG,40FT,0,0,0,0,4,4,0,0
CARRIER_D,2025-07-10 05:00,BUGANG,40FT,0,0,0,0,4,4,0,0
CARRIER_D,2025-07-10 06:00,BUGANG,40FT,0,0,0,0,4,4,0,0
CARRIER_D,2025-07-10 07:00,BUGANG,40FT,0,0,0,0,4,4,0,0
CARRIER_D,2025-07-10 08:00,BUGANG,40FT,0,0,0,0,4,4,0,0
CARRIER_D,2025-07-10 09:00,BUGANG,40FT,0,0,0,0,4,4,0,0
CARRIER_D,2025-07-10 10:00,BUGANG,40FT,0,0,0,0,4,4,0,0
CARRIER_D,2025-07-10 11:00,BUGANG,40FT,0,0,0,0,4,4,0,0
CARRIER_D,2025-07-10 12:00,BUGANG,40FT,0,0,0,0,4,4,0,0
CARRIER_D,2025-07-10 13:00,BUGANG,40FT,0,0,0,0,4,4,0,0
CARRIER_D,2025-07-10 14:00,BUGANG,40FT,0,0,0,0,4,4,0,0
CARRIER_D,2025-07-10 15:00,BUGANG,40FT,0,0,0,0,4,4,0,0
CARRIER_D,2025-07-10 16:00,BUGANG,40FT,0,0,0,0,4,4,0,0
CARRIER_D,2025-07-10 17:00,BUGANG,40FT,0,0,0,0,4,4,0,0
CARRIER_D,2025-07-10 18:00,BUGANG,40FT,0,0,0,0,4,4,0,0
CARRIER_D,2025-07-10 19:00,BUGANG,40FT,0,0,0,0,4,4,0,0
CARRIER_D,2025-07-10 20:00,BUGANG,40FT,0,0,0,0,4,4,0,0
CARRIER_D,2025-07-10 21:00,BUGANG,40FT,0,0,0,0,4,4,0,0
CARRIER_D,2025-07-10 22:00,BUGANG,40FT,0,0,0,0,4,4,0,0
CARRIER_D,2025-07-10 23:00,BUGANG,40FT,0,0,0,0,4,4,0,0
CARRIER_D,2025-07-11 00:00,BUGANG,40FT,0,0,0,0,4,4,0,0
CARRIER_D,2025-07-11 01:00,BUGANG,40FT,0,0,0,0,4,4,0,0
CARRIER_D,2025-07-11 02:00,BUGANG,40FT,0,0,0,0,4,4,0,0
CARRIER_D,2025-07-11 03:00,BUGANG,40FT,0,0,0,0,4,4,0,0
CARRIER_D,2025-07-11 04:00,BUGANG,40FT,0,0,0,0,4,4,0,0
CARRIER_D,2025-07-11 05:00,BUGANG,40FT,0,0,0,0,4,4,0,0
CARRIER_D,2025-07-11 06:00,BUGANG,40FT,0,0,0,0,4,4,0,0
CARRIER_D,2025-07-11 07:00,BUGANG,40FT,0,0,0,0,4,4,0,0
CARRIER_D,2025-07-11 08:00,BUGANG,40FT,0,0,0,0,4,4,0,0
CARRIER_D,2025-07-11 09:00,BUGANG,40FT,0,0,0,0,4,4,0,0
CARRIER_D,2025-07-11 10:00,BUGANG,40FT,0,0,0,0,4,4,0,0
CARRIER_D,2025-07-11 11:00,BUGANG,40FT,0,0,0,0,4,4,0,0
CARRIER_D,2025-07-11 12:00,BUGANG,40FT,0,0,0,0,4,4,0,0
CARRIER_D,2025-07-11 13:00,BUGANG,40FT,0,0,0,0,4,4,0,0
CARRIER_D,2025-07-11 14:00,BUGANG,40FT,0,0,0,0,4,4,0,0
CARRIER_D,2025-07-11 15:00,BUGANG,40FT,0,0,0,0,4,4,0,0
CARRIER_D,2025-07-11 16:00,BUGANG,40FT,0,0,0,0,4,4,0,0
CARRIER_D,2025-07-11 17:00,BUGANG,40FT,0,0,0,0,4,4,0,0
CARRIER_D,2025-07-11 18:00,BUGANG,40FT,0,0,0,0,4,4,0,0
CARRIER_D,2025-07-11 19:00,BUGANG,40FT,0,0,0,0,4,4,0,0
CARRIER_D,2025-07-11 20:00,BUGANG,40FT,0,0,0,0,4,4,0,0
CARRIER_D,2025-07-11 21:00,BUGANG,40FT,0,0,0,0,4,4,0,0
CARRIER_D,2025-07-11 22:00,BUGANG,40FT,0,0,0,0,4,4,0,0
CARRIER_D,2025-07-11 23:00,BUGANG,40FT,0,0,0,0,4,4,0,0
CARRIER_D,2025-07-12 00:00,BUGANG,40FT,0,0,0,0,4,4,0,0
CARRIER_D,2025-07-12 01:00,BUGANG,40FT,0,0,0,0,4,4,0,0
CARRIER_D,2025-07-12 02:00,BUGANG,40FT,0,0,0,0,4,4,0,0
CARRIER_D,2025-07-12 03:00,BUGANG,40FT,0,0,0,0,4,4,0,0
CARRIER_D,2025-07-12 04:00,BUGANG,40FT,0,0,0,0,4,4,0,0
CARRIER_D,2025-07-12 05:00,BUGANG,40FT,0,0,0,0,4,4,0,0
CARRIER_D,2025-07-12 06:00,BUGANG,40FT,0,0,0,0,4,4,0,0
CARRIER_D,2025-07-12 07:00,BUGANG,40FT,0,0,0,0,4,4,0,0
CARRIER_D,2025-07-12 08:00,BUGANG,40FT,0,0,0,0,4,4,0,0
CARRIER_D,2025-07-12 09:00,BUGANG,40FT,0,0,0,0,4,4,0,0
CARRIER_D,2025-07-12 10:00,BUGANG,40FT,0,0,0,0,4,4,0,0
CARRIER_D,2025-07-12 11:00,BUGANG,40FT,0,0,0,0,4,4,0,0
CARRIER_D,2025-07-12 12:00,BUGANG,40FT,0,0,0,0,4,4,0,0
CARRIER_D,2025-07-12 13:00,BUGANG,40FT,0,0,0,0,4,4,0,0
CARRIER_D,2025-07-12 14:00,BUGANG,40FT,0,0,0,0,4,4,0,0
CARRIER_D,2025-07-12 15:00,BUGANG,40FT,0,0,0,0,4,4,0,0
CARRIER_D,2025-07-12 16:00,BUGANG,40FT,0,0,0,0,4,4,0,0
CARRIER_D,2025-07-12 17:00,BUGANG,40FT,0,0,0,0,4,4,0,0
CARRIER_D,2025-07-12 18:00,BUGANG,40FT,0,0,0,0,4,4,0,0
CARRIER_D,2025-07-12 19:00,BUGANG,40FT,0,0,0,0,4,4,0,0
CARRIER_D,2025-07-12 20:00,BUGANG,40FT,0,0,0,0,4,4,0,0
CARRIER_D,2025-07-12 21:00,BUGANG,40FT,0,0,0,0,4,4,0,0
CARRIER_D,2025-07-12 22:00,BUGANG,40FT,0,0,0,0,4,4,0,0
CARRIER_D,2025-07-12 23:00,BUGANG,40FT,0,0,0,0,4,4,0,0
CARRIER_D,2025-07-13 00:00,BUGANG,40FT,0,0,0,0,4,4,0,0
CARRIER_D,2025-07-13 01:00,BUGANG,40FT,0,0,0,0,4,4,0,0
CARRIER_D,2025-07-13 02:00,BUGANG,40FT,0,0,0,0,4,4,0,0
CARRIER_D,2025-07-13 03:00,BUGANG,40FT,0,0,0,0,4,4,0,0
CARRIER_D,2025-07-13 04:00,BUGANG,40FT,0,0,0,0,4,4,0,0
CARRIER_D,2025-07-13 05:00,BUGANG,40FT,0,0,0,0,4,4,0,0
CARRIER_D,2025-07-13 06:00,BUGANG,40FT,0,0,0,0,4,4,0,0
CARRIER_D,2025-07-13 07:00,BUGANG,40FT,0,0,0,0,4,4,0,0
CARRIER_D,2025-07-13 08:00,BUGANG,40FT,0,0,0,0,4,4,0,0
CARRIER_D,2025-07-13 09:00,BUGANG,40FT,0,0,0,0,4,4,0,0
CARRIER_D,2025-07-13 10:00,BUGANG,40FT,0,0,0,0,4,4,0,0
CARRIER_D,2025-07-13 11:00,BUGANG,40FT,0,0,0,0,4,4,0,0
CARRIER_D,2025-07-13 12:00,BUGANG,40FT,0,0,0,0,4,4,0,0
CARRIER_D,2025-07-13 13:00,BUGANG,40FT,0,0,0,0,4,4,0,0
CARRIER_D,2025-07-13 14:00,BUGANG,40FT,0,0,0,0,4,4,0,0
CARRIER_D,2025-07-13 15:00,BUGANG,40FT,0,0,0,0,4,4,0,0
CARRIER_D,2025-07-13 16:00,BUGANG,40FT,0,0,0,0,4,4,0,0
CARRIER_D,2025-07-13 17:00,BUGANG,40FT,0,0,0,0,4,4,0,0
CARRIER_D,2025-07-13 18:00,BUGANG,40FT,0,0,0,0,4,4,0,0
CARRIER_D,2025-07-13 19:00,BUGANG,40FT,0,0,0,0,4,4,0,0
CARRIER_D,2025-07-13 20:00,BUGANG,40FT,0,0,0,0,4,4,0,0
CARRIER_D,2025-07-13 21:00,BUGANG,40FT,0,0,0,0,4,4,0,0
CARRIER_D,2025-07-13 22:00,BUGANG,40FT,0,0,0,0,4,4,0,0
CARRIER_D,2025-07-13 23:00,BUGANG,40FT,0,0,0,0,4,4,0,0
CARRIER_D,2025-07-14 00:00,BUGANG,40FT,0,0,0,0,4,4,0,0
CARRIER_D,2025-07-14 01:00,BUGANG,40FT,0,0,0,0,4,4,0,0
CARRIER_D,2025-07-14 02:00,BUGANG,40FT,0,0,0,0,4,4,0,0
CARRIER_D,2025-07-14 03:00,BUGANG,40FT,0,0,0,0,4,4,0,0
CARRIER_D,2025-07-14 04:00,BUGANG,40FT,0,0,0,0,4,4,0,0
CARRIER_D,2025-07-14 05:00,BUGANG,40FT,0,0,0,0,4,4,0,0
CARRIER_D,2025-07-14 06:00,BUGANG,40FT,0,0,0,0,4,4,0,0
CARRIER_D,2025-07-14 07:00,BUGANG,40FT,0,0,0,0,4,4,0,0
CARRIER_D,2025-07-14 08:00,BUGANG,40FT,0,0,0,0,4,4,0,0
CARRIER_D,2025-07-14 09:00,BUGANG,40FT,0,0,0,0,4,4,0,0
CARRIER_D,2025-07-14 10:00,BUGANG,40FT,0,0,0,0,4,4,0,0
CARRIER_D,2025-07-14 11:00,BUGANG,40FT,0,1,0,0,5,5,0,0
CARRIER_D,2025-07-14 12:00,BUGANG,40FT,0,0,0,0,5,5,0,0
CARRIER_D,2025-07-14 13:00,BUGANG,40FT,0,0,0,0,5,5,0,0
CARRIER_D,2025-07-14 14:00,BUGANG,40FT,0,0,0,0,5,5,0,0
CARRIER_D,2025-07-14 15:00,BUGANG,40FT,0,0,0,0,5,5,0,0
CARRIER_D,2025-07-14 16:00,BUGANG,40FT,0,0,0,0,5,5,0,0
CARRIER_D,2025-07-14 17:00,BUGANG,40FT,0,0,0,0,5,5,0,0
CARRIER_D,2025-07-14 18:00,BUGANG,40FT,0,0,0,0,5,5,0,0
CARRIER_D,2025-07-14 19:00,BUGANG,40FT,0,0,0,0,5,5,0,0
CARRIER_D,2025-07-14 20:00,BUGANG,40FT,0,0,0,0,5,5,0,0
CARRIER_D,2025-07-14 21:00,BUGANG,40FT,0,0,0,0,5,5,0,0
CARRIER_D,2025-07-14 22:00,BUGANG,40FT,0,0,0,0,5,5,0,0
CARRIER_D,2025-07-14 23:00,BUGANG,40FT,0,0,0,0,5,5,0,0
CARRIER_D,2025-07-08 00:00,BUSAN,20FT,0,0,0,0,55,55,0,0
CARRIER_D,2025-07-08 01:00,BUSAN,20FT,0,0,0,0,55,55,0,0
CARRIER_D,2025-07-08 02:00,BUSAN,20FT,0,0,0,0,55,55,0,0
CARRIER_D,2025-07-08 03:00,BUSAN,20FT,0,0,0,0,55,55,0,0
CARRIER_D,2025-07-08 04:00,BUSAN,20FT,0,0,0,0,55,55,0,0
CARRIER_D,2025-07-08 05:00,BUSAN,20FT,0,0,0,0,55,55,0,0
CARRIER_D,2025-07-08 06:00,BUSAN,20FT,0,0,0,0,55,55,0,0
CARRIER_D,2025-07-08 07:00,BUSAN,20FT,0,0,0,0,55,55,0,0
CARRIER_D,2025-07-08 08:00,BUSAN,20FT,0,1,0,0,56,56,0,0
CARRIER_D,2025-07-08 09:00,BUSAN,20FT,1,0,0,0,55,55,0,0
CARRIER_D,2025-07-08 10:00,BUSAN,20FT,1,0,0,0,54,54,0,0
CARRIER_D,2025-07-08 11:00,BUSAN,20FT,2,0,0,0,52,52,0,0
CARRIER_D,2025-07-08 12:00,BUSAN,20FT,0,1,0,0,53,53,0,0
CARRIER_D,2025-07-08 13:00,BUSAN,20FT,0,0,0,0,53,53,0,0
CARRIER_D,2025-07-08 14:00,BUSAN,20FT,0,2,0,0,55,55,0,0
CARRIER_D,2025-07-08 15:00,BUSAN,20FT,0,0,0,0,55,55,0,0
CARRIER_D,2025-07-08 16:00,BUSAN,20FT,0,0,0,0,55,55,0,0
CARRIER_D,2025-07-08 17:00,BUSAN,20FT,2,0,0,0,53,53,0,0
CARRIER_D,2025-07-08 18:00,BUSAN,20FT,0,0,0,0,53,53,0,0
CARRIER_D,2025-07-08 19:00,BUSAN,20FT,0,1,0,0,54,54,0,0
CARRIER_D,2025-07-08 20:00,BUSAN,20FT,0,0,0,0,54,54,0,0
CARRIER_D,2025-07-08 21:00,BUSAN,20FT,0,1,0,0,55,55,0,0
CARRIER_D,2025-07-08 22:00,BUSAN,20FT,0,0,0,0,55,55,0,0
CARRIER_D,2025-07-08 23:00,BUSAN,20FT,0,0,0,0,55,55,0,0
CARRIER_D,2025-07-09 00:00,BUSAN,20FT,0,0,0,0,55,55,0,0
CARRIER_D,2025-07-09 01:00,BUSAN,20FT,0,0,0,0,55,55,0,0
CARRIER_D,2025-07-09 02:00,BUSAN,20FT,0,0,0,0,55,55,0,0
CARRIER_D,2025-07-09 03:00,BUSAN,20FT,0,0,0,0,55,55,0,0
CARRIER_D,2025-07-09 04:00,BUSAN,20FT,0,0,0,0,55,55,0,0
CARRIER_D,2025-07-09 05:00,BUSAN,20FT,1,0,0,0,54,54,0,0
CARRIER_D,2025-07-09 06:00,BUSAN,20FT,3,0,0,0,51,51,0,0
CARRIER_D,2025-07-09 07:00,BUSAN,20FT,1,0,0,0,50,50,0,0
CARRIER_D,2025-07-09 08:00,BUSAN,20FT,1,1,0,0,50,50,0,0
CARRIER_D,2025-07-09 09:00,BUSAN,20FT,1,1,0,0,50,50,0,0
CARRIER_D,2025-07-09 10:00,BUSAN,20FT,3,1,0,0,48,48,0,0
CARRIER_D,2025-07-09 11:00,BUSAN,20FT,5,2,0,0,45,45,0,0
CARRIER_D,2025-07-09 12:00,BUSAN,20FT,1,2,0,0,46,46,0,0
CARRIER_D,2025-07-09 13:00,BUSAN,20FT,8,1,0,0,39,39,0,0
CARRIER_D,2025-07-09 14:00,BUSAN,20FT,2,2,0,0,39,39,0,0
CARRIER_D,2025-07-09 15:00,BUSAN,20FT,3,2,0,0,38,38,0,0
CARRIER_D,2025-07-09 16:00,BUSAN,20FT,6,0,0,0,32,32,0,0
CARRIER_D,2025-07-09 17:00,BUSAN,20FT,0,0,0,0,32,32,0,0
CARRIER_D,2025-07-09 18:00,BUSAN,20FT,0,2,0,0,34,34,0,0
CARRIER_D,2025-07-09 19:00,BUSAN,20FT,0,1,0,0,35,35,0,0
CARRIER_D,2025-07-09 20:00,BUSAN,20FT,0,1,0,0,36,36,0,0
CARRIER_D,2025-07-09 21:00,BUSAN,20FT,0,2,0,0,38,38,0,0
CARRIER_D,2025-07-09 22:00,BUSAN,20FT,0,0,0,0,38,38,0,0
CARRIER_D,2025-07-09 23:00,BUSAN,20FT,0,0,0,0,38,38,0,0
CARRIER_D,2025-07-10 00:00,BUSAN,20FT,0,0,0,0,38,38,0,0
CARRIER_D,2025-07-10 01:00,BUSAN,20FT,0,0,0,0,38,38,0,0
CARRIER_D,2025-07-10 02:00,BUSAN,20FT,0,0,0,0,38,38,0,0
CARRIER_D,2025-07-10 03:00,BUSAN,20FT,0,0,0,0,38,38,0,0
CARRIER_D,2025-07-10 04:00,BUSAN,20FT,0,0,0,0,38,38,0,0
CARRIER_D,2025-07-10 05:00,BUSAN,20FT,0,0,0,0,38,38,0,0
CARRIER_D,2025-07-10 06:00,BUSAN,20FT,1,1,0,0,38,38,0,0
CARRIER_D,2025-07-10 07:00,BUSAN,20FT,2,1,0,0,37,37,0,0
CARRIER_D,2025-07-10 08:00,BUSAN,20FT,3,0,0,0,34,34,0,0
CARRIER_D,2025-07-10 09:00,BUSAN,20FT,2,8,0,0,40,40,0,0
CARRIER_D,2025-07-10 10:00,BUSAN,20FT,0,1,0,0,41,41,0,0
CARRIER_D,2025-07-10 11:00,BUSAN,20FT,5,2,0,0,38,38,0,0
CARRIER_D,2025-07-10 12:00,BUSAN,20FT,1,0,0,0,37,37,0,0
CARRIER_D,2025-07-10 13:00,BUSAN,20FT,3,1,0,0,35,35,0,0
CARRIER_D,2025-07-10 14:00,BUSAN,20FT,0,3,0,0,38,38,0,0
CARRIER_D,2025-07-10 15:00,BUSAN,20FT,1,1,0,0,38,38,0,0
CARRIER_D,2025-07-10 16:00,BUSAN,20FT,2,1,0,0,37,37,0,0
CARRIER_D,2025-07-10 17:00,BUSAN,20FT,1,1,0,0,37,37,0,0
CARRIER_D,2025-07-10 18:00,BUSAN,20FT,2,0,0,0,35,35,0,0
CARRIER_D,2025-07-10 19:00,BUSAN,20FT,0,0,0,0,35,35,0,0
CARRIER_D,2025-07-10 20:00,BUSAN,20FT,0,0,0,0,35,35,0,0
CARRIER_D,2025-07-10 21:00,BUSAN,20FT,0,2,0,0,37,37,0,0
CARRIER_D,2025-07-10 22:00,BUSAN,20FT,0,0,0,0,37,37,0,0
CARRIER_D,2025-07-10 23:00,BUSAN,20FT,0,0,0,0,37,37,0,0
CARRIER_D,2025-07-11 00:00,BUSAN,20FT,0,0,0,0,37,37,0,0
CARRIER_D,2025-07-11 01:00,BUSAN,20FT,0,0,0,0,37,37,0,0
CARRIER_D,2025-07-11 02:00,BUSAN,20FT,0,0,0,0,37,37,0,0
CARRIER_D,2025-07-11 03:00,BUSAN,20FT,0,0,0,0,37,37,0,0
CARRIER_D,2025-07-11 04:00,BUSAN,20FT,0,0,0,0,37,37,0,0
CARRIER_D,2025-07-11 05:00,BUSAN,20FT,1,0,0,0,36,36,0,0
CARRIER_D,2025-07-11 06:00,BUSAN,20FT,1,0,0,0,35,35,0,0
CARRIER_D,2025-07-11 07:00,BUSAN,20FT,0,1,0,0,36,36,0,0
CARRIER_D,2025-07-11 08:00,BUSAN,20FT,2,2,0,0,36,36,0,0
CARRIER_D,2025-07-11 09:00,BUSAN,20FT,3,0,0,0,33,33,0,0
CARRIER_D,2025-07-11 10:00,BUSAN,20FT,2,2,0,0,33,33,0,0
CARRIER_D,2025-07-11 11:00,BUSAN,20FT,1,1,0,0,33,33,0,0
CARRIER_D,2025-07-11 12:00,BUSAN,20FT,2,0,0,0,31,31,0,0
CARRIER_D,2025-07-11 13:00,BUSAN,20FT,1,0,0,0,30,30,0,0
CARRIER_D,2025-07-11 14:00,BUSAN,20FT,3,1,0,0,28,28,0,0
CARRIER_D,2025-07-11 15:00,BUSAN,20FT,1,1,0,0,28,28,0,0
CARRIER_D,2025-07-11 16:00,BUSAN,20FT,3,0,0,0,25,25,0,0
CARRIER_D,2025-07-11 17:00,BUSAN,20FT,1,0,0,0,24,24,0,0
CARRIER_D,2025-07-11 18:00,BUSAN,20FT,1,4,0,0,27,27,0,0
CARRIER_D,2025-07-11 19:00,BUSAN,20FT,0,0,0,0,27,27,0,0
CARRIER_D,2025-07-11 20:00,BUSAN,20FT,0,0,0,0,27,27,0,0
CARRIER_D,2025-07-11 21:00,BUSAN,20FT,0,0,0,0,27,27,0,0
CARRIER_D,2025-07-11 22:00,BUSAN,20FT,0,0,0,0,27,27,0,0
CARRIER_D,2025-07-11 23:00,BUSAN,20FT,0,0,0,0,27,27,0,0
CARRIER_D,2025-07-12 00:00,BUSAN,20FT,0,0,0,0,27,27,0,0
CARRIER_D,2025-07-12 01:00,BUSAN,20FT,0,0,0,0,27,27,0,0
CARRIER_D,2025-07-12 02:00,BUSAN,20FT,0,0,0,0,27,27,0,0
CARRIER_D,2025-07-12 03:00,BUSAN,20FT,0,0,0,0,27,27,0,0
CARRIER_D,2025-07-12 04:00,BUSAN,20FT,0,0,0,0,27,27,0,0
CARRIER_D,2025-07-12 05:00,BUSAN,20FT,1,0,0,0,26,26,0,0
CARRIER_D,2025-07-12 06:00,BUSAN,20FT,0,0,0,0,26,26,0,0
CARRIER_D,2025-07-12 07:00,BUSAN,20FT,1,1,0,0,26,26,0,0
CARRIER_D,2025-07-12 08:00,BUSAN,20FT,1,0,0,0,25,25,0,0
CARRIER_D,2025-07-12 09:00,BUSAN,20FT,4,2,0,0,23,23,0,0
CARRIER_D,2025-07-12 10:00,BUSAN,20FT,2,0,0,0,21,21,0,0
CARRIER_D,2025-07-12 11:00,BUSAN,20FT,3,4,0,0,22,22,0,0
CARRIER_D,2025-07-12 12:00,BUSAN,20FT,1,3,0,0,24,24,0,0
CARRIER_D,2025-07-12 13:00,BUSAN,20FT,0,24,0,0,48,48,0,0
CARRIER_D,2025-07-12 14:00,BUSAN,20FT,0,2,0,0,50,50,0,0
CARRIER_D,2025-07-12 15:00,BUSAN,20FT,0,3,0,0,53,53,0,0
CARRIER_D,2025-07-12 16:00,BUSAN,20FT,1,3,0,0,55,55,0,0
CARRIER_D,2025-07-12 17:00,BUSAN,20FT,1,4,0,0,58,58,0,0
CARRIER_D,2025-07-12 18:00,BUSAN,20FT,0,1,0,0,59,59,0,0
CARRIER_D,2025-07-12 19:00,BUSAN,20FT,1,1,0,0,59,59,0,0
CARRIER_D,2025-07-12 20:00,BUSAN,20FT,0,4,0,0,63,63,0,0
CARRIER_D,2025-07-12 21:00,BUSAN,20FT,0,2,0,0,65,65,0,0
CARRIER_D,2025-07-12 22:00,BUSAN,20FT,0,0,0,0,65,65,0,0
CARRIER_D,2025-07-12 23:00,BUSAN,20FT,0,0,0,0,65,65,0,0
CARRIER_D,2025-07-13 00:00,BUSAN,20FT,0,0,0,0,65,65,0,0
CARRIER_D,2025-07-13 01:00,BUSAN,20FT,0,0,0,0,65,65,0,0
CARRIER_D,2025-07-13 02:00,BUSAN,20FT,0,0,0,0,65,65,0,0
CARRIER_D,2025-07-13 03:00,BUSAN,20FT,0,0,0,0,65,65,0,0
CARRIER_D,2025-07-13 04:00,BUSAN,20FT,0,0,0,0,65,65,0,0
CARRIER_D,2025-07-13 05:00,BUSAN,20FT,1,1,0,0,65,65,0,0
CARRIER_D,2025-07-13 06:00,BUSAN,20FT,0,0,0,0,65,65,0,0
CARRIER_D,2025-07-13 07:00,BUSAN,20FT,0,0,0,0,65,65,0,0
CARRIER_D,2025-07-13 08:00,BUSAN,20FT,1,1,0,0,65,65,0,0
CARRIER_D,2025-07-13 09:00,BUSAN,20FT,0,0,0,0,65,65,0,0
CARRIER_D,2025-07-13 10:00,BUSAN,20FT,1,3,0,0,67,67,0,0
CARRIER_D,2025-07-13 11:00,BUSAN,20FT,0,2,0,0,69,69,0,0
CARRIER_D,2025-07-13 12:00,BUSAN,20FT,1,3,0,0,71,71,0,0
CARRIER_D,2025-07-13 13:00,BUSAN,20FT,3,4,0,0,72,72,0,0
CARRIER_D,2025-07-13 14:00,BUSAN,20FT,1,3,0,0,74,74,0,0
CARRIER_D,2025-07-13 15:00,BUSAN,20FT,0,4,0,0,78,78,0,0
CARRIER_D,2025-07-13 16:00,BUSAN,20FT,0,4,0,0,82,82,0,0
CARRIER_D,2025-07-13 17:00,BUSAN,20FT,1,6,0,0,87,87,0,0
CARRIER_D,2025-07-13 18:00,BUSAN,20FT,2,2,0,0,87,87,0,0
CARRIER_D,2025-07-13 19:00,BUSAN,20FT,0,0,0,0,87,87,0,0
CARRIER_D,2025-07-13 20:00,BUSAN,20FT,1,4,0,0,90,90,0,0
CARRIER_D,2025-07-13 21:00,BUSAN,20FT,0,0,0,0,90,90,0,0
CARRIER_D,2025-07-13 22:00,BUSAN,20FT,0,0,0,0,90,90,0,0
CARRIER_D,2025-07-13 23:00,BUSAN,20FT,0,0,0,0,90,90,0,0
CARRIER_D,2025-07-14 00:00,BUSAN,20FT,0,0,0,0,90,90,0,0
CARRIER_D,2025-07-14 01:00,BUSAN,20FT,0,0,0,0,90,90,0,0
CARRIER_D,2025-07-14 02:00,BUSAN,20FT,0,0,0,0,90,90,0,0
CARRIER_D,2025-07-14 03:00,BUSAN,20FT,0,0,0,0,90,90,0,0
CARRIER_D,2025-07-14 04:00,BUSAN,20FT,0,0,0,0,90,90,0,0
CARRIER_D,2025-07-14 05:00,BUSAN,20FT,0,1,0,0,91,91,0,0
CARRIER_D,2025-07-14 06:00,BUSAN,20FT,2,0,0,0,89,89,0,0
CARRIER_D,2025-07-14 07:00,BUSAN,20FT,0,2,0,0,91,91,0,0
CARRIER_D,2025-07-14 08:00,BUSAN,20FT,0,3,0,0,94,94,0,0
CARRIER_D,2025-07-14 09:00,BUSAN,20FT,2,2,0,0,94,94,0,0
CARRIER_D,2025-07-14 10:00,BUSAN,20FT,4,4,0,0,94,94,0,0
CARRIER_D,2025-07-14 11:00,BUSAN,20FT,1,2,0,0,95,95,0,0
CARRIER_D,2025-07-14 12:00,BUSAN,20FT,0,1,0,0,96,96,0,0
CARRIER_D,2025-07-14 13:00,BUSAN,20FT,0,6,0,0,102,102,0,0
CARRIER_D,2025-07-14 14:00,BUSAN,20FT,0,8,0,0,110,110,0,0
CARRIER_D,2025-07-14 15:00,BUSAN,20FT,2,2,0,0,110,110,0,0
CARRIER_D,2025-07-14 16:00,BUSAN,20FT,2,2,0,0,110,110,0,0
CARRIER_D,2025-07-14 17:00,BUSAN,20FT,0,1,0,0,111,111,0,0
CARRIER_D,2025-07-14 18:00,BUSAN,20FT,0,2,0,0,113,113,0,0
CARRIER_D,2025-07-14 19:00,BUSAN,20FT,0,0,0,0,113,113,0,0
CARRIER_D,2025-07-14 20:00,BUSAN,20FT,1,0,0,0,112,112,0,0
CARRIER_D,2025-07-14 21:00,BUSAN,20FT,0,1,0,0,113,113,0,0
CARRIER_D,2025-07-14 22:00,BUSAN,20FT,0,0,0,0,113,113,0,0
CARRIER_D,2025-07-14 23:00,BUSAN,20FT,0,0,0,0,113,113,0,0
CARRIER_D,2025-07-08 00:00,BUSAN,40FT,0,0,0,0,8,8,0,0
CARRIER_D,2025-07-08 01:00,BUSAN,40FT,0,0,0,0,8,8,0,0
CARRIER_D,2025-07-08 02:00,BUSAN,40FT,0,0,0,0,8,8,0,0
CARRIER_D,2025-07-08 03:00,BUSAN,40FT,0,0,0,0,8,8,0,0
CARRIER_D,2025-07-08 04:00,BUSAN,40FT,0,0,0,0,8,8,0,0
CARRIER_D,2025-07-08 05:00,BUSAN,40FT,0,0,0,0,8,8,0,0
CARRIER_D,2025-07-08 06:00,BUSAN,40FT,0,0,0,0,8,8,0,0
CARRIER_D,2025-07-08 07:00,BUSAN,40FT,0,0,0,0,8,8,0,0
CARRIER_D,2025-07-08 08:00,BUSAN,40FT,0,0,0,0,8,8,0,0
CARRIER_D,2025-07-08 09:00,BUSAN,40FT,0,0,0,0,8,8,0,0
CARRIER_D,2025-07-08 10:00,BUSAN,40FT,0,0,0,0,8,8,0,0
CARRIER_D,2025-07-08 11:00,BUSAN,40FT,1,0,0,0,7,7,0,0
CARRIER_D,2025-07-08 12:00,BUSAN,40FT,0,0,0,0,7,7,0,0
CARRIER_D,2025-07-08 13:00,BUSAN,40FT,1,0,0,0,6,6,0,0
CARRIER_D,2025-07-08 14:00,BUSAN,40FT,0,4,0,0,10,10,0,0
CARRIER_D,2025-07-08 15:00,BUSAN,40FT,0,0,0,0,10,10,0,0
CARRIER_D,2025-07-08 16:00,BUSAN,40FT,0,0,0,0,10,10,0,0
CARRIER_D,2025-07-08 17:00,BUSAN,40FT,0,11,0,0,21,21,0,0
CARRIER_D,2025-07-08 18:00,BUSAN,40FT,0,0,0,0,21,21,0,0
CARRIER_D,2025-07-08 19:00,BUSAN,40FT,0,0,0,0,21,21,0,0
CARRIER_D,2025-07-08 20:00,BUSAN,40FT,0,0,0,0,21,21,0,0
CARRIER_D,2025-07-08 21:00,BUSAN,40FT,0,1,0,0,22,22,0,0
CARRIER_D,2025-07-08 22:00,BUSAN,40FT,0,0,0,0,22,22,0,0
CARRIER_D,2025-07-08 23:00,BUSAN,40FT,0,0,0,0,22,22,0,0
CARRIER_D,2025-07-09 00:00,BUSAN,40FT,0,0,0,0,22,22,0,0
CARRIER_D,2025-07-09 01:00,BUSAN,40FT,0,0,0,0,22,22,0,0
CARRIER_D,2025-07-09 02:00,BUSAN,40FT,0,0,0,0,22,22,0,0
CARRIER_D,2025-07-09 03:00,BUSAN,40FT,0,0,0,0,22,22,0,0
CARRIER_D,2025-07-09 04:00,BUSAN,40FT,0,0,0,0,22,22,0,0
CARRIER_D,2025-07-09 05:00,BUSAN,40FT,0,0,0,0,22,22,0,0
CARRIER_D,2025-07-09 06:00,BUSAN,40FT,0,6,0,0,28,28,0,0
CARRIER_D,2025-07-09 07:00,BUSAN,40FT,0,0,0,0,28,28,0,0
CARRIER_D,2025-07-09 08:00,BUSAN,40FT,0,0,0,0,28,28,0,0
CARRIER_D,2025-07-09 09:00,BUSAN,40FT,0,0,0,0,28,28,0,0
CARRIER_D,2025-07-09 10:00,BUSAN,40FT,0,0,0,0,28,28,0,0
CARRIER_D,2025-07-09 11:00,BUSAN,40FT,2,1,0,0,27,27,0,0
CARRIER_D,2025-07-09 12:00,BUSAN,40FT,0,0,0,0,27,27,0,0
CARRIER_D,2025-07-09 13:00,BUSAN,40FT,0,0,0,0,27,27,0,0
CARRIER_D,2025-07-09 14:00,BUSAN,40FT,0,1,0,0,28,28,0,0
CARRIER_D,2025-07-09 15:00,BUSAN,40FT,1,1,0,0,28,28,0,0
CARRIER_D,2025-07-09 16:00,BUSAN,40FT,0,1,0,0,29,29,0,0
CARRIER_D,2025-07-09 17:00,BUSAN,40FT,0,0,0,0,29,29,0,0
CARRIER_D,2025-07-09 18:00,BUSAN,40FT,0,1,0,0,30,30,0,0
CARRIER_D,2025-07-09 19:00,BUSAN,40FT,0,0,0,0,30,30,0,0
CARRIER_D,2025-07-09 20:00,BUSAN,40FT,0,0,0,0,30,30,0,0
CARRIER_D,2025-07-09 21:00,BUSAN,40FT,0,0,0,0,30,30,0,0
CARRIER_D,2025-07-09 22:00,BUSAN,40FT,0,0,0,0,30,30,0,0
CARRIER_D,2025-07-09 23:00,BUSAN,40FT,0,0,0,0,30,30,0,0
CARRIER_D,2025-07-10 00:00,BUSAN,40FT,0,0,0,0,30,30,0,0
CARRIER_D,2025-07-10 01:00,BUSAN,40FT,0,0,0,0,30,30,0,0
CARRIER_D,2025-07-10 02:00,BUSAN,40FT,0,0,0,0,30,30,0,0
CARRIER_D,2025-07-10 03:00,BUSAN,40FT,0,0,0,0,30,30,0,0
CARRIER_D,2025-07-10 04:00,BUSAN,40FT,0,0,0,0,30,30,0,0
CARRIER_D,2025-07-10 05:00,BUSAN,40FT,0,0,0,0,30,30,0,0
CARRIER_D,2025-07-10 06:00,BUSAN,40FT,0,0,0,0,30,30,0,0
CARRIER_D,2025-07-10 07:00,BUSAN,40FT,2,0,0,0,28,28,0,0
CARRIER_D,2025-07-10 08:00,BUSAN,40FT,0,0,0,0,28,28,0,0
CARRIER_D,2025-07-10 09:00,BUSAN,40FT,2,0,0,0,26,26,0,0
CARRIER_D,2025-07-10 10:00,BUSAN,40FT,0,0,0,0,26,26,0,0
CARRIER_D,2025-07-10 11:00,BUSAN,40FT,2,0,0,0,24,24,0,0
CARRIER_D,2025-07-10 12:00,BUSAN,40FT,0,0,0,0,24,24,0,0
CARRIER_D,2025-07-10 13:00,BUSAN,40FT,0,0,0,0,24,24,0,0
CARRIER_D,2025-07-10 14:00,BUSAN,40FT,0,0,0,0,24,24,0,0
CARRIER_D,2025-07-10 15:00,BUSAN,40FT,0,0,0,0,24,24,0,0
CARRIER_D,2025-07-10 16:00,BUSAN,40FT,0,0,0,0,24,24,0,0
CARRIER_D,2025-07-10 17:00,BUSAN,40FT,0,0,0,0,24,24,0,0
CARRIER_D,2025-07-10 18:00,BUSAN,40FT,0,0,0,0,24,24,0,0
CARRIER_D,2025-07-10 19:00,BUSAN,40FT,0,0,0,0,24,24,0,0
CARRIER_D,2025-07-10 20:00,BUSAN,40FT,0,0,0,0,24,24,0,0
CARRIER_D,2025-07-10 21:00,BUSAN,40FT,0,0,0,0,24,24,0,0
CARRIER_D,2025-07-10 22:00,BUSAN,40FT,0,0,0,0,24,24,0,0
CARRIER_D,2025-07-10 23:00,BUSAN,40FT,0,0,0,0,24,24,0,0
CARRIER_D,2025-07-11 00:00,BUSAN,40FT,0,0,0,0,24,24,0,0
CARRIER_D,2025-07-11 01:00,BUSAN,40FT,0,0,0,0,24,24,0,0
CARRIER_D,2025-07-11 02:00,BUSAN,40FT,0,0,0,0,24,24,0,0
CARRIER_D,2025-07-11 03:00,BUSAN,40FT,0,0,0,0,24,24,0,0
CARRIER_D,2025-07-11 04:00,BUSAN,40FT,0,0,0,0,24,24,0,0
CARRIER_D,2025-07-11 05:00,BUSAN,40FT,0,0,0,0,24,24,0,0
CARRIER_D,2025-07-11 06:00,BUSAN,40FT,0,0,0,0,24,24,0,0
CARRIER_D,2025-07-11 07:00,BUSAN,40FT,0,0,0,0,24,24,0,0
CARRIER_D,2025-07-11 08:00,BUSAN,40FT,0,0,0,0,24,24,0,0
CARRIER_D,2025-07-11 09:00,BUSAN,40FT,0,0,0,0,24,24,0,0
CARRIER_D,2025-07-11 10:00,BUSAN,40FT,0,0,0,0,24,24,0,0
CARRIER_D,2025-07-11 11:00,BUSAN,40FT,0,0,0,0,24,24,0,0
CARRIER_D,2025-07-11 12:00,BUSAN,40FT,1,0,0,0,23,23,0,0
CARRIER_D,2025-07-11 13:00,BUSAN,40FT,1,0,0,0,22,22,0,0
CARRIER_D,2025-07-11 14:00,BUSAN,40FT,1,0,0,0,21,21,0,0
CARRIER_D,2025-07-11 15:00,BUSAN,40FT,0,0,0,0,21,21,0,0
CARRIER_D,2025-07-11 16:00,BUSAN,40FT,0,0,0,0,21,21,0,0
CARRIER_D,2025-07-11 17:00,BUSAN,40FT,0,0,0,0,21,21,0,0
CARRIER_D,2025-07-11 18:00,BUSAN,40FT,0,0,0,0,21,21,0,0
CARRIER_D,2025-07-11 19:00,BUSAN,40FT,0,0,0,0,21,21,0,0
CARRIER_D,2025-07-11 20:00,BUSAN,40FT,0,0,0,0,21,21,0,0
CARRIER_D,2025-07-11 21:00,BUSAN,40FT,0,0,0,0,21,21,0,0
CARRIER_D,2025-07-11 22:00,BUSAN,40FT,0,0,0,0,21,21,0,0
CARRIER_D,2025-07-11 23:00,BUSAN,40FT,0,0,0,0,21,21,0,0
CARRIER_D,2025-07-12 00:00,BUSAN,40FT,0,9,0,0,30,30,0,0
CARRIER_D,2025-07-12 01:00,BUSAN,40FT,0,0,0,0,30,30,0,0
CARRIER_D,2025-07-12 02:00,BUSAN,40FT,0,0,0,0,30,30,0,0
CARRIER_D,2025-07-12 03:00,BUSAN,40FT,0,0,0,0,30,30,0,0
CARRIER_D,2025-07-12 04:00,BUSAN,40FT,0,0,0,0,30,30,0,0
CARRIER_D,2025-07-12 05:00,BUSAN,40FT,0,0,0,0,30,30,0,0
CARRIER_D,2025-07-12 06:00,BUSAN,40FT,0,0,0,0,30,30,0,0
CARRIER_D,2025-07-12 07:00,BUSAN,40FT,0,0,0,0,30,30,0,0
CARRIER_D,2025-07-12 08:00,BUSAN,40FT,0,0,0,0,30,30,0,0
CARRIER_D,2025-07-12 09:00,BUSAN,40FT,0,0,0,0,30,30,0,0
CARRIER_D,2025-07-12 10:00,BUSAN,40FT,0,0,0,0,30,30,0,0
CARRIER_D,2025-07-12 11:00,BUSAN,40FT,0,0,0,0,30,30,0,0
CARRIER_D,2025-07-12 12:00,BUSAN,40FT,1,0,0,0,29,29,0,0
CARRIER_D,2025-07-12 13:00,BUSAN,40FT,0,3,0,0,32,32,0,0
CARRIER_D,2025-07-12 14:00,BUSAN,40FT,0,0,0,0,32,32,0,0
CARRIER_D,2025-07-12 15:00,BUSAN,40FT,0,0,0,0,32,32,0,0
CARRIER_D,2025-07-12 16:00,BUSAN,40FT,0,0,0,0,32,32,0,0
CARRIER_D,2025-07-12 17:00,BUSAN,40FT,0,0,0,0,32,32,0,0
CARRIER_D,2025-07-12 18:00,BUSAN,40FT,0,1,0,0,33,33,0,0
CARRIER_D,2025-07-12 19:00,BUSAN,40FT,0,0,0,0,33,33,0,0
CARRIER_D,2025-07-12 20:00,BUSAN,40FT,0,0,0,0,33,33,0,0
CARRIER_D,2025-07-12 21:00,BUSAN,40FT,0,0,0,0,33,33,0,0
CARRIER_D,2025-07-12 22:00,BUSAN,40FT,0,0,0,0,33,33,0,0
CARRIER_D,2025-07-12 23:00,BUSAN,40FT,0,21,0,0,54,54,0,0
CARRIER_D,2025-07-13 00:00,BUSAN,40FT,0,0,0,0,54,54,0,0
CARRIER_D,2025-07-13 01:00,BUSAN,40FT,0,0,0,0,54,54,0,0
CARRIER_D,2025-07-13 02:00,BUSAN,40FT,0,0,0,0,54,54,0,0
CARRIER_D,2025-07-13 03:00,BUSAN,40FT,0,0,0,0,54,54,0,0
CARRIER_D,2025-07-13 04:00,BUSAN,40FT,0,0,0,0,54,54,0,0
CARRIER_D,2025-07-13 05:00,BUSAN,40FT,0,0,0,0,54,54,0,0
CARRIER_D,2025-07-13 06:00,BUSAN,40FT,0,0,0,0,54,54,0,0
CARRIER_D,2025-07-13 07:00,BUSAN,40FT,0,0,0,0,54,54,0,0
CARRIER_D,2025-07-13 08:00,BUSAN,40FT,0,0,0,0,54,54,0,0
CARRIER_D,2025-07-13 09:00,BUSAN,40FT,0,1,0,0,55,55,0,0
CARRIER_D,2025-07-13 10:00,BUSAN,40FT,0,1,0,0,56,56,0,0
CARRIER_D,2025-07-13 11:00,BUSAN,40FT,0,1,0,0,57,57,0,0
CARRIER_D,2025-07-13 12:00,BUSAN,40FT,0,1,0,0,58,58,0,0
CARRIER_D,2025-07-13 13:00,BUSAN,40FT,0,1,0,0,59,59,0,0
CARRIER_D,2025-07-13 14:00,BUSAN,40FT,0,1,0,0,60,60,0,0
CARRIER_D,2025-07-13 15:00,BUSAN,40FT,1,1,0,0,60,60,0,0
CARRIER_D,2025-07-13 16:00,BUSAN,40FT,0,2,0,0,62,62,0,0
CARRIER_D,2025-07-13 17:00,BUSAN,40FT,1,0,0,0,61,61,0,0
CARRIER_D,2025-07-13 18:00,BUSAN,40FT,0,2,0,0,63,63,0,0
CARRIER_D,2025-07-13 19:00,BUSAN,40FT,0,0,0,0,63,63,0,0
CARRIER_D,2025-07-13 20:00,BUSAN,40FT,0,0,0,0,63,63,0,0
CARRIER_D,2025-07-13 21:00,BUSAN,40FT,0,0,0,0,63,63,0,0
CARRIER_D,2025-07-13 22:00,BUSAN,40FT,0,0,0,0,63,63,0,0
CARRIER_D,2025-07-13 23:00,BUSAN,40FT,0,0,0,0,63,63,0,0
CARRIER_D,2025-07-14 00:00,BUSAN,40FT,0,0,0,0,63,63,0,0
CARRIER_D,2025-07-14 01:00,BUSAN,40FT,0,0,0,0,63,63,0,0
CARRIER_D,2025-07-14 02:00,BUSAN,40FT,0,0,0,0,63,63,0,0
CARRIER_D,2025-07-14 03:00,BUSAN,40FT,0,0,0,0,63,63,0,0
CARRIER_D,2025-07-14 04:00,BUSAN,40FT,0,0,0,0,63,63,0,0
CARRIER_D,2025-07-14 05:00,BUSAN,40FT,0,0,0,0,63,63,0,0
CARRIER_D,2025-07-14 06:00,BUSAN,40FT,0,0,0,0,63,63,0,0
CARRIER_D,2025-07-14 07:00,BUSAN,40FT,1,0,0,0,62,62,0,0
CARRIER_D,2025-07-14 08:00,BUSAN,40FT,0,0,0,0,62,62,0,0
CARRIER_D,2025-07-14 09:00,BUSAN,40FT,0,1,0,0,63,63,0,0
CARRIER_D,2025-07-14 10:00,BUSAN,40FT,1,0,0,0,62,62,0,0
CARRIER_D,2025-07-14 11:00,BUSAN,40FT,0,1,0,0,63,63,0,0
CARRIER_D,2025-07-14 12:00,BUSAN,40FT,0,1,0,0,64,64,0,0
CARRIER_D,2025-07-14 13:00,BUSAN,40FT,0,0,0,0,64,64,0,0
CARRIER_D,2025-07-14 14:00,BUSAN,40FT,0,0,0,0,64,64,0,0
CARRIER_D,2025-07-14 15:00,BUSAN,40FT,0,1,0,0,65,65,0,0
CARRIER_D,2025-07-14 16:00,BUSAN,40FT,0,1,0,0,66,66,0,0
CARRIER_D,2025-07-14 17:00,BUSAN,40FT,0,0,0,0,66,66,0,0
CARRIER_D,2025-07-14 18:00,BUSAN,40FT,0,0,0,0,66,66,0,0
CARRIER_D,2025-07-14 19:00,BUSAN,40FT,0,0,0,0,66,66,0,0
CARRIER_D,2025-07-14 20:00,BUSAN,40FT,0,0,0,0,66,66,0,0
CARRIER_D,2025-07-14 21:00,BUSAN,40FT,0,0,0,0,66,66,0,0
CARRIER_D,2025-07-14 22:00,BUSAN,40FT,0,0,0,0,66,66,0,0
CARRIER_D,2025-07-14 23:00,BUSAN,40FT,0,0,0,0,66,66,0,0
CARRIER_D,2025-07-08 00:00,DONGSAN,20FT,0,0,0,0,0,0,0,0
CARRIER_D,2025-07-08 01:00,DONGSAN,20FT,0,0,0,0,0,0,0,0
CARRIER_D,2025-07-08 02:00,DONGSAN,20FT,0,0,0,0,0,0,0,0
CARRIER_D,2025-07-08 03:00,DONGSAN,20FT,0,0,0,0,0,0,0,0
CARRIER_D,2025-07-08 04:00,DONGSAN,20FT,0,0,0,0,0,0,0,0
CARRIER_D,2025-07-08 05:00,DONGSAN,20FT,0,0,0,0,0,0,0,0
CARRIER_D,2025-07-08 06:00,DONGSAN,20FT,0,0,0,0,0,0,0,0
CARRIER_D,2025-07-08 07:00,DONGSAN,20FT,0,0,0,0,0,0,0,0
CARRIER_D,2025-07-08 08:00,DONGSAN,20FT,0,0,0,0,0,0,0,0
CARRIER_D,2025-07-08 09:00,DONGSAN,20FT,0,0,0,0,0,0,0,0
CARRIER_D,2025-07-08 10:00,DONGSAN,20FT,0,0,0,0,0,0,0,0
CARRIER_D,2025-07-08 11:00,DONGSAN,20FT,0,0,0,0,0,0,0,0
CARRIER_D,2025-07-08 12:00,DONGSAN,20FT,0,0,0,0,0,0,0,0
CARRIER_D,2025-07-08 13:00,DONGSAN,20FT,0,0,0,0,0,0,0,0
CARRIER_D,2025-07-08 14:00,DONGSAN,20FT,0,0,0,0,0,0,0,0
CARRIER_D,2025-07-08 15:00,DONGSAN,20FT,0,0,0,0,0,0,0,0
CARRIER_D,2025-07-08 16:00,DONGSAN,20FT,0,0,0,0,0,0,0,0
CARRIER_D,2025-07-08 17:00,DONGSAN,20FT,0,0,0,0,0,0,0,0
CARRIER_D,2025-07-08 18:00,DONGSAN,20FT,0,0,0,0,0,0,0,0
CARRIER_D,2025-07-08 19:00,DONGSAN,20FT,0,0,0,0,0,0,0,0
CARRIER_D,2025-07-08 20:00,DONGSAN,20FT,0,0,0,0,0,0,0,0
CARRIER_D,2025-07-08 21:00,DONGSAN,20FT,0,0,0,0,0,0,0,0
CARRIER_D,2025-07-08 22:00,DONGSAN,20FT,0,0,0,0,0,0,0,0
CARRIER_D,2025-07-08 23:00,DONGSAN,20FT,0,0,0,0,0,0,0,0
CARRIER_D,2025-07-09 00:00,DONGSAN,20FT,0,0,0,0,0,0,0,0
CARRIER_D,2025-07-09 01:00,DONGSAN,20FT,0,0,0,0,0,0,0,0
CARRIER_D,2025-07-09 02:00,DONGSAN,20FT,0,0,0,0,0,0,0,0
CARRIER_D,2025-07-09 03:00,DONGSAN,20FT,0,0,0,0,0,0,0,0
CARRIER_D,2025-07-09 04:00,DONGSAN,20FT,0,0,0,0,0,0,0,0
CARRIER_D,2025-07-09 05:00,DONGSAN,20FT,0,0,0,0,0,0,0,0
CARRIER_D,2025-07-09 06:00,DONGSAN,20FT,0,0,0,0,0,0,0,0
CARRIER_D,2025-07-09 07:00,DONGSAN,20FT,0,0,0,0,0,0,0,0
CARRIER_D,2025-07-09 08:00,DONGSAN,20FT,0,0,0,0,0,0,0,0
CARRIER_D,2025-07-09 09:00,DONGSAN,20FT,0,0,0,0,0,0,0,0
CARRIER_D,2025-07-09 10:00,DONGSAN,20FT,0,0,0,0,0,0,0,0
CARRIER_D,2025-07-09 11:00,DONGSAN,20FT,0,0,0,0,0,0,0,0
CARRIER_D,2025-07-09 12:00,DONGSAN,20FT,0,0,0,0,0,0,0,0
CARRIER_D,2025-07-09 13:00,DONGSAN,20FT,0,0,0,0,0,0,0,0
CARRIER_D,2025-07-09 14:00,DONGSAN,20FT,0,0,0,0,0,0,0,0
CARRIER_D,2025-07-09 15:00,DONGSAN,20FT,0,0,0,0,0,0,0,0
CARRIER_D,2025-07-09 16:00,DONGSAN,20FT,0,0,0,0,0,0,0,0
CARRIER_D,2025-07-09 17:00,DONGSAN,20FT,0,0,0,0,0,0,0,0
CARRIER_D,2025-07-09 18:00,DONGSAN,20FT,0,0,0,0,0,0,0,0
CARRIER_D,2025-07-09 19:00,DONGSAN,20FT,0,0,0,0,0,0,0,0
CARRIER_D,2025-07-09 20:00,DONGSAN,20FT,0,0,0,0,0,0,0,0
CARRIER_D,2025-07-09 21:00,DONGSAN,20FT,0,0,0,0,0,0,0,0
CARRIER_D,2025-07-09 22:00,DONGSAN,20FT,0,0,0,0,0,0,0,0
CARRIER_D,2025-07-09 23:00,DONGSAN,20FT,0,0,0,0,0,0,0,0
CARRIER_D,2025-07-10 00:00,DONGSAN,20FT,0,0,0,0,0,0,0,0
CARRIER_D,2025-07-10 01:00,DONGSAN,20FT,0,0,0,0,0,0,0,0
CARRIER_D,2025-07-10 02:00,DONGSAN,20FT,0,0,0,0,0,0,0,0
CARRIER_D,2025-07-10 03:00,DONGSAN,20FT,0,0,0,0,0,0,0,0
CARRIER_D,2025-07-10 04:00,DONGSAN,20FT,0,0,0,0,0,0,0,0
CARRIER_D,2025-07-10 05:00,DONGSAN,20FT,0,0,0,0,0,0,0,0
CARRIER_D,2025-07-10 06:00,DONGSAN,20FT,0,0,0,0,0,0,0,0
CARRIER_D,2025-07-10 07:00,DONGSAN,20FT,0,0,0,0,0,0,0,0
CARRIER_D,2025-07-10 08:00,DONGSAN,20FT,0,0,0,0,0,0,0,0
CARRIER_D,2025-07-10 09:00,DONGSAN,20FT,0,0,0,0,0,0,0,0
CARRIER_D,2025-07-10 10:00,DONGSAN,20FT,0,0,0,0,0,0,0,0
CARRIER_D,2025-07-10 11:00,DONGSAN,20FT,0,0,0,0,0,0,0,0
CARRIER_D,2025-07-10 12:00,DONGSAN,20FT,0,0,0,0,0,0,0,0
CARRIER_D,2025-07-10 13:00,DONGSAN,20FT,0,0,0,0,0,0,0,0
CARRIER_D,2025-07-10 14:00,DONGSAN,20FT,1,0,0,0,0,0,1,1
CARRIER_D,2025-07-10 15:00,DONGSAN,20FT,0,0,0,0,0,0,0,0
CARRIER_D,2025-07-10 16:00,DONGSAN,20FT,0,0,0,0,0,0,0,0
CARRIER_D,2025-07-10 17:00,DONGSAN,20FT,0,0,0,0,0,0,0,0
CARRIER_D,2025-07-10 18:00,DONGSAN,20FT,0,0,0,0,0,0,0,0
CARRIER_D,2025-07-10 19:00,DONGSAN,20FT,0,0,0,0,0,0,0,0
CARRIER_D,2025-07-10 20:00,DONGSAN,20FT,0,0,0,0,0,0,0,0
CARRIER_D,2025-07-10 21:00,DONGSAN,20FT,0,0,0,0,0,0,0,0
CARRIER_D,2025-07-10 22:00,DONGSAN,20FT,0,0,0,0,0,0,0,0
CARRIER_D,2025-07-10 23:00,DONGSAN,20FT,0,0,0,0,0,0,0,0
CARRIER_D,2025-07-11 00:00,DONGSAN,20FT,0,0,0,0,0,0,0,0
CARRIER_D,2025-07-11 01:00,DONGSAN,20FT,0,0,0,0,0,0,0,0
CARRIER_D,2025-07-11 02:00,DONGSAN,20FT,0,0,0,0,0,0,0,0
CARRIER_D,2025-07-11 03:00,DONGSAN,20FT,0,0,0,0,0,0,0,0
CARRIER_D,2025-07-11 04:00,DONGSAN,20FT,0,0,0,0,0,0,0,0
CARRIER_D,2025-07-11 05:00,DONGSAN,20FT,0,0,0,0,0,0,0,0
CARRIER_D,2025-07-11 06:00,DONGSAN,20FT,0,0,0,0,0,0,0,0
CARRIER_D,2025-07-11 07:00,DONGSAN,20FT,0,0,0,0,0,0,0,0
CARRIER_D,2025-07-11 08:00,DONGSAN,20FT,0,0,0,0,0,0,0,0
CARRIER_D,2025-07-11 09:00,DONGSAN,20FT,0,0,0,0,0,0,0,0
CARRIER_D,2025-07-11 10:00,DONGSAN,20FT,0,0,0,0,0,0,0,0
CARRIER_D,2025-07-11 11:00,DONGSAN,20FT,0,0,0,0,0,0,0,0
CARRIER_D,2025-07-11 12:00,DONGSAN,20FT,0,0,0,0,0,0,0,0
CARRIER_D,2025-07-11 13:00,DONGSAN,20FT,0,0,0,0,0,0,0,0
CARRIER_D,2025-07-11 14:00,DONGSAN,20FT,0,0,0,0,0,0,0,0
CARRIER_D,2025-07-11 15:00,DONGSAN,20FT,0,0,0,0,0,0,0,0
CARRIER_D,2025-07-11 16:00,DONGSAN,20FT,0,0,0,0,0,0,0,0
CARRIER_D,2025-07-11 17:00,DONGSAN,20FT,0,0,0,0,0,0,0,0
CARRIER_D,2025-07-11 18:00,DONGSAN,20FT,0,0,0,0,0,0,0,0
CARRIER_D,2025-07-11 19:00,DONGSAN,20FT,0,0,0,0,0,0,0,0
CARRIER_D,2025-07-11 20:00,DONGSAN,20FT,0,0,0,0,0,0,0,0
CARRIER_D,2025-07-11 21:00,DONGSAN,20FT,0,0,0,0,0,0,0,0
CARRIER_D,2025-07-11 22:00,DONGSAN,20FT,0,0,0,0,0,0,0,0
CARRIER_D,2025-07-11 23:00,DONGSAN,20FT,0,0,0,0,0,0,0,0
CARRIER_D,2025-07-12 00:00,DONGSAN,20FT,0,0,0,0,0,0,0,0
CARRIER_D,2025-07-12 01:00,DONGSAN,20FT,0,0,0,0,0,0,0,0
CARRIER_D,2025-07-12 02:00,DONGSAN,20FT,0,0,0,0,0,0,0,0
CARRIER_D,2025-07-12 03:00,DONGSAN,20FT,0,0,0,0,0,0,0,0
CARRIER_D,2025-07-12 04:00,DONGSAN,20FT,0,0,0,0,0,0,0,0
CARRIER_D,2025-07-12 05:00,DONGSAN,20FT,0,0,0,0,0,0,0,0
CARRIER_D,2025-07-12 06:00,DONGSAN,20FT,0,0,0,0,0,0,0,0
CARRIER_D,2025-07-12 07:00,DONGSAN,20FT,0,0,0,0,0,0,0,0
CARRIER_D,2025-07-12 08:00,DONGSAN,20FT,0,0,0,0,0,0,0,0
CARRIER_D,2025-07-12 09:00,DONGSAN,20FT,0,0,0,0,0,0,0,0
CARRIER_D,2025-07-12 10:00,DONGSAN,20FT,0,0,0,0,0,0,0,0
CARRIER_D,2025-07-12 11:00,DONGSAN,20FT,0,0,0,0,0,0,0,0
CARRIER_D,2025-07-12 12:00,DONGSAN,20FT,0,0,0,0,0,0,0,0
CARRIER_D,2025-07-12 13:00,DONGSAN,20FT,0,0,0,0,0,0,0,0
CARRIER_D,2025-07-12 14:00,DONGSAN,20FT,0,0,0,0,0,0,0,0
CARRIER_D,2025-07-12 15:00,DONGSAN,20FT,0,1,0,0,1,1,0,0
CARRIER_D,2025-07-12 16:00,DONGSAN,20FT,0,0,0,0,1,1,0,0
CARRIER_D,2025-07-12 17:00,DONGSAN,20FT,0,0,0,0,1,1,0,0
CARRIER_D,2025-07-12 18:00,DONGSAN,20FT,0,0,0,0,1,1,0,0
CARRIER_D,2025-07-12 19:00,DONGSAN,20FT,0,0,0,0,1,1,0,0
CARRIER_D,2025-07-12 20:00,DONGSAN,20FT,0,0,0,0,1,1,0,0
CARRIER_D,2025-07-12 21:00,DONGSAN,20FT,0,0,0,0,1,1,0,0
CARRIER_D,2025-07-12 22:00,DONGSAN,20FT,0,0,0,0,1,1,0,0
CARRIER_D,2025-07-12 23:00,DONGSAN,20FT,0,0,0,0,1,1,0,0
CARRIER_D,2025-07-13 00:00,DONGSAN,20FT,0,0,0,0,1,1,0,0
CARRIER_D,2025-07-13 01:00,DONGSAN,20FT,0,0,0,0,1,1,0,0
CARRIER_D,2025-07-13 02:00,DONGSAN,20FT,0,0,0,0,1,1,0,0
CARRIER_D,2025-07-13 03:00,DONGSAN,20FT,0,0,0,0,1,1,0,0
CARRIER_D,2025-07-13 04:00,DONGSAN,20FT,0,0,0,0,1,1,0,0
CARRIER_D,2025-07-13 05:00,DONGSAN,20FT,0,0,0,0,1,1,0,0
CARRIER_D,2025-07-13 06:00,DONGSAN,20FT,0,0,0,0,1,1,0,0
CARRIER_D,2025-07-13 07:00,DONGSAN,20FT,0,0,0,0,1,1,0,0
CARRIER_D,2025-07-13 08:00,DONGSAN,20FT,0,0,0,0,1,1,0,0
CARRIER_D,2025-07-13 09:00,DONGSAN,20FT,0,0,0,0,1,1,0,0
CARRIER_D,2025-07-13 10:00,DONGSAN,20FT,0,0,0,0,1,1,0,0
CARRIER_D,2025-07-13 11:00,DONGSAN,20FT,0,0,0,0,1,1,0,0
CARRIER_D,2025-07-13 12:00,DONGSAN,20FT,0,0,0,0,1,1,0,0
CARRIER_D,2025-07-13 13:00,DONGSAN,20FT,0,0,0,0,1,1,0,0
CARRIER_D,2025-07-13 14:00,DONGSAN,20FT,0,0,0,0,1,1,0,0
CARRIER_D,2025-07-13 15:00,DONGSAN,20FT,0,0,0,0,1,1,0,0
CARRIER_D,2025-07-13 16:00,DONGSAN,20FT,0,0,0,0,1,1,0,0
CARRIER_D,2025-07-13 17:00,DONGSAN,20FT,0,0,0,0,1,1,0,0
CARRIER_D,2025-07-13 18:00,DONGSAN,20FT,0,0,0,0,1,1,0,0
CARRIER_D,2025-07-13 19:00,DONGSAN,20FT,0,0,0,0,1,1,0,0
CARRIER_D,2025-07-13 20:00,DONGSAN,20FT,0,0,0,0,1,1,0,0
CARRIER_D,2025-07-13 21:00,DONGSAN,20FT,0,0,0,0,1,1,0,0
CARRIER_D,2025-07-13 22:00,DONGSAN,20FT,0,0,0,0,1,1,0,0
CARRIER_D,2025-07-13 23:00,DONGSAN,20FT,0,0,0,0,1,1,0,0
CARRIER_D,2025-07-14 00:00,DONGSAN,20FT,0,0,0,0,1,1,0,0
CARRIER_D,2025-07-14 01:00,DONGSAN,20FT,0,0,0,0,1,1,0,0
CARRIER_D,2025-07-14 02:00,DONGSAN,20FT,0,0,0,0,1,1,0,0
CARRIER_D,2025-07-14 03:00,DONGSAN,20FT,0,0,0,0,1,1,0,0
CARRIER_D,2025-07-14 04:00,DONGSAN,20FT,0,0,0,0,1,1,0,0
CARRIER_D,2025-07-14 05:00,DONGSAN,20FT,0,0,0,0,1,1,0,0
CARRIER_D,2025-07-14 06:00,DONGSAN,20FT,0,0,0,0,1,1,0,0
CARRIER_D,2025-07-14 07:00,DONGSAN,20FT,0,0,0,0,1,1,0,0
CARRIER_D,2025-07-14 08:00,DONGSAN,20FT,0,0,0,0,1,1,0,0
CARRIER_D,2025-07-14 09:00,DONGSAN,20FT,0,0,0,0,1,1,0,0
CARRIER_D,2025-07-14 10:00,DONGSAN,20FT,0,0,0,0,1,1,0,0
CARRIER_D,2025-07-14 11:00,DONGSAN,20FT,0,0,0,0,1,1,0,0
CARRIER_D,2025-07-14 12:00,DONGSAN,20FT,0,0,0,0,1,1,0,0
CARRIER_D,2025-07-14 13:00,DONGSAN,20FT,0,0,0,0,1,1,0,0
CARRIER_D,2025-07-14 14:00,DONGSAN,20FT,0,0,0,0,1,1,0,0
CARRIER_D,2025-07-14 15:00,DONGSAN,20FT,0,0,0,0,1,1,0,0
CARRIER_D,2025-07-14 16:00,DONGSAN,20FT,0,1,0,0,2,2,0,0
CARRIER_D,2025-07-14 17:00,DONGSAN,20FT,0,0,0,0,2,2,0,0
CARRIER_D,2025-07-14 18:00,DONGSAN,20FT,0,0,0,0,2,2,0,0
CARRIER_D,2025-07-14 19:00,DONGSAN,20FT,0,0,0,0,2,2,0,0
CARRIER_D,2025-07-14 20:00,DONGSAN,20FT,0,0,0,0,2,2,0,0
CARRIER_D,2025-07-14 21:00,DONGSAN,20FT,0,0,0,0,2,2,0,0
CARRIER_D,2025-07-14 22:00,DONGSAN,20FT,0,0,0,0,2,2,0,0
CARRIER_D,2025-07-14 23:00,DONGSAN,20FT,0,0,0,0,2,2,0,0
CARRIER_D,2025-07-08 00:00,DONGSAN,40FT,0,0,0,0,0,0,0,0
CARRIER_D,2025-07-08 01:00,DONGSAN,40FT,0,0,0,0,0,0,0,0
CARRIER_D,2025-07-08 02:00,DONGSAN,40FT,0,0,0,0,0,0,0,0
CARRIER_D,2025-07-08 03:00,DONGSAN,40FT,0,0,0,0,0,0,0,0
CARRIER_D,2025-07-08 04:00,DONGSAN,40FT,0,0,0,0,0,0,0,0
CARRIER_D,2025-07-08 05:00,DONGSAN,40FT,0,0,0,0,0,0,0,0
CARRIER_D,2025-07-08 06:00,DONGSAN,40FT,0,0,0,0,0,0,0,0
CARRIER_D,2025-07-08 07:00,DONGSAN,40FT,0,0,0,0,0,0,0,0
CARRIER_D,2025-07-08 08:00,DONGSAN,40FT,0,0,0,0,0,0,0,0
CARRIER_D,2025-07-08 09:00,DONGSAN,40FT,0,0,0,0,0,0,0,0
CARRIER_D,2025-07-08 10:00,DONGSAN,40FT,0,0,0,0,0,0,0,0
CARRIER_D,2025-07-08 11:00,DONGSAN,40FT,0,0,0,0,0,0,0,0
CARRIER_D,2025-07-08 12:00,DONGSAN,40FT,0,0,0,0,0,0,0,0
CARRIER_D,2025-07-08 13:00,DONGSAN,40FT,0,0,0,0,0,0,0,0
CARRIER_D,2025-07-08 14:00,DONGSAN,40FT,0,0,0,0,0,0,0,0
CARRIER_D,2025-07-08 15:00,DONGSAN,40FT,0,0,0,0,0,0,0,0
CARRIER_D,2025-07-08 16:00,DONGSAN,40FT,0,0,0,0,0,0,0,0
CARRIER_D,2025-07-08 17:00,DONGSAN,40FT,0,0,0,0,0,0,0,0
CARRIER_D,2025-07-08 18:00,DONGSAN,40FT,0,0,0,0,0,0,0,0
CARRIER_D,2025-07-08 19:00,DONGSAN,40FT,0,0,0,0,0,0,0,0
CARRIER_D,2025-07-08 20:00,DONGSAN,40FT,0,0,0,0,0,0,0,0
CARRIER_D,2025-07-08 21:00,DONGSAN,40FT,0,0,0,0,0,0,0,0
CARRIER_D,2025-07-08 22:00,DONGSAN,40FT,0,0,0,0,0,0,0,0
CARRIER_D,2025-07-08 23:00,DONGSAN,40FT,0,0,0,0,0,0,0,0
CARRIER_D,2025-07-09 00:00,DONGSAN,40FT,0,0,0,0,0,0,0,0
CARRIER_D,2025-07-09 01:00,DONGSAN,40FT,0,0,0,0,0,0,0,0
CARRIER_D,2025-07-09 02:00,DONGSAN,40FT,0,0,0,0,0,0,0,0
CARRIER_D,2025-07-09 03:00,DONGSAN,40FT,0,0,0,0,0,0,0,0
CARRIER_D,2025-07-09 04:00,DONGSAN,40FT,0,0,0,0,0,0,0,0
CARRIER_D,2025-07-09 05:00,DONGSAN,40FT,0,0,0,0,0,0,0,0
CARRIER_D,2025-07-09 06:00,DONGSAN,40FT,0,0,0,0,0,0,0,0
CARRIER_D,2025-07-09 07:00,DONGSAN,40FT,0,0,0,0,0,0,0,0
CARRIER_D,2025-07-09 08:00,DONGSAN,40FT,0,0,0,0,0,0,0,0
CARRIER_D,2025-07-09 09:00,DONGSAN,40FT,0,0,0,0,0,0,0,0
CARRIER_D,2025-07-09 10:00,DONGSAN,40FT,0,0,0,0,0,0,0,0
CARRIER_D,2025-07-09 11:00,DONGSAN,40FT,0,0,0,0,0,0,0,0
CARRIER_D,2025-07-09 12:00,DONGSAN,40FT,0,0,0,0,0,0,0,0
CARRIER_D,2025-07-09 13:00,DONGSAN,40FT,0,0,0,0,0,0,0,0
CARRIER_D,2025-07-09 14:00,DONGSAN,40FT,0,0,0,0,0,0,0,0
CARRIER_D,2025-07-09 15:00,DONGSAN,40FT,0,0,0,0,0,0,0,0
CARRIER_D,2025-07-09 16:00,DONGSAN,40FT,0,0,0,0,0,0,0,0
CARRIER_D,2025-07-09 17:00,DONGSAN,40FT,0,0,0,0,0,0,0,0
CARRIER_D,2025-07-09 18:00,DONGSAN,40FT,0,0,0,0,0,0,0,0
CARRIER_D,2025-07-09 19:00,DONGSAN,40FT,0,0,0,0,0,0,0,0
CARRIER_D,2025-07-09 20:00,DONGSAN,40FT,0,0,0,0,0,0,0,0
CARRIER_D,2025-07-09 21:00,DONGSAN,40FT,0,0,0,0,0,0,0,0
CARRIER_D,2025-07-09 22:00,DONGSAN,40FT,0,0,0,0,0,0,0,0
CARRIER_D,2025-07-09 23:00,DONGSAN,40FT,0,0,0,0,0,0,0,0
CARRIER_D,2025-07-10 00:00,DONGSAN,40FT,0,0,0,0,0,0,0,0
CARRIER_D,2025-07-10 01:00,DONGSAN,40FT,0,0,0,0,0,0,0,0
CARRIER_D,2025-07-10 02:00,DONGSAN,40FT,0,0,0,0,0,0,0,0
CARRIER_D,2025-07-10 03:00,DONGSAN,40FT,0,0,0,0,0,0,0,0
CARRIER_D,2025-07-10 04:00,DONGSAN,40FT,0,0,0,0,0,0,0,0
CARRIER_D,2025-07-10 05:00,DONGSAN,40FT,0,0,0,0,0,0,0,0
CARRIER_D,2025-07-10 06:00,DONGSAN,40FT,0,0,0,0,0,0,0,0
CARRIER_D,2025-07-10 07:00,DONGSAN,40FT,0,0,0,0,0,0,0,0
CARRIER_D,2025-07-10 08:00,DONGSAN,40FT,0,0,0,0,0,0,0,0
CARRIER_D,2025-07-10 09:00,DONGSAN,40FT,0,0,0,0,0,0,0,0
CARRIER_D,2025-07-10 10:00,DONGSAN,40FT,0,0,0,0,0,0,0,0
CARRIER_D,2025-07-10 11:00,DONGSAN,40FT,0,0,0,0,0,0,0,0
CARRIER_D,2025-07-10 12:00,DONGSAN,40FT,0,0,0,0,0,0,0,0
CARRIER_D,2025-07-10 13:00,DONGSAN,40FT,0,0,0,0,0,0,0,0
CARRIER_D,2025-07-10 14:00,DONGSAN,40FT,0,0,0,0,0,0,0,0
CARRIER_D,2025-07-10 15:00,DONGSAN,40FT,0,0,0,0,0,0,0,0
CARRIER_D,2025-07-10 16:00,DONGSAN,40FT,0,0,0,0,0,0,0,0
CARRIER_D,2025-07-10 17:00,DONGSAN,40FT,0,0,0,0,0,0,0,0
CARRIER_D,2025-07-10 18:00,DONGSAN,40FT,0,0,0,0,0,0,0,0
CARRIER_D,2025-07-10 19:00,DONGSAN,40FT,0,0,0,0,0,0,0,0
CARRIER_D,2025-07-10 20:00,DONGSAN,40FT,0,0,0,0,0,0,0,0
CARRIER_D,2025-07-10 21:00,DONGSAN,40FT,0,0,0,0,0,0,0,0
CARRIER_D,2025-07-10 22:00,DONGSAN,40FT,0,0,0,0,0,0,0,0
CARRIER_D,2025-07-10 23:00,DONGSAN,40FT,0,0,0,0,0,0,0,0
CARRIER_D,2025-07-11 00:00,DONGSAN,40FT,0,0,0,0,0,0,0,0
CARRIER_D,2025-07-11 01:00,DONGSAN,40FT,0,0,0,0,0,0,0,0
CARRIER_D,2025-07-11 02:00,DONGSAN,40FT,0,0,0,0,0,0,0,0
CARRIER_D,2025-07-11 03:00,DONGSAN,40FT,0,0,0,0,0,0,0,0
CARRIER_D,2025-07-11 04:00,DONGSAN,40FT,0,0,0,0,0,0,0,0
CARRIER_D,2025-07-11 05:00,DONGSAN,40FT,0,0,0,0,0,0,0,0
CARRIER_D,2025-07-11 06:00,DONGSAN,40FT,0,0,0,0,0,0,0,0
CARRIER_D,2025-07-11 07:00,DONGSAN,40FT,0,0,0,0,0,0,0,0
CARRIER_D,2025-07-11 08:00,DONGSAN,40FT,0,0,0,0,0,0,0,0
CARRIER_D,2025-07-11 09:00,DONGSAN,40FT,0,0,0,0,0,0,0,0
CARRIER_D,2025-07-11 10:00,DONGSAN,40FT,0,0,0,0,0,0,0,0
CARRIER_D,2025-07-11 11:00,DONGSAN,40FT,0,0,0,0,0,0,0,0
CARRIER_D,2025-07-11 12:00,DONGSAN,40FT,0,0,0,0,0,0,0,0
CARRIER_D,2025-07-11 13:00,DONGSAN,40FT,0,0,0,0,0,0,0,0
CARRIER_D,2025-07-11 14:00,DONGSAN,40FT,0,0,0,0,0,0,0,0
CARRIER_D,2025-07-11 15:00,DONGSAN,40FT,0,0,0,0,0,0,0,0
CARRIER_D,2025-07-11 16:00,DONGSAN,40FT,0,0,0,0,0,0,0,0
CARRIER_D,2025-07-11 17:00,DONGSAN,40FT,0,0,0,0,0,0,0,0
CARRIER_D,2025-07-11 18:00,DONGSAN,40FT,0,0,0,0,0,0,0,0
CARRIER_D,2025-07-11 19:00,DONGSAN,40FT,0,0,0,0,0,0,0,0
CARRIER_D,2025-07-11 20:00,DONGSAN,40FT,0,0,0,0,0,0,0,0
CARRIER_D,2025-07-11 21:00,DONGSAN,40FT,0,0,0,0,0,0,0,0
CARRIER_D,2025-07-11 22:00,DONGSAN,40FT,0,0,0,0,0,0,0,0
CARRIER_D,2025-07-11 23:00,DONGSAN,40FT,0,0,0,0,0,0,0,0
CARRIER_D,2025-07-12 00:00,DONGSAN,40FT,0,0,0,0,0,0,0,0
CARRIER_D,2025-07-12 01:00,DONGSAN,40FT,0,0,0,0,0,0,0,0
CARRIER_D,2025-07-12 02:00,DONGSAN,40FT,0,0,0,0,0,0,0,0
CARRIER_D,2025-07-12 03:00,DONGSAN,40FT,0,0,0,0,0,0,0,0
CARRIER_D,2025-07-12 04:00,DONGSAN,40FT,0,0,0,0,0,0,0,0
CARRIER_D,2025-07-12 05:00,DONGSAN,40FT,0,0,0,0,0,0,0,0
CARRIER_D,2025-07-12 06:00,DONGSAN,40FT,0,0,0,0,0,0,0,0
CARRIER_D,2025-07-12 07:00,DONGSAN,40FT,0,0,0,0,0,0,0,0
CARRIER_D,2025-07-12 08:00,DONGSAN,40FT,0,0,0,0,0,0,0,0
CARRIER_D,2025-07-12 09:00,DONGSAN,40FT,0,0,0,0,0,0,0,0
CARRIER_D,2025-07-12 10:00,DONGSAN,40FT,0,0,0,0,0,0,0,0
CARRIER_D,2025-07-12 11:00,DONGSAN,40FT,1,0,0,0,0,0,1,1
CARRIER_D,2025-07-12 12:00,DONGSAN,40FT,0,0,0,0,0,0,0,0
CARRIER_D,2025-07-12 13:00,DONGSAN,40FT,0,0,0,0,0,0,0,0
CARRIER_D,2025-07-12 14:00,DONGSAN,40FT,0,0,0,0,0,0,0,0
CARRIER_D,2025-07-12 15:00,DONGSAN,40FT,0,0,0,0,0,0,0,0
CARRIER_D,2025-07-12 16:00,DONGSAN,40FT,0,0,0,0,0,0,0,0
CARRIER_D,2025-07-12 17:00,DONGSAN,40FT,0,0,0,0,0,0,0,0
CARRIER_D,2025-07-12 18:00,DONGSAN,40FT,0,0,0,0,0,0,0,0
CARRIER_D,2025-07-12 19:00,DONGSAN,40FT,0,0,0,0,0,0,0,0
CARRIER_D,2025-07-12 20:00,DONGSAN,40FT,0,0,0,0,0,0,0,0
CARRIER_D,2025-07-12 21:00,DONGSAN,40FT,0,0,0,0,0,0,0,0
CARRIER_D,2025-07-12 22:00,DONGSAN,40FT,0,0,0,0,0,0,0,0
CARRIER_D,2025-07-12 23:00,DONGSAN,40FT,0,0,0,0,0,0,0,0
CARRIER_D,2025-07-13 00:00,DONGSAN,40FT,0,0,0,0,0,0,0,0
CARRIER_D,2025-07-13 01:00,DONGSAN,40FT,0,0,0,0,0,0,0,0
CARRIER_D,2025-07-13 02:00,DONGSAN,40FT,0,0,0,0,0,0,0,0
CARRIER_D,2025-07-13 03:00,DONGSAN,40FT,0,0,0,0,0,0,0,0
CARRIER_D,2025-07-13 04:00,DONGSAN,40FT,0,0,0,0,0,0,0,0
CARRIER_D,2025-07-13 05:00,DONGSAN,40FT,0,0,0,0,0,0,0,0
CARRIER_D,2025-07-13 06:00,DONGSAN,40FT,0,0,0,0,0,0,0,0
CARRIER_D,2025-07-13 07:00,DONGSAN,40FT,0,0,0,0,0,0,0,0
CARRIER_D,2025-07-13 08:00,DONGSAN,40FT,0,0,0,0,0,0,0,0
CARRIER_D,2025-07-13 09:00,DONGSAN,40FT,0,0,0,0,0,0,0,0
CARRIER_D,2025-07-13 10:00,DONGSAN,40FT,0,0,0,0,0,0,0,0
CARRIER_D,2025-07-13 11:00,DONGSAN,40FT,0,0,0,0,0,0,0,0
CARRIER_D,2025-07-13 12:00,DONGSAN,40FT,0,0,0,0,0,0,0,0
CARRIER_D,2025-07-13 13:00,DONGSAN,40FT,0,0,0,0,0,0,0,0
CARRIER_D,2025-07-13 14:00,DONGSAN,40FT,0,0,0,0,0,0,0,0
CARRIER_D,2025-07-13 15:00,DONGSAN,40FT,0,0,0,0,0,0,0,0
CARRIER_D,2025-07-13 16:00,DONGSAN,40FT,0,0,0,0,0,0,0,0
CARRIER_D,2025-07-13 17:00,DONGSAN,40FT,0,0,0,0,0,0,0,0
CARRIER_D,2025-07-13 18:00,DONGSAN,40FT,0,0,0,0,0,0,0,0
CARRIER_D,2025-07-13 19:00,DONGSAN,40FT,0,0,0,0,0,0,0,0
CARRIER_D,2025-07-13 20:00,DONGSAN,40FT,0,0,0,0,0,0,0,0
CARRIER_D,2025-07-13 21:00,DONGSAN,40FT,0,0,0,0,0,0,0,0
CARRIER_D,2025-07-13 22:00,DONGSAN,40FT,0,0,0,0,0,0,0,0
CARRIER_D,2025-07-13 23:00,DONGSAN,40FT,0,0,0,0,0,0,0,0
CARRIER_D,2025-07-14 00:00,DONGSAN,40FT,0,0,0,0,0,0,0,0
CARRIER_D,2025-07-14 01:00,DONGSAN,40FT,0,0,0,0,0,0,0,0
CARRIER_D,2025-07-14 02:00,DONGSAN,40FT,0,0,0,0,0,0,0,0
CARRIER_D,2025-07-14 03:00,DONGSAN,40FT,0,0,0,0,0,0,0,0
CARRIER_D,2025-07-14 04:00,DONGSAN,40FT,0,0,0,0,0,0,0,0
CARRIER_D,2025-07-14 05:00,DONGSAN,40FT,0,0,0,0,0,0,0,0
CARRIER_D,2025-07-14 06:00,DONGSAN,40FT,0,0,0,0,0,0,0,0
CARRIER_D,2025-07-14 07:00,DONGSAN,40FT,0,0,0,0,0,0,0,0
CARRIER_D,2025-07-14 08:00,DONGSAN,40FT,0,0,0,0,0,0,0,0
CARRIER_D,2025-07-14 09:00,DONGSAN,40FT,0,0,0,0,0,0,0,0
CARRIER_D,2025-07-14 10:00,DONGSAN,40FT,0,0,0,0,0,0,0,0
CARRIER_D,2025-07-14 11:00,DONGSAN,40FT,0,0,0,0,0,0,0,0
CARRIER_D,2025-07-14 12:00,DONGSAN,40FT,0,0,0,0,0,0,0,0
CARRIER_D,2025-07-14 13:00,DONGSAN,40FT,0,0,0,0,0,0,0,0
CARRIER_D,2025-07-14 14:00,DONGSAN,40FT,0,0,0,0,0,0,0,0
CARRIER_D,2025-07-14 15:00,DONGSAN,40FT,0,0,0,0,0,0,0,0
CARRIER_D,2025-07-14 16:00,DONGSAN,40FT,0,0,0,0,0,0,0,0
CARRIER_D,2025-07-14 17:00,DONGSAN,40FT,0,0,0,0,0,0,0,0
CARRIER_D,2025-07-14 18:00,DONGSAN,40FT,0,0,0,0,0,0,0,0
CARRIER_D,2025-07-14 19:00,DONGSAN,40FT,0,0,0,0,0,0,0,0
CARRIER_D,2025-07-14 20:00,DONGSAN,40FT,0,0,0,0,0,0,0,0
CARRIER_D,2025-07-14 21:00,DONGSAN,40FT,0,0,0,0,0,0,0,0
CARRIER_D,2025-07-14 22:00,DONGSAN,40FT,0,0,0,0,0,0,0,0
CARRIER_D,2025-07-14 23:00,DONGSAN,40FT,0,0,0,0,0,0,0,0
CARRIER_D,2025-07-08 00:00,GWANGYANG,20FT,0,0,0,0,0,0,0,0
CARRIER_D,2025-07-08 01:00,GWANGYANG,20FT,0,0,0,0,0,0,0,0
CARRIER_D,2025-07-08 02:00,GWANGYANG,20FT,0,0,0,0,0,0,0,0
CARRIER_D,2025-07-08 03:00,GWANGYANG,20FT,0,0,0,0,0,0,0,0
CARRIER_D,2025-07-08 04:00,GWANGYANG,20FT,0,0,0,0,0,0,0,0
CARRIER_D,2025-07-08 05:00,GWANGYANG,20FT,0,0,0,0,0,0,0,0
CARRIER_D,2025-07-08 06:00,GWANGYANG,20FT,0,0,0,0,0,0,0,0
CARRIER_D,2025-07-08 07:00,GWANGYANG,20FT,0,0,0,0,0,0,0,0
CARRIER_D,2025-07-08 08:00,GWANGYANG,20FT,0,0,0,0,0,0,0,0
CARRIER_D,2025-07-08 09:00,GWANGYANG,20FT,0,0,0,0,0,0,0,0
CARRIER_D,2025-07-08 10:00,GWANGYANG,20FT,0,0,0,0,0,0,0,0
CARRIER_D,2025-07-08 11:00,GWANGYANG,20FT,0,0,0,0,0,0,0,0
CARRIER_D,2025-07-08 12:00,GWANGYANG,20FT,0,0,0,0,0,0,0,0
CARRIER_D,2025-07-08 13:00,GWANGYANG,20FT,0,0,0,0,0,0,0,0
CARRIER_D,2025-07-08 14:00,GWANGYANG,20FT,0,0,0,0,0,0,0,0
CARRIER_D,2025-07-08 15:00,GWANGYANG,20FT,0,0,0,0,0,0,0,0
CARRIER_D,2025-07-08 16:00,GWANGYANG,20FT,0,0,0,0,0,0,0,0
CARRIER_D,2025-07-08 17:00,GWANGYANG,20FT,0,0,0,0,0,0,0,0
CARRIER_D,2025-07-08 18:00,GWANGYANG,20FT,0,0,0,0,0,0,0,0
CARRIER_D,2025-07-08 19:00,GWANGYANG,20FT,0,0,0,0,0,0,0,0
CARRIER_D,2025-07-08 20:00,GWANGYANG,20FT,0,0,0,0,0,0,0,0
CARRIER_D,2025-07-08 21:00,GWANGYANG,20FT,0,0,0,0,0,0,0,0
CARRIER_D,2025-07-08 22:00,GWANGYANG,20FT,0,0,0,0,0,0,0,0
CARRIER_D,2025-07-08 23:00,GWANGYANG,20FT,0,0,0,0,0,0,0,0
CARRIER_D,2025-07-09 00:00,GWANGYANG,20FT,0,0,0,0,0,0,0,0
CARRIER_D,2025-07-09 01:00,GWANGYANG,20FT,0,0,0,0,0,0,0,0
CARRIER_D,2025-07-09 02:00,GWANGYANG,20FT,0,0,0,0,0,0,0,0
CARRIER_D,2025-07-09 03:00,GWANGYANG,20FT,0,0,0,0,0,0,0,0
CARRIER_D,2025-07-09 04:00,GWANGYANG,20FT,0,0,0,0,0,0,0,0
CARRIER_D,2025-07-09 05:00,GWANGYANG,20FT,0,0,0,0,0,0,0,0
CARRIER_D,2025-07-09 06:00,GWANGYANG,20FT,0,0,0,0,0,0,0,0
CARRIER_D,2025-07-09 07:00,GWANGYANG,20FT,0,0,0,0,0,0,0,0
CARRIER_D,2025-07-09 08:00,GWANGYANG,20FT,0,0,0,0,0,0,0,0
CARRIER_D,2025-07-09 09:00,GWANGYANG,20FT,0,0,0,0,0,0,0,0
CARRIER_D,2025-07-09 10:00,GWANGYANG,20FT,0,0,0,0,0,0,0,0
CARRIER_D,2025-07-09 11:00,GWANGYANG,20FT,0,0,0,0,0,0,0,0
CARRIER_D,2025-07-09 12:00,GWANGYANG,20FT,0,0,0,0,0,0,0,0
CARRIER_D,2025-07-09 13:00,GWANGYANG,20FT,0,0,0,0,0,0,0,0
CARRIER_D,2025-07-09 14:00,GWANGYANG,20FT,0,0,0,0,0,0,0,0
CARRIER_D,2025-07-09 15:00,GWANGYANG,20FT,0,0,0,0,0,0,0,0
CARRIER_D,2025-07-09 16:00,GWANGYANG,20FT,0,0,0,0,0,0,0,0
CARRIER_D,2025-07-09 17:00,GWANGYANG,20FT,0,0,0,0,0,0,0,0
CARRIER_D,2025-07-09 18:00,GWANGYANG,20FT,0,0,0,0,0,0,0,0
CARRIER_D,2025-07-09 19:00,GWANGYANG,20FT,0,0,0,0,0,0,0,0
CARRIER_D,2025-07-09 20:00,GWANGYANG,20FT,0,0,0,0,0,0,0,0
CARRIER_D,2025-07-09 21:00,GWANGYANG,20FT,0,0,0,0,0,0,0,0
CARRIER_D,2025-07-09 22:00,GWANGYANG,20FT,0,0,0,0,0,0,0,0
CARRIER_D,2025-07-09 23:00,GWANGYANG,20FT,0,0,0,0,0,0,0,0
CARRIER_D,2025-07-10 00:00,GWANGYANG,20FT,0,0,0,0,0,0,0,0
CARRIER_D,2025-07-10 01:00,GWANGYANG,20FT,0,0,0,0,0,0,0,0
CARRIER_D,2025-07-10 02:00,GWANGYANG,20FT,0,0,0,0,0,0,0,0
CARRIER_D,2025-07-10 03:00,GWANGYANG,20FT,0,0,0,0,0,0,0,0
CARRIER_D,2025-07-10 04:00,GWANGYANG,20FT,0,0,0,0,0,0,0,0
CARRIER_D,2025-07-10 05:00,GWANGYANG,20FT,0,0,0,0,0,0,0,0
CARRIER_D,2025-07-10 06:00,GWANGYANG,20FT,0,0,0,0,0,0,0,0
CARRIER_D,2025-07-10 07:00,GWANGYANG,20FT,0,0,0,0,0,0,0,0
CARRIER_D,2025-07-10 08:00,GWANGYANG,20FT,0,0,0,0,0,0,0,0
CARRIER_D,2025-07-10 09:00,GWANGYANG,20FT,0,0,0,0,0,0,0,0
CARRIER_D,2025-07-10 10:00,GWANGYANG,20FT,0,0,0,0,0,0,0,0
CARRIER_D,2025-07-10 11:00,GWANGYANG,20FT,0,0,0,0,0,0,0,0
CARRIER_D,2025-07-10 12:00,GWANGYANG,20FT,0,0,0,0,0,0,0,0
CARRIER_D,2025-07-10 13:00,GWANGYANG,20FT,0,0,0,0,0,0,0,0
CARRIER_D,2025-07-10 14:00,GWANGYANG,20FT,0,0,0,0,0,0,0,0
CARRIER_D,2025-07-10 15:00,GWANGYANG,20FT,0,0,0,0,0,0,0,0
CARRIER_D,2025-07-10 16:00,GWANGYANG,20FT,0,0,0,0,0,0,0,0
CARRIER_D,2025-07-10 17:00,GWANGYANG,20FT,0,0,0,0,0,0,0,0
CARRIER_D,2025-07-10 18:00,GWANGYANG,20FT,0,0,0,0,0,0,0,0
CARRIER_D,2025-07-10 19:00,GWANGYANG,20FT,0,0,0,0,0,0,0,0
CARRIER_D,2025-07-10 20:00,GWANGYANG,20FT,0,0,0,0,0,0,0,0
CARRIER_D,2025-07-10 21:00,GWANGYANG,20FT,0,0,0,0,0,0,0,0
CARRIER_D,2025-07-10 22:00,GWANGYANG,20FT,0,0,0,0,0,0,0,0
CARRIER_D,2025-07-10 23:00,GWANGYANG,20FT,0,0,0,0,0,0,0,0
CARRIER_D,2025-07-11 00:00,GWANGYANG,20FT,0,0,0,0,0,0,0,0
CARRIER_D,2025-07-11 01:00,GWANGYANG,20FT,0,0,0,0,0,0,0,0
CARRIER_D,2025-07-11 02:00,GWANGYANG,20FT,0,0,0,0,0,0,0,0
CARRIER_D,2025-07-11 03:00,GWANGYANG,20FT,0,0,0,0,0,0,0,0
CARRIER_D,2025-07-11 04:00,GWANGYANG,20FT,0,0,0,0,0,0,0,0
CARRIER_D,2025-07-11 05:00,GWANGYANG,20FT,0,0,0,0,0,0,0,0
CARRIER_D,2025-07-11 06:00,GWANGYANG,20FT,0,0,0,0,0,0,0,0
CARRIER_D,2025-07-11 07:00,GWANGYANG,20FT,0,0,0,0,0,0,0,0
CARRIER_D,2025-07-11 08:00,GWANGYANG,20FT,0,0,0,0,0,0,0,0
CARRIER_D,2025-07-11 09:00,GWANGYANG,20FT,0,0,0,0,0,0,0,0
CARRIER_D,2025-07-11 10:00,GWANGYANG,20FT,0,0,0,0,0,0,0,0
CARRIER_D,2025-07-11 11:00,GWANGYANG,20FT,0,0,0,0,0,0,0,0
CARRIER_D,2025-07-11 12:00,GWANGYANG,20FT,0,0,0,0,0,0,0,0
CARRIER_D,2025-07-11 13:00,GWANGYANG,20FT,0,0,0,0,0,0,0,0
CARRIER_D,2025-07-11 14:00,GWANGYANG,20FT,0,0,0,0,0,0,0,0
CARRIER_D,2025-07-11 15:00,GWANGYANG,20FT,0,0,0,0,0,0,0,0
CARRIER_D,2025-07-11 16:00,GWANGYANG,20FT,0,0,0,0,0,0,0,0
CARRIER_D,2025-07-11 17:00,GWANGYANG,20FT,0,0,0,0,0,0,0,0
CARRIER_D,2025-07-11 18:00,GWANGYANG,20FT,0,0,0,0,0,0,0,0
CARRIER_D,2025-07-11 19:00,GWANGYANG,20FT,0,0,0,0,0,0,0,0
CARRIER_D,2025-07-11 20:00,GWANGYANG,20FT,0,0,0,0,0,0,0,0
CARRIER_D,2025-07-11 21:00,GWANGYANG,20FT,0,0,0,0,0,0,0,0
CARRIER_D,2025-07-11 22:00,GWANGYANG,20FT,0,0,0,0,0,0,0,0
CARRIER_D,2025-07-11 23:00,GWANGYANG,20FT,0,0,0,0,0,0,0,0
CARRIER_D,2025-07-12 00:00,GWANGYANG,20FT,0,0,0,0,0,0,0,0
CARRIER_D,2025-07-12 01:00,GWANGYANG,20FT,0,0,0,0,0,0,0,0
CARRIER_D,2025-07-12 02:00,GWANGYANG,20FT,0,0,0,0,0,0,0,0
CARRIER_D,2025-07-12 03:00,GWANGYANG,20FT,0,0,0,0,0,0,0,0
CARRIER_D,2025-07-12 04:00,GWANGYANG,20FT,0,0,0,0,0,0,0,0
CARRIER_D,2025-07-12 05:00,GWANGYANG,20FT,0,0,0,0,0,0,0,0
CARRIER_D,2025-07-12 06:00,GWANGYANG,20FT,0,0,0,0,0,0,0,0
CARRIER_D,2025-07-12 07:00,GWANGYANG,20FT,0,0,0,0,0,0,0,0
CARRIER_D,2025-07-12 08:00,GWANGYANG,20FT,0,0,0,0,0,0,0,0
CARRIER_D,2025-07-12 09:00,GWANGYANG,20FT,0,0,0,0,0,0,0,0
CARRIER_D,2025-07-12 10:00,GWANGYANG,20FT,0,0,0,0,0,0,0,0
CARRIER_D,2025-07-12 11:00,GWANGYANG,20FT,0,0,0,0,0,0,0,0
CARRIER_D,2025-07-12 12:00,GWANGYANG,20FT,0,0,0,0,0,0,0,0
CARRIER_D,2025-07-12 13:00,GWANGYANG,20FT,0,0,0,0,0,0,0,0
CARRIER_D,2025-07-12 14:00,GWANGYANG,20FT,0,0,0,0,0,0,0,0
CARRIER_D,2025-07-12 15:00,GWANGYANG,20FT,0,0,0,0,0,0,0,0
CARRIER_D,2025-07-12 16:00,GWANGYANG,20FT,0,0,0,0,0,0,0,0
CARRIER_D,2025-07-12 17:00,GWANGYANG,20FT,0,0,0,0,0,0,0,0
CARRIER_D,2025-07-12 18:00,GWANGYANG,20FT,0,0,0,0,0,0,0,0
CARRIER_D,2025-07-12 19:00,GWANGYANG,20FT,0,0,0,0,0,0,0,0
CARRIER_D,2025-07-12 20:00,GWANGYANG,20FT,0,0,0,0,0,0,0,0
CARRIER_D,2025-07-12 21:00,GWANGYANG,20FT,0,0,0,0,0,0,0,0
CARRIER_D,2025-07-12 22:00,GWANGYANG,20FT,0,0,0,0,0,0,0,0
CARRIER_D,2025-07-12 23:00,GWANGYANG,20FT,0,0,0,0,0,0,0,0
CARRIER_D,2025-07-13 00:00,GWANGYANG,20FT,0,0,0,0,0,0,0,0
CARRIER_D,2025-07-13 01:00,GWANGYANG,20FT,0,0,0,0,0,0,0,0
CARRIER_D,2025-07-13 02:00,GWANGYANG,20FT,0,0,0,0,0,0,0,0
CARRIER_D,2025-07-13 03:00,GWANGYANG,20FT,0,0,0,0,0,0,0,0
CARRIER_D,2025-07-13 04:00,GWANGYANG,20FT,0,0,0,0,0,0,0,0
CARRIER_D,2025-07-13 05:00,GWANGYANG,20FT,0,0,0,0,0,0,0,0
CARRIER_D,2025-07-13 06:00,GWANGYANG,20FT,0,0,0,0,0,0,0,0
CARRIER_D,2025-07-13 07:00,GWANGYANG,20FT,0,0,0,0,0,0,0,0
CARRIER_D,2025-07-13 08:00,GWANGYANG,20FT,0,0,0,0,0,0,0,0
CARRIER_D,2025-07-13 09:00,GWANGYANG,20FT,0,0,0,0,0,0,0,0
CARRIER_D,2025-07-13 10:00,GWANGYANG,20FT,0,0,0,0,0,0,0,0
CARRIER_D,2025-07-13 11:00,GWANGYANG,20FT,0,0,0,0,0,0,0,0
CARRIER_D,2025-07-13 12:00,GWANGYANG,20FT,0,0,0,0,0,0,0,0
CARRIER_D,2025-07-13 13:00,GWANGYANG,20FT,0,0,0,0,0,0,0,0
CARRIER_D,2025-07-13 14:00,GWANGYANG,20FT,0,0,0,0,0,0,0,0
CARRIER_D,2025-07-13 15:00,GWANGYANG,20FT,0,0,0,0,0,0,0,0
CARRIER_D,2025-07-13 16:00,GWANGYANG,20FT,0,0,0,0,0,0,0,0
CARRIER_D,2025-07-13 17:00,GWANGYANG,20FT,0,0,0,0,0,0,0,0
CARRIER_D,2025-07-13 18:00,GWANGYANG,20FT,0,0,0,0,0,0,0,0
CARRIER_D,2025-07-13 19:00,GWANGYANG,20FT,0,0,0,0,0,0,0,0
CARRIER_D,2025-07-13 20:00,GWANGYANG,20FT,0,0,0,0,0,0,0,0
CARRIER_D,2025-07-13 21:00,GWANGYANG,20FT,0,0,0,0,0,0,0,0
CARRIER_D,2025-07-13 22:00,GWANGYANG,20FT,0,0,0,0,0,0,0,0
CARRIER_D,2025-07-13 23:00,GWANGYANG,20FT,0,0,0,0,0,0,0,0
CARRIER_D,2025-07-14 00:00,GWANGYANG,20FT,0,0,0,0,0,0,0,0
CARRIER_D,2025-07-14 01:00,GWANGYANG,20FT,0,0,0,0,0,0,0,0
CARRIER_D,2025-07-14 02:00,GWANGYANG,20FT,0,0,0,0,0,0,0,0
CARRIER_D,2025-07-14 03:00,GWANGYANG,20FT,0,0,0,0,0,0,0,0
CARRIER_D,2025-07-14 04:00,GWANGYANG,20FT,0,0,0,0,0,0,0,0
CARRIER_D,2025-07-14 05:00,GWANGYANG,20FT,0,0,0,0,0,0,0,0
CARRIER_D,2025-07-14 06:00,GWANGYANG,20FT,0,0,0,0,0,0,0,0
CARRIER_D,2025-07-14 07:00,GWANGYANG,20FT,0,0,0,0,0,0,0,0
CARRIER_D,2025-07-14 08:00,GWANGYANG,20FT,0,0,0,0,0,0,0,0
CARRIER_D,2025-07-14 09:00,GWANGYANG,20FT,0,0,0,0,0,0,0,0
CARRIER_D,2025-07-14 10:00,GWANGYANG,20FT,0,0,0,0,0,0,0,0
CARRIER_D,2025-07-14 11:00,GWANGYANG,20FT,0,0,0,0,0,0,0,0
CARRIER_D,2025-07-14 12:00,GWANGYANG,20FT,0,0,0,0,0,0,0,0
CARRIER_D,2025-07-14 13:00,GWANGYANG,20FT,0,0,0,0,0,0,0,0
CARRIER_D,2025-07-14 14:00,GWANGYANG,20FT,0,0,0,0,0,0,0,0
CARRIER_D,2025-07-14 15:00,GWANGYANG,20FT,0,0,0,0,0,0,0,0
CARRIER_D,2025-07-14 16:00,GWANGYANG,20FT,0,0,0,0,0,0,0,0
CARRIER_D,2025-07-14 17:00,GWANGYANG,20FT,0,0,0,0,0,0,0,0
CARRIER_D,2025-07-14 18:00,GWANGYANG,20FT,0,0,0,0,0,0,0,0
CARRIER_D,2025-07-14 19:00,GWANGYANG,20FT,0,0,0,0,0,0,0,0
CARRIER_D,2025-07-14 20:00,GWANGYANG,20FT,0,0,0,0,0,0,0,0
CARRIER_D,2025-07-14 21:00,GWANGYANG,20FT,0,0,0,0,0,0,0,0
CARRIER_D,2025-07-14 22:00,GWANGYANG,20FT,0,0,0,0,0,0,0,0
CARRIER_D,2025-07-14 23:00,GWANGYANG,20FT,0,0,0,0,0,0,0,0
CARRIER_D,2025-07-08 00:00,GWANGYANG,40FT,0,0,0,0,5,5,0,0
CARRIER_D,2025-07-08 01:00,GWANGYANG,40FT,0,0,0,0,5,5,0,0
CARRIER_D,2025-07-08 02:00,GWANGYANG,40FT,0,0,0,0,5,5,0,0
CARRIER_D,2025-07-08 03:00,GWANGYANG,40FT,0,0,0,0,5,5,0,0
CARRIER_D,2025-07-08 04:00,GWANGYANG,40FT,0,0,0,0,5,5,0,0
CARRIER_D,2025-07-08 05:00,GWANGYANG,40FT,0,0,0,0,5,5,0,0
CARRIER_D,2025-07-08 06:00,GWANGYANG,40FT,0,0,0,0,5,5,0,0
CARRIER_D,2025-07-08 07:00,GWANGYANG,40FT,0,0,0,0,5,5,0,0
CARRIER_D,2025-07-08 08:00,GWANGYANG,40FT,0,0,0,0,5,5,0,0
CARRIER_D,2025-07-08 09:00,GWANGYANG,40FT,0,0,0,0,5,5,0,0
CARRIER_D,2025-07-08 10:00,GWANGYANG,40FT,0,0,0,0,5,5,0,0
CARRIER_D,2025-07-08 11:00,GWANGYANG,40FT,0,0,0,0,5,5,0,0
CARRIER_D,2025-07-08 12:00,GWANGYANG,40FT,0,0,0,0,5,5,0,0
CARRIER_D,2025-07-08 13:00,GWANGYANG,40FT,1,0,0,0,4,4,0,0
CARRIER_D,2025-07-08 14:00,GWANGYANG,40FT,0,0,0,0,4,4,0,0
CARRIER_D,2025-07-08 15:00,GWANGYANG,40FT,1,0,0,0,3,3,0,0
CARRIER_D,2025-07-08 16:00,GWANGYANG,40FT,0,0,0,0,3,3,0,0
CARRIER_D,2025-07-08 17:00,GWANGYANG,40FT,0,0,0,0,3,3,0,0
CARRIER_D,2025-07-08 18:00,GWANGYANG,40FT,0,0,0,0,3,3,0,0
CARRIER_D,2025-07-08 19:00,GWANGYANG,40FT,0,0,0,0,3,3,0,0
CARRIER_D,2025-07-08 20:00,GWANGYANG,40FT,0,0,0,0,3,3,0,0
CARRIER_D,2025-07-08 21:00,GWANGYANG,40FT,0,0,0,0,3,3,0,0
CARRIER_D,2025-07-08 22:00,GWANGYANG,40FT,0,0,0,0,3,3,0,0
CARRIER_D,2025-07-08 23:00,GWANGYANG,40FT,0,0,0,0,3,3,0,0
CARRIER_D,2025-07-09 00:00,GWANGYANG,40FT,0,0,0,0,3,3,0,0
CARRIER_D,2025-07-09 01:00,GWANGYANG,40FT,0,0,0,0,3,3,0,0
CARRIER_D,2025-07-09 02:00,GWANGYANG,40FT,0,0,0,0,3,3,0,0
CARRIER_D,2025-07-09 03:00,GWANGYANG,40FT,0,0,0,0,3,3,0,0
CARRIER_D,2025-07-09 04:00,GWANGYANG,40FT,0,0,0,0,3,3,0,0
CARRIER_D,2025-07-09 05:00,GWANGYANG,40FT,0,0,0,0,3,3,0,0
CARRIER_D,2025-07-09 06:00,GWANGYANG,40FT,0,0,0,0,3,3,0,0
CARRIER_D,2025-07-09 07:00,GWANGYANG,40FT,0,0,0,0,3,3,0,0
CARRIER_D,2025-07-09 08:00,GWANGYANG,40FT,0,0,0,0,3,3,0,0
CARRIER_D,2025-07-09 09:00,GWANGYANG,40FT,0,0,0,0,3,3,0,0
CARRIER_D,2025-07-09 10:00,GWANGYANG,40FT,0,0,0,0,3,3,0,0
CARRIER_D,2025-07-09 11:00,GWANGYANG,40FT,0,0,0,0,3,3,0,0
CARRIER_D,2025-07-09 12:00,GWANGYANG,40FT,0,0,0,0,3,3,0,0
CARRIER_D,2025-07-09 13:00,GWANGYANG,40FT,0,0,0,0,3,3,0,0
CARRIER_D,2025-07-09 14:00,GWANGYANG,40FT,0,1,0,0,4,4,0,0
CARRIER_D,2025-07-09 15:00,GWANGYANG,40FT,1,0,0,0,3,3,0,0
CARRIER_D,2025-07-09 16:00,GWANGYANG,40FT,1,0,0,0,2,2,0,0
CARRIER_D,2025-07-09 17:00,GWANGYANG,40FT,1,0,0,0,1,1,0,0
CARRIER_D,2025-07-09 18:00,GWANGYANG,40FT,0,0,0,0,1,1,0,0
CARRIER_D,2025-07-09 19:00,GWANGYANG,40FT,0,0,0,0,1,1,0,0
CARRIER_D,2025-07-09 20:00,GWANGYANG,40FT,0,0,0,0,1,1,0,0
CARRIER_D,2025-07-09 21:00,GWANGYANG,40FT,0,0,0,0,1,1,0,0
CARRIER_D,2025-07-09 22:00,GWANGYANG,40FT,0,0,0,0,1,1,0,0
CARRIER_D,2025-07-09 23:00,GWANGYANG,40FT,0,0,0,0,1,1,0,0
CARRIER_D,2025-07-10 00:00,GWANGYANG,40FT,0,0,0,0,1,1,0,0
CARRIER_D,2025-07-10 01:00,GWANGYANG,40FT,0,0,0,0,1,1,0,0
CARRIER_D,2025-07-10 02:00,GWANGYANG,40FT,0,0,0,0,1,1,0,0
CARRIER_D,2025-07-10 03:00,GWANGYANG,40FT,0,0,0,0,1,1,0,0
CARRIER_D,2025-07-10 04:00,GWANGYANG,40FT,0,0,0,0,1,1,0,0
CARRIER_D,2025-07-10 05:00,GWANGYANG,40FT,1,0,0,0,0,0,0,0
CARRIER_D,2025-07-10 06:00,GWANGYANG,40FT,0,0,0,0,0,0,0,0
CARRIER_D,2025-07-10 07:00,GWANGYANG,40FT,0,0,0,0,0,0,0,0
CARRIER_D,2025-07-10 08:00,GWANGYANG,40FT,0,0,0,0,0,0,0,0
CARRIER_D,2025-07-10 09:00,GWANGYANG,40FT,0,0,0,0,0,0,0,0
CARRIER_D,2025-07-10 10:00,GWANGYANG,40FT,0,0,0,0,0,0,0,0
CARRIER_D,2025-07-10 11:00,GWANGYANG,40FT,0,0,0,0,0,0,0,0
CARRIER_D,2025-07-10 12:00,GWANGYANG,40FT,0,0,0,0,0,0,0,0
CARRIER_D,2025-07-10 13:00,GWANGYANG,40FT,0,0,0,0,0,0,0,0
CARRIER_D,2025-07-10 14:00,GWANGYANG,40FT,0,0,0,0,0,0,0,0
CARRIER_D,2025-07-10 15:00,GWANGYANG,40FT,0,0,0,0,0,0,0,0
CARRIER_D,2025-07-10 16:00,GWANGYANG,40FT,0,0,0,0,0,0,0,0
CARRIER_D,2025-07-10 17:00,GWANGYANG,40FT,0,0,0,0,0,0,0,0
CARRIER_D,2025-07-10 18:00,GWANGYANG,40FT,0,0,0,0,0,0,0,0
CARRIER_D,2025-07-10 19:00,GWANGYANG,40FT,0,0,0,0,0,0,0,0
CARRIER_D,2025-07-10 20:00,GWANGYANG,40FT,0,0,0,0,0,0,0,0
CARRIER_D,2025-07-10 21:00,GWANGYANG,40FT,0,0,0,0,0,0,0,0
CARRIER_D,2025-07-10 22:00,GWANGYANG,40FT,0,0,0,0,0,0,0,0
CARRIER_D,2025-07-10 23:00,GWANGYANG,40FT,0,0,0,0,0,0,0,0
CARRIER_D,2025-07-11 00:00,GWANGYANG,40FT,0,0,0,0,0,0,0,0
CARRIER_D,2025-07-11 01:00,GWANGYANG,40FT,0,0,0,0,0,0,0,0
CARRIER_D,2025-07-11 02:00,GWANGYANG,40FT,0,0,0,0,0,0,0,0
CARRIER_D,2025-07-11 03:00,GWANGYANG,40FT,0,0,0,0,0,0,0,0
CARRIER_D,2025-07-11 04:00,GWANGYANG,40FT,0,0,0,0,0,0,0,0
CARRIER_D,2025-07-11 05:00,GWANGYANG,40FT,0,0,0,0,0,0,0,0
CARRIER_D,2025-07-11 06:00,GWANGYANG,40FT,0,0,0,0,0,0,0,0
CARRIER_D,2025-07-11 07:00,GWANGYANG,40FT,0,0,0,0,0,0,0,0
CARRIER_D,2025-07-11 08:00,GWANGYANG,40FT,0,0,0,0,0,0,0,0
CARRIER_D,2025-07-11 09:00,GWANGYANG,40FT,0,0,0,0,0,0,0,0
CARRIER_D,2025-07-11 10:00,GWANGYANG,40FT,0,0,0,0,0,0,0,0
CARRIER_D,2025-07-11 11:00,GWANGYANG,40FT,0,0,0,0,0,0,0,0
CARRIER_D,2025-07-11 12:00,GWANGYANG,40FT,0,0,0,0,0,0,0,0
CARRIER_D,2025-07-11 13:00,GWANGYANG,40FT,0,0,0,0,0,0,0,0
CARRIER_D,2025-07-11 14:00,GWANGYANG,40FT,0,0,0,0,0,0,0,0
CARRIER_D,2025-07-11 15:00,GWANGYANG,40FT,0,0,0,0,0,0,0,0
CARRIER_D,2025-07-11 16:00,GWANGYANG,40FT,0,0,0,0,0,0,0,0
CARRIER_D,2025-07-11 17:00,GWANGYANG,40FT,1,0,0,0,0,0,1,1
CARRIER_D,2025-07-11 18:00,GWANGYANG,40FT,0,0,0,0,0,0,0,0
CARRIER_D,2025-07-11 19:00,GWANGYANG,40FT,0,0,0,0,0,0,0,0
CARRIER_D,2025-07-11 20:00,GWANGYANG,40FT,0,0,0,0,0,0,0,0
CARRIER_D,2025-07-11 21:00,GWANGYANG,40FT,0,0,0,0,0,0,0,0
CARRIER_D,2025-07-11 22:00,GWANGYANG,40FT,0,0,0,0,0,0,0,0
CARRIER_D,2025-07-11 23:00,GWANGYANG,40FT,0,0,0,0,0,0,0,0
CARRIER_D,2025-07-12 00:00,GWANGYANG,40FT,0,0,0,0,0,0,0,0
CARRIER_D,2025-07-12 01:00,GWANGYANG,40FT,0,0,0,0,0,0,0,0
CARRIER_D,2025-07-12 02:00,GWANGYANG,40FT,0,0,0,0,0,0,0,0
CARRIER_D,2025-07-12 03:00,GWANGYANG,40FT,0,0,0,0,0,0,0,0
CARRIER_D,2025-07-12 04:00,GWANGYANG,40FT,0,0,0,0,0,0,0,0
CARRIER_D,2025-07-12 05:00,GWANGYANG,40FT,0,0,0,0,0,0,0,0
CARRIER_D,2025-07-12 06:00,GWANGYANG,40FT,1,0,0,0,0,0,1,1
CARRIER_D,2025-07-12 07:00,GWANGYANG,40FT,0,0,0,0,0,0,0,0
CARRIER_D,2025-07-12 08:00,GWANGYANG,40FT,0,0,0,0,0,0,0,0
CARRIER_D,2025-07-12 09:00,GWANGYANG,40FT,0,0,0,0,0,0,0,0
CARRIER_D,2025-07-12 10:00,GWANGYANG,40FT,0,0,0,0,0,0,0,0
CARRIER_D,2025-07-12 11:00,GWANGYANG,40FT,0,0,0,0,0,0,0,0
CARRIER_D,2025-07-12 12:00,GWANGYANG,40FT,0,0,0,0,0,0,0,0
CARRIER_D,2025-07-12 13:00,GWANGYANG,40FT,0,0,0,0,0,0,0,0
CARRIER_D,2025-07-12 14:00,GWANGYANG,40FT,0,0,0,0,0,0,0,0
CARRIER_D,2025-07-12 15:00,GWANGYANG,40FT,0,0,0,0,0,0,0,0
CARRIER_D,2025-07-12 16:00,GWANGYANG,40FT,0,0,0,0,0,0,0,0
CARRIER_D,2025-07-12 17:00,GWANGYANG,40FT,0,0,0,0,0,0,0,0
CARRIER_D,2025-07-12 18:00,GWANGYANG,40FT,0,0,0,0,0,0,0,0
CARRIER_D,2025-07-12 19:00,GWANGYANG,40FT,0,0,0,0,0,0,0,0
CARRIER_D,2025-07-12 20:00,GWANGYANG,40FT,0,0,0,0,0,0,0,0
CARRIER_D,2025-07-12 21:00,GWANGYANG,40FT,0,0,0,0,0,0,0,0
CARRIER_D,2025-07-12 22:00,GWANGYANG,40FT,0,0,0,0,0,0,0,0
CARRIER_D,2025-07-12 23:00,GWANGYANG,40FT,0,0,0,0,0,0,0,0
CARRIER_D,2025-07-13 00:00,GWANGYANG,40FT,0,0,0,0,0,0,0,0
CARRIER_D,2025-07-13 01:00,GWANGYANG,40FT,0,0,0,0,0,0,0,0
CARRIER_D,2025-07-13 02:00,GWANGYANG,40FT,0,0,0,0,0,0,0,0
CARRIER_D,2025-07-13 03:00,GWANGYANG,40FT,0,0,0,0,0,0,0,0
CARRIER_D,2025-07-13 04:00,GWANGYANG,40FT,0,0,0,0,0,0,0,0
CARRIER_D,2025-07-13 05:00,GWANGYANG,40FT,0,0,0,0,0,0,0,0
CARRIER_D,2025-07-13 06:00,GWANGYANG,40FT,0,0,0,0,0,0,0,0
CARRIER_D,2025-07-13 07:00,GWANGYANG,40FT,0,0,0,0,0,0,0,0
CARRIER_D,2025-07-13 08:00,GWANGYANG,40FT,0,1,0,0,1,1,0,0
CARRIER_D,2025-07-13 09:00,GWANGYANG,40FT,0,0,0,0,1,1,0,0
CARRIER_D,2025-07-13 10:00,GWANGYANG,40FT,0,0,0,0,1,1,0,0
CARRIER_D,2025-07-13 11:00,GWANGYANG,40FT,0,0,0,0,1,1,0,0
CARRIER_D,2025-07-13 12:00,GWANGYANG,40FT,0,0,0,0,1,1,0,0
CARRIER_D,2025-07-13 13:00,GWANGYANG,40FT,0,0,0,0,1,1,0,0
CARRIER_D,2025-07-13 14:00,GWANGYANG,40FT,0,0,0,0,1,1,0,0
CARRIER_D,2025-07-13 15:00,GWANGYANG,40FT,1,0,0,0,0,0,0,0
CARRIER_D,2025-07-13 16:00,GWANGYANG,40FT,0,0,0,0,0,0,0,0
CARRIER_D,2025-07-13 17:00,GWANGYANG,40FT,0,0,0,0,0,0,0,0
CARRIER_D,2025-07-13 18:00,GWANGYANG,40FT,0,0,0,0,0,0,0,0
CARRIER_D,2025-07-13 19:00,GWANGYANG,40FT,0,0,0,0,0,0,0,0
CARRIER_D,2025-07-13 20:00,GWANGYANG,40FT,0,0,0,0,0,0,0,0
CARRIER_D,2025-07-13 21:00,GWANGYANG,40FT,0,0,0,0,0,0,0,0
CARRIER_D,2025-07-13 22:00,GWANGYANG,40FT,0,0,0,0,0,0,0,0
CARRIER_D,2025-07-13 23:00,GWANGYANG,40FT,0,0,0,0,0,0,0,0
CARRIER_D,2025-07-14 00:00,GWANGYANG,40FT,0,0,0,0,0,0,0,0
CARRIER_D,2025-07-14 01:00,GWANGYANG,40FT,0,0,0,0,0,0,0,0
CARRIER_D,2025-07-14 02:00,GWANGYANG,40FT,0,0,0,0,0,0,0,0
CARRIER_D,2025-07-14 03:00,GWANGYANG,40FT,0,0,0,0,0,0,0,0
CARRIER_D,2025-07-14 04:00,GWANGYANG,40FT,0,0,0,0,0,0,0,0
CARRIER_D,2025-07-14 05:00,GWANGYANG,40FT,0,0,0,0,0,0,0,0
CARRIER_D,2025-07-14 06:00,GWANGYANG,40FT,1,0,0,0,0,0,1,1
CARRIER_D,2025-07-14 07:00,GWANGYANG,40FT,0,0,0,0,0,0,0,0
CARRIER_D,2025-07-14 08:00,GWANGYANG,40FT,0,0,0,0,0,0,0,0
CARRIER_D,2025-07-14 09:00,GWANGYANG,40FT,0,0,0,0,0,0,0,0
CARRIER_D,2025-07-14 10:00,GWANGYANG,40FT,0,0,0,0,0,0,0,0
CARRIER_D,2025-07-14 11:00,GWANGYANG,40FT,0,0,0,0,0,0,0,0
CARRIER_D,2025-07-14 12:00,GWANGYANG,40FT,1,0,0,0,0,0,1,1
CARRIER_D,2025-07-14 13:00,GWANGYANG,40FT,0,0,0,0,0,0,0,0
CARRIER_D,2025-07-14 14:00,GWANGYANG,40FT,0,0,0,0,0,0,0,0
CARRIER_D,2025-07-14 15:00,GWANGYANG,40FT,0,0,0,0,0,0,0,0
CARRIER_D,2025-07-14 16:00,GWANGYANG,40FT,0,0,0,0,0,0,0,0
CARRIER_D,2025-07-14 17:00,GWANGYANG,40FT,0,0,0,0,0,0,0,0
CARRIER_D,2025-07-14 18:00,GWANGYANG,40FT,0,0,0,0,0,0,0,0
CARRIER_D,2025-07-14 19:00,GWANGYANG,40FT,0,0,0,0,0,0,0,0
CARRIER_D,2025-07-14 20:00,GWANGYANG,40FT,0,0,0,0,0,0,0,0
CARRIER_D,2025-07-14 21:00,GWANGYANG,40FT,0,0,0,0,0,0,0,0
CARRIER_D,2025-07-14 22:00,GWANGYANG,40FT,0,0,0,0,0,0,0,0
CARRIER_D,2025-07-14 23:00,GWANGYANG,40FT,0,0,0,0,0,0,0,0
CARRIER_D,2025-07-08 00:00,UIWANG,20FT,0,0,0,0,8,8,0,0
CARRIER_D,2025-07-08 01:00,UIWANG,20FT,0,0,0,0,8,8,0,0
CARRIER_D,2025-07-08 02:00,UIWANG,20FT,0,0,0,0,8,8,0,0
CARRIER_D,2025-07-08 03:00,UIWANG,20FT,0,0,0,0,8,8,0,0
CARRIER_D,2025-07-08 04:00,UIWANG,20FT,0,0,0,0,8,8,0,0
CARRIER_D,2025-07-08 05:00,UIWANG,20FT,1,0,0,0,7,7,0,0
CARRIER_D,2025-07-08 06:00,UIWANG,20FT,0,0,0,0,7,7,0,0
CARRIER_D,2025-07-08 07:00,UIWANG,20FT,0,0,0,0,7,7,0,0
CARRIER_D,2025-07-08 08:00,UIWANG,20FT,0,0,0,0,7,7,0,0
CARRIER_D,2025-07-08 09:00,UIWANG,20FT,0,0,0,0,7,7,0,0
CARRIER_D,2025-07-08 10:00,UIWANG,20FT,0,0,0,0,7,7,0,0
CARRIER_D,2025-07-08 11:00,UIWANG,20FT,0,0,0,0,7,7,0,0
CARRIER_D,2025-07-08 12:00,UIWANG,20FT,0,0,0,0,7,7,0,0
CARRIER_D,2025-07-08 13:00,UIWANG,20FT,0,0,0,0,7,7,0,0
CARRIER_D,2025-07-08 14:00,UIWANG,20FT,0,1,0,0,8,8,0,0
CARRIER_D,2025-07-08 15:00,UIWANG,20FT,1,0,0,0,7,7,0,0
CARRIER_D,2025-07-08 16:00,UIWANG,20FT,0,0,0,0,7,7,0,0
CARRIER_D,2025-07-08 17:00,UIWANG,20FT,0,0,0,0,7,7,0,0
CARRIER_D,2025-07-08 18:00,UIWANG,20FT,1,0,0,0,6,6,0,0
CARRIER_D,2025-07-08 19:00,UIWANG,20FT,0,1,0,0,7,7,0,0
CARRIER_D,2025-07-08 20:00,UIWANG,20FT,0,0,0,0,7,7,0,0
CARRIER_D,2025-07-08 21:00,UIWANG,20FT,0,0,0,0,7,7,0,0
CARRIER_D,2025-07-08 22:00,UIWANG,20FT,0,0,0,0,7,7,0,0
CARRIER_D,2025-07-08 23:00,UIWANG,20FT,0,0,0,0,7,7,0,0
CARRIER_D,2025-07-09 00:00,UIWANG,20FT,0,0,0,0,7,7,0,0
CARRIER_D,2025-07-09 01:00,UIWANG,20FT,0,0,0,0,7,7,0,0
CARRIER_D,2025-07-09 02:00,UIWANG,20FT,0,0,0,0,7,7,0,0
CARRIER_D,2025-07-09 03:00,UIWANG,20FT,0,0,0,0,7,7,0,0
CARRIER_D,2025-07-09 04:00,UIWANG,20FT,0,0,0,0,7,7,0,0
CARRIER_D,2025-07-09 05:00,UIWANG,20FT,0,0,0,0,7,7,0,0
CARRIER_D,2025-07-09 06:00,UIWANG,20FT,0,0,0,0,7,7,0,0
CARRIER_D,2025-07-09 07:00,UIWANG,20FT,0,0,0,0,7,7,0,0
CARRIER_D,2025-07-09 08:00,UIWANG,20FT,0,0,0,0,7,7,0,0
CARRIER_D,2025-07-09 09:00,UIWANG,20FT,0,0,0,0,7,7,0,0
CARRIER_D,2025-07-09 10:00,UIWANG,20FT,0,0,0,0,7,7,0,0
CARRIER_D,2025-07-09 11:00,UIWANG,20FT,1,1,0,0,7,7,0,0
CARRIER_D,2025-07-09 12:00,UIWANG,20FT,0,1,0,0,8,8,0,0
CARRIER_D,2025-07-09 13:00,UIWANG,20FT,0,1,0,0,9,9,0,0
CARRIER_D,2025-07-09 14:00,UIWANG,20FT,0,0,0,0,9,9,0,0
CARRIER_D,2025-07-09 15:00,UIWANG,20FT,0,1,0,0,10,10,0,0
CARRIER_D,2025-07-09 16:00,UIWANG,20FT,1,0,0,0,9,9,0,0
CARRIER_D,2025-07-09 17:00,UIWANG,20FT,0,1,0,0,10,10,0,0
CARRIER_D,2025-07-09 18:00,UIWANG,20FT,0,1,0,0,11,11,0,0
CARRIER_D,2025-07-09 19:00,UIWANG,20FT,0,1,0,0,12,12,0,0
CARRIER_D,2025-07-09 20:00,UIWANG,20FT,0,0,0,0,12,12,0,0
CARRIER_D,2025-07-09 21:00,UIWANG,20FT,0,0,0,0,12,12,0,0
CARRIER_D,2025-07-09 22:00,UIWANG,20FT,0,0,0,0,12,12,0,0
CARRIER_D,2025-07-09 23:00,UIWANG,20FT,0,0,0,0,12,12,0,0
CARRIER_D,2025-07-10 00:00,UIWANG,20FT,0,0,0,0,12,12,0,0
CARRIER_D,2025-07-10 01:00,UIWANG,20FT,0,0,0,0,12,12,0,0
CARRIER_D,2025-07-10 02:00,UIWANG,20FT,0,0,0,0,12,12,0,0
CARRIER_D,2025-07-10 03:00,UIWANG,20FT,0,0,0,0,12,12,0,0
CARRIER_D,2025-07-10 04:00,UIWANG,20FT,0,0,0,0,12,12,0,0
CARRIER_D,2025-07-10 05:00,UIWANG,20FT,0,0,0,0,12,12,0,0
CARRIER_D,2025-07-10 06:00,UIWANG,20FT,0,0,0,0,12,12,0,0
CARRIER_D,2025-07-10 07:00,UIWANG,20FT,0,1,0,0,13,13,0,0
CARRIER_D,2025-07-10 08:00,UIWANG,20FT,0,0,0,0,13,13,0,0
CARRIER_D,2025-07-10 09:00,UIWANG,20FT,1,2,0,0,14,14,0,0
CARRIER_D,2025-07-10 10:00,UIWANG,20FT,0,0,0,0,14,14,0,0
CARRIER_D,2025-07-10 11:00,UIWANG,20FT,0,1,0,0,15,15,0,0
CARRIER_D,2025-07-10 12:00,UIWANG,20FT,0,1,0,0,16,16,0,0
CARRIER_D,2025-07-10 13:00,UIWANG,20FT,0,3,0,0,19,19,0,0
CARRIER_D,2025-07-10 14:00,UIWANG,20FT,0,1,0,0,20,20,0,0
CARRIER_D,2025-07-10 15:00,UIWANG,20FT,0,1,0,0,21,21,0,0
CARRIER_D,2025-07-10 16:00,UIWANG,20FT,0,0,0,0,21,21,0,0
CARRIER_D,2025-07-10 17:00,UIWANG,20FT,0,0,0,0,21,21,0,0
CARRIER_D,2025-07-10 18:00,UIWANG,20FT,1,0,0,0,20,20,0,0
CARRIER_D,2025-07-10 19:00,UIWANG,20FT,0,0,0,0,20,20,0,0
CARRIER_D,2025-07-10 20:00,UIWANG,20FT,1,0,0,0,19,19,0,0
CARRIER_D,2025-07-10 21:00,UIWANG,20FT,0,0,0,0,19,19,0,0
CARRIER_D,2025-07-10 22:00,UIWANG,20FT,0,0,0,0,19,19,0,0
CARRIER_D,2025-07-10 23:00,UIWANG,20FT,0,0,0,0,19,19,0,0
CARRIER_D,2025-07-11 00:00,UIWANG,20FT,0,0,0,0,19,19,0,0
CARRIER_D,2025-07-11 01:00,UIWANG,20FT,0,0,0,0,19,19,0,0
CARRIER_D,2025-07-11 02:00,UIWANG,20FT,0,0,0,0,19,19,0,0
CARRIER_D,2025-07-11 03:00,UIWANG,20FT,0,0,0,0,19,19,0,0
CARRIER_D,2025-07-11 04:00,UIWANG,20FT,0,0,0,0,19,19,0,0
CARRIER_D,2025-07-11 05:00,UIWANG,20FT,1,0,0,0,18,18,0,0
CARRIER_D,2025-07-11 06:00,UIWANG,20FT,0,0,0,0,18,18,0,0
CARRIER_D,2025-07-11 07:00,UIWANG,20FT,0,0,0,0,18,18,0,0
CARRIER_D,2025-07-11 08:00,UIWANG,20FT,0,0,0,0,18,18,0,0
CARRIER_D,2025-07-11 09:00,UIWANG,20FT,2,0,0,0,16,16,0,0
CARRIER_D,2025-07-11 10:00,UIWANG,20FT,0,1,0,0,17,17,0,0
CARRIER_D,2025-07-11 11:00,UIWANG,20FT,0,0,0,0,17,17,0,0
CARRIER_D,2025-07-11 12:00,UIWANG,20FT,0,1,0,0,18,18,0,0
CARRIER_D,2025-07-11 13:00,UIWANG,20FT,0,0,0,0,18,18,0,0
CARRIER_D,2025-07-11 14:00,UIWANG,20FT,1,0,0,0,17,17,0,0
CARRIER_D,2025-07-11 15:00,UIWANG,20FT,0,0,0,0,17,17,0,0
CARRIER_D,2025-07-11 16:00,UIWANG,20FT,0,0,0,0,17,17,0,0
CARRIER_D,2025-07-11 17:00,UIWANG,20FT,0,1,0,0,18,18,0,0
CARRIER_D,2025-07-11 18:00,UIWANG,20FT,0,0,0,0,18,18,0,0
CARRIER_D,2025-07-11 19:00,UIWANG,20FT,0,0,0,0,18,18,0,0
CARRIER_D,2025-07-11 20:00,UIWANG,20FT,0,1,0,0,19,19,0,0
CARRIER_D,2025-07-11 21:00,UIWANG,20FT,0,0,0,0,19,19,0,0
CARRIER_D,2025-07-11 22:00,UIWANG,20FT,0,0,0,0,19,19,0,0
CARRIER_D,2025-07-11 23:00,UIWANG,20FT,0,0,0,0,19,19,0,0
CARRIER_D,2025-07-12 00:00,UIWANG,20FT,0,0,0,0,19,19,0,0
CARRIER_D,2025-07-12 01:00,UIWANG,20FT,0,0,0,0,19,19,0,0
CARRIER_D,2025-07-12 02:00,UIWANG,20FT,0,0,0,0,19,19,0,0
CARRIER_D,2025-07-12 03:00,UIWANG,20FT,0,0,0,0,19,19,0,0
CARRIER_D,2025-07-12 04:00,UIWANG,20FT,0,0,0,0,19,19,0,0
CARRIER_D,2025-07-12 05:00,UIWANG,20FT,0,0,0,0,19,19,0,0
CARRIER_D,2025-07-12 06:00,UIWANG,20FT,0,1,0,0,20,20,0,0
CARRIER_D,2025-07-12 07:00,UIWANG,20FT,1,0,0,0,19,19,0,0
CARRIER_D,2025-07-12 08:00,UIWANG,20FT,0,1,0,0,20,20,0,0
CARRIER_D,2025-07-12 09:00,UIWANG,20FT,0,0,0,0,20,20,0,0
CARRIER_D,2025-07-12 10:00,UIWANG,20FT,1,0,0,0,19,19,0,0
CARRIER_D,2025-07-12 11:00,UIWANG,20FT,0,1,0,0,20,20,0,0
CARRIER_D,2025-07-12 12:00,UIWANG,20FT,0,1,0,0,21,21,0,0
CARRIER_D,2025-07-12 13:00,UIWANG,20FT,1,1,0,0,21,21,0,0
CARRIER_D,2025-07-12 14:00,UIWANG,20FT,0,2,0,0,23,23,0,0
CARRIER_D,2025-07-12 15:00,UIWANG,20FT,0,2,0,0,25,25,0,0
CARRIER_D,2025-07-12 16:00,UIWANG,20FT,0,0,0,0,25,25,0,0
CARRIER_D,2025-07-12 17:00,UIWANG,20FT,0,1,0,0,26,26,0,0
CARRIER_D,2025-07-12 18:00,UIWANG,20FT,0,1,0,0,27,27,0,0
CARRIER_D,2025-07-12 19:00,UIWANG,20FT,0,0,0,0,27,27,0,0
CARRIER_D,2025-07-12 20:00,UIWANG,20FT,0,0,0,0,27,27,0,0
CARRIER_D,2025-07-12 21:00,UIWANG,20FT,0,0,0,0,27,27,0,0
CARRIER_D,2025-07-12 22:00,UIWANG,20FT,0,0,0,0,27,27,0,0
CARRIER_D,2025-07-12 23:00,UIWANG,20FT,0,0,0,0,27,27,0,0
CARRIER_D,2025-07-13 00:00,UIWANG,20FT,0,0,0,0,27,27,0,0
CARRIER_D,2025-07-13 01:00,UIWANG,20FT,0,0,0,0,27,27,0,0
CARRIER_D,2025-07-13 02:00,UIWANG,20FT,0,0,0,0,27,27,0,0
CARRIER_D,2025-07-13 03:00,UIWANG,20FT,0,0,0,0,27,27,0,0
CARRIER_D,2025-07-13 04:00,UIWANG,20FT,0,0,0,0,27,27,0,0
CARRIER_D,2025-07-13 05:00,UIWANG,20FT,0,0,0,0,27,27,0,0
CARRIER_D,2025-07-13 06:00,UIWANG,20FT,0,0,0,0,27,27,0,0
CARRIER_D,2025-07-13 07:00,UIWANG,20FT,0,0,0,0,27,27,0,0
CARRIER_D,2025-07-13 08:00,UIWANG,20FT,0,0,0,0,27,27,0,0
CARRIER_D,2025-07-13 09:00,UIWANG,20FT,0,1,0,0,28,28,0,0
CARRIER_D,2025-07-13 10:00,UIWANG,20FT,0,0,0,0,28,28,0,0
CARRIER_D,2025-07-13 11:00,UIWANG,20FT,0,0,0,0,28,28,0,0
CARRIER_D,2025-07-13 12:00,UIWANG,20FT,0,0,0,0,28,28,0,0
CARRIER_D,2025-07-13 13:00,UIWANG,20FT,0,0,0,0,28,28,0,0
CARRIER_D,2025-07-13 14:00,UIWANG,20FT,0,0,0,0,28,28,0,0
CARRIER_D,2025-07-13 15:00,UIWANG,20FT,0,0,0,0,28,28,0,0
CARRIER_D,2025-07-13 16:00,UIWANG,20FT,1,0,0,0,27,27,0,0
CARRIER_D,2025-07-13 17:00,UIWANG,20FT,0,0,0,0,27,27,0,0
CARRIER_D,2025-07-13 18:00,UIWANG,20FT,0,0,0,0,27,27,0,0
CARRIER_D,2025-07-13 19:00,UIWANG,20FT,0,1,0,0,28,28,0,0
CARRIER_D,2025-07-13 20:00,UIWANG,20FT,0,0,0,0,28,28,0,0
CARRIER_D,2025-07-13 21:00,UIWANG,20FT,0,0,0,0,28,28,0,0
CARRIER_D,2025-07-13 22:00,UIWANG,20FT,0,0,0,0,28,28,0,0
CARRIER_D,2025-07-13 23:00,UIWANG,20FT,0,0,0,0,28,28,0,0
CARRIER_D,2025-07-14 00:00,UIWANG,20FT,0,0,0,0,28,28,0,0
CARRIER_D,2025-07-14 01:00,UIWANG,20FT,0,0,0,0,28,28,0,0
CARRIER_D,2025-07-14 02:00,UIWANG,20FT,0,0,0,0,28,28,0,0
CARRIER_D,2025-07-14 03:00,UIWANG,20FT,0,0,0,0,28,28,0,0
CARRIER_D,2025-07-14 04:00,UIWANG,20FT,0,0,0,0,28,28,0,0
CARRIER_D,2025-07-14 05:00,UIWANG,20FT,0,0,0,0,28,28,0,0
CARRIER_D,2025-07-14 06:00,UIWANG,20FT,0,1,0,0,29,29,0,0
CARRIER_D,2025-07-14 07:00,UIWANG,20FT,1,0,0,0,28,28,0,0
CARRIER_D,2025-07-14 08:00,UIWANG,20FT,0,0,0,0,28,28,0,0
CARRIER_D,2025-07-14 09:00,UIWANG,20FT,0,0,0,0,28,28,0,0
CARRIER_D,2025-07-14 10:00,UIWANG,20FT,0,0,0,0,28,28,0,0
CARRIER_D,2025-07-14 11:00,UIWANG,20FT,1,0,0,0,27,27,0,0
CARRIER_D,2025-07-14 12:00,UIWANG,20FT,0,0,0,0,27,27,0,0
CARRIER_D,2025-07-14 13:00,UIWANG,20FT,0,5,0,0,32,32,0,0
CARRIER_D,2025-07-14 14:00,UIWANG,20FT,0,0,0,0,32,32,0,0
CARRIER_D,2025-07-14 15:00,UIWANG,20FT,0,1,0,0,33,33,0,0
CARRIER_D,2025-07-14 16:00,UIWANG,20FT,1,2,0,0,34,34,0,0
CARRIER_D,2025-07-14 17:00,UIWANG,20FT,0,0,0,0,34,34,0,0
CARRIER_D,2025-07-14 18:00,UIWANG,20FT,0,0,0,0,34,34,0,0
CARRIER_D,2025-07-14 19:00,UIWANG,20FT,0,0,0,0,34,34,0,0
CARRIER_D,2025-07-14 20:00,UIWANG,20FT,0,0,0,0,34,34,0,0
CARRIER_D,2025-07-14 21:00,UIWANG,20FT,0,0,0,0,34,34,0,0
CARRIER_D,2025-07-14 22:00,UIWANG,20FT,0,0,0,0,34,34,0,0
CARRIER_D,2025-07-14 23:00,UIWANG,20FT,0,0,0,0,34,34,0,0
CARRIER_D,2025-07-08 00:00,UIWANG,40FT,0,0,0,0,4,4,0,0
CARRIER_D,2025-07-08 01:00,UIWANG,40FT,0,0,0,0,4,4,0,0
CARRIER_D,2025-07-08 02:00,UIWANG,40FT,0,0,0,0,4,4,0,0
CARRIER_D,2025-07-08 03:00,UIWANG,40FT,0,0,0,0,4,4,0,0
CARRIER_D,2025-07-08 04:00,UIWANG,40FT,0,0,0,0,4,4,0,0
CARRIER_D,2025-07-08 05:00,UIWANG,40FT,0,0,0,0,4,4,0,0
CARRIER_D,2025-07-08 06:00,UIWANG,40FT,0,1,0,0,5,5,0,0
CARRIER_D,2025-07-08 07:00,UIWANG,40FT,0,0,0,0,5,5,0,0
CARRIER_D,2025-07-08 08:00,UIWANG,40FT,0,0,0,0,5,5,0,0
CARRIER_D,2025-07-08 09:00,UIWANG,40FT,0,0,0,0,5,5,0,0
CARRIER_D,2025-07-08 10:00,UIWANG,40FT,0,0,0,0,5,5,0,0
CARRIER_D,2025-07-08 11:00,UIWANG,40FT,0,0,0,0,5,5,0,0
CARRIER_D,2025-07-08 12:00,UIWANG,40FT,0,0,0,0,5,5,0,0
CARRIER_D,2025-07-08 13:00,UIWANG,40FT,0,0,0,0,5,5,0,0
CARRIER_D,2025-07-08 14:00,UIWANG,40FT,0,0,0,0,5,5,0,0
CARRIER_D,2025-07-08 15:00,UIWANG,40FT,0,2,0,0,7,7,0,0
CARRIER_D,2025-07-08 16:00,UIWANG,40FT,0,0,0,0,7,7,0,0
CARRIER_D,2025-07-08 17:00,UIWANG,40FT,0,0,0,0,7,7,0,0
CARRIER_D,2025-07-08 18:00,UIWANG,40FT,1,0,0,0,6,6,0,0
CARRIER_D,2025-07-08 19:00,UIWANG,40FT,0,0,0,0,6,6,0,0
CARRIER_D,2025-07-08 20:00,UIWANG,40FT,0,0,0,0,6,6,0,0
CARRIER_D,2025-07-08 21:00,UIWANG,40FT,0,0,0,0,6,6,0,0
CARRIER_D,2025-07-08 22:00,UIWANG,40FT,0,0,0,0,6,6,0,0
CARRIER_D,2025-07-08 23:00,UIWANG,40FT,0,0,0,0,6,6,0,0
CARRIER_D,2025-07-09 00:00,UIWANG,40FT,0,0,0,0,6,6,0,0
CARRIER_D,2025-07-09 01:00,UIWANG,40FT,0,0,0,0,6,6,0,0
CARRIER_D,2025-07-09 02:00,UIWANG,40FT,0,0,0,0,6,6,0,0
CARRIER_D,2025-07-09 03:00,UIWANG,40FT,0,0,0,0,6,6,0,0
CARRIER_D,2025-07-09 04:00,UIWANG,40FT,0,0,0,0,6,6,0,0
CARRIER_D,2025-07-09 05:00,UIWANG,40FT,0,0,0,0,6,6,0,0
CARRIER_D,2025-07-09 06:00,UIWANG,40FT,0,0,0,0,6,6,0,0
CARRIER_D,2025-07-09 07:00,UIWANG,40FT,0,0,0,0,6,6,0,0
CARRIER_D,2025-07-09 08:00,UIWANG,40FT,0,1,0,0,7,7,0,0
CARRIER_D,2025-07-09 09:00,UIWANG,40FT,0,0,0,0,7,7,0,0
CARRIER_D,2025-07-09 10:00,UIWANG,40FT,1,0,0,0,6,6,0,0
CARRIER_D,2025-07-09 11:00,UIWANG,40FT,0,1,0,0,7,7,0,0
CARRIER_D,2025-07-09 12:00,UIWANG,40FT,0,0,0,0,7,7,0,0
CARRIER_D,2025-07-09 13:00,UIWANG,40FT,0,0,0,0,7,7,0,0
CARRIER_D,2025-07-09 14:00,UIWANG,40FT,1,1,0,0,7,7,0,0
CARRIER_D,2025-07-09 15:00,UIWANG,40FT,0,0,0,0,7,7,0,0
CARRIER_D,2025-07-09 16:00,UIWANG,40FT,0,0,0,0,7,7,0,0
CARRIER_D,2025-07-09 17:00,UIWANG,40FT,0,2,0,0,9,9,0,0
CARRIER_D,2025-07-09 18:00,UIWANG,40FT,0,0,0,0,9,9,0,0
CARRIER_D,2025-07-09 19:00,UIWANG,40FT,0,1,0,0,10,10,0,0
CARRIER_D,2025-07-09 20:00,UIWANG,40FT,0,0,0,0,10,10,0,0
CARRIER_D,2025-07-09 21:00,UIWANG,40FT,0,0,0,0,10,10,0,0
CARRIER_D,2025-07-09 22:00,UIWANG,40FT,0,0,0,0,10,10,0,0
CARRIER_D,2025-07-09 23:00,UIWANG,40FT,0,0,0,0,10,10,0,0
CARRIER_D,2025-07-10 00:00,UIWANG,40FT,0,0,0,0,10,10,0,0
CARRIER_D,2025-07-10 01:00,UIWANG,40FT,0,0,0,0,10,10,0,0
CARRIER_D,2025-07-10 02:00,UIWANG,40FT,0,0,0,0,10,10,0,0
CARRIER_D,2025-07-10 03:00,UIWANG,40FT,0,0,0,0,10,10,0,0
CARRIER_D,2025-07-10 04:00,UIWANG,40FT,0,0,0,0,10,10,0,0
CARRIER_D,2025-07-10 05:00,UIWANG,40FT,0,0,0,0,10,10,0,0
CARRIER_D,2025-07-10 06:00,UIWANG,40FT,0,0,0,0,10,10,0,0
CARRIER_D,2025-07-10 07:00,UIWANG,40FT,0,0,0,0,10,10,0,0
CARRIER_D,2025-07-10 08:00,UIWANG,40FT,0,0,0,0,10,10,0,0
CARRIER_D,2025-07-10 09:00,UIWANG,40FT,1,0,0,0,9,9,0,0
CARRIER_D,2025-07-10 10:00,UIWANG,40FT,1,0,0,0,8,8,0,0
CARRIER_D,2025-07-10 11:00,UIWANG,40FT,0,0,0,0,8,8,0,0
CARRIER_D,2025-07-10 12:00,UIWANG,40FT,0,1,0,0,9,9,0,0
CARRIER_D,2025-07-10 13:00,UIWANG,40FT,0,0,0,0,9,9,0,0
CARRIER_D,2025-07-10 14:00,UIWANG,40FT,0,0,0,0,9,9,0,0
CARRIER_D,2025-07-10 15:00,UIWANG,40FT,0,1,0,0,10,10,0,0
CARRIER_D,2025-07-10 16:00,UIWANG,40FT,0,1,0,0,11,11,0,0
CARRIER_D,2025-07-10 17:00,UIWANG,40FT,0,0,0,0,11,11,0,0
CARRIER_D,2025-07-10 18:00,UIWANG,40FT,0,0,0,0,11,11,0,0
CARRIER_D,2025-07-10 19:00,UIWANG,40FT,0,0,0,0,11,11,0,0
CARRIER_D,2025-07-10 20:00,UIWANG,40FT,0,0,0,0,11,11,0,0
CARRIER_D,2025-07-10 21:00,UIWANG,40FT,0,0,0,0,11,11,0,0
CARRIER_D,2025-07-10 22:00,UIWANG,40FT,0,0,0,0,11,11,0,0
CARRIER_D,2025-07-10 23:00,UIWANG,40FT,0,0,0,0,11,11,0,0
CARRIER_D,2025-07-11 00:00,UIWANG,40FT,0,0,0,0,11,11,0,0
CARRIER_D,2025-07-11 01:00,UIWANG,40FT,0,0,0,0,11,11,0,0
CARRIER_D,2025-07-11 02:00,UIWANG,40FT,0,0,0,0,11,11,0,0
CARRIER_D,2025-07-11 03:00,UIWANG,40FT,0,0,0,0,11,11,0,0
CARRIER_D,2025-07-11 04:00,UIWANG,40FT,0,0,0,0,11,11,0,0
CARRIER_D,2025-07-11 05:00,UIWANG,40FT,0,0,0,0,11,11,0,0
CARRIER_D,2025-07-11 06:00,UIWANG,40FT,0,0,0,0,11,11,0,0
CARRIER_D,2025-07-11 07:00,UIWANG,40FT,0,0,0,0,11,11,0,0
CARRIER_D,2025-07-11 08:00,UIWANG,40FT,0,0,0,0,11,11,0,0
CARRIER_D,2025-07-11 09:00,UIWANG,40FT,1,0,0,0,10,10,0,0
CARRIER_D,2025-07-11 10:00,UIWANG,40FT,0,0,0,0,10,10,0,0
CARRIER_D,2025-07-11 11:00,UIWANG,40FT,0,0,0,0,10,10,0,0
CARRIER_D,2025-07-11 12:00,UIWANG,40FT,0,0,0,0,10,10,0,0
CARRIER_D,2025-07-11 13:00,UIWANG,40FT,0,0,0,0,10,10,0,0
CARRIER_D,2025-07-11 14:00,UIWANG,40FT,0,0,0,0,10,10,0,0
CARRIER_D,2025-07-11 15:00,UIWANG,40FT,0,0,0,0,10,10,0,0
CARRIER_D,2025-07-11 16:00,UIWANG,40FT,0,0,0,0,10,10,0,0
CARRIER_D,2025-07-11 17:00,UIWANG,40FT,0,0,0,0,10,10,0,0
CARRIER_D,2025-07-11 18:00,UIWANG,40FT,0,0,0,0,10,10,0,0
CARRIER_D,2025-07-11 19:00,UIWANG,40FT,0,0,0,0,10,10,0,0
CARRIER_D,2025-07-11 20:00,UIWANG,40FT,0,0,0,0,10,10,0,0
CARRIER_D,2025-07-11 21:00,UIWANG,40FT,0,0,0,0,10,10,0,0
CARRIER_D,2025-07-11 22:00,UIWANG,40FT,0,0,0,0,10,10,0,0
CARRIER_D,2025-07-11 23:00,UIWANG,40FT,0,0,0,0,10,10,0,0
CARRIER_D,2025-07-12 00:00,UIWANG,40FT,0,0,0,0,10,10,0,0
CARRIER_D,2025-07-12 01:00,UIWANG,40FT,0,0,0,0,10,10,0,0
CARRIER_D,2025-07-12 02:00,UIWANG,40FT,0,0,0,0,10,10,0,0
CARRIER_D,2025-07-12 03:00,UIWANG,40FT,0,0,0,0,10,10,0,0
CARRIER_D,2025-07-12 04:00,UIWANG,40FT,0,0,0,0,10,10,0,0
CARRIER_D,2025-07-12 05:00,UIWANG,40FT,0,0,0,0,10,10,0,0
CARRIER_D,2025-07-12 06:00,UIWANG,40FT,0,0,0,0,10,10,0,0
CARRIER_D,2025-07-12 07:00,UIWANG,40FT,1,0,0,0,9,9,0,0
CARRIER_D,2025-07-12 08:00,UIWANG,40FT,1,0,0,0,8,8,0,0
CARRIER_D,2025-07-12 09:00,UIWANG,40FT,1,0,0,0,7,7,0,0
CARRIER_D,2025-07-12 10:00,UIWANG,40FT,0,1,0,0,8,8,0,0
CARRIER_D,2025-07-12 11:00,UIWANG,40FT,1,0,0,0,7,7,0,0
CARRIER_D,2025-07-12 12:00,UIWANG,40FT,0,0,0,0,7,7,0,0
CARRIER_D,2025-07-12 13:00,UIWANG,40FT,0,0,0,0,7,7,0,0
CARRIER_D,2025-07-12 14:00,UIWANG,40FT,0,0,0,0,7,7,0,0
CARRIER_D,2025-07-12 15:00,UIWANG,40FT,0,0,0,0,7,7,0,0
CARRIER_D,2025-07-12 16:00,UIWANG,40FT,0,0,0,0,7,7,0,0
CARRIER_D,2025-07-12 17:00,UIWANG,40FT,0,0,0,0,7,7,0,0
CARRIER_D,2025-07-12 18:00,UIWANG,40FT,0,0,0,0,7,7,0,0
CARRIER_D,2025-07-12 19:00,UIWANG,40FT,0,0,0,0,7,7,0,0
CARRIER_D,2025-07-12 20:00,UIWANG,40FT,0,0,0,0,7,7,0,0
CARRIER_D,2025-07-12 21:00,UIWANG,40FT,0,0,0,0,7,7,0,0
CARRIER_D,2025-07-12 22:00,UIWANG,40FT,0,0,0,0,7,7,0,0
CARRIER_D,2025-07-12 23:00,UIWANG,40FT,0,0,0,0,7,7,0,0
CARRIER_D,2025-07-13 00:00,UIWANG,40FT,0,0,0,0,7,7,0,0
CARRIER_D,2025-07-13 01:00,UIWANG,40FT,0,0,0,0,7,7,0,0
CARRIER_D,2025-07-13 02:00,UIWANG,40FT,0,0,0,0,7,7,0,0
CARRIER_D,2025-07-13 03:00,UIWANG,40FT,0,0,0,0,7,7,0,0
CARRIER_D,2025-07-13 04:00,UIWANG,40FT,0,0,0,0,7,7,0,0
CARRIER_D,2025-07-13 05:00,UIWANG,40FT,0,0,0,0,7,7,0,0
CARRIER_D,2025-07-13 06:00,UIWANG,40FT,0,0,0,0,7,7,0,0
CARRIER_D,2025-07-13 07:00,UIWANG,40FT,0,0,0,0,7,7,0,0
CARRIER_D,2025-07-13 08:00,UIWANG,40FT,0,0,0,0,7,7,0,0
CARRIER_D,2025-07-13 09:00,UIWANG,40FT,0,0,0,0,7,7,0,0
CARRIER_D,2025-07-13 10:00,UIWANG,40FT,0,0,0,0,7,7,0,0
CARRIER_D,2025-07-13 11:00,UIWANG,40FT,0,0,0,0,7,7,0,0
CARRIER_D,2025-07-13 12:00,UIWANG,40FT,0,0,0,0,7,7,0,0
CARRIER_D,2025-07-13 13:00,UIWANG,40FT,0,0,0,0,7,7,0,0
CARRIER_D,2025-07-13 14:00,UIWANG,40FT,0,0,0,0,7,7,0,0
CARRIER_D,2025-07-13 15:00,UIWANG,40FT,0,0,0,0,7,7,0,0
CARRIER_D,2025-07-13 16:00,UIWANG,40FT,0,1,0,0,8,8,0,0
CARRIER_D,2025-07-13 17:00,UIWANG,40FT,0,0,0,0,8,8,0,0
CARRIER_D,2025-07-13 18:00,UIWANG,40FT,0,0,0,0,8,8,0,0
CARRIER_D,2025-07-13 19:00,UIWANG,40FT,0,0,0,0,8,8,0,0
CARRIER_D,2025-07-13 20:00,UIWANG,40FT,0,0,0,0,8,8,0,0
CARRIER_D,2025-07-13 21:00,UIWANG,40FT,0,0,0,0,8,8,0,0
CARRIER_D,2025-07-13 22:00,UIWANG,40FT,0,0,0,0,8,8,0,0
CARRIER_D,2025-07-13 23:00,UIWANG,40FT,0,0,0,0,8,8,0,0
CARRIER_D,2025-07-14 00:00,UIWANG,40FT,0,0,0,0,8,8,0,0
CARRIER_D,2025-07-14 01:00,UIWANG,40FT,0,0,0,0,8,8,0,0
CARRIER_D,2025-07-14 02:00,UIWANG,40FT,0,0,0,0,8,8,0,0
CARRIER_D,2025-07-14 03:00,UIWANG,40FT,0,0,0,0,8,8,0,0
CARRIER_D,2025-07-14 04:00,UIWANG,40FT,0,0,0,0,8,8,0,0
CARRIER_D,2025-07-14 05:00,UIWANG,40FT,0,0,0,0,8,8,0,0
CARRIER_D,2025-07-14 06:00,UIWANG,40FT,0,0,0,0,8,8,0,0
CARRIER_D,2025-07-14 07:00,UIWANG,40FT,0,0,0,0,8,8,0,0
CARRIER_D,2025-07-14 08:00,UIWANG,40FT,0,0,0,0,8,8,0,0
CARRIER_D,2025-07-14 09:00,UIWANG,40FT,0,0,0,0,8,8,0,0
CARRIER_D,2025-07-14 10:00,UIWANG,40FT,0,0,0,0,8,8,0,0
CARRIER_D,2025-07-14 11:00,UIWANG,40FT,0,0,0,0,8,8,0,0
CARRIER_D,2025-07-14 12:00,UIWANG,40FT,0,0,0,0,8,8,0,0
CARRIER_D,2025-07-14 13:00,UIWANG,40FT,0,0,0,0,8,8,0,0
CARRIER_D,2025-07-14 14:00,UIWANG,40FT,0,0,0,0,8,8,0,0
CARRIER_D,2025-07-14 15:00,UIWANG,40FT,0,0,0,0,8,8,0,0
CARRIER_D,2025-07-14 16:00,UIWANG,40FT,0,0,0,0,8,8,0,0
CARRIER_D,2025-07-14 17:00,UIWANG,40FT,0,0,0,0,8,8,0,0
CARRIER_D,2025-07-14 18:00,UIWANG,40FT,0,0,0,0,8,8,0,0
CARRIER_D,2025-07-14 19:00,UIWANG,40FT,0,0,0,0,8,8,0,0
CARRIER_D,2025-07-14 20:00,UIWANG,40FT,0,0,0,0,8,8,0,0
CARRIER_D,2025-07-14 21:00,UIWANG,40FT,0,0,0,0,8,8,0,0
CARRIER_D,2025-07-14 22:00,UIWANG,40FT,0,0,0,0,8,8,0,0
CARRIER_D,2025-07-14 23:00,UIWANG,40FT,0,0,0,0,8,8,0,0
CARRIER_D,2025-07-08 00:00,YAKMOK,20FT,0,0,0,0,11,11,0,0
CARRIER_D,2025-07-08 01:00,YAKMOK,20FT,0,0,0,0,11,11,0,0
CARRIER_D,2025-07-08 02:00,YAKMOK,20FT,0,0,0,0,11,11,0,0
CARRIER_D,2025-07-08 03:00,YAKMOK,20FT,0,0,0,0,11,11,0,0
CARRIER_D,2025-07-08 04:00,YAKMOK,20FT,0,0,0,0,11,11,0,0
CARRIER_D,2025-07-08 05:00,YAKMOK,20FT,0,0,0,0,11,11,0,0
CARRIER_D,2025-07-08 06:00,YAKMOK,20FT,0,0,0,0,11,11,0,0
CARRIER_D,2025-07-08 07:00,YAKMOK,20FT,0,0,0,0,11,11,0,0
CARRIER_D,2025-07-08 08:00,YAKMOK,20FT,1,1,0,0,11,11,0,0
CARRIER_D,2025-07-08 09:00,YAKMOK,20FT,2,1,0,0,10,10,0,0
CARRIER_D,2025-07-08 10:00,YAKMOK,20FT,1,0,0,0,9,9,0,0
CARRIER_D,2025-07-08 11:00,YAKMOK,20FT,0,0,0,0,9,9,0,0
CARRIER_D,2025-07-08 12:00,YAKMOK,20FT,0,0,0,0,9,9,0,0
CARRIER_D,2025-07-08 13:00,YAKMOK,20FT,0,0,0,0,9,9,0,0
CARRIER_D,2025-07-08 14:00,YAKMOK,20FT,0,0,0,0,9,9,0,0
CARRIER_D,2025-07-08 15:00,YAKMOK,20FT,0,0,0,0,9,9,0,0
CARRIER_D,2025-07-08 16:00,YAKMOK,20FT,0,0,0,0,9,9,0,0
CARRIER_D,2025-07-08 17:00,YAKMOK,20FT,0,0,0,0,9,9,0,0
CARRIER_D,2025-07-08 18:00,YAKMOK,20FT,0,0,0,0,9,9,0,0
CARRIER_D,2025-07-08 19:00,YAKMOK,20FT,0,0,0,0,9,9,0,0
CARRIER_D,2025-07-08 20:00,YAKMOK,20FT,0,1,0,0,10,10,0,0
CARRIER_D,2025-07-08 21:00,YAKMOK,20FT,0,0,0,0,10,10,0,0
CARRIER_D,2025-07-08 22:00,YAKMOK,20FT,0,0,0,0,10,10,0,0
CARRIER_D,2025-07-08 23:00,YAKMOK,20FT,0,0,0,0,10,10,0,0
CARRIER_D,2025-07-09 00:00,YAKMOK,20FT,0,0,0,0,10,10,0,0
CARRIER_D,2025-07-09 01:00,YAKMOK,20FT,0,0,0,0,10,10,0,0
CARRIER_D,2025-07-09 02:00,YAKMOK,20FT,0,0,0,0,10,10,0,0
CARRIER_D,2025-07-09 03:00,YAKMOK,20FT,0,0,0,0,10,10,0,0
CARRIER_D,2025-07-09 04:00,YAKMOK,20FT,0,0,0,0,10,10,0,0
CARRIER_D,2025-07-09 05:00,YAKMOK,20FT,0,0,0,0,10,10,0,0
CARRIER_D,2025-07-09 06:00,YAKMOK,20FT,0,0,0,0,10,10,0,0
CARRIER_D,2025-07-09 07:00,YAKMOK,20FT,1,0,0,0,9,9,0,0
CARRIER_D,2025-07-09 08:00,YAKMOK,20FT,1,0,0,0,8,8,0,0
CARRIER_D,2025-07-09 09:00,YAKMOK,20FT,0,0,0,0,8,8,0,0
CARRIER_D,2025-07-09 10:00,YAKMOK,20FT,0,0,0,0,8,8,0,0
CARRIER_D,2025-07-09 11:00,YAKMOK,20FT,1,0,0,0,7,7,0,0
CARRIER_D,2025-07-09 12:00,YAKMOK,20FT,1,0,0,0,6,6,0,0
CARRIER_D,2025-07-09 13:00,YAKMOK,20FT,0,0,0,0,6,6,0,0
CARRIER_D,2025-07-09 14:00,YAKMOK,20FT,0,0,0,0,6,6,0,0
CARRIER_D,2025-07-09 15:00,YAKMOK,20FT,0,0,0,0,6,6,0,0
CARRIER_D,2025-07-09 16:00,YAKMOK,20FT,0,0,0,0,6,6,0,0
CARRIER_D,2025-07-09 17:00,YAKMOK,20FT,0,0,0,0,6,6,0,0
CARRIER_D,2025-07-09 18:00,YAKMOK,20FT,1,0,0,0,5,5,0,0
CARRIER_D,2025-07-09 19:00,YAKMOK,20FT,0,0,0,0,5,5,0,0
CARRIER_D,2025-07-09 20:00,YAKMOK,20FT,0,0,0,0,5,5,0,0
CARRIER_D,2025-07-09 21:00,YAKMOK,20FT,0,0,0,0,5,5,0,0
CARRIER_D,2025-07-09 22:00,YAKMOK,20FT,0,0,0,0,5,5,0,0
CARRIER_D,2025-07-09 23:00,YAKMOK,20FT,0,0,0,0,5,5,0,0
CARRIER_D,2025-07-10 00:00,YAKMOK,20FT,0,0,0,0,5,5,0,0
CARRIER_D,2025-07-10 01:00,YAKMOK,20FT,0,0,0,0,5,5,0,0
CARRIER_D,2025-07-10 02:00,YAKMOK,20FT,0,0,0,0,5,5,0,0
CARRIER_D,2025-07-10 03:00,YAKMOK,20FT,0,0,0,0,5,5,0,0
CARRIER_D,2025-07-10 04:00,YAKMOK,20FT,0,0,0,0,5,5,0,0
CARRIER_D,2025-07-10 05:00,YAKMOK,20FT,1,0,0,0,4,4,0,0
CARRIER_D,2025-07-10 06:00,YAKMOK,20FT,0,0,0,0,4,4,0,0
CARRIER_D,2025-07-10 07:00,YAKMOK,20FT,0,0,0,0,4,4,0,0
CARRIER_D,2025-07-10 08:00,YAKMOK,20FT,0,0,0,0,4,4,0,0
CARRIER_D,2025-07-10 09:00,YAKMOK,20FT,0,1,0,0,5,5,0,0
CARRIER_D,2025-07-10 10:00,YAKMOK,20FT,1,0,0,0,4,4,0,0
CARRIER_D,2025-07-10 11:00,YAKMOK,20FT,0,1,0,0,5,5,0,0
CARRIER_D,2025-07-10 12:00,YAKMOK,20FT,1,0,0,0,4,4,0,0
CARRIER_D,2025-07-10 13:00,YAKMOK,20FT,1,0,0,0,3,3,0,0
CARRIER_D,2025-07-10 14:00,YAKMOK,20FT,1,1,0,0,3,3,0,0
CARRIER_D,2025-07-10 15:00,YAKMOK,20FT,0,0,0,0,3,3,0,0
CARRIER_D,2025-07-10 16:00,YAKMOK,20FT,0,0,0,0,3,3,0,0
CARRIER_D,2025-07-10 17:00,YAKMOK,20FT,0,0,0,0,3,3,0,0
CARRIER_D,2025-07-10 18:00,YAKMOK,20FT,0,1,0,0,4,4,0,0
CARRIER_D,2025-07-10 19:00,YAKMOK,20FT,0,0,0,0,4,4,0,0
CARRIER_D,2025-07-10 20:00,YAKMOK,20FT,0,0,0,0,4,4,0,0
CARRIER_D,2025-07-10 21:00,YAKMOK,20FT,0,0,0,0,4,4,0,0
CARRIER_D,2025-07-10 22:00,YAKMOK,20FT,0,1,0,0,5,5,0,0
CARRIER_D,2025-07-10 23:00,YAKMOK,20FT,0,0,0,0,5,5,0,0
CARRIER_D,2025-07-11 00:00,YAKMOK,20FT,0,0,0,0,5,5,0,0
CARRIER_D,2025-07-11 01:00,YAKMOK,20FT,0,0,0,0,5,5,0,0
CARRIER_D,2025-07-11 02:00,YAKMOK,20FT,0,0,0,0,5,5,0,0
CARRIER_D,2025-07-11 03:00,YAKMOK,20FT,0,0,0,0,5,5,0,0
CARRIER_D,2025-07-11 04:00,YAKMOK,20FT,0,0,0,0,5,5,0,0
CARRIER_D,2025-07-11 05:00,YAKMOK,20FT,0,0,0,0,5,5,0,0
CARRIER_D,2025-07-11 06:00,YAKMOK,20FT,0,0,0,0,5,5,0,0
CARRIER_D,2025-07-11 07:00,YAKMOK,20FT,0,0,0,0,5,5,0,0
CARRIER_D,2025-07-11 08:00,YAKMOK,20FT,0,0,0,0,5,5,0,0
CARRIER_D,2025-07-11 09:00,YAKMOK,20FT,0,0,0,0,5,5,0,0
CARRIER_D,2025-07-11 10:00,YAKMOK,20FT,0,0,0,0,5,5,0,0
CARRIER_D,2025-07-11 11:00,YAKMOK,20FT,0,0,0,0,5,5,0,0
CARRIER_D,2025-07-11 12:00,YAKMOK,20FT,0,0,0,0,5,5,0,0
CARRIER_D,2025-07-11 13:00,YAKMOK,20FT,0,0,0,0,5,5,0,0
CARRIER_D,2025-07-11 14:00,YAKMOK,20FT,1,0,0,0,4,4,0,0
CARRIER_D,2025-07-11 15:00,YAKMOK,20FT,2,1,0,0,3,3,0,0
CARRIER_D,2025-07-11 16:00,YAKMOK,20FT,1,0,0,0,2,2,0,0
CARRIER_D,2025-07-11 17:00,YAKMOK,20FT,0,0,0,0,2,2,0,0
CARRIER_D,2025-07-11 18:00,YAKMOK,20FT,0,0,0,0,2,2,0,0
CARRIER_D,2025-07-11 19:00,YAKMOK,20FT,0,0,0,0,2,2,0,0
CARRIER_D,2025-07-11 20:00,YAKMOK,20FT,0,0,0,0,2,2,0,0
CARRIER_D,2025-07-11 21:00,YAKMOK,20FT,0,0,0,0,2,2,0,0
CARRIER_D,2025-07-11 22:00,YAKMOK,20FT,0,0,0,0,2,2,0,0
CARRIER_D,2025-07-11 23:00,YAKMOK,20FT,0,0,0,0,2,2,0,0
CARRIER_D,2025-07-12 00:00,YAKMOK,20FT,0,0,0,0,2,2,0,0
CARRIER_D,2025-07-12 01:00,YAKMOK,20FT,0,0,0,0,2,2,0,0
CARRIER_D,2025-07-12 02:00,YAKMOK,20FT,0,0,0,0,2,2,0,0
CARRIER_D,2025-07-12 03:00,YAKMOK,20FT,0,0,0,0,2,2,0,0
CARRIER_D,2025-07-12 04:00,YAKMOK,20FT,0,0,1,0,2,3,0,0
CARRIER_D,2025-07-12 05:00,YAKMOK,20FT,0,0,0,0,2,3,0,0
CARRIER_D,2025-07-12 06:00,YAKMOK,20FT,0,0,0,0,2,3,0,0
CARRIER_D,2025-07-12 07:00,YAKMOK,20FT,0,0,0,0,2,3,0,0
CARRIER_D,2025-07-12 08:00,YAKMOK,20FT,0,0,0,0,2,3,0,0
CARRIER_D,2025-07-12 09:00,YAKMOK,20FT,0,0,0,0,2,3,0,0
CARRIER_D,2025-07-12 10:00,YAKMOK,20FT,0,0,0,0,2,3,0,0
CARRIER_D,2025-07-12 11:00,YAKMOK,20FT,1,0,0,0,1,2,0,0
CARRIER_D,2025-07-12 12:00,YAKMOK,20FT,1,0,0,0,0,1,0,0
CARRIER_D,2025-07-12 13:00,YAKMOK,20FT,1,1,0,0,0,1,0,0
CARRIER_D,2025-07-12 14:00,YAKMOK,20FT,0,0,0,0,0,1,0,0
CARRIER_D,2025-07-12 15:00,YAKMOK,20FT,0,0,0,0,0,1,0,0
CARRIER_D,2025-07-12 16:00,YAKMOK,20FT,0,0,0,0,0,1,0,0
CARRIER_D,2025-07-12 17:00,YAKMOK,20FT,0,0,0,0,0,1,0,0
CARRIER_D,2025-07-12 18:00,YAKMOK,20FT,0,0,0,0,0,1,0,0
CARRIER_D,2025-07-12 19:00,YAKMOK,20FT,0,0,0,0,0,1,0,0
CARRIER_D,2025-07-12 20:00,YAKMOK,20FT,0,0,0,0,0,1,0,0
CARRIER_D,2025-07-12 21:00,YAKMOK,20FT,0,0,0,0,0,1,0,0
CARRIER_D,2025-07-12 22:00,YAKMOK,20FT,0,0,0,0,0,1,0,0
CARRIER_D,2025-07-12 23:00,YAKMOK,20FT,0,0,0,0,0,1,0,0
CARRIER_D,2025-07-13 00:00,YAKMOK,20FT,0,0,0,0,0,1,0,0
CARRIER_D,2025-07-13 01:00,YAKMOK,20FT,0,0,0,0,0,1,0,0
CARRIER_D,2025-07-13 02:00,YAKMOK,20FT,0,0,0,0,0,1,0,0
CARRIER_D,2025-07-13 03:00,YAKMOK,20FT,0,0,0,0,0,1,0,0
CARRIER_D,2025-07-13 04:00,YAKMOK,20FT,0,0,0,0,0,1,0,0
CARRIER_D,2025-07-13 05:00,YAKMOK,20FT,0,0,0,0,0,1,0,0
CARRIER_D,2025-07-13 06:00,YAKMOK,20FT,0,0,0,0,0,1,0,0
CARRIER_D,2025-07-13 07:00,YAKMOK,20FT,0,0,0,0,0,1,0,0
CARRIER_D,2025-07-13 08:00,YAKMOK,20FT,0,0,0,0,0,1,0,0
CARRIER_D,2025-07-13 09:00,YAKMOK,20FT,1,1,0,0,0,1,0,0
CARRIER_D,2025-07-13 10:00,YAKMOK,20FT,0,0,0,0,0,1,0,0
CARRIER_D,2025-07-13 11:00,YAKMOK,20FT,1,0,0,0,0,0,1,0
CARRIER_D,2025-07-13 12:00,YAKMOK,20FT,0,0,0,0,0,0,0,0
CARRIER_D,2025-07-13 13:00,YAKMOK,20FT,0,1,0,0,1,1,0,0
CARRIER_D,2025-07-13 14:00,YAKMOK,20FT,0,1,0,0,2,2,0,0
CARRIER_D,2025-07-13 15:00,YAKMOK,20FT,0,0,0,0,2,2,0,0
CARRIER_D,2025-07-13 16:00,YAKMOK,20FT,0,1,0,0,3,3,0,0
CARRIER_D,2025-07-13 17:00,YAKMOK,20FT,0,0,0,0,3,3,0,0
CARRIER_D,2025-07-13 18:00,YAKMOK,20FT,0,0,0,0,3,3,0,0
CARRIER_D,2025-07-13 19:00,YAKMOK,20FT,0,0,0,0,3,3,0,0
CARRIER_D,2025-07-13 20:00,YAKMOK,20FT,0,0,0,0,3,3,0,0
CARRIER_D,2025-07-13 21:00,YAKMOK,20FT,0,0,0,0,3,3,0,0
CARRIER_D,2025-07-13 22:00,YAKMOK,20FT,0,0,0,0,3,3,0,0
CARRIER_D,2025-07-13 23:00,YAKMOK,20FT,0,0,0,0,3,3,0,0
CARRIER_D,2025-07-14 00:00,YAKMOK,20FT,0,0,0,0,3,3,0,0
CARRIER_D,2025-07-14 01:00,YAKMOK,20FT,0,0,0,0,3,3,0,0
CARRIER_D,2025-07-14 02:00,YAKMOK,20FT,0,0,0,0,3,3,0,0
CARRIER_D,2025-07-14 03:00,YAKMOK,20FT,0,0,0,0,3,3,0,0
CARRIER_D,2025-07-14 04:00,YAKMOK,20FT,0,0,0,0,3,3,0,0
CARRIER_D,2025-07-14 05:00,YAKMOK,20FT,0,0,0,0,3,3,0,0
CARRIER_D,2025-07-14 06:00,YAKMOK,20FT,0,0,0,0,3,3,0,0
CARRIER_D,2025-07-14 07:00,YAKMOK,20FT,0,0,0,0,3,3,0,0
CARRIER_D,2025-07-14 08:00,YAKMOK,20FT,0,0,0,0,3,3,0,0
CARRIER_D,2025-07-14 09:00,YAKMOK,20FT,0,1,0,0,4,4,0,0
CARRIER_D,2025-07-14 10:00,YAKMOK,20FT,0,0,0,0,4,4,0,0
CARRIER_D,2025-07-14 11:00,YAKMOK,20FT,0,1,0,0,5,5,0,0
CARRIER_D,2025-07-14 12:00,YAKMOK,20FT,0,0,0,0,5,5,0,0
CARRIER_D,2025-07-14 13:00,YAKMOK,20FT,1,0,0,0,4,4,0,0
CARRIER_D,2025-07-14 14:00,YAKMOK,20FT,0,2,0,0,6,6,0,0
CARRIER_D,2025-07-14 15:00,YAKMOK,20FT,2,0,0,0,4,4,0,0
CARRIER_D,2025-07-14 16:00,YAKMOK,20FT,0,0,0,0,4,4,0,0
CARRIER_D,2025-07-14 17:00,YAKMOK,20FT,0,0,0,0,4,4,0,0
CARRIER_D,2025-07-14 18:00,YAKMOK,20FT,0,2,0,0,6,6,0,0
CARRIER_D,2025-07-14 19:00,YAKMOK,20FT,0,0,0,0,6,6,0,0
CARRIER_D,2025-07-14 20:00,YAKMOK,20FT,0,0,0,0,6,6,0,0
CARRIER_D,2025-07-14 21:00,YAKMOK,20FT,0,0,0,0,6,6,0,0
CARRIER_D,2025-07-14 22:00,YAKMOK,20FT,0,0,0,0,6,6,0,0
CARRIER_D,2025-07-14 23:00,YAKMOK,20FT,0,0,0,0,6,6,0,0
CARRIER_D,2025-07-08 00:00,YAKMOK,40FT,0,0,0,0,1,1,0,0
CARRIER_D,2025-07-08 01:00,YAKMOK,40FT,0,0,0,0,1,1,0,0
CARRIER_D,2025-07-08 02:00,YAKMOK,40FT,0,0,0,0,1,1,0,0
CARRIER_D,2025-07-08 03:00,YAKMOK,40FT,0,0,0,0,1,1,0,0
CARRIER_D,2025-07-08 04:00,YAKMOK,40FT,0,0,0,0,1,1,0,0
CARRIER_D,2025-07-08 05:00,YAKMOK,40FT,0,0,0,0,1,1,0,0
CARRIER_D,2025-07-08 06:00,YAKMOK,40FT,0,0,0,0,1,1,0,0
CARRIER_D,2025-07-08 07:00,YAKMOK,40FT,0,0,0,0,1,1,0,0
CARRIER_D,2025-07-08 08:00,YAKMOK,40FT,0,0,0,0,1,1,0,0
CARRIER_D,2025-07-08 09:00,YAKMOK,40FT,0,0,0,0,1,1,0,0
CARRIER_D,2025-07-08 10:00,YAKMOK,40FT,0,0,0,0,1,1,0,0
CARRIER_D,2025-07-08 11:00,YAKMOK,40FT,0,0,0,0,1,1,0,0
CARRIER_D,2025-07-08 12:00,YAKMOK,40FT,0,0,0,0,1,1,0,0
CARRIER_D,2025-07-08 13:00,YAKMOK,40FT,0,0,0,0,1,1,0,0
CARRIER_D,2025-07-08 14:00,YAKMOK,40FT,1,0,0,0,0,0,0,0
CARRIER_D,2025-07-08 15:00,YAKMOK,40FT,0,0,0,0,0,0,0,0
CARRIER_D,2025-07-08 16:00,YAKMOK,40FT,0,0,0,0,0,0,0,0
CARRIER_D,2025-07-08 17:00,YAKMOK,40FT,0,1,0,0,1,1,0,0
CARRIER_D,2025-07-08 18:00,YAKMOK,40FT,0,0,0,0,1,1,0,0
CARRIER_D,2025-07-08 19:00,YAKMOK,40FT,0,0,0,0,1,1,0,0
CARRIER_D,2025-07-08 20:00,YAKMOK,40FT,0,0,0,0,1,1,0,0
CARRIER_D,2025-07-08 21:00,YAKMOK,40FT,0,0,0,0,1,1,0,0
CARRIER_D,2025-07-08 22:00,YAKMOK,40FT,0,0,0,0,1,1,0,0
CARRIER_D,2025-07-08 23:00,YAKMOK,40FT,0,0,0,0,1,1,0,0
CARRIER_D,2025-07-09 00:00,YAKMOK,40FT,0,0,0,0,1,1,0,0
CARRIER_D,2025-07-09 01:00,YAKMOK,40FT,0,0,0,0,1,1,0,0
CARRIER_D,2025-07-09 02:00,YAKMOK,40FT,0,0,0,0,1,1,0,0
CARRIER_D,2025-07-09 03:00,YAKMOK,40FT,0,0,0,0,1,1,0,0
CARRIER_D,2025-07-09 04:00,YAKMOK,40FT,0,0,0,0,1,1,0,0
CARRIER_D,2025-07-09 05:00,YAKMOK,40FT,0,0,0,0,1,1,0,0
CARRIER_D,2025-07-09 06:00,YAKMOK,40FT,0,0,0,0,1,1,0,0
CARRIER_D,2025-07-09 07:00,YAKMOK,40FT,0,0,0,0,1,1,0,0
CARRIER_D,2025-07-09 08:00,YAKMOK,40FT,0,0,0,0,1,1,0,0
CARRIER_D,2025-07-09 09:00,YAKMOK,40FT,0,0,0,0,1,1,0,0
CARRIER_D,2025-07-09 10:00,YAKMOK,40FT,0,0,0,0,1,1,0,0
CARRIER_D,2025-07-09 11:00,YAKMOK,40FT,0,0,0,0,1,1,0,0
CARRIER_D,2025-07-09 12:00,YAKMOK,40FT,0,0,0,0,1,1,0,0
CARRIER_D,2025-07-09 13:00,YAKMOK,40FT,0,0,0,0,1,1,0,0
CARRIER_D,2025-07-09 14:00,YAKMOK,40FT,0,0,0,0,1,1,0,0
CARRIER_D,2025-07-09 15:00,YAKMOK,40FT,0,0,0,0,1,1,0,0
CARRIER_D,2025-07-09 16:00,YAKMOK,40FT,0,0,0,0,1,1,0,0
CARRIER_D,2025-07-09 17:00,YAKMOK,40FT,0,0,0,0,1,1,0,0
CARRIER_D,2025-07-09 18:00,YAKMOK,40FT,0,0,0,0,1,1,0,0
CARRIER_D,2025-07-09 19:00,YAKMOK,40FT,0,0,0,0,1,1,0,0
CARRIER_D,2025-07-09 20:00,YAKMOK,40FT,0,0,0,0,1,1,0,0
CARRIER_D,2025-07-09 21:00,YAKMOK,40FT,0,0,0,0,1,1,0,0
CARRIER_D,2025-07-09 22:00,YAKMOK,40FT,0,0,0,0,1,1,0,0
CARRIER_D,2025-07-09 23:00,YAKMOK,40FT,0,0,0,0,1,1,0,0
CARRIER_D,2025-07-10 00:00,YAKMOK,40FT,0,0,0,0,1,1,0,0
CARRIER_D,2025-07-10 01:00,YAKMOK,40FT,0,0,0,0,1,1,0,0
CARRIER_D,2025-07-10 02:00,YAKMOK,40FT,0,0,0,0,1,1,0,0
CARRIER_D,2025-07-10 03:00,YAKMOK,40FT,0,0,0,0,1,1,0,0
CARRIER_D,2025-07-10 04:00,YAKMOK,40FT,0,0,0,0,1,1,0,0
CARRIER_D,2025-07-10 05:00,YAKMOK,40FT,0,0,0,0,1,1,0,0
CARRIER_D,2025-07-10 06:00,YAKMOK,40FT,0,0,0,0,1,1,0,0
CARRIER_D,2025-07-10 07:00,YAKMOK,40FT,0,0,0,0,1,1,0,0
CARRIER_D,2025-07-10 08:00,YAKMOK,40FT,0,0,0,0,1,1,0,0
CARRIER_D,2025-07-10 09:00,YAKMOK,40FT,0,0,0,0,1,1,0,0
CARRIER_D,2025-07-10 10:00,YAKMOK,40FT,0,1,0,0,2,2,0,0
CARRIER_D,2025-07-10 11:00,YAKMOK,40FT,0,0,0,0,2,2,0,0
CARRIER_D,2025-07-10 12:00,YAKMOK,40FT,0,0,0,0,2,2,0,0
CARRIER_D,2025-07-10 13:00,YAKMOK,40FT,0,0,0,0,2,2,0,0
CARRIER_D,2025-07-10 14:00,YAKMOK,40FT,0,0,0,0,2,2,0,0
CARRIER_D,2025-07-10 15:00,YAKMOK,40FT,0,1,0,0,3,3,0,0
CARRIER_D,2025-07-10 16:00,YAKMOK,40FT,0,0,0,0,3,3,0,0
CARRIER_D,2025-07-10 17:00,YAKMOK,40FT,0,0,0,0,3,3,0,0
CARRIER_D,2025-07-10 18:00,YAKMOK,40FT,0,0,0,0,3,3,0,0
CARRIER_D,2025-07-10 19:00,YAKMOK,40FT,0,0,0,0,3,3,0,0
CARRIER_D,2025-07-10 20:00,YAKMOK,40FT,0,0,0,0,3,3,0,0
CARRIER_D,2025-07-10 21:00,YAKMOK,40FT,0,0,0,0,3,3,0,0
CARRIER_D,2025-07-10 22:00,YAKMOK,40FT,0,0,0,0,3,3,0,0
CARRIER_D,2025-07-10 23:00,YAKMOK,40FT,0,0,0,0,3,3,0,0
CARRIER_D,2025-07-11 00:00,YAKMOK,40FT,0,0,0,0,3,3,0,0
CARRIER_D,2025-07-11 01:00,YAKMOK,40FT,0,0,0,0,3,3,0,0
CARRIER_D,2025-07-11 02:00,YAKMOK,40FT,0,0,0,0,3,3,0,0
CARRIER_D,2025-07-11 03:00,YAKMOK,40FT,0,0,0,0,3,3,0,0
CARRIER_D,2025-07-11 04:00,YAKMOK,40FT,0,0,0,0,3,3,0,0
CARRIER_D,2025-07-11 05:00,YAKMOK,40FT,0,0,0,0,3,3,0,0
CARRIER_D,2025-07-11 06:00,YAKMOK,40FT,0,0,0,0,3,3,0,0
CARRIER_D,2025-07-11 07:00,YAKMOK,40FT,0,0,0,0,3,3,0,0
CARRIER_D,2025-07-11 08:00,YAKMOK,40FT,0,0,0,0,3,3,0,0
CARRIER_D,2025-07-11 09:00,YAKMOK,40FT,0,0,0,0,3,3,0,0
CARRIER_D,2025-07-11 10:00,YAKMOK,40FT,0,0,0,0,3,3,0,0
CARRIER_D,2025-07-11 11:00,YAKMOK,40FT,0,0,0,0,3,3,0,0
CARRIER_D,2025-07-11 12:00,YAKMOK,40FT,0,0,0,0,3,3,0,0
CARRIER_D,2025-07-11 13:00,YAKMOK,40FT,1,0,0,0,2,2,0,0
CARRIER_D,2025-07-11 14:00,YAKMOK,40FT,0,1,0,0,3,3,0,0
CARRIER_D,2025-07-11 15:00,YAKMOK,40FT,0,0,0,0,3,3,0,0
CARRIER_D,2025-07-11 16:00,YAKMOK,40FT,0,0,0,0,3,3,0,0
CARRIER_D,2025-07-11 17:00,YAKMOK,40FT,0,0,0,0,3,3,0,0
CARRIER_D,2025-07-11 18:00,YAKMOK,40FT,0,0,0,0,3,3,0,0
CARRIER_D,2025-07-11 19:00,YAKMOK,40FT,0,0,0,0,3,3,0,0
CARRIER_D,2025-07-11 20:00,YAKMOK,40FT,0,0,0,0,3,3,0,0
CARRIER_D,2025-07-11 21:00,YAKMOK,40FT,0,0,0,0,3,3,0,0
CARRIER_D,2025-07-11 22:00,YAKMOK,40FT,0,0,0,0,3,3,0,0
CARRIER_D,2025-07-11 23:00,YAKMOK,40FT,0,0,0,0,3,3,0,0
CARRIER_D,2025-07-12 00:00,YAKMOK,40FT,0,0,0,0,3,3,0,0
CARRIER_D,2025-07-12 01:00,YAKMOK,40FT,0,0,0,0,3,3,0,0
CARRIER_D,2025-07-12 02:00,YAKMOK,40FT,0,0,0,0,3,3,0,0
CARRIER_D,2025-07-12 03:00,YAKMOK,40FT,0,0,0,0,3,3,0,0
CARRIER_D,2025-07-12 04:00,YAKMOK,40FT,0,0,0,0,3,3,0,0
CARRIER_D,2025-07-12 05:00,YAKMOK,40FT,0,0,0,0,3,3,0,0
CARRIER_D,2025-07-12 06:00,YAKMOK,40FT,0,0,0,0,3,3,0,0
CARRIER_D,2025-07-12 07:00,YAKMOK,40FT,0,0,0,0,3,3,0,0
CARRIER_D,2025-07-12 08:00,YAKMOK,40FT,0,0,0,0,3,3,0,0
CARRIER_D,2025-07-12 09:00,YAKMOK,40FT,0,0,0,0,3,3,0,0
CARRIER_D,2025-07-12 10:00,YAKMOK,40FT,0,0,0,0,3,3,0,0
CARRIER_D,2025-07-12 11:00,YAKMOK,40FT,0,0,0,0,3,3,0,0
CARRIER_D,2025-07-12 12:00,YAKMOK,40FT,0,0,0,0,3,3,0,0
CARRIER_D,2025-07-12 13:00,YAKMOK,40FT,0,0,0,0,3,3,0,0
CARRIER_D,2025-07-12 14:00,YAKMOK,40FT,0,0,0,0,3,3,0,0
CARRIER_D,2025-07-12 15:00,YAKMOK,40FT,0,0,0,0,3,3,0,0
CARRIER_D,2025-07-12 16:00,YAKMOK,40FT,0,0,0,0,3,3,0,0
CARRIER_D,2025-07-12 17:00,YAKMOK,40FT,0,0,0,0,3,3,0,0
CARRIER_D,2025-07-12 18:00,YAKMOK,40FT,0,0,0,0,3,3,0,0
CARRIER_D,2025-07-12 19:00,YAKMOK,40FT,0,0,0,0,3,3,0,0
CARRIER_D,2025-07-12 20:00,YAKMOK,40FT,0,0,0,0,3,3,0,0
CARRIER_D,2025-07-12 21:00,YAKMOK,40FT,0,0,0,0,3,3,0,0
CARRIER_D,2025-07-12 22:00,YAKMOK,40FT,0,0,0,0,3,3,0,0
CARRIER_D,2025-07-12 23:00,YAKMOK,40FT,0,0,0,0,3,3,0,0
CARRIER_D,2025-07-13 00:00,YAKMOK,40FT,0,0,0,0,3,3,0,0
CARRIER_D,2025-07-13 01:00,YAKMOK,40FT,0,0,0,0,3,3,0,0
CARRIER_D,2025-07-13 02:00,YAKMOK,40FT,0,0,0,0,3,3,0,0
CARRIER_D,2025-07-13 03:00,YAKMOK,40FT,0,0,0,0,3,3,0,0
CARRIER_D,2025-07-13 04:00,YAKMOK,40FT,0,0,0,0,3,3,0,0
CARRIER_D,2025-07-13 05:00,YAKMOK,40FT,0,0,0,0,3,3,0,0
CARRIER_D,2025-07-13 06:00,YAKMOK,40FT,0,0,0,0,3,3,0,0
CARRIER_D,2025-07-13 07:00,YAKMOK,40FT,0,0,0,0,3,3,0,0
CARRIER_D,2025-07-13 08:00,YAKMOK,40FT,0,0,0,0,3,3,0,0
CARRIER_D,2025-07-13 09:00,YAKMOK,40FT,0,0,0,0,3,3,0,0
CARRIER_D,2025-07-13 10:00,YAKMOK,40FT,0,0,0,0,3,3,0,0
CARRIER_D,2025-07-13 11:00,YAKMOK,40FT,0,0,0,0,3,3,0,0
CARRIER_D,2025-07-13 12:00,YAKMOK,40FT,0,0,0,0,3,3,0,0
CARRIER_D,2025-07-13 13:00,YAKMOK,40FT,0,0,0,0,3,3,0,0
CARRIER_D,2025-07-13 14:00,YAKMOK,40FT,0,0,0,0,3,3,0,0
CARRIER_D,2025-07-13 15:00,YAKMOK,40FT,0,0,0,0,3,3,0,0
CARRIER_D,2025-07-13 16:00,YAKMOK,40FT,0,0,0,0,3,3,0,0
CARRIER_D,2025-07-13 17:00,YAKMOK,40FT,0,0,0,0,3,3,0,0
CARRIER_D,2025-07-13 18:00,YAKMOK,40FT,0,0,0,0,3,3,0,0
CARRIER_D,2025-07-13 19:00,YAKMOK,40FT,0,0,0,0,3,3,0,0
CARRIER_D,2025-07-13 20:00,YAKMOK,40FT,0,0,0,0,3,3,0,0
CARRIER_D,2025-07-13 21:00,YAKMOK,40FT,0,0,0,0,3,3,0,0
CARRIER_D,2025-07-13 22:00,YAKMOK,40FT,0,0,0,0,3,3,0,0
CARRIER_D,2025-07-13 23:00,YAKMOK,40FT,0,0,0,0,3,3,0,0
CARRIER_D,2025-07-14 00:00,YAKMOK,40FT,0,0,0,0,3,3,0,0
CARRIER_D,2025-07-14 01:00,YAKMOK,40FT,0,0,0,0,3,3,0,0
CARRIER_D,2025-07-14 02:00,YAKMOK,40FT,0,0,0,0,3,3,0,0
CARRIER_D,2025-07-14 03:00,YAKMOK,40FT,0,0,0,0,3,3,0,0
CARRIER_D,2025-07-14 04:00,YAKMOK,40FT,0,0,0,0,3,3,0,0
CARRIER_D,2025-07-14 05:00,YAKMOK,40FT,0,0,0,0,3,3,0,0
CARRIER_D,2025-07-14 06:00,YAKMOK,40FT,0,0,0,0,3,3,0,0
CARRIER_D,2025-07-14 07:00,YAKMOK,40FT,0,0,0,0,3,3,0,0
CARRIER_D,2025-07-14 08:00,YAKMOK,40FT,0,0,0,0,3,3,0,0
CARRIER_D,2025-07-14 09:00,YAKMOK,40FT,0,0,0,0,3,3,0,0
CARRIER_D,2025-07-14 10:00,YAKMOK,40FT,0,0,0,0,3,3,0,0
CARRIER_D,2025-07-14 11:00,YAKMOK,40FT,0,0,0,0,3,3,0,0
CARRIER_D,2025-07-14 12:00,YAKMOK,40FT,0,0,0,0,3,3,0,0
CARRIER_D,2025-07-14 13:00,YAKMOK,40FT,0,0,0,0,3,3,0,0
CARRIER_D,2025-07-14 14:00,YAKMOK,40FT,0,0,0,0,3,3,0,0
CARRIER_D,2025-07-14 15:00,YAKMOK,40FT,0,0,0,0,3,3,0,0
CARRIER_D,2025-07-14 16:00,YAKMOK,40FT,0,0,0,0,3,3,0,0
CARRIER_D,2025-07-14 17:00,YAKMOK,40FT,0,0,0,0,3,3,0,0
CARRIER_D,2025-07-14 18:00,YAKMOK,40FT,0,0,0,0,3,3,0,0
CARRIER_D,2025-07-14 19:00,YAKMOK,40FT,0,0,0,0,3,3,0,0
CARRIER_D,2025-07-14 20:00,YAKMOK,40FT,0,0,0,0,3,3,0,0
CARRIER_D,2025-07-14 21:00,YAKMOK,40FT,0,0,0,0,3,3,0,0
CARRIER_D,2025-07-14 22:00,YAKMOK,40FT,0,0,0,0,3,3,0,0
CARRIER_D,2025-07-14 23:00,YAKMOK,40FT,0,0,0,0,3,3,0,0
CARRIER_E,2025-07-08 00:00,BUGANG,20FT,0,0,0,0,1,1,0,0
CARRIER_E,2025-07-08 01:00,BUGANG,20FT,0,0,0,0,1,1,0,0
CARRIER_E,2025-07-08 02:00,BUGANG,20FT,0,0,0,0,1,1,0,0
CARRIER_E,2025-07-08 03:00,BUGANG,20FT,0,0,0,0,1,1,0,0
CARRIER_E,2025-07-08 04:00,BUGANG,20FT,0,0,0,0,1,1,0,0
CARRIER_E,2025-07-08 05:00,BUGANG,20FT,0,0,0,0,1,1,0,0
CARRIER_E,2025-07-08 06:00,BUGANG,20FT,0,0,0,0,1,1,0,0
CARRIER_E,2025-07-08 07:00,BUGANG,20FT,0,0,0,0,1,1,0,0
CARRIER_E,2025-07-08 08:00,BUGANG,20FT,0,0,0,0,1,1,0,0
CARRIER_E,2025-07-08 09:00,BUGANG,20FT,0,0,0,0,1,1,0,0
CARRIER_E,2025-07-08 10:00,BUGANG,20FT,0,0,0,0,1,1,0,0
CARRIER_E,2025-07-08 11:00,BUGANG,20FT,0,0,0,0,1,1,0,0
CARRIER_E,2025-07-08 12:00,BUGANG,20FT,0,0,0,0,1,1,0,0
CARRIER_E,2025-07-08 13:00,BUGANG,20FT,0,0,0,0,1,1,0,0
CARRIER_E,2025-07-08 14:00,BUGANG,20FT,0,0,0,0,1,1,0,0
CARRIER_E,2025-07-08 15:00,BUGANG,20FT,0,0,0,0,1,1,0,0
CARRIER_E,2025-07-08 16:00,BUGANG,20FT,0,0,0,0,1,1,0,0
CARRIER_E,2025-07-08 17:00,BUGANG,20FT,0,0,0,0,1,1,0,0
CARRIER_E,2025-07-08 18:00,BUGANG,20FT,0,0,0,0,1,1,0,0
CARRIER_E,2025-07-08 19:00,BUGANG,20FT,0,0,0,0,1,1,0,0
CARRIER_E,2025-07-08 20:00,BUGANG,20FT,0,0,0,1,1,0,0,0
CARRIER_E,2025-07-08 21:00,BUGANG,20FT,0,0,0,0,1,0,0,0
CARRIER_E,2025-07-08 22:00,BUGANG,20FT,0,0,0,0,1,0,0,0
CARRIER_E,2025-07-08 23:00,BUGANG,20FT,0,0,0,0,1,0,0,0
CARRIER_E,2025-07-09 00:00,BUGANG,20FT,0,0,0,0,1,0,0,0
CARRIER_E,2025-07-09 01:00,BUGANG,20FT,0,0,0,0,1,0,0,0
CARRIER_E,2025-07-09 02:00,BUGANG,20FT,0,0,0,0,1,0,0,0
CARRIER_E,2025-07-09 03:00,BUGANG,20FT,0,0,0,0,1,0,0,0
CARRIER_E,2025-07-09 04:00,BUGANG,20FT,0,0,0,0,1,0,0,0
CARRIER_E,2025-07-09 05:00,BUGANG,20FT,0,0,0,0,1,0,0,0
CARRIER_E,2025-07-09 06:00,BUGANG,20FT,0,0,0,0,1,0,0,0
CARRIER_E,2025-07-09 07:00,BUGANG,20FT,0,0,0,0,1,0,0,0
CARRIER_E,2025-07-09 08:00,BUGANG,20FT,0,0,0,0,1,0,0,0
CARRIER_E,2025-07-09 09:00,BUGANG,20FT,0,0,0,0,1,0,0,0
CARRIER_E,2025-07-09 10:00,BUGANG,20FT,0,1,0,0,2,1,0,0
CARRIER_E,2025-07-09 11:00,BUGANG,20FT,0,0,0,0,2,1,0,0
CARRIER_E,2025-07-09 12:00,BUGANG,20FT,0,0,0,0,2,1,0,0
CARRIER_E,2025-07-09 13:00,BUGANG,20FT,0,0,0,0,2,1,0,0
CARRIER_E,2025-07-09 14:00,BUGANG,20FT,0,0,0,0,2,1,0,0
CARRIER_E,2025-07-09 15:00,BUGANG,20FT,0,2,0,0,4,3,0,0
CARRIER_E,2025-07-09 16:00,BUGANG,20FT,0,0,0,0,4,3,0,0
CARRIER_E,2025-07-09 17:00,BUGANG,20FT,0,0,0,0,4,3,0,0
CARRIER_E,2025-07-09 18:00,BUGANG,20FT,0,0,0,0,4,3,0,0
CARRIER_E,2025-07-09 19:00,BUGANG,20FT,0,0,0,0,4,3,0,0
CARRIER_E,2025-07-09 20:00,BUGANG,20FT,0,0,0,0,4,3,0,0
CARRIER_E,2025-07-09 21:00,BUGANG,20FT,0,0,0,0,4,3,0,0
CARRIER_E,2025-07-09 22:00,BUGANG,20FT,0,0,0,0,4,3,0,0
CARRIER_E,2025-07-09 23:00,BUGANG,20FT,0,0,0,0,4,3,0,0
CARRIER_E,2025-07-10 00:00,BUGANG,20FT,0,0,0,0,4,3,0,0
CARRIER_E,2025-07-10 01:00,BUGANG,20FT,0,0,0,0,4,3,0,0
CARRIER_E,2025-07-10 02:00,BUGANG,20FT,0,0,0,0,4,3,0,0
CARRIER_E,2025-07-10 03:00,BUGANG,20FT,0,0,0,0,4,3,0,0
CARRIER_E,2025-07-10 04:00,BUGANG,20FT,0,0,0,0,4,3,0,0
CARRIER_E,2025-07-10 05:00,BUGANG,20FT,0,0,0,0,4,3,0,0
CARRIER_E,2025-07-10 06:00,BUGANG,20FT,0,0,0,0,4,3,0,0
CARRIER_E,2025-07-10 07:00,BUGANG,20FT,0,0,0,0,4,3,0,0
CARRIER_E,2025-07-10 08:00,BUGANG,20FT,0,0,0,0,4,3,0,0
CARRIER_E,2025-07-10 09:00,BUGANG,20FT,0,0,0,0,4,3,0,0
CARRIER_E,2025-07-10 10:00,BUGANG,20FT,1,0,0,0,3,2,0,0
CARRIER_E,2025-07-10 11:00,BUGANG,20FT,0,0,0,0,3,2,0,0
CARRIER_E,2025-07-10 12:00,BUGANG,20FT,0,0,0,0,3,2,0,0
CARRIER_E,2025-07-10 13:00,BUGANG,20FT,0,0,0,0,3,2,0,0
CARRIER_E,2025-07-10 14:00,BUGANG,20FT,0,0,0,0,3,2,0,0
CARRIER_E,2025-07-10 15:00,BUGANG,20FT,0,0,0,0,3,2,0,0
CARRIER_E,2025-07-10 16:00,BUGANG,20FT,0,0,0,0,3,2,0,0
CARRIER_E,2025-07-10 17:00,BUGANG,20FT,0,0,0,0,3,2,0,0
CARRIER_E,2025-07-10 18:00,BUGANG,20FT,0,0,0,0,3,2,0,0
CARRIER_E,2025-07-10 19:00,BUGANG,20FT,0,0,0,0,3,2,0,0
CARRIER_E,2025-07-10 20:00,BUGANG,20FT,0,0,0,0,3,2,0,0
CARRIER_E,2025-07-10 21:00,BUGANG,20FT,0,0,0,0,3,2,0,0
CARRIER_E,2025-07-10 22:00,BUGANG,20FT,0,0,0,0,3,2,0,0
CARRIER_E,2025-07-10 23:00,BUGANG,20FT,0,0,0,0,3,2,0,0
CARRIER_E,2025-07-11 00:00,BUGANG,20FT,0,0,0,0,3,2,0,0
CARRIER_E,2025-07-11 01:00,BUGANG,20FT,0,0,0,0,3,2,0,0
CARRIER_E,2025-07-11 02:00,BUGANG,20FT,0,0,0,0,3,2,0,0
CARRIER_E,2025-07-11 03:00,BUGANG,20FT,0,0,0,0,3,2,0,0
CARRIER_E,2025-07-11 04:00,BUGANG,20FT,0,0,0,0,3,2,0,0
CARRIER_E,2025-07-11 05:00,BUGANG,20FT,0,0,0,0,3,2,0,0
CARRIER_E,2025-07-11 06:00,BUGANG,20FT,0,0,0,0,3,2,0,0
CARRIER_E,2025-07-11 07:00,BUGANG,20FT,0,0,0,0,3,2,0,0
CARRIER_E,2025-07-11 08:00,BUGANG,20FT,0,0,0,0,3,2,0,0
CARRIER_E,2025-07-11 09:00,BUGANG,20FT,0,0,0,0,3,2,0,0
CARRIER_E,2025-07-11 10:00,BUGANG,20FT,0,0,0,0,3,2,0,0
CARRIER_E,2025-07-11 11:00,BUGANG,20FT,0,0,0,0,3,2,0,0
CARRIER_E,2025-07-11 12:00,BUGANG,20FT,0,0,0,0,3,2,0,0
CARRIER_E,2025-07-11 13:00,BUGANG,20FT,0,0,0,0,3,2,0,0
CARRIER_E,2025-07-11 14:00,BUGANG,20FT,1,0,0,0,2,1,0,0
CARRIER_E,2025-07-11 15:00,BUGANG,20FT,0,1,0,0,3,2,0,0
CARRIER_E,2025-07-11 16:00,BUGANG,20FT,0,0,0,0,3,2,0,0
CARRIER_E,2025-07-11 17:00,BUGANG,20FT,0,0,0,0,3,2,0,0
CARRIER_E,2025-07-11 18:00,BUGANG,20FT,0,0,0,0,3,2,0,0
CARRIER_E,2025-07-11 19:00,BUGANG,20FT,0,0,0,0,3,2,0,0
CARRIER_E,2025-07-11 20:00,BUGANG,20FT,0,0,0,2,3,0,0,0
CARRIER_E,2025-07-11 21:00,BUGANG,20FT,0,0,0,0,3,0,0,0
CARRIER_E,2025-07-11 22:00,BUGANG,20FT,0,0,0,0,3,0,0,0
CARRIER_E,2025-07-11 23:00,BUGANG,20FT,0,0,0,0,3,0,0,0
CARRIER_E,2025-07-12 00:00,BUGANG,20FT,0,0,0,0,3,0,0,0
CARRIER_E,2025-07-12 01:00,BUGANG,20FT,0,0,0,0,3,0,0,0
CARRIER_E,2025-07-12 02:00,BUGANG,20FT,0,0,0,0,3,0,0,0
CARRIER_E,2025-07-12 03:00,BUGANG,20FT,0,0,0,0,3,0,0,0
CARRIER_E,2025-07-12 04:00,BUGANG,20FT,0,0,0,0,3,0,0,0
CARRIER_E,2025-07-12 05:00,BUGANG,20FT,0,0,0,0,3,0,0,0
CARRIER_E,2025-07-12 06:00,BUGANG,20FT,0,0,0,0,3,0,0,0
CARRIER_E,2025-07-12 07:00,BUGANG,20FT,0,0,0,0,3,0,0,0
CARRIER_E,2025-07-12 08:00,BUGANG,20FT,0,0,0,0,3,0,0,0
CARRIER_E,2025-07-12 09:00,BUGANG,20FT,0,0,0,0,3,0,0,0
CARRIER_E,2025-07-12 10:00,BUGANG,20FT,0,0,0,0,3,0,0,0
CARRIER_E,2025-07-12 11:00,BUGANG,20FT,0,0,0,0,3,0,0,0
CARRIER_E,2025-07-12 12:00,BUGANG,20FT,0,0,0,0,3,0,0,0
CARRIER_E,2025-07-12 13:00,BUGANG,20FT,0,0,0,0,3,0,0,0
CARRIER_E,2025-07-12 14:00,BUGANG,20FT,0,0,0,0,3,0,0,0
CARRIER_E,2025-07-12 15:00,BUGANG,20FT,0,1,0,0,4,1,0,0
CARRIER_E,2025-07-12 16:00,BUGANG,20FT,0,0,0,0,4,1,0,0
CARRIER_E,2025-07-12 17:00,BUGANG,20FT,0,0,0,0,4,1,0,0
CARRIER_E,2025-07-12 18:00,BUGANG,20FT,0,1,0,0,5,2,0,0
CARRIER_E,2025-07-12 19:00,BUGANG,20FT,0,1,0,0,6,3,0,0
CARRIER_E,2025-07-12 20:00,BUGANG,20FT,0,0,0,0,6,3,0,0
CARRIER_E,2025-07-12 21:00,BUGANG,20FT,0,1,0,0,7,4,0,0
CARRIER_E,2025-07-12 22:00,BUGANG,20FT,0,0,0,0,7,4,0,0
CARRIER_E,2025-07-12 23:00,BUGANG,20FT,0,0,0,0,7,4,0,0
CARRIER_E,2025-07-13 00:00,BUGANG,20FT,0,0,0,0,7,4,0,0
CARRIER_E,2025-07-13 01:00,BUGANG,20FT,0,0,0,0,7,4,0,0
CARRIER_E,2025-07-13 02:00,BUGANG,20FT,0,0,0,0,7,4,0,0
CARRIER_E,2025-07-13 03:00,BUGANG,20FT,0,0,0,0,7,4,0,0
CARRIER_E,2025-07-13 04:00,BUGANG,20FT,0,0,0,0,7,4,0,0
CARRIER_E,2025-07-13 05:00,BUGANG,20FT,0,0,0,0,7,4,0,0
CARRIER_E,2025-07-13 06:00,BUGANG,20FT,0,0,0,0,7,4,0,0
CARRIER_E,2025-07-13 07:00,BUGANG,20FT,0,0,0,0,7,4,0,0
CARRIER_E,2025-07-13 08:00,BUGANG,20FT,0,0,0,0,7,4,0,0
CARRIER_E,2025-07-13 09:00,BUGANG,20FT,0,1,0,0,8,5,0,0
CARRIER_E,2025-07-13 10:00,BUGANG,20FT,0,0,0,0,8,5,0,0
CARRIER_E,2025-07-13 11:00,BUGANG,20FT,0,0,0,0,8,5,0,0
CARRIER_E,2025-07-13 12:00,BUGANG,20FT,0,0,0,0,8,5,0,0
CARRIER_E,2025-07-13 13:00,BUGANG,20FT,0,0,0,0,8,5,0,0
CARRIER_E,2025-07-13 14:00,BUGANG,20FT,0,1,0,0,9,6,0,0
CARRIER_E,2025-07-13 15:00,BUGANG,20FT,0,0,0,0,9,6,0,0
CARRIER_E,2025-07-13 16:00,BUGANG,20FT,0,0,0,0,9,6,0,0
CARRIER_E,2025-07-13 17:00,BUGANG,20FT,0,0,0,0,9,6,0,0
CARRIER_E,2025-07-13 18:00,BUGANG,20FT,0,0,0,0,9,6,0,0
CARRIER_E,2025-07-13 19:00,BUGANG,20FT,0,0,0,0,9,6,0,0
CARRIER_E,2025-07-13 20:00,BUGANG,20FT,0,0,0,0,9,6,0,0
CARRIER_E,2025-07-13 21:00,BUGANG,20FT,0,0,0,0,9,6,0,0
CARRIER_E,2025-07-13 22:00,BUGANG,20FT,0,0,0,0,9,6,0,0
CARRIER_E,2025-07-13 23:00,BUGANG,20FT,0,0,0,0,9,6,0,0
CARRIER_E,2025-07-14 00:00,BUGANG,20FT,0,0,0,0,9,6,0,0
CARRIER_E,2025-07-14 01:00,BUGANG,20FT,0,0,0,0,9,6,0,0
CARRIER_E,2025-07-14 02:00,BUGANG,20FT,0,0,0,0,9,6,0,0
CARRIER_E,2025-07-14 03:00,BUGANG,20FT,0,0,0,0,9,6,0,0
CARRIER_E,2025-07-14 04:00,BUGANG,20FT,0,0,0,0,9,6,0,0
CARRIER_E,2025-07-14 05:00,BUGANG,20FT,0,0,0,0,9,6,0,0
CARRIER_E,2025-07-14 06:00,BUGANG,20FT,0,0,0,0,9,6,0,0
CARRIER_E,2025-07-14 07:00,BUGANG,20FT,0,0,0,0,9,6,0,0
CARRIER_E,2025-07-14 08:00,BUGANG,20FT,0,0,0,0,9,6,0,0
CARRIER_E,2025-07-14 09:00,BUGANG,20FT,0,0,0,0,9,6,0,0
CARRIER_E,2025-07-14 10:00,BUGANG,20FT,0,0,0,0,9,6,0,0
CARRIER_E,2025-07-14 11:00,BUGANG,20FT,0,0,0,0,9,6,0,0
CARRIER_E,2025-07-14 12:00,BUGANG,20FT,0,1,0,0,10,7,0,0
CARRIER_E,2025-07-14 13:00,BUGANG,20FT,0,2,0,0,12,9,0,0
CARRIER_E,2025-07-14 14:00,BUGANG,20FT,0,0,0,0,12,9,0,0
CARRIER_E,2025-07-14 15:00,BUGANG,20FT,0,0,0,0,12,9,0,0
CARRIER_E,2025-07-14 16:00,BUGANG,20FT,0,0,0,0,12,9,0,0
CARRIER_E,2025-07-14 17:00,BUGANG,20FT,0,0,0,0,12,9,0,0
CARRIER_E,2025-07-14 18:00,BUGANG,20FT,1,0,0,0,11,8,0,0
CARRIER_E,2025-07-14 19:00,BUGANG,20FT,0,0,0,0,11,8,0,0
CARRIER_E,2025-07-14 20:00,BUGANG,20FT,0,0,0,0,11,8,0,0
CARRIER_E,2025-07-14 21:00,BUGANG,20FT,0,0,0,0,11,8,0,0
CARRIER_E,2025-07-14 22:00,BUGANG,20FT,0,0,0,0,11,8,0,0
CARRIER_E,2025-07-14 23:00,BUGANG,20FT,0,0,0,0,11,8,0,0
CARRIER_E,2025-07-08 00:00,BUGANG,40FT,0,0,0,0,0,0,0,0
CARRIER_E,2025-07-08 01:00,BUGANG,40FT,0,0,0,0,0,0,0,0
CARRIER_E,2025-07-08 02:00,BUGANG,40FT,0,0,0,0,0,0,0,0
CARRIER_E,2025-07-08 03:00,BUGANG,40FT,0,0,0,0,0,0,0,0
CARRIER_E,2025-07-08 04:00,BUGANG,40FT,0,0,0,0,0,0,0,0
CARRIER_E,2025-07-08 05:00,BUGANG,40FT,0,0,0,0,0,0,0,0
CARRIER_E,2025-07-08 06:00,BUGANG,40FT,0,0,0,0,0,0,0,0
CARRIER_E,2025-07-08 07:00,BUGANG,40FT,0,0,0,0,0,0,0,0
CARRIER_E,2025-07-08 08:00,BUGANG,40FT,0,0,0,0,0,0,0,0
CARRIER_E,2025-07-08 09:00,BUGANG,40FT,0,0,0,0,0,0,0,0
CARRIER_E,2025-07-08 10:00,BUGANG,40FT,0,0,0,0,0,0,0,0
CARRIER_E,2025-07-08 11:00,BUGANG,40FT,0,0,0,0,0,0,0,0
CARRIER_E,2025-07-08 12:00,BUGANG,40FT,0,1,0,0,1,1,0,0
CARRIER_E,2025-07-08 13:00,BUGANG,40FT,0,0,0,0,1,1,0,0
CARRIER_E,2025-07-08 14:00,BUGANG,40FT,0,0,0,0,1,1,0,0
CARRIER_E,2025-07-08 15:00,BUGANG,40FT,0,0,0,0,1,1,0,0
CARRIER_E,2025-07-08 16:00,BUGANG,40FT,0,0,0,0,1,1,0,0
CARRIER_E,2025-07-08 17:00,BUGANG,40FT,0,0,0,0,1,1,0,0
CARRIER_E,2025-07-08 18:00,BUGANG,40FT,0,0,0,0,1,1,0,0
CARRIER_E,2025-07-08 19:00,BUGANG,40FT,0,0,0,0,1,1,0,0
CARRIER_E,2025-07-08 20:00,BUGANG,40FT,0,0,0,0,1,1,0,0
CARRIER_E,2025-07-08 21:00,BUGANG,40FT,0,0,0,0,1,1,0,0
CARRIER_E,2025-07-08 22:00,BUGANG,40FT,0,0,0,0,1,1,0,0
CARRIER_E,2025-07-08 23:00,BUGANG,40FT,0,0,0,0,1,1,0,0
CARRIER_E,2025-07-09 00:00,BUGANG,40FT,0,0,0,0,1,1,0,0
CARRIER_E,2025-07-09 01:00,BUGANG,40FT,0,0,0,0,1,1,0,0
CARRIER_E,2025-07-09 02:00,BUGANG,40FT,0,0,0,0,1,1,0,0
CARRIER_E,2025-07-09 03:00,BUGANG,40FT,0,0,0,0,1,1,0,0
CARRIER_E,2025-07-09 04:00,BUGANG,40FT,0,0,0,0,1,1,0,0
CARRIER_E,2025-07-09 05:00,BUGANG,40FT,0,0,0,0,1,1,0,0
CARRIER_E,2025-07-09 06:00,BUGANG,40FT,0,0,0,0,1,1,0,0
CARRIER_E,2025-07-09 07:00,BUGANG,40FT,0,0,0,0,1,1,0,0
CARRIER_E,2025-07-09 08:00,BUGANG,40FT,0,0,0,0,1,1,0,0
CARRIER_E,2025-07-09 09:00,BUGANG,40FT,0,0,0,0,1,1,0,0
CARRIER_E,2025-07-09 10:00,BUGANG,40FT,0,0,0,0,1,1,0,0
CARRIER_E,2025-07-09 11:00,BUGANG,40FT,0,0,0,0,1,1,0,0
CARRIER_E,2025-07-09 12:00,BUGANG,40FT,0,0,0,0,1,1,0,0
CARRIER_E,2025-07-09 13:00,BUGANG,40FT,0,0,0,0,1,1,0,0
CARRIER_E,2025-07-09 14:00,BUGANG,40FT,0,0,0,0,1,1,0,0
CARRIER_E,2025-07-09 15:00,BUGANG,40FT,0,0,0,0,1,1,0,0
CARRIER_E,2025-07-09 16:00,BUGANG,40FT,0,0,0,0,1,1,0,0
CARRIER_E,2025-07-09 17:00,BUGANG,40FT,0,0,0,0,1,1,0,0
CARRIER_E,2025-07-09 18:00,BUGANG,40FT,0,0,0,0,1,1,0,0
CARRIER_E,2025-07-09 19:00,BUGANG,40FT,0,0,0,0,1,1,0,0
CARRIER_E,2025-07-09 20:00,BUGANG,40FT,0,0,0,0,1,1,0,0
CARRIER_E,2025-07-09 21:00,BUGANG,40FT,0,0,0,0,1,1,0,0
CARRIER_E,2025-07-09 22:00,BUGANG,40FT,0,0,0,0,1,1,0,0
CARRIER_E,2025-07-09 23:00,BUGANG,40FT,0,0,0,0,1,1,0,0
CARRIER_E,2025-07-10 00:00,BUGANG,40FT,0,0,0,0,1,1,0,0
CARRIER_E,2025-07-10 01:00,BUGANG,40FT,0,0,0,0,1,1,0,0
CARRIER_E,2025-07-10 02:00,BUGANG,40FT,0,0,0,0,1,1,0,0
CARRIER_E,2025-07-10 03:00,BUGANG,40FT,0,0,0,0,1,1,0,0
CARRIER_E,2025-07-10 04:00,BUGANG,40FT,0,0,0,0,1,1,0,0
CARRIER_E,2025-07-10 05:00,BUGANG,40FT,0,0,0,0,1,1,0,0
CARRIER_E,2025-07-10 06:00,BUGANG,40FT,0,0,0,0,1,1,0,0
CARRIER_E,2025-07-10 07:00,BUGANG,40FT,0,0,0,0,1,1,0,0
CARRIER_E,2025-07-10 08:00,BUGANG,40FT,0,0,0,0,1,1,0,0
CARRIER_E,2025-07-10 09:00,BUGANG,40FT,0,0,0,0,1,1,0,0
CARRIER_E,2025-07-10 10:00,BUGANG,40FT,0,0,0,0,1,1,0,0
CARRIER_E,2025-07-10 11:00,BUGANG,40FT,0,0,0,0,1,1,0,0
CARRIER_E,2025-07-10 12:00,BUGANG,40FT,0,0,0,0,1,1,0,0
CARRIER_E,2025-07-10 13:00,BUGANG,40FT,0,0,0,0,1,1,0,0
CARRIER_E,2025-07-10 14:00,BUGANG,40FT,0,0,0,0,1,1,0,0
CARRIER_E,2025-07-10 15:00,BUGANG,40FT,0,0,0,0,1,1,0,0
CARRIER_E,2025-07-10 16:00,BUGANG,40FT,0,0,0,0,1,1,0,0
CARRIER_E,2025-07-10 17:00,BUGANG,40FT,0,0,0,0,1,1,0,0
CARRIER_E,2025-07-10 18:00,BUGANG,40FT,0,0,0,0,1,1,0,0
CARRIER_E,2025-07-10 19:00,BUGANG,40FT,0,0,0,0,1,1,0,0
CARRIER_E,2025-07-10 20:00,BUGANG,40FT,0,0,0,0,1,1,0,0
CARRIER_E,2025-07-10 21:00,BUGANG,40FT,0,0,0,0,1,1,0,0
CARRIER_E,2025-07-10 22:00,BUGANG,40FT,0,0,0,0,1,1,0,0
CARRIER_E,2025-07-10 23:00,BUGANG,40FT,0,0,0,0,1,1,0,0
CARRIER_E,2025-07-11 00:00,BUGANG,40FT,0,0,0,0,1,1,0,0
CARRIER_E,2025-07-11 01:00,BUGANG,40FT,0,0,0,0,1,1,0,0
CARRIER_E,2025-07-11 02:00,BUGANG,40FT,0,0,0,0,1,1,0,0
CARRIER_E,2025-07-11 03:00,BUGANG,40FT,0,0,0,0,1,1,0,0
CARRIER_E,2025-07-11 04:00,BUGANG,40FT,0,0,0,0,1,1,0,0
CARRIER_E,2025-07-11 05:00,BUGANG,40FT,0,0,0,0,1,1,0,0
CARRIER_E,2025-07-11 06:00,BUGANG,40FT,0,0,0,0,1,1,0,0
CARRIER_E,2025-07-11 07:00,BUGANG,40FT,0,0,0,0,1,1,0,0
CARRIER_E,2025-07-11 08:00,BUGANG,40FT,0,0,0,0,1,1,0,0
CARRIER_E,2025-07-11 09:00,BUGANG,40FT,0,1,0,0,2,2,0,0
CARRIER_E,2025-07-11 10:00,BUGANG,40FT,0,0,0,0,2,2,0,0
CARRIER_E,2025-07-11 11:00,BUGANG,40FT,0,0,0,0,2,2,0,0
CARRIER_E,2025-07-11 12:00,BUGANG,40FT,0,0,0,0,2,2,0,0
CARRIER_E,2025-07-11 13:00,BUGANG,40FT,0,0,0,0,2,2,0,0
CARRIER_E,2025-07-11 14:00,BUGANG,40FT,0,0,0,0,2,2,0,0
CARRIER_E,2025-07-11 15:00,BUGANG,40FT,0,0,0,0,2,2,0,0
CARRIER_E,2025-07-11 16:00,BUGANG,40FT,0,0,0,0,2,2,0,0
CARRIER_E,2025-07-11 17:00,BUGANG,40FT,0,0,0,0,2,2,0,0
CARRIER_E,2025-07-11 18:00,BUGANG,40FT,0,0,0,0,2,2,0,0
CARRIER_E,2025-07-11 19:00,BUGANG,40FT,0,0,0,0,2,2,0,0
CARRIER_E,2025-07-11 20:00,BUGANG,40FT,0,0,0,0,2,2,0,0
CARRIER_E,2025-07-11 21:00,BUGANG,40FT,0,0,0,0,2,2,0,0
CARRIER_E,2025-07-11 22:00,BUGANG,40FT,0,0,0,0,2,2,0,0
CARRIER_E,2025-07-11 23:00,BUGANG,40FT,0,0,0,0,2,2,0,0
CARRIER_E,2025-07-12 00:00,BUGANG,40FT,0,0,0,0,2,2,0,0
CARRIER_E,2025-07-12 01:00,BUGANG,40FT,0,0,0,0,2,2,0,0
CARRIER_E,2025-07-12 02:00,BUGANG,40FT,0,0,0,0,2,2,0,0
CARRIER_E,2025-07-12 03:00,BUGANG,40FT,0,0,0,0,2,2,0,0
CARRIER_E,2025-07-12 04:00,BUGANG,40FT,0,0,0,0,2,2,0,0
CARRIER_E,2025-07-12 05:00,BUGANG,40FT,0,0,0,0,2,2,0,0
CARRIER_E,2025-07-12 06:00,BUGANG,40FT,0,0,0,0,2,2,0,0
CARRIER_E,2025-07-12 07:00,BUGANG,40FT,0,0,0,0,2,2,0,0
CARRIER_E,2025-07-12 08:00,BUGANG,40FT,0,0,0,0,2,2,0,0
CARRIER_E,2025-07-12 09:00,BUGANG,40FT,0,0,0,0,2,2,0,0
CARRIER_E,2025-07-12 10:00,BUGANG,40FT,0,0,0,0,2,2,0,0
CARRIER_E,2025-07-12 11:00,BUGANG,40FT,0,0,0,0,2,2,0,0
CARRIER_E,2025-07-12 12:00,BUGANG,40FT,0,0,0,0,2,2,0,0
CARRIER_E,2025-07-12 13:00,BUGANG,40FT,0,0,0,0,2,2,0,0
CARRIER_E,2025-07-12 14:00,BUGANG,40FT,0,0,0,0,2,2,0,0
CARRIER_E,2025-07-12 15:00,BUGANG,40FT,0,0,0,0,2,2,0,0
CARRIER_E,2025-07-12 16:00,BUGANG,40FT,0,0,0,0,2,2,0,0
CARRIER_E,2025-07-12 17:00,BUGANG,40FT,0,0,0,0,2,2,0,0
CARRIER_E,2025-07-12 18:00,BUGANG,40FT,0,0,0,0,2,2,0,0
CARRIER_E,2025-07-12 19:00,BUGANG,40FT,0,0,0,0,2,2,0,0
CARRIER_E,2025-07-12 20:00,BUGANG,40FT,0,0,0,0,2,2,0,0
CARRIER_E,2025-07-12 21:00,BUGANG,40FT,0,0,0,0,2,2,0,0
CARRIER_E,2025-07-12 22:00,BUGANG,40FT,0,0,0,0,2,2,0,0
CARRIER_E,2025-07-12 23:00,BUGANG,40FT,0,0,0,0,2,2,0,0
CARRIER_E,2025-07-13 00:00,BUGANG,40FT,0,0,0,0,2,2,0,0
CARRIER_E,2025-07-13 01:00,BUGANG,40FT,0,0,0,0,2,2,0,0
CARRIER_E,2025-07-13 02:00,BUGANG,40FT,0,0,0,0,2,2,0,0
CARRIER_E,2025-07-13 03:00,BUGANG,40FT,0,0,0,0,2,2,0,0
CARRIER_E,2025-07-13 04:00,BUGANG,40FT,0,0,0,0,2,2,0,0
CARRIER_E,2025-07-13 05:00,BUGANG,40FT,0,0,0,0,2,2,0,0
CARRIER_E,2025-07-13 06:00,BUGANG,40FT,0,0,0,0,2,2,0,0
CARRIER_E,2025-07-13 07:00,BUGANG,40FT,0,0,0,0,2,2,0,0
CARRIER_E,2025-07-13 08:00,BUGANG,40FT,0,0,0,0,2,2,0,0
CARRIER_E,2025-07-13 09:00,BUGANG,40FT,0,0,0,0,2,2,0,0
CARRIER_E,2025-07-13 10:00,BUGANG,40FT,0,0,0,0,2,2,0,0
CARRIER_E,2025-07-13 11:00,BUGANG,40FT,0,0,0,0,2,2,0,0
CARRIER_E,2025-07-13 12:00,BUGANG,40FT,0,0,0,0,2,2,0,0
CARRIER_E,2025-07-13 13:00,BUGANG,40FT,0,0,0,0,2,2,0,0
CARRIER_E,2025-07-13 14:00,BUGANG,40FT,0,0,0,0,2,2,0,0
CARRIER_E,2025-07-13 15:00,BUGANG,40FT,0,0,0,0,2,2,0,0
CARRIER_E,2025-07-13 16:00,BUGANG,40FT,0,0,0,0,2,2,0,0
CARRIER_E,2025-07-13 17:00,BUGANG,40FT,0,0,0,0,2,2,0,0
CARRIER_E,2025-07-13 18:00,BUGANG,40FT,0,0,0,0,2,2,0,0
CARRIER_E,2025-07-13 19:00,BUGANG,40FT,0,0,0,0,2,2,0,0
CARRIER_E,2025-07-13 20:00,BUGANG,40FT,0,0,0,0,2,2,0,0
CARRIER_E,2025-07-13 21:00,BUGANG,40FT,0,0,0,0,2,2,0,0
CARRIER_E,2025-07-13 22:00,BUGANG,40FT,0,0,0,0,2,2,0,0
CARRIER_E,2025-07-13 23:00,BUGANG,40FT,0,0,0,0,2,2,0,0
CARRIER_E,2025-07-14 00:00,BUGANG,40FT,0,0,0,0,2,2,0,0
CARRIER_E,2025-07-14 01:00,BUGANG,40FT,0,0,0,0,2,2,0,0
CARRIER_E,2025-07-14 02:00,BUGANG,40FT,0,0,0,0,2,2,0,0
CARRIER_E,2025-07-14 03:00,BUGANG,40FT,0,0,0,0,2,2,0,0
CARRIER_E,2025-07-14 04:00,BUGANG,40FT,0,0,0,0,2,2,0,0
CARRIER_E,2025-07-14 05:00,BUGANG,40FT,0,0,0,0,2,2,0,0
CARRIER_E,2025-07-14 06:00,BUGANG,40FT,0,0,0,0,2,2,0,0
CARRIER_E,2025-07-14 07:00,BUGANG,40FT,0,0,0,0,2,2,0,0
CARRIER_E,2025-07-14 08:00,BUGANG,40FT,0,0,0,0,2,2,0,0
CARRIER_E,2025-07-14 09:00,BUGANG,40FT,0,0,0,0,2,2,0,0
CARRIER_E,2025-07-14 10:00,BUGANG,40FT,0,0,0,0,2,2,0,0
CARRIER_E,2025-07-14 11:00,BUGANG,40FT,0,0,0,0,2,2,0,0
CARRIER_E,2025-07-14 12:00,BUGANG,40FT,0,0,0,0,2,2,0,0
CARRIER_E,2025-07-14 13:00,BUGANG,40FT,0,0,0,0,2,2,0,0
CARRIER_E,2025-07-14 14:00,BUGANG,40FT,0,0,0,0,2,2,0,0
CARRIER_E,2025-07-14 15:00,BUGANG,40FT,0,0,0,0,2,2,0,0
CARRIER_E,2025-07-14 16:00,BUGANG,40FT,0,0,0,0,2,2,0,0
CARRIER_E,2025-07-14 17:00,BUGANG,40FT,0,0,0,0,2,2,0,0
CARRIER_E,2025-07-14 18:00,BUGANG,40FT,0,0,0,0,2,2,0,0
CARRIER_E,2025-07-14 19:00,BUGANG,40FT,0,1,0,0,3,3,0,0
CARRIER_E,2025-07-14 20:00,BUGANG,40FT,0,0,0,0,3,3,0,0
CARRIER_E,2025-07-14 21:00,BUGANG,40FT,0,0,0,0,3,3,0,0
CARRIER_E,2025-07-14 22:00,BUGANG,40FT,0,0,0,0,3,3,0,0
CARRIER_E,2025-07-14 23:00,BUGANG,40FT,0,0,0,0,3,3,0,0
CARRIER_E,2025-07-08 00:00,BUSAN,20FT,0,0,0,0,10,10,0,0
CARRIER_E,2025-07-08 01:00,BUSAN,20FT,0,0,0,0,10,10,0,0
CARRIER_E,2025-07-08 02:00,BUSAN,20FT,0,0,0,0,10,10,0,0
CARRIER_E,2025-07-08 03:00,BUSAN,20FT,0,0,0,0,10,10,0,0
CARRIER_E,2025-07-08 04:00,BUSAN,20FT,0,0,0,0,10,10,0,0
CARRIER_E,2025-07-08 05:00,BUSAN,20FT,0,0,0,0,10,10,0,0
CARRIER_E,2025-07-08 06:00,BUSAN,20FT,0,0,0,0,10,10,0,0
CARRIER_E,2025-07-08 07:00,BUSAN,20FT,0,0,0,0,10,10,0,0
CARRIER_E,2025-07-08 08:00,BUSAN,20FT,0,0,0,0,10,10,0,0
CARRIER_E,2025-07-08 09:00,BUSAN,20FT,0,0,0,0,10,10,0,0
CARRIER_E,2025-07-08 10:00,BUSAN,20FT,0,0,0,0,10,10,0,0
CARRIER_E,2025-07-08 11:00,BUSAN,20FT,0,0,0,0,10,10,0,0
CARRIER_E,2025-07-08 12:00,BUSAN,20FT,0,0,0,0,10,10,0,0
CARRIER_E,2025-07-08 13:00,BUSAN,20FT,0,0,0,0,10,10,0,0
CARRIER_E,2025-07-08 14:00,BUSAN,20FT,0,0,0,0,10,10,0,0
CARRIER_E,2025-07-08 15:00,BUSAN,20FT,0,0,0,0,10,10,0,0
CARRIER_E,2025-07-08 16:00,BUSAN,20FT,0,0,0,0,10,10,0,0
CARRIER_E,2025-07-08 17:00,BUSAN,20FT,0,0,0,0,10,10,0,0
CARRIER_E,2025-07-08 18:00,BUSAN,20FT,0,0,0,0,10,10,0,0
CARRIER_E,2025-07-08 19:00,BUSAN,20FT,0,0,0,0,10,10,0,0
CARRIER_E,2025-07-08 20:00,BUSAN,20FT,0,0,0,0,10,10,0,0
CARRIER_E,2025-07-08 21:00,BUSAN,20FT,0,0,0,0,10,10,0,0
CARRIER_E,2025-07-08 22:00,BUSAN,20FT,0,0,0,0,10,10,0,0
CARRIER_E,2025-07-08 23:00,BUSAN,20FT,0,0,0,0,10,10,0,0
CARRIER_E,2025-07-09 00:00,BUSAN,20FT,0,0,0,0,10,10,0,0
CARRIER_E,2025-07-09 01:00,BUSAN,20FT,0,0,0,0,10,10,0,0
CARRIER_E,2025-07-09 02:00,BUSAN,20FT,0,0,0,0,10,10,0,0
CARRIER_E,2025-07-09 03:00,BUSAN,20FT,0,0,0,0,10,10,0,0
CARRIER_E,2025-07-09 04:00,BUSAN,20FT,0,0,0,0,10,10,0,0
CARRIER_E,2025-07-09 05:00,BUSAN,20FT,0,0,0,0,10,10,0,0
CARRIER_E,2025-07-09 06:00,BUSAN,20FT,0,0,0,0,10,10,0,0
CARRIER_E,2025-07-09 07:00,BUSAN,20FT,2,0,0,0,8,8,0,0
CARRIER_E,2025-07-09 08:00,BUSAN,20FT,0,0,0,0,8,8,0,0
CARRIER_E,2025-07-09 09:00,BUSAN,20FT,1,0,7,0,7,14,0,0
CARRIER_E,2025-07-09 10:00,BUSAN,20FT,0,0,0,0,7,14,0,0
CARRIER_E,2025-07-09 11:00,BUSAN,20FT,0,0,0,0,7,14,0,0
CARRIER_E,2025-07-09 12:00,BUSAN,20FT,0,0,0,0,7,14,0,0
CARRIER_E,2025-07-09 13:00,BUSAN,20FT,2,0,0,0,5,12,0,0
CARRIER_E,2025-07-09 14:00,BUSAN,20FT,1,0,0,0,4,11,0,0
CARRIER_E,2025-07-09 15:00,BUSAN,20FT,0,0,0,0,4,11,0,0
CARRIER_E,2025-07-09 16:00,BUSAN,20FT,0,0,0,0,4,11,0,0
CARRIER_E,2025-07-09 17:00,BUSAN,20FT,1,0,0,0,3,10,0,0
CARRIER_E,2025-07-09 18:00,BUSAN,20FT,0,0,0,0,3,10,0,0
CARRIER_E,2025-07-09 19:00,BUSAN,20FT,0,0,0,0,3,10,0,0
CARRIER_E,2025-07-09 20:00,BUSAN,20FT,0,0,0,0,3,10,0,0
CARRIER_E,2025-07-09 21:00,BUSAN,20FT,0,0,0,0,3,10,0,0
CARRIER_E,2025-07-09 22:00,BUSAN,20FT,0,0,0,0,3,10,0,0
CARRIER_E,2025-07-09 23:00,BUSAN,20FT,0,0,0,0,3,10,0,0
CARRIER_E,2025-07-10 00:00,BUSAN,20FT,0,0,0,0,3,10,0,0
CARRIER_E,2025-07-10 01:00,BUSAN,20FT,0,0,0,0,3,10,0,0
CARRIER_E,2025-07-10 02:00,BUSAN,20FT,0,0,0,0,3,10,0,0
CARRIER_E,2025-07-10 03:00,BUSAN,20FT,0,0,0,0,3,10,0,0
CARRIER_E,2025-07-10 04:00,BUSAN,20FT,0,0,0,0,3,10,0,0
CARRIER_E,2025-07-10 05:00,BUSAN,20FT,0,0,0,0,3,10,0,0
CARRIER_E,2025-07-10 06:00,BUSAN,20FT,0,0,0,0,3,10,0,0
CARRIER_E,2025-07-10 07:00,BUSAN,20FT,0,0,0,0,3,10,0,0
CARRIER_E,2025-07-10 08:00,BUSAN,20FT,1,0,0,0,2,9,0,0
CARRIER_E,2025-07-10 09:00,BUSAN,20FT,2,0,0,0,0,7,0,0
CARRIER_E,2025-07-10 10:00,BUSAN,20FT,0,0,0,0,0,7,0,0
CARRIER_E,2025-07-10 11:00,BUSAN,20FT,1,0,0,0,0,6,1,0
CARRIER_E,2025-07-10 12:00,BUSAN,20FT,1,0,0,0,0,5,1,0
CARRIER_E,2025-07-10 13:00,BUSAN,20FT,0,0,0,0,0,5,0,0
CARRIER_E,2025-07-10 14:00,BUSAN,20FT,0,0,0,0,0,5,0,0
CARRIER_E,2025-07-10 15:00,BUSAN,20FT,1,0,0,0,0,4,1,0
CARRIER_E,2025-07-10 16:00,BUSAN,20FT,1,0,0,0,0,3,1,0
CARRIER_E,2025-07-10 17:00,BUSAN,20FT,0,0,0,0,0,3,0,0
CARRIER_E,2025-07-10 18:00,BUSAN,20FT,1,0,0,0,0,2,1,0
CARRIER_E,2025-07-10 19:00,BUSAN,20FT,0,0,0,0,0,2,0,0
CARRIER_E,2025-07-10 20:00,BUSAN,20FT,0,0,0,0,0,2,0,0
CARRIER_E,2025-07-10 21:00,BUSAN,20FT,0,0,0,0,0,2,0,0
CARRIER_E,2025-07-10 22:00,BUSAN,20FT,0,0,0,0,0,2,0,0
CARRIER_E,2025-07-10 23:00,BUSAN,20FT,0,0,0,0,0,2,0,0
CARRIER_E,2025-07-11 00:00,BUSAN,20FT,0,0,0,0,0,2,0,0
CARRIER_E,2025-07-11 01:00,BUSAN,20FT,0,0,0,0,0,2,0,0
CARRIER_E,2025-07-11 02:00,BUSAN,20FT,0,0,0,0,0,2,0,0
CARRIER_E,2025-07-11 03:00,BUSAN,20FT,0,0,0,0,0,2,0,0
CARRIER_E,2025-07-11 04:00,BUSAN,20FT,0,0,0,0,0,2,0,0
CARRIER_E,2025-07-11 05:00,BUSAN,20FT,0,0,0,0,0,2,0,0
CARRIER_E,2025-07-11 06:00,BUSAN,20FT,0,0,0,0,0,2,0,0
CARRIER_E,2025-07-11 07:00,BUSAN,20FT,0,0,0,0,0,2,0,0
CARRIER_E,2025-07-11 08:00,BUSAN,20FT,0,0,0,0,0,2,0,0
CARRIER_E,2025-07-11 09:00,BUSAN,20FT,0,0,0,0,0,2,0,0
CARRIER_E,2025-07-11 10:00,BUSAN,20FT,1,0,0,0,0,1,1,0
CARRIER_E,2025-07-11 11:00,BUSAN,20FT,1,0,0,0,0,0,1,0
CARRIER_E,2025-07-11 12:00,BUSAN,20FT,0,1,0,0,1,1,0,0
CARRIER_E,2025-07-11 13:00,BUSAN,20FT,0,0,0,0,1,1,0,0
CARRIER_E,2025-07-11 14:00,BUSAN,20FT,0,0,0,0,1,1,0,0
CARRIER_E,2025-07-11 15:00,BUSAN,20FT,0,0,0,0,1,1,0,0
CARRIER_E,2025-07-11 16:00,BUSAN,20FT,0,0,0,0,1,1,0,0
CARRIER_E,2025-07-11 17:00,BUSAN,20FT,0,0,0,0,1,1,0,0
CARRIER_E,2025-07-11 18:00,BUSAN,20FT,0,0,0,0,1,1,0,0
CARRIER_E,2025-07-11 19:00,BUSAN,20FT,0,0,0,0,1,1,0,0
CARRIER_E,2025-07-11 20:00,BUSAN,20FT,0,0,0,0,1,1,0,0
CARRIER_E,2025-07-11 21:00,BUSAN,20FT,0,0,0,0,1,1,0,0
CARRIER_E,2025-07-11 22:00,BUSAN,20FT,0,0,0,0,1,1,0,0
CARRIER_E,2025-07-11 23:00,BUSAN,20FT,0,0,0,0,1,1,0,0
CARRIER_E,2025-07-12 00:00,BUSAN,20FT,0,0,0,0,1,1,0,0
CARRIER_E,2025-07-12 01:00,BUSAN,20FT,0,0,0,0,1,1,0,0
CARRIER_E,2025-07-12 02:00,BUSAN,20FT,0,0,0,0,1,1,0,0
CARRIER_E,2025-07-12 03:00,BUSAN,20FT,0,0,0,0,1,1,0,0
CARRIER_E,2025-07-12 04:00,BUSAN,20FT,0,0,0,0,1,1,0,0
CARRIER_E,2025-07-12 05:00,BUSAN,20FT,0,0,0,0,1,1,0,0
CARRIER_E,2025-07-12 06:00,BUSAN,20FT,0,0,0,0,1,1,0,0
CARRIER_E,2025-07-12 07:00,BUSAN,20FT,0,0,0,0,1,1,0,0
CARRIER_E,2025-07-12 08:00,BUSAN,20FT,0,0,0,0,1,1,0,0
CARRIER_E,2025-07-12 09:00,BUSAN,20FT,1,1,0,0,1,1,0,0
CARRIER_E,2025-07-12 10:00,BUSAN,20FT,1,2,0,0,2,2,0,0
CARRIER_E,2025-07-12 11:00,BUSAN,20FT,0,0,0,0,2,2,0,0
CARRIER_E,2025-07-12 12:00,BUSAN,20FT,0,0,0,0,2,2,0,0
CARRIER_E,2025-07-12 13:00,BUSAN,20FT,0,1,0,0,3,3,0,0
CARRIER_E,2025-07-12 14:00,BUSAN,20FT,0,0,0,0,3,3,0,0
CARRIER_E,2025-07-12 15:00,BUSAN,20FT,0,0,0,0,3,3,0,0
CARRIER_E,2025-07-12 16:00,BUSAN,20FT,1,0,0,0,2,2,0,0
CARRIER_E,2025-07-12 17:00,BUSAN,20FT,0,0,0,0,2,2,0,0
CARRIER_E,2025-07-12 18:00,BUSAN,20FT,0,0,0,0,2,2,0,0
CARRIER_E,2025-07-12 19:00,BUSAN,20FT,0,0,0,0,2,2,0,0
CARRIER_E,2025-07-12 20:00,BUSAN,20FT,0,0,0,0,2,2,0,0
CARRIER_E,2025-07-12 21:00,BUSAN,20FT,0,0,0,0,2,2,0,0
CARRIER_E,2025-07-12 22:00,BUSAN,20FT,0,0,0,0,2,2,0,0
CARRIER_E,2025-07-12 23:00,BUSAN,20FT,0,0,0,0,2,2,0,0
CARRIER_E,2025-07-13 00:00,BUSAN,20FT,0,0,0,0,2,2,0,0
CARRIER_E,2025-07-13 01:00,BUSAN,20FT,0,0,0,0,2,2,0,0
CARRIER_E,2025-07-13 02:00,BUSAN,20FT,0,0,0,0,2,2,0,0
CARRIER_E,2025-07-13 03:00,BUSAN,20FT,0,0,0,0,2,2,0,0
CARRIER_E,2025-07-13 04:00,BUSAN,20FT,0,0,0,0,2,2,0,0
CARRIER_E,2025-07-13 05:00,BUSAN,20FT,0,0,0,0,2,2,0,0
CARRIER_E,2025-07-13 06:00,BUSAN,20FT,0,0,0,0,2,2,0,0
CARRIER_E,2025-07-13 07:00,BUSAN,20FT,0,0,0,0,2,2,0,0
CARRIER_E,2025-07-13 08:00,BUSAN,20FT,0,0,0,0,2,2,0,0
CARRIER_E,2025-07-13 09:00,BUSAN,20FT,0,0,0,0,2,2,0,0
CARRIER_E,2025-07-13 10:00,BUSAN,20FT,0,0,0,0,2,2,0,0
CARRIER_E,2025-07-13 11:00,BUSAN,20FT,1,1,0,0,2,2,0,0
CARRIER_E,2025-07-13 12:00,BUSAN,20FT,0,0,0,0,2,2,0,0
CARRIER_E,2025-07-13 13:00,BUSAN,20FT,0,1,0,0,3,3,0,0
CARRIER_E,2025-07-13 14:00,BUSAN,20FT,0,0,0,0,3,3,0,0
CARRIER_E,2025-07-13 15:00,BUSAN,20FT,0,0,0,0,3,3,0,0
CARRIER_E,2025-07-13 16:00,BUSAN,20FT,0,1,0,0,4,4,0,0
CARRIER_E,2025-07-13 17:00,BUSAN,20FT,0,0,0,0,4,4,0,0
CARRIER_E,2025-07-13 18:00,BUSAN,20FT,0,0,0,0,4,4,0,0
CARRIER_E,2025-07-13 19:00,BUSAN,20FT,0,0,0,0,4,4,0,0
CARRIER_E,2025-07-13 20:00,BUSAN,20FT,0,0,0,0,4,4,0,0
CARRIER_E,2025-07-13 21:00,BUSAN,20FT,0,0,0,0,4,4,0,0
CARRIER_E,2025-07-13 22:00,BUSAN,20FT,0,0,0,0,4,4,0,0
CARRIER_E,2025-07-13 23:00,BUSAN,20FT,0,0,0,0,4,4,0,0
CARRIER_E,2025-07-14 00:00,BUSAN,20FT,0,0,0,0,4,4,0,0
CARRIER_E,2025-07-14 01:00,BUSAN,20FT,0,0,0,0,4,4,0,0
CARRIER_E,2025-07-14 02:00,BUSAN,20FT,0,0,0,0,4,4,0,0
CARRIER_E,2025-07-14 03:00,BUSAN,20FT,0,0,0,0,4,4,0,0
CARRIER_E,2025-07-14 04:00,BUSAN,20FT,0,0,0,0,4,4,0,0
CARRIER_E,2025-07-14 05:00,BUSAN,20FT,0,0,0,0,4,4,0,0
CARRIER_E,2025-07-14 06:00,BUSAN,20FT,0,0,0,0,4,4,0,0
CARRIER_E,2025-07-14 07:00,BUSAN,20FT,0,0,0,0,4,4,0,0
CARRIER_E,2025-07-14 08:00,BUSAN,20FT,1,0,0,0,3,3,0,0
CARRIER_E,2025-07-14 09:00,BUSAN,20FT,0,1,0,0,4,4,0,0
CARRIER_E,2025-07-14 10:00,BUSAN,20FT,0,0,0,0,4,4,0,0
CARRIER_E,2025-07-14 11:00,BUSAN,20FT,0,0,0,0,4,4,0,0
CARRIER_E,2025-07-14 12:00,BUSAN,20FT,0,0,0,0,4,4,0,0
CARRIER_E,2025-07-14 13:00,BUSAN,20FT,0,0,0,0,4,4,0,0
CARRIER_E,2025-07-14 14:00,BUSAN,20FT,1,0,0,0,3,3,0,0
CARRIER_E,2025-07-14 15:00,BUSAN,20FT,0,0,0,0,3,3,0,0
CARRIER_E,2025-07-14 16:00,BUSAN,20FT,0,0,0,0,3,3,0,0
CARRIER_E,2025-07-14 17:00,BUSAN,20FT,0,0,0,0,3,3,0,0
CARRIER_E,2025-07-14 18:00,BUSAN,20FT,0,0,0,0,3,3,0,0
CARRIER_E,2025-07-14 19:00,BUSAN,20FT,0,0,0,0,3,3,0,0
CARRIER_E,2025-07-14 20:00,BUSAN,20FT,0,0,0,0,3,3,0,0
CARRIER_E,2025-07-14 21:00,BUSAN,20FT,0,0,0,0,3,3,0,0
CARRIER_E,2025-07-14 22:00,BUSAN,20FT,0,0,0,0,3,3,0,0
CARRIER_E,2025-07-14 23:00,BUSAN,20FT,0,0,0,0,3,3,0,0
CARRIER_E,2025-07-08 00:00,BUSAN,40FT,0,0,0,0,1,1,0,0
CARRIER_E,2025-07-08 01:00,BUSAN,40FT,0,0,0,0,1,1,0,0
CARRIER_E,2025-07-08 02:00,BUSAN,40FT,0,0,0,0,1,1,0,0
CARRIER_E,2025-07-08 03:00,BUSAN,40FT,0,0,0,0,1,1,0,0
CARRIER_E,2025-07-08 04:00,BUSAN,40FT,0,0,0,0,1,1,0,0
CARRIER_E,2025-07-08 05:00,BUSAN,40FT,0,0,0,0,1,1,0,0
CARRIER_E,2025-07-08 06:00,BUSAN,40FT,0,0,0,0,1,1,0,0
CARRIER_E,2025-07-08 07:00,BUSAN,40FT,0,0,0,0,1,1,0,0
CARRIER_E,2025-07-08 08:00,BUSAN,40FT,0,0,0,0,1,1,0,0
CARRIER_E,2025-07-08 09:00,BUSAN,40FT,0,0,0,0,1,1,0,0
CARRIER_E,2025-07-08 10:00,BUSAN,40FT,0,0,0,0,1,1,0,0
CARRIER_E,2025-07-08 11:00,BUSAN,40FT,0,0,0,0,1,1,0,0
CARRIER_E,2025-07-08 12:00,BUSAN,40FT,0,0,0,0,1,1,0,0
CARRIER_E,2025-07-08 13:00,BUSAN,40FT,0,0,0,0,1,1,0,0
CARRIER_E,2025-07-08 14:00,BUSAN,40FT,0,1,0,0,2,2,0,0
CARRIER_E,2025-07-08 15:00,BUSAN,40FT,0,0,0,0,2,2,0,0
CARRIER_E,2025-07-08 16:00,BUSAN,40FT,0,0,0,0,2,2,0,0
CARRIER_E,2025-07-08 17:00,BUSAN,40FT,0,0,0,0,2,2,0,0
CARRIER_E,2025-07-08 18:00,BUSAN,40FT,0,0,0,0,2,2,0,0
CARRIER_E,2025-07-08 19:00,BUSAN,40FT,0,0,0,0,2,2,0,0
CARRIER_E,2025-07-08 20:00,BUSAN,40FT,0,0,0,0,2,2,0,0
CARRIER_E,2025-07-08 21:00,BUSAN,40FT,0,0,0,0,2,2,0,0
CARRIER_E,2025-07-08 22:00,BUSAN,40FT,0,0,0,0,2,2,0,0
CARRIER_E,2025-07-08 23:00,BUSAN,40FT,0,0,0,0,2,2,0,0
CARRIER_E,2025-07-09 00:00,BUSAN,40FT,0,0,0,0,2,2,0,0
CARRIER_E,2025-07-09 01:00,BUSAN,40FT,0,0,0,0,2,2,0,0
CARRIER_E,2025-07-09 02:00,BUSAN,40FT,0,0,0,0,2,2,0,0
CARRIER_E,2025-07-09 03:00,BUSAN,40FT,0,0,0,0,2,2,0,0
CARRIER_E,2025-07-09 04:00,BUSAN,40FT,0,0,0,0,2,2,0,0
CARRIER_E,2025-07-09 05:00,BUSAN,40FT,0,0,0,0,2,2,0,0
CARRIER_E,2025-07-09 06:00,BUSAN,40FT,0,0,0,0,2,2,0,0
CARRIER_E,2025-07-09 07:00,BUSAN,40FT,0,0,0,0,2,2,0,0
CARRIER_E,2025-07-09 08:00,BUSAN,40FT,0,0,0,0,2,2,0,0
CARRIER_E,2025-07-09 09:00,BUSAN,40FT,0,0,0,0,2,2,0,0
CARRIER_E,2025-07-09 10:00,BUSAN,40FT,0,0,0,0,2,2,0,0
CARRIER_E,2025-07-09 11:00,BUSAN,40FT,0,0,0,0,2,2,0,0
CARRIER_E,2025-07-09 12:00,BUSAN,40FT,0,0,0,0,2,2,0,0
CARRIER_E,2025-07-09 13:00,BUSAN,40FT,0,0,0,0,2,2,0,0
CARRIER_E,2025-07-09 14:00,BUSAN,40FT,0,0,0,0,2,2,0,0
CARRIER_E,2025-07-09 15:00,BUSAN,40FT,0,0,0,0,2,2,0,0
CARRIER_E,2025-07-09 16:00,BUSAN,40FT,0,0,0,0,2,2,0,0
CARRIER_E,2025-07-09 17:00,BUSAN,40FT,0,0,0,0,2,2,0,0
CARRIER_E,2025-07-09 18:00,BUSAN,40FT,0,0,0,0,2,2,0,0
CARRIER_E,2025-07-09 19:00,BUSAN,40FT,0,0,0,0,2,2,0,0
CARRIER_E,2025-07-09 20:00,BUSAN,40FT,0,0,0,0,2,2,0,0
CARRIER_E,2025-07-09 21:00,BUSAN,40FT,0,0,0,0,2,2,0,0
CARRIER_E,2025-07-09 22:00,BUSAN,40FT,0,0,0,0,2,2,0,0
CARRIER_E,2025-07-09 23:00,BUSAN,40FT,0,0,0,0,2,2,0,0
CARRIER_E,2025-07-10 00:00,BUSAN,40FT,0,0,0,0,2,2,0,0
CARRIER_E,2025-07-10 01:00,BUSAN,40FT,0,0,0,0,2,2,0,0
CARRIER_E,2025-07-10 02:00,BUSAN,40FT,0,0,0,0,2,2,0,0
CARRIER_E,2025-07-10 03:00,BUSAN,40FT,0,0,0,0,2,2,0,0
CARRIER_E,2025-07-10 04:00,BUSAN,40FT,0,0,0,0,2,2,0,0
CARRIER_E,2025-07-10 05:00,BUSAN,40FT,1,0,0,0,1,1,0,0
CARRIER_E,2025-07-10 06:00,BUSAN,40FT,1,0,0,0,0,0,0,0
CARRIER_E,2025-07-10 07:00,BUSAN,40FT,0,0,0,0,0,0,0,0
CARRIER_E,2025-07-10 08:00,BUSAN,40FT,0,0,0,0,0,0,0,0
CARRIER_E,2025-07-10 09:00,BUSAN,40FT,0,0,0,0,0,0,0,0
CARRIER_E,2025-07-10 10:00,BUSAN,40FT,0,0,0,0,0,0,0,0
CARRIER_E,2025-07-10 11:00,BUSAN,40FT,0,0,0,0,0,0,0,0
CARRIER_E,2025-07-10 12:00,BUSAN,40FT,0,0,0,0,0,0,0,0
CARRIER_E,2025-07-10 13:00,BUSAN,40FT,0,0,0,0,0,0,0,0
CARRIER_E,2025-07-10 14:00,BUSAN,40FT,0,0,0,0,0,0,0,0
CARRIER_E,2025-07-10 15:00,BUSAN,40FT,0,0,0,0,0,0,0,0
CARRIER_E,2025-07-10 16:00,BUSAN,40FT,0,0,0,0,0,0,0,0
CARRIER_E,2025-07-10 17:00,BUSAN,40FT,0,0,0,0,0,0,0,0
CARRIER_E,2025-07-10 18:00,BUSAN,40FT,0,0,0,0,0,0,0,0
CARRIER_E,2025-07-10 19:00,BUSAN,40FT,0,0,0,0,0,0,0,0
CARRIER_E,2025-07-10 20:00,BUSAN,40FT,0,0,0,0,0,0,0,0
CARRIER_E,2025-07-10 21:00,BUSAN,40FT,0,0,0,0,0,0,0,0
CARRIER_E,2025-07-10 22:00,BUSAN,40FT,0,0,0,0,0,0,0,0
CARRIER_E,2025-07-10 23:00,BUSAN,40FT,0,0,0,0,0,0,0,0
CARRIER_E,2025-07-11 00:00,BUSAN,40FT,0,0,0,0,0,0,0,0
CARRIER_E,2025-07-11 01:00,BUSAN,40FT,0,0,0,0,0,0,0,0
CARRIER_E,2025-07-11 02:00,BUSAN,40FT,0,0,0,0,0,0,0,0
CARRIER_E,2025-07-11 03:00,BUSAN,40FT,0,0,0,0,0,0,0,0
CARRIER_E,2025-07-11 04:00,BUSAN,40FT,0,0,0,0,0,0,0,0
CARRIER_E,2025-07-11 05:00,BUSAN,40FT,0,0,0,0,0,0,0,0
CARRIER_E,2025-07-11 06:00,BUSAN,40FT,0,0,0,0,0,0,0,0
CARRIER_E,2025-07-11 07:00,BUSAN,40FT,0,0,0,0,0,0,0,0
CARRIER_E,2025-07-11 08:00,BUSAN,40FT,0,0,0,0,0,0,0,0
CARRIER_E,2025-07-11 09:00,BUSAN,40FT,0,0,0,0,0,0,0,0
CARRIER_E,2025-07-11 10:00,BUSAN,40FT,0,0,0,0,0,0,0,0
CARRIER_E,2025-07-11 11:00,BUSAN,40FT,0,0,0,0,0,0,0,0
CARRIER_E,2025-07-11 12:00,BUSAN,40FT,0,0,0,0,0,0,0,0
CARRIER_E,2025-07-11 13:00,BUSAN,40FT,0,0,0,0,0,0,0,0
CARRIER_E,2025-07-11 14:00,BUSAN,40FT,0,0,0,0,0,0,0,0
CARRIER_E,2025-07-11 15:00,BUSAN,40FT,0,0,0,0,0,0,0,0
CARRIER_E,2025-07-11 16:00,BUSAN,40FT,0,0,0,0,0,0,0,0
CARRIER_E,2025-07-11 17:00,BUSAN,40FT,0,0,0,0,0,0,0,0
CARRIER_E,2025-07-11 18:00,BUSAN,40FT,0,0,0,0,0,0,0,0
CARRIER_E,2025-07-11 19:00,BUSAN,40FT,0,0,0,0,0,0,0,0
CARRIER_E,2025-07-11 20:00,BUSAN,40FT,0,0,0,0,0,0,0,0
CARRIER_E,2025-07-11 21:00,BUSAN,40FT,0,0,0,0,0,0,0,0
CARRIER_E,2025-07-11 22:00,BUSAN,40FT,0,0,0,0,0,0,0,0
CARRIER_E,2025-07-11 23:00,BUSAN,40FT,0,0,0,0,0,0,0,0
CARRIER_E,2025-07-12 00:00,BUSAN,40FT,0,1,0,0,1,1,0,0
CARRIER_E,2025-07-12 01:00,BUSAN,40FT,0,0,0,0,1,1,0,0
CARRIER_E,2025-07-12 02:00,BUSAN,40FT,0,0,0,0,1,1,0,0
CARRIER_E,2025-07-12 03:00,BUSAN,40FT,0,0,0,0,1,1,0,0
CARRIER_E,2025-07-12 04:00,BUSAN,40FT,0,0,0,0,1,1,0,0
CARRIER_E,2025-07-12 05:00,BUSAN,40FT,0,0,0,0,1,1,0,0
CARRIER_E,2025-07-12 06:00,BUSAN,40FT,0,0,0,0,1,1,0,0
CARRIER_E,2025-07-12 07:00,BUSAN,40FT,0,0,0,0,1,1,0,0
CARRIER_E,2025-07-12 08:00,BUSAN,40FT,0,0,0,0,1,1,0,0
CARRIER_E,2025-07-12 09:00,BUSAN,40FT,0,0,0,0,1,1,0,0
CARRIER_E,2025-07-12 10:00,BUSAN,40FT,0,0,0,0,1,1,0,0
CARRIER_E,2025-07-12 11:00,BUSAN,40FT,0,0,0,0,1,1,0,0
CARRIER_E,2025-07-12 12:00,BUSAN,40FT,0,0,0,0,1,1,0,0
CARRIER_E,2025-07-12 13:00,BUSAN,40FT,0,0,0,0,1,1,0,0
CARRIER_E,2025-07-12 14:00,BUSAN,40FT,0,0,0,0,1,1,0,0
CARRIER_E,2025-07-12 15:00,BUSAN,40FT,0,0,0,0,1,1,0,0
CARRIER_E,2025-07-12 16:00,BUSAN,40FT,0,0,0,0,1,1,0,0
CARRIER_E,2025-07-12 17:00,BUSAN,40FT,0,0,0,0,1,1,0,0
CARRIER_E,2025-07-12 18:00,BUSAN,40FT,0,0,0,0,1,1,0,0
CARRIER_E,2025-07-12 19:00,BUSAN,40FT,0,0,0,0,1,1,0,0
CARRIER_E,2025-07-12 20:00,BUSAN,40FT,0,0,0,0,1,1,0,0
CARRIER_E,2025-07-12 21:00,BUSAN,40FT,0,0,0,0,1,1,0,0
CARRIER_E,2025-07-12 22:00,BUSAN,40FT,0,0,0,0,1,1,0,0
CARRIER_E,2025-07-12 23:00,BUSAN,40FT,0,0,0,0,1,1,0,0
CARRIER_E,2025-07-13 00:00,BUSAN,40FT,0,0,0,0,1,1,0,0
CARRIER_E,2025-07-13 01:00,BUSAN,40FT,0,0,0,0,1,1,0,0
CARRIER_E,2025-07-13 02:00,BUSAN,40FT,0,0,0,0,1,1,0,0
CARRIER_E,2025-07-13 03:00,BUSAN,40FT,0,0,0,0,1,1,0,0
CARRIER_E,2025-07-13 04:00,BUSAN,40FT,0,0,0,0,1,1,0,0
CARRIER_E,2025-07-13 05:00,BUSAN,40FT,0,0,0,0,1,1,0,0
CARRIER_E,2025-07-13 06:00,BUSAN,40FT,0,0,0,0,1,1,0,0
CARRIER_E,2025-07-13 07:00,BUSAN,40FT,0,0,0,0,1,1,0,0
CARRIER_E,2025-07-13 08:00,BUSAN,40FT,0,0,0,0,1,1,0,0
CARRIER_E,2025-07-13 09:00,BUSAN,40FT,0,0,0,0,1,1,0,0
CARRIER_E,2025-07-13 10:00,BUSAN,40FT,0,0,0,0,1,1,0,0
CARRIER_E,2025-07-13 11:00,BUSAN,40FT,0,0,0,0,1,1,0,0
CARRIER_E,2025-07-13 12:00,BUSAN,40FT,0,0,0,0,1,1,0,0
CARRIER_E,2025-07-13 13:00,BUSAN,40FT,0,0,0,0,1,1,0,0
CARRIER_E,2025-07-13 14:00,BUSAN,40FT,0,0,0,0,1,1,0,0
CARRIER_E,2025-07-13 15:00,BUSAN,40FT,0,0,0,0,1,1,0,0
CARRIER_E,2025-07-13 16:00,BUSAN,40FT,0,0,0,0,1,1,0,0
CARRIER_E,2025-07-13 17:00,BUSAN,40FT,0,0,0,0,1,1,0,0
CARRIER_E,2025-07-13 18:00,BUSAN,40FT,0,0,0,0,1,1,0,0
CARRIER_E,2025-07-13 19:00,BUSAN,40FT,0,0,0,0,1,1,0,0
CARRIER_E,2025-07-13 20:00,BUSAN,40FT,0,0,0,0,1,1,0,0
CARRIER_E,2025-07-13 21:00,BUSAN,40FT,0,0,0,0,1,1,0,0
CARRIER_E,2025-07-13 22:00,BUSAN,40FT,0,0,0,0,1,1,0,0
CARRIER_E,2025-07-13 23:00,BUSAN,40FT,0,0,0,0,1,1,0,0
CARRIER_E,2025-07-14 00:00,BUSAN,40FT,0,0,0,0,1,1,0,0
CARRIER_E,2025-07-14 01:00,BUSAN,40FT,0,0,0,0,1,1,0,0
CARRIER_E,2025-07-14 02:00,BUSAN,40FT,0,0,0,0,1,1,0,0
CARRIER_E,2025-07-14 03:00,BUSAN,40FT,0,0,0,0,1,1,0,0
CARRIER_E,2025-07-14 04:00,BUSAN,40FT,0,0,0,0,1,1,0,0
CARRIER_E,2025-07-14 05:00,BUSAN,40FT,0,0,0,0,1,1,0,0
CARRIER_E,2025-07-14 06:00,BUSAN,40FT,0,0,0,0,1,1,0,0
CARRIER_E,2025-07-14 07:00,BUSAN,40FT,0,0,0,0,1,1,0,0
CARRIER_E,2025-07-14 08:00,BUSAN,40FT,0,0,0,0,1,1,0,0
CARRIER_E,2025-07-14 09:00,BUSAN,40FT,0,0,0,0,1,1,0,0
CARRIER_E,2025-07-14 10:00,BUSAN,40FT,0,0,0,0,1,1,0,0
CARRIER_E,2025-07-14 11:00,BUSAN,40FT,0,0,0,0,1,1,0,0
CARRIER_E,2025-07-14 12:00,BUSAN,40FT,0,0,0,0,1,1,0,0
CARRIER_E,2025-07-14 13:00,BUSAN,40FT,0,0,0,0,1,1,0,0
CARRIER_E,2025-07-14 14:00,BUSAN,40FT,0,0,0,0,1,1,0,0
CARRIER_E,2025-07-14 15:00,BUSAN,40FT,0,0,0,0,1,1,0,0
CARRIER_E,2025-07-14 16:00,BUSAN,40FT,0,0,0,0,1,1,0,0
CARRIER_E,2025-07-14 17:00,BUSAN,40FT,0,1,0,0,2,2,0,0
CARRIER_E,2025-07-14 18:00,BUSAN,40FT,0,0,0,0,2,2,0,0
CARRIER_E,2025-07-14 19:00,BUSAN,40FT,0,0,0,0,2,2,0,0
CARRIER_E,2025-07-14 20:00,BUSAN,40FT,0,0,0,0,2,2,0,0
CARRIER_E,2025-07-14 21:00,BUSAN,40FT,0,0,0,0,2,2,0,0
CARRIER_E,2025-07-14 22:00,BUSAN,40FT,0,0,0,0,2,2,0,0
CARRIER_E,2025-07-14 23:00,BUSAN,40FT,0,0,0,0,2,2,0,0
CARRIER_E,2025-07-08 00:00,DONGSAN,20FT,0,0,0,0,0,0,0,0
CARRIER_E,2025-07-08 01:00,DONGSAN,20FT,0,0,0,0,0,0,0,0
CARRIER_E,2025-07-08 02:00,DONGSAN,20FT,0,0,0,0,0,0,0,0
CARRIER_E,2025-07-08 03:00,DONGSAN,20FT,0,0,0,0,0,0,0,0
CARRIER_E,2025-07-08 04:00,DONGSAN,20FT,0,0,0,0,0,0,0,0
CARRIER_E,2025-07-08 05:00,DONGSAN,20FT,0,0,0,0,0,0,0,0
CARRIER_E,2025-07-08 06:00,DONGSAN,20FT,0,0,0,0,0,0,0,0
CARRIER_E,2025-07-08 07:00,DONGSAN,20FT,0,0,0,0,0,0,0,0
CARRIER_E,2025-07-08 08:00,DONGSAN,20FT,0,0,0,0,0,0,0,0
CARRIER_E,2025-07-08 09:00,DONGSAN,20FT,0,0,0,0,0,0,0,0
CARRIER_E,2025-07-08 10:00,DONGSAN,20FT,0,0,0,0,0,0,0,0
CARRIER_E,2025-07-08 11:00,DONGSAN,20FT,0,0,0,0,0,0,0,0
CARRIER_E,2025-07-08 12:00,DONGSAN,20FT,0,0,0,0,0,0,0,0
CARRIER_E,2025-07-08 13:00,DONGSAN,20FT,0,0,0,0,0,0,0,0
CARRIER_E,2025-07-08 14:00,DONGSAN,20FT,0,0,0,0,0,0,0,0
CARRIER_E,2025-07-08 15:00,DONGSAN,20FT,0,0,0,0,0,0,0,0
CARRIER_E,2025-07-08 16:00,DONGSAN,20FT,0,0,0,0,0,0,0,0
CARRIER_E,2025-07-08 17:00,DONGSAN,20FT,0,0,0,0,0,0,0,0
CARRIER_E,2025-07-08 18:00,DONGSAN,20FT,0,0,0,0,0,0,0,0
CARRIER_E,2025-07-08 19:00,DONGSAN,20FT,0,0,0,0,0,0,0,0
CARRIER_E,2025-07-08 20:00,DONGSAN,20FT,0,0,0,0,0,0,0,0
CARRIER_E,2025-07-08 21:00,DONGSAN,20FT,0,0,0,0,0,0,0,0
CARRIER_E,2025-07-08 22:00,DONGSAN,20FT,0,0,0,0,0,0,0,0
CARRIER_E,2025-07-08 23:00,DONGSAN,20FT,0,0,0,0,0,0,0,0
CARRIER_E,2025-07-09 00:00,DONGSAN,20FT,0,0,0,0,0,0,0,0
CARRIER_E,2025-07-09 01:00,DONGSAN,20FT,0,0,0,0,0,0,0,0
CARRIER_E,2025-07-09 02:00,DONGSAN,20FT,0,0,0,0,0,0,0,0
CARRIER_E,2025-07-09 03:00,DONGSAN,20FT,0,0,0,0,0,0,0,0
CARRIER_E,2025-07-09 04:00,DONGSAN,20FT,0,0,0,0,0,0,0,0
CARRIER_E,2025-07-09 05:00,DONGSAN,20FT,0,0,0,0,0,0,0,0
CARRIER_E,2025-07-09 06:00,DONGSAN,20FT,0,0,0,0,0,0,0,0
CARRIER_E,2025-07-09 07:00,DONGSAN,20FT,0,0,0,0,0,0,0,0
CARRIER_E,2025-07-09 08:00,DONGSAN,20FT,0,0,0,0,0,0,0,0
CARRIER_E,2025-07-09 09:00,DONGSAN,20FT,0,0,0,0,0,0,0,0
CARRIER_E,2025-07-09 10:00,DONGSAN,20FT,0,0,0,0,0,0,0,0
CARRIER_E,2025-07-09 11:00,DONGSAN,20FT,0,0,0,0,0,0,0,0
CARRIER_E,2025-07-09 12:00,DONGSAN,20FT,0,0,0,0,0,0,0,0
CARRIER_E,2025-07-09 13:00,DONGSAN,20FT,0,0,0,0,0,0,0,0
CARRIER_E,2025-07-09 14:00,DONGSAN,20FT,0,0,0,0,0,0,0,0
CARRIER_E,2025-07-09 15:00,DONGSAN,20FT,0,0,0,0,0,0,0,0
CARRIER_E,2025-07-09 16:00,DONGSAN,20FT,0,0,0,0,0,0,0,0
CARRIER_E,2025-07-09 17:00,DONGSAN,20FT,0,0,0,0,0,0,0,0
CARRIER_E,2025-07-09 18:00,DONGSAN,20FT,0,0,0,0,0,0,0,0
CARRIER_E,2025-07-09 19:00,DONGSAN,20FT,0,0,0,0,0,0,0,0
CARRIER_E,2025-07-09 20:00,DONGSAN,20FT,0,0,0,0,0,0,0,0
CARRIER_E,2025-07-09 21:00,DONGSAN,20FT,0,0,0,0,0,0,0,0
CARRIER_E,2025-07-09 22:00,DONGSAN,20FT,0,0,0,0,0,0,0,0
CARRIER_E,2025-07-09 23:00,DONGSAN,20FT,0,0,0,0,0,0,0,0
CARRIER_E,2025-07-10 00:00,DONGSAN,20FT,0,0,0,0,0,0,0,0
CARRIER_E,2025-07-10 01:00,DONGSAN,20FT,0,0,0,0,0,0,0,0
CARRIER_E,2025-07-10 02:00,DONGSAN,20FT,0,0,0,0,0,0,0,0
CARRIER_E,2025-07-10 03:00,DONGSAN,20FT,0,0,0,0,0,0,0,0
CARRIER_E,2025-07-10 04:00,DONGSAN,20FT,0,0,0,0,0,0,0,0
CARRIER_E,2025-07-10 05:00,DONGSAN,20FT,0,0,0,0,0,0,0,0
CARRIER_E,2025-07-10 06:00,DONGSAN,20FT,0,0,0,0,0,0,0,0
CARRIER_E,2025-07-10 07:00,DONGSAN,20FT,0,0,0,0,0,0,0,0
CARRIER_E,2025-07-10 08:00,DONGSAN,20FT,0,0,0,0,0,0,0,0
CARRIER_E,2025-07-10 09:00,DONGSAN,20FT,1,0,0,0,0,0,1,1
CARRIER_E,2025-07-10 10:00,DONGSAN,20FT,0,0,0,0,0,0,0,0
CARRIER_E,2025-07-10 11:00,DONGSAN,20FT,0,0,0,0,0,0,0,0
CARRIER_E,2025-07-10 12:00,DONGSAN,20FT,0,0,0,0,0,0,0,0
CARRIER_E,2025-07-10 13:00,DONGSAN,20FT,0,0,0,0,0,0,0,0
CARRIER_E,2025-07-10 14:00,DONGSAN,20FT,0,0,0,0,0,0,0,0
CARRIER_E,2025-07-10 15:00,DONGSAN,20FT,0,0,0,0,0,0,0,0
CARRIER_E,2025-07-10 16:00,DONGSAN,20FT,0,0,0,0,0,0,0,0
CARRIER_E,2025-07-10 17:00,DONGSAN,20FT,0,0,0,0,0,0,0,0
CARRIER_E,2025-07-10 18:00,DONGSAN,20FT,0,0,0,0,0,0,0,0
CARRIER_E,2025-07-10 19:00,DONGSAN,20FT,0,0,0,0,0,0,0,0
CARRIER_E,2025-07-10 20:00,DONGSAN,20FT,0,0,0,0,0,0,0,0
CARRIER_E,2025-07-10 21:00,DONGSAN,20FT,0,0,0,0,0,0,0,0
CARRIER_E,2025-07-10 22:00,DONGSAN,20FT,0,0,0,0,0,0,0,0
CARRIER_E,2025-07-10 23:00,DONGSAN,20FT,0,0,0,0,0,0,0,0
CARRIER_E,2025-07-11 00:00,DONGSAN,20FT,0,0,0,0,0,0,0,0
CARRIER_E,2025-07-11 01:00,DONGSAN,20FT,0,0,0,0,0,0,0,0
CARRIER_E,2025-07-11 02:00,DONGSAN,20FT,0,0,0,0,0,0,0,0
CARRIER_E,2025-07-11 03:00,DONGSAN,20FT,0,0,0,0,0,0,0,0
CARRIER_E,2025-07-11 04:00,DONGSAN,20FT,0,0,0,0,0,0,0,0
CARRIER_E,2025-07-11 05:00,DONGSAN,20FT,0,0,0,0,0,0,0,0
CARRIER_E,2025-07-11 06:00,DONGSAN,20FT,0,0,0,0,0,0,0,0
CARRIER_E,2025-07-11 07:00,DONGSAN,20FT,0,0,0,0,0,0,0,0
CARRIER_E,2025-07-11 08:00,DONGSAN,20FT,0,0,0,0,0,0,0,0
CARRIER_E,2025-07-11 09:00,DONGSAN,20FT,0,0,0,0,0,0,0,0
CARRIER_E,2025-07-11 10:00,DONGSAN,20FT,0,0,0,0,0,0,0,0
CARRIER_E,2025-07-11 11:00,DONGSAN,20FT,0,0,0,0,0,0,0,0
CARRIER_E,2025-07-11 12:00,DONGSAN,20FT,0,0,0,0,0,0,0,0
CARRIER_E,2025-07-11 13:00,DONGSAN,20FT,0,0,0,0,0,0,0,0
CARRIER_E,2025-07-11 14:00,DONGSAN,20FT,0,0,0,0,0,0,0,0
CARRIER_E,2025-07-11 15:00,DONGSAN,20FT,0,0,0,0,0,0,0,0
CARRIER_E,2025-07-11 16:00,DONGSAN,20FT,0,0,0,0,0,0,0,0
CARRIER_E,2025-07-11 17:00,DONGSAN,20FT,0,0,0,0,0,0,0,0
CARRIER_E,2025-07-11 18:00,DONGSAN,20FT,0,0,0,0,0,0,0,0
CARRIER_E,2025-07-11 19:00,DONGSAN,20FT,0,0,0,0,0,0,0,0
CARRIER_E,2025-07-11 20:00,DONGSAN,20FT,0,0,0,0,0,0,0,0
CARRIER_E,2025-07-11 21:00,DONGSAN,20FT,0,0,0,0,0,0,0,0
CARRIER_E,2025-07-11 22:00,DONGSAN,20FT,0,0,0,0,0,0,0,0
CARRIER_E,2025-07-11 23:00,DONGSAN,20FT,0,0,0,0,0,0,0,0
CARRIER_E,2025-07-12 00:00,DONGSAN,20FT,0,0,0,0,0,0,0,0
CARRIER_E,2025-07-12 01:00,DONGSAN,20FT,0,0,0,0,0,0,0,0
CARRIER_E,2025-07-12 02:00,DONGSAN,20FT,0,0,0,0,0,0,0,0
CARRIER_E,2025-07-12 03:00,DONGSAN,20FT,0,0,0,0,0,0,0,0
CARRIER_E,2025-07-12 04:00,DONGSAN,20FT,0,0,0,0,0,0,0,0
CARRIER_E,2025-07-12 05:00,DONGSAN,20FT,0,0,0,0,0,0,0,0
CARRIER_E,2025-07-12 06:00,DONGSAN,20FT,0,0,0,0,0,0,0,0
CARRIER_E,2025-07-12 07:00,DONGSAN,20FT,0,0,0,0,0,0,0,0
CARRIER_E,2025-07-12 08:00,DONGSAN,20FT,0,0,0,0,0,0,0,0
CARRIER_E,2025-07-12 09:00,DONGSAN,20FT,0,0,0,0,0,0,0,0
CARRIER_E,2025-07-12 10:00,DONGSAN,20FT,0,0,0,0,0,0,0,0
CARRIER_E,2025-07-12 11:00,DONGSAN,20FT,0,0,0,0,0,0,0,0
CARRIER_E,2025-07-12 12:00,DONGSAN,20FT,0,0,0,0,0,0,0,0
CARRIER_E,2025-07-12 13:00,DONGSAN,20FT,0,0,0,0,0,0,0,0
CARRIER_E,2025-07-12 14:00,DONGSAN,20FT,0,0,0,0,0,0,0,0
CARRIER_E,2025-07-12 15:00,DONGSAN,20FT,0,0,0,0,0,0,0,0
CARRIER_E,2025-07-12 16:00,DONGSAN,20FT,0,0,0,0,0,0,0,0
CARRIER_E,2025-07-12 17:00,DONGSAN,20FT,0,0,0,0,0,0,0,0
CARRIER_E,2025-07-12 18:00,DONGSAN,20FT,0,0,0,0,0,0,0,0
CARRIER_E,2025-07-12 19:00,DONGSAN,20FT,0,0,0,0,0,0,0,0
CARRIER_E,2025-07-12 20:00,DONGSAN,20FT,0,0,0,0,0,0,0,0
CARRIER_E,2025-07-12 21:00,DONGSAN,20FT,0,0,0,0,0,0,0,0
CARRIER_E,2025-07-12 22:00,DONGSAN,20FT,0,0,0,0,0,0,0,0
CARRIER_E,2025-07-12 23:00,DONGSAN,20FT,0,0,0,0,0,0,0,0
CARRIER_E,2025-07-13 00:00,DONGSAN,20FT,0,0,0,0,0,0,0,0
CARRIER_E,2025-07-13 01:00,DONGSAN,20FT,0,0,0,0,0,0,0,0
CARRIER_E,2025-07-13 02:00,DONGSAN,20FT,0,0,0,0,0,0,0,0
CARRIER_E,2025-07-13 03:00,DONGSAN,20FT,0,0,0,0,0,0,0,0
CARRIER_E,2025-07-13 04:00,DONGSAN,20FT,0,0,0,0,0,0,0,0
CARRIER_E,2025-07-13 05:00,DONGSAN,20FT,0,0,0,0,0,0,0,0
CARRIER_E,2025-07-13 06:00,DONGSAN,20FT,0,0,0,0,0,0,0,0
CARRIER_E,2025-07-13 07:00,DONGSAN,20FT,0,0,0,0,0,0,0,0
CARRIER_E,2025-07-13 08:00,DONGSAN,20FT,0,0,0,0,0,0,0,0
CARRIER_E,2025-07-13 09:00,DONGSAN,20FT,0,0,0,0,0,0,0,0
CARRIER_E,2025-07-13 10:00,DONGSAN,20FT,0,0,0,0,0,0,0,0
CARRIER_E,2025-07-13 11:00,DONGSAN,20FT,0,0,0,0,0,0,0,0
CARRIER_E,2025-07-13 12:00,DONGSAN,20FT,0,0,0,0,0,0,0,0
CARRIER_E,2025-07-13 13:00,DONGSAN,20FT,0,0,0,0,0,0,0,0
CARRIER_E,2025-07-13 14:00,DONGSAN,20FT,0,0,0,0,0,0,0,0
CARRIER_E,2025-07-13 15:00,DONGSAN,20FT,0,0,0,0,0,0,0,0
CARRIER_E,2025-07-13 16:00,DONGSAN,20FT,0,0,0,0,0,0,0,0
CARRIER_E,2025-07-13 17:00,DONGSAN,20FT,0,0,0,0,0,0,0,0
CARRIER_E,2025-07-13 18:00,DONGSAN,20FT,0,0,0,0,0,0,0,0
CARRIER_E,2025-07-13 19:00,DONGSAN,20FT,0,0,0,0,0,0,0,0
CARRIER_E,2025-07-13 20:00,DONGSAN,20FT,0,0,0,0,0,0,0,0
CARRIER_E,2025-07-13 21:00,DONGSAN,20FT,0,0,0,0,0,0,0,0
CARRIER_E,2025-07-13 22:00,DONGSAN,20FT,0,0,0,0,0,0,0,0
CARRIER_E,2025-07-13 23:00,DONGSAN,20FT,0,0,0,0,0,0,0,0
CARRIER_E,2025-07-14 00:00,DONGSAN,20FT,0,0,0,0,0,0,0,0
CARRIER_E,2025-07-14 01:00,DONGSAN,20FT,0,0,0,0,0,0,0,0
CARRIER_E,2025-07-14 02:00,DONGSAN,20FT,0,0,0,0,0,0,0,0
CARRIER_E,2025-07-14 03:00,DONGSAN,20FT,0,0,0,0,0,0,0,0
CARRIER_E,2025-07-14 04:00,DONGSAN,20FT,0,0,0,0,0,0,0,0
CARRIER_E,2025-07-14 05:00,DONGSAN,20FT,0,0,0,0,0,0,0,0
CARRIER_E,2025-07-14 06:00,DONGSAN,20FT,0,0,0,0,0,0,0,0
CARRIER_E,2025-07-14 07:00,DONGSAN,20FT,0,0,0,0,0,0,0,0
CARRIER_E,2025-07-14 08:00,DONGSAN,20FT,0,0,0,0,0,0,0,0
CARRIER_E,2025-07-14 09:00,DONGSAN,20FT,0,0,0,0,0,0,0,0
CARRIER_E,2025-07-14 10:00,DONGSAN,20FT,0,0,0,0,0,0,0,0
CARRIER_E,2025-07-14 11:00,DONGSAN,20FT,0,0,0,0,0,0,0,0
CARRIER_E,2025-07-14 12:00,DONGSAN,20FT,0,0,0,0,0,0,0,0
CARRIER_E,2025-07-14 13:00,DONGSAN,20FT,0,0,0,0,0,0,0,0
CARRIER_E,2025-07-14 14:00,DONGSAN,20FT,0,0,0,0,0,0,0,0
CARRIER_E,2025-07-14 15:00,DONGSAN,20FT,0,0,0,0,0,0,0,0
CARRIER_E,2025-07-14 16:00,DONGSAN,20FT,0,0,0,0,0,0,0,0
CARRIER_E,2025-07-14 17:00,DONGSAN,20FT,0,0,0,0,0,0,0,0
CARRIER_E,2025-07-14 18:00,DONGSAN,20FT,0,0,0,0,0,0,0,0
CARRIER_E,2025-07-14 19:00,DONGSAN,20FT,0,0,0,0,0,0,0,0
CARRIER_E,2025-07-14 20:00,DONGSAN,20FT,0,0,0,0,0,0,0,0
CARRIER_E,2025-07-14 21:00,DONGSAN,20FT,0,0,0,0,0,0,0,0
CARRIER_E,2025-07-14 22:00,DONGSAN,20FT,0,0,0,0,0,0,0,0
CARRIER_E,2025-07-14 23:00,DONGSAN,20FT,0,0,0,0,0,0,0,0
CARRIER_E,2025-07-08 00:00,DONGSAN,40FT,0,0,0,0,0,0,0,0
CARRIER_E,2025-07-08 01:00,DONGSAN,40FT,0,0,0,0,0,0,0,0
CARRIER_E,2025-07-08 02:00,DONGSAN,40FT,0,0,0,0,0,0,0,0
CARRIER_E,2025-07-08 03:00,DONGSAN,40FT,0,0,0,0,0,0,0,0
CARRIER_E,2025-07-08 04:00,DONGSAN,40FT,0,0,0,0,0,0,0,0
CARRIER_E,2025-07-08 05:00,DONGSAN,40FT,0,0,0,0,0,0,0,0
CARRIER_E,2025-07-08 06:00,DONGSAN,40FT,0,0,0,0,0,0,0,0
CARRIER_E,2025-07-08 07:00,DONGSAN,40FT,0,0,0,0,0,0,0,0
CARRIER_E,2025-07-08 08:00,DONGSAN,40FT,0,0,0,0,0,0,0,0
CARRIER_E,2025-07-08 09:00,DONGSAN,40FT,0,0,0,0,0,0,0,0
CARRIER_E,2025-07-08 10:00,DONGSAN,40FT,0,0,0,0,0,0,0,0
CARRIER_E,2025-07-08 11:00,DONGSAN,40FT,0,0,0,0,0,0,0,0
CARRIER_E,2025-07-08 12:00,DONGSAN,40FT,0,0,0,0,0,0,0,0
CARRIER_E,2025-07-08 13:00,DONGSAN,40FT,0,0,0,0,0,0,0,0
CARRIER_E,2025-07-08 14:00,DONGSAN,40FT,0,0,0,0,0,0,0,0
CARRIER_E,2025-07-08 15:00,DONGSAN,40FT,0,0,0,0,0,0,0,0
CARRIER_E,2025-07-08 16:00,DONGSAN,40FT,0,0,0,0,0,0,0,0
CARRIER_E,2025-07-08 17:00,DONGSAN,40FT,0,0,0,0,0,0,0,0
CARRIER_E,2025-07-08 18:00,DONGSAN,40FT,0,0,0,0,0,0,0,0
CARRIER_E,2025-07-08 19:00,DONGSAN,40FT,0,0,0,0,0,0,0,0
CARRIER_E,2025-07-08 20:00,DONGSAN,40FT,0,0,0,0,0,0,0,0
CARRIER_E,2025-07-08 21:00,DONGSAN,40FT,0,0,0,0,0,0,0,0
CARRIER_E,2025-07-08 22:00,DONGSAN,40FT,0,0,0,0,0,0,0,0
CARRIER_E,2025-07-08 23:00,DONGSAN,40FT,0,0,0,0,0,0,0,0
CARRIER_E,2025-07-09 00:00,DONGSAN,40FT,0,0,0,0,0,0,0,0
CARRIER_E,2025-07-09 01:00,DONGSAN,40FT,0,0,0,0,0,0,0,0
CARRIER_E,2025-07-09 02:00,DONGSAN,40FT,0,0,0,0,0,0,0,0
CARRIER_E,2025-07-09 03:00,DONGSAN,40FT,0,0,0,0,0,0,0,0
CARRIER_E,2025-07-09 04:00,DONGSAN,40FT,0,0,0,0,0,0,0,0
CARRIER_E,2025-07-09 05:00,DONGSAN,40FT,0,0,0,0,0,0,0,0
CARRIER_E,2025-07-09 06:00,DONGSAN,40FT,0,0,0,0,0,0,0,0
CARRIER_E,2025-07-09 07:00,DONGSAN,40FT,0,0,0,0,0,0,0,0
CARRIER_E,2025-07-09 08:00,DONGSAN,40FT,0,0,0,0,0,0,0,0
CARRIER_E,2025-07-09 09:00,DONGSAN,40FT,0,0,0,0,0,0,0,0
CARRIER_E,2025-07-09 10:00,DONGSAN,40FT,0,0,0,0,0,0,0,0
CARRIER_E,2025-07-09 11:00,DONGSAN,40FT,0,0,0,0,0,0,0,0
CARRIER_E,2025-07-09 12:00,DONGSAN,40FT,0,0,0,0,0,0,0,0
CARRIER_E,2025-07-09 13:00,DONGSAN,40FT,0,0,0,0,0,0,0,0
CARRIER_E,2025-07-09 14:00,DONGSAN,40FT,0,0,0,0,0,0,0,0
CARRIER_E,2025-07-09 15:00,DONGSAN,40FT,0,0,0,0,0,0,0,0
CARRIER_E,2025-07-09 16:00,DONGSAN,40FT,0,0,0,0,0,0,0,0
CARRIER_E,2025-07-09 17:00,DONGSAN,40FT,0,0,0,0,0,0,0,0
CARRIER_E,2025-07-09 18:00,DONGSAN,40FT,0,0,0,0,0,0,0,0
CARRIER_E,2025-07-09 19:00,DONGSAN,40FT,0,0,0,0,0,0,0,0
CARRIER_E,2025-07-09 20:00,DONGSAN,40FT,0,0,0,0,0,0,0,0
CARRIER_E,2025-07-09 21:00,DONGSAN,40FT,0,0,0,0,0,0,0,0
CARRIER_E,2025-07-09 22:00,DONGSAN,40FT,0,0,0,0,0,0,0,0
CARRIER_E,2025-07-09 23:00,DONGSAN,40FT,0,0,0,0,0,0,0,0
CARRIER_E,2025-07-10 00:00,DONGSAN,40FT,0,0,0,0,0,0,0,0
CARRIER_E,2025-07-10 01:00,DONGSAN,40FT,0,0,0,0,0,0,0,0
CARRIER_E,2025-07-10 02:00,DONGSAN,40FT,0,0,0,0,0,0,0,0
CARRIER_E,2025-07-10 03:00,DONGSAN,40FT,0,0,0,0,0,0,0,0
CARRIER_E,2025-07-10 04:00,DONGSAN,40FT,0,0,0,0,0,0,0,0
CARRIER_E,2025-07-10 05:00,DONGSAN,40FT,0,0,0,0,0,0,0,0
CARRIER_E,2025-07-10 06:00,DONGSAN,40FT,0,0,0,0,0,0,0,0
CARRIER_E,2025-07-10 07:00,DONGSAN,40FT,0,0,0,0,0,0,0,0
CARRIER_E,2025-07-10 08:00,DONGSAN,40FT,0,0,0,0,0,0,0,0
CARRIER_E,2025-07-10 09:00,DONGSAN,40FT,0,0,0,0,0,0,0,0
CARRIER_E,2025-07-10 10:00,DONGSAN,40FT,0,0,0,0,0,0,0,0
CARRIER_E,2025-07-10 11:00,DONGSAN,40FT,0,0,0,0,0,0,0,0
CARRIER_E,2025-07-10 12:00,DONGSAN,40FT,0,0,0,0,0,0,0,0
CARRIER_E,2025-07-10 13:00,DONGSAN,40FT,0,0,0,0,0,0,0,0
CARRIER_E,2025-07-10 14:00,DONGSAN,40FT,0,0,0,0,0,0,0,0
CARRIER_E,2025-07-10 15:00,DONGSAN,40FT,0,0,0,0,0,0,0,0
CARRIER_E,2025-07-10 16:00,DONGSAN,40FT,0,0,0,0,0,0,0,0
CARRIER_E,2025-07-10 17:00,DONGSAN,40FT,0,0,0,0,0,0,0,0
CARRIER_E,2025-07-10 18:00,DONGSAN,40FT,0,0,0,0,0,0,0,0
CARRIER_E,2025-07-10 19:00,DONGSAN,40FT,0,0,0,0,0,0,0,0
CARRIER_E,2025-07-10 20:00,DONGSAN,40FT,0,0,0,0,0,0,0,0
CARRIER_E,2025-07-10 21:00,DONGSAN,40FT,0,0,0,0,0,0,0,0
CARRIER_E,2025-07-10 22:00,DONGSAN,40FT,0,0,0,0,0,0,0,0
CARRIER_E,2025-07-10 23:00,DONGSAN,40FT,0,0,0,0,0,0,0,0
CARRIER_E,2025-07-11 00:00,DONGSAN,40FT,0,0,0,0,0,0,0,0
CARRIER_E,2025-07-11 01:00,DONGSAN,40FT,0,0,0,0,0,0,0,0
CARRIER_E,2025-07-11 02:00,DONGSAN,40FT,0,0,0,0,0,0,0,0
CARRIER_E,2025-07-11 03:00,DONGSAN,40FT,0,0,0,0,0,0,0,0
CARRIER_E,2025-07-11 04:00,DONGSAN,40FT,0,0,0,0,0,0,0,0
CARRIER_E,2025-07-11 05:00,DONGSAN,40FT,0,0,0,0,0,0,0,0
CARRIER_E,2025-07-11 06:00,DONGSAN,40FT,0,0,0,0,0,0,0,0
CARRIER_E,2025-07-11 07:00,DONGSAN,40FT,0,0,0,0,0,0,0,0
CARRIER_E,2025-07-11 08:00,DONGSAN,40FT,0,0,0,0,0,0,0,0
CARRIER_E,2025-07-11 09:00,DONGSAN,40FT,0,0,0,0,0,0,0,0
CARRIER_E,2025-07-11 10:00,DONGSAN,40FT,0,0,0,0,0,0,0,0
CARRIER_E,2025-07-11 11:00,DONGSAN,40FT,0,0,0,0,0,0,0,0
CARRIER_E,2025-07-11 12:00,DONGSAN,40FT,0,0,0,0,0,0,0,0
CARRIER_E,2025-07-11 13:00,DONGSAN,40FT,0,0,0,0,0,0,0,0
CARRIER_E,2025-07-11 14:00,DONGSAN,40FT,0,0,0,0,0,0,0,0
CARRIER_E,2025-07-11 15:00,DONGSAN,40FT,0,0,0,0,0,0,0,0
CARRIER_E,2025-07-11 16:00,DONGSAN,40FT,0,0,0,0,0,0,0,0
CARRIER_E,2025-07-11 17:00,DONGSAN,40FT,0,0,0,0,0,0,0,0
CARRIER_E,2025-07-11 18:00,DONGSAN,40FT,0,0,0,0,0,0,0,0
CARRIER_E,2025-07-11 19:00,DONGSAN,40FT,0,0,0,0,0,0,0,0
CARRIER_E,2025-07-11 20:00,DONGSAN,40FT,0,0,0,0,0,0,0,0
CARRIER_E,2025-07-11 21:00,DONGSAN,40FT,0,0,0,0,0,0,0,0
CARRIER_E,2025-07-11 22:00,DONGSAN,40FT,0,0,0,0,0,0,0,0
CARRIER_E,2025-07-11 23:00,DONGSAN,40FT,0,0,0,0,0,0,0,0
CARRIER_E,2025-07-12 00:00,DONGSAN,40FT,0,0,0,0,0,0,0,0
CARRIER_E,2025-07-12 01:00,DONGSAN,40FT,0,0,0,0,0,0,0,0
CARRIER_E,2025-07-12 02:00,DONGSAN,40FT,0,0,0,0,0,0,0,0
CARRIER_E,2025-07-12 03:00,DONGSAN,40FT,0,0,0,0,0,0,0,0
CARRIER_E,2025-07-12 04:00,DONGSAN,40FT,0,0,0,0,0,0,0,0
CARRIER_E,2025-07-12 05:00,DONGSAN,40FT,0,0,0,0,0,0,0,0
CARRIER_E,2025-07-12 06:00,DONGSAN,40FT,0,0,0,0,0,0,0,0
CARRIER_E,2025-07-12 07:00,DONGSAN,40FT,0,0,0,0,0,0,0,0
CARRIER_E,2025-07-12 08:00,DONGSAN,40FT,0,0,0,0,0,0,0,0
CARRIER_E,2025-07-12 09:00,DONGSAN,40FT,0,0,0,0,0,0,0,0
CARRIER_E,2025-07-12 10:00,DONGSAN,40FT,0,0,0,0,0,0,0,0
CARRIER_E,2025-07-12 11:00,DONGSAN,40FT,0,0,0,0,0,0,0,0
CARRIER_E,2025-07-12 12:00,DONGSAN,40FT,0,0,0,0,0,0,0,0
CARRIER_E,2025-07-12 13:00,DONGSAN,40FT,0,0,0,0,0,0,0,0
CARRIER_E,2025-07-12 14:00,DONGSAN,40FT,0,0,0,0,0,0,0,0
CARRIER_E,2025-07-12 15:00,DONGSAN,40FT,0,0,0,0,0,0,0,0
CARRIER_E,2025-07-12 16:00,DONGSAN,40FT,0,0,0,0,0,0,0,0
CARRIER_E,2025-07-12 17:00,DONGSAN,40FT,0,0,0,0,0,0,0,0
CARRIER_E,2025-07-12 18:00,DONGSAN,40FT,0,0,0,0,0,0,0,0
CARRIER_E,2025-07-12 19:00,DONGSAN,40FT,0,0,0,0,0,0,0,0
CARRIER_E,2025-07-12 20:00,DONGSAN,40FT,0,0,0,0,0,0,0,0
CARRIER_E,2025-07-12 21:00,DONGSAN,40FT,0,0,0,0,0,0,0,0
CARRIER_E,2025-07-12 22:00,DONGSAN,40FT,0,0,0,0,0,0,0,0
CARRIER_E,2025-07-12 23:00,DONGSAN,40FT,0,0,0,0,0,0,0,0
CARRIER_E,2025-07-13 00:00,DONGSAN,40FT,0,0,0,0,0,0,0,0
CARRIER_E,2025-07-13 01:00,DONGSAN,40FT,0,0,0,0,0,0,0,0
CARRIER_E,2025-07-13 02:00,DONGSAN,40FT,0,0,0,0,0,0,0,0
CARRIER_E,2025-07-13 03:00,DONGSAN,40FT,0,0,0,0,0,0,0,0
CARRIER_E,2025-07-13 04:00,DONGSAN,40FT,0,0,0,0,0,0,0,0
CARRIER_E,2025-07-13 05:00,DONGSAN,40FT,0,0,0,0,0,0,0,0
CARRIER_E,2025-07-13 06:00,DONGSAN,40FT,0,0,0,0,0,0,0,0
CARRIER_E,2025-07-13 07:00,DONGSAN,40FT,0,0,0,0,0,0,0,0
CARRIER_E,2025-07-13 08:00,DONGSAN,40FT,0,0,0,0,0,0,0,0
CARRIER_E,2025-07-13 09:00,DONGSAN,40FT,0,0,0,0,0,0,0,0
CARRIER_E,2025-07-13 10:00,DONGSAN,40FT,0,0,0,0,0,0,0,0
CARRIER_E,2025-07-13 11:00,DONGSAN,40FT,0,0,0,0,0,0,0,0
CARRIER_E,2025-07-13 12:00,DONGSAN,40FT,0,0,0,0,0,0,0,0
CARRIER_E,2025-07-13 13:00,DONGSAN,40FT,0,0,0,0,0,0,0,0
CARRIER_E,2025-07-13 14:00,DONGSAN,40FT,0,0,0,0,0,0,0,0
CARRIER_E,2025-07-13 15:00,DONGSAN,40FT,0,0,0,0,0,0,0,0
CARRIER_E,2025-07-13 16:00,DONGSAN,40FT,0,0,0,0,0,0,0,0
CARRIER_E,2025-07-13 17:00,DONGSAN,40FT,0,0,0,0,0,0,0,0
CARRIER_E,2025-07-13 18:00,DONGSAN,40FT,0,0,0,0,0,0,0,0
CARRIER_E,2025-07-13 19:00,DONGSAN,40FT,0,0,0,0,0,0,0,0
CARRIER_E,2025-07-13 20:00,DONGSAN,40FT,0,0,0,0,0,0,0,0
CARRIER_E,2025-07-13 21:00,DONGSAN,40FT,0,0,0,0,0,0,0,0
CARRIER_E,2025-07-13 22:00,DONGSAN,40FT,0,0,0,0,0,0,0,0
CARRIER_E,2025-07-13 23:00,DONGSAN,40FT,0,0,0,0,0,0,0,0
CARRIER_E,2025-07-14 00:00,DONGSAN,40FT,0,0,0,0,0,0,0,0
CARRIER_E,2025-07-14 01:00,DONGSAN,40FT,0,0,0,0,0,0,0,0
CARRIER_E,2025-07-14 02:00,DONGSAN,40FT,0,0,0,0,0,0,0,0
CARRIER_E,2025-07-14 03:00,DONGSAN,40FT,0,0,0,0,0,0,0,0
CARRIER_E,2025-07-14 04:00,DONGSAN,40FT,0,0,0,0,0,0,0,0
CARRIER_E,2025-07-14 05:00,DONGSAN,40FT,0,0,0,0,0,0,0,0
CARRIER_E,2025-07-14 06:00,DONGSAN,40FT,0,0,0,0,0,0,0,0
CARRIER_E,2025-07-14 07:00,DONGSAN,40FT,0,0,0,0,0,0,0,0
CARRIER_E,2025-07-14 08:00,DONGSAN,40FT,0,0,0,0,0,0,0,0
CARRIER_E,2025-07-14 09:00,DONGSAN,40FT,0,0,0,0,0,0,0,0
CARRIER_E,2025-07-14 10:00,DONGSAN,40FT,0,0,0,0,0,0,0,0
CARRIER_E,2025-07-14 11:00,DONGSAN,40FT,0,0,0,0,0,0,0,0
CARRIER_E,2025-07-14 12:00,DONGSAN,40FT,0,0,0,0,0,0,0,0
CARRIER_E,2025-07-14 13:00,DONGSAN,40FT,0,0,0,0,0,0,0,0
CARRIER_E,2025-07-14 14:00,DONGSAN,40FT,0,0,0,0,0,0,0,0
CARRIER_E,2025-07-14 15:00,DONGSAN,40FT,0,0,0,0,0,0,0,0
CARRIER_E,2025-07-14 16:00,DONGSAN,40FT,0,0,0,0,0,0,0,0
CARRIER_E,2025-07-14 17:00,DONGSAN,40FT,0,0,0,0,0,0,0,0
CARRIER_E,2025-07-14 18:00,DONGSAN,40FT,0,0,0,0,0,0,0,0
CARRIER_E,2025-07-14 19:00,DONGSAN,40FT,0,0,0,0,0,0,0,0
CARRIER_E,2025-07-14 20:00,DONGSAN,40FT,0,0,0,0,0,0,0,0
CARRIER_E,2025-07-14 21:00,DONGSAN,40FT,0,0,0,0,0,0,0,0
CARRIER_E,2025-07-14 22:00,DONGSAN,40FT,0,0,0,0,0,0,0,0
CARRIER_E,2025-07-14 23:00,DONGSAN,40FT,0,0,0,0,0,0,0,0
CARRIER_E,2025-07-08 00:00,GWANGYANG,20FT,0,0,0,0,6,6,0,0
CARRIER_E,2025-07-08 01:00,GWANGYANG,20FT,0,0,0,0,6,6,0,0
CARRIER_E,2025-07-08 02:00,GWANGYANG,20FT,0,0,0,0,6,6,0,0
CARRIER_E,2025-07-08 03:00,GWANGYANG,20FT,0,0,0,0,6,6,0,0
CARRIER_E,2025-07-08 04:00,GWANGYANG,20FT,0,0,0,0,6,6,0,0
CARRIER_E,2025-07-08 05:00,GWANGYANG,20FT,0,0,0,0,6,6,0,0
CARRIER_E,2025-07-08 06:00,GWANGYANG,20FT,0,0,0,0,6,6,0,0
CARRIER_E,2025-07-08 07:00,GWANGYANG,20FT,0,0,0,0,6,6,0,0
CARRIER_E,2025-07-08 08:00,GWANGYANG,20FT,0,0,0,0,6,6,0,0
CARRIER_E,2025-07-08 09:00,GWANGYANG,20FT,0,0,0,0,6,6,0,0
CARRIER_E,2025-07-08 10:00,GWANGYANG,20FT,0,0,0,0,6,6,0,0
CARRIER_E,2025-07-08 11:00,GWANGYANG,20FT,0,0,0,0,6,6,0,0
CARRIER_E,2025-07-08 12:00,GWANGYANG,20FT,0,0,0,0,6,6,0,0
CARRIER_E,2025-07-08 13:00,GWANGYANG,20FT,0,0,0,0,6,6,0,0
CARRIER_E,2025-07-08 14:00,GWANGYANG,20FT,0,0,0,0,6,6,0,0
CARRIER_E,2025-07-08 15:00,GWANGYANG,20FT,0,3,0,0,9,9,0,0
CARRIER_E,2025-07-08 16:00,GWANGYANG,20FT,0,0,0,0,9,9,0,0
CARRIER_E,2025-07-08 17:00,GWANGYANG,20FT,0,0,0,0,9,9,0,0
CARRIER_E,2025-07-08 18:00,GWANGYANG,20FT,0,0,0,0,9,9,0,0
CARRIER_E,2025-07-08 19:00,GWANGYANG,20FT,0,0,0,0,9,9,0,0
CARRIER_E,2025-07-08 20:00,GWANGYANG,20FT,0,0,0,0,9,9,0,0
CARRIER_E,2025-07-08 21:00,GWANGYANG,20FT,0,0,0,0,9,9,0,0
CARRIER_E,2025-07-08 22:00,GWANGYANG,20FT,0,0,0,0,9,9,0,0
CARRIER_E,2025-07-08 23:00,GWANGYANG,20FT,0,0,0,0,9,9,0,0
CARRIER_E,2025-07-09 00:00,GWANGYANG,20FT,0,0,0,0,9,9,0,0
CARRIER_E,2025-07-09 01:00,GWANGYANG,20FT,0,0,0,0,9,9,0,0
CARRIER_E,2025-07-09 02:00,GWANGYANG,20FT,0,0,0,0,9,9,0,0
CARRIER_E,2025-07-09 03:00,GWANGYANG,20FT,0,0,0,0,9,9,0,0
CARRIER_E,2025-07-09 04:00,GWANGYANG,20FT,0,0,0,0,9,9,0,0
CARRIER_E,2025-07-09 05:00,GWANGYANG,20FT,0,0,0,0,9,9,0,0
CARRIER_E,2025-07-09 06:00,GWANGYANG,20FT,0,0,0,0,9,9,0,0
CARRIER_E,2025-07-09 07:00,GWANGYANG,20FT,0,0,0,0,9,9,0,0
CARRIER_E,2025-07-09 08:00,GWANGYANG,20FT,0,0,0,0,9,9,0,0
CARRIER_E,2025-07-09 09:00,GWANGYANG,20FT,0,0,0,0,9,9,0,0
CARRIER_E,2025-07-09 10:00,GWANGYANG,20FT,2,0,0,0,7,7,0,0
CARRIER_E,2025-07-09 11:00,GWANGYANG,20FT,0,0,0,0,7,7,0,0
CARRIER_E,2025-07-09 12:00,GWANGYANG,20FT,1,0,0,0,6,6,0,0
CARRIER_E,2025-07-09 13:00,GWANGYANG,20FT,0,1,0,0,7,7,0,0
CARRIER_E,2025-07-09 14:00,GWANGYANG,20FT,0,0,0,0,7,7,0,0
CARRIER_E,2025-07-09 15:00,GWANGYANG,20FT,0,0,0,0,7,7,0,0
CARRIER_E,2025-07-09 16:00,GWANGYANG,20FT,0,0,0,0,7,7,0,0
CARRIER_E,2025-07-09 17:00,GWANGYANG,20FT,0,0,0,0,7,7,0,0
CARRIER_E,2025-07-09 18:00,GWANGYANG,20FT,0,0,0,0,7,7,0,0
CARRIER_E,2025-07-09 19:00,GWANGYANG,20FT,0,0,0,0,7,7,0,0
CARRIER_E,2025-07-09 20:00,GWANGYANG,20FT,0,0,0,0,7,7,0,0
CARRIER_E,2025-07-09 21:00,GWANGYANG,20FT,0,0,0,0,7,7,0,0
CARRIER_E,2025-07-09 22:00,GWANGYANG,20FT,0,0,0,0,7,7,0,0
CARRIER_E,2025-07-09 23:00,GWANGYANG,20FT,0,0,0,0,7,7,0,0
CARRIER_E,2025-07-10 00:00,GWANGYANG,20FT,0,0,0,0,7,7,0,0
CARRIER_E,2025-07-10 01:00,GWANGYANG,20FT,0,0,0,0,7,7,0,0
CARRIER_E,2025-07-10 02:00,GWANGYANG,20FT,0,0,0,0,7,7,0,0
CARRIER_E,2025-07-10 03:00,GWANGYANG,20FT,0,0,0,0,7,7,0,0
CARRIER_E,2025-07-10 04:00,GWANGYANG,20FT,0,0,0,0,7,7,0,0
CARRIER_E,2025-07-10 05:00,GWANGYANG,20FT,0,0,0,0,7,7,0,0
CARRIER_E,2025-07-10 06:00,GWANGYANG,20FT,0,0,0,0,7,7,0,0
CARRIER_E,2025-07-10 07:00,GWANGYANG,20FT,0,0,0,0,7,7,0,0
CARRIER_E,2025-07-10 08:00,GWANGYANG,20FT,0,0,0,0,7,7,0,0
CARRIER_E,2025-07-10 09:00,GWANGYANG,20FT,0,0,0,0,7,7,0,0
CARRIER_E,2025-07-10 10:00,GWANGYANG,20FT,1,0,0,0,6,6,0,0
CARRIER_E,2025-07-10 11:00,GWANGYANG,20FT,0,0,0,0,6,6,0,0
CARRIER_E,2025-07-10 12:00,GWANGYANG,20FT,0,0,0,0,6,6,0,0
CARRIER_E,2025-07-10 13:00,GWANGYANG,20FT,0,0,0,0,6,6,0,0
CARRIER_E,2025-07-10 14:00,GWANGYANG,20FT,0,0,0,0,6,6,0,0
CARRIER_E,2025-07-10 15:00,GWANGYANG,20FT,0,0,0,0,6,6,0,0
CARRIER_E,2025-07-10 16:00,GWANGYANG,20FT,0,0,0,0,6,6,0,0
CARRIER_E,2025-07-10 17:00,GWANGYANG,20FT,0,0,0,0,6,6,0,0
CARRIER_E,2025-07-10 18:00,GWANGYANG,20FT,1,0,0,0,5,5,0,0
CARRIER_E,2025-07-10 19:00,GWANGYANG,20FT,0,0,0,0,5,5,0,0
CARRIER_E,2025-07-10 20:00,GWANGYANG,20FT,1,0,0,0,4,4,0,0
CARRIER_E,2025-07-10 21:00,GWANGYANG,20FT,0,0,0,0,4,4,0,0
CARRIER_E,2025-07-10 22:00,GWANGYANG,20FT,0,0,0,0,4,4,0,0
CARRIER_E,2025-07-10 23:00,GWANGYANG,20FT,0,0,0,0,4,4,0,0
CARRIER_E,2025-07-11 00:00,GWANGYANG,20FT,0,0,0,0,4,4,0,0
CARRIER_E,2025-07-11 01:00,GWANGYANG,20FT,0,0,0,0,4,4,0,0
CARRIER_E,2025-07-11 02:00,GWANGYANG,20FT,0,0,0,0,4,4,0,0
CARRIER_E,2025-07-11 03:00,GWANGYANG,20FT,0,0,0,0,4,4,0,0
CARRIER_E,2025-07-11 04:00,GWANGYANG,20FT,0,0,0,0,4,4,0,0
CARRIER_E,2025-07-11 05:00,GWANGYANG,20FT,0,0,0,0,4,4,0,0
CARRIER_E,2025-07-11 06:00,GWANGYANG,20FT,0,0,0,0,4,4,0,0
CARRIER_E,2025-07-11 07:00,GWANGYANG,20FT,0,0,0,0,4,4,0,0
CARRIER_E,2025-07-11 08:00,GWANGYANG,20FT,0,0,0,0,4,4,0,0
CARRIER_E,2025-07-11 09:00,GWANGYANG,20FT,0,1,0,0,5,5,0,0
CARRIER_E,2025-07-11 10:00,GWANGYANG,20FT,0,0,0,0,5,5,0,0
CARRIER_E,2025-07-11 11:00,GWANGYANG,20FT,0,0,0,0,5,5,0,0
CARRIER_E,2025-07-11 12:00,GWANGYANG,20FT,0,0,0,0,5,5,0,0
CARRIER_E,2025-07-11 13:00,GWANGYANG,20FT,0,0,0,0,5,5,0,0
CARRIER_E,2025-07-11 14:00,GWANGYANG,20FT,0,0,0,0,5,5,0,0
CARRIER_E,2025-07-11 15:00,GWANGYANG,20FT,0,0,0,0,5,5,0,0
CARRIER_E,2025-07-11 16:00,GWANGYANG,20FT,0,0,0,0,5,5,0,0
CARRIER_E,2025-07-11 17:00,GWANGYANG,20FT,0,0,0,0,5,5,0,0
CARRIER_E,2025-07-11 18:00,GWANGYANG,20FT,0,0,0,0,5,5,0,0
CARRIER_E,2025-07-11 19:00,GWANGYANG,20FT,0,0,0,0,5,5,0,0
CARRIER_E,2025-07-11 20:00,GWANGYANG,20FT,0,0,0,0,5,5,0,0
CARRIER_E,2025-07-11 21:00,GWANGYANG,20FT,0,0,0,0,5,5,0,0
CARRIER_E,2025-07-11 22:00,GWANGYANG,20FT,0,0,0,0,5,5,0,0
CARRIER_E,2025-07-11 23:00,GWANGYANG,20FT,0,0,0,0,5,5,0,0
CARRIER_E,2025-07-12 00:00,GWANGYANG,20FT,0,0,0,0,5,5,0,0
CARRIER_E,2025-07-12 01:00,GWANGYANG,20FT,0,0,0,0,5,5,0,0
CARRIER_E,2025-07-12 02:00,GWANGYANG,20FT,0,0,0,0,5,5,0,0
CARRIER_E,2025-07-12 03:00,GWANGYANG,20FT,0,0,0,0,5,5,0,0
CARRIER_E,2025-07-12 04:00,GWANGYANG,20FT,0,0,0,0,5,5,0,0
CARRIER_E,2025-07-12 05:00,GWANGYANG,20FT,0,0,0,0,5,5,0,0
CARRIER_E,2025-07-12 06:00,GWANGYANG,20FT,1,0,0,0,4,4,0,0
CARRIER_E,2025-07-12 07:00,GWANGYANG,20FT,0,0,0,0,4,4,0,0
CARRIER_E,2025-07-12 08:00,GWANGYANG,20FT,0,1,0,0,5,5,0,0
CARRIER_E,2025-07-12 09:00,GWANGYANG,20FT,0,0,0,0,5,5,0,0
CARRIER_E,2025-07-12 10:00,GWANGYANG,20FT,0,0,0,0,5,5,0,0
CARRIER_E,2025-07-12 11:00,GWANGYANG,20FT,1,0,0,0,4,4,0,0
CARRIER_E,2025-07-12 12:00,GWANGYANG,20FT,0,1,0,0,5,5,0,0
CARRIER_E,2025-07-12 13:00,GWANGYANG,20FT,0,0,0,0,5,5,0,0
CARRIER_E,2025-07-12 14:00,GWANGYANG,20FT,0,0,0,0,5,5,0,0
CARRIER_E,2025-07-12 15:00,GWANGYANG,20FT,0,0,0,0,5,5,0,0
CARRIER_E,2025-07-12 16:00,GWANGYANG,20FT,0,0,0,0,5,5,0,0
CARRIER_E,2025-07-12 17:00,GWANGYANG,20FT,0,0,0,0,5,5,0,0
CARRIER_E,2025-07-12 18:00,GWANGYANG,20FT,0,0,0,0,5,5,0,0
CARRIER_E,2025-07-12 19:00,GWANGYANG,20FT,0,0,0,0,5,5,0,0
CARRIER_E,2025-07-12 20:00,GWANGYANG,20FT,0,0,0,0,5,5,0,0
CARRIER_E,2025-07-12 21:00,GWANGYANG,20FT,0,0,0,0,5,5,0,0
CARRIER_E,2025-07-12 22:00,GWANGYANG,20FT,0,0,0,0,5,5,0,0
CARRIER_E,2025-07-12 23:00,GWANGYANG,20FT,0,0,0,0,5,5,0,0
CARRIER_E,2025-07-13 00:00,GWANGYANG,20FT,0,0,0,0,5,5,0,0
CARRIER_E,2025-07-13 01:00,GWANGYANG,20FT,0,0,0,0,5,5,0,0
CARRIER_E,2025-07-13 02:00,GWANGYANG,20FT,0,0,0,0,5,5,0,0
CARRIER_E,2025-07-13 03:00,GWANGYANG,20FT,0,0,0,0,5,5,0,0
CARRIER_E,2025-07-13 04:00,GWANGYANG,20FT,0,0,0,0,5,5,0,0
CARRIER_E,2025-07-13 05:00,GWANGYANG,20FT,0,0,0,0,5,5,0,0
CARRIER_E,2025-07-13 06:00,GWANGYANG,20FT,0,0,0,0,5,5,0,0
CARRIER_E,2025-07-13 07:00,GWANGYANG,20FT,0,0,0,0,5,5,0,0
CARRIER_E,2025-07-13 08:00,GWANGYANG,20FT,0,0,0,0,5,5,0,0
CARRIER_E,2025-07-13 09:00,GWANGYANG,20FT,0,0,0,0,5,5,0,0
CARRIER_E,2025-07-13 10:00,GWANGYANG,20FT,0,0,0,0,5,5,0,0
CARRIER_E,2025-07-13 11:00,GWANGYANG,20FT,0,0,0,0,5,5,0,0
CARRIER_E,2025-07-13 12:00,GWANGYANG,20FT,0,0,0,0,5,5,0,0
CARRIER_E,2025-07-13 13:00,GWANGYANG,20FT,0,0,0,0,5,5,0,0
CARRIER_E,2025-07-13 14:00,GWANGYANG,20FT,1,0,0,0,4,4,0,0
CARRIER_E,2025-07-13 15:00,GWANGYANG,20FT,0,0,0,0,4,4,0,0
CARRIER_E,2025-07-13 16:00,GWANGYANG,20FT,0,0,0,0,4,4,0,0
CARRIER_E,2025-07-13 17:00,GWANGYANG,20FT,0,1,0,0,5,5,0,0
CARRIER_E,2025-07-13 18:00,GWANGYANG,20FT,0,0,0,0,5,5,0,0
CARRIER_E,2025-07-13 19:00,GWANGYANG,20FT,0,0,0,0,5,5,0,0
CARRIER_E,2025-07-13 20:00,GWANGYANG,20FT,0,0,0,0,5,5,0,0
CARRIER_E,2025-07-13 21:00,GWANGYANG,20FT,0,0,0,0,5,5,0,0
CARRIER_E,2025-07-13 22:00,GWANGYANG,20FT,0,0,0,0,5,5,0,0
CARRIER_E,2025-07-13 23:00,GWANGYANG,20FT,0,0,0,0,5,5,0,0
CARRIER_E,2025-07-14 00:00,GWANGYANG,20FT,0,0,0,0,5,5,0,0
CARRIER_E,2025-07-14 01:00,GWANGYANG,20FT,0,0,0,0,5,5,0,0
CARRIER_E,2025-07-14 02:00,GWANGYANG,20FT,0,0,0,0,5,5,0,0
CARRIER_E,2025-07-14 03:00,GWANGYANG,20FT,0,0,0,0,5,5,0,0
CARRIER_E,2025-07-14 04:00,GWANGYANG,20FT,0,0,0,0,5,5,0,0
CARRIER_E,2025-07-14 05:00,GWANGYANG,20FT,0,0,0,0,5,5,0,0
CARRIER_E,2025-07-14 06:00,GWANGYANG,20FT,0,0,0,0,5,5,0,0
CARRIER_E,2025-07-14 07:00,GWANGYANG,20FT,1,0,0,0,4,4,0,0
CARRIER_E,2025-07-14 08:00,GWANGYANG,20FT,0,0,0,0,4,4,0,0
CARRIER_E,2025-07-14 09:00,GWANGYANG,20FT,1,0,0,0,3,3,0,0
CARRIER_E,2025-07-14 10:00,GWANGYANG,20FT,0,0,0,0,3,3,0,0
CARRIER_E,2025-07-14 11:00,GWANGYANG,20FT,0,0,0,0,3,3,0,0
CARRIER_E,2025-07-14 12:00,GWANGYANG,20FT,0,0,0,0,3,3,0,0
CARRIER_E,2025-07-14 13:00,GWANGYANG,20FT,1,0,0,0,2,2,0,0
CARRIER_E,2025-07-14 14:00,GWANGYANG,20FT,0,0,0,0,2,2,0,0
CARRIER_E,2025-07-14 15:00,GWANGYANG,20FT,1,0,0,0,1,1,0,0
CARRIER_E,2025-07-14 16:00,GWANGYANG,20FT,0,0,0,0,1,1,0,0
CARRIER_E,2025-07-14 17:00,GWANGYANG,20FT,0,0,0,0,1,1,0,0
CARRIER_E,2025-07-14 18:00,GWANGYANG,20FT,0,1,0,0,2,2,0,0
CARRIER_E,2025-07-14 19:00,GWANGYANG,20FT,0,0,0,0,2,2,0,0
CARRIER_E,2025-07-14 20:00,GWANGYANG,20FT,0,0,0,0,2,2,0,0
CARRIER_E,2025-07-14 21:00,GWANGYANG,20FT,0,0,0,0,2,2,0,0
CARRIER_E,2025-07-14 22:00,GWANGYANG,20FT,0,0,0,0,2,2,0,0
CARRIER_E,2025-07-14 23:00,GWANGYANG,20FT,0,0,0,0,2,2,0,0
CARRIER_E,2025-07-08 00:00,GWANGYANG,40FT,0,0,0,0,1,1,0,0
CARRIER_E,2025-07-08 01:00,GWANGYANG,40FT,0,0,0,0,1,1,0,0
CARRIER_E,2025-07-08 02:00,GWANGYANG,40FT,0,0,0,0,1,1,0,0
CARRIER_E,2025-07-08 03:00,GWANGYANG,40FT,0,0,0,0,1,1,0,0
CARRIER_E,2025-07-08 04:00,GWANGYANG,40FT,0,0,0,0,1,1,0,0
CARRIER_E,2025-07-08 05:00,GWANGYANG,40FT,0,0,0,0,1,1,0,0
CARRIER_E,2025-07-08 06:00,GWANGYANG,40FT,0,0,0,0,1,1,0,0
CARRIER_E,2025-07-08 07:00,GWANGYANG,40FT,0,0,0,0,1,1,0,0
CARRIER_E,2025-07-08 08:00,GWANGYANG,40FT,0,0,0,0,1,1,0,0
CARRIER_E,2025-07-08 09:00,GWANGYANG,40FT,0,0,0,0,1,1,0,0
CARRIER_E,2025-07-08 10:00,GWANGYANG,40FT,0,0,0,0,1,1,0,0
CARRIER_E,2025-07-08 11:00,GWANGYANG,40FT,0,0,0,0,1,1,0,0
CARRIER_E,2025-07-08 12:00,GWANGYANG,40FT,0,0,0,0,1,1,0,0
CARRIER_E,2025-07-08 13:00,GWANGYANG,40FT,0,0,0,0,1,1,0,0
CARRIER_E,2025-07-08 14:00,GWANGYANG,40FT,0,0,0,0,1,1,0,0
CARRIER_E,2025-07-08 15:00,GWANGYANG,40FT,0,0,0,0,1,1,0,0
CARRIER_E,2025-07-08 16:00,GWANGYANG,40FT,0,0,0,0,1,1,0,0
CARRIER_E,2025-07-08 17:00,GWANGYANG,40FT,0,0,0,0,1,1,0,0
CARRIER_E,2025-07-08 18:00,GWANGYANG,40FT,0,0,0,0,1,1,0,0
CARRIER_E,2025-07-08 19:00,GWANGYANG,40FT,0,0,0,0,1,1,0,0
CARRIER_E,2025-07-08 20:00,GWANGYANG,40FT,0,0,0,0,1,1,0,0
CARRIER_E,2025-07-08 21:00,GWANGYANG,40FT,0,0,0,0,1,1,0,0
CARRIER_E,2025-07-08 22:00,GWANGYANG,40FT,0,0,0,0,1,1,0,0
CARRIER_E,2025-07-08 23:00,GWANGYANG,40FT,0,0,0,0,1,1,0,0
CARRIER_E,2025-07-09 00:00,GWANGYANG,40FT,0,0,0,0,1,1,0,0
CARRIER_E,2025-07-09 01:00,GWANGYANG,40FT,0,0,0,0,1,1,0,0
CARRIER_E,2025-07-09 02:00,GWANGYANG,40FT,0,0,0,0,1,1,0,0
CARRIER_E,2025-07-09 03:00,GWANGYANG,40FT,0,0,0,0,1,1,0,0
CARRIER_E,2025-07-09 04:00,GWANGYANG,40FT,0,0,0,0,1,1,0,0
CARRIER_E,2025-07-09 05:00,GWANGYANG,40FT,0,0,0,0,1,1,0,0
CARRIER_E,2025-07-09 06:00,GWANGYANG,40FT,0,0,0,0,1,1,0,0
CARRIER_E,2025-07-09 07:00,GWANGYANG,40FT,0,0,0,0,1,1,0,0
CARRIER_E,2025-07-09 08:00,GWANGYANG,40FT,0,0,0,0,1,1,0,0
CARRIER_E,2025-07-09 09:00,GWANGYANG,40FT,0,0,0,0,1,1,0,0
CARRIER_E,2025-07-09 10:00,GWANGYANG,40FT,0,0,0,0,1,1,0,0
CARRIER_E,2025-07-09 11:00,GWANGYANG,40FT,1,0,0,0,0,0,0,0
CARRIER_E,2025-07-09 12:00,GWANGYANG,40FT,0,0,0,0,0,0,0,0
CARRIER_E,2025-07-09 13:00,GWANGYANG,40FT,0,0,0,0,0,0,0,0
CARRIER_E,2025-07-09 14:00,GWANGYANG,40FT,0,0,0,0,0,0,0,0
CARRIER_E,2025-07-09 15:00,GWANGYANG,40FT,0,0,0,0,0,0,0,0
CARRIER_E,2025-07-09 16:00,GWANGYANG,40FT,0,0,0,0,0,0,0,0
CARRIER_E,2025-07-09 17:00,GWANGYANG,40FT,0,0,0,0,0,0,0,0
CARRIER_E,2025-07-09 18:00,GWANGYANG,40FT,0,0,0,0,0,0,0,0
CARRIER_E,2025-07-09 19:00,GWANGYANG,40FT,0,0,0,0,0,0,0,0
CARRIER_E,2025-07-09 20:00,GWANGYANG,40FT,0,0,0,0,0,0,0,0
CARRIER_E,2025-07-09 21:00,GWANGYANG,40FT,0,0,0,0,0,0,0,0
CARRIER_E,2025-07-09 22:00,GWANGYANG,40FT,0,0,0,0,0,0,0,0
CARRIER_E,2025-07-09 23:00,GWANGYANG,40FT,0,0,0,0,0,0,0,0
CARRIER_E,2025-07-10 00:00,GWANGYANG,40FT,0,0,0,0,0,0,0,0
CARRIER_E,2025-07-10 01:00,GWANGYANG,40FT,0,0,0,0,0,0,0,0
CARRIER_E,2025-07-10 02:00,GWANGYANG,40FT,0,0,0,0,0,0,0,0
CARRIER_E,2025-07-10 03:00,GWANGYANG,40FT,0,0,0,0,0,0,0,0
CARRIER_E,2025-07-10 04:00,GWANGYANG,40FT,0,0,0,0,0,0,0,0
CARRIER_E,2025-07-10 05:00,GWANGYANG,40FT,0,0,0,0,0,0,0,0
CARRIER_E,2025-07-10 06:00,GWANGYANG,40FT,0,0,0,0,0,0,0,0
CARRIER_E,2025-07-10 07:00,GWANGYANG,40FT,0,0,0,0,0,0,0,0
CARRIER_E,2025-07-10 08:00,GWANGYANG,40FT,0,0,0,0,0,0,0,0
CARRIER_E,2025-07-10 09:00,GWANGYANG,40FT,0,0,0,0,0,0,0,0
CARRIER_E,2025-07-10 10:00,GWANGYANG,40FT,0,0,0,0,0,0,0,0
CARRIER_E,2025-07-10 11:00,GWANGYANG,40FT,1,1,0,0,0,0,0,0
CARRIER_E,2025-07-10 12:00,GWANGYANG,40FT,0,0,0,0,0,0,0,0
CARRIER_E,2025-07-10 13:00,GWANGYANG,40FT,0,0,0,0,0,0,0,0
CARRIER_E,2025-07-10 14:00,GWANGYANG,40FT,0,0,0,0,0,0,0,0
CARRIER_E,2025-07-10 15:00,GWANGYANG,40FT,0,0,0,0,0,0,0,0
CARRIER_E,2025-07-10 16:00,GWANGYANG,40FT,0,0,0,0,0,0,0,0
CARRIER_E,2025-07-10 17:00,GWANGYANG,40FT,0,0,0,0,0,0,0,0
CARRIER_E,2025-07-10 18:00,GWANGYANG,40FT,0,0,0,0,0,0,0,0
CARRIER_E,2025-07-10 19:00,GWANGYANG,40FT,0,0,0,0,0,0,0,0
CARRIER_E,2025-07-10 20:00,GWANGYANG,40FT,0,0,0,0,0,0,0,0
CARRIER_E,2025-07-10 21:00,GWANGYANG,40FT,0,0,0,0,0,0,0,0
CARRIER_E,2025-07-10 22:00,GWANGYANG,40FT,0,0,0,0,0,0,0,0
CARRIER_E,2025-07-10 23:00,GWANGYANG,40FT,0,0,0,0,0,0,0,0
CARRIER_E,2025-07-11 00:00,GWANGYANG,40FT,0,0,0,0,0,0,0,0
CARRIER_E,2025-07-11 01:00,GWANGYANG,40FT,0,0,0,0,0,0,0,0
CARRIER_E,2025-07-11 02:00,GWANGYANG,40FT,0,0,0,0,0,0,0,0
CARRIER_E,2025-07-11 03:00,GWANGYANG,40FT,0,0,0,0,0,0,0,0
CARRIER_E,2025-07-11 04:00,GWANGYANG,40FT,0,0,0,0,0,0,0,0
CARRIER_E,2025-07-11 05:00,GWANGYANG,40FT,0,0,0,0,0,0,0,0
CARRIER_E,2025-07-11 06:00,GWANGYANG,40FT,0,0,0,0,0,0,0,0
CARRIER_E,2025-07-11 07:00,GWANGYANG,40FT,0,0,0,0,0,0,0,0
CARRIER_E,2025-07-11 08:00,GWANGYANG,40FT,0,0,0,0,0,0,0,0
CARRIER_E,2025-07-11 09:00,GWANGYANG,40FT,0,0,0,0,0,0,0,0
CARRIER_E,2025-07-11 10:00,GWANGYANG,40FT,0,0,0,0,0,0,0,0
CARRIER_E,2025-07-11 11:00,GWANGYANG,40FT,0,0,0,0,0,0,0,0
CARRIER_E,2025-07-11 12:00,GWANGYANG,40FT,0,0,0,0,0,0,0,0
CARRIER_E,2025-07-11 13:00,GWANGYANG,40FT,0,1,0,0,1,1,0,0
CARRIER_E,2025-07-11 14:00,GWANGYANG,40FT,0,0,0,0,1,1,0,0
CARRIER_E,2025-07-11 15:00,GWANGYANG,40FT,0,0,0,0,1,1,0,0
CARRIER_E,2025-07-11 16:00,GWANGYANG,40FT,0,0,0,0,1,1,0,0
CARRIER_E,2025-07-11 17:00,GWANGYANG,40FT,0,0,0,0,1,1,0,0
CARRIER_E,2025-07-11 18:00,GWANGYANG,40FT,0,0,0,0,1,1,0,0
CARRIER_E,2025-07-11 19:00,GWANGYANG,40FT,0,0,0,0,1,1,0,0
CARRIER_E,2025-07-11 20:00,GWANGYANG,40FT,0,0,0,0,1,1,0,0
CARRIER_E,2025-07-11 21:00,GWANGYANG,40FT,0,0,0,0,1,1,0,0
CARRIER_E,2025-07-11 22:00,GWANGYANG,40FT,0,0,0,0,1,1,0,0
CARRIER_E,2025-07-11 23:00,GWANGYANG,40FT,0,0,0,0,1,1,0,0
CARRIER_E,2025-07-12 00:00,GWANGYANG,40FT,0,0,0,0,1,1,0,0
CARRIER_E,2025-07-12 01:00,GWANGYANG,40FT,0,0,0,0,1,1,0,0
CARRIER_E,2025-07-12 02:00,GWANGYANG,40FT,0,0,0,0,1,1,0,0
CARRIER_E,2025-07-12 03:00,GWANGYANG,40FT,0,0,0,0,1,1,0,0
CARRIER_E,2025-07-12 04:00,GWANGYANG,40FT,0,0,0,0,1,1,0,0
CARRIER_E,2025-07-12 05:00,GWANGYANG,40FT,0,0,0,0,1,1,0,0
CARRIER_E,2025-07-12 06:00,GWANGYANG,40FT,0,0,0,0,1,1,0,0
CARRIER_E,2025-07-12 07:00,GWANGYANG,40FT,0,0,0,0,1,1,0,0
CARRIER_E,2025-07-12 08:00,GWANGYANG,40FT,0,0,0,0,1,1,0,0
CARRIER_E,2025-07-12 09:00,GWANGYANG,40FT,0,0,0,0,1,1,0,0
CARRIER_E,2025-07-12 10:00,GWANGYANG,40FT,0,0,0,0,1,1,0,0
CARRIER_E,2025-07-12 11:00,GWANGYANG,40FT,0,0,0,0,1,1,0,0
CARRIER_E,2025-07-12 12:00,GWANGYANG,40FT,0,0,0,0,1,1,0,0
CARRIER_E,2025-07-12 13:00,GWANGYANG,40FT,0,0,0,0,1,1,0,0
CARRIER_E,2025-07-12 14:00,GWANGYANG,40FT,0,0,0,0,1,1,0,0
CARRIER_E,2025-07-12 15:00,GWANGYANG,40FT,0,0,0,0,1,1,0,0
CARRIER_E,2025-07-12 16:00,GWANGYANG,40FT,0,0,0,0,1,1,0,0
CARRIER_E,2025-07-12 17:00,GWANGYANG,40FT,0,0,0,0,1,1,0,0
CARRIER_E,2025-07-12 18:00,GWANGYANG,40FT,0,0,0,0,1,1,0,0
CARRIER_E,2025-07-12 19:00,GWANGYANG,40FT,0,0,0,0,1,1,0,0
CARRIER_E,2025-07-12 20:00,GWANGYANG,40FT,0,0,0,0,1,1,0,0
CARRIER_E,2025-07-12 21:00,GWANGYANG,40FT,0,0,0,0,1,1,0,0
CARRIER_E,2025-07-12 22:00,GWANGYANG,40FT,0,0,0,0,1,1,0,0
CARRIER_E,2025-07-12 23:00,GWANGYANG,40FT,0,0,0,0,1,1,0,0
CARRIER_E,2025-07-13 00:00,GWANGYANG,40FT,0,0,0,0,1,1,0,0
CARRIER_E,2025-07-13 01:00,GWANGYANG,40FT,0,0,0,0,1,1,0,0
CARRIER_E,2025-07-13 02:00,GWANGYANG,40FT,0,0,0,0,1,1,0,0
CARRIER_E,2025-07-13 03:00,GWANGYANG,40FT,0,0,0,0,1,1,0,0
CARRIER_E,2025-07-13 04:00,GWANGYANG,40FT,0,0,0,0,1,1,0,0
CARRIER_E,2025-07-13 05:00,GWANGYANG,40FT,0,0,0,0,1,1,0,0
CARRIER_E,2025-07-13 06:00,GWANGYANG,40FT,0,0,0,0,1,1,0,0
CARRIER_E,2025-07-13 07:00,GWANGYANG,40FT,0,0,0,0,1,1,0,0
CARRIER_E,2025-07-13 08:00,GWANGYANG,40FT,0,0,0,0,1,1,0,0
CARRIER_E,2025-07-13 09:00,GWANGYANG,40FT,0,0,0,0,1,1,0,0
CARRIER_E,2025-07-13 10:00,GWANGYANG,40FT,0,0,0,0,1,1,0,0
CARRIER_E,2025-07-13 11:00,GWANGYANG,40FT,0,0,0,0,1,1,0,0
CARRIER_E,2025-07-13 12:00,GWANGYANG,40FT,0,0,0,0,1,1,0,0
CARRIER_E,2025-07-13 13:00,GWANGYANG,40FT,0,0,0,0,1,1,0,0
CARRIER_E,2025-07-13 14:00,GWANGYANG,40FT,0,0,0,0,1,1,0,0
CARRIER_E,2025-07-13 15:00,GWANGYANG,40FT,0,0,0,0,1,1,0,0
CARRIER_E,2025-07-13 16:00,GWANGYANG,40FT,0,0,0,0,1,1,0,0
CARRIER_E,2025-07-13 17:00,GWANGYANG,40FT,0,0,0,0,1,1,0,0
CARRIER_E,2025-07-13 18:00,GWANGYANG,40FT,0,0,0,0,1,1,0,0
CARRIER_E,2025-07-13 19:00,GWANGYANG,40FT,0,0,0,0,1,1,0,0
CARRIER_E,2025-07-13 20:00,GWANGYANG,40FT,0,0,0,0,1,1,0,0
CARRIER_E,2025-07-13 21:00,GWANGYANG,40FT,0,0,0,0,1,1,0,0
CARRIER_E,2025-07-13 22:00,GWANGYANG,40FT,0,0,0,0,1,1,0,0
CARRIER_E,2025-07-13 23:00,GWANGYANG,40FT,0,0,0,0,1,1,0,0
CARRIER_E,2025-07-14 00:00,GWANGYANG,40FT,0,0,0,0,1,1,0,0
CARRIER_E,2025-07-14 01:00,GWANGYANG,40FT,0,0,0,0,1,1,0,0
CARRIER_E,2025-07-14 02:00,GWANGYANG,40FT,0,0,0,0,1,1,0,0
CARRIER_E,2025-07-14 03:00,GWANGYANG,40FT,0,0,0,0,1,1,0,0
CARRIER_E,2025-07-14 04:00,GWANGYANG,40FT,0,0,0,0,1,1,0,0
CARRIER_E,2025-07-14 05:00,GWANGYANG,40FT,0,0,0,0,1,1,0,0
CARRIER_E,2025-07-14 06:00,GWANGYANG,40FT,0,0,0,0,1,1,0,0
CARRIER_E,2025-07-14 07:00,GWANGYANG,40FT,0,0,0,0,1,1,0,0
CARRIER_E,2025-07-14 08:00,GWANGYANG,40FT,0,0,0,0,1,1,0,0
CARRIER_E,2025-07-14 09:00,GWANGYANG,40FT,0,0,0,0,1,1,0,0
CARRIER_E,2025-07-14 10:00,GWANGYANG,40FT,0,0,0,0,1,1,0,0
CARRIER_E,2025-07-14 11:00,GWANGYANG,40FT,0,0,0,0,1,1,0,0
CARRIER_E,2025-07-14 12:00,GWANGYANG,40FT,0,0,0,0,1,1,0,0
CARRIER_E,2025-07-14 13:00,GWANGYANG,40FT,0,1,0,0,2,2,0,0
CARRIER_E,2025-07-14 14:00,GWANGYANG,40FT,0,0,0,0,2,2,0,0
CARRIER_E,2025-07-14 15:00,GWANGYANG,40FT,0,1,0,0,3,3,0,0
CARRIER_E,2025-07-14 16:00,GWANGYANG,40FT,0,0,0,0,3,3,0,0
CARRIER_E,2025-07-14 17:00,GWANGYANG,40FT,0,0,0,0,3,3,0,0
CARRIER_E,2025-07-14 18:00,GWANGYANG,40FT,0,0,0,0,3,3,0,0
CARRIER_E,2025-07-14 19:00,GWANGYANG,40FT,0,0,0,0,3,3,0,0
CARRIER_E,2025-07-14 20:00,GWANGYANG,40FT,0,0,0,0,3,3,0,0
CARRIER_E,2025-07-14 21:00,GWANGYANG,40FT,0,0,0,0,3,3,0,0
CARRIER_E,2025-07-14 22:00,GWANGYANG,40FT,0,0,0,0,3,3,0,0
CARRIER_E,2025-07-14 23:00,GWANGYANG,40FT,0,0,0,0,3,3,0,0
CARRIER_E,2025-07-08 00:00,UIWANG,20FT,0,0,0,0,6,6,0,0
CARRIER_E,2025-07-08 01:00,UIWANG,20FT,0,0,0,0,6,6,0,0
CARRIER_E,2025-07-08 02:00,UIWANG,20FT,0,0,0,0,6,6,0,0
CARRIER_E,2025-07-08 03:00,UIWANG,20FT,0,0,0,0,6,6,0,0
CARRIER_E,2025-07-08 04:00,UIWANG,20FT,0,0,0,0,6,6,0,0
CARRIER_E,2025-07-08 05:00,UIWANG,20FT,0,0,0,0,6,6,0,0
CARRIER_E,2025-07-08 06:00,UIWANG,20FT,0,0,0,0,6,6,0,0
CARRIER_E,2025-07-08 07:00,UIWANG,20FT,0,1,0,0,7,7,0,0
CARRIER_E,2025-07-08 08:00,UIWANG,20FT,0,0,0,0,7,7,0,0
CARRIER_E,2025-07-08 09:00,UIWANG,20FT,0,1,0,0,8,8,0,0
CARRIER_E,2025-07-08 10:00,UIWANG,20FT,0,0,0,0,8,8,0,0
CARRIER_E,2025-07-08 11:00,UIWANG,20FT,0,1,0,0,9,9,0,0
CARRIER_E,2025-07-08 12:00,UIWANG,20FT,1,1,0,0,9,9,0,0
CARRIER_E,2025-07-08 13:00,UIWANG,20FT,0,1,0,0,10,10,0,0
CARRIER_E,2025-07-08 14:00,UIWANG,20FT,0,0,0,0,10,10,0,0
CARRIER_E,2025-07-08 15:00,UIWANG,20FT,0,2,0,7,12,5,0,0
CARRIER_E,2025-07-08 16:00,UIWANG,20FT,0,3,0,0,15,8,0,0
CARRIER_E,2025-07-08 17:00,UIWANG,20FT,0,1,0,0,16,9,0,0
CARRIER_E,2025-07-08 18:00,UIWANG,20FT,0,1,0,0,17,10,0,0
CARRIER_E,2025-07-08 19:00,UIWANG,20FT,0,0,0,0,17,10,0,0
CARRIER_E,2025-07-08 20:00,UIWANG,20FT,0,0,0,0,17,10,0,0
CARRIER_E,2025-07-08 21:00,UIWANG,20FT,0,0,0,0,17,10,0,0
CARRIER_E,2025-07-08 22:00,UIWANG,20FT,0,0,0,0,17,10,0,0
CARRIER_E,2025-07-08 23:00,UIWANG,20FT,0,0,0,0,17,10,0,0
CARRIER_E,2025-07-09 00:00,UIWANG,20FT,0,0,0,0,17,10,0,0
CARRIER_E,2025-07-09 01:00,UIWANG,20FT,0,0,0,0,17,10,0,0
CARRIER_E,2025-07-09 02:00,UIWANG,20FT,0,0,0,0,17,10,0,0
CARRIER_E,2025-07-09 03:00,UIWANG,20FT,0,0,0,0,17,10,0,0
CARRIER_E,2025-07-09 04:00,UIWANG,20FT,0,0,0,0,17,10,0,0
CARRIER_E,2025-07-09 05:00,UIWANG,20FT,0,0,0,0,17,10,0,0
CARRIER_E,2025-07-09 06:00,UIWANG,20FT,0,0,0,0,17,10,0,0
CARRIER_E,2025-07-09 07:00,UIWANG,20FT,0,0,0,0,17,10,0,0
CARRIER_E,2025-07-09 08:00,UIWANG,20FT,0,0,0,0,17,10,0,0
CARRIER_E,2025-07-09 09:00,UIWANG,20FT,0,0,0,0,17,10,0,0
CARRIER_E,2025-07-09 10:00,UIWANG,20FT,0,2,0,0,19,12,0,0
CARRIER_E,2025-07-09 11:00,UIWANG,20FT,0,3,0,0,22,15,0,0
CARRIER_E,2025-07-09 12:00,UIWANG,20FT,0,3,0,0,25,18,0,0
CARRIER_E,2025-07-09 13:00,UIWANG,20FT,0,2,0,0,27,20,0,0
CARRIER_E,2025-07-09 14:00,UIWANG,20FT,0,3,0,0,30,23,0,0
CARRIER_E,2025-07-09 15:00,UIWANG,20FT,0,4,0,0,34,27,0,0
CARRIER_E,2025-07-09 16:00,UIWANG,20FT,0,2,0,0,36,29,0,0
CARRIER_E,2025-07-09 17:00,UIWANG,20FT,1,0,0,0,35,28,0,0
CARRIER_E,2025-07-09 18:00,UIWANG,20FT,0,1,0,0,36,29,0,0
CARRIER_E,2025-07-09 19:00,UIWANG,20FT,0,1,0,0,37,30,0,0
CARRIER_E,2025-07-09 20:00,UIWANG,20FT,0,0,0,0,37,30,0,0
CARRIER_E,2025-07-09 21:00,UIWANG,20FT,0,0,0,0,37,30,0,0
CARRIER_E,2025-07-09 22:00,UIWANG,20FT,0,0,0,0,37,30,0,0
CARRIER_E,2025-07-09 23:00,UIWANG,20FT,0,0,0,0,37,30,0,0
CARRIER_E,2025-07-10 00:00,UIWANG,20FT,0,0,0,0,37,30,0,0
CARRIER_E,2025-07-10 01:00,UIWANG,20FT,0,0,0,0,37,30,0,0
CARRIER_E,2025-07-10 02:00,UIWANG,20FT,0,0,0,0,37,30,0,0
CARRIER_E,2025-07-10 03:00,UIWANG,20FT,0,0,0,0,37,30,0,0
CARRIER_E,2025-07-10 04:00,UIWANG,20FT,0,0,0,0,37,30,0,0
CARRIER_E,2025-07-10 05:00,UIWANG,20FT,0,0,0,0,37,30,0,0
CARRIER_E,2025-07-10 06:00,UIWANG,20FT,0,1,0,0,38,31,0,0
CARRIER_E,2025-07-10 07:00,UIWANG,20FT,0,4,0,0,42,35,0,0
CARRIER_E,2025-07-10 08:00,UIWANG,20FT,0,0,0,0,42,35,0,0
CARRIER_E,2025-07-10 09:00,UIWANG,20FT,0,0,0,0,42,35,0,0
CARRIER_E,2025-07-10 10:00,UIWANG,20FT,0,0,0,0,42,35,0,0
CARRIER_E,2025-07-10 11:00,UIWANG,20FT,0,0,0,0,42,35,0,0
CARRIER_E,2025-07-10 12:00,UIWANG,20FT,0,0,0,0,42,35,0,0
CARRIER_E,2025-07-10 13:00,UIWANG,20FT,1,0,0,0,41,34,0,0
CARRIER_E,2025-07-10 14:00,UIWANG,20FT,1,2,0,0,42,35,0,0
CARRIER_E,2025-07-10 15:00,UIWANG,20FT,1,2,0,0,43,36,0,0
CARRIER_E,2025-07-10 16:00,UIWANG,20FT,0,3,0,0,46,39,0,0
CARRIER_E,2025-07-10 17:00,UIWANG,20FT,0,0,0,0,46,39,0,0
CARRIER_E,2025-07-10 18:00,UIWANG,20FT,0,0,0,0,46,39,0,0
CARRIER_E,2025-07-10 19:00,UIWANG,20FT,0,0,0,0,46,39,0,0
CARRIER_E,2025-07-10 20:00,UIWANG,20FT,0,1,0,0,47,40,0,0
CARRIER_E,2025-07-10 21:00,UIWANG,20FT,0,1,0,0,48,41,0,0
CARRIER_E,2025-07-10 22:00,UIWANG,20FT,0,0,0,0,48,41,0,0
CARRIER_E,2025-07-10 23:00,UIWANG,20FT,0,0,0,0,48,41,0,0
CARRIER_E,2025-07-11 00:00,UIWANG,20FT,0,0,0,0,48,41,0,0
CARRIER_E,2025-07-11 01:00,UIWANG,20FT,0,0,0,0,48,41,0,0
CARRIER_E,2025-07-11 02:00,UIWANG,20FT,0,0,0,0,48,41,0,0
CARRIER_E,2025-07-11 03:00,UIWANG,20FT,0,0,0,0,48,41,0,0
CARRIER_E,2025-07-11 04:00,UIWANG,20FT,0,0,0,0,48,41,0,0
CARRIER_E,2025-07-11 05:00,UIWANG,20FT,0,0,0,0,48,41,0,0
CARRIER_E,2025-07-11 06:00,UIWANG,20FT,0,0,0,0,48,41,0,0
CARRIER_E,2025-07-11 07:00,UIWANG,20FT,0,0,0,0,48,41,0,0
CARRIER_E,2025-07-11 08:00,UIWANG,20FT,0,0,0,0,48,41,0,0
CARRIER_E,2025-07-11 09:00,UIWANG,20FT,0,0,0,0,48,41,0,0
CARRIER_E,2025-07-11 10:00,UIWANG,20FT,1,0,0,0,47,40,0,0
CARRIER_E,2025-07-11 11:00,UIWANG,20FT,1,1,0,0,47,40,0,0
CARRIER_E,2025-07-11 12:00,UIWANG,20FT,0,0,0,0,47,40,0,0
CARRIER_E,2025-07-11 13:00,UIWANG,20FT,0,0,0,0,47,40,0,0
CARRIER_E,2025-07-11 14:00,UIWANG,20FT,0,0,0,0,47,40,0,0
CARRIER_E,2025-07-11 15:00,UIWANG,20FT,0,0,0,5,47,35,0,0
CARRIER_E,2025-07-11 16:00,UIWANG,20FT,0,0,0,0,47,35,0,0
CARRIER_E,2025-07-11 17:00,UIWANG,20FT,0,1,0,0,48,36,0,0
CARRIER_E,2025-07-11 18:00,UIWANG,20FT,0,0,0,0,48,36,0,0
CARRIER_E,2025-07-11 19:00,UIWANG,20FT,0,1,0,0,49,37,0,0
CARRIER_E,2025-07-11 20:00,UIWANG,20FT,0,0,0,0,49,37,0,0
CARRIER_E,2025-07-11 21:00,UIWANG,20FT,0,0,0,0,49,37,0,0
CARRIER_E,2025-07-11 22:00,UIWANG,20FT,0,0,0,0,49,37,0,0
CARRIER_E,2025-07-11 23:00,UIWANG,20FT,0,0,0,0,49,37,0,0
CARRIER_E,2025-07-12 00:00,UIWANG,20FT,0,0,0,0,49,37,0,0
CARRIER_E,2025-07-12 01:00,UIWANG,20FT,0,0,0,0,49,37,0,0
CARRIER_E,2025-07-12 02:00,UIWANG,20FT,0,0,0,0,49,37,0,0
CARRIER_E,2025-07-12 03:00,UIWANG,20FT,0,0,0,0,49,37,0,0
CARRIER_E,2025-07-12 04:00,UIWANG,20FT,0,0,0,0,49,37,0,0
CARRIER_E,2025-07-12 05:00,UIWANG,20FT,0,0,0,0,49,37,0,0
CARRIER_E,2025-07-12 06:00,UIWANG,20FT,1,0,0,0,48,36,0,0
CARRIER_E,2025-07-12 07:00,UIWANG,20FT,0,0,0,0,48,36,0,0
CARRIER_E,2025-07-12 08:00,UIWANG,20FT,0,0,0,0,48,36,0,0
CARRIER_E,2025-07-12 09:00,UIWANG,20FT,1,1,0,0,48,36,0,0
CARRIER_E,2025-07-12 10:00,UIWANG,20FT,1,0,0,0,47,35,0,0
CARRIER_E,2025-07-12 11:00,UIWANG,20FT,0,2,0,0,49,37,0,0
CARRIER_E,2025-07-12 12:00,UIWANG,20FT,0,1,0,0,50,38,0,0
CARRIER_E,2025-07-12 13:00,UIWANG,20FT,1,2,0,0,51,39,0,0
CARRIER_E,2025-07-12 14:00,UIWANG,20FT,0,0,0,0,51,39,0,0
CARRIER_E,2025-07-12 15:00,UIWANG,20FT,1,1,0,0,51,39,0,0
CARRIER_E,2025-07-12 16:00,UIWANG,20FT,0,2,0,0,53,41,0,0
CARRIER_E,2025-07-12 17:00,UIWANG,20FT,0,1,0,0,54,42,0,0
CARRIER_E,2025-07-12 18:00,UIWANG,20FT,0,0,0,0,54,42,0,0
CARRIER_E,2025-07-12 19:00,UIWANG,20FT,1,0,0,0,53,41,0,0
CARRIER_E,2025-07-12 20:00,UIWANG,20FT,0,1,0,0,54,42,0,0
CARRIER_E,2025-07-12 21:00,UIWANG,20FT,0,0,0,0,54,42,0,0
CARRIER_E,2025-07-12 22:00,UIWANG,20FT,0,0,0,0,54,42,0,0
CARRIER_E,2025-07-12 23:00,UIWANG,20FT,0,0,0,0,54,42,0,0
CARRIER_E,2025-07-13 00:00,UIWANG,20FT,0,0,0,0,54,42,0,0
CARRIER_E,2025-07-13 01:00,UIWANG,20FT,0,0,0,0,54,42,0,0
CARRIER_E,2025-07-13 02:00,UIWANG,20FT,0,0,0,0,54,42,0,0
CARRIER_E,2025-07-13 03:00,UIWANG,20FT,0,0,0,0,54,42,0,0
CARRIER_E,2025-07-13 04:00,UIWANG,20FT,0,0,0,0,54,42,0,0
CARRIER_E,2025-07-13 05:00,UIWANG,20FT,0,0,0,0,54,42,0,0
CARRIER_E,2025-07-13 06:00,UIWANG,20FT,0,0,0,0,54,42,0,0
CARRIER_E,2025-07-13 07:00,UIWANG,20FT,0,0,0,0,54,42,0,0
CARRIER_E,2025-07-13 08:00,UIWANG,20FT,0,0,0,0,54,42,0,0
CARRIER_E,2025-07-13 09:00,UIWANG,20FT,0,1,0,0,55,43,0,0
CARRIER_E,2025-07-13 10:00,UIWANG,20FT,0,1,0,0,56,44,0,0
CARRIER_E,2025-07-13 11:00,UIWANG,20FT,0,1,0,0,57,45,0,0
CARRIER_E,2025-07-13 12:00,UIWANG,20FT,0,0,0,0,57,45,0,0
CARRIER_E,2025-07-13 13:00,UIWANG,20FT,0,0,0,0,57,45,0,0
CARRIER_E,2025-07-13 14:00,UIWANG,20FT,1,2,0,0,58,46,0,0
CARRIER_E,2025-07-13 15:00,UIWANG,20FT,0,0,0,0,58,46,0,0
CARRIER_E,2025-07-13 16:00,UIWANG,20FT,0,0,0,0,58,46,0,0
CARRIER_E,2025-07-13 17:00,UIWANG,20FT,0,1,0,0,59,47,0,0
CARRIER_E,2025-07-13 18:00,UIWANG,20FT,0,0,0,0,59,47,0,0
CARRIER_E,2025-07-13 19:00,UIWANG,20FT,0,0,0,0,59,47,0,0
CARRIER_E,2025-07-13 20:00,UIWANG,20FT,0,0,0,0,59,47,0,0
CARRIER_E,2025-07-13 21:00,UIWANG,20FT,0,0,0,0,59,47,0,0
CARRIER_E,2025-07-13 22:00,UIWANG,20FT,0,0,0,0,59,47,0,0
CARRIER_E,2025-07-13 23:00,UIWANG,20FT,0,0,0,0,59,47,0,0
CARRIER_E,2025-07-14 00:00,UIWANG,20FT,0,0,0,0,59,47,0,0
CARRIER_E,2025-07-14 01:00,UIWANG,20FT,0,0,0,0,59,47,0,0
CARRIER_E,2025-07-14 02:00,UIWANG,20FT,0,0,0,0,59,47,0,0
CARRIER_E,2025-07-14 03:00,UIWANG,20FT,0,0,0,0,59,47,0,0
CARRIER_E,2025-07-14 04:00,UIWANG,20FT,0,0,0,0,59,47,0,0
CARRIER_E,2025-07-14 05:00,UIWANG,20FT,0,0,0,0,59,47,0,0
CARRIER_E,2025-07-14 06:00,UIWANG,20FT,0,0,0,0,59,47,0,0
CARRIER_E,2025-07-14 07:00,UIWANG,20FT,0,0,0,0,59,47,0,0
CARRIER_E,2025-07-14 08:00,UIWANG,20FT,0,1,0,0,60,48,0,0
CARRIER_E,2025-07-14 09:00,UIWANG,20FT,1,0,0,0,59,47,0,0
CARRIER_E,2025-07-14 10:00,UIWANG,20FT,0,1,0,0,60,48,0,0
CARRIER_E,2025-07-14 11:00,UIWANG,20FT,0,0,0,0,60,48,0,0
CARRIER_E,2025-07-14 12:00,UIWANG,20FT,0,0,0,0,60,48,0,0
CARRIER_E,2025-07-14 13:00,UIWANG,20FT,0,2,0,0,62,50,0,0
CARRIER_E,2025-07-14 14:00,UIWANG,20FT,0,0,0,0,62,50,0,0
CARRIER_E,2025-07-14 15:00,UIWANG,20FT,0,0,0,0,62,50,0,0
CARRIER_E,2025-07-14 16:00,UIWANG,20FT,0,0,0,0,62,50,0,0
CARRIER_E,2025-07-14 17:00,UIWANG,20FT,0,1,0,0,63,51,0,0
CARRIER_E,2025-07-14 18:00,UIWANG,20FT,0,1,0,0,64,52,0,0
CARRIER_E,2025-07-14 19:00,UIWANG,20FT,0,0,0,0,64,52,0,0
CARRIER_E,2025-07-14 20:00,UIWANG,20FT,0,0,0,0,64,52,0,0
CARRIER_E,2025-07-14 21:00,UIWANG,20FT,0,0,0,0,64,52,0,0
CARRIER_E,2025-07-14 22:00,UIWANG,20FT,0,0,0,0,64,52,0,0
CARRIER_E,2025-07-14 23:00,UIWANG,20FT,0,0,0,0,64,52,0,0
CARRIER_E,2025-07-08 00:00,UIWANG,40FT,0,0,0,0,0,0,0,0
CARRIER_E,2025-07-08 01:00,UIWANG,40FT,0,0,0,0,0,0,0,0
CARRIER_E,2025-07-08 02:00,UIWANG,40FT,0,0,0,0,0,0,0,0
CARRIER_E,2025-07-08 03:00,UIWANG,40FT,0,0,0,0,0,0,0,0
CARRIER_E,2025-07-08 04:00,UIWANG,40FT,0,0,0,0,0,0,0,0
CARRIER_E,2025-07-08 05:00,UIWANG,40FT,0,0,0,0,0,0,0,0
CARRIER_E,2025-07-08 06:00,UIWANG,40FT,0,0,0,0,0,0,0,0
CARRIER_E,2025-07-08 07:00,UIWANG,40FT,0,0,0,0,0,0,0,0
CARRIER_E,2025-07-08 08:00,UIWANG,40FT,0,0,0,0,0,0,0,0
CARRIER_E,2025-07-08 09:00,UIWANG,40FT,0,0,0,0,0,0,0,0
CARRIER_E,2025-07-08 10:00,UIWANG,40FT,0,0,0,0,0,0,0,0
CARRIER_E,2025-07-08 11:00,UIWANG,40FT,0,0,0,0,0,0,0,0
CARRIER_E,2025-07-08 12:00,UIWANG,40FT,0,0,0,0,0,0,0,0
CARRIER_E,2025-07-08 13:00,UIWANG,40FT,0,1,0,0,1,1,0,0
CARRIER_E,2025-07-08 14:00,UIWANG,40FT,0,1,0,0,2,2,0,0
CARRIER_E,2025-07-08 15:00,UIWANG,40FT,0,0,0,0,2,2,0,0
CARRIER_E,2025-07-08 16:00,UIWANG,40FT,0,0,0,0,2,2,0,0
CARRIER_E,2025-07-08 17:00,UIWANG,40FT,0,0,0,0,2,2,0,0
CARRIER_E,2025-07-08 18:00,UIWANG,40FT,0,0,0,0,2,2,0,0
CARRIER_E,2025-07-08 19:00,UIWANG,40FT,0,0,0,0,2,2,0,0
CARRIER_E,2025-07-08 20:00,UIWANG,40FT,0,0,0,0,2,2,0,0
CARRIER_E,2025-07-08 21:00,UIWANG,40FT,0,0,0,0,2,2,0,0
CARRIER_E,2025-07-08 22:00,UIWANG,40FT,0,0,0,0,2,2,0,0
CARRIER_E,2025-07-08 23:00,UIWANG,40FT,0,0,0,0,2,2,0,0
CARRIER_E,2025-07-09 00:00,UIWANG,40FT,0,0,0,0,2,2,0,0
CARRIER_E,2025-07-09 01:00,UIWANG,40FT,0,0,0,0,2,2,0,0
CARRIER_E,2025-07-09 02:00,UIWANG,40FT,0,0,0,0,2,2,0,0
CARRIER_E,2025-07-09 03:00,UIWANG,40FT,0,0,0,0,2,2,0,0
CARRIER_E,2025-07-09 04:00,UIWANG,40FT,0,0,0,0,2,2,0,0
CARRIER_E,2025-07-09 05:00,UIWANG,40FT,0,0,0,0,2,2,0,0
CARRIER_E,2025-07-09 06:00,UIWANG,40FT,0,0,0,0,2,2,0,0
CARRIER_E,2025-07-09 07:00,UIWANG,40FT,0,0,0,0,2,2,0,0
CARRIER_E,2025-07-09 08:00,UIWANG,40FT,0,0,0,0,2,2,0,0
CARRIER_E,2025-07-09 09:00,UIWANG,40FT,0,0,0,0,2,2,0,0
CARRIER_E,2025-07-09 10:00,UIWANG,40FT,0,0,0,0,2,2,0,0
CARRIER_E,2025-07-09 11:00,UIWANG,40FT,0,0,0,0,2,2,0,0
CARRIER_E,2025-07-09 12:00,UIWANG,40FT,0,1,0,0,3,3,0,0
CARRIER_E,2025-07-09 13:00,UIWANG,40FT,0,0,0,0,3,3,0,0
CARRIER_E,2025-07-09 14:00,UIWANG,40FT,0,0,0,0,3,3,0,0
CARRIER_E,2025-07-09 15:00,UIWANG,40FT,0,0,0,0,3,3,0,0
CARRIER_E,2025-07-09 16:00,UIWANG,40FT,0,0,0,0,3,3,0,0
CARRIER_E,2025-07-09 17:00,UIWANG,40FT,0,0,0,0,3,3,0,0
CARRIER_E,2025-07-09 18:00,UIWANG,40FT,0,0,0,0,3,3,0,0
CARRIER_E,2025-07-09 19:00,UIWANG,40FT,0,1,0,0,4,4,0,0
CARRIER_E,2025-07-09 20:00,UIWANG,40FT,0,0,0,0,4,4,0,0
CARRIER_E,2025-07-09 21:00,UIWANG,40FT,0,0,0,0,4,4,0,0
CARRIER_E,2025-07-09 22:00,UIWANG,40FT,0,0,0,0,4,4,0,0
CARRIER_E,2025-07-09 23:00,UIWANG,40FT,0,0,0,0,4,4,0,0
CARRIER_E,2025-07-10 00:00,UIWANG,40FT,0,0,0,0,4,4,0,0
CARRIER_E,2025-07-10 01:00,UIWANG,40FT,0,0,0,0,4,4,0,0
CARRIER_E,2025-07-10 02:00,UIWANG,40FT,0,0,0,0,4,4,0,0
CARRIER_E,2025-07-10 03:00,UIWANG,40FT,0,0,0,0,4,4,0,0
CARRIER_E,2025-07-10 04:00,UIWANG,40FT,0,0,0,0,4,4,0,0
CARRIER_E,2025-07-10 05:00,UIWANG,40FT,0,0,0,0,4,4,0,0
CARRIER_E,2025-07-10 06:00,UIWANG,40FT,0,0,0,0,4,4,0,0
CARRIER_E,2025-07-10 07:00,UIWANG,40FT,0,0,0,0,4,4,0,0
CARRIER_E,2025-07-10 08:00,UIWANG,40FT,0,0,0,0,4,4,0,0
CARRIER_E,2025-07-10 09:00,UIWANG,40FT,0,1,0,0,5,5,0,0
CARRIER_E,2025-07-10 10:00,UIWANG,40FT,0,0,0,0,5,5,0,0
CARRIER_E,2025-07-10 11:00,UIWANG,40FT,0,0,0,0,5,5,0,0
CARRIER_E,2025-07-10 12:00,UIWANG,40FT,0,0,0,0,5,5,0,0
CARRIER_E,2025-07-10 13:00,UIWANG,40FT,0,0,0,0,5,5,0,0
CARRIER_E,2025-07-10 14:00,UIWANG,40FT,0,0,0,0,5,5,0,0
CARRIER_E,2025-07-10 15:00,UIWANG,40FT,0,0,0,0,5,5,0,0
CARRIER_E,2025-07-10 16:00,UIWANG,40FT,0,0,0,0,5,5,0,0
CARRIER_E,2025-07-10 17:00,UIWANG,40FT,0,0,0,0,5,5,0,0
CARRIER_E,2025-07-10 18:00,UIWANG,40FT,0,0,0,0,5,5,0,0
CARRIER_E,2025-07-10 19:00,UIWANG,40FT,0,0,0,0,5,5,0,0
CARRIER_E,2025-07-10 20:00,UIWANG,40FT,0,0,0,0,5,5,0,0
CARRIER_E,2025-07-10 21:00,UIWANG,40FT,0,0,0,0,5,5,0,0
CARRIER_E,2025-07-10 22:00,UIWANG,40FT,0,0,0,0,5,5,0,0
CARRIER_E,2025-07-10 23:00,UIWANG,40FT,0,0,0,0,5,5,0,0
CARRIER_E,2025-07-11 00:00,UIWANG,40FT,0,0,0,0,5,5,0,0
CARRIER_E,2025-07-11 01:00,UIWANG,40FT,0,0,0,0,5,5,0,0
CARRIER_E,2025-07-11 02:00,UIWANG,40FT,0,0,0,0,5,5,0,0
CARRIER_E,2025-07-11 03:00,UIWANG,40FT,0,0,0,0,5,5,0,0
CARRIER_E,2025-07-11 04:00,UIWANG,40FT,0,0,0,0,5,5,0,0
CARRIER_E,2025-07-11 05:00,UIWANG,40FT,0,0,0,0,5,5,0,0
CARRIER_E,2025-07-11 06:00,UIWANG,40FT,0,0,0,0,5,5,0,0
CARRIER_E,2025-07-11 07:00,UIWANG,40FT,0,0,0,0,5,5,0,0
CARRIER_E,2025-07-11 08:00,UIWANG,40FT,0,0,0,0,5,5,0,0
CARRIER_E,2025-07-11 09:00,UIWANG,40FT,0,0,0,0,5,5,0,0
CARRIER_E,2025-07-11 10:00,UIWANG,40FT,0,0,0,0,5,5,0,0
CARRIER_E,2025-07-11 11:00,UIWANG,40FT,0,0,0,0,5,5,0,0
CARRIER_E,2025-07-11 12:00,UIWANG,40FT,0,0,0,0,5,5,0,0
CARRIER_E,2025-07-11 13:00,UIWANG,40FT,0,0,0,0,5,5,0,0
CARRIER_E,2025-07-11 14:00,UIWANG,40FT,0,0,0,0,5,5,0,0
CARRIER_E,2025-07-11 15:00,UIWANG,40FT,0,0,0,0,5,5,0,0
CARRIER_E,2025-07-11 16:00,UIWANG,40FT,0,0,0,0,5,5,0,0
CARRIER_E,2025-07-11 17:00,UIWANG,40FT,0,0,0,0,5,5,0,0
CARRIER_E,2025-07-11 18:00,UIWANG,40FT,0,0,0,0,5,5,0,0
CARRIER_E,2025-07-11 19:00,UIWANG,40FT,0,0,0,0,5,5,0,0
CARRIER_E,2025-07-11 20:00,UIWANG,40FT,0,0,0,0,5,5,0,0
CARRIER_E,2025-07-11 21:00,UIWANG,40FT,0,0,0,0,5,5,0,0
CARRIER_E,2025-07-11 22:00,UIWANG,40FT,0,0,0,0,5,5,0,0
CARRIER_E,2025-07-11 23:00,UIWANG,40FT,0,0,0,0,5,5,0,0
CARRIER_E,2025-07-12 00:00,UIWANG,40FT,0,0,0,0,5,5,0,0
CARRIER_E,2025-07-12 01:00,UIWANG,40FT,0,0,0,0,5,5,0,0
CARRIER_E,2025-07-12 02:00,UIWANG,40FT,0,0,0,0,5,5,0,0
CARRIER_E,2025-07-12 03:00,UIWANG,40FT,0,0,0,0,5,5,0,0
CARRIER_E,2025-07-12 04:00,UIWANG,40FT,0,0,0,0,5,5,0,0
CARRIER_E,2025-07-12 05:00,UIWANG,40FT,0,0,0,0,5,5,0,0
CARRIER_E,2025-07-12 06:00,UIWANG,40FT,0,0,0,0,5,5,0,0
CARRIER_E,2025-07-12 07:00,UIWANG,40FT,0,0,0,0,5,5,0,0
CARRIER_E,2025-07-12 08:00,UIWANG,40FT,0,0,0,0,5,5,0,0
CARRIER_E,2025-07-12 09:00,UIWANG,40FT,0,0,0,0,5,5,0,0
CARRIER_E,2025-07-12 10:00,UIWANG,40FT,0,0,0,0,5,5,0,0
CARRIER_E,2025-07-12 11:00,UIWANG,40FT,0,0,0,0,5,5,0,0
CARRIER_E,2025-07-12 12:00,UIWANG,40FT,0,0,0,0,5,5,0,0
CARRIER_E,2025-07-12 13:00,UIWANG,40FT,0,0,0,0,5,5,0,0
CARRIER_E,2025-07-12 14:00,UIWANG,40FT,0,0,0,0,5,5,0,0
CARRIER_E,2025-07-12 15:00,UIWANG,40FT,0,0,0,0,5,5,0,0
CARRIER_E,2025-07-12 16:00,UIWANG,40FT,0,0,0,0,5,5,0,0
CARRIER_E,2025-07-12 17:00,UIWANG,40FT,0,1,0,0,6,6,0,0
CARRIER_E,2025-07-12 18:00,UIWANG,40FT,0,0,0,0,6,6,0,0
CARRIER_E,2025-07-12 19:00,UIWANG,40FT,0,0,0,0,6,6,0,0
CARRIER_E,2025-07-12 20:00,UIWANG,40FT,0,0,0,0,6,6,0,0
CARRIER_E,2025-07-12 21:00,UIWANG,40FT,0,0,0,0,6,6,0,0
CARRIER_E,2025-07-12 22:00,UIWANG,40FT,0,0,0,0,6,6,0,0
CARRIER_E,2025-07-12 23:00,UIWANG,40FT,0,0,0,0,6,6,0,0
CARRIER_E,2025-07-13 00:00,UIWANG,40FT,0,0,0,0,6,6,0,0
CARRIER_E,2025-07-13 01:00,UIWANG,40FT,0,0,0,0,6,6,0,0
CARRIER_E,2025-07-13 02:00,UIWANG,40FT,0,0,0,0,6,6,0,0
CARRIER_E,2025-07-13 03:00,UIWANG,40FT,0,0,0,0,6,6,0,0
CARRIER_E,2025-07-13 04:00,UIWANG,40FT,0,0,0,0,6,6,0,0
CARRIER_E,2025-07-13 05:00,UIWANG,40FT,0,0,0,0,6,6,0,0
CARRIER_E,2025-07-13 06:00,UIWANG,40FT,0,0,0,0,6,6,0,0
CARRIER_E,2025-07-13 07:00,UIWANG,40FT,0,0,0,0,6,6,0,0
CARRIER_E,2025-07-13 08:00,UIWANG,40FT,0,0,0,0,6,6,0,0
CARRIER_E,2025-07-13 09:00,UIWANG,40FT,0,0,0,0,6,6,0,0
CARRIER_E,2025-07-13 10:00,UIWANG,40FT,0,0,0,0,6,6,0,0
CARRIER_E,2025-07-13 11:00,UIWANG,40FT,0,0,0,0,6,6,0,0
CARRIER_E,2025-07-13 12:00,UIWANG,40FT,0,0,0,0,6,6,0,0
CARRIER_E,2025-07-13 13:00,UIWANG,40FT,0,0,0,0,6,6,0,0
CARRIER_E,2025-07-13 14:00,UIWANG,40FT,0,0,0,0,6,6,0,0
CARRIER_E,2025-07-13 15:00,UIWANG,40FT,0,0,0,0,6,6,0,0
CARRIER_E,2025-07-13 16:00,UIWANG,40FT,0,0,0,0,6,6,0,0
CARRIER_E,2025-07-13 17:00,UIWANG,40FT,0,0,0,0,6,6,0,0
CARRIER_E,2025-07-13 18:00,UIWANG,40FT,0,0,0,0,6,6,0,0
CARRIER_E,2025-07-13 19:00,UIWANG,40FT,0,0,0,0,6,6,0,0
CARRIER_E,2025-07-13 20:00,UIWANG,40FT,0,0,0,0,6,6,0,0
CARRIER_E,2025-07-13 21:00,UIWANG,40FT,0,0,0,0,6,6,0,0
CARRIER_E,2025-07-13 22:00,UIWANG,40FT,0,0,0,0,6,6,0,0
CARRIER_E,2025-07-13 23:00,UIWANG,40FT,0,0,0,0,6,6,0,0
CARRIER_E,2025-07-14 00:00,UIWANG,40FT,0,0,0,0,6,6,0,0
CARRIER_E,2025-07-14 01:00,UIWANG,40FT,0,0,0,0,6,6,0,0
CARRIER_E,2025-07-14 02:00,UIWANG,40FT,0,0,0,0,6,6,0,0
CARRIER_E,2025-07-14 03:00,UIWANG,40FT,0,0,0,0,6,6,0,0
CARRIER_E,2025-07-14 04:00,UIWANG,40FT,0,0,0,0,6,6,0,0
CARRIER_E,2025-07-14 05:00,UIWANG,40FT,0,0,0,0,6,6,0,0
CARRIER_E,2025-07-14 06:00,UIWANG,40FT,0,0,0,0,6,6,0,0
CARRIER_E,2025-07-14 07:00,UIWANG,40FT,0,0,0,0,6,6,0,0
CARRIER_E,2025-07-14 08:00,UIWANG,40FT,0,0,0,0,6,6,0,0
CARRIER_E,2025-07-14 09:00,UIWANG,40FT,0,0,0,0,6,6,0,0
CARRIER_E,2025-07-14 10:00,UIWANG,40FT,0,1,0,0,7,7,0,0
CARRIER_E,2025-07-14 11:00,UIWANG,40FT,0,0,0,0,7,7,0,0
CARRIER_E,2025-07-14 12:00,UIWANG,40FT,0,0,0,0,7,7,0,0
CARRIER_E,2025-07-14 13:00,UIWANG,40FT,0,0,0,0,7,7,0,0
CARRIER_E,2025-07-14 14:00,UIWANG,40FT,0,0,0,0,7,7,0,0
CARRIER_E,2025-07-14 15:00,UIWANG,40FT,0,0,0,0,7,7,0,0
CARRIER_E,2025-07-14 16:00,UIWANG,40FT,0,0,0,0,7,7,0,0
CARRIER_E,2025-07-14 17:00,UIWANG,40FT,0,0,0,0,7,7,0,0
CARRIER_E,2025-07-14 18:00,UIWANG,40FT,0,0,0,0,7,7,0,0
CARRIER_E,2025-07-14 19:00,UIWANG,40FT,0,0,0,0,7,7,0,0
CARRIER_E,2025-07-14 20:00,UIWANG,40FT,0,0,0,0,7,7,0,0
CARRIER_E,2025-07-14 21:00,UIWANG,40FT,0,0,0,0,7,7,0,0
CARRIER_E,2025-07-14 22:00,UIWANG,40FT,0,0,0,0,7,7,0,0
CARRIER_E,2025-07-14 23:00,UIWANG,40FT,0,0,0,0,7,7,0,0
CARRIER_E,2025-07-08 00:00,YAKMOK,20FT,0,0,0,0,10,10,0,0
CARRIER_E,2025-07-08 01:00,YAKMOK,20FT,0,0,0,0,10,10,0,0
CARRIER_E,2025-07-08 02:00,YAKMOK,20FT,0,0,0,0,10,10,0,0
CARRIER_E,2025-07-08 03:00,YAKMOK,20FT,0,0,0,0,10,10,0,0
CARRIER_E,2025-07-08 04:00,YAKMOK,20FT,0,0,0,0,10,10,0,0
CARRIER_E,2025-07-08 05:00,YAKMOK,20FT,0,0,0,0,10,10,0,0
CARRIER_E,2025-07-08 06:00,YAKMOK,20FT,0,0,0,0,10,10,0,0
CARRIER_E,2025-07-08 07:00,YAKMOK,20FT,0,0,0,0,10,10,0,0
CARRIER_E,2025-07-08 08:00,YAKMOK,20FT,0,0,0,0,10,10,0,0
CARRIER_E,2025-07-08 09:00,YAKMOK,20FT,0,0,0,0,10,10,0,0
CARRIER_E,2025-07-08 10:00,YAKMOK,20FT,0,0,0,0,10,10,0,0
CARRIER_E,2025-07-08 11:00,YAKMOK,20FT,0,0,0,0,10,10,0,0
CARRIER_E,2025-07-08 12:00,YAKMOK,20FT,0,0,0,0,10,10,0,0
CARRIER_E,2025-07-08 13:00,YAKMOK,20FT,0,0,0,0,10,10,0,0
CARRIER_E,2025-07-08 14:00,YAKMOK,20FT,0,0,0,0,10,10,0,0
CARRIER_E,2025-07-08 15:00,YAKMOK,20FT,1,0,0,0,9,9,0,0
CARRIER_E,2025-07-08 16:00,YAKMOK,20FT,1,0,0,0,8,8,0,0
CARRIER_E,2025-07-08 17:00,YAKMOK,20FT,0,0,0,0,8,8,0,0
CARRIER_E,2025-07-08 18:00,YAKMOK,20FT,0,0,0,0,8,8,0,0
CARRIER_E,2025-07-08 19:00,YAKMOK,20FT,0,0,0,0,8,8,0,0
CARRIER_E,2025-07-08 20:00,YAKMOK,20FT,0,0,0,0,8,8,0,0
CARRIER_E,2025-07-08 21:00,YAKMOK,20FT,0,0,0,0,8,8,0,0
CARRIER_E,2025-07-08 22:00,YAKMOK,20FT,0,0,0,0,8,8,0,0
CARRIER_E,2025-07-08 23:00,YAKMOK,20FT,0,0,0,0,8,8,0,0
CARRIER_E,2025-07-09 00:00,YAKMOK,20FT,0,0,0,0,8,8,0,0
CARRIER_E,2025-07-09 01:00,YAKMOK,20FT,0,0,0,0,8,8,0,0
CARRIER_E,2025-07-09 02:00,YAKMOK,20FT,0,0,0,0,8,8,0,0
CARRIER_E,2025-07-09 03:00,YAKMOK,20FT,0,0,0,0,8,8,0,0
CARRIER_E,2025-07-09 04:00,YAKMOK,20FT,0,0,1,0,8,9,0,0
CARRIER_E,2025-07-09 05:00,YAKMOK,20FT,0,0,0,0,8,9,0,0
CARRIER_E,2025-07-09 06:00,YAKMOK,20FT,0,0,0,0,8,9,0,0
CARRIER_E,2025-07-09 07:00,YAKMOK,20FT,0,0,0,0,8,9,0,0
CARRIER_E,2025-07-09 08:00,YAKMOK,20FT,0,0,0,0,8,9,0,0
CARRIER_E,2025-07-09 09:00,YAKMOK,20FT,1,0,0,0,7,8,0,0
CARRIER_E,2025-07-09 10:00,YAKMOK,20FT,0,0,0,0,7,8,0,0
CARRIER_E,2025-07-09 11:00,YAKMOK,20FT,1,0,0,0,6,7,0,0
CARRIER_E,2025-07-09 12:00,YAKMOK,20FT,0,0,0,0,6,7,0,0
CARRIER_E,2025-07-09 13:00,YAKMOK,20FT,1,1,0,0,6,7,0,0
CARRIER_E,2025-07-09 14:00,YAKMOK,20FT,1,0,0,0,5,6,0,0
CARRIER_E,2025-07-09 15:00,YAKMOK,20FT,0,0,0,0,5,6,0,0
CARRIER_E,2025-07-09 16:00,YAKMOK,20FT,0,0,0,0,5,6,0,0
CARRIER_E,2025-07-09 17:00,YAKMOK,20FT,0,0,0,0,5,6,0,0
CARRIER_E,2025-07-09 18:00,YAKMOK,20FT,0,0,0,0,5,6,0,0
CARRIER_E,2025-07-09 19:00,YAKMOK,20FT,0,0,0,0,5,6,0,0
CARRIER_E,2025-07-09 20:00,YAKMOK,20FT,0,0,0,0,5,6,0,0
CARRIER_E,2025-07-09 21:00,YAKMOK,20FT,0,0,0,0,5,6,0,0
CARRIER_E,2025-07-09 22:00,YAKMOK,20FT,0,0,0,0,5,6,0,0
CARRIER_E,2025-07-09 23:00,YAKMOK,20FT,0,0,0,0,5,6,0,0
CARRIER_E,2025-07-10 00:00,YAKMOK,20FT,0,0,0,0,5,6,0,0
CARRIER_E,2025-07-10 01:00,YAKMOK,20FT,0,0,0,0,5,6,0,0
CARRIER_E,2025-07-10 02:00,YAKMOK,20FT,0,0,0,0,5,6,0,0
CARRIER_E,2025-07-10 03:00,YAKMOK,20FT,0,0,0,0,5,6,0,0
CARRIER_E,2025-07-10 04:00,YAKMOK,20FT,0,0,0,0,5,6,0,0
CARRIER_E,2025-07-10 05:00,YAKMOK,20FT,0,0,0,0,5,6,0,0
CARRIER_E,2025-07-10 06:00,YAKMOK,20FT,0,0,0,0,5,6,0,0
CARRIER_E,2025-07-10 07:00,YAKMOK,20FT,2,0,0,0,3,4,0,0
CARRIER_E,2025-07-10 08:00,YAKMOK,20FT,2,0,0,0,1,2,0,0
CARRIER_E,2025-07-10 09:00,YAKMOK,20FT,0,0,0,0,1,2,0,0
CARRIER_E,2025-07-10 10:00,YAKMOK,20FT,0,0,0,0,1,2,0,0
CARRIER_E,2025-07-10 11:00,YAKMOK,20FT,0,0,0,0,1,2,0,0
CARRIER_E,2025-07-10 12:00,YAKMOK,20FT,0,0,0,0,1,2,0,0
CARRIER_E,2025-07-10 13:00,YAKMOK,20FT,0,0,0,0,1,2,0,0
CARRIER_E,2025-07-10 14:00,YAKMOK,20FT,0,0,0,0,1,2,0,0
CARRIER_E,2025-07-10 15:00,YAKMOK,20FT,1,0,0,0,0,1,0,0
CARRIER_E,2025-07-10 16:00,YAKMOK,20FT,0,0,0,0,0,1,0,0
CARRIER_E,2025-07-10 17:00,YAKMOK,20FT,0,1,0,0,1,2,0,0
CARRIER_E,2025-07-10 18:00,YAKMOK,20FT,0,0,0,0,1,2,0,0
CARRIER_E,2025-07-10 19:00,YAKMOK,20FT,0,0,0,0,1,2,0,0
CARRIER_E,2025-07-10 20:00,YAKMOK,20FT,0,0,0,0,1,2,0,0
CARRIER_E,2025-07-10 21:00,YAKMOK,20FT,0,0,0,0,1,2,0,0
CARRIER_E,2025-07-10 22:00,YAKMOK,20FT,0,0,0,0,1,2,0,0
CARRIER_E,2025-07-10 23:00,YAKMOK,20FT,0,0,0,0,1,2,0,0
CARRIER_E,2025-07-11 00:00,YAKMOK,20FT,0,0,0,0,1,2,0,0
CARRIER_E,2025-07-11 01:00,YAKMOK,20FT,0,0,0,0,1,2,0,0
CARRIER_E,2025-07-11 02:00,YAKMOK,20FT,0,0,0,0,1,2,0,0
CARRIER_E,2025-07-11 03:00,YAKMOK,20FT,0,0,0,0,1,2,0,0
CARRIER_E,2025-07-11 04:00,YAKMOK,20FT,0,0,0,0,1,2,0,0
CARRIER_E,2025-07-11 05:00,YAKMOK,20FT,0,0,0,0,1,2,0,0
CARRIER_E,2025-07-11 06:00,YAKMOK,20FT,0,0,0,0,1,2,0,0
CARRIER_E,2025-07-11 07:00,YAKMOK,20FT,0,0,0,0,1,2,0,0
CARRIER_E,2025-07-11 08:00,YAKMOK,20FT,0,0,0,0,1,2,0,0
CARRIER_E,2025-07-11 09:00,YAKMOK,20FT,0,0,0,0,1,2,0,0
CARRIER_E,2025-07-11 10:00,YAKMOK,20FT,0,0,0,0,1,2,0,0
CARRIER_E,2025-07-11 11:00,YAKMOK,20FT,1,0,0,0,0,1,0,0
CARRIER_E,2025-07-11 12:00,YAKMOK,20FT,0,0,0,0,0,1,0,0
CARRIER_E,2025-07-11 13:00,YAKMOK,20FT,0,0,0,0,0,1,0,0
CARRIER_E,2025-07-11 14:00,YAKMOK,20FT,1,0,0,0,0,0,1,0
CARRIER_E,2025-07-11 15:00,YAKMOK,20FT,0,0,0,0,0,0,0,0
CARRIER_E,2025-07-11 16:00,YAKMOK,20FT,0,0,0,0,0,0,0,0
CARRIER_E,2025-07-11 17:00,YAKMOK,20FT,0,0,0,0,0,0,0,0
CARRIER_E,2025-07-11 18:00,YAKMOK,20FT,0,0,0,0,0,0,0,0
CARRIER_E,2025-07-11 19:00,YAKMOK,20FT,0,1,0,0,1,1,0,0
CARRIER_E,2025-07-11 20:00,YAKMOK,20FT,0,0,0,0,1,1,0,0
CARRIER_E,2025-07-11 21:00,YAKMOK,20FT,0,0,0,0,1,1,0,0
CARRIER_E,2025-07-11 22:00,YAKMOK,20FT,0,0,0,0,1,1,0,0
CARRIER_E,2025-07-11 23:00,YAKMOK,20FT,0,0,0,0,1,1,0,0
CARRIER_E,2025-07-12 00:00,YAKMOK,20FT,0,0,0,0,1,1,0,0
CARRIER_E,2025-07-12 01:00,YAKMOK,20FT,0,0,0,0,1,1,0,0
CARRIER_E,2025-07-12 02:00,YAKMOK,20FT,0,0,0,0,1,1,0,0
CARRIER_E,2025-07-12 03:00,YAKMOK,20FT,0,0,0,0,1,1,0,0
CARRIER_E,2025-07-12 04:00,YAKMOK,20FT,0,0,7,0,1,8,0,0
CARRIER_E,2025-07-12 05:00,YAKMOK,20FT,0,0,0,0,1,8,0,0
CARRIER_E,2025-07-12 06:00,YAKMOK,20FT,0,0,0,0,1,8,0,0
CARRIER_E,2025-07-12 07:00,YAKMOK,20FT,0,0,0,0,1,8,0,0
CARRIER_E,2025-07-12 08:00,YAKMOK,20FT,2,0,0,0,0,6,1,0
CARRIER_E,2025-07-12 09:00,YAKMOK,20FT,1,0,0,0,0,5,1,0
CARRIER_E,2025-07-12 10:00,YAKMOK,20FT,0,0,0,0,0,5,0,0
CARRIER_E,2025-07-12 11:00,YAKMOK,20FT,1,0,0,0,0,4,1,0
CARRIER_E,2025-07-12 12:00,YAKMOK,20FT,0,0,0,0,0,4,0,0
CARRIER_E,2025-07-12 13:00,YAKMOK,20FT,1,0,0,0,0,3,1,0
CARRIER_E,2025-07-12 14:00,YAKMOK,20FT,0,0,0,0,0,3,0,0
CARRIER_E,2025-07-12 15:00,YAKMOK,20FT,1,0,0,0,0,2,1,0
CARRIER_E,2025-07-12 16:00,YAKMOK,20FT,0,0,0,0,0,2,0,0
CARRIER_E,2025-07-12 17:00,YAKMOK,20FT,1,0,0,0,0,1,1,0
CARRIER_E,2025-07-12 18:00,YAKMOK,20FT,0,0,0,0,0,1,0,0
CARRIER_E,2025-07-12 19:00,YAKMOK,20FT,0,0,0,0,0,1,0,0
CARRIER_E,2025-07-12 20:00,YAKMOK,20FT,0,0,0,0,0,1,0,0
CARRIER_E,2025-07-12 21:00,YAKMOK,20FT,0,0,0,0,0,1,0,0
CARRIER_E,2025-07-12 22:00,YAKMOK,20FT,0,0,0,0,0,1,0,0
CARRIER_E,2025-07-12 23:00,YAKMOK,20FT,0,0,0,0,0,1,0,0
CARRIER_E,2025-07-13 00:00,YAKMOK,20FT,0,0,0,0,0,1,0,0
CARRIER_E,2025-07-13 01:00,YAKMOK,20FT,0,0,0,0,0,1,0,0
CARRIER_E,2025-07-13 02:00,YAKMOK,20FT,0,0,0,0,0,1,0,0
CARRIER_E,2025-07-13 03:00,YAKMOK,20FT,0,0,0,0,0,1,0,0
CARRIER_E,2025-07-13 04:00,YAKMOK,20FT,0,0,0,0,0,1,0,0
CARRIER_E,2025-07-13 05:00,YAKMOK,20FT,0,0,0,0,0,1,0,0
CARRIER_E,2025-07-13 06:00,YAKMOK,20FT,0,0,0,0,0,1,0,0
CARRIER_E,2025-07-13 07:00,YAKMOK,20FT,0,0,0,0,0,1,0,0
CARRIER_E,2025-07-13 08:00,YAKMOK,20FT,0,0,0,0,0,1,0,0
CARRIER_E,2025-07-13 09:00,YAKMOK,20FT,0,0,0,0,0,1,0,0
CARRIER_E,2025-07-13 10:00,YAKMOK,20FT,0,0,0,0,0,1,0,0
CARRIER_E,2025-07-13 11:00,YAKMOK,20FT,0,0,0,0,0,1,0,0
CARRIER_E,2025-07-13 12:00,YAKMOK,20FT,0,0,0,0,0,1,0,0
CARRIER_E,2025-07-13 13:00,YAKMOK,20FT,0,0,0,0,0,1,0,0
CARRIER_E,2025-07-13 14:00,YAKMOK,20FT,0,0,0,0,0,1,0,0
CARRIER_E,2025-07-13 15:00,YAKMOK,20FT,0,0,0,0,0,1,0,0
CARRIER_E,2025-07-13 16:00,YAKMOK,20FT,0,1,0,0,1,2,0,0
CARRIER_E,2025-07-13 17:00,YAKMOK,20FT,0,0,0,0,1,2,0,0
CARRIER_E,2025-07-13 18:00,YAKMOK,20FT,0,0,0,0,1,2,0,0
CARRIER_E,2025-07-13 19:00,YAKMOK,20FT,0,0,0,0,1,2,0,0
CARRIER_E,2025-07-13 20:00,YAKMOK,20FT,0,0,0,0,1,2,0,0
CARRIER_E,2025-07-13 21:00,YAKMOK,20FT,0,0,0,0,1,2,0,0
CARRIER_E,2025-07-13 22:00,YAKMOK,20FT,0,0,0,0,1,2,0,0
CARRIER_E,2025-07-13 23:00,YAKMOK,20FT,0,0,0,0,1,2,0,0
CARRIER_E,2025-07-14 00:00,YAKMOK,20FT,0,0,0,0,1,2,0,0
CARRIER_E,2025-07-14 01:00,YAKMOK,20FT,0,0,0,0,1,2,0,0
CARRIER_E,2025-07-14 02:00,YAKMOK,20FT,0,0,0,0,1,2,0,0
CARRIER_E,2025-07-14 03:00,YAKMOK,20FT,0,0,0,0,1,2,0,0
CARRIER_E,2025-07-14 04:00,YAKMOK,20FT,0,0,0,0,1,2,0,0
CARRIER_E,2025-07-14 05:00,YAKMOK,20FT,0,0,0,0,1,2,0,0
CARRIER_E,2025-07-14 06:00,YAKMOK,20FT,1,0,0,0,0,1,0,0
CARRIER_E,2025-07-14 07:00,YAKMOK,20FT,1,0,0,0,0,0,1,0
CARRIER_E,2025-07-14 08:00,YAKMOK,20FT,0,0,0,0,0,0,0,0
CARRIER_E,2025-07-14 09:00,YAKMOK,20FT,0,0,0,0,0,0,0,0
CARRIER_E,2025-07-14 10:00,YAKMOK,20FT,0,0,0,0,0,0,0,0
CARRIER_E,2025-07-14 11:00,YAKMOK,20FT,0,0,0,0,0,0,0,0
CARRIER_E,2025-07-14 12:00,YAKMOK,20FT,0,1,0,0,1,1,0,0
CARRIER_E,2025-07-14 13:00,YAKMOK,20FT,0,0,0,0,1,1,0,0
CARRIER_E,2025-07-14 14:00,YAKMOK,20FT,1,0,0,0,0,0,0,0
CARRIER_E,2025-07-14 15:00,YAKMOK,20FT,0,0,0,0,0,0,0,0
CARRIER_E,2025-07-14 16:00,YAKMOK,20FT,0,0,0,0,0,0,0,0
CARRIER_E,2025-07-14 17:00,YAKMOK,20FT,0,0,0,0,0,0,0,0
CARRIER_E,2025-07-14 18:00,YAKMOK,20FT,0,0,0,0,0,0,0,0
CARRIER_E,2025-07-14 19:00,YAKMOK,20FT,0,0,0,0,0,0,0,0
CARRIER_E,2025-07-14 20:00,YAKMOK,20FT,0,0,0,0,0,0,0,0
CARRIER_E,2025-07-14 21:00,YAKMOK,20FT,0,0,0,0,0,0,0,0
CARRIER_E,2025-07-14 22:00,YAKMOK,20FT,0,0,0,0,0,0,0,0
CARRIER_E,2025-07-14 23:00,YAKMOK,20FT,0,0,0,0,0,0,0,0
CARRIER_E,2025-07-08 00:00,YAKMOK,40FT,0,0,0,0,0,0,0,0
CARRIER_E,2025-07-08 01:00,YAKMOK,40FT,0,0,0,0,0,0,0,0
CARRIER_E,2025-07-08 02:00,YAKMOK,40FT,0,0,0,0,0,0,0,0
CARRIER_E,2025-07-08 03:00,YAKMOK,40FT,0,0,0,0,0,0,0,0
CARRIER_E,2025-07-08 04:00,YAKMOK,40FT,0,0,0,0,0,0,0,0
CARRIER_E,2025-07-08 05:00,YAKMOK,40FT,0,0,0,0,0,0,0,0
CARRIER_E,2025-07-08 06:00,YAKMOK,40FT,0,0,0,0,0,0,0,0
CARRIER_E,2025-07-08 07:00,YAKMOK,40FT,0,0,0,0,0,0,0,0
CARRIER_E,2025-07-08 08:00,YAKMOK,40FT,0,0,0,0,0,0,0,0
CARRIER_E,2025-07-08 09:00,YAKMOK,40FT,0,0,0,0,0,0,0,0
CARRIER_E,2025-07-08 10:00,YAKMOK,40FT,0,0,0,0,0,0,0,0
CARRIER_E,2025-07-08 11:00,YAKMOK,40FT,0,0,0,0,0,0,0,0
CARRIER_E,2025-07-08 12:00,YAKMOK,40FT,0,0,0,0,0,0,0,0
CARRIER_E,2025-07-08 13:00,YAKMOK,40FT,0,0,0,0,0,0,0,0
CARRIER_E,2025-07-08 14:00,YAKMOK,40FT,0,0,0,0,0,0,0,0
CARRIER_E,2025-07-08 15:00,YAKMOK,40FT,0,0,0,0,0,0,0,0
CARRIER_E,2025-07-08 16:00,YAKMOK,40FT,0,0,0,0,0,0,0,0
CARRIER_E,2025-07-08 17:00,YAKMOK,40FT,0,0,0,0,0,0,0,0
CARRIER_E,2025-07-08 18:00,YAKMOK,40FT,0,0,0,0,0,0,0,0
CARRIER_E,2025-07-08 19:00,YAKMOK,40FT,0,0,0,0,0,0,0,0
CARRIER_E,2025-07-08 20:00,YAKMOK,40FT,0,0,0,0,0,0,0,0
CARRIER_E,2025-07-08 21:00,YAKMOK,40FT,0,0,0,0,0,0,0,0
CARRIER_E,2025-07-08 22:00,YAKMOK,40FT,0,0,0,0,0,0,0,0
CARRIER_E,2025-07-08 23:00,YAKMOK,40FT,0,0,0,0,0,0,0,0
CARRIER_E,2025-07-09 00:00,YAKMOK,40FT,0,0,0,0,0,0,0,0
CARRIER_E,2025-07-09 01:00,YAKMOK,40FT,0,0,0,0,0,0,0,0
CARRIER_E,2025-07-09 02:00,YAKMOK,40FT,0,0,0,0,0,0,0,0
CARRIER_E,2025-07-09 03:00,YAKMOK,40FT,0,0,0,0,0,0,0,0
CARRIER_E,2025-07-09 04:00,YAKMOK,40FT,0,0,0,0,0,0,0,0
CARRIER_E,2025-07-09 05:00,YAKMOK,40FT,0,0,0,0,0,0,0,0
CARRIER_E,2025-07-09 06:00,YAKMOK,40FT,0,0,0,0,0,0,0,0
CARRIER_E,2025-07-09 07:00,YAKMOK,40FT,0,0,0,0,0,0,0,0
CARRIER_E,2025-07-09 08:00,YAKMOK,40FT,0,0,0,0,0,0,0,0
CARRIER_E,2025-07-09 09:00,YAKMOK,40FT,0,0,0,0,0,0,0,0
CARRIER_E,2025-07-09 10:00,YAKMOK,40FT,0,0,0,0,0,0,0,0
CARRIER_E,2025-07-09 11:00,YAKMOK,40FT,0,0,0,0,0,0,0,0
CARRIER_E,2025-07-09 12:00,YAKMOK,40FT,0,0,0,0,0,0,0,0
CARRIER_E,2025-07-09 13:00,YAKMOK,40FT,0,0,0,0,0,0,0,0
CARRIER_E,2025-07-09 14:00,YAKMOK,40FT,0,0,0,0,0,0,0,0
CARRIER_E,2025-07-09 15:00,YAKMOK,40FT,0,0,0,0,0,0,0,0
CARRIER_E,2025-07-09 16:00,YAKMOK,40FT,0,0,0,0,0,0,0,0
CARRIER_E,2025-07-09 17:00,YAKMOK,40FT,0,0,0,0,0,0,0,0
CARRIER_E,2025-07-09 18:00,YAKMOK,40FT,0,0,0,0,0,0,0,0
CARRIER_E,2025-07-09 19:00,YAKMOK,40FT,0,0,0,0,0,0,0,0
CARRIER_E,2025-07-09 20:00,YAKMOK,40FT,0,0,0,0,0,0,0,0
CARRIER_E,2025-07-09 21:00,YAKMOK,40FT,0,0,0,0,0,0,0,0
CARRIER_E,2025-07-09 22:00,YAKMOK,40FT,0,0,0,0,0,0,0,0
CARRIER_E,2025-07-09 23:00,YAKMOK,40FT,0,0,0,0,0,0,0,0
CARRIER_E,2025-07-10 00:00,YAKMOK,40FT,0,0,0,0,0,0,0,0
CARRIER_E,2025-07-10 01:00,YAKMOK,40FT,0,0,0,0,0,0,0,0
CARRIER_E,2025-07-10 02:00,YAKMOK,40FT,0,0,0,0,0,0,0,0
CARRIER_E,2025-07-10 03:00,YAKMOK,40FT,0,0,0,0,0,0,0,0
CARRIER_E,2025-07-10 04:00,YAKMOK,40FT,0,0,0,0,0,0,0,0
CARRIER_E,2025-07-10 05:00,YAKMOK,40FT,0,0,0,0,0,0,0,0
CARRIER_E,2025-07-10 06:00,YAKMOK,40FT,0,0,0,0,0,0,0,0
CARRIER_E,2025-07-10 07:00,YAKMOK,40FT,0,0,0,0,0,0,0,0
CARRIER_E,2025-07-10 08:00,YAKMOK,40FT,0,0,0,0,0,0,0,0
CARRIER_E,2025-07-10 09:00,YAKMOK,40FT,0,0,0,0,0,0,0,0
CARRIER_E,2025-07-10 10:00,YAKMOK,40FT,0,0,0,0,0,0,0,0
CARRIER_E,2025-07-10 11:00,YAKMOK,40FT,0,0,0,0,0,0,0,0
CARRIER_E,2025-07-10 12:00,YAKMOK,40FT,0,0,0,0,0,0,0,0
CARRIER_E,2025-07-10 13:00,YAKMOK,40FT,0,1,0,0,1,1,0,0
CARRIER_E,2025-07-10 14:00,YAKMOK,40FT,0,1,0,0,2,2,0,0
CARRIER_E,2025-07-10 15:00,YAKMOK,40FT,0,0,0,0,2,2,0,0
CARRIER_E,2025-07-10 16:00,YAKMOK,40FT,0,0,0,0,2,2,0,0
CARRIER_E,2025-07-10 17:00,YAKMOK,40FT,0,1,0,0,3,3,0,0
CARRIER_E,2025-07-10 18:00,YAKMOK,40FT,0,0,0,0,3,3,0,0
CARRIER_E,2025-07-10 19:00,YAKMOK,40FT,0,0,0,0,3,3,0,0
CARRIER_E,2025-07-10 20:00,YAKMOK,40FT,0,0,0,0,3,3,0,0
CARRIER_E,2025-07-10 21:00,YAKMOK,40FT,0,0,0,0,3,3,0,0
CARRIER_E,2025-07-10 22:00,YAKMOK,40FT,0,0,0,0,3,3,0,0
CARRIER_E,2025-07-10 23:00,YAKMOK,40FT,0,0,0,0,3,3,0,0
CARRIER_E,2025-07-11 00:00,YAKMOK,40FT,0,0,0,0,3,3,0,0
CARRIER_E,2025-07-11 01:00,YAKMOK,40FT,0,0,0,0,3,3,0,0
CARRIER_E,2025-07-11 02:00,YAKMOK,40FT,0,0,0,0,3,3,0,0
CARRIER_E,2025-07-11 03:00,YAKMOK,40FT,0,0,0,0,3,3,0,0
CARRIER_E,2025-07-11 04:00,YAKMOK,40FT,0,0,0,0,3,3,0,0
CARRIER_E,2025-07-11 05:00,YAKMOK,40FT,0,0,0,0,3,3,0,0
CARRIER_E,2025-07-11 06:00,YAKMOK,40FT,0,0,0,0,3,3,0,0
CARRIER_E,2025-07-11 07:00,YAKMOK,40FT,0,0,0,0,3,3,0,0
CARRIER_E,2025-07-11 08:00,YAKMOK,40FT,0,0,0,0,3,3,0,0
CARRIER_E,2025-07-11 09:00,YAKMOK,40FT,0,0,0,0,3,3,0,0
CARRIER_E,2025-07-11 10:00,YAKMOK,40FT,0,0,0,0,3,3,0,0
CARRIER_E,2025-07-11 11:00,YAKMOK,40FT,0,0,0,0,3,3,0,0
CARRIER_E,2025-07-11 12:00,YAKMOK,40FT,0,0,0,0,3,3,0,0
CARRIER_E,2025-07-11 13:00,YAKMOK,40FT,0,0,0,0,3,3,0,0
CARRIER_E,2025-07-11 14:00,YAKMOK,40FT,0,0,0,0,3,3,0,0
CARRIER_E,2025-07-11 15:00,YAKMOK,40FT,0,0,0,0,3,3,0,0
CARRIER_E,2025-07-11 16:00,YAKMOK,40FT,0,0,0,0,3,3,0,0
CARRIER_E,2025-07-11 17:00,YAKMOK,40FT,0,0,0,0,3,3,0,0
CARRIER_E,2025-07-11 18:00,YAKMOK,40FT,0,0,0,0,3,3,0,0
CARRIER_E,2025-07-11 19:00,YAKMOK,40FT,0,0,0,0,3,3,0,0
CARRIER_E,2025-07-11 20:00,YAKMOK,40FT,0,0,0,0,3,3,0,0
CARRIER_E,2025-07-11 21:00,YAKMOK,40FT,0,0,0,0,3,3,0,0
CARRIER_E,2025-07-11 22:00,YAKMOK,40FT,0,0,0,0,3,3,0,0
CARRIER_E,2025-07-11 23:00,YAKMOK,40FT,0,0,0,0,3,3,0,0
CARRIER_E,2025-07-12 00:00,YAKMOK,40FT,0,0,0,0,3,3,0,0
CARRIER_E,2025-07-12 01:00,YAKMOK,40FT,0,0,0,0,3,3,0,0
CARRIER_E,2025-07-12 02:00,YAKMOK,40FT,0,0,0,0,3,3,0,0
CARRIER_E,2025-07-12 03:00,YAKMOK,40FT,0,0,0,0,3,3,0,0
CARRIER_E,2025-07-12 04:00,YAKMOK,40FT,0,0,0,0,3,3,0,0
CARRIER_E,2025-07-12 05:00,YAKMOK,40FT,0,0,0,0,3,3,0,0
CARRIER_E,2025-07-12 06:00,YAKMOK,40FT,0,0,0,0,3,3,0,0
CARRIER_E,2025-07-12 07:00,YAKMOK,40FT,0,0,0,0,3,3,0,0
CARRIER_E,2025-07-12 08:00,YAKMOK,40FT,0,0,0,0,3,3,0,0
CARRIER_E,2025-07-12 09:00,YAKMOK,40FT,0,0,0,0,3,3,0,0
CARRIER_E,2025-07-12 10:00,YAKMOK,40FT,0,0,0,0,3,3,0,0
CARRIER_E,2025-07-12 11:00,YAKMOK,40FT,0,0,0,0,3,3,0,0
CARRIER_E,2025-07-12 12:00,YAKMOK,40FT,0,0,0,0,3,3,0,0
CARRIER_E,2025-07-12 13:00,YAKMOK,40FT,0,0,0,0,3,3,0,0
CARRIER_E,2025-07-12 14:00,YAKMOK,40FT,0,0,0,0,3,3,0,0
CARRIER_E,2025-07-12 15:00,YAKMOK,40FT,0,0,0,0,3,3,0,0
CARRIER_E,2025-07-12 16:00,YAKMOK,40FT,0,0,0,0,3,3,0,0
CARRIER_E,2025-07-12 17:00,YAKMOK,40FT,0,0,0,0,3,3,0,0
CARRIER_E,2025-07-12 18:00,YAKMOK,40FT,0,0,0,0,3,3,0,0
CARRIER_E,2025-07-12 19:00,YAKMOK,40FT,0,0,0,0,3,3,0,0
CARRIER_E,2025-07-12 20:00,YAKMOK,40FT,0,0,0,0,3,3,0,0
CARRIER_E,2025-07-12 21:00,YAKMOK,40FT,0,0,0,0,3,3,0,0
CARRIER_E,2025-07-12 22:00,YAKMOK,40FT,0,0,0,0,3,3,0,0
CARRIER_E,2025-07-12 23:00,YAKMOK,40FT,0,0,0,0,3,3,0,0
CARRIER_E,2025-07-13 00:00,YAKMOK,40FT,0,0,0,0,3,3,0,0
CARRIER_E,2025-07-13 01:00,YAKMOK,40FT,0,0,0,0,3,3,0,0
CARRIER_E,2025-07-13 02:00,YAKMOK,40FT,0,0,0,0,3,3,0,0
CARRIER_E,2025-07-13 03:00,YAKMOK,40FT,0,0,0,0,3,3,0,0
CARRIER_E,2025-07-13 04:00,YAKMOK,40FT,0,0,0,0,3,3,0,0
CARRIER_E,2025-07-13 05:00,YAKMOK,40FT,0,0,0,0,3,3,0,0
CARRIER_E,2025-07-13 06:00,YAKMOK,40FT,0,0,0,0,3,3,0,0
CARRIER_E,2025-07-13 07:00,YAKMOK,40FT,0,0,0,0,3,3,0,0
CARRIER_E,2025-07-13 08:00,YAKMOK,40FT,0,0,0,0,3,3,0,0
CARRIER_E,2025-07-13 09:00,YAKMOK,40FT,0,0,0,0,3,3,0,0
CARRIER_E,2025-07-13 10:00,YAKMOK,40FT,0,0,0,0,3,3,0,0
CARRIER_E,2025-07-13 11:00,YAKMOK,40FT,0,0,0,0,3,3,0,0
CARRIER_E,2025-07-13 12:00,YAKMOK,40FT,0,0,0,0,3,3,0,0
CARRIER_E,2025-07-13 13:00,YAKMOK,40FT,0,0,0,0,3,3,0,0
CARRIER_E,2025-07-13 14:00,YAKMOK,40FT,0,0,0,0,3,3,0,0
CARRIER_E,2025-07-13 15:00,YAKMOK,40FT,0,0,0,0,3,3,0,0
CARRIER_E,2025-07-13 16:00,YAKMOK,40FT,0,0,0,0,3,3,0,0
CARRIER_E,2025-07-13 17:00,YAKMOK,40FT,0,0,0,0,3,3,0,0
CARRIER_E,2025-07-13 18:00,YAKMOK,40FT,0,0,0,0,3,3,0,0
CARRIER_E,2025-07-13 19:00,YAKMOK,40FT,0,0,0,0,3,3,0,0
CARRIER_E,2025-07-13 20:00,YAKMOK,40FT,0,0,0,0,3,3,0,0
CARRIER_E,2025-07-13 21:00,YAKMOK,40FT,0,0,0,0,3,3,0,0
CARRIER_E,2025-07-13 22:00,YAKMOK,40FT,0,0,0,0,3,3,0,0
CARRIER_E,2025-07-13 23:00,YAKMOK,40FT,0,0,0,0,3,3,0,0
CARRIER_E,2025-07-14 00:00,YAKMOK,40FT,0,0,0,0,3,3,0,0
CARRIER_E,2025-07-14 01:00,YAKMOK,40FT,0,0,0,0,3,3,0,0
CARRIER_E,2025-07-14 02:00,YAKMOK,40FT,0,0,0,0,3,3,0,0
CARRIER_E,2025-07-14 03:00,YAKMOK,40FT,0,0,0,0,3,3,0,0
CARRIER_E,2025-07-14 04:00,YAKMOK,40FT,0,0,0,0,3,3,0,0
CARRIER_E,2025-07-14 05:00,YAKMOK,40FT,0,0,0,0,3,3,0,0
CARRIER_E,2025-07-14 06:00,YAKMOK,40FT,0,0,0,0,3,3,0,0
CARRIER_E,2025-07-14 07:00,YAKMOK,40FT,0,0,0,0,3,3,0,0
CARRIER_E,2025-07-14 08:00,YAKMOK,40FT,0,0,0,0,3,3,0,0
CARRIER_E,2025-07-14 09:00,YAKMOK,40FT,0,0,0,0,3,3,0,0
CARRIER_E,2025-07-14 10:00,YAKMOK,40FT,0,0,0,0,3,3,0,0
CARRIER_E,2025-07-14 11:00,YAKMOK,40FT,0,0,0,0,3,3,0,0
CARRIER_E,2025-07-14 12:00,YAKMOK,40FT,0,0,0,0,3,3,0,0
CARRIER_E,2025-07-14 13:00,YAKMOK,40FT,0,0,0,0,3,3,0,0
CARRIER_E,2025-07-14 14:00,YAKMOK,40FT,0,0,0,0,3,3,0,0
CARRIER_E,2025-07-14 15:00,YAKMOK,40FT,0,0,0,0,3,3,0,0
CARRIER_E,2025-07-14 16:00,YAKMOK,40FT,0,0,0,0,3,3,0,0
CARRIER_E,2025-07-14 17:00,YAKMOK,40FT,0,0,0,0,3,3,0,0
CARRIER_E,2025-07-14 18:00,YAKMOK,40FT,0,0,0,0,3,3,0,0
CARRIER_E,2025-07-14 19:00,YAKMOK,40FT,0,0,0,0,3,3,0,0
CARRIER_E,2025-07-14 20:00,YAKMOK,40FT,0,0,0,0,3,3,0,0
CARRIER_E,2025-07-14 21:00,YAKMOK,40FT,0,0,0,0,3,3,0,0
CARRIER_E,2025-07-14 22:00,YAKMOK,40FT,0,0,0,0,3,3,0,0
CARRIER_E,2025-07-14 23:00,YAKMOK,40FT,0,0,0,0,3,3,0,0
CARRIER_F,2025-07-08 00:00,BUGANG,20FT,0,0,0,0,0,0,0,0
CARRIER_F,2025-07-08 01:00,BUGANG,20FT,0,0,0,0,0,0,0,0
CARRIER_F,2025-07-08 02:00,BUGANG,20FT,0,0,0,0,0,0,0,0
CARRIER_F,2025-07-08 03:00,BUGANG,20FT,0,0,0,0,0,0,0,0
CARRIER_F,2025-07-08 04:00,BUGANG,20FT,0,0,0,0,0,0,0,0
CARRIER_F,2025-07-08 05:00,BUGANG,20FT,0,0,0,0,0,0,0,0
CARRIER_F,2025-07-08 06:00,BUGANG,20FT,0,0,0,0,0,0,0,0
CARRIER_F,2025-07-08 07:00,BUGANG,20FT,0,0,0,0,0,0,0,0
CARRIER_F,2025-07-08 08:00,BUGANG,20FT,0,0,0,0,0,0,0,0
CARRIER_F,2025-07-08 09:00,BUGANG,20FT,0,0,0,0,0,0,0,0
CARRIER_F,2025-07-08 10:00,BUGANG,20FT,0,0,0,0,0,0,0,0
CARRIER_F,2025-07-08 11:00,BUGANG,20FT,0,1,0,0,1,1,0,0
CARRIER_F,2025-07-08 12:00,BUGANG,20FT,0,0,0,0,1,1,0,0
CARRIER_F,2025-07-08 13:00,BUGANG,20FT,1,0,0,0,0,0,0,0
CARRIER_F,2025-07-08 14:00,BUGANG,20FT,0,1,0,0,1,1,0,0
CARRIER_F,2025-07-08 15:00,BUGANG,20FT,0,1,0,0,2,2,0,0
CARRIER_F,2025-07-08 16:00,BUGANG,20FT,0,0,0,0,2,2,0,0
CARRIER_F,2025-07-08 17:00,BUGANG,20FT,0,0,0,0,2,2,0,0
CARRIER_F,2025-07-08 18:00,BUGANG,20FT,0,0,0,0,2,2,0,0
CARRIER_F,2025-07-08 19:00,BUGANG,20FT,0,0,0,0,2,2,0,0
CARRIER_F,2025-07-08 20:00,BUGANG,20FT,0,1,0,1,3,2,0,0
CARRIER_F,2025-07-08 21:00,BUGANG,20FT,0,0,0,0,3,2,0,0
CARRIER_F,2025-07-08 22:00,BUGANG,20FT,0,0,0,0,3,2,0,0
CARRIER_F,2025-07-08 23:00,BUGANG,20FT,0,0,0,0,3,2,0,0
CARRIER_F,2025-07-09 00:00,BUGANG,20FT,0,0,0,0,3,2,0,0
CARRIER_F,2025-07-09 01:00,BUGANG,20FT,0,0,0,0,3,2,0,0
CARRIER_F,2025-07-09 02:00,BUGANG,20FT,0,0,0,0,3,2,0,0
CARRIER_F,2025-07-09 03:00,BUGANG,20FT,0,0,0,0,3,2,0,0
CARRIER_F,2025-07-09 04:00,BUGANG,20FT,0,0,0,0,3,2,0,0
CARRIER_F,2025-07-09 05:00,BUGANG,20FT,0,0,0,0,3,2,0,0
CARRIER_F,2025-07-09 06:00,BUGANG,20FT,0,0,0,0,3,2,0,0
CARRIER_F,2025-07-09 07:00,BUGANG,20FT,0,0,0,0,3,2,0,0
CARRIER_F,2025-07-09 08:00,BUGANG,20FT,0,0,0,0,3,2,0,0
CARRIER_F,2025-07-09 09:00,BUGANG,20FT,0,0,0,0,3,2,0,0
CARRIER_F,2025-07-09 10:00,BUGANG,20FT,0,0,0,0,3,2,0,0
CARRIER_F,2025-07-09 11:00,BUGANG,20FT,0,0,0,0,3,2,0,0
CARRIER_F,2025-07-09 12:00,BUGANG,20FT,0,0,0,0,3,2,0,0
CARRIER_F,2025-07-09 13:00,BUGANG,20FT,0,0,0,0,3,2,0,0
CARRIER_F,2025-07-09 14:00,BUGANG,20FT,0,0,0,0,3,2,0,0
CARRIER_F,2025-07-09 15:00,BUGANG,20FT,0,0,0,0,3,2,0,0
CARRIER_F,2025-07-09 16:00,BUGANG,20FT,0,0,0,0,3,2,0,0
CARRIER_F,2025-07-09 17:00,BUGANG,20FT,0,0,0,0,3,2,0,0
CARRIER_F,2025-07-09 18:00,BUGANG,20FT,0,0,0,0,3,2,0,0
CARRIER_F,2025-07-09 19:00,BUGANG,20FT,0,0,0,0,3,2,0,0
CARRIER_F,2025-07-09 20:00,BUGANG,20FT,0,0,0,0,3,2,0,0
CARRIER_F,2025-07-09 21:00,BUGANG,20FT,0,0,0,0,3,2,0,0
CARRIER_F,2025-07-09 22:00,BUGANG,20FT,0,0,0,0,3,2,0,0
CARRIER_F,2025-07-09 23:00,BUGANG,20FT,0,0,0,0,3,2,0,0
CARRIER_F,2025-07-10 00:00,BUGANG,20FT,0,0,0,0,3,2,0,0
CARRIER_F,2025-07-10 01:00,BUGANG,20FT,0,0,0,0,3,2,0,0
CARRIER_F,2025-07-10 02:00,BUGANG,20FT,0,0,0,0,3,2,0,0
CARRIER_F,2025-07-10 03:00,BUGANG,20FT,0,0,0,0,3,2,0,0
CARRIER_F,2025-07-10 04:00,BUGANG,20FT,0,0,0,0,3,2,0,0
CARRIER_F,2025-07-10 05:00,BUGANG,20FT,0,0,0,0,3,2,0,0
CARRIER_F,2025-07-10 06:00,BUGANG,20FT,0,0,0,0,3,2,0,0
CARRIER_F,2025-07-10 07:00,BUGANG,20FT,0,0,0,0,3,2,0,0
CARRIER_F,2025-07-10 08:00,BUGANG,20FT,0,0,0,0,3,2,0,0
CARRIER_F,2025-07-10 09:00,BUGANG,20FT,0,0,0,0,3,2,0,0
CARRIER_F,2025-07-10 10:00,BUGANG,20FT,0,0,0,0,3,2,0,0
CARRIER_F,2025-07-10 11:00,BUGANG,20FT,0,0,0,0,3,2,0,0
CARRIER_F,2025-07-10 12:00,BUGANG,20FT,0,2,0,0,5,4,0,0
CARRIER_F,2025-07-10 13:00,BUGANG,20FT,0,0,0,0,5,4,0,0
CARRIER_F,2025-07-10 14:00,BUGANG,20FT,0,0,0,0,5,4,0,0
CARRIER_F,2025-07-10 15:00,BUGANG,20FT,0,0,0,0,5,4,0,0
CARRIER_F,2025-07-10 16:00,BUGANG,20FT,0,0,0,0,5,4,0,0
CARRIER_F,2025-07-10 17:00,BUGANG,20FT,0,0,0,0,5,4,0,0
CARRIER_F,2025-07-10 18:00,BUGANG,20FT,0,0,0,0,5,4,0,0
CARRIER_F,2025-07-10 19:00,BUGANG,20FT,0,0,0,0,5,4,0,0
CARRIER_F,2025-07-10 20:00,BUGANG,20FT,0,0,0,0,5,4,0,0
CARRIER_F,2025-07-10 21:00,BUGANG,20FT,0,0,0,0,5,4,0,0
CARRIER_F,2025-07-10 22:00,BUGANG,20FT,0,0,0,0,5,4,0,0
CARRIER_F,2025-07-10 23:00,BUGANG,20FT,0,0,0,0,5,4,0,0
CARRIER_F,2025-07-11 00:00,BUGANG,20FT,0,0,0,0,5,4,0,0
CARRIER_F,2025-07-11 01:00,BUGANG,20FT,0,0,0,0,5,4,0,0
CARRIER_F,2025-07-11 02:00,BUGANG,20FT,0,0,0,0,5,4,0,0
CARRIER_F,2025-07-11 03:00,BUGANG,20FT,0,0,0,0,5,4,0,0
CARRIER_F,2025-07-11 04:00,BUGANG,20FT,0,0,0,0,5,4,0,0
CARRIER_F,2025-07-11 05:00,BUGANG,20FT,0,0,0,0,5,4,0,0
CARRIER_F,2025-07-11 06:00,BUGANG,20FT,0,0,0,0,5,4,0,0
CARRIER_F,2025-07-11 07:00,BUGANG,20FT,0,0,0,0,5,4,0,0
CARRIER_F,2025-07-11 08:00,BUGANG,20FT,0,0,0,0,5,4,0,0
CARRIER_F,2025-07-11 09:00,BUGANG,20FT,0,1,0,0,6,5,0,0
CARRIER_F,2025-07-11 10:00,BUGANG,20FT,0,0,0,0,6,5,0,0
CARRIER_F,2025-07-11 11:00,BUGANG,20FT,0,0,0,0,6,5,0,0
CARRIER_F,2025-07-11 12:00,BUGANG,20FT,0,0,0,0,6,5,0,0
CARRIER_F,2025-07-11 13:00,BUGANG,20FT,0,0,0,0,6,5,0,0
CARRIER_F,2025-07-11 14:00,BUGANG,20FT,0,0,0,0,6,5,0,0
CARRIER_F,2025-07-11 15:00,BUGANG,20FT,0,0,0,0,6,5,0,0
CARRIER_F,2025-07-11 16:00,BUGANG,20FT,0,0,0,0,6,5,0,0
CARRIER_F,2025-07-11 17:00,BUGANG,20FT,0,0,0,0,6,5,0,0
CARRIER_F,2025-07-11 18:00,BUGANG,20FT,0,0,0,0,6,5,0,0
CARRIER_F,2025-07-11 19:00,BUGANG,20FT,0,0,0,0,6,5,0,0
CARRIER_F,2025-07-11 20:00,BUGANG,20FT,0,0,0,5,6,0,0,0
CARRIER_F,2025-07-11 21:00,BUGANG,20FT,0,0,0,0,6,0,0,0
CARRIER_F,2025-07-11 22:00,BUGANG,20FT,0,0,0,0,6,0,0,0
CARRIER_F,2025-07-11 23:00,BUGANG,20FT,0,0,0,0,6,0,0,0
CARRIER_F,2025-07-12 00:00,BUGANG,20FT,0,0,0,0,6,0,0,0
CARRIER_F,2025-07-12 01:00,BUGANG,20FT,0,0,0,0,6,0,0,0
CARRIER_F,2025-07-12 02:00,BUGANG,20FT,0,0,0,0,6,0,0,0
CARRIER_F,2025-07-12 03:00,BUGANG,20FT,0,0,0,0,6,0,0,0
CARRIER_F,2025-07-12 04:00,BUGANG,20FT,0,0,0,0,6,0,0,0
CARRIER_F,2025-07-12 05:00,BUGANG,20FT,0,0,0,0,6,0,0,0
CARRIER_F,2025-07-12 06:00,BUGANG,20FT,0,1,0,0,7,1,0,0
CARRIER_F,2025-07-12 07:00,BUGANG,20FT,0,0,0,0,7,1,0,0
CARRIER_F,2025-07-12 08:00,BUGANG,20FT,0,0,0,0,7,1,0,0
CARRIER_F,2025-07-12 09:00,BUGANG,20FT,0,0,0,0,7,1,0,0
CARRIER_F,2025-07-12 10:00,BUGANG,20FT,0,0,0,0,7,1,0,0
CARRIER_F,2025-07-12 11:00,BUGANG,20FT,0,0,0,0,7,1,0,0
CARRIER_F,2025-07-12 12:00,BUGANG,20FT,0,0,0,0,7,1,0,0
CARRIER_F,2025-07-12 13:00,BUGANG,20FT,0,0,0,0,7,1,0,0
CARRIER_F,2025-07-12 14:00,BUGANG,20FT,0,1,0,0,8,2,0,0
CARRIER_F,2025-07-12 15:00,BUGANG,20FT,0,0,0,0,8,2,0,0
CARRIER_F,2025-07-12 16:00,BUGANG,20FT,0,0,0,0,8,2,0,0
CARRIER_F,2025-07-12 17:00,BUGANG,20FT,0,2,0,0,10,4,0,0
CARRIER_F,2025-07-12 18:00,BUGANG,20FT,0,0,0,0,10,4,0,0
CARRIER_F,2025-07-12 19:00,BUGANG,20FT,0,0,0,0,10,4,0,0
CARRIER_F,2025-07-12 20:00,BUGANG,20FT,0,0,0,0,10,4,0,0
CARRIER_F,2025-07-12 21:00,BUGANG,20FT,0,0,0,0,10,4,0,0
CARRIER_F,2025-07-12 22:00,BUGANG,20FT,0,0,0,0,10,4,0,0
CARRIER_F,2025-07-12 23:00,BUGANG,20FT,0,0,0,0,10,4,0,0
CARRIER_F,2025-07-13 00:00,BUGANG,20FT,0,0,0,0,10,4,0,0
CARRIER_F,2025-07-13 01:00,BUGANG,20FT,0,0,0,0,10,4,0,0
CARRIER_F,2025-07-13 02:00,BUGANG,20FT,0,0,0,0,10,4,0,0
CARRIER_F,2025-07-13 03:00,BUGANG,20FT,0,0,0,0,10,4,0,0
CARRIER_F,2025-07-13 04:00,BUGANG,20FT,0,0,0,0,10,4,0,0
CARRIER_F,2025-07-13 05:00,BUGANG,20FT,0,0,0,0,10,4,0,0
CARRIER_F,2025-07-13 06:00,BUGANG,20FT,0,0,0,0,10,4,0,0
CARRIER_F,2025-07-13 07:00,BUGANG,20FT,0,0,0,0,10,4,0,0
CARRIER_F,2025-07-13 08:00,BUGANG,20FT,0,0,0,0,10,4,0,0
CARRIER_F,2025-07-13 09:00,BUGANG,20FT,0,0,0,0,10,4,0,0
CARRIER_F,2025-07-13 10:00,BUGANG,20FT,0,1,0,0,11,5,0,0
CARRIER_F,2025-07-13 11:00,BUGANG,20FT,0,0,0,0,11,5,0,0
CARRIER_F,2025-07-13 12:00,BUGANG,20FT,0,0,0,0,11,5,0,0
CARRIER_F,2025-07-13 13:00,BUGANG,20FT,0,0,0,0,11,5,0,0
CARRIER_F,2025-07-13 14:00,BUGANG,20FT,0,0,0,0,11,5,0,0
CARRIER_F,2025-07-13 15:00,BUGANG,20FT,0,0,0,0,11,5,0,0
CARRIER_F,2025-07-13 16:00,BUGANG,20FT,0,1,0,0,12,6,0,0
CARRIER_F,2025-07-13 17:00,BUGANG,20FT,0,0,0,0,12,6,0,0
CARRIER_F,2025-07-13 18:00,BUGANG,20FT,0,0,0,0,12,6,0,0
CARRIER_F,2025-07-13 19:00,BUGANG,20FT,0,0,0,0,12,6,0,0
CARRIER_F,2025-07-13 20:00,BUGANG,20FT,0,0,0,0,12,6,0,0
CARRIER_F,2025-07-13 21:00,BUGANG,20FT,0,0,0,0,12,6,0,0
CARRIER_F,2025-07-13 22:00,BUGANG,20FT,0,0,0,0,12,6,0,0
CARRIER_F,2025-07-13 23:00,BUGANG,20FT,0,0,0,0,12,6,0,0
CARRIER_F,2025-07-14 00:00,BUGANG,20FT,0,0,0,0,12,6,0,0
CARRIER_F,2025-07-14 01:00,BUGANG,20FT,0,0,0,0,12,6,0,0
CARRIER_F,2025-07-14 02:00,BUGANG,20FT,0,0,0,0,12,6,0,0
CARRIER_F,2025-07-14 03:00,BUGANG,20FT,0,0,0,0,12,6,0,0
CARRIER_F,2025-07-14 04:00,BUGANG,20FT,0,0,0,0,12,6,0,0
CARRIER_F,2025-07-14 05:00,BUGANG,20FT,0,0,0,0,12,6,0,0
CARRIER_F,2025-07-14 06:00,BUGANG,20FT,0,0,0,0,12,6,0,0
CARRIER_F,2025-07-14 07:00,BUGANG,20FT,0,0,0,0,12,6,0,0
CARRIER_F,2025-07-14 08:00,BUGANG,20FT,0,0,0,0,12,6,0,0
CARRIER_F,2025-07-14 09:00,BUGANG,20FT,0,0,0,0,12,6,0,0
CARRIER_F,2025-07-14 10:00,BUGANG,20FT,0,0,0,0,12,6,0,0
CARRIER_F,2025-07-14 11:00,BUGANG,20FT,0,0,0,0,12,6,0,0
CARRIER_F,2025-07-14 12:00,BUGANG,20FT,0,0,0,0,12,6,0,0
CARRIER_F,2025-07-14 13:00,BUGANG,20FT,0,0,0,0,12,6,0,0
CARRIER_F,2025-07-14 14:00,BUGANG,20FT,0,1,0,0,13,7,0,0
CARRIER_F,2025-07-14 15:00,BUGANG,20FT,0,0,0,0,13,7,0,0
CARRIER_F,2025-07-14 16:00,BUGANG,20FT,0,0,0,0,13,7,0,0
CARRIER_F,2025-07-14 17:00,BUGANG,20FT,0,2,0,0,15,9,0,0
CARRIER_F,2025-07-14 18:00,BUGANG,20FT,0,0,0,0,15,9,0,0
CARRIER_F,2025-07-14 19:00,BUGANG,20FT,0,0,0,0,15,9,0,0
CARRIER_F,2025-07-14 20:00,BUGANG,20FT,0,0,0,0,15,9,0,0
CARRIER_F,2025-07-14 21:00,BUGANG,20FT,0,0,0,0,15,9,0,0
CARRIER_F,2025-07-14 22:00,BUGANG,20FT,0,1,0,0,16,10,0,0
CARRIER_F,2025-07-14 23:00,BUGANG,20FT,0,0,0,0,16,10,0,0
CARRIER_F,2025-07-08 00:00,BUGANG,40FT,0,0,0,0,1,1,0,0
CARRIER_F,2025-07-08 01:00,BUGANG,40FT,0,0,0,0,1,1,0,0
CARRIER_F,2025-07-08 02:00,BUGANG,40FT,0,0,0,0,1,1,0,0
CARRIER_F,2025-07-08 03:00,BUGANG,40FT,0,0,0,0,1,1,0,0
CARRIER_F,2025-07-08 04:00,BUGANG,40FT,0,0,0,0,1,1,0,0
CARRIER_F,2025-07-08 05:00,BUGANG,40FT,0,0,0,0,1,1,0,0
CARRIER_F,2025-07-08 06:00,BUGANG,40FT,0,0,0,0,1,1,0,0
CARRIER_F,2025-07-08 07:00,BUGANG,40FT,0,1,0,0,2,2,0,0
CARRIER_F,2025-07-08 08:00,BUGANG,40FT,0,0,0,0,2,2,0,0
CARRIER_F,2025-07-08 09:00,BUGANG,40FT,0,0,0,0,2,2,0,0
CARRIER_F,2025-07-08 10:00,BUGANG,40FT,0,1,0,0,3,3,0,0
CARRIER_F,2025-07-08 11:00,BUGANG,40FT,0,0,0,0,3,3,0,0
CARRIER_F,2025-07-08 12:00,BUGANG,40FT,0,1,0,0,4,4,0,0
CARRIER_F,2025-07-08 13:00,BUGANG,40FT,0,0,0,0,4,4,0,0
CARRIER_F,2025-07-08 14:00,BUGANG,40FT,0,0,0,0,4,4,0,0
CARRIER_F,2025-07-08 15:00,BUGANG,40FT,0,0,0,0,4,4,0,0
CARRIER_F,2025-07-08 16:00,BUGANG,40FT,0,0,0,0,4,4,0,0
CARRIER_F,2025-07-08 17:00,BUGANG,40FT,0,0,0,0,4,4,0,0
CARRIER_F,2025-07-08 18:00,BUGANG,40FT,0,0,0,0,4,4,0,0
CARRIER_F,2025-07-08 19:00,BUGANG,40FT,0,0,0,0,4,4,0,0
CARRIER_F,2025-07-08 20:00,BUGANG,40FT,0,0,0,1,4,3,0,0
CARRIER_F,2025-07-08 21:00,BUGANG,40FT,0,0,0,0,4,3,0,0
CARRIER_F,2025-07-08 22:00,BUGANG,40FT,0,0,0,0,4,3,0,0
CARRIER_F,2025-07-08 23:00,BUGANG,40FT,0,0,0,0,4,3,0,0
CARRIER_F,2025-07-09 00:00,BUGANG,40FT,0,0,0,0,4,3,0,0
CARRIER_F,2025-07-09 01:00,BUGANG,40FT,0,0,0,0,4,3,0,0
CARRIER_F,2025-07-09 02:00,BUGANG,40FT,0,0,0,0,4,3,0,0
CARRIER_F,2025-07-09 03:00,BUGANG,40FT,0,0,0,0,4,3,0,0
CARRIER_F,2025-07-09 04:00,BUGANG,40FT,0,0,0,0,4,3,0,0
CARRIER_F,2025-07-09 05:00,BUGANG,40FT,0,0,0,0,4,3,0,0
CARRIER_F,2025-07-09 06:00,BUGANG,40FT,0,0,0,0,4,3,0,0
CARRIER_F,2025-07-09 07:00,BUGANG,40FT,0,0,0,0,4,3,0,0
CARRIER_F,2025-07-09 08:00,BUGANG,40FT,1,0,0,0,3,2,0,0
CARRIER_F,2025-07-09 09:00,BUGANG,40FT,0,0,0,0,3,2,0,0
CARRIER_F,2025-07-09 10:00,BUGANG,40FT,0,0,0,0,3,2,0,0
CARRIER_F,2025-07-09 11:00,BUGANG,40FT,0,0,0,0,3,2,0,0
CARRIER_F,2025-07-09 12:00,BUGANG,40FT,0,0,0,0,3,2,0,0
CARRIER_F,2025-07-09 13:00,BUGANG,40FT,0,0,0,0,3,2,0,0
CARRIER_F,2025-07-09 14:00,BUGANG,40FT,0,0,0,0,3,2,0,0
CARRIER_F,2025-07-09 15:00,BUGANG,40FT,0,0,0,0,3,2,0,0
CARRIER_F,2025-07-09 16:00,BUGANG,40FT,0,0,0,0,3,2,0,0
CARRIER_F,2025-07-09 17:00,BUGANG,40FT,0,0,0,0,3,2,0,0
CARRIER_F,2025-07-09 18:00,BUGANG,40FT,0,0,0,0,3,2,0,0
CARRIER_F,2025-07-09 19:00,BUGANG,40FT,0,0,0,0,3,2,0,0
CARRIER_F,2025-07-09 20:00,BUGANG,40FT,0,0,0,0,3,2,0,0
CARRIER_F,2025-07-09 21:00,BUGANG,40FT,0,0,0,0,3,2,0,0
CARRIER_F,2025-07-09 22:00,BUGANG,40FT,0,0,0,0,3,2,0,0
CARRIER_F,2025-07-09 23:00,BUGANG,40FT,0,0,0,0,3,2,0,0
CARRIER_F,2025-07-10 00:00,BUGANG,40FT,0,0,0,0,3,2,0,0
CARRIER_F,2025-07-10 01:00,BUGANG,40FT,0,0,0,0,3,2,0,0
CARRIER_F,2025-07-10 02:00,BUGANG,40FT,0,0,0,0,3,2,0,0
CARRIER_F,2025-07-10 03:00,BUGANG,40FT,0,0,0,0,3,2,0,0
CARRIER_F,2025-07-10 04:00,BUGANG,40FT,0,0,0,0,3,2,0,0
CARRIER_F,2025-07-10 05:00,BUGANG,40FT,0,0,0,0,3,2,0,0
CARRIER_F,2025-07-10 06:00,BUGANG,40FT,0,0,0,0,3,2,0,0
CARRIER_F,2025-07-10 07:00,BUGANG,40FT,0,0,0,0,3,2,0,0
CARRIER_F,2025-07-10 08:00,BUGANG,40FT,0,0,0,0,3,2,0,0
CARRIER_F,2025-07-10 09:00,BUGANG,40FT,0,0,0,0,3,2,0,0
CARRIER_F,2025-07-10 10:00,BUGANG,40FT,0,0,0,0,3,2,0,0
CARRIER_F,2025-07-10 11:00,BUGANG,40FT,0,0,0,0,3,2,0,0
CARRIER_F,2025-07-10 12:00,BUGANG,40FT,0,0,0,0,3,2,0,0
CARRIER_F,2025-07-10 13:00,BUGANG,40FT,0,0,0,0,3,2,0,0
CARRIER_F,2025-07-10 14:00,BUGANG,40FT,0,0,0,0,3,2,0,0
CARRIER_F,2025-07-10 15:00,BUGANG,40FT,0,0,0,0,3,2,0,0
CARRIER_F,2025-07-10 16:00,BUGANG,40FT,0,0,0,0,3,2,0,0
CARRIER_F,2025-07-10 17:00,BUGANG,40FT,0,0,0,0,3,2,0,0
CARRIER_F,2025-07-10 18:00,BUGANG,40FT,0,0,0,0,3,2,0,0
CARRIER_F,2025-07-10 19:00,BUGANG,40FT,0,0,0,0,3,2,0,0
CARRIER_F,2025-07-10 20:00,BUGANG,40FT,0,0,0,0,3,2,0,0
CARRIER_F,2025-07-10 21:00,BUGANG,40FT,0,0,0,0,3,2,0,0
CARRIER_F,2025-07-10 22:00,BUGANG,40FT,0,0,0,0,3,2,0,0
CARRIER_F,2025-07-10 23:00,BUGANG,40FT,0,0,0,0,3,2,0,0
CARRIER_F,2025-07-11 00:00,BUGANG,40FT,0,0,0,0,3,2,0,0
CARRIER_F,2025-07-11 01:00,BUGANG,40FT,0,0,0,0,3,2,0,0
CARRIER_F,2025-07-11 02:00,BUGANG,40FT,0,0,0,0,3,2,0,0
CARRIER_F,2025-07-11 03:00,BUGANG,40FT,0,0,0,0,3,2,0,0
CARRIER_F,2025-07-11 04:00,BUGANG,40FT,0,0,0,0,3,2,0,0
CARRIER_F,2025-07-11 05:00,BUGANG,40FT,0,0,0,0,3,2,0,0
CARRIER_F,2025-07-11 06:00,BUGANG,40FT,0,0,0,0,3,2,0,0
CARRIER_F,2025-07-11 07:00,BUGANG,40FT,1,0,0,0,2,1,0,0
CARRIER_F,2025-07-11 08:00,BUGANG,40FT,0,0,0,0,2,1,0,0
CARRIER_F,2025-07-11 09:00,BUGANG,40FT,0,0,0,0,2,1,0,0
CARRIER_F,2025-07-11 10:00,BUGANG,40FT,0,0,0,0,2,1,0,0
CARRIER_F,2025-07-11 11:00,BUGANG,40FT,0,0,0,0,2,1,0,0
CARRIER_F,2025-07-11 12:00,BUGANG,40FT,0,0,0,0,2,1,0,0
CARRIER_F,2025-07-11 13:00,BUGANG,40FT,0,0,0,0,2,1,0,0
CARRIER_F,2025-07-11 14:00,BUGANG,40FT,0,0,0,0,2,1,0,0
CARRIER_F,2025-07-11 15:00,BUGANG,40FT,0,0,0,0,2,1,0,0
CARRIER_F,2025-07-11 16:00,BUGANG,40FT,0,0,0,0,2,1,0,0
CARRIER_F,2025-07-11 17:00,BUGANG,40FT,0,0,0,0,2,1,0,0
CARRIER_F,2025-07-11 18:00,BUGANG,40FT,0,0,0,0,2,1,0,0
CARRIER_F,2025-07-11 19:00,BUGANG,40FT,0,0,0,0,2,1,0,0
CARRIER_F,2025-07-11 20:00,BUGANG,40FT,0,0,0,0,2,1,0,0
CARRIER_F,2025-07-11 21:00,BUGANG,40FT,0,0,0,0,2,1,0,0
CARRIER_F,2025-07-11 22:00,BUGANG,40FT,0,0,0,0,2,1,0,0
CARRIER_F,2025-07-11 23:00,BUGANG,40FT,0,0,0,0,2,1,0,0
CARRIER_F,2025-07-12 00:00,BUGANG,40FT,0,0,0,0,2,1,0,0
CARRIER_F,2025-07-12 01:00,BUGANG,40FT,0,0,0,0,2,1,0,0
CARRIER_F,2025-07-12 02:00,BUGANG,40FT,0,0,0,0,2,1,0,0
CARRIER_F,2025-07-12 03:00,BUGANG,40FT,0,0,0,0,2,1,0,0
CARRIER_F,2025-07-12 04:00,BUGANG,40FT,0,0,0,0,2,1,0,0
CARRIER_F,2025-07-12 05:00,BUGANG,40FT,0,0,0,0,2,1,0,0
CARRIER_F,2025-07-12 06:00,BUGANG,40FT,0,0,0,0,2,1,0,0
CARRIER_F,2025-07-12 07:00,BUGANG,40FT,0,0,0,0,2,1,0,0
CARRIER_F,2025-07-12 08:00,BUGANG,40FT,0,0,0,0,2,1,0,0
CARRIER_F,2025-07-12 09:00,BUGANG,40FT,0,0,0,0,2,1,0,0
CARRIER_F,2025-07-12 10:00,BUGANG,40FT,0,1,0,0,3,2,0,0
CARRIER_F,2025-07-12 11:00,BUGANG,40FT,0,0,0,0,3,2,0,0
CARRIER_F,2025-07-12 12:00,BUGANG,40FT,0,0,0,0,3,2,0,0
CARRIER_F,2025-07-12 13:00,BUGANG,40FT,0,0,0,0,3,2,0,0
CARRIER_F,2025-07-12 14:00,BUGANG,40FT,0,0,0,0,3,2,0,0
CARRIER_F,2025-07-12 15:00,BUGANG,40FT,0,1,0,0,4,3,0,0
CARRIER_F,2025-07-12 16:00,BUGANG,40FT,0,0,0,0,4,3,0,0
CARRIER_F,2025-07-12 17:00,BUGANG,40FT,0,0,0,0,4,3,0,0
CARRIER_F,2025-07-12 18:00,BUGANG,40FT,0,0,0,0,4,3,0,0
CARRIER_F,2025-07-12 19:00,BUGANG,40FT,0,0,0,0,4,3,0,0
CARRIER_F,2025-07-12 20:00,BUGANG,40FT,0,0,0,0,4,3,0,0
CARRIER_F,2025-07-12 21:00,BUGANG,40FT,0,0,0,0,4,3,0,0
CARRIER_F,2025-07-12 22:00,BUGANG,40FT,0,0,0,0,4,3,0,0
CARRIER_F,2025-07-12 23:00,BUGANG,40FT,0,0,0,0,4,3,0,0
CARRIER_F,2025-07-13 00:00,BUGANG,40FT,0,0,0,0,4,3,0,0
CARRIER_F,2025-07-13 01:00,BUGANG,40FT,0,0,0,0,4,3,0,0
CARRIER_F,2025-07-13 02:00,BUGANG,40FT,0,0,0,0,4,3,0,0
CARRIER_F,2025-07-13 03:00,BUGANG,40FT,0,0,0,0,4,3,0,0
CARRIER_F,2025-07-13 04:00,BUGANG,40FT,0,0,0,0,4,3,0,0
CARRIER_F,2025-07-13 05:00,BUGANG,40FT,0,0,0,0,4,3,0,0
CARRIER_F,2025-07-13 06:00,BUGANG,40FT,0,0,0,0,4,3,0,0
CARRIER_F,2025-07-13 07:00,BUGANG,40FT,0,0,0,0,4,3,0,0
CARRIER_F,2025-07-13 08:00,BUGANG,40FT,0,0,0,0,4,3,0,0
CARRIER_F,2025-07-13 09:00,BUGANG,40FT,0,0,0,0,4,3,0,0
CARRIER_F,2025-07-13 10:00,BUGANG,40FT,0,0,0,0,4,3,0,0
CARRIER_F,2025-07-13 11:00,BUGANG,40FT,0,1,0,0,5,4,0,0
CARRIER_F,2025-07-13 12:00,BUGANG,40FT,0,0,0,0,5,4,0,0
CARRIER_F,2025-07-13 13:00,BUGANG,40FT,0,0,0,0,5,4,0,0
CARRIER_F,2025-07-13 14:00,BUGANG,40FT,0,0,0,0,5,4,0,0
CARRIER_F,2025-07-13 15:00,BUGANG,40FT,0,0,0,0,5,4,0,0
CARRIER_F,2025-07-13 16:00,BUGANG,40FT,0,0,0,0,5,4,0,0
CARRIER_F,2025-07-13 17:00,BUGANG,40FT,0,0,0,0,5,4,0,0
CARRIER_F,2025-07-13 18:00,BUGANG,40FT,0,0,0,0,5,4,0,0
CARRIER_F,2025-07-13 19:00,BUGANG,40FT,0,0,0,0,5,4,0,0
CARRIER_F,2025-07-13 20:00,BUGANG,40FT,0,0,0,0,5,4,0,0
CARRIER_F,2025-07-13 21:00,BUGANG,40FT,0,0,0,0,5,4,0,0
CARRIER_F,2025-07-13 22:00,BUGANG,40FT,0,0,0,0,5,4,0,0
CARRIER_F,2025-07-13 23:00,BUGANG,40FT,0,0,0,0,5,4,0,0
CARRIER_F,2025-07-14 00:00,BUGANG,40FT,0,0,0,0,5,4,0,0
CARRIER_F,2025-07-14 01:00,BUGANG,40FT,0,0,0,0,5,4,0,0
CARRIER_F,2025-07-14 02:00,BUGANG,40FT,0,0,0,0,5,4,0,0
CARRIER_F,2025-07-14 03:00,BUGANG,40FT,0,0,0,0,5,4,0,0
CARRIER_F,2025-07-14 04:00,BUGANG,40FT,0,0,0,0,5,4,0,0
CARRIER_F,2025-07-14 05:00,BUGANG,40FT,0,0,0,0,5,4,0,0
CARRIER_F,2025-07-14 06:00,BUGANG,40FT,0,0,0,0,5,4,0,0
CARRIER_F,2025-07-14 07:00,BUGANG,40FT,0,0,0,0,5,4,0,0
CARRIER_F,2025-07-14 08:00,BUGANG,40FT,0,0,0,0,5,4,0,0
CARRIER_F,2025-07-14 09:00,BUGANG,40FT,0,0,0,0,5,4,0,0
CARRIER_F,2025-07-14 10:00,BUGANG,40FT,0,1,0,0,6,5,0,0
CARRIER_F,2025-07-14 11:00,BUGANG,40FT,0,0,0,0,6,5,0,0
CARRIER_F,2025-07-14 12:00,BUGANG,40FT,0,0,0,0,6,5,0,0
CARRIER_F,2025-07-14 13:00,BUGANG,40FT,0,0,0,0,6,5,0,0
CARRIER_F,2025-07-14 14:00,BUGANG,40FT,0,0,0,0,6,5,0,0
CARRIER_F,2025-07-14 15:00,BUGANG,40FT,0,0,0,0,6,5,0,0
CARRIER_F,2025-07-14 16:00,BUGANG,40FT,0,0,0,0,6,5,0,0
CARRIER_F,2025-07-14 17:00,BUGANG,40FT,0,0,0,0,6,5,0,0
CARRIER_F,2025-07-14 18:00,BUGANG,40FT,0,0,0,0,6,5,0,0
CARRIER_F,2025-07-14 19:00,BUGANG,40FT,0,0,0,0,6,5,0,0
CARRIER_F,2025-07-14 20:00,BUGANG,40FT,0,0,0,0,6,5,0,0
CARRIER_F,2025-07-14 21:00,BUGANG,40FT,0,0,0,0,6,5,0,0
CARRIER_F,2025-07-14 22:00,BUGANG,40FT,0,0,0,0,6,5,0,0
CARRIER_F,2025-07-14 23:00,BUGANG,40FT,0,0,0,0,6,5,0,0
CARRIER_F,2025-07-08 00:00,BUSAN,20FT,0,0,0,0,7,7,0,0
CARRIER_F,2025-07-08 01:00,BUSAN,20FT,0,0,0,0,7,7,0,0
CARRIER_F,2025-07-08 02:00,BUSAN,20FT,0,0,0,0,7,7,0,0
CARRIER_F,2025-07-08 03:00,BUSAN,20FT,0,0,0,0,7,7,0,0
CARRIER_F,2025-07-08 04:00,BUSAN,20FT,0,0,0,0,7,7,0,0
CARRIER_F,2025-07-08 05:00,BUSAN,20FT,0,0,0,0,7,7,0,0
CARRIER_F,2025-07-08 06:00,BUSAN,20FT,0,0,0,0,7,7,0,0
CARRIER_F,2025-07-08 07:00,BUSAN,20FT,0,0,0,0,7,7,0,0
CARRIER_F,2025-07-08 08:00,BUSAN,20FT,0,0,0,0,7,7,0,0
CARRIER_F,2025-07-08 09:00,BUSAN,20FT,0,0,0,0,7,7,0,0
CARRIER_F,2025-07-08 10:00,BUSAN,20FT,0,0,0,0,7,7,0,0
CARRIER_F,2025-07-08 11:00,BUSAN,20FT,0,0,0,0,7,7,0,0
CARRIER_F,2025-07-08 12:00,BUSAN,20FT,0,0,0,0,7,7,0,0
CARRIER_F,2025-07-08 13:00,BUSAN,20FT,0,0,0,0,7,7,0,0
CARRIER_F,2025-07-08 14:00,BUSAN,20FT,0,0,0,0,7,7,0,0
CARRIER_F,2025-07-08 15:00,BUSAN,20FT,0,0,0,0,7,7,0,0
CARRIER_F,2025-07-08 16:00,BUSAN,20FT,0,0,0,0,7,7,0,0
CARRIER_F,2025-07-08 17:00,BUSAN,20FT,1,0,0,0,6,6,0,0
CARRIER_F,2025-07-08 18:00,BUSAN,20FT,0,0,0,0,6,6,0,0
CARRIER_F,2025-07-08 19:00,BUSAN,20FT,0,0,0,0,6,6,0,0
CARRIER_F,2025-07-08 20:00,BUSAN,20FT,0,0,0,0,6,6,0,0
CARRIER_F,2025-07-08 21:00,BUSAN,20FT,0,0,0,0,6,6,0,0
CARRIER_F,2025-07-08 22:00,BUSAN,20FT,0,0,0,0,6,6,0,0
CARRIER_F,2025-07-08 23:00,BUSAN,20FT,0,0,0,0,6,6,0,0
CARRIER_F,2025-07-09 00:00,BUSAN,20FT,0,0,0,0,6,6,0,0
CARRIER_F,2025-07-09 01:00,BUSAN,20FT,0,0,0,0,6,6,0,0
CARRIER_F,2025-07-09 02:00,BUSAN,20FT,0,0,0,0,6,6,0,0
CARRIER_F,2025-07-09 03:00,BUSAN,20FT,0,0,0,0,6,6,0,0
CARRIER_F,2025-07-09 04:00,BUSAN,20FT,0,0,0,0,6,6,0,0
CARRIER_F,2025-07-09 05:00,BUSAN,20FT,1,0,0,0,5,5,0,0
CARRIER_F,2025-07-09 06:00,BUSAN,20FT,0,0,0,0,5,5,0,0
CARRIER_F,2025-07-09 07:00,BUSAN,20FT,0,0,0,0,5,5,0,0
CARRIER_F,2025-07-09 08:00,BUSAN,20FT,0,0,0,0,5,5,0,0
CARRIER_F,2025-07-09 09:00,BUSAN,20FT,1,0,1,0,4,5,0,0
CARRIER_F,2025-07-09 10:00,BUSAN,20FT,0,0,0,0,4,5,0,0
CARRIER_F,2025-07-09 11:00,BUSAN,20FT,0,1,0,0,5,6,0,0
CARRIER_F,2025-07-09 12:00,BUSAN,20FT,0,0,0,0,5,6,0,0
CARRIER_F,2025-07-09 13:00,BUSAN,20FT,0,0,0,0,5,6,0,0
CARRIER_F,2025-07-09 14:00,BUSAN,20FT,0,0,0,0,5,6,0,0
CARRIER_F,2025-07-09 15:00,BUSAN,20FT,1,0,0,0,4,5,0,0
CARRIER_F,2025-07-09 16:00,BUSAN,20FT,0,0,0,0,4,5,0,0
CARRIER_F,2025-07-09 17:00,BUSAN,20FT,0,0,0,0,4,5,0,0
CARRIER_F,2025-07-09 18:00,BUSAN,20FT,0,0,0,0,4,5,0,0
CARRIER_F,2025-07-09 19:00,BUSAN,20FT,0,0,0,0,4,5,0,0
CARRIER_F,2025-07-09 20:00,BUSAN,20FT,0,0,0,0,4,5,0,0
CARRIER_F,2025-07-09 21:00,BUSAN,20FT,0,0,0,0,4,5,0,0
CARRIER_F,2025-07-09 22:00,BUSAN,20FT,0,0,0,0,4,5,0,0
CARRIER_F,2025-07-09 23:00,BUSAN,20FT,0,0,0,0,4,5,0,0
CARRIER_F,2025-07-10 00:00,BUSAN,20FT,0,0,0,0,4,5,0,0
CARRIER_F,2025-07-10 01:00,BUSAN,20FT,0,0,0,0,4,5,0,0
CARRIER_F,2025-07-10 02:00,BUSAN,20FT,0,0,0,0,4,5,0,0
CARRIER_F,2025-07-10 03:00,BUSAN,20FT,0,0,0,0,4,5,0,0
CARRIER_F,2025-07-10 04:00,BUSAN,20FT,0,0,0,0,4,5,0,0
CARRIER_F,2025-07-10 05:00,BUSAN,20FT,0,0,0,0,4,5,0,0
CARRIER_F,2025-07-10 06:00,BUSAN,20FT,0,1,0,0,5,6,0,0
CARRIER_F,2025-07-10 07:00,BUSAN,20FT,0,0,0,0,5,6,0,0
CARRIER_F,2025-07-10 08:00,BUSAN,20FT,1,0,0,0,4,5,0,0
CARRIER_F,2025-07-10 09:00,BUSAN,20FT,0,0,0,0,4,5,0,0
CARRIER_F,2025-07-10 10:00,BUSAN,20FT,0,0,0,0,4,5,0,0
CARRIER_F,2025-07-10 11:00,BUSAN,20FT,0,0,0,0,4,5,0,0
CARRIER_F,2025-07-10 12:00,BUSAN,20FT,0,0,0,0,4,5,0,0
CARRIER_F,2025-07-10 13:00,BUSAN,20FT,0,0,0,0,4,5,0,0
CARRIER_F,2025-07-10 14:00,BUSAN,20FT,1,0,0,0,3,4,0,0
CARRIER_F,2025-07-10 15:00,BUSAN,20FT,0,0,0,0,3,4,0,0
CARRIER_F,2025-07-10 16:00,BUSAN,20FT,0,0,0,0,3,4,0,0
CARRIER_F,2025-07-10 17:00,BUSAN,20FT,0,0,0,0,3,4,0,0
CARRIER_F,2025-07-10 18:00,BUSAN,20FT,0,0,0,0,3,4,0,0
CARRIER_F,2025-07-10 19:00,BUSAN,20FT,0,0,0,0,3,4,0,0
CARRIER_F,2025-07-10 20:00,BUSAN,20FT,0,0,0,0,3,4,0,0
CARRIER_F,2025-07-10 21:00,BUSAN,20FT,0,0,0,0,3,4,0,0
CARRIER_F,2025-07-10 22:00,BUSAN,20FT,0,0,0,0,3,4,0,0
CARRIER_F,2025-07-10 23:00,BUSAN,20FT,0,0,0,0,3,4,0,0
CARRIER_F,2025-07-11 00:00,BUSAN,20FT,0,0,0,0,3,4,0,0
CARRIER_F,2025-07-11 01:00,BUSAN,20FT,0,0,0,0,3,4,0,0
CARRIER_F,2025-07-11 02:00,BUSAN,20FT,0,0,0,0,3,4,0,0
CARRIER_F,2025-07-11 03:00,BUSAN,20FT,0,0,0,0,3,4,0,0
CARRIER_F,2025-07-11 04:00,BUSAN,20FT,0,0,0,0,3,4,0,0
CARRIER_F,2025-07-11 05:00,BUSAN,20FT,0,0,0,0,3,4,0,0
CARRIER_F,2025-07-11 06:00,BUSAN,20FT,0,0,0,0,3,4,0,0
CARRIER_F,2025-07-11 07:00,BUSAN,20FT,0,0,0,0,3,4,0,0
CARRIER_F,2025-07-11 08:00,BUSAN,20FT,0,0,0,0,3,4,0,0
CARRIER_F,2025-07-11 09:00,BUSAN,20FT,1,0,0,0,2,3,0,0
CARRIER_F,2025-07-11 10:00,BUSAN,20FT,1,0,0,0,1,2,0,0
CARRIER_F,2025-07-11 11:00,BUSAN,20FT,1,0,0,0,0,1,0,0
CARRIER_F,2025-07-11 12:00,BUSAN,20FT,0,0,0,0,0,1,0,0
CARRIER_F,2025-07-11 13:00,BUSAN,20FT,0,0,0,0,0,1,0,0
CARRIER_F,2025-07-11 14:00,BUSAN,20FT,0,0,0,0,0,1,0,0
CARRIER_F,2025-07-11 15:00,BUSAN,20FT,0,0,0,0,0,1,0,0
CARRIER_F,2025-07-11 16:00,BUSAN,20FT,0,0,0,0,0,1,0,0
CARRIER_F,2025-07-11 17:00,BUSAN,20FT,1,0,0,0,0,0,1,0
CARRIER_F,2025-07-11 18:00,BUSAN,20FT,0,0,0,0,0,0,0,0
CARRIER_F,2025-07-11 19:00,BUSAN,20FT,0,0,0,0,0,0,0,0
CARRIER_F,2025-07-11 20:00,BUSAN,20FT,0,0,0,0,0,0,0,0
CARRIER_F,2025-07-11 21:00,BUSAN,20FT,0,0,0,0,0,0,0,0
CARRIER_F,2025-07-11 22:00,BUSAN,20FT,0,0,0,0,0,0,0,0
CARRIER_F,2025-07-11 23:00,BUSAN,20FT,0,0,0,0,0,0,0,0
CARRIER_F,2025-07-12 00:00,BUSAN,20FT,0,0,0,0,0,0,0,0
CARRIER_F,2025-07-12 01:00,BUSAN,20FT,0,0,0,0,0,0,0,0
CARRIER_F,2025-07-12 02:00,BUSAN,20FT,0,0,0,0,0,0,0,0
CARRIER_F,2025-07-12 03:00,BUSAN,20FT,0,0,0,0,0,0,0,0
CARRIER_F,2025-07-12 04:00,BUSAN,20FT,0,0,0,0,0,0,0,0
CARRIER_F,2025-07-12 05:00,BUSAN,20FT,0,0,0,0,0,0,0,0
CARRIER_F,2025-07-12 06:00,BUSAN,20FT,0,0,0,0,0,0,0,0
CARRIER_F,2025-07-12 07:00,BUSAN,20FT,0,0,0,0,0,0,0,0
CARRIER_F,2025-07-12 08:00,BUSAN,20FT,0,0,0,0,0,0,0,0
CARRIER_F,2025-07-12 09:00,BUSAN,20FT,0,0,3,0,0,3,0,0
CARRIER_F,2025-07-12 10:00,BUSAN,20FT,1,0,0,0,0,2,1,0
CARRIER_F,2025-07-12 11:00,BUSAN,20FT,1,0,0,0,0,1,1,0
CARRIER_F,2025-07-12 12:00,BUSAN,20FT,1,0,0,0,0,0,1,0
CARRIER_F,2025-07-12 13:00,BUSAN,20FT,0,1,0,0,1,1,0,0
CARRIER_F,2025-07-12 14:00,BUSAN,20FT,0,0,0,0,1,1,0,0
CARRIER_F,2025-07-12 15:00,BUSAN,20FT,1,0,0,0,0,0,0,0
CARRIER_F,2025-07-12 16:00,BUSAN,20FT,0,0,0,0,0,0,0,0
CARRIER_F,2025-07-12 17:00,BUSAN,20FT,0,0,0,0,0,0,0,0
CARRIER_F,2025-07-12 18:00,BUSAN,20FT,0,0,0,0,0,0,0,0
CARRIER_F,2025-07-12 19:00,BUSAN,20FT,0,0,0,0,0,0,0,0
CARRIER_F,2025-07-12 20:00,BUSAN,20FT,0,0,0,0,0,0,0,0
CARRIER_F,2025-07-12 21:00,BUSAN,20FT,0,0,0,0,0,0,0,0
CARRIER_F,2025-07-12 22:00,BUSAN,20FT,0,0,0,0,0,0,0,0
CARRIER_F,2025-07-12 23:00,BUSAN,20FT,0,0,0,0,0,0,0,0
CARRIER_F,2025-07-13 00:00,BUSAN,20FT,0,0,0,0,0,0,0,0
CARRIER_F,2025-07-13 01:00,BUSAN,20FT,0,0,0,0,0,0,0,0
CARRIER_F,2025-07-13 02:00,BUSAN,20FT,0,0,0,0,0,0,0,0
CARRIER_F,2025-07-13 03:00,BUSAN,20FT,0,0,0,0,0,0,0,0
CARRIER_F,2025-07-13 04:00,BUSAN,20FT,0,0,0,0,0,0,0,0
CARRIER_F,2025-07-13 05:00,BUSAN,20FT,0,0,0,0,0,0,0,0
CARRIER_F,2025-07-13 06:00,BUSAN,20FT,0,0,0,0,0,0,0,0
CARRIER_F,2025-07-13 07:00,BUSAN,20FT,0,0,0,0,0,0,0,0
CARRIER_F,2025-07-13 08:00,BUSAN,20FT,0,0,0,0,0,0,0,0
CARRIER_F,2025-07-13 09:00,BUSAN,20FT,1,1,0,0,0,0,0,0
CARRIER_F,2025-07-13 10:00,BUSAN,20FT,0,1,0,0,1,1,0,0
CARRIER_F,2025-07-13 11:00,BUSAN,20FT,0,0,0,0,1,1,0,0
CARRIER_F,2025-07-13 12:00,BUSAN,20FT,0,0,0,0,1,1,0,0
CARRIER_F,2025-07-13 13:00,BUSAN,20FT,0,0,0,0,1,1,0,0
CARRIER_F,2025-07-13 14:00,BUSAN,20FT,0,0,0,0,1,1,0,0
CARRIER_F,2025-07-13 15:00,BUSAN,20FT,0,0,0,0,1,1,0,0
CARRIER_F,2025-07-13 16:00,BUSAN,20FT,0,0,0,0,1,1,0,0
CARRIER_F,2025-07-13 17:00,BUSAN,20FT,0,0,0,0,1,1,0,0
CARRIER_F,2025-07-13 18:00,BUSAN,20FT,0,0,0,0,1,1,0,0
CARRIER_F,2025-07-13 19:00,BUSAN,20FT,0,0,0,0,1,1,0,0
CARRIER_F,2025-07-13 20:00,BUSAN,20FT,0,0,0,0,1,1,0,0
CARRIER_F,2025-07-13 21:00,BUSAN,20FT,0,0,0,0,1,1,0,0
CARRIER_F,2025-07-13 22:00,BUSAN,20FT,0,0,0,0,1,1,0,0
CARRIER_F,2025-07-13 23:00,BUSAN,20FT,0,0,0,0,1,1,0,0
CARRIER_F,2025-07-14 00:00,BUSAN,20FT,0,0,0,0,1,1,0,0
CARRIER_F,2025-07-14 01:00,BUSAN,20FT,0,0,0,0,1,1,0,0
CARRIER_F,2025-07-14 02:00,BUSAN,20FT,0,0,0,0,1,1,0,0
CARRIER_F,2025-07-14 03:00,BUSAN,20FT,0,0,0,0,1,1,0,0
CARRIER_F,2025-07-14 04:00,BUSAN,20FT,0,0,0,0,1,1,0,0
CARRIER_F,2025-07-14 05:00,BUSAN,20FT,0,0,0,0,1,1,0,0
CARRIER_F,2025-07-14 06:00,BUSAN,20FT,0,0,0,0,1,1,0,0
CARRIER_F,2025-07-14 07:00,BUSAN,20FT,0,0,0,0,1,1,0,0
CARRIER_F,2025-07-14 08:00,BUSAN,20FT,0,0,0,0,1,1,0,0
CARRIER_F,2025-07-14 09:00,BUSAN,20FT,0,0,0,0,1,1,0,0
CARRIER_F,2025-07-14 10:00,BUSAN,20FT,0,0,0,0,1,1,0,0
CARRIER_F,2025-07-14 11:00,BUSAN,20FT,0,0,0,0,1,1,0,0
CARRIER_F,2025-07-14 12:00,BUSAN,20FT,0,1,0,0,2,2,0,0
CARRIER_F,2025-07-14 13:00,BUSAN,20FT,0,0,0,0,2,2,0,0
CARRIER_F,2025-07-14 14:00,BUSAN,20FT,1,0,0,0,1,1,0,0
CARRIER_F,2025-07-14 15:00,BUSAN,20FT,1,0,0,0,0,0,0,0
CARRIER_F,2025-07-14 16:00,BUSAN,20FT,0,0,0,0,0,0,0,0
CARRIER_F,2025-07-14 17:00,BUSAN,20FT,0,0,0,0,0,0,0,0
CARRIER_F,2025-07-14 18:00,BUSAN,20FT,0,0,0,0,0,0,0,0
CARRIER_F,2025-07-14 19:00,BUSAN,20FT,0,1,0,0,1,1,0,0
CARRIER_F,2025-07-14 20:00,BUSAN,20FT,0,0,0,0,1,1,0,0
CARRIER_F,2025-07-14 21:00,BUSAN,20FT,0,0,0,0,1,1,0,0
CARRIER_F,2025-07-14 22:00,BUSAN,20FT,0,0,0,0,1,1,0,0
CARRIER_F,2025-07-14 23:00,BUSAN,20FT,0,0,0,0,1,1,0,0
CARRIER_F,2025-07-08 00:00,BUSAN,40FT,0,0,0,0,0,0,0,0
CARRIER_F,2025-07-08 01:00,BUSAN,40FT,0,0,0,0,0,0,0,0
CARRIER_F,2025-07-08 02:00,BUSAN,40FT,0,0,0,0,0,0,0,0
CARRIER_F,2025-07-08 03:00,BUSAN,40FT,0,0,0,0,0,0,0,0
CARRIER_F,2025-07-08 04:00,BUSAN,40FT,0,0,0,0,0,0,0,0
CARRIER_F,2025-07-08 05:00,BUSAN,40FT,0,0,0,0,0,0,0,0
CARRIER_F,2025-07-08 06:00,BUSAN,40FT,0,0,0,0,0,0,0,0
CARRIER_F,2025-07-08 07:00,BUSAN,40FT,0,1,0,0,1,1,0,0
CARRIER_F,2025-07-08 08:00,BUSAN,40FT,0,0,0,0,1,1,0,0
CARRIER_F,2025-07-08 09:00,BUSAN,40FT,0,0,0,0,1,1,0,0
CARRIER_F,2025-07-08 10:00,BUSAN,40FT,0,0,0,0,1,1,0,0
CARRIER_F,2025-07-08 11:00,BUSAN,40FT,0,0,0,0,1,1,0,0
CARRIER_F,2025-07-08 12:00,BUSAN,40FT,0,0,0,0,1,1,0,0
CARRIER_F,2025-07-08 13:00,BUSAN,40FT,0,0,0,0,1,1,0,0
CARRIER_F,2025-07-08 14:00,BUSAN,40FT,0,0,0,0,1,1,0,0
CARRIER_F,2025-07-08 15:00,BUSAN,40FT,0,0,0,0,1,1,0,0
CARRIER_F,2025-07-08 16:00,BUSAN,40FT,0,0,0,0,1,1,0,0
CARRIER_F,2025-07-08 17:00,BUSAN,40FT,0,1,0,0,2,2,0,0
CARRIER_F,2025-07-08 18:00,BUSAN,40FT,0,0,0,0,2,2,0,0
CARRIER_F,2025-07-08 19:00,BUSAN,40FT,0,0,0,0,2,2,0,0
CARRIER_F,2025-07-08 20:00,BUSAN,40FT,0,0,0,0,2,2,0,0
CARRIER_F,2025-07-08 21:00,BUSAN,40FT,0,0,0,0,2,2,0,0
CARRIER_F,2025-07-08 22:00,BUSAN,40FT,0,0,0,0,2,2,0,0
CARRIER_F,2025-07-08 23:00,BUSAN,40FT,0,0,0,0,2,2,0,0
CARRIER_F,2025-07-09 00:00,BUSAN,40FT,0,0,0,0,2,2,0,0
CARRIER_F,2025-07-09 01:00,BUSAN,40FT,0,0,0,0,2,2,0,0
CARRIER_F,2025-07-09 02:00,BUSAN,40FT,0,0,0,0,2,2,0,0
CARRIER_F,2025-07-09 03:00,BUSAN,40FT,0,0,0,0,2,2,0,0
CARRIER_F,2025-07-09 04:00,BUSAN,40FT,0,0,0,0,2,2,0,0
CARRIER_F,2025-07-09 05:00,BUSAN,40FT,0,0,0,0,2,2,0,0
CARRIER_F,2025-07-09 06:00,BUSAN,40FT,0,0,0,0,2,2,0,0
CARRIER_F,2025-07-09 07:00,BUSAN,40FT,0,0,0,0,2,2,0,0
CARRIER_F,2025-07-09 08:00,BUSAN,40FT,0,0,0,0,2,2,0,0
CARRIER_F,2025-07-09 09:00,BUSAN,40FT,0,0,0,0,2,2,0,0
CARRIER_F,2025-07-09 10:00,BUSAN,40FT,0,0,0,0,2,2,0,0
CARRIER_F,2025-07-09 11:00,BUSAN,40FT,0,0,0,0,2,2,0,0
CARRIER_F,2025-07-09 12:00,BUSAN,40FT,0,0,0,0,2,2,0,0
CARRIER_F,2025-07-09 13:00,BUSAN,40FT,0,0,0,0,2,2,0,0
CARRIER_F,2025-07-09 14:00,BUSAN,40FT,0,0,0,0,2,2,0,0
CARRIER_F,2025-07-09 15:00,BUSAN,40FT,0,0,0,0,2,2,0,0
CARRIER_F,2025-07-09 16:00,BUSAN,40FT,0,0,0,0,2,2,0,0
CARRIER_F,2025-07-09 17:00,BUSAN,40FT,0,0,0,0,2,2,0,0
CARRIER_F,2025-07-09 18:00,BUSAN,40FT,0,0,0,0,2,2,0,0
CARRIER_F,2025-07-09 19:00,BUSAN,40FT,0,0,0,0,2,2,0,0
CARRIER_F,2025-07-09 20:00,BUSAN,40FT,0,0,0,0,2,2,0,0
CARRIER_F,2025-07-09 21:00,BUSAN,40FT,0,0,0,0,2,2,0,0
CARRIER_F,2025-07-09 22:00,BUSAN,40FT,0,0,0,0,2,2,0,0
CARRIER_F,2025-07-09 23:00,BUSAN,40FT,0,0,0,0,2,2,0,0
CARRIER_F,2025-07-10 00:00,BUSAN,40FT,0,0,0,0,2,2,0,0
CARRIER_F,2025-07-10 01:00,BUSAN,40FT,0,0,0,0,2,2,0,0
CARRIER_F,2025-07-10 02:00,BUSAN,40FT,0,0,0,0,2,2,0,0
CARRIER_F,2025-07-10 03:00,BUSAN,40FT,0,0,0,0,2,2,0,0
CARRIER_F,2025-07-10 04:00,BUSAN,40FT,0,0,0,0,2,2,0,0
CARRIER_F,2025-07-10 05:00,BUSAN,40FT,0,0,0,0,2,2,0,0
CARRIER_F,2025-07-10 06:00,BUSAN,40FT,0,0,0,0,2,2,0,0
CARRIER_F,2025-07-10 07:00,BUSAN,40FT,0,0,0,0,2,2,0,0
CARRIER_F,2025-07-10 08:00,BUSAN,40FT,0,0,0,0,2,2,0,0
CARRIER_F,2025-07-10 09:00,BUSAN,40FT,0,0,0,0,2,2,0,0
CARRIER_F,2025-07-10 10:00,BUSAN,40FT,0,0,0,0,2,2,0,0
CARRIER_F,2025-07-10 11:00,BUSAN,40FT,0,0,0,0,2,2,0,0
CARRIER_F,2025-07-10 12:00,BUSAN,40FT,0,0,0,0,2,2,0,0
CARRIER_F,2025-07-10 13:00,BUSAN,40FT,0,0,0,0,2,2,0,0
CARRIER_F,2025-07-10 14:00,BUSAN,40FT,0,0,0,0,2,2,0,0
CARRIER_F,2025-07-10 15:00,BUSAN,40FT,0,0,0,0,2,2,0,0
CARRIER_F,2025-07-10 16:00,BUSAN,40FT,0,0,0,0,2,2,0,0
CARRIER_F,2025-07-10 17:00,BUSAN,40FT,0,0,0,0,2,2,0,0
CARRIER_F,2025-07-10 18:00,BUSAN,40FT,0,0,0,0,2,2,0,0
CARRIER_F,2025-07-10 19:00,BUSAN,40FT,0,0,0,0,2,2,0,0
CARRIER_F,2025-07-10 20:00,BUSAN,40FT,0,0,0,0,2,2,0,0
CARRIER_F,2025-07-10 21:00,BUSAN,40FT,0,0,0,0,2,2,0,0
CARRIER_F,2025-07-10 22:00,BUSAN,40FT,0,0,0,0,2,2,0,0
CARRIER_F,2025-07-10 23:00,BUSAN,40FT,0,0,0,0,2,2,0,0
CARRIER_F,2025-07-11 00:00,BUSAN,40FT,0,0,0,0,2,2,0,0
CARRIER_F,2025-07-11 01:00,BUSAN,40FT,0,0,0,0,2,2,0,0
CARRIER_F,2025-07-11 02:00,BUSAN,40FT,0,0,0,0,2,2,0,0
CARRIER_F,2025-07-11 03:00,BUSAN,40FT,0,0,0,0,2,2,0,0
CARRIER_F,2025-07-11 04:00,BUSAN,40FT,0,0,0,0,2,2,0,0
CARRIER_F,2025-07-11 05:00,BUSAN,40FT,0,0,0,0,2,2,0,0
CARRIER_F,2025-07-11 06:00,BUSAN,40FT,0,0,0,0,2,2,0,0
CARRIER_F,2025-07-11 07:00,BUSAN,40FT,0,0,0,0,2,2,0,0
CARRIER_F,2025-07-11 08:00,BUSAN,40FT,0,0,0,0,2,2,0,0
CARRIER_F,2025-07-11 09:00,BUSAN,40FT,0,0,0,0,2,2,0,0
CARRIER_F,2025-07-11 10:00,BUSAN,40FT,0,0,0,0,2,2,0,0
CARRIER_F,2025-07-11 11:00,BUSAN,40FT,0,0,0,0,2,2,0,0
CARRIER_F,2025-07-11 12:00,BUSAN,40FT,0,0,0,0,2,2,0,0
CARRIER_F,2025-07-11 13:00,BUSAN,40FT,0,0,0,0,2,2,0,0
CARRIER_F,2025-07-11 14:00,BUSAN,40FT,0,0,0,0,2,2,0,0
CARRIER_F,2025-07-11 15:00,BUSAN,40FT,0,0,0,0,2,2,0,0
CARRIER_F,2025-07-11 16:00,BUSAN,40FT,0,0,0,0,2,2,0,0
CARRIER_F,2025-07-11 17:00,BUSAN,40FT,0,0,0,0,2,2,0,0
CARRIER_F,2025-07-11 18:00,BUSAN,40FT,0,0,0,0,2,2,0,0
CARRIER_F,2025-07-11 19:00,BUSAN,40FT,0,0,0,0,2,2,0,0
CARRIER_F,2025-07-11 20:00,BUSAN,40FT,0,0,0,0,2,2,0,0
CARRIER_F,2025-07-11 21:00,BUSAN,40FT,0,0,0,0,2,2,0,0
CARRIER_F,2025-07-11 22:00,BUSAN,40FT,0,0,0,0,2,2,0,0
CARRIER_F,2025-07-11 23:00,BUSAN,40FT,0,0,0,0,2,2,0,0
CARRIER_F,2025-07-12 00:00,BUSAN,40FT,0,2,0,0,4,4,0,0
CARRIER_F,2025-07-12 01:00,BUSAN,40FT,0,0,0,0,4,4,0,0
CARRIER_F,2025-07-12 02:00,BUSAN,40FT,0,0,0,0,4,4,0,0
CARRIER_F,2025-07-12 03:00,BUSAN,40FT,0,0,0,0,4,4,0,0
CARRIER_F,2025-07-12 04:00,BUSAN,40FT,0,0,0,0,4,4,0,0
CARRIER_F,2025-07-12 05:00,BUSAN,40FT,0,0,0,0,4,4,0,0
CARRIER_F,2025-07-12 06:00,BUSAN,40FT,0,0,0,0,4,4,0,0
CARRIER_F,2025-07-12 07:00,BUSAN,40FT,0,0,0,0,4,4,0,0
CARRIER_F,2025-07-12 08:00,BUSAN,40FT,0,0,0,0,4,4,0,0
CARRIER_F,2025-07-12 09:00,BUSAN,40FT,0,0,0,0,4,4,0,0
CARRIER_F,2025-07-12 10:00,BUSAN,40FT,0,0,0,0,4,4,0,0
CARRIER_F,2025-07-12 11:00,BUSAN,40FT,0,0,0,0,4,4,0,0
CARRIER_F,2025-07-12 12:00,BUSAN,40FT,0,0,0,0,4,4,0,0
CARRIER_F,2025-07-12 13:00,BUSAN,40FT,0,0,0,0,4,4,0,0
CARRIER_F,2025-07-12 14:00,BUSAN,40FT,0,0,0,0,4,4,0,0
CARRIER_F,2025-07-12 15:00,BUSAN,40FT,0,0,0,0,4,4,0,0
CARRIER_F,2025-07-12 16:00,BUSAN,40FT,0,0,0,0,4,4,0,0
CARRIER_F,2025-07-12 17:00,BUSAN,40FT,0,0,0,0,4,4,0,0
CARRIER_F,2025-07-12 18:00,BUSAN,40FT,0,0,0,0,4,4,0,0
CARRIER_F,2025-07-12 19:00,BUSAN,40FT,0,0,0,0,4,4,0,0
CARRIER_F,2025-07-12 20:00,BUSAN,40FT,0,0,0,0,4,4,0,0
CARRIER_F,2025-07-12 21:00,BUSAN,40FT,0,0,0,0,4,4,0,0
CARRIER_F,2025-07-12 22:00,BUSAN,40FT,0,0,0,0,4,4,0,0
CARRIER_F,2025-07-12 23:00,BUSAN,40FT,0,0,0,0,4,4,0,0
CARRIER_F,2025-07-13 00:00,BUSAN,40FT,0,0,0,0,4,4,0,0
CARRIER_F,2025-07-13 01:00,BUSAN,40FT,0,0,0,0,4,4,0,0
CARRIER_F,2025-07-13 02:00,BUSAN,40FT,0,0,0,0,4,4,0,0
CARRIER_F,2025-07-13 03:00,BUSAN,40FT,0,0,0,0,4,4,0,0
CARRIER_F,2025-07-13 04:00,BUSAN,40FT,0,0,0,0,4,4,0,0
CARRIER_F,2025-07-13 05:00,BUSAN,40FT,0,0,0,0,4,4,0,0
CARRIER_F,2025-07-13 06:00,BUSAN,40FT,0,0,0,0,4,4,0,0
CARRIER_F,2025-07-13 07:00,BUSAN,40FT,0,0,0,0,4,4,0,0
CARRIER_F,2025-07-13 08:00,BUSAN,40FT,0,0,0,0,4,4,0,0
CARRIER_F,2025-07-13 09:00,BUSAN,40FT,0,0,0,0,4,4,0,0
CARRIER_F,2025-07-13 10:00,BUSAN,40FT,0,0,0,0,4,4,0,0
CARRIER_F,2025-07-13 11:00,BUSAN,40FT,0,0,0,0,4,4,0,0
CARRIER_F,2025-07-13 12:00,BUSAN,40FT,0,0,0,0,4,4,0,0
CARRIER_F,2025-07-13 13:00,BUSAN,40FT,0,0,0,0,4,4,0,0
CARRIER_F,2025-07-13 14:00,BUSAN,40FT,0,0,0,0,4,4,0,0
CARRIER_F,2025-07-13 15:00,BUSAN,40FT,0,0,0,0,4,4,0,0
CARRIER_F,2025-07-13 16:00,BUSAN,40FT,0,0,0,0,4,4,0,0
CARRIER_F,2025-07-13 17:00,BUSAN,40FT,0,0,0,0,4,4,0,0
CARRIER_F,2025-07-13 18:00,BUSAN,40FT,0,0,0,0,4,4,0,0
CARRIER_F,2025-07-13 19:00,BUSAN,40FT,0,0,0,0,4,4,0,0
CARRIER_F,2025-07-13 20:00,BUSAN,40FT,0,0,0,0,4,4,0,0
CARRIER_F,2025-07-13 21:00,BUSAN,40FT,0,0,0,0,4,4,0,0
CARRIER_F,2025-07-13 22:00,BUSAN,40FT,0,0,0,0,4,4,0,0
CARRIER_F,2025-07-13 23:00,BUSAN,40FT,0,0,0,0,4,4,0,0
CARRIER_F,2025-07-14 00:00,BUSAN,40FT,0,0,0,0,4,4,0,0
CARRIER_F,2025-07-14 01:00,BUSAN,40FT,0,0,0,0,4,4,0,0
CARRIER_F,2025-07-14 02:00,BUSAN,40FT,0,0,0,0,4,4,0,0
CARRIER_F,2025-07-14 03:00,BUSAN,40FT,0,0,0,0,4,4,0,0
CARRIER_F,2025-07-14 04:00,BUSAN,40FT,0,0,0,0,4,4,0,0
CARRIER_F,2025-07-14 05:00,BUSAN,40FT,0,0,0,0,4,4,0,0
CARRIER_F,2025-07-14 06:00,BUSAN,40FT,0,0,0,0,4,4,0,0
CARRIER_F,2025-07-14 07:00,BUSAN,40FT,0,0,0,0,4,4,0,0
CARRIER_F,2025-07-14 08:00,BUSAN,40FT,0,0,0,0,4,4,0,0
CARRIER_F,2025-07-14 09:00,BUSAN,40FT,0,0,0,0,4,4,0,0
CARRIER_F,2025-07-14 10:00,BUSAN,40FT,0,0,0,0,4,4,0,0
CARRIER_F,2025-07-14 11:00,BUSAN,40FT,0,0,0,0,4,4,0,0
CARRIER_F,2025-07-14 12:00,BUSAN,40FT,0,0,0,0,4,4,0,0
CARRIER_F,2025-07-14 13:00,BUSAN,40FT,0,0,0,0,4,4,0,0
CARRIER_F,2025-07-14 14:00,BUSAN,40FT,0,0,0,0,4,4,0,0
CARRIER_F,2025-07-14 15:00,BUSAN,40FT,0,0,0,0,4,4,0,0
CARRIER_F,2025-07-14 16:00,BUSAN,40FT,0,0,0,0,4,4,0,0
CARRIER_F,2025-07-14 17:00,BUSAN,40FT,0,0,0,0,4,4,0,0
CARRIER_F,2025-07-14 18:00,BUSAN,40FT,0,0,0,0,4,4,0,0
CARRIER_F,2025-07-14 19:00,BUSAN,40FT,0,0,0,0,4,4,0,0
CARRIER_F,2025-07-14 20:00,BUSAN,40FT,0,0,0,0,4,4,0,0
CARRIER_F,2025-07-14 21:00,BUSAN,40FT,0,0,0,0,4,4,0,0
CARRIER_F,2025-07-14 22:00,BUSAN,40FT,0,0,0,0,4,4,0,0
CARRIER_F,2025-07-14 23:00,BUSAN,40FT,0,0,0,0,4,4,0,0
CARRIER_F,2025-07-08 00:00,DONGSAN,20FT,0,0,0,0,2,2,0,0
CARRIER_F,2025-07-08 01:00,DONGSAN,20FT,0,0,0,0,2,2,0,0
CARRIER_F,2025-07-08 02:00,DONGSAN,20FT,0,0,0,0,2,2,0,0
CARRIER_F,2025-07-08 03:00,DONGSAN,20FT,0,0,0,0,2,2,0,0
CARRIER_F,2025-07-08 04:00,DONGSAN,20FT,0,0,0,0,2,2,0,0
CARRIER_F,2025-07-08 05:00,DONGSAN,20FT,1,0,0,0,1,1,0,0
CARRIER_F,2025-07-08 06:00,DONGSAN,20FT,0,0,0,0,1,1,0,0
CARRIER_F,2025-07-08 07:00,DONGSAN,20FT,1,0,0,0,0,0,0,0
CARRIER_F,2025-07-08 08:00,DONGSAN,20FT,0,0,0,0,0,0,0,0
CARRIER_F,2025-07-08 09:00,DONGSAN,20FT,0,0,0,0,0,0,0,0
CARRIER_F,2025-07-08 10:00,DONGSAN,20FT,0,0,0,0,0,0,0,0
CARRIER_F,2025-07-08 11:00,DONGSAN,20FT,1,0,0,0,0,0,1,1
CARRIER_F,2025-07-08 12:00,DONGSAN,20FT,0,0,0,0,0,0,0,0
CARRIER_F,2025-07-08 13:00,DONGSAN,20FT,0,1,0,0,1,1,0,0
CARRIER_F,2025-07-08 14:00,DONGSAN,20FT,0,1,0,0,2,2,0,0
CARRIER_F,2025-07-08 15:00,DONGSAN,20FT,0,0,0,0,2,2,0,0
CARRIER_F,2025-07-08 16:00,DONGSAN,20FT,0,0,0,0,2,2,0,0
CARRIER_F,2025-07-08 17:00,DONGSAN,20FT,0,0,0,0,2,2,0,0
CARRIER_F,2025-07-08 18:00,DONGSAN,20FT,0,1,0,0,3,3,0,0
CARRIER_F,2025-07-08 19:00,DONGSAN,20FT,0,0,0,0,3,3,0,0
CARRIER_F,2025-07-08 20:00,DONGSAN,20FT,0,0,0,0,3,3,0,0
CARRIER_F,2025-07-08 21:00,DONGSAN,20FT,0,0,0,0,3,3,0,0
CARRIER_F,2025-07-08 22:00,DONGSAN,20FT,0,0,0,0,3,3,0,0
CARRIER_F,2025-07-08 23:00,DONGSAN,20FT,0,0,0,0,3,3,0,0
CARRIER_F,2025-07-09 00:00,DONGSAN,20FT,0,0,0,0,3,3,0,0
CARRIER_F,2025-07-09 01:00,DONGSAN,20FT,0,0,0,0,3,3,0,0
CARRIER_F,2025-07-09 02:00,DONGSAN,20FT,0,0,0,0,3,3,0,0
CARRIER_F,2025-07-09 03:00,DONGSAN,20FT,0,0,0,0,3,3,0,0
CARRIER_F,2025-07-09 04:00,DONGSAN,20FT,0,0,0,0,3,3,0,0
CARRIER_F,2025-07-09 05:00,DONGSAN,20FT,0,0,0,0,3,3,0,0
CARRIER_F,2025-07-09 06:00,DONGSAN,20FT,0,0,0,0,3,3,0,0
CARRIER_F,2025-07-09 07:00,DONGSAN,20FT,0,0,0,0,3,3,0,0
CARRIER_F,2025-07-09 08:00,DONGSAN,20FT,0,0,0,0,3,3,0,0
CARRIER_F,2025-07-09 09:00,DONGSAN,20FT,0,0,0,0,3,3,0,0
CARRIER_F,2025-07-09 10:00,DONGSAN,20FT,0,0,0,0,3,3,0,0
CARRIER_F,2025-07-09 11:00,DONGSAN,20FT,0,0,0,0,3,3,0,0
CARRIER_F,2025-07-09 12:00,DONGSAN,20FT,0,0,0,0,3,3,0,0
CARRIER_F,2025-07-09 13:00,DONGSAN,20FT,0,0,0,0,3,3,0,0
CARRIER_F,2025-07-09 14:00,DONGSAN,20FT,0,0,0,0,3,3,0,0
CARRIER_F,2025-07-09 15:00,DONGSAN,20FT,0,0,0,0,3,3,0,0
CARRIER_F,2025-07-09 16:00,DONGSAN,20FT,0,0,0,0,3,3,0,0
CARRIER_F,2025-07-09 17:00,DONGSAN,20FT,0,0,0,0,3,3,0,0
CARRIER_F,2025-07-09 18:00,DONGSAN,20FT,0,0,0,0,3,3,0,0
CARRIER_F,2025-07-09 19:00,DONGSAN,20FT,0,0,0,0,3,3,0,0
CARRIER_F,2025-07-09 20:00,DONGSAN,20FT,0,0,0,0,3,3,0,0
CARRIER_F,2025-07-09 21:00,DONGSAN,20FT,0,0,0,0,3,3,0,0
CARRIER_F,2025-07-09 22:00,DONGSAN,20FT,0,0,0,0,3,3,0,0
CARRIER_F,2025-07-09 23:00,DONGSAN,20FT,0,0,0,0,3,3,0,0
CARRIER_F,2025-07-10 00:00,DONGSAN,20FT,0,0,0,0,3,3,0,0
CARRIER_F,2025-07-10 01:00,DONGSAN,20FT,0,0,0,0,3,3,0,0
CARRIER_F,2025-07-10 02:00,DONGSAN,20FT,0,0,0,0,3,3,0,0
CARRIER_F,2025-07-10 03:00,DONGSAN,20FT,0,0,0,0,3,3,0,0
CARRIER_F,2025-07-10 04:00,DONGSAN,20FT,0,0,0,0,3,3,0,0
CARRIER_F,2025-07-10 05:00,DONGSAN,20FT,0,0,0,0,3,3,0,0
CARRIER_F,2025-07-10 06:00,DONGSAN,20FT,0,0,0,0,3,3,0,0
CARRIER_F,2025-07-10 07:00,DONGSAN,20FT,0,0,0,0,3,3,0,0
CARRIER_F,2025-07-10 08:00,DONGSAN,20FT,0,0,0,0,3,3,0,0
CARRIER_F,2025-07-10 09:00,DONGSAN,20FT,0,0,0,0,3,3,0,0
CARRIER_F,2025-07-10 10:00,DONGSAN,20FT,0,0,0,0,3,3,0,0
CARRIER_F,2025-07-10 11:00,DONGSAN,20FT,0,1,0,0,4,4,0,0
CARRIER_F,2025-07-10 12:00,DONGSAN,20FT,0,0,0,0,4,4,0,0
CARRIER_F,2025-07-10 13:00,DONGSAN,20FT,0,0,0,0,4,4,0,0
CARRIER_F,2025-07-10 14:00,DONGSAN,20FT,1,1,0,0,4,4,0,0
CARRIER_F,2025-07-10 15:00,DONGSAN,20FT,0,0,0,0,4,4,0,0
CARRIER_F,2025-07-10 16:00,DONGSAN,20FT,0,0,0,0,4,4,0,0
CARRIER_F,2025-07-10 17:00,DONGSAN,20FT,0,0,0,0,4,4,0,0
CARRIER_F,2025-07-10 18:00,DONGSAN,20FT,0,0,0,0,4,4,0,0
CARRIER_F,2025-07-10 19:00,DONGSAN,20FT,0,0,0,0,4,4,0,0
CARRIER_F,2025-07-10 20:00,DONGSAN,20FT,0,0,0,0,4,4,0,0
CARRIER_F,2025-07-10 21:00,DONGSAN,20FT,0,0,0,0,4,4,0,0
CARRIER_F,2025-07-10 22:00,DONGSAN,20FT,0,0,0,0,4,4,0,0
CARRIER_F,2025-07-10 23:00,DONGSAN,20FT,0,0,0,0,4,4,0,0
CARRIER_F,2025-07-11 00:00,DONGSAN,20FT,0,0,0,0,4,4,0,0
CARRIER_F,2025-07-11 01:00,DONGSAN,20FT,0,0,0,0,4,4,0,0
CARRIER_F,2025-07-11 02:00,DONGSAN,20FT,0,0,0,0,4,4,0,0
CARRIER_F,2025-07-11 03:00,DONGSAN,20FT,0,0,0,0,4,4,0,0
CARRIER_F,2025-07-11 04:00,DONGSAN,20FT,0,0,0,0,4,4,0,0
CARRIER_F,2025-07-11 05:00,DONGSAN,20FT,0,0,0,0,4,4,0,0
CARRIER_F,2025-07-11 06:00,DONGSAN,20FT,0,0,0,0,4,4,0,0
CARRIER_F,2025-07-11 07:00,DONGSAN,20FT,0,0,0,0,4,4,0,0
CARRIER_F,2025-07-11 08:00,DONGSAN,20FT,0,0,0,0,4,4,0,0
CARRIER_F,2025-07-11 09:00,DONGSAN,20FT,0,0,0,0,4,4,0,0
CARRIER_F,2025-07-11 10:00,DONGSAN,20FT,0,0,0,0,4,4,0,0
CARRIER_F,2025-07-11 11:00,DONGSAN,20FT,0,0,0,0,4,4,0,0
CARRIER_F,2025-07-11 12:00,DONGSAN,20FT,0,0,0,0,4,4,0,0
CARRIER_F,2025-07-11 13:00,DONGSAN,20FT,0,0,0,0,4,4,0,0
CARRIER_F,2025-07-11 14:00,DONGSAN,20FT,0,0,0,0,4,4,0,0
CARRIER_F,2025-07-11 15:00,DONGSAN,20FT,0,0,0,0,4,4,0,0
CARRIER_F,2025-07-11 16:00,DONGSAN,20FT,0,0,0,0,4,4,0,0
CARRIER_F,2025-07-11 17:00,DONGSAN,20FT,0,0,0,0,4,4,0,0
CARRIER_F,2025-07-11 18:00,DONGSAN,20FT,0,0,0,0,4,4,0,0
CARRIER_F,2025-07-11 19:00,DONGSAN,20FT,0,0,0,0,4,4,0,0
CARRIER_F,2025-07-11 20:00,DONGSAN,20FT,0,0,0,0,4,4,0,0
CARRIER_F,2025-07-11 21:00,DONGSAN,20FT,0,0,0,0,4,4,0,0
CARRIER_F,2025-07-11 22:00,DONGSAN,20FT,0,0,0,0,4,4,0,0
CARRIER_F,2025-07-11 23:00,DONGSAN,20FT,0,0,0,0,4,4,0,0
CARRIER_F,2025-07-12 00:00,DONGSAN,20FT,0,0,0,0,4,4,0,0
CARRIER_F,2025-07-12 01:00,DONGSAN,20FT,0,0,0,0,4,4,0,0
CARRIER_F,2025-07-12 02:00,DONGSAN,20FT,0,0,0,0,4,4,0,0
CARRIER_F,2025-07-12 03:00,DONGSAN,20FT,0,0,0,0,4,4,0,0
CARRIER_F,2025-07-12 04:00,DONGSAN,20FT,0,0,0,0,4,4,0,0
CARRIER_F,2025-07-12 05:00,DONGSAN,20FT,0,0,0,0,4,4,0,0
CARRIER_F,2025-07-12 06:00,DONGSAN,20FT,0,0,0,0,4,4,0,0
CARRIER_F,2025-07-12 07:00,DONGSAN,20FT,0,0,0,0,4,4,0,0
CARRIER_F,2025-07-12 08:00,DONGSAN,20FT,0,0,0,0,4,4,0,0
CARRIER_F,2025-07-12 09:00,DONGSAN,20FT,0,0,0,0,4,4,0,0
CARRIER_F,2025-07-12 10:00,DONGSAN,20FT,0,0,0,0,4,4,0,0
CARRIER_F,2025-07-12 11:00,DONGSAN,20FT,0,0,0,0,4,4,0,0
CARRIER_F,2025-07-12 12:00,DONGSAN,20FT,0,0,0,0,4,4,0,0
CARRIER_F,2025-07-12 13:00,DONGSAN,20FT,0,0,0,0,4,4,0,0
CARRIER_F,2025-07-12 14:00,DONGSAN,20FT,0,0,0,0,4,4,0,0
CARRIER_F,2025-07-12 15:00,DONGSAN,20FT,0,0,0,0,4,4,0,0
CARRIER_F,2025-07-12 16:00,DONGSAN,20FT,0,0,0,0,4,4,0,0
CARRIER_F,2025-07-12 17:00,DONGSAN,20FT,0,0,0,0,4,4,0,0
CARRIER_F,2025-07-12 18:00,DONGSAN,20FT,0,0,0,0,4,4,0,0
CARRIER_F,2025-07-12 19:00,DONGSAN,20FT,0,0,0,0,4,4,0,0
CARRIER_F,2025-07-12 20:00,DONGSAN,20FT,0,0,0,0,4,4,0,0
CARRIER_F,2025-07-12 21:00,DONGSAN,20FT,0,0,0,0,4,4,0,0
CARRIER_F,2025-07-12 22:00,DONGSAN,20FT,0,0,0,0,4,4,0,0
CARRIER_F,2025-07-12 23:00,DONGSAN,20FT,0,0,0,0,4,4,0,0
CARRIER_F,2025-07-13 00:00,DONGSAN,20FT,0,0,0,0,4,4,0,0
CARRIER_F,2025-07-13 01:00,DONGSAN,20FT,0,0,0,0,4,4,0,0
CARRIER_F,2025-07-13 02:00,DONGSAN,20FT,0,0,0,0,4,4,0,0
CARRIER_F,2025-07-13 03:00,DONGSAN,20FT,0,0,0,0,4,4,0,0
CARRIER_F,2025-07-13 04:00,DONGSAN,20FT,0,0,0,0,4,4,0,0
CARRIER_F,2025-07-13 05:00,DONGSAN,20FT,0,0,0,0,4,4,0,0
CARRIER_F,2025-07-13 06:00,DONGSAN,20FT,0,0,0,0,4,4,0,0
CARRIER_F,2025-07-13 07:00,DONGSAN,20FT,0,0,0,0,4,4,0,0
CARRIER_F,2025-07-13 08:00,DONGSAN,20FT,0,0,0,0,4,4,0,0
CARRIER_F,2025-07-13 09:00,DONGSAN,20FT,0,0,0,0,4,4,0,0
CARRIER_F,2025-07-13 10:00,DONGSAN,20FT,0,1,0,0,5,5,0,0
CARRIER_F,2025-07-13 11:00,DONGSAN,20FT,0,1,0,0,6,6,0,0
CARRIER_F,2025-07-13 12:00,DONGSAN,20FT,0,0,0,0,6,6,0,0
CARRIER_F,2025-07-13 13:00,DONGSAN,20FT,0,1,0,0,7,7,0,0
CARRIER_F,2025-07-13 14:00,DONGSAN,20FT,0,4,0,0,11,11,0,0
CARRIER_F,2025-07-13 15:00,DONGSAN,20FT,0,0,0,0,11,11,0,0
CARRIER_F,2025-07-13 16:00,DONGSAN,20FT,0,1,0,0,12,12,0,0
CARRIER_F,2025-07-13 17:00,DONGSAN,20FT,0,0,0,0,12,12,0,0
CARRIER_F,2025-07-13 18:00,DONGSAN,20FT,0,0,0,0,12,12,0,0
CARRIER_F,2025-07-13 19:00,DONGSAN,20FT,0,0,0,0,12,12,0,0
CARRIER_F,2025-07-13 20:00,DONGSAN,20FT,0,0,0,0,12,12,0,0
CARRIER_F,2025-07-13 21:00,DONGSAN,20FT,0,0,0,0,12,12,0,0
CARRIER_F,2025-07-13 22:00,DONGSAN,20FT,0,0,0,0,12,12,0,0
CARRIER_F,2025-07-13 23:00,DONGSAN,20FT,0,0,0,0,12,12,0,0
CARRIER_F,2025-07-14 00:00,DONGSAN,20FT,0,0,0,0,12,12,0,0
CARRIER_F,2025-07-14 01:00,DONGSAN,20FT,0,0,0,0,12,12,0,0
CARRIER_F,2025-07-14 02:00,DONGSAN,20FT,0,0,0,0,12,12,0,0
CARRIER_F,2025-07-14 03:00,DONGSAN,20FT,0,0,0,0,12,12,0,0
CARRIER_F,2025-07-14 04:00,DONGSAN,20FT,0,0,0,0,12,12,0,0
CARRIER_F,2025-07-14 05:00,DONGSAN,20FT,0,0,0,0,12,12,0,0
CARRIER_F,2025-07-14 06:00,DONGSAN,20FT,0,0,0,0,12,12,0,0
CARRIER_F,2025-07-14 07:00,DONGSAN,20FT,0,0,0,0,12,12,0,0
CARRIER_F,2025-07-14 08:00,DONGSAN,20FT,0,0,0,0,12,12,0,0
CARRIER_F,2025-07-14 09:00,DONGSAN,20FT,0,0,0,0,12,12,0,0
CARRIER_F,2025-07-14 10:00,DONGSAN,20FT,0,0,0,0,12,12,0,0
CARRIER_F,2025-07-14 11:00,DONGSAN,20FT,0,0,0,0,12,12,0,0
CARRIER_F,2025-07-14 12:00,DONGSAN,20FT,0,0,0,0,12,12,0,0
CARRIER_F,2025-07-14 13:00,DONGSAN,20FT,0,0,0,0,12,12,0,0
CARRIER_F,2025-07-14 14:00,DONGSAN,20FT,0,0,0,0,12,12,0,0
CARRIER_F,2025-07-14 15:00,DONGSAN,20FT,0,1,0,0,13,13,0,0
CARRIER_F,2025-07-14 16:00,DONGSAN,20FT,0,0,0,0,13,13,0,0
CARRIER_F,2025-07-14 17:00,DONGSAN,20FT,0,0,0,0,13,13,0,0
CARRIER_F,2025-07-14 18:00,DONGSAN,20FT,0,0,0,0,13,13,0,0
CARRIER_F,2025-07-14 19:00,DONGSAN,20FT,0,0,0,0,13,13,0,0
CARRIER_F,2025-07-14 20:00,DONGSAN,20FT,0,0,0,0,13,13,0,0
CARRIER_F,2025-07-14 21:00,DONGSAN,20FT,0,0,0,0,13,13,0,0
CARRIER_F,2025-07-14 22:00,DONGSAN,20FT,0,0,0,0,13,13,0,0
CARRIER_F,2025-07-14 23:00,DONGSAN,20FT,0,0,0,0,13,13,0,0
CARRIER_F,2025-07-08 00:00,DONGSAN,40FT,0,0,0,0,1,1,0,0
CARRIER_F,2025-07-08 01:00,DONGSAN,40FT,0,0,0,0,1,1,0,0
CARRIER_F,2025-07-08 02:00,DONGSAN,40FT,0,0,0,0,1,1,0,0
CARRIER_F,2025-07-08 03:00,DONGSAN,40FT,0,0,0,0,1,1,0,0
CARRIER_F,2025-07-08 04:00,DONGSAN,40FT,0,0,0,0,1,1,0,0
CARRIER_F,2025-07-08 05:00,DONGSAN,40FT,0,0,0,0,1,1,0,0
CARRIER_F,2025-07-08 06:00,DONGSAN,40FT,0,0,0,0,1,1,0,0
CARRIER_F,2025-07-08 07:00,DONGSAN,40FT,0,0,0,0,1,1,0,0
CARRIER_F,2025-07-08 08:00,DONGSAN,40FT,0,0,0,0,1,1,0,0
CARRIER_F,2025-07-08 09:00,DONGSAN,40FT,0,0,0,0,1,1,0,0
CARRIER_F,2025-07-08 10:00,DONGSAN,40FT,0,0,0,0,1,1,0,0
CARRIER_F,2025-07-08 11:00,DONGSAN,40FT,0,0,0,0,1,1,0,0
CARRIER_F,2025-07-08 12:00,DONGSAN,40FT,0,0,0,0,1,1,0,0
CARRIER_F,2025-07-08 13:00,DONGSAN,40FT,0,0,0,0,1,1,0,0
CARRIER_F,2025-07-08 14:00,DONGSAN,40FT,1,0,0,0,0,0,0,0
CARRIER_F,2025-07-08 15:00,DONGSAN,40FT,0,0,0,0,0,0,0,0
CARRIER_F,2025-07-08 16:00,DONGSAN,40FT,0,0,0,0,0,0,0,0
CARRIER_F,2025-07-08 17:00,DONGSAN,40FT,0,0,0,0,0,0,0,0
CARRIER_F,2025-07-08 18:00,DONGSAN,40FT,0,0,0,0,0,0,0,0
CARRIER_F,2025-07-08 19:00,DONGSAN,40FT,0,0,0,0,0,0,0,0
CARRIER_F,2025-07-08 20:00,DONGSAN,40FT,0,0,0,0,0,0,0,0
CARRIER_F,2025-07-08 21:00,DONGSAN,40FT,0,0,0,0,0,0,0,0
CARRIER_F,2025-07-08 22:00,DONGSAN,40FT,0,0,0,0,0,0,0,0
CARRIER_F,2025-07-08 23:00,DONGSAN,40FT,0,0,0,0,0,0,0,0
CARRIER_F,2025-07-09 00:00,DONGSAN,40FT,0,0,0,0,0,0,0,0
CARRIER_F,2025-07-09 01:00,DONGSAN,40FT,0,0,0,0,0,0,0,0
CARRIER_F,2025-07-09 02:00,DONGSAN,40FT,0,0,0,0,0,0,0,0
CARRIER_F,2025-07-09 03:00,DONGSAN,40FT,0,0,0,0,0,0,0,0
CARRIER_F,2025-07-09 04:00,DONGSAN,40FT,0,0,0,0,0,0,0,0
CARRIER_F,2025-07-09 05:00,DONGSAN,40FT,0,0,0,0,0,0,0,0
CARRIER_F,2025-07-09 06:00,DONGSAN,40FT,0,0,0,0,0,0,0,0
CARRIER_F,2025-07-09 07:00,DONGSAN,40FT,0,0,0,0,0,0,0,0
CARRIER_F,2025-07-09 08:00,DONGSAN,40FT,0,0,0,0,0,0,0,0
CARRIER_F,2025-07-09 09:00,DONGSAN,40FT,0,0,0,0,0,0,0,0
CARRIER_F,2025-07-09 10:00,DONGSAN,40FT,0,0,0,0,0,0,0,0
CARRIER_F,2025-07-09 11:00,DONGSAN,40FT,0,1,0,0,1,1,0,0
CARRIER_F,2025-07-09 12:00,DONGSAN,40FT,0,1,0,0,2,2,0,0
CARRIER_F,2025-07-09 13:00,DONGSAN,40FT,0,0,0,0,2,2,0,0
CARRIER_F,2025-07-09 14:00,DONGSAN,40FT,0,0,0,0,2,2,0,0
CARRIER_F,2025-07-09 15:00,DONGSAN,40FT,0,0,0,0,2,2,0,0
CARRIER_F,2025-07-09 16:00,DONGSAN,40FT,0,0,0,0,2,2,0,0
CARRIER_F,2025-07-09 17:00,DONGSAN,40FT,0,0,0,0,2,2,0,0
CARRIER_F,2025-07-09 18:00,DONGSAN,40FT,0,0,0,0,2,2,0,0
CARRIER_F,2025-07-09 19:00,DONGSAN,40FT,0,0,0,0,2,2,0,0
CARRIER_F,2025-07-09 20:00,DONGSAN,40FT,0,0,0,0,2,2,0,0
CARRIER_F,2025-07-09 21:00,DONGSAN,40FT,0,0,0,0,2,2,0,0
CARRIER_F,2025-07-09 22:00,DONGSAN,40FT,0,0,0,0,2,2,0,0
CARRIER_F,2025-07-09 23:00,DONGSAN,40FT,0,0,0,0,2,2,0,0
CARRIER_F,2025-07-10 00:00,DONGSAN,40FT,0,0,0,0,2,2,0,0
CARRIER_F,2025-07-10 01:00,DONGSAN,40FT,0,0,0,0,2,2,0,0
CARRIER_F,2025-07-10 02:00,DONGSAN,40FT,0,0,0,0,2,2,0,0
CARRIER_F,2025-07-10 03:00,DONGSAN,40FT,0,0,0,0,2,2,0,0
CARRIER_F,2025-07-10 04:00,DONGSAN,40FT,0,0,0,0,2,2,0,0
CARRIER_F,2025-07-10 05:00,DONGSAN,40FT,0,0,0,0,2,2,0,0
CARRIER_F,2025-07-10 06:00,DONGSAN,40FT,0,0,0,0,2,2,0,0
CARRIER_F,2025-07-10 07:00,DONGSAN,40FT,0,0,0,0,2,2,0,0
CARRIER_F,2025-07-10 08:00,DONGSAN,40FT,0,0,0,0,2,2,0,0
CARRIER_F,2025-07-10 09:00,DONGSAN,40FT,0,0,0,0,2,2,0,0
CARRIER_F,2025-07-10 10:00,DONGSAN,40FT,0,0,0,0,2,2,0,0
CARRIER_F,2025-07-10 11:00,DONGSAN,40FT,0,0,0,0,2,2,0,0
CARRIER_F,2025-07-10 12:00,DONGSAN,40FT,0,0,0,0,2,2,0,0
CARRIER_F,2025-07-10 13:00,DONGSAN,40FT,0,0,0,0,2,2,0,0
CARRIER_F,2025-07-10 14:00,DONGSAN,40FT,0,0,0,0,2,2,0,0
CARRIER_F,2025-07-10 15:00,DONGSAN,40FT,0,1,0,0,3,3,0,0
CARRIER_F,2025-07-10 16:00,DONGSAN,40FT,0,0,0,0,3,3,0,0
CARRIER_F,2025-07-10 17:00,DONGSAN,40FT,0,0,0,0,3,3,0,0
CARRIER_F,2025-07-10 18:00,DONGSAN,40FT,0,0,0,0,3,3,0,0
CARRIER_F,2025-07-10 19:00,DONGSAN,40FT,0,0,0,0,3,3,0,0
CARRIER_F,2025-07-10 20:00,DONGSAN,40FT,0,0,0,0,3,3,0,0
CARRIER_F,2025-07-10 21:00,DONGSAN,40FT,0,0,0,0,3,3,0,0
CARRIER_F,2025-07-10 22:00,DONGSAN,40FT,0,0,0,0,3,3,0,0
CARRIER_F,2025-07-10 23:00,DONGSAN,40FT,0,0,0,0,3,3,0,0
CARRIER_F,2025-07-11 00:00,DONGSAN,40FT,0,0,0,0,3,3,0,0
CARRIER_F,2025-07-11 01:00,DONGSAN,40FT,0,0,0,0,3,3,0,0
CARRIER_F,2025-07-11 02:00,DONGSAN,40FT,0,0,0,0,3,3,0,0
CARRIER_F,2025-07-11 03:00,DONGSAN,40FT,0,0,0,0,3,3,0,0
CARRIER_F,2025-07-11 04:00,DONGSAN,40FT,0,0,0,0,3,3,0,0
CARRIER_F,2025-07-11 05:00,DONGSAN,40FT,0,0,0,0,3,3,0,0
CARRIER_F,2025-07-11 06:00,DONGSAN,40FT,0,0,0,0,3,3,0,0
CARRIER_F,2025-07-11 07:00,DONGSAN,40FT,0,0,0,0,3,3,0,0
CARRIER_F,2025-07-11 08:00,DONGSAN,40FT,0,0,0,0,3,3,0,0
CARRIER_F,2025-07-11 09:00,DONGSAN,40FT,0,0,0,0,3,3,0,0
CARRIER_F,2025-07-11 10:00,DONGSAN,40FT,0,0,0,0,3,3,0,0
CARRIER_F,2025-07-11 11:00,DONGSAN,40FT,0,0,0,0,3,3,0,0
CARRIER_F,2025-07-11 12:00,DONGSAN,40FT,0,0,0,0,3,3,0,0
CARRIER_F,2025-07-11 13:00,DONGSAN,40FT,0,0,0,0,3,3,0,0
CARRIER_F,2025-07-11 14:00,DONGSAN,40FT,0,0,0,0,3,3,0,0
CARRIER_F,2025-07-11 15:00,DONGSAN,40FT,0,0,0,0,3,3,0,0
CARRIER_F,2025-07-11 16:00,DONGSAN,40FT,0,0,0,0,3,3,0,0
CARRIER_F,2025-07-11 17:00,DONGSAN,40FT,0,0,0,0,3,3,0,0
CARRIER_F,2025-07-11 18:00,DONGSAN,40FT,0,0,0,0,3,3,0,0
CARRIER_F,2025-07-11 19:00,DONGSAN,40FT,0,0,0,0,3,3,0,0
CARRIER_F,2025-07-11 20:00,DONGSAN,40FT,0,0,0,0,3,3,0,0
CARRIER_F,2025-07-11 21:00,DONGSAN,40FT,0,0,0,0,3,3,0,0
CARRIER_F,2025-07-11 22:00,DONGSAN,40FT,0,0,0,0,3,3,0,0
CARRIER_F,2025-07-11 23:00,DONGSAN,40FT,0,0,0,0,3,3,0,0
CARRIER_F,2025-07-12 00:00,DONGSAN,40FT,0,0,0,0,3,3,0,0
CARRIER_F,2025-07-12 01:00,DONGSAN,40FT,0,0,0,0,3,3,0,0
CARRIER_F,2025-07-12 02:00,DONGSAN,40FT,0,0,0,0,3,3,0,0
CARRIER_F,2025-07-12 03:00,DONGSAN,40FT,0,0,0,0,3,3,0,0
CARRIER_F,2025-07-12 04:00,DONGSAN,40FT,0,0,0,0,3,3,0,0
CARRIER_F,2025-07-12 05:00,DONGSAN,40FT,0,0,0,0,3,3,0,0
CARRIER_F,2025-07-12 06:00,DONGSAN,40FT,0,0,0,0,3,3,0,0
CARRIER_F,2025-07-12 07:00,DONGSAN,40FT,0,0,0,0,3,3,0,0
CARRIER_F,2025-07-12 08:00,DONGSAN,40FT,0,0,0,0,3,3,0,0
CARRIER_F,2025-07-12 09:00,DONGSAN,40FT,0,0,0,0,3,3,0,0
CARRIER_F,2025-07-12 10:00,DONGSAN,40FT,0,0,0,0,3,3,0,0
CARRIER_F,2025-07-12 11:00,DONGSAN,40FT,0,0,0,0,3,3,0,0
CARRIER_F,2025-07-12 12:00,DONGSAN,40FT,0,0,0,0,3,3,0,0
CARRIER_F,2025-07-12 13:00,DONGSAN,40FT,1,0,0,0,2,2,0,0
CARRIER_F,2025-07-12 14:00,DONGSAN,40FT,0,0,0,0,2,2,0,0
CARRIER_F,2025-07-12 15:00,DONGSAN,40FT,0,0,0,0,2,2,0,0
CARRIER_F,2025-07-12 16:00,DONGSAN,40FT,0,1,0,0,3,3,0,0
CARRIER_F,2025-07-12 17:00,DONGSAN,40FT,0,0,0,0,3,3,0,0
CARRIER_F,2025-07-12 18:00,DONGSAN,40FT,0,0,0,0,3,3,0,0
CARRIER_F,2025-07-12 19:00,DONGSAN,40FT,0,0,0,0,3,3,0,0
CARRIER_F,2025-07-12 20:00,DONGSAN,40FT,0,0,0,0,3,3,0,0
CARRIER_F,2025-07-12 21:00,DONGSAN,40FT,0,0,0,0,3,3,0,0
CARRIER_F,2025-07-12 22:00,DONGSAN,40FT,0,0,0,0,3,3,0,0
CARRIER_F,2025-07-12 23:00,DONGSAN,40FT,0,0,0,0,3,3,0,0
CARRIER_F,2025-07-13 00:00,DONGSAN,40FT,0,0,0,0,3,3,0,0
CARRIER_F,2025-07-13 01:00,DONGSAN,40FT,0,0,0,0,3,3,0,0
CARRIER_F,2025-07-13 02:00,DONGSAN,40FT,0,0,0,0,3,3,0,0
CARRIER_F,2025-07-13 03:00,DONGSAN,40FT,0,0,0,0,3,3,0,0
CARRIER_F,2025-07-13 04:00,DONGSAN,40FT,0,0,0,0,3,3,0,0
CARRIER_F,2025-07-13 05:00,DONGSAN,40FT,0,0,0,0,3,3,0,0
CARRIER_F,2025-07-13 06:00,DONGSAN,40FT,0,0,0,0,3,3,0,0
CARRIER_F,2025-07-13 07:00,DONGSAN,40FT,0,0,0,0,3,3,0,0
CARRIER_F,2025-07-13 08:00,DONGSAN,40FT,0,0,0,0,3,3,0,0
CARRIER_F,2025-07-13 09:00,DONGSAN,40FT,0,0,0,0,3,3,0,0
CARRIER_F,2025-07-13 10:00,DONGSAN,40FT,0,0,0,0,3,3,0,0
CARRIER_F,2025-07-13 11:00,DONGSAN,40FT,0,0,0,0,3,3,0,0
CARRIER_F,2025-07-13 12:00,DONGSAN,40FT,0,0,0,0,3,3,0,0
CARRIER_F,2025-07-13 13:00,DONGSAN,40FT,0,0,0,0,3,3,0,0
CARRIER_F,2025-07-13 14:00,DONGSAN,40FT,0,0,0,0,3,3,0,0
CARRIER_F,2025-07-13 15:00,DONGSAN,40FT,0,0,0,0,3,3,0,0
CARRIER_F,2025-07-13 16:00,DONGSAN,40FT,0,0,0,0,3,3,0,0
CARRIER_F,2025-07-13 17:00,DONGSAN,40FT,0,0,0,0,3,3,0,0
CARRIER_F,2025-07-13 18:00,DONGSAN,40FT,0,0,0,0,3,3,0,0
CARRIER_F,2025-07-13 19:00,DONGSAN,40FT,0,0,0,0,3,3,0,0
CARRIER_F,2025-07-13 20:00,DONGSAN,40FT,0,0,0,0,3,3,0,0
CARRIER_F,2025-07-13 21:00,DONGSAN,40FT,0,0,0,0,3,3,0,0
CARRIER_F,2025-07-13 22:00,DONGSAN,40FT,0,0,0,0,3,3,0,0
CARRIER_F,2025-07-13 23:00,DONGSAN,40FT,0,0,0,0,3,3,0,0
CARRIER_F,2025-07-14 00:00,DONGSAN,40FT,0,0,0,0,3,3,0,0
CARRIER_F,2025-07-14 01:00,DONGSAN,40FT,0,0,0,0,3,3,0,0
CARRIER_F,2025-07-14 02:00,DONGSAN,40FT,0,0,0,0,3,3,0,0
CARRIER_F,2025-07-14 03:00,DONGSAN,40FT,0,0,0,0,3,3,0,0
CARRIER_F,2025-07-14 04:00,DONGSAN,40FT,0,0,0,0,3,3,0,0
CARRIER_F,2025-07-14 05:00,DONGSAN,40FT,0,0,0,0,3,3,0,0
CARRIER_F,2025-07-14 06:00,DONGSAN,40FT,0,0,0,0,3,3,0,0
CARRIER_F,2025-07-14 07:00,DONGSAN,40FT,0,0,0,0,3,3,0,0
CARRIER_F,2025-07-14 08:00,DONGSAN,40FT,0,0,0,0,3,3,0,0
CARRIER_F,2025-07-14 09:00,DONGSAN,40FT,0,0,0,0,3,3,0,0
CARRIER_F,2025-07-14 10:00,DONGSAN,40FT,0,0,0,0,3,3,0,0
CARRIER_F,2025-07-14 11:00,DONGSAN,40FT,0,0,0,0,3,3,0,0
CARRIER_F,2025-07-14 12:00,DONGSAN,40FT,0,0,0,0,3,3,0,0
CARRIER_F,2025-07-14 13:00,DONGSAN,40FT,0,0,0,0,3,3,0,0
CARRIER_F,2025-07-14 14:00,DONGSAN,40FT,0,0,0,0,3,3,0,0
CARRIER_F,2025-07-14 15:00,DONGSAN,40FT,0,0,0,0,3,3,0,0
CARRIER_F,2025-07-14 16:00,DONGSAN,40FT,0,0,0,0,3,3,0,0
CARRIER_F,2025-07-14 17:00,DONGSAN,40FT,0,0,0,0,3,3,0,0
CARRIER_F,2025-07-14 18:00,DONGSAN,40FT,0,0,0,0,3,3,0,0
CARRIER_F,2025-07-14 19:00,DONGSAN,40FT,0,0,0,0,3,3,0,0
CARRIER_F,2025-07-14 20:00,DONGSAN,40FT,0,0,0,0,3,3,0,0
CARRIER_F,2025-07-14 21:00,DONGSAN,40FT,0,0,0,0,3,3,0,0
CARRIER_F,2025-07-14 22:00,DONGSAN,40FT,0,0,0,0,3,3,0,0
CARRIER_F,2025-07-14 23:00,DONGSAN,40FT,0,0,0,0,3,3,0,0
CARRIER_F,2025-07-08 00:00,GWANGYANG,20FT,0,0,0,0,27,27,0,0
CARRIER_F,2025-07-08 01:00,GWANGYANG,20FT,0,0,0,0,27,27,0,0
CARRIER_F,2025-07-08 02:00,GWANGYANG,20FT,0,0,0,0,27,27,0,0
CARRIER_F,2025-07-08 03:00,GWANGYANG,20FT,0,0,0,0,27,27,0,0
CARRIER_F,2025-07-08 04:00,GWANGYANG,20FT,0,0,0,0,27,27,0,0
CARRIER_F,2025-07-08 05:00,GWANGYANG,20FT,0,0,0,0,27,27,0,0
CARRIER_F,2025-07-08 06:00,GWANGYANG,20FT,1,0,0,0,26,26,0,0
CARRIER_F,2025-07-08 07:00,GWANGYANG,20FT,2,0,0,0,24,24,0,0
CARRIER_F,2025-07-08 08:00,GWANGYANG,20FT,1,1,0,0,24,24,0,0
CARRIER_F,2025-07-08 09:00,GWANGYANG,20FT,0,0,0,0,24,24,0,0
CARRIER_F,2025-07-08 10:00,GWANGYANG,20FT,1,0,0,0,23,23,0,0
CARRIER_F,2025-07-08 11:00,GWANGYANG,20FT,0,0,0,0,23,23,0,0
CARRIER_F,2025-07-08 12:00,GWANGYANG,20FT,0,0,0,0,23,23,0,0
CARRIER_F,2025-07-08 13:00,GWANGYANG,20FT,0,0,0,0,23,23,0,0
CARRIER_F,2025-07-08 14:00,GWANGYANG,20FT,2,1,0,0,22,22,0,0
CARRIER_F,2025-07-08 15:00,GWANGYANG,20FT,1,4,0,0,25,25,0,0
CARRIER_F,2025-07-08 16:00,GWANGYANG,20FT,1,0,0,0,24,24,0,0
CARRIER_F,2025-07-08 17:00,GWANGYANG,20FT,0,0,0,0,24,24,0,0
CARRIER_F,2025-07-08 18:00,GWANGYANG,20FT,1,0,0,0,23,23,0,0
CARRIER_F,2025-07-08 19:00,GWANGYANG,20FT,0,0,0,0,23,23,0,0
CARRIER_F,2025-07-08 20:00,GWANGYANG,20FT,1,0,0,0,22,22,0,0
CARRIER_F,2025-07-08 21:00,GWANGYANG,20FT,0,0,0,0,22,22,0,0
CARRIER_F,2025-07-08 22:00,GWANGYANG,20FT,0,0,0,0,22,22,0,0
CARRIER_F,2025-07-08 23:00,GWANGYANG,20FT,0,0,0,0,22,22,0,0
CARRIER_F,2025-07-09 00:00,GWANGYANG,20FT,0,0,0,0,22,22,0,0
CARRIER_F,2025-07-09 01:00,GWANGYANG,20FT,0,0,0,0,22,22,0,0
CARRIER_F,2025-07-09 02:00,GWANGYANG,20FT,0,0,0,0,22,22,0,0
CARRIER_F,2025-07-09 03:00,GWANGYANG,20FT,0,0,0,0,22,22,0,0
CARRIER_F,2025-07-09 04:00,GWANGYANG,20FT,0,0,0,0,22,22,0,0
CARRIER_F,2025-07-09 05:00,GWANGYANG,20FT,0,0,0,0,22,22,0,0
CARRIER_F,2025-07-09 06:00,GWANGYANG,20FT,0,0,0,0,22,22,0,0
CARRIER_F,2025-07-09 07:00,GWANGYANG,20FT,3,0,0,0,19,19,0,0
CARRIER_F,2025-07-09 08:00,GWANGYANG,20FT,1,0,0,0,18,18,0,0
CARRIER_F,2025-07-09 09:00,GWANGYANG,20FT,0,0,0,0,18,18,0,0
CARRIER_F,2025-07-09 10:00,GWANGYANG,20FT,0,1,0,0,19,19,0,0
CARRIER_F,2025-07-09 11:00,GWANGYANG,20FT,1,0,0,0,18,18,0,0
CARRIER_F,2025-07-09 12:00,GWANGYANG,20FT,0,0,0,0,18,18,0,0
CARRIER_F,2025-07-09 13:00,GWANGYANG,20FT,2,0,0,0,16,16,0,0
CARRIER_F,2025-07-09 14:00,GWANGYANG,20FT,0,1,0,0,17,17,0,0
CARRIER_F,2025-07-09 15:00,GWANGYANG,20FT,4,0,0,0,13,13,0,0
CARRIER_F,2025-07-09 16:00,GWANGYANG,20FT,2,1,0,0,12,12,0,0
CARRIER_F,2025-07-09 17:00,GWANGYANG,20FT,0,0,0,0,12,12,0,0
CARRIER_F,2025-07-09 18:00,GWANGYANG,20FT,0,0,0,0,12,12,0,0
CARRIER_F,2025-07-09 19:00,GWANGYANG,20FT,0,0,0,0,12,12,0,0
CARRIER_F,2025-07-09 20:00,GWANGYANG,20FT,0,0,0,0,12,12,0,0
CARRIER_F,2025-07-09 21:00,GWANGYANG,20FT,0,0,0,0,12,12,0,0
CARRIER_F,2025-07-09 22:00,GWANGYANG,20FT,0,0,0,0,12,12,0,0
CARRIER_F,2025-07-09 23:00,GWANGYANG,20FT,0,0,0,0,12,12,0,0
CARRIER_F,2025-07-10 00:00,GWANGYANG,20FT,0,0,0,0,12,12,0,0
CARRIER_F,2025-07-10 01:00,GWANGYANG,20FT,0,0,0,0,12,12,0,0
CARRIER_F,2025-07-10 02:00,GWANGYANG,20FT,0,0,0,0,12,12,0,0
CARRIER_F,2025-07-10 03:00,GWANGYANG,20FT,0,0,0,0,12,12,0,0
CARRIER_F,2025-07-10 04:00,GWANGYANG,20FT,0,0,0,0,12,12,0,0
CARRIER_F,2025-07-10 05:00,GWANGYANG,20FT,0,0,0,0,12,12,0,0
CARRIER_F,2025-07-10 06:00,GWANGYANG,20FT,0,0,0,0,12,12,0,0
CARRIER_F,2025-07-10 07:00,GWANGYANG,20FT,1,0,0,0,11,11,0,0
CARRIER_F,2025-07-10 08:00,GWANGYANG,20FT,0,0,0,0,11,11,0,0
CARRIER_F,2025-07-10 09:00,GWANGYANG,20FT,0,1,0,0,12,12,0,0
CARRIER_F,2025-07-10 10:00,GWANGYANG,20FT,0,0,0,0,12,12,0,0
CARRIER_F,2025-07-10 11:00,GWANGYANG,20FT,1,1,0,0,12,12,0,0
CARRIER_F,2025-07-10 12:00,GWANGYANG,20FT,2,0,0,0,10,10,0,0
CARRIER_F,2025-07-10 13:00,GWANGYANG,20FT,0,0,0,0,10,10,0,0
CARRIER_F,2025-07-10 14:00,GWANGYANG,20FT,0,0,0,0,10,10,0,0
CARRIER_F,2025-07-10 15:00,GWANGYANG,20FT,0,1,0,0,11,11,0,0
CARRIER_F,2025-07-10 16:00,GWANGYANG,20FT,1,0,0,0,10,10,0,0
CARRIER_F,2025-07-10 17:00,GWANGYANG,20FT,0,0,0,0,10,10,0,0
CARRIER_F,2025-07-10 18:00,GWANGYANG,20FT,0,1,0,0,11,11,0,0
CARRIER_F,2025-07-10 19:00,GWANGYANG,20FT,0,0,0,0,11,11,0,0
CARRIER_F,2025-07-10 20:00,GWANGYANG,20FT,0,0,0,0,11,11,0,0
CARRIER_F,2025-07-10 21:00,GWANGYANG,20FT,0,0,0,0,11,11,0,0
CARRIER_F,2025-07-10 22:00,GWANGYANG,20FT,0,0,0,0,11,11,0,0
CARRIER_F,2025-07-10 23:00,GWANGYANG,20FT,0,0,0,0,11,11,0,0
CARRIER_F,2025-07-11 00:00,GWANGYANG,20FT,0,0,0,0,11,11,0,0
CARRIER_F,2025-07-11 01:00,GWANGYANG,20FT,0,0,0,0,11,11,0,0
CARRIER_F,2025-07-11 02:00,GWANGYANG,20FT,0,0,0,0,11,11,0,0
CARRIER_F,2025-07-11 03:00,GWANGYANG,20FT,0,0,0,0,11,11,0,0
CARRIER_F,2025-07-11 04:00,GWANGYANG,20FT,0,0,0,0,11,11,0,0
CARRIER_F,2025-07-11 05:00,GWANGYANG,20FT,0,0,0,0,11,11,0,0
CARRIER_F,2025-07-11 06:00,GWANGYANG,20FT,0,0,0,0,11,11,0,0
CARRIER_F,2025-07-11 07:00,GWANGYANG,20FT,1,0,0,0,10,10,0,0
CARRIER_F,2025-07-11 08:00,GWANGYANG,20FT,0,0,0,0,10,10,0,0
CARRIER_F,2025-07-11 09:00,GWANGYANG,20FT,0,0,0,0,10,10,0,0
CARRIER_F,2025-07-11 10:00,GWANGYANG,20FT,0,1,0,0,11,11,0,0
CARRIER_F,2025-07-11 11:00,GWANGYANG,20FT,2,0,0,0,9,9,0,0
CARRIER_F,2025-07-11 12:00,GWANGYANG,20FT,0,1,0,0,10,10,0,0
CARRIER_F,2025-07-11 13:00,GWANGYANG,20FT,0,0,0,0,10,10,0,0
CARRIER_F,2025-07-11 14:00,GWANGYANG,20FT,0,2,0,0,12,12,0,0
CARRIER_F,2025-07-11 15:00,GWANGYANG,20FT,0,1,0,0,13,13,0,0
CARRIER_F,2025-07-11 16:00,GWANGYANG,20FT,4,0,0,0,9,9,0,0
CARRIER_F,2025-07-11 17:00,GWANGYANG,20FT,0,0,0,0,9,9,0,0
CARRIER_F,2025-07-11 18:00,GWANGYANG,20FT,1,0,0,0,8,8,0,0
CARRIER_F,2025-07-11 19:00,GWANGYANG,20FT,0,0,0,0,8,8,0,0
CARRIER_F,2025-07-11 20:00,GWANGYANG,20FT,0,0,0,0,8,8,0,0
CARRIER_F,2025-07-11 21:00,GWANGYANG,20FT,0,0,0,0,8,8,0,0
CARRIER_F,2025-07-11 22:00,GWANGYANG,20FT,0,0,0,0,8,8,0,0
CARRIER_F,2025-07-11 23:00,GWANGYANG,20FT,0,0,0,0,8,8,0,0
CARRIER_F,2025-07-12 00:00,GWANGYANG,20FT,0,0,0,0,8,8,0,0
CARRIER_F,2025-07-12 01:00,GWANGYANG,20FT,0,0,0,0,8,8,0,0
CARRIER_F,2025-07-12 02:00,GWANGYANG,20FT,0,0,0,0,8,8,0,0
CARRIER_F,2025-07-12 03:00,GWANGYANG,20FT,0,0,0,0,8,8,0,0
CARRIER_F,2025-07-12 04:00,GWANGYANG,20FT,0,0,0,0,8,8,0,0
CARRIER_F,2025-07-12 05:00,GWANGYANG,20FT,1,0,0,0,7,7,0,0
CARRIER_F,2025-07-12 06:00,GWANGYANG,20FT,0,0,0,0,7,7,0,0
CARRIER_F,2025-07-12 07:00,GWANGYANG,20FT,0,0,0,0,7,7,0,0
CARRIER_F,2025-07-12 08:00,GWANGYANG,20FT,1,0,0,0,6,6,0,0
CARRIER_F,2025-07-12 09:00,GWANGYANG,20FT,1,1,0,0,6,6,0,0
CARRIER_F,2025-07-12 10:00,GWANGYANG,20FT,0,2,0,0,8,8,0,0
CARRIER_F,2025-07-12 11:00,GWANGYANG,20FT,1,1,0,0,8,8,0,0
CARRIER_F,2025-07-12 12:00,GWANGYANG,20FT,0,0,0,0,8,8,0,0
CARRIER_F,2025-07-12 13:00,GWANGYANG,20FT,1,0,0,0,7,7,0,0
CARRIER_F,2025-07-12 14:00,GWANGYANG,20FT,0,0,0,0,7,7,0,0
CARRIER_F,2025-07-12 15:00,GWANGYANG,20FT,2,0,0,0,5,5,0,0
CARRIER_F,2025-07-12 16:00,GWANGYANG,20FT,3,0,0,0,2,2,0,0
CARRIER_F,2025-07-12 17:00,GWANGYANG,20FT,0,0,0,0,2,2,0,0
CARRIER_F,2025-07-12 18:00,GWANGYANG,20FT,0,0,0,0,2,2,0,0
CARRIER_F,2025-07-12 19:00,GWANGYANG,20FT,0,0,0,0,2,2,0,0
CARRIER_F,2025-07-12 20:00,GWANGYANG,20FT,0,0,0,0,2,2,0,0
CARRIER_F,2025-07-12 21:00,GWANGYANG,20FT,0,0,0,0,2,2,0,0
CARRIER_F,2025-07-12 22:00,GWANGYANG,20FT,0,0,0,0,2,2,0,0
CARRIER_F,2025-07-12 23:00,GWANGYANG,20FT,0,0,0,0,2,2,0,0
CARRIER_F,2025-07-13 00:00,GWANGYANG,20FT,0,0,0,0,2,2,0,0
CARRIER_F,2025-07-13 01:00,GWANGYANG,20FT,0,0,0,0,2,2,0,0
CARRIER_F,2025-07-13 02:00,GWANGYANG,20FT,0,0,0,0,2,2,0,0
CARRIER_F,2025-07-13 03:00,GWANGYANG,20FT,0,0,0,0,2,2,0,0
CARRIER_F,2025-07-13 04:00,GWANGYANG,20FT,0,0,0,0,2,2,0,0
CARRIER_F,2025-07-13 05:00,GWANGYANG,20FT,0,0,0,0,2,2,0,0
CARRIER_F,2025-07-13 06:00,GWANGYANG,20FT,1,0,0,0,1,1,0,0
CARRIER_F,2025-07-13 07:00,GWANGYANG,20FT,0,0,0,0,1,1,0,0
CARRIER_F,2025-07-13 08:00,GWANGYANG,20FT,0,0,0,0,1,1,0,0
CARRIER_F,2025-07-13 09:00,GWANGYANG,20FT,1,0,0,0,0,0,0,0
CARRIER_F,2025-07-13 10:00,GWANGYANG,20FT,1,0,0,0,0,0,1,1
CARRIER_F,2025-07-13 11:00,GWANGYANG,20FT,0,0,0,0,0,0,0,0
CARRIER_F,2025-07-13 12:00,GWANGYANG,20FT,0,1,0,0,1,1,0,0
CARRIER_F,2025-07-13 13:00,GWANGYANG,20FT,0,1,0,0,2,2,0,0
CARRIER_F,2025-07-13 14:00,GWANGYANG,20FT,0,0,0,0,2,2,0,0
CARRIER_F,2025-07-13 15:00,GWANGYANG,20FT,0,0,0,0,2,2,0,0
CARRIER_F,2025-07-13 16:00,GWANGYANG,20FT,0,0,0,0,2,2,0,0
CARRIER_F,2025-07-13 17:00,GWANGYANG,20FT,2,4,0,0,4,4,0,0
CARRIER_F,2025-07-13 18:00,GWANGYANG,20FT,1,0,0,0,3,3,0,0
CARRIER_F,2025-07-13 19:00,GWANGYANG,20FT,0,0,0,0,3,3,0,0
CARRIER_F,2025-07-13 20:00,GWANGYANG,20FT,0,0,0,0,3,3,0,0
CARRIER_F,2025-07-13 21:00,GWANGYANG,20FT,0,0,0,0,3,3,0,0
CARRIER_F,2025-07-13 22:00,GWANGYANG,20FT,0,0,0,0,3,3,0,0
CARRIER_F,2025-07-13 23:00,GWANGYANG,20FT,0,0,0,0,3,3,0,0
CARRIER_F,2025-07-14 00:00,GWANGYANG,20FT,0,0,0,0,3,3,0,0
CARRIER_F,2025-07-14 01:00,GWANGYANG,20FT,0,0,0,0,3,3,0,0
CARRIER_F,2025-07-14 02:00,GWANGYANG,20FT,0,0,0,0,3,3,0,0
CARRIER_F,2025-07-14 03:00,GWANGYANG,20FT,0,0,0,0,3,3,0,0
CARRIER_F,2025-07-14 04:00,GWANGYANG,20FT,0,0,0,0,3,3,0,0
CARRIER_F,2025-07-14 05:00,GWANGYANG,20FT,0,0,0,0,3,3,0,0
CARRIER_F,2025-07-14 06:00,GWANGYANG,20FT,2,0,0,0,1,1,0,0
CARRIER_F,2025-07-14 07:00,GWANGYANG,20FT,1,0,0,0,0,0,0,0
CARRIER_F,2025-07-14 08:00,GWANGYANG,20FT,0,0,0,0,0,0,0,0
CARRIER_F,2025-07-14 09:00,GWANGYANG,20FT,0,0,0,0,0,0,0,0
CARRIER_F,2025-07-14 10:00,GWANGYANG,20FT,0,0,0,0,0,0,0,0
CARRIER_F,2025-07-14 11:00,GWANGYANG,20FT,1,0,0,0,0,0,1,1
CARRIER_F,2025-07-14 12:00,GWANGYANG,20FT,0,0,0,0,0,0,0,0
CARRIER_F,2025-07-14 13:00,GWANGYANG,20FT,1,0,0,0,0,0,1,1
CARRIER_F,2025-07-14 14:00,GWANGYANG,20FT,0,0,0,0,0,0,0,0
CARRIER_F,2025-07-14 15:00,GWANGYANG,20FT,1,0,0,0,0,0,1,1
CARRIER_F,2025-07-14 16:00,GWANGYANG,20FT,2,2,0,0,0,0,0,0
CARRIER_F,2025-07-14 17:00,GWANGYANG,20FT,1,0,0,0,0,0,1,1
CARRIER_F,2025-07-14 18:00,GWANGYANG,20FT,2,1,0,0,0,0,1,1
CARRIER_F,2025-07-14 19:00,GWANGYANG,20FT,0,1,0,0,1,1,0,0
CARRIER_F,2025-07-14 20:00,GWANGYANG,20FT,0,0,0,0,1,1,0,0
CARRIER_F,2025-07-14 21:00,GWANGYANG,20FT,0,0,0,0,1,1,0,0
CARRIER_F,2025-07-14 22:00,GWANGYANG,20FT,0,0,0,0,1,1,0,0
CARRIER_F,2025-07-14 23:00,GWANGYANG,20FT,0,0,0,0,1,1,0,0
CARRIER_F,2025-07-08 00:00,GWANGYANG,40FT,0,0,0,0,8,8,0,0
CARRIER_F,2025-07-08 01:00,GWANGYANG,40FT,0,0,0,0,8,8,0,0
CARRIER_F,2025-07-08 02:00,GWANGYANG,40FT,0,0,0,0,8,8,0,0
CARRIER_F,2025-07-08 03:00,GWANGYANG,40FT,0,0,0,0,8,8,0,0
CARRIER_F,2025-07-08 04:00,GWANGYANG,40FT,0,0,0,0,8,8,0,0
CARRIER_F,2025-07-08 05:00,GWANGYANG,40FT,0,0,0,0,8,8,0,0
CARRIER_F,2025-07-08 06:00,GWANGYANG,40FT,0,0,0,0,8,8,0,0
CARRIER_F,2025-07-08 07:00,GWANGYANG,40FT,0,0,0,0,8,8,0,0
CARRIER_F,2025-07-08 08:00,GWANGYANG,40FT,0,0,0,0,8,8,0,0
CARRIER_F,2025-07-08 09:00,GWANGYANG,40FT,0,0,0,0,8,8,0,0
CARRIER_F,2025-07-08 10:00,GWANGYANG,40FT,1,0,0,0,7,7,0,0
CARRIER_F,2025-07-08 11:00,GWANGYANG,40FT,1,0,0,0,6,6,0,0
CARRIER_F,2025-07-08 12:00,GWANGYANG,40FT,1,0,0,0,5,5,0,0
CARRIER_F,2025-07-08 13:00,GWANGYANG,40FT,0,0,0,0,5,5,0,0
CARRIER_F,2025-07-08 14:00,GWANGYANG,40FT,0,0,0,0,5,5,0,0
CARRIER_F,2025-07-08 15:00,GWANGYANG,40FT,0,1,0,0,6,6,0,0
CARRIER_F,2025-07-08 16:00,GWANGYANG,40FT,0,0,0,0,6,6,0,0
CARRIER_F,2025-07-08 17:00,GWANGYANG,40FT,0,0,0,0,6,6,0,0
CARRIER_F,2025-07-08 18:00,GWANGYANG,40FT,0,0,0,0,6,6,0,0
CARRIER_F,2025-07-08 19:00,GWANGYANG,40FT,0,0,0,0,6,6,0,0
CARRIER_F,2025-07-08 20:00,GWANGYANG,40FT,0,0,0,0,6,6,0,0
CARRIER_F,2025-07-08 21:00,GWANGYANG,40FT,0,0,0,0,6,6,0,0
CARRIER_F,2025-07-08 22:00,GWANGYANG,40FT,0,0,0,0,6,6,0,0
CARRIER_F,2025-07-08 23:00,GWANGYANG,40FT,0,0,0,0,6,6,0,0
CARRIER_F,2025-07-09 00:00,GWANGYANG,40FT,0,0,0,0,6,6,0,0
CARRIER_F,2025-07-09 01:00,GWANGYANG,40FT,0,0,0,0,6,6,0,0
CARRIER_F,2025-07-09 02:00,GWANGYANG,40FT,0,0,0,0,6,6,0,0
CARRIER_F,2025-07-09 03:00,GWANGYANG,40FT,0,0,0,0,6,6,0,0
CARRIER_F,2025-07-09 04:00,GWANGYANG,40FT,0,0,0,0,6,6,0,0
CARRIER_F,2025-07-09 05:00,GWANGYANG,40FT,0,0,0,0,6,6,0,0
CARRIER_F,2025-07-09 06:00,GWANGYANG,40FT,0,0,0,0,6,6,0,0
CARRIER_F,2025-07-09 07:00,GWANGYANG,40FT,1,0,0,0,5,5,0,0
CARRIER_F,2025-07-09 08:00,GWANGYANG,40FT,0,0,0,0,5,5,0,0
CARRIER_F,2025-07-09 09:00,GWANGYANG,40FT,0,1,0,0,6,6,0,0
CARRIER_F,2025-07-09 10:00,GWANGYANG,40FT,0,1,0,0,7,7,0,0
CARRIER_F,2025-07-09 11:00,GWANGYANG,40FT,0,0,0,0,7,7,0,0
CARRIER_F,2025-07-09 12:00,GWANGYANG,40FT,0,0,0,0,7,7,0,0
CARRIER_F,2025-07-09 13:00,GWANGYANG,40FT,0,0,0,0,7,7,0,0
CARRIER_F,2025-07-09 14:00,GWANGYANG,40FT,0,1,0,0,8,8,0,0
CARRIER_F,2025-07-09 15:00,GWANGYANG,40FT,0,1,0,0,9,9,0,0
CARRIER_F,2025-07-09 16:00,GWANGYANG,40FT,1,0,0,0,8,8,0,0
CARRIER_F,2025-07-09 17:00,GWANGYANG,40FT,1,0,0,0,7,7,0,0
CARRIER_F,2025-07-09 18:00,GWANGYANG,40FT,1,0,0,0,6,6,0,0
CARRIER_F,2025-07-09 19:00,GWANGYANG,40FT,0,0,0,0,6,6,0,0
CARRIER_F,2025-07-09 20:00,GWANGYANG,40FT,0,0,0,0,6,6,0,0
CARRIER_F,2025-07-09 21:00,GWANGYANG,40FT,0,0,0,0,6,6,0,0
CARRIER_F,2025-07-09 22:00,GWANGYANG,40FT,0,0,0,0,6,6,0,0
CARRIER_F,2025-07-09 23:00,GWANGYANG,40FT,0,0,0,0,6,6,0,0
CARRIER_F,2025-07-10 00:00,GWANGYANG,40FT,0,0,0,0,6,6,0,0
CARRIER_F,2025-07-10 01:00,GWANGYANG,40FT,0,0,0,0,6,6,0,0
CARRIER_F,2025-07-10 02:00,GWANGYANG,40FT,0,0,0,0,6,6,0,0
CARRIER_F,2025-07-10 03:00,GWANGYANG,40FT,0,0,0,0,6,6,0,0
CARRIER_F,2025-07-10 04:00,GWANGYANG,40FT,0,0,0,0,6,6,0,0
CARRIER_F,2025-07-10 05:00,GWANGYANG,40FT,0,0,0,0,6,6,0,0
CARRIER_F,2025-07-10 06:00,GWANGYANG,40FT,0,0,0,0,6,6,0,0
CARRIER_F,2025-07-10 07:00,GWANGYANG,40FT,0,0,0,0,6,6,0,0
CARRIER_F,2025-07-10 08:00,GWANGYANG,40FT,0,0,0,0,6,6,0,0
CARRIER_F,2025-07-10 09:00,GWANGYANG,40FT,0,0,0,0,6,6,0,0
CARRIER_F,2025-07-10 10:00,GWANGYANG,40FT,0,1,0,0,7,7,0,0
CARRIER_F,2025-07-10 11:00,GWANGYANG,40FT,0,0,0,0,7,7,0,0
CARRIER_F,2025-07-10 12:00,GWANGYANG,40FT,1,0,0,0,6,6,0,0
CARRIER_F,2025-07-10 13:00,GWANGYANG,40FT,0,0,0,0,6,6,0,0
CARRIER_F,2025-07-10 14:00,GWANGYANG,40FT,0,0,0,0,6,6,0,0
CARRIER_F,2025-07-10 15:00,GWANGYANG,40FT,0,0,0,0,6,6,0,0
CARRIER_F,2025-07-10 16:00,GWANGYANG,40FT,1,0,0,0,5,5,0,0
CARRIER_F,2025-07-10 17:00,GWANGYANG,40FT,0,0,0,0,5,5,0,0
CARRIER_F,2025-07-10 18:00,GWANGYANG,40FT,1,0,0,0,4,4,0,0
CARRIER_F,2025-07-10 19:00,GWANGYANG,40FT,0,0,0,0,4,4,0,0
CARRIER_F,2025-07-10 20:00,GWANGYANG,40FT,0,0,0,0,4,4,0,0
CARRIER_F,2025-07-10 21:00,GWANGYANG,40FT,0,0,0,0,4,4,0,0
CARRIER_F,2025-07-10 22:00,GWANGYANG,40FT,0,0,0,0,4,4,0,0
CARRIER_F,2025-07-10 23:00,GWANGYANG,40FT,0,0,0,0,4,4,0,0
CARRIER_F,2025-07-11 00:00,GWANGYANG,40FT,0,0,0,0,4,4,0,0
CARRIER_F,2025-07-11 01:00,GWANGYANG,40FT,0,0,0,0,4,4,0,0
CARRIER_F,2025-07-11 02:00,GWANGYANG,40FT,0,0,0,0,4,4,0,0
CARRIER_F,2025-07-11 03:00,GWANGYANG,40FT,0,0,0,0,4,4,0,0
CARRIER_F,2025-07-11 04:00,GWANGYANG,40FT,0,0,0,0,4,4,0,0
CARRIER_F,2025-07-11 05:00,GWANGYANG,40FT,0,0,0,0,4,4,0,0
CARRIER_F,2025-07-11 06:00,GWANGYANG,40FT,0,0,0,0,4,4,0,0
CARRIER_F,2025-07-11 07:00,GWANGYANG,40FT,0,0,0,0,4,4,0,0
CARRIER_F,2025-07-11 08:00,GWANGYANG,40FT,0,0,0,0,4,4,0,0
CARRIER_F,2025-07-11 09:00,GWANGYANG,40FT,0,0,0,0,4,4,0,0
CARRIER_F,2025-07-11 10:00,GWANGYANG,40FT,1,0,0,0,3,3,0,0
CARRIER_F,2025-07-11 11:00,GWANGYANG,40FT,0,0,0,0,3,3,0,0
CARRIER_F,2025-07-11 12:00,GWANGYANG,40FT,0,1,0,0,4,4,0,0
CARRIER_F,2025-07-11 13:00,GWANGYANG,40FT,0,0,0,0,4,4,0,0
CARRIER_F,2025-07-11 14:00,GWANGYANG,40FT,1,0,0,0,3,3,0,0
CARRIER_F,2025-07-11 15:00,GWANGYANG,40FT,0,0,0,0,3,3,0,0
CARRIER_F,2025-07-11 16:00,GWANGYANG,40FT,0,0,0,0,3,3,0,0
CARRIER_F,2025-07-11 17:00,GWANGYANG,40FT,0,0,0,0,3,3,0,0
CARRIER_F,2025-07-11 18:00,GWANGYANG,40FT,0,0,0,0,3,3,0,0
CARRIER_F,2025-07-11 19:00,GWANGYANG,40FT,0,0,0,0,3,3,0,0
CARRIER_F,2025-07-11 20:00,GWANGYANG,40FT,0,1,0,0,4,4,0,0
CARRIER_F,2025-07-11 21:00,GWANGYANG,40FT,0,0,0,0,4,4,0,0
CARRIER_F,2025-07-11 22:00,GWANGYANG,40FT,0,0,0,0,4,4,0,0
CARRIER_F,2025-07-11 23:00,GWANGYANG,40FT,0,0,0,0,4,4,0,0
CARRIER_F,2025-07-12 00:00,GWANGYANG,40FT,0,0,0,0,4,4,0,0
CARRIER_F,2025-07-12 01:00,GWANGYANG,40FT,0,0,0,0,4,4,0,0
CARRIER_F,2025-07-12 02:00,GWANGYANG,40FT,0,0,0,0,4,4,0,0
CARRIER_F,2025-07-12 03:00,GWANGYANG,40FT,0,0,0,0,4,4,0,0
CARRIER_F,2025-07-12 04:00,GWANGYANG,40FT,0,0,0,0,4,4,0,0
CARRIER_F,2025-07-12 05:00,GWANGYANG,40FT,0,0,0,0,4,4,0,0
CARRIER_F,2025-07-12 06:00,GWANGYANG,40FT,0,0,0,0,4,4,0,0
CARRIER_F,2025-07-12 07:00,GWANGYANG,40FT,1,0,0,0,3,3,0,0
CARRIER_F,2025-07-12 08:00,GWANGYANG,40FT,0,0,0,0,3,3,0,0
CARRIER_F,2025-07-12 09:00,GWANGYANG,40FT,1,0,0,0,2,2,0,0
CARRIER_F,2025-07-12 10:00,GWANGYANG,40FT,0,0,0,0,2,2,0,0
CARRIER_F,2025-07-12 11:00,GWANGYANG,40FT,0,0,0,0,2,2,0,0
CARRIER_F,2025-07-12 12:00,GWANGYANG,40FT,0,0,0,0,2,2,0,0
CARRIER_F,2025-07-12 13:00,GWANGYANG,40FT,0,0,0,0,2,2,0,0
CARRIER_F,2025-07-12 14:00,GWANGYANG,40FT,0,0,0,0,2,2,0,0
CARRIER_F,2025-07-12 15:00,GWANGYANG,40FT,0,0,0,0,2,2,0,0
CARRIER_F,2025-07-12 16:00,GWANGYANG,40FT,0,1,0,0,3,3,0,0
CARRIER_F,2025-07-12 17:00,GWANGYANG,40FT,0,0,0,0,3,3,0,0
CARRIER_F,2025-07-12 18:00,GWANGYANG,40FT,1,0,0,0,2,2,0,0
CARRIER_F,2025-07-12 19:00,GWANGYANG,40FT,0,0,0,0,2,2,0,0
CARRIER_F,2025-07-12 20:00,GWANGYANG,40FT,0,0,0,0,2,2,0,0
CARRIER_F,2025-07-12 21:00,GWANGYANG,40FT,0,0,0,0,2,2,0,0
CARRIER_F,2025-07-12 22:00,GWANGYANG,40FT,0,0,0,0,2,2,0,0
CARRIER_F,2025-07-12 23:00,GWANGYANG,40FT,0,0,0,0,2,2,0,0
CARRIER_F,2025-07-13 00:00,GWANGYANG,40FT,0,0,0,0,2,2,0,0
CARRIER_F,2025-07-13 01:00,GWANGYANG,40FT,0,0,0,0,2,2,0,0
CARRIER_F,2025-07-13 02:00,GWANGYANG,40FT,0,0,0,0,2,2,0,0
CARRIER_F,2025-07-13 03:00,GWANGYANG,40FT,0,0,0,0,2,2,0,0
CARRIER_F,2025-07-13 04:00,GWANGYANG,40FT,0,0,0,0,2,2,0,0
CARRIER_F,2025-07-13 05:00,GWANGYANG,40FT,0,0,0,0,2,2,0,0
CARRIER_F,2025-07-13 06:00,GWANGYANG,40FT,0,0,0,0,2,2,0,0
CARRIER_F,2025-07-13 07:00,GWANGYANG,40FT,1,0,0,0,1,1,0,0
CARRIER_F,2025-07-13 08:00,GWANGYANG,40FT,0,0,0,0,1,1,0,0
CARRIER_F,2025-07-13 09:00,GWANGYANG,40FT,0,0,0,0,1,1,0,0
CARRIER_F,2025-07-13 10:00,GWANGYANG,40FT,0,0,0,0,1,1,0,0
CARRIER_F,2025-07-13 11:00,GWANGYANG,40FT,0,0,0,0,1,1,0,0
CARRIER_F,2025-07-13 12:00,GWANGYANG,40FT,0,0,0,0,1,1,0,0
CARRIER_F,2025-07-13 13:00,GWANGYANG,40FT,0,0,0,0,1,1,0,0
CARRIER_F,2025-07-13 14:00,GWANGYANG,40FT,0,0,0,0,1,1,0,0
CARRIER_F,2025-07-13 15:00,GWANGYANG,40FT,0,0,0,0,1,1,0,0
CARRIER_F,2025-07-13 16:00,GWANGYANG,40FT,0,0,0,0,1,1,0,0
CARRIER_F,2025-07-13 17:00,GWANGYANG,40FT,0,0,0,0,1,1,0,0
CARRIER_F,2025-07-13 18:00,GWANGYANG,40FT,0,0,0,0,1,1,0,0
CARRIER_F,2025-07-13 19:00,GWANGYANG,40FT,0,0,0,0,1,1,0,0
CARRIER_F,2025-07-13 20:00,GWANGYANG,40FT,0,0,0,0,1,1,0,0
CARRIER_F,2025-07-13 21:00,GWANGYANG,40FT,0,0,0,0,1,1,0,0
CARRIER_F,2025-07-13 22:00,GWANGYANG,40FT,0,0,0,0,1,1,0,0
CARRIER_F,2025-07-13 23:00,GWANGYANG,40FT,0,0,0,0,1,1,0,0
CARRIER_F,2025-07-14 00:00,GWANGYANG,40FT,0,0,0,0,1,1,0,0
CARRIER_F,2025-07-14 01:00,GWANGYANG,40FT,0,0,0,0,1,1,0,0
CARRIER_F,2025-07-14 02:00,GWANGYANG,40FT,0,0,0,0,1,1,0,0
CARRIER_F,2025-07-14 03:00,GWANGYANG,40FT,0,0,0,0,1,1,0,0
CARRIER_F,2025-07-14 04:00,GWANGYANG,40FT,0,0,0,0,1,1,0,0
CARRIER_F,2025-07-14 05:00,GWANGYANG,40FT,0,0,0,0,1,1,0,0
CARRIER_F,2025-07-14 06:00,GWANGYANG,40FT,0,0,0,0,1,1,0,0
CARRIER_F,2025-07-14 07:00,GWANGYANG,40FT,0,0,0,0,1,1,0,0
CARRIER_F,2025-07-14 08:00,GWANGYANG,40FT,0,0,0,0,1,1,0,0
CARRIER_F,2025-07-14 09:00,GWANGYANG,40FT,1,0,0,0,0,0,0,0
CARRIER_F,2025-07-14 10:00,GWANGYANG,40FT,0,0,0,0,0,0,0,0
CARRIER_F,2025-07-14 11:00,GWANGYANG,40FT,0,0,0,0,0,0,0,0
CARRIER_F,2025-07-14 12:00,GWANGYANG,40FT,0,0,0,0,0,0,0,0
CARRIER_F,2025-07-14 13:00,GWANGYANG,40FT,0,0,0,0,0,0,0,0
CARRIER_F,2025-07-14 14:00,GWANGYANG,40FT,0,0,0,0,0,0,0,0
CARRIER_F,2025-07-14 15:00,GWANGYANG,40FT,1,0,0,0,0,0,1,1
CARRIER_F,2025-07-14 16:00,GWANGYANG,40FT,0,0,0,0,0,0,0,0
CARRIER_F,2025-07-14 17:00,GWANGYANG,40FT,0,0,0,0,0,0,0,0
CARRIER_F,2025-07-14 18:00,GWANGYANG,40FT,0,0,0,0,0,0,0,0
CARRIER_F,2025-07-14 19:00,GWANGYANG,40FT,0,0,0,0,0,0,0,0
CARRIER_F,2025-07-14 20:00,GWANGYANG,40FT,0,0,0,0,0,0,0,0
CARRIER_F,2025-07-14 21:00,GWANGYANG,40FT,0,0,0,0,0,0,0,0
CARRIER_F,2025-07-14 22:00,GWANGYANG,40FT,0,0,0,0,0,0,0,0
CARRIER_F,2025-07-14 23:00,GWANGYANG,40FT,0,0,0,0,0,0,0,0
CARRIER_F,2025-07-08 00:00,UIWANG,20FT,0,0,0,0,16,16,0,0
CARRIER_F,2025-07-08 01:00,UIWANG,20FT,0,0,0,0,16,16,0,0
CARRIER_F,2025-07-08 02:00,UIWANG,20FT,0,0,0,0,16,16,0,0
CARRIER_F,2025-07-08 03:00,UIWANG,20FT,0,0,0,0,16,16,0,0
CARRIER_F,2025-07-08 04:00,UIWANG,20FT,0,0,0,0,16,16,0,0
CARRIER_F,2025-07-08 05:00,UIWANG,20FT,0,0,0,0,16,16,0,0
CARRIER_F,2025-07-08 06:00,UIWANG,20FT,0,0,0,0,16,16,0,0
CARRIER_F,2025-07-08 07:00,UIWANG,20FT,0,0,0,0,16,16,0,0
CARRIER_F,2025-07-08 08:00,UIWANG,20FT,2,0,0,0,14,14,0,0
CARRIER_F,2025-07-08 09:00,UIWANG,20FT,0,2,0,0,16,16,0,0
CARRIER_F,2025-07-08 10:00,UIWANG,20FT,0,1,0,0,17,17,0,0
CARRIER_F,2025-07-08 11:00,UIWANG,20FT,0,0,0,0,17,17,0,0
CARRIER_F,2025-07-08 12:00,UIWANG,20FT,0,0,0,0,17,17,0,0
CARRIER_F,2025-07-08 13:00,UIWANG,20FT,0,1,0,0,18,18,0,0
CARRIER_F,2025-07-08 14:00,UIWANG,20FT,1,0,0,0,17,17,0,0
CARRIER_F,2025-07-08 15:00,UIWANG,20FT,0,0,0,0,17,17,0,0
CARRIER_F,2025-07-08 16:00,UIWANG,20FT,0,2,0,0,19,19,0,0
CARRIER_F,2025-07-08 17:00,UIWANG,20FT,0,0,0,0,19,19,0,0
CARRIER_F,2025-07-08 18:00,UIWANG,20FT,0,0,0,0,19,19,0,0
CARRIER_F,2025-07-08 19:00,UIWANG,20FT,0,0,0,0,19,19,0,0
CARRIER_F,2025-07-08 20:00,UIWANG,20FT,0,0,0,0,19,19,0,0
CARRIER_F,2025-07-08 21:00,UIWANG,20FT,0,0,0,0,19,19,0,0
CARRIER_F,2025-07-08 22:00,UIWANG,20FT,0,0,0,0,19,19,0,0
CARRIER_F,2025-07-08 23:00,UIWANG,20FT,0,0,0,0,19,19,0,0
CARRIER_F,2025-07-09 00:00,UIWANG,20FT,0,0,0,0,19,19,0,0
CARRIER_F,2025-07-09 01:00,UIWANG,20FT,0,0,0,0,19,19,0,0
CARRIER_F,2025-07-09 02:00,UIWANG,20FT,0,0,0,0,19,19,0,0
CARRIER_F,2025-07-09 03:00,UIWANG,20FT,0,0,0,0,19,19,0,0
CARRIER_F,2025-07-09 04:00,UIWANG,20FT,0,0,0,0,19,19,0,0
CARRIER_F,2025-07-09 05:00,UIWANG,20FT,1,0,0,0,18,18,0,0
CARRIER_F,2025-07-09 06:00,UIWANG,20FT,0,0,0,0,18,18,0,0
CARRIER_F,2025-07-09 07:00,UIWANG,20FT,1,0,0,0,17,17,0,0
CARRIER_F,2025-07-09 08:00,UIWANG,20FT,0,0,0,0,17,17,0,0
CARRIER_F,2025-07-09 09:00,UIWANG,20FT,0,2,0,0,19,19,0,0
CARRIER_F,2025-07-09 10:00,UIWANG,20FT,1,3,0,0,21,21,0,0
CARRIER_F,2025-07-09 11:00,UIWANG,20FT,1,1,0,0,21,21,0,0
CARRIER_F,2025-07-09 12:00,UIWANG,20FT,1,0,0,0,20,20,0,0
CARRIER_F,2025-07-09 13:00,UIWANG,20FT,1,0,0,0,19,19,0,0
CARRIER_F,2025-07-09 14:00,UIWANG,20FT,2,0,0,0,17,17,0,0
CARRIER_F,2025-07-09 15:00,UIWANG,20FT,0,1,0,0,18,18,0,0
CARRIER_F,2025-07-09 16:00,UIWANG,20FT,0,1,0,0,19,19,0,0
CARRIER_F,2025-07-09 17:00,UIWANG,20FT,0,3,0,0,22,22,0,0
CARRIER_F,2025-07-09 18:00,UIWANG,20FT,0,0,0,0,22,22,0,0
CARRIER_F,2025-07-09 19:00,UIWANG,20FT,0,0,0,0,22,22,0,0
CARRIER_F,2025-07-09 20:00,UIWANG,20FT,0,3,0,0,25,25,0,0
CARRIER_F,2025-07-09 21:00,UIWANG,20FT,0,0,0,0,25,25,0,0
CARRIER_F,2025-07-09 22:00,UIWANG,20FT,0,0,0,0,25,25,0,0
CARRIER_F,2025-07-09 23:00,UIWANG,20FT,0,0,0,0,25,25,0,0
CARRIER_F,2025-07-10 00:00,UIWANG,20FT,0,0,0,0,25,25,0,0
CARRIER_F,2025-07-10 01:00,UIWANG,20FT,0,0,0,0,25,25,0,0
CARRIER_F,2025-07-10 02:00,UIWANG,20FT,0,0,0,0,25,25,0,0
CARRIER_F,2025-07-10 03:00,UIWANG,20FT,0,0,0,0,25,25,0,0
CARRIER_F,2025-07-10 04:00,UIWANG,20FT,0,0,0,0,25,25,0,0
CARRIER_F,2025-07-10 05:00,UIWANG,20FT,1,0,0,0,24,24,0,0
CARRIER_F,2025-07-10 06:00,UIWANG,20FT,0,0,0,0,24,24,0,0
CARRIER_F,2025-07-10 07:00,UIWANG,20FT,1,0,0,0,23,23,0,0
CARRIER_F,2025-07-10 08:00,UIWANG,20FT,0,0,0,0,23,23,0,0
CARRIER_F,2025-07-10 09:00,UIWANG,20FT,0,1,0,0,24,24,0,0
CARRIER_F,2025-07-10 10:00,UIWANG,20FT,1,1,0,0,24,24,0,0
CARRIER_F,2025-07-10 11:00,UIWANG,20FT,1,3,0,0,26,26,0,0
CARRIER_F,2025-07-10 12:00,UIWANG,20FT,1,4,0,0,29,29,0,0
CARRIER_F,2025-07-10 13:00,UIWANG,20FT,1,3,0,0,31,31,0,0
CARRIER_F,2025-07-10 14:00,UIWANG,20FT,1,1,0,0,31,31,0,0
CARRIER_F,2025-07-10 15:00,UIWANG,20FT,0,2,0,0,33,33,0,0
CARRIER_F,2025-07-10 16:00,UIWANG,20FT,0,1,0,0,34,34,0,0
CARRIER_F,2025-07-10 17:00,UIWANG,20FT,1,2,0,0,35,35,0,0
CARRIER_F,2025-07-10 18:00,UIWANG,20FT,0,0,0,0,35,35,0,0
CARRIER_F,2025-07-10 19:00,UIWANG,20FT,0,0,0,0,35,35,0,0
CARRIER_F,2025-07-10 20:00,UIWANG,20FT,0,0,0,0,35,35,0,0
CARRIER_F,2025-07-10 21:00,UIWANG,20FT,0,0,0,0,35,35,0,0
CARRIER_F,2025-07-10 22:00,UIWANG,20FT,0,0,0,0,35,35,0,0
CARRIER_F,2025-07-10 23:00,UIWANG,20FT,0,0,0,0,35,35,0,0
CARRIER_F,2025-07-11 00:00,UIWANG,20FT,0,0,0,0,35,35,0,0
CARRIER_F,2025-07-11 01:00,UIWANG,20FT,0,0,0,0,35,35,0,0
CARRIER_F,2025-07-11 02:00,UIWANG,20FT,0,0,0,0,35,35,0,0
CARRIER_F,2025-07-11 03:00,UIWANG,20FT,0,0,0,0,35,35,0,0
CARRIER_F,2025-07-11 04:00,UIWANG,20FT,0,0,0,0,35,35,0,0
CARRIER_F,2025-07-11 05:00,UIWANG,20FT,0,1,0,0,36,36,0,0
CARRIER_F,2025-07-11 06:00,UIWANG,20FT,0,0,0,0,36,36,0,0
CARRIER_F,2025-07-11 07:00,UIWANG,20FT,0,0,0,0,36,36,0,0
CARRIER_F,2025-07-11 08:00,UIWANG,20FT,0,0,0,0,36,36,0,0
CARRIER_F,2025-07-11 09:00,UIWANG,20FT,1,1,0,0,36,36,0,0
CARRIER_F,2025-07-11 10:00,UIWANG,20FT,1,0,0,0,35,35,0,0
CARRIER_F,2025-07-11 11:00,UIWANG,20FT,0,0,0,0,35,35,0,0
CARRIER_F,2025-07-11 12:00,UIWANG,20FT,0,1,0,0,36,36,0,0
CARRIER_F,2025-07-11 13:00,UIWANG,20FT,0,0,0,0,36,36,0,0
CARRIER_F,2025-07-11 14:00,UIWANG,20FT,1,1,0,0,36,36,0,0
CARRIER_F,2025-07-11 15:00,UIWANG,20FT,0,2,0,1,38,37,0,0
CARRIER_F,2025-07-11 16:00,UIWANG,20FT,0,2,0,0,40,39,0,0
CARRIER_F,2025-07-11 17:00,UIWANG,20FT,1,2,0,0,41,40,0,0
CARRIER_F,2025-07-11 18:00,UIWANG,20FT,0,0,0,0,41,40,0,0
CARRIER_F,2025-07-11 19:00,UIWANG,20FT,0,1,0,0,42,41,0,0
CARRIER_F,2025-07-11 20:00,UIWANG,20FT,0,0,0,0,42,41,0,0
CARRIER_F,2025-07-11 21:00,UIWANG,20FT,0,0,0,0,42,41,0,0
CARRIER_F,2025-07-11 22:00,UIWANG,20FT,0,0,0,0,42,41,0,0
CARRIER_F,2025-07-11 23:00,UIWANG,20FT,0,0,0,0,42,41,0,0
CARRIER_F,2025-07-12 00:00,UIWANG,20FT,0,0,0,0,42,41,0,0
CARRIER_F,2025-07-12 01:00,UIWANG,20FT,0,0,0,0,42,41,0,0
CARRIER_F,2025-07-12 02:00,UIWANG,20FT,0,0,0,0,42,41,0,0
CARRIER_F,2025-07-12 03:00,UIWANG,20FT,0,0,0,0,42,41,0,0
CARRIER_F,2025-07-12 04:00,UIWANG,20FT,0,0,0,0,42,41,0,0
CARRIER_F,2025-07-12 05:00,UIWANG,20FT,0,0,0,0,42,41,0,0
CARRIER_F,2025-07-12 06:00,UIWANG,20FT,0,0,0,0,42,41,0,0
CARRIER_F,2025-07-12 07:00,UIWANG,20FT,0,0,0,0,42,41,0,0
CARRIER_F,2025-07-12 08:00,UIWANG,20FT,2,1,0,0,41,40,0,0
CARRIER_F,2025-07-12 09:00,UIWANG,20FT,1,2,0,0,42,41,0,0
CARRIER_F,2025-07-12 10:00,UIWANG,20FT,2,1,0,0,41,40,0,0
CARRIER_F,2025-07-12 11:00,UIWANG,20FT,0,1,0,0,42,41,0,0
CARRIER_F,2025-07-12 12:00,UIWANG,20FT,0,0,0,0,42,41,0,0
CARRIER_F,2025-07-12 13:00,UIWANG,20FT,2,0,0,0,40,39,0,0
CARRIER_F,2025-07-12 14:00,UIWANG,20FT,0,1,0,0,41,40,0,0
CARRIER_F,2025-07-12 15:00,UIWANG,20FT,0,3,0,0,44,43,0,0
CARRIER_F,2025-07-12 16:00,UIWANG,20FT,1,1,0,0,44,43,0,0
CARRIER_F,2025-07-12 17:00,UIWANG,20FT,1,1,0,0,44,43,0,0
CARRIER_F,2025-07-12 18:00,UIWANG,20FT,0,0,0,0,44,43,0,0
CARRIER_F,2025-07-12 19:00,UIWANG,20FT,0,0,0,0,44,43,0,0
CARRIER_F,2025-07-12 20:00,UIWANG,20FT,0,1,0,0,45,44,0,0
CARRIER_F,2025-07-12 21:00,UIWANG,20FT,0,0,0,0,45,44,0,0
CARRIER_F,2025-07-12 22:00,UIWANG,20FT,0,0,0,0,45,44,0,0
CARRIER_F,2025-07-12 23:00,UIWANG,20FT,0,0,0,0,45,44,0,0
CARRIER_F,2025-07-13 00:00,UIWANG,20FT,0,0,0,0,45,44,0,0
CARRIER_F,2025-07-13 01:00,UIWANG,20FT,0,0,0,0,45,44,0,0
CARRIER_F,2025-07-13 02:00,UIWANG,20FT,0,0,0,0,45,44,0,0
CARRIER_F,2025-07-13 03:00,UIWANG,20FT,0,0,0,0,45,44,0,0
CARRIER_F,2025-07-13 04:00,UIWANG,20FT,0,0,0,0,45,44,0,0
CARRIER_F,2025-07-13 05:00,UIWANG,20FT,0,0,0,0,45,44,0,0
CARRIER_F,2025-07-13 06:00,UIWANG,20FT,0,0,0,0,45,44,0,0
CARRIER_F,2025-07-13 07:00,UIWANG,20FT,0,0,0,0,45,44,0,0
CARRIER_F,2025-07-13 08:00,UIWANG,20FT,0,0,0,0,45,44,0,0
CARRIER_F,2025-07-13 09:00,UIWANG,20FT,1,0,0,0,44,43,0,0
CARRIER_F,2025-07-13 10:00,UIWANG,20FT,0,0,0,0,44,43,0,0
CARRIER_F,2025-07-13 11:00,UIWANG,20FT,0,0,0,0,44,43,0,0
CARRIER_F,2025-07-13 12:00,UIWANG,20FT,0,0,0,0,44,43,0,0
CARRIER_F,2025-07-13 13:00,UIWANG,20FT,0,0,0,0,44,43,0,0
CARRIER_F,2025-07-13 14:00,UIWANG,20FT,0,1,0,0,45,44,0,0
CARRIER_F,2025-07-13 15:00,UIWANG,20FT,0,1,0,0,46,45,0,0
CARRIER_F,2025-07-13 16:00,UIWANG,20FT,0,0,0,0,46,45,0,0
CARRIER_F,2025-07-13 17:00,UIWANG,20FT,0,0,0,0,46,45,0,0
CARRIER_F,2025-07-13 18:00,UIWANG,20FT,0,0,0,0,46,45,0,0
CARRIER_F,2025-07-13 19:00,UIWANG,20FT,0,0,0,0,46,45,0,0
CARRIER_F,2025-07-13 20:00,UIWANG,20FT,0,0,0,0,46,45,0,0
CARRIER_F,2025-07-13 21:00,UIWANG,20FT,0,0,0,0,46,45,0,0
CARRIER_F,2025-07-13 22:00,UIWANG,20FT,0,0,0,0,46,45,0,0
CARRIER_F,2025-07-13 23:00,UIWANG,20FT,0,0,0,0,46,45,0,0
CARRIER_F,2025-07-14 00:00,UIWANG,20FT,0,0,0,0,46,45,0,0
CARRIER_F,2025-07-14 01:00,UIWANG,20FT,0,0,0,0,46,45,0,0
CARRIER_F,2025-07-14 02:00,UIWANG,20FT,0,0,0,0,46,45,0,0
CARRIER_F,2025-07-14 03:00,UIWANG,20FT,0,0,0,0,46,45,0,0
CARRIER_F,2025-07-14 04:00,UIWANG,20FT,0,0,0,0,46,45,0,0
CARRIER_F,2025-07-14 05:00,UIWANG,20FT,0,0,0,0,46,45,0,0
CARRIER_F,2025-07-14 06:00,UIWANG,20FT,0,0,0,0,46,45,0,0
CARRIER_F,2025-07-14 07:00,UIWANG,20FT,0,1,0,0,47,46,0,0
CARRIER_F,2025-07-14 08:00,UIWANG,20FT,1,0,0,0,46,45,0,0
CARRIER_F,2025-07-14 09:00,UIWANG,20FT,0,0,0,0,46,45,0,0
CARRIER_F,2025-07-14 10:00,UIWANG,20FT,0,0,0,0,46,45,0,0
CARRIER_F,2025-07-14 11:00,UIWANG,20FT,0,2,0,0,48,47,0,0
CARRIER_F,2025-07-14 12:00,UIWANG,20FT,0,1,0,0,49,48,0,0
CARRIER_F,2025-07-14 13:00,UIWANG,20FT,0,0,0,0,49,48,0,0
CARRIER_F,2025-07-14 14:00,UIWANG,20FT,1,2,0,0,50,49,0,0
CARRIER_F,2025-07-14 15:00,UIWANG,20FT,1,3,0,0,52,51,0,0
CARRIER_F,2025-07-14 16:00,UIWANG,20FT,1,0,0,0,51,50,0,0
CARRIER_F,2025-07-14 17:00,UIWANG,20FT,0,0,0,0,51,50,0,0
CARRIER_F,2025-07-14 18:00,UIWANG,20FT,0,0,0,0,51,50,0,0
CARRIER_F,2025-07-14 19:00,UIWANG,20FT,0,1,0,0,52,51,0,0
CARRIER_F,2025-07-14 20:00,UIWANG,20FT,0,0,0,0,52,51,0,0
CARRIER_F,2025-07-14 21:00,UIWANG,20FT,0,0,0,0,52,51,0,0
CARRIER_F,2025-07-14 22:00,UIWANG,20FT,0,0,0,0,52,51,0,0
CARRIER_F,2025-07-14 23:00,UIWANG,20FT,0,0,0,0,52,51,0,0
CARRIER_F,2025-07-08 00:00,UIWANG,40FT,0,0,0,0,4,4,0,0
CARRIER_F,2025-07-08 01:00,UIWANG,40FT,0,0,0,0,4,4,0,0
CARRIER_F,2025-07-08 02:00,UIWANG,40FT,0,0,0,0,4,4,0,0
CARRIER_F,2025-07-08 03:00,UIWANG,40FT,0,0,0,0,4,4,0,0
CARRIER_F,2025-07-08 04:00,UIWANG,40FT,0,0,0,0,4,4,0,0
CARRIER_F,2025-07-08 05:00,UIWANG,40FT,0,0,0,0,4,4,0,0
CARRIER_F,2025-07-08 06:00,UIWANG,40FT,0,0,0,0,4,4,0,0
CARRIER_F,2025-07-08 07:00,UIWANG,40FT,0,1,0,0,5,5,0,0
CARRIER_F,2025-07-08 08:00,UIWANG,40FT,0,0,0,0,5,5,0,0
CARRIER_F,2025-07-08 09:00,UIWANG,40FT,1,1,0,0,5,5,0,0
CARRIER_F,2025-07-08 10:00,UIWANG,40FT,0,0,0,0,5,5,0,0
CARRIER_F,2025-07-08 11:00,UIWANG,40FT,0,0,0,0,5,5,0,0
CARRIER_F,2025-07-08 12:00,UIWANG,40FT,0,2,0,0,7,7,0,0
CARRIER_F,2025-07-08 13:00,UIWANG,40FT,0,0,0,0,7,7,0,0
CARRIER_F,2025-07-08 14:00,UIWANG,40FT,0,0,0,0,7,7,0,0
CARRIER_F,2025-07-08 15:00,UIWANG,40FT,0,0,0,0,7,7,0,0
CARRIER_F,2025-07-08 16:00,UIWANG,40FT,0,0,0,0,7,7,0,0
CARRIER_F,2025-07-08 17:00,UIWANG,40FT,1,1,0,0,7,7,0,0
CARRIER_F,2025-07-08 18:00,UIWANG,40FT,0,0,0,0,7,7,0,0
CARRIER_F,2025-07-08 19:00,UIWANG,40FT,0,0,0,0,7,7,0,0
CARRIER_F,2025-07-08 20:00,UIWANG,40FT,0,0,0,0,7,7,0,0
CARRIER_F,2025-07-08 21:00,UIWANG,40FT,0,0,0,0,7,7,0,0
CARRIER_F,2025-07-08 22:00,UIWANG,40FT,0,0,0,0,7,7,0,0
CARRIER_F,2025-07-08 23:00,UIWANG,40FT,0,0,0,0,7,7,0,0
CARRIER_F,2025-07-09 00:00,UIWANG,40FT,0,0,0,0,7,7,0,0
CARRIER_F,2025-07-09 01:00,UIWANG,40FT,0,0,0,0,7,7,0,0
CARRIER_F,2025-07-09 02:00,UIWANG,40FT,0,0,0,0,7,7,0,0
CARRIER_F,2025-07-09 03:00,UIWANG,40FT,0,0,0,0,7,7,0,0
CARRIER_F,2025-07-09 04:00,UIWANG,40FT,0,0,0,0,7,7,0,0
CARRIER_F,2025-07-09 05:00,UIWANG,40FT,0,0,0,0,7,7,0,0
CARRIER_F,2025-07-09 06:00,UIWANG,40FT,0,0,0,0,7,7,0,0
CARRIER_F,2025-07-09 07:00,UIWANG,40FT,0,0,0,0,7,7,0,0
CARRIER_F,2025-07-09 08:00,UIWANG,40FT,0,0,0,0,7,7,0,0
CARRIER_F,2025-07-09 09:00,UIWANG,40FT,1,0,0,0,6,6,0,0
CARRIER_F,2025-07-09 10:00,UIWANG,40FT,0,0,0,0,6,6,0,0
CARRIER_F,2025-07-09 11:00,UIWANG,40FT,0,1,0,0,7,7,0,0
CARRIER_F,2025-07-09 12:00,UIWANG,40FT,0,1,0,0,8,8,0,0
CARRIER_F,2025-07-09 13:00,UIWANG,40FT,0,0,0,0,8,8,0,0
CARRIER_F,2025-07-09 14:00,UIWANG,40FT,0,0,0,0,8,8,0,0
CARRIER_F,2025-07-09 15:00,UIWANG,40FT,0,1,0,0,9,9,0,0
CARRIER_F,2025-07-09 16:00,UIWANG,40FT,0,2,0,0,11,11,0,0
CARRIER_F,2025-07-09 17:00,UIWANG,40FT,0,0,0,0,11,11,0,0
CARRIER_F,2025-07-09 18:00,UIWANG,40FT,0,0,0,0,11,11,0,0
CARRIER_F,2025-07-09 19:00,UIWANG,40FT,0,0,0,0,11,11,0,0
CARRIER_F,2025-07-09 20:00,UIWANG,40FT,0,0,0,0,11,11,0,0
CARRIER_F,2025-07-09 21:00,UIWANG,40FT,0,0,0,0,11,11,0,0
CARRIER_F,2025-07-09 22:00,UIWANG,40FT,0,0,0,0,11,11,0,0
CARRIER_F,2025-07-09 23:00,UIWANG,40FT,0,0,0,0,11,11,0,0
CARRIER_F,2025-07-10 00:00,UIWANG,40FT,0,0,0,0,11,11,0,0
CARRIER_F,2025-07-10 01:00,UIWANG,40FT,0,0,0,0,11,11,0,0
CARRIER_F,2025-07-10 02:00,UIWANG,40FT,0,0,0,0,11,11,0,0
CARRIER_F,2025-07-10 03:00,UIWANG,40FT,0,0,0,0,11,11,0,0
CARRIER_F,2025-07-10 04:00,UIWANG,40FT,0,0,0,0,11,11,0,0
CARRIER_F,2025-07-10 05:00,UIWANG,40FT,0,0,0,0,11,11,0,0
CARRIER_F,2025-07-10 06:00,UIWANG,40FT,0,0,0,0,11,11,0,0
CARRIER_F,2025-07-10 07:00,UIWANG,40FT,0,0,0,0,11,11,0,0
CARRIER_F,2025-07-10 08:00,UIWANG,40FT,0,0,0,0,11,11,0,0
CARRIER_F,2025-07-10 09:00,UIWANG,40FT,0,1,0,0,12,12,0,0
CARRIER_F,2025-07-10 10:00,UIWANG,40FT,0,0,0,0,12,12,0,0
CARRIER_F,2025-07-10 11:00,UIWANG,40FT,0,0,0,0,12,12,0,0
CARRIER_F,2025-07-10 12:00,UIWANG,40FT,0,0,0,0,12,12,0,0
CARRIER_F,2025-07-10 13:00,UIWANG,40FT,0,1,0,0,13,13,0,0
CARRIER_F,2025-07-10 14:00,UIWANG,40FT,0,1,0,0,14,14,0,0
CARRIER_F,2025-07-10 15:00,UIWANG,40FT,0,2,0,0,16,16,0,0
CARRIER_F,2025-07-10 16:00,UIWANG,40FT,0,0,0,0,16,16,0,0
CARRIER_F,2025-07-10 17:00,UIWANG,40FT,1,2,0,0,17,17,0,0
CARRIER_F,2025-07-10 18:00,UIWANG,40FT,0,0,0,0,17,17,0,0
CARRIER_F,2025-07-10 19:00,UIWANG,40FT,0,0,0,0,17,17,0,0
CARRIER_F,2025-07-10 20:00,UIWANG,40FT,0,0,0,0,17,17,0,0
CARRIER_F,2025-07-10 21:00,UIWANG,40FT,0,0,0,0,17,17,0,0
CARRIER_F,2025-07-10 22:00,UIWANG,40FT,0,0,0,0,17,17,0,0
CARRIER_F,2025-07-10 23:00,UIWANG,40FT,0,0,0,0,17,17,0,0
CARRIER_F,2025-07-11 00:00,UIWANG,40FT,0,0,0,0,17,17,0,0
CARRIER_F,2025-07-11 01:00,UIWANG,40FT,0,0,0,0,17,17,0,0
CARRIER_F,2025-07-11 02:00,UIWANG,40FT,0,0,0,0,17,17,0,0
CARRIER_F,2025-07-11 03:00,UIWANG,40FT,0,0,0,0,17,17,0,0
CARRIER_F,2025-07-11 04:00,UIWANG,40FT,0,0,0,0,17,17,0,0
CARRIER_F,2025-07-11 05:00,UIWANG,40FT,0,0,0,0,17,17,0,0
CARRIER_F,2025-07-11 06:00,UIWANG,40FT,0,0,0,0,17,17,0,0
CARRIER_F,2025-07-11 07:00,UIWANG,40FT,0,0,0,0,17,17,0,0
CARRIER_F,2025-07-11 08:00,UIWANG,40FT,0,0,0,0,17,17,0,0
CARRIER_F,2025-07-11 09:00,UIWANG,40FT,1,0,0,0,16,16,0,0
CARRIER_F,2025-07-11 10:00,UIWANG,40FT,0,0,0,0,16,16,0,0
CARRIER_F,2025-07-11 11:00,UIWANG,40FT,0,0,0,0,16,16,0,0
CARRIER_F,2025-07-11 12:00,UIWANG,40FT,0,0,0,0,16,16,0,0
CARRIER_F,2025-07-11 13:00,UIWANG,40FT,0,0,0,0,16,16,0,0
CARRIER_F,2025-07-11 14:00,UIWANG,40FT,0,0,0,0,16,16,0,0
CARRIER_F,2025-07-11 15:00,UIWANG,40FT,0,1,0,0,17,17,0,0
CARRIER_F,2025-07-11 16:00,UIWANG,40FT,0,0,0,0,17,17,0,0
CARRIER_F,2025-07-11 17:00,UIWANG,40FT,0,0,0,0,17,17,0,0
CARRIER_F,2025-07-11 18:00,UIWANG,40FT,0,0,0,0,17,17,0,0
CARRIER_F,2025-07-11 19:00,UIWANG,40FT,0,0,0,0,17,17,0,0
CARRIER_F,2025-07-11 20:00,UIWANG,40FT,0,0,0,0,17,17,0,0
CARRIER_F,2025-07-11 21:00,UIWANG,40FT,0,0,0,0,17,17,0,0
CARRIER_F,2025-07-11 22:00,UIWANG,40FT,0,0,0,0,17,17,0,0
CARRIER_F,2025-07-11 23:00,UIWANG,40FT,0,0,0,0,17,17,0,0
CARRIER_F,2025-07-12 00:00,UIWANG,40FT,0,0,0,0,17,17,0,0
CARRIER_F,2025-07-12 01:00,UIWANG,40FT,0,0,0,0,17,17,0,0
CARRIER_F,2025-07-12 02:00,UIWANG,40FT,0,0,0,0,17,17,0,0
CARRIER_F,2025-07-12 03:00,UIWANG,40FT,0,0,0,0,17,17,0,0
CARRIER_F,2025-07-12 04:00,UIWANG,40FT,0,0,0,0,17,17,0,0
CARRIER_F,2025-07-12 05:00,UIWANG,40FT,0,0,0,0,17,17,0,0
CARRIER_F,2025-07-12 06:00,UIWANG,40FT,0,0,0,0,17,17,0,0
CARRIER_F,2025-07-12 07:00,UIWANG,40FT,0,0,0,0,17,17,0,0
CARRIER_F,2025-07-12 08:00,UIWANG,40FT,0,0,0,0,17,17,0,0
CARRIER_F,2025-07-12 09:00,UIWANG,40FT,0,0,0,0,17,17,0,0
CARRIER_F,2025-07-12 10:00,UIWANG,40FT,0,0,0,0,17,17,0,0
CARRIER_F,2025-07-12 11:00,UIWANG,40FT,0,0,0,0,17,17,0,0
CARRIER_F,2025-07-12 12:00,UIWANG,40FT,0,0,0,0,17,17,0,0
CARRIER_F,2025-07-12 13:00,UIWANG,40FT,0,0,0,0,17,17,0,0
CARRIER_F,2025-07-12 14:00,UIWANG,40FT,0,0,0,0,17,17,0,0
CARRIER_F,2025-07-12 15:00,UIWANG,40FT,0,1,0,0,18,18,0,0
CARRIER_F,2025-07-12 16:00,UIWANG,40FT,0,0,0,0,18,18,0,0
CARRIER_F,2025-07-12 17:00,UIWANG,40FT,0,0,0,0,18,18,0,0
CARRIER_F,2025-07-12 18:00,UIWANG,40FT,0,0,0,0,18,18,0,0
CARRIER_F,2025-07-12 19:00,UIWANG,40FT,0,0,0,0,18,18,0,0
CARRIER_F,2025-07-12 20:00,UIWANG,40FT,0,0,0,0,18,18,0,0
CARRIER_F,2025-07-12 21:00,UIWANG,40FT,0,0,0,0,18,18,0,0
CARRIER_F,2025-07-12 22:00,UIWANG,40FT,0,0,0,0,18,18,0,0
CARRIER_F,2025-07-12 23:00,UIWANG,40FT,0,0,0,0,18,18,0,0
CARRIER_F,2025-07-13 00:00,UIWANG,40FT,0,0,0,0,18,18,0,0
CARRIER_F,2025-07-13 01:00,UIWANG,40FT,0,0,0,0,18,18,0,0
CARRIER_F,2025-07-13 02:00,UIWANG,40FT,0,0,0,0,18,18,0,0
CARRIER_F,2025-07-13 03:00,UIWANG,40FT,0,0,0,0,18,18,0,0
CARRIER_F,2025-07-13 04:00,UIWANG,40FT,0,0,0,0,18,18,0,0
CARRIER_F,2025-07-13 05:00,UIWANG,40FT,0,0,0,0,18,18,0,0
CARRIER_F,2025-07-13 06:00,UIWANG,40FT,0,0,0,0,18,18,0,0
CARRIER_F,2025-07-13 07:00,UIWANG,40FT,0,0,0,0,18,18,0,0
CARRIER_F,2025-07-13 08:00,UIWANG,40FT,1,1,0,0,18,18,0,0
CARRIER_F,2025-07-13 09:00,UIWANG,40FT,0,0,0,0,18,18,0,0
CARRIER_F,2025-07-13 10:00,UIWANG,40FT,0,0,0,0,18,18,0,0
CARRIER_F,2025-07-13 11:00,UIWANG,40FT,1,0,0,0,17,17,0,0
CARRIER_F,2025-07-13 12:00,UIWANG,40FT,0,0,0,0,17,17,0,0
CARRIER_F,2025-07-13 13:00,UIWANG,40FT,0,0,0,0,17,17,0,0
CARRIER_F,2025-07-13 14:00,UIWANG,40FT,0,0,0,0,17,17,0,0
CARRIER_F,2025-07-13 15:00,UIWANG,40FT,0,0,0,0,17,17,0,0
CARRIER_F,2025-07-13 16:00,UIWANG,40FT,0,0,0,0,17,17,0,0
CARRIER_F,2025-07-13 17:00,UIWANG,40FT,0,0,0,0,17,17,0,0
CARRIER_F,2025-07-13 18:00,UIWANG,40FT,0,0,0,0,17,17,0,0
CARRIER_F,2025-07-13 19:00,UIWANG,40FT,1,0,0,0,16,16,0,0
CARRIER_F,2025-07-13 20:00,UIWANG,40FT,0,0,0,0,16,16,0,0
CARRIER_F,2025-07-13 21:00,UIWANG,40FT,0,0,0,0,16,16,0,0
CARRIER_F,2025-07-13 22:00,UIWANG,40FT,0,0,0,0,16,16,0,0
CARRIER_F,2025-07-13 23:00,UIWANG,40FT,0,0,0,0,16,16,0,0
CARRIER_F,2025-07-14 00:00,UIWANG,40FT,0,0,0,0,16,16,0,0
CARRIER_F,2025-07-14 01:00,UIWANG,40FT,0,0,0,0,16,16,0,0
CARRIER_F,2025-07-14 02:00,UIWANG,40FT,0,0,0,0,16,16,0,0
CARRIER_F,2025-07-14 03:00,UIWANG,40FT,0,0,0,0,16,16,0,0
CARRIER_F,2025-07-14 04:00,UIWANG,40FT,0,0,0,0,16,16,0,0
CARRIER_F,2025-07-14 05:00,UIWANG,40FT,0,0,0,0,16,16,0,0
CARRIER_F,2025-07-14 06:00,UIWANG,40FT,0,0,0,0,16,16,0,0
CARRIER_F,2025-07-14 07:00,UIWANG,40FT,0,0,0,0,16,16,0,0
CARRIER_F,2025-07-14 08:00,UIWANG,40FT,0,1,0,0,17,17,0,0
CARRIER_F,2025-07-14 09:00,UIWANG,40FT,0,0,0,0,17,17,0,0
CARRIER_F,2025-07-14 10:00,UIWANG,40FT,0,0,0,0,17,17,0,0
CARRIER_F,2025-07-14 11:00,UIWANG,40FT,0,1,0,0,18,18,0,0
CARRIER_F,2025-07-14 12:00,UIWANG,40FT,0,0,0,0,18,18,0,0
CARRIER_F,2025-07-14 13:00,UIWANG,40FT,0,0,0,0,18,18,0,0
CARRIER_F,2025-07-14 14:00,UIWANG,40FT,1,0,0,0,17,17,0,0
CARRIER_F,2025-07-14 15:00,UIWANG,40FT,0,0,0,0,17,17,0,0
CARRIER_F,2025-07-14 16:00,UIWANG,40FT,1,0,0,0,16,16,0,0
CARRIER_F,2025-07-14 17:00,UIWANG,40FT,0,1,0,0,17,17,0,0
CARRIER_F,2025-07-14 18:00,UIWANG,40FT,0,0,0,0,17,17,0,0
CARRIER_F,2025-07-14 19:00,UIWANG,40FT,0,0,0,0,17,17,0,0
CARRIER_F,2025-07-14 20:00,UIWANG,40FT,0,0,0,0,17,17,0,0
CARRIER_F,2025-07-14 21:00,UIWANG,40FT,0,0,0,0,17,17,0,0
CARRIER_F,2025-07-14 22:00,UIWANG,40FT,0,0,0,0,17,17,0,0
CARRIER_F,2025-07-14 23:00,UIWANG,40FT,0,0,0,0,17,17,0,0
CARRIER_F,2025-07-08 00:00,YAKMOK,20FT,0,0,0,0,4,4,0,0
CARRIER_F,2025-07-08 01:00,YAKMOK,20FT,0,0,0,0,4,4,0,0
CARRIER_F,2025-07-08 02:00,YAKMOK,20FT,0,0,0,0,4,4,0,0
CARRIER_F,2025-07-08 03:00,YAKMOK,20FT,0,0,0,0,4,4,0,0
CARRIER_F,2025-07-08 04:00,YAKMOK,20FT,0,0,0,0,4,4,0,0
CARRIER_F,2025-07-08 05:00,YAKMOK,20FT,0,0,0,0,4,4,0,0
CARRIER_F,2025-07-08 06:00,YAKMOK,20FT,0,0,0,0,4,4,0,0
CARRIER_F,2025-07-08 07:00,YAKMOK,20FT,0,0,0,0,4,4,0,0
CARRIER_F,2025-07-08 08:00,YAKMOK,20FT,0,0,0,0,4,4,0,0
CARRIER_F,2025-07-08 09:00,YAKMOK,20FT,0,0,0,0,4,4,0,0
CARRIER_F,2025-07-08 10:00,YAKMOK,20FT,0,0,0,0,4,4,0,0
CARRIER_F,2025-07-08 11:00,YAKMOK,20FT,0,0,0,0,4,4,0,0
CARRIER_F,2025-07-08 12:00,YAKMOK,20FT,1,0,0,0,3,3,0,0
CARRIER_F,2025-07-08 13:00,YAKMOK,20FT,0,0,0,0,3,3,0,0
CARRIER_F,2025-07-08 14:00,YAKMOK,20FT,0,0,0,0,3,3,0,0
CARRIER_F,2025-07-08 15:00,YAKMOK,20FT,0,0,0,0,3,3,0,0
CARRIER_F,2025-07-08 16:00,YAKMOK,20FT,0,0,0,0,3,3,0,0
CARRIER_F,2025-07-08 17:00,YAKMOK,20FT,1,0,0,0,2,2,0,0
CARRIER_F,2025-07-08 18:00,YAKMOK,20FT,0,0,0,0,2,2,0,0
CARRIER_F,2025-07-08 19:00,YAKMOK,20FT,0,0,0,0,2,2,0,0
CARRIER_F,2025-07-08 20:00,YAKMOK,20FT,0,0,0,0,2,2,0,0
CARRIER_F,2025-07-08 21:00,YAKMOK,20FT,0,0,0,0,2,2,0,0
CARRIER_F,2025-07-08 22:00,YAKMOK,20FT,0,0,0,0,2,2,0,0
CARRIER_F,2025-07-08 23:00,YAKMOK,20FT,0,0,0,0,2,2,0,0
CARRIER_F,2025-07-09 00:00,YAKMOK,20FT,0,0,0,0,2,2,0,0
CARRIER_F,2025-07-09 01:00,YAKMOK,20FT,0,0,0,0,2,2,0,0
CARRIER_F,2025-07-09 02:00,YAKMOK,20FT,0,0,0,0,2,2,0,0
CARRIER_F,2025-07-09 03:00,YAKMOK,20FT,0,0,0,0,2,2,0,0
CARRIER_F,2025-07-09 04:00,YAKMOK,20FT,0,0,0,0,2,2,0,0
CARRIER_F,2025-07-09 05:00,YAKMOK,20FT,0,0,0,0,2,2,0,0
CARRIER_F,2025-07-09 06:00,YAKMOK,20FT,0,0,0,0,2,2,0,0
CARRIER_F,2025-07-09 07:00,YAKMOK,20FT,0,0,0,0,2,2,0,0
CARRIER_F,2025-07-09 08:00,YAKMOK,20FT,0,0,0,0,2,2,0,0
CARRIER_F,2025-07-09 09:00,YAKMOK,20FT,0,0,0,0,2,2,0,0
CARRIER_F,2025-07-09 10:00,YAKMOK,20FT,0,0,0,0,2,2,0,0
CARRIER_F,2025-07-09 11:00,YAKMOK,20FT,0,0,0,0,2,2,0,0
CARRIER_F,2025-07-09 12:00,YAKMOK,20FT,0,0,0,0,2,2,0,0
CARRIER_F,2025-07-09 13:00,YAKMOK,20FT,0,0,0,0,2,2,0,0
CARRIER_F,2025-07-09 14:00,YAKMOK,20FT,2,0,0,0,0,0,0,0
CARRIER_F,2025-07-09 15:00,YAKMOK,20FT,0,0,0,0,0,0,0,0
CARRIER_F,2025-07-09 16:00,YAKMOK,20FT,0,0,0,0,0,0,0,0
CARRIER_F,2025-07-09 17:00,YAKMOK,20FT,0,0,0,0,0,0,0,0
CARRIER_F,2025-07-09 18:00,YAKMOK,20FT,0,0,0,0,0,0,0,0
CARRIER_F,2025-07-09 19:00,YAKMOK,20FT,0,2,0,0,2,2,0,0
CARRIER_F,2025-07-09 20:00,YAKMOK,20FT,0,0,0,0,2,2,0,0
CARRIER_F,2025-07-09 21:00,YAKMOK,20FT,0,0,0,0,2,2,0,0
CARRIER_F,2025-07-09 22:00,YAKMOK,20FT,0,0,0,0,2,2,0,0
CARRIER_F,2025-07-09 23:00,YAKMOK,20FT,0,0,0,0,2,2,0,0
CARRIER_F,2025-07-10 00:00,YAKMOK,20FT,0,0,0,0,2,2,0,0
CARRIER_F,2025-07-10 01:00,YAKMOK,20FT,0,0,0,0,2,2,0,0
CARRIER_F,2025-07-10 02:00,YAKMOK,20FT,0,0,0,0,2,2,0,0
CARRIER_F,2025-07-10 03:00,YAKMOK,20FT,0,0,0,0,2,2,0,0
CARRIER_F,2025-07-10 04:00,YAKMOK,20FT,0,0,0,0,2,2,0,0
CARRIER_F,2025-07-10 05:00,YAKMOK,20FT,0,0,0,0,2,2,0,0
CARRIER_F,2025-07-10 06:00,YAKMOK,20FT,0,0,0,0,2,2,0,0
CARRIER_F,2025-07-10 07:00,YAKMOK,20FT,0,0,0,0,2,2,0,0
CARRIER_F,2025-07-10 08:00,YAKMOK,20FT,0,0,0,0,2,2,0,0
CARRIER_F,2025-07-10 09:00,YAKMOK,20FT,0,0,0,0,2,2,0,0
CARRIER_F,2025-07-10 10:00,YAKMOK,20FT,0,0,0,0,2,2,0,0
CARRIER_F,2025-07-10 11:00,YAKMOK,20FT,0,0,0,0,2,2,0,0
CARRIER_F,2025-07-10 12:00,YAKMOK,20FT,0,0,0,0,2,2,0,0
CARRIER_F,2025-07-10 13:00,YAKMOK,20FT,0,0,0,0,2,2,0,0
CARRIER_F,2025-07-10 14:00,YAKMOK,20FT,0,0,0,0,2,2,0,0
CARRIER_F,2025-07-10 15:00,YAKMOK,20FT,0,0,0,0,2,2,0,0
CARRIER_F,2025-07-10 16:00,YAKMOK,20FT,0,0,0,0,2,2,0,0
CARRIER_F,2025-07-10 17:00,YAKMOK,20FT,0,0,0,0,2,2,0,0
CARRIER_F,2025-07-10 18:00,YAKMOK,20FT,0,0,0,0,2,2,0,0
CARRIER_F,2025-07-10 19:00,YAKMOK,20FT,0,1,0,0,3,3,0,0
CARRIER_F,2025-07-10 20:00,YAKMOK,20FT,0,0,0,0,3,3,0,0
CARRIER_F,2025-07-10 21:00,YAKMOK,20FT,0,0,0,0,3,3,0,0
CARRIER_F,2025-07-10 22:00,YAKMOK,20FT,0,0,0,0,3,3,0,0
CARRIER_F,2025-07-10 23:00,YAKMOK,20FT,0,0,0,0,3,3,0,0
CARRIER_F,2025-07-11 00:00,YAKMOK,20FT,0,0,0,0,3,3,0,0
CARRIER_F,2025-07-11 01:00,YAKMOK,20FT,0,0,0,0,3,3,0,0
CARRIER_F,2025-07-11 02:00,YAKMOK,20FT,0,0,0,0,3,3,0,0
CARRIER_F,2025-07-11 03:00,YAKMOK,20FT,0,0,0,0,3,3,0,0
CARRIER_F,2025-07-11 04:00,YAKMOK,20FT,0,0,0,0,3,3,0,0
CARRIER_F,2025-07-11 05:00,YAKMOK,20FT,1,0,0,0,2,2,0,0
CARRIER_F,2025-07-11 06:00,YAKMOK,20FT,0,0,0,0,2,2,0,0
CARRIER_F,2025-07-11 07:00,YAKMOK,20FT,0,0,0,0,2,2,0,0
CARRIER_F,2025-07-11 08:00,YAKMOK,20FT,0,0,0,0,2,2,0,0
CARRIER_F,2025-07-11 09:00,YAKMOK,20FT,0,0,0,0,2,2,0,0
CARRIER_F,2025-07-11 10:00,YAKMOK,20FT,0,0,0,0,2,2,0,0
CARRIER_F,2025-07-11 11:00,YAKMOK,20FT,0,0,0,0,2,2,0,0
CARRIER_F,2025-07-11 12:00,YAKMOK,20FT,0,0,0,0,2,2,0,0
CARRIER_F,2025-07-11 13:00,YAKMOK,20FT,0,0,0,0,2,2,0,0
CARRIER_F,2025-07-11 14:00,YAKMOK,20FT,0,0,0,0,2,2,0,0
CARRIER_F,2025-07-11 15:00,YAKMOK,20FT,0,0,0,0,2,2,0,0
CARRIER_F,2025-07-11 16:00,YAKMOK,20FT,0,0,0,0,2,2,0,0
CARRIER_F,2025-07-11 17:00,YAKMOK,20FT,0,0,0,0,2,2,0,0
CARRIER_F,2025-07-11 18:00,YAKMOK,20FT,0,0,0,0,2,2,0,0
CARRIER_F,2025-07-11 19:00,YAKMOK,20FT,0,0,0,0,2,2,0,0
CARRIER_F,2025-07-11 20:00,YAKMOK,20FT,0,0,0,0,2,2,0,0
CARRIER_F,2025-07-11 21:00,YAKMOK,20FT,0,0,0,0,2,2,0,0
CARRIER_F,2025-07-11 22:00,YAKMOK,20FT,0,0,0,0,2,2,0,0
CARRIER_F,2025-07-11 23:00,YAKMOK,20FT,0,0,0,0,2,2,0,0
CARRIER_F,2025-07-12 00:00,YAKMOK,20FT,0,0,0,0,2,2,0,0
CARRIER_F,2025-07-12 01:00,YAKMOK,20FT,0,0,0,0,2,2,0,0
CARRIER_F,2025-07-12 02:00,YAKMOK,20FT,0,0,0,0,2,2,0,0
CARRIER_F,2025-07-12 03:00,YAKMOK,20FT,0,0,0,0,2,2,0,0
CARRIER_F,2025-07-12 04:00,YAKMOK,20FT,0,0,3,0,2,5,0,0
CARRIER_F,2025-07-12 05:00,YAKMOK,20FT,0,0,0,0,2,5,0,0
CARRIER_F,2025-07-12 06:00,YAKMOK,20FT,0,0,0,0,2,5,0,0
CARRIER_F,2025-07-12 07:00,YAKMOK,20FT,0,0,0,0,2,5,0,0
CARRIER_F,2025-07-12 08:00,YAKMOK,20FT,1,0,0,0,1,4,0,0
CARRIER_F,2025-07-12 09:00,YAKMOK,20FT,2,0,0,0,0,2,1,0
CARRIER_F,2025-07-12 10:00,YAKMOK,20FT,0,0,0,0,0,2,0,0
CARRIER_F,2025-07-12 11:00,YAKMOK,20FT,0,0,0,0,0,2,0,0
CARRIER_F,2025-07-12 12:00,YAKMOK,20FT,0,0,0,0,0,2,0,0
CARRIER_F,2025-07-12 13:00,YAKMOK,20FT,0,0,0,0,0,2,0,0
CARRIER_F,2025-07-12 14:00,YAKMOK,20FT,1,0,0,0,0,1,1,0
CARRIER_F,2025-07-12 15:00,YAKMOK,20FT,0,0,0,0,0,1,0,0
CARRIER_F,2025-07-12 16:00,YAKMOK,20FT,0,0,0,0,0,1,0,0
CARRIER_F,2025-07-12 17:00,YAKMOK,20FT,0,0,0,0,0,1,0,0
CARRIER_F,2025-07-12 18:00,YAKMOK,20FT,0,0,0,0,0,1,0,0
CARRIER_F,2025-07-12 19:00,YAKMOK,20FT,0,0,0,0,0,1,0,0
CARRIER_F,2025-07-12 20:00,YAKMOK,20FT,0,0,0,0,0,1,0,0
CARRIER_F,2025-07-12 21:00,YAKMOK,20FT,0,0,0,0,0,1,0,0
CARRIER_F,2025-07-12 22:00,YAKMOK,20FT,0,0,0,0,0,1,0,0
CARRIER_F,2025-07-12 23:00,YAKMOK,20FT,0,0,0,0,0,1,0,0
CARRIER_F,2025-07-13 00:00,YAKMOK,20FT,0,0,0,0,0,1,0,0
CARRIER_F,2025-07-13 01:00,YAKMOK,20FT,0,0,0,0,0,1,0,0
CARRIER_F,2025-07-13 02:00,YAKMOK,20FT,0,0,0,0,0,1,0,0
CARRIER_F,2025-07-13 03:00,YAKMOK,20FT,0,0,0,0,0,1,0,0
CARRIER_F,2025-07-13 04:00,YAKMOK,20FT,0,0,0,0,0,1,0,0
CARRIER_F,2025-07-13 05:00,YAKMOK,20FT,0,0,0,0,0,1,0,0
CARRIER_F,2025-07-13 06:00,YAKMOK,20FT,0,0,0,0,0,1,0,0
CARRIER_F,2025-07-13 07:00,YAKMOK,20FT,0,0,0,0,0,1,0,0
CARRIER_F,2025-07-13 08:00,YAKMOK,20FT,0,0,0,0,0,1,0,0
CARRIER_F,2025-07-13 09:00,YAKMOK,20FT,0,0,0,0,0,1,0,0
CARRIER_F,2025-07-13 10:00,YAKMOK,20FT,0,0,0,0,0,1,0,0
CARRIER_F,2025-07-13 11:00,YAKMOK,20FT,0,0,0,0,0,1,0,0
CARRIER_F,2025-07-13 12:00,YAKMOK,20FT,0,0,0,0,0,1,0,0
CARRIER_F,2025-07-13 13:00,YAKMOK,20FT,0,0,0,0,0,1,0,0
CARRIER_F,2025-07-13 14:00,YAKMOK,20FT,1,0,0,0,0,0,1,0
CARRIER_F,2025-07-13 15:00,YAKMOK,20FT,0,0,0,0,0,0,0,0
CARRIER_F,2025-07-13 16:00,YAKMOK,20FT,0,0,0,0,0,0,0,0
CARRIER_F,2025-07-13 17:00,YAKMOK,20FT,0,0,0,0,0,0,0,0
CARRIER_F,2025-07-13 18:00,YAKMOK,20FT,0,0,0,0,0,0,0,0
CARRIER_F,2025-07-13 19:00,YAKMOK,20FT,0,1,0,0,1,1,0,0
CARRIER_F,2025-07-13 20:00,YAKMOK,20FT,0,0,0,0,1,1,0,0
CARRIER_F,2025-07-13 21:00,YAKMOK,20FT,0,0,0,0,1,1,0,0
CARRIER_F,2025-07-13 22:00,YAKMOK,20FT,0,0,0,0,1,1,0,0
CARRIER_F,2025-07-13 23:00,YAKMOK,20FT,0,0,0,0,1,1,0,0
CARRIER_F,2025-07-14 00:00,YAKMOK,20FT,0,0,0,0,1,1,0,0
CARRIER_F,2025-07-14 01:00,YAKMOK,20FT,0,0,0,0,1,1,0,0
CARRIER_F,2025-07-14 02:00,YAKMOK,20FT,0,0,0,0,1,1,0,0
CARRIER_F,2025-07-14 03:00,YAKMOK,20FT,0,0,0,0,1,1,0,0
CARRIER_F,2025-07-14 04:00,YAKMOK,20FT,0,0,0,0,1,1,0,0
CARRIER_F,2025-07-14 05:00,YAKMOK,20FT,0,0,0,0,1,1,0,0
CARRIER_F,2025-07-14 06:00,YAKMOK,20FT,0,0,0,0,1,1,0,0
CARRIER_F,2025-07-14 07:00,YAKMOK,20FT,0,0,0,0,1,1,0,0
CARRIER_F,2025-07-14 08:00,YAKMOK,20FT,0,0,0,0,1,1,0,0
CARRIER_F,2025-07-14 09:00,YAKMOK,20FT,0,0,0,0,1,1,0,0
CARRIER_F,2025-07-14 10:00,YAKMOK,20FT,0,0,0,0,1,1,0,0
CARRIER_F,2025-07-14 11:00,YAKMOK,20FT,0,0,0,0,1,1,0,0
CARRIER_F,2025-07-14 12:00,YAKMOK,20FT,0,0,0,0,1,1,0,0
CARRIER_F,2025-07-14 13:00,YAKMOK,20FT,0,0,0,0,1,1,0,0
CARRIER_F,2025-07-14 14:00,YAKMOK,20FT,0,0,0,0,1,1,0,0
CARRIER_F,2025-07-14 15:00,YAKMOK,20FT,0,0,0,0,1,1,0,0
CARRIER_F,2025-07-14 16:00,YAKMOK,20FT,0,0,0,0,1,1,0,0
CARRIER_F,2025-07-14 17:00,YAKMOK,20FT,0,0,0,0,1,1,0,0
CARRIER_F,2025-07-14 18:00,YAKMOK,20FT,0,1,0,0,2,2,0,0
CARRIER_F,2025-07-14 19:00,YAKMOK,20FT,0,0,0,0,2,2,0,0
CARRIER_F,2025-07-14 20:00,YAKMOK,20FT,0,0,0,0,2,2,0,0
CARRIER_F,2025-07-14 21:00,YAKMOK,20FT,0,0,0,0,2,2,0,0
CARRIER_F,2025-07-14 22:00,YAKMOK,20FT,0,0,0,0,2,2,0,0
CARRIER_F,2025-07-14 23:00,YAKMOK,20FT,0,0,0,0,2,2,0,0
CARRIER_F,2025-07-08 00:00,YAKMOK,40FT,0,0,0,0,0,0,0,0
CARRIER_F,2025-07-08 01:00,YAKMOK,40FT,0,0,0,0,0,0,0,0
CARRIER_F,2025-07-08 02:00,YAKMOK,40FT,0,0,0,0,0,0,0,0
CARRIER_F,2025-07-08 03:00,YAKMOK,40FT,0,0,0,0,0,0,0,0
CARRIER_F,2025-07-08 04:00,YAKMOK,40FT,0,0,0,0,0,0,0,0
CARRIER_F,2025-07-08 05:00,YAKMOK,40FT,0,0,0,0,0,0,0,0
CARRIER_F,2025-07-08 06:00,YAKMOK,40FT,0,0,0,0,0,0,0,0
CARRIER_F,2025-07-08 07:00,YAKMOK,40FT,0,0,0,0,0,0,0,0
CARRIER_F,2025-07-08 08:00,YAKMOK,40FT,0,0,0,0,0,0,0,0
CARRIER_F,2025-07-08 09:00,YAKMOK,40FT,0,0,0,0,0,0,0,0
CARRIER_F,2025-07-08 10:00,YAKMOK,40FT,0,0,0,0,0,0,0,0
CARRIER_F,2025-07-08 11:00,YAKMOK,40FT,0,0,0,0,0,0,0,0
CARRIER_F,2025-07-08 12:00,YAKMOK,40FT,0,0,0,0,0,0,0,0
CARRIER_F,2025-07-08 13:00,YAKMOK,40FT,0,0,0,0,0,0,0,0
CARRIER_F,2025-07-08 14:00,YAKMOK,40FT,0,0,0,0,0,0,0,0
CARRIER_F,2025-07-08 15:00,YAKMOK,40FT,0,0,0,0,0,0,0,0
CARRIER_F,2025-07-08 16:00,YAKMOK,40FT,0,0,0,0,0,0,0,0
CARRIER_F,2025-07-08 17:00,YAKMOK,40FT,0,0,0,0,0,0,0,0
CARRIER_F,2025-07-08 18:00,YAKMOK,40FT,0,0,0,0,0,0,0,0
CARRIER_F,2025-07-08 19:00,YAKMOK,40FT,0,0,0,0,0,0,0,0
CARRIER_F,2025-07-08 20:00,YAKMOK,40FT,0,0,0,0,0,0,0,0
CARRIER_F,2025-07-08 21:00,YAKMOK,40FT,0,0,0,0,0,0,0,0
CARRIER_F,2025-07-08 22:00,YAKMOK,40FT,0,0,0,0,0,0,0,0
CARRIER_F,2025-07-08 23:00,YAKMOK,40FT,0,0,0,0,0,0,0,0
CARRIER_F,2025-07-09 00:00,YAKMOK,40FT,0,0,0,0,0,0,0,0
CARRIER_F,2025-07-09 01:00,YAKMOK,40FT,0,0,0,0,0,0,0,0
CARRIER_F,2025-07-09 02:00,YAKMOK,40FT,0,0,0,0,0,0,0,0
CARRIER_F,2025-07-09 03:00,YAKMOK,40FT,0,0,0,0,0,0,0,0
CARRIER_F,2025-07-09 04:00,YAKMOK,40FT,0,0,1,0,0,1,0,0
CARRIER_F,2025-07-09 05:00,YAKMOK,40FT,0,0,0,0,0,1,0,0
CARRIER_F,2025-07-09 06:00,YAKMOK,40FT,0,0,0,0,0,1,0,0
CARRIER_F,2025-07-09 07:00,YAKMOK,40FT,0,0,0,0,0,1,0,0
CARRIER_F,2025-07-09 08:00,YAKMOK,40FT,0,0,0,0,0,1,0,0
CARRIER_F,2025-07-09 09:00,YAKMOK,40FT,0,0,0,0,0,1,0,0
CARRIER_F,2025-07-09 10:00,YAKMOK,40FT,0,0,0,0,0,1,0,0
CARRIER_F,2025-07-09 11:00,YAKMOK,40FT,0,0,0,0,0,1,0,0
CARRIER_F,2025-07-09 12:00,YAKMOK,40FT,0,0,0,0,0,1,0,0
CARRIER_F,2025-07-09 13:00,YAKMOK,40FT,0,0,0,0,0,1,0,0
CARRIER_F,2025-07-09 14:00,YAKMOK,40FT,0,0,0,0,0,1,0,0
CARRIER_F,2025-07-09 15:00,YAKMOK,40FT,0,0,0,0,0,1,0,0
CARRIER_F,2025-07-09 16:00,YAKMOK,40FT,0,0,0,0,0,1,0,0
CARRIER_F,2025-07-09 17:00,YAKMOK,40FT,0,0,0,0,0,1,0,0
CARRIER_F,2025-07-09 18:00,YAKMOK,40FT,0,0,0,0,0,1,0,0
CARRIER_F,2025-07-09 19:00,YAKMOK,40FT,0,0,0,0,0,1,0,0
CARRIER_F,2025-07-09 20:00,YAKMOK,40FT,0,0,0,0,0,1,0,0
CARRIER_F,2025-07-09 21:00,YAKMOK,40FT,0,0,0,0,0,1,0,0
CARRIER_F,2025-07-09 22:00,YAKMOK,40FT,0,0,0,0,0,1,0,0
CARRIER_F,2025-07-09 23:00,YAKMOK,40FT,0,0,0,0,0,1,0,0
CARRIER_F,2025-07-10 00:00,YAKMOK,40FT,0,0,0,0,0,1,0,0
CARRIER_F,2025-07-10 01:00,YAKMOK,40FT,0,0,0,0,0,1,0,0
CARRIER_F,2025-07-10 02:00,YAKMOK,40FT,0,0,0,0,0,1,0,0
CARRIER_F,2025-07-10 03:00,YAKMOK,40FT,0,0,0,0,0,1,0,0
CARRIER_F,2025-07-10 04:00,YAKMOK,40FT,0,0,0,0,0,1,0,0
CARRIER_F,2025-07-10 05:00,YAKMOK,40FT,0,0,0,0,0,1,0,0
CARRIER_F,2025-07-10 06:00,YAKMOK,40FT,0,0,0,0,0,1,0,0
CARRIER_F,2025-07-10 07:00,YAKMOK,40FT,0,0,0,0,0,1,0,0
CARRIER_F,2025-07-10 08:00,YAKMOK,40FT,0,0,0,0,0,1,0,0
CARRIER_F,2025-07-10 09:00,YAKMOK,40FT,1,0,0,0,0,0,1,0
CARRIER_F,2025-07-10 10:00,YAKMOK,40FT,0,0,0,0,0,0,0,0
CARRIER_F,2025-07-10 11:00,YAKMOK,40FT,0,0,0,0,0,0,0,0
CARRIER_F,2025-07-10 12:00,YAKMOK,40FT,0,0,0,0,0,0,0,0
CARRIER_F,2025-07-10 13:00,YAKMOK,40FT,0,0,0,0,0,0,0,0
CARRIER_F,2025-07-10 14:00,YAKMOK,40FT,0,0,0,0,0,0,0,0
CARRIER_F,2025-07-10 15:00,YAKMOK,40FT,0,0,0,0,0,0,0,0
CARRIER_F,2025-07-10 16:00,YAKMOK,40FT,0,0,0,0,0,0,0,0
CARRIER_F,2025-07-10 17:00,YAKMOK,40FT,0,0,0,0,0,0,0,0
CARRIER_F,2025-07-10 18:00,YAKMOK,40FT,0,0,0,0,0,0,0,0
CARRIER_F,2025-07-10 19:00,YAKMOK,40FT,0,0,0,0,0,0,0,0
CARRIER_F,2025-07-10 20:00,YAKMOK,40FT,0,0,0,0,0,0,0,0
CARRIER_F,2025-07-10 21:00,YAKMOK,40FT,0,0,0,0,0,0,0,0
CARRIER_F,2025-07-10 22:00,YAKMOK,40FT,0,0,0,0,0,0,0,0
CARRIER_F,2025-07-10 23:00,YAKMOK,40FT,0,0,0,0,0,0,0,0
CARRIER_F,2025-07-11 00:00,YAKMOK,40FT,0,0,0,0,0,0,0,0
CARRIER_F,2025-07-11 01:00,YAKMOK,40FT,0,0,0,0,0,0,0,0
CARRIER_F,2025-07-11 02:00,YAKMOK,40FT,0,0,0,0,0,0,0,0
CARRIER_F,2025-07-11 03:00,YAKMOK,40FT,0,0,0,0,0,0,0,0
CARRIER_F,2025-07-11 04:00,YAKMOK,40FT,0,0,0,0,0,0,0,0
CARRIER_F,2025-07-11 05:00,YAKMOK,40FT,0,0,0,0,0,0,0,0
CARRIER_F,2025-07-11 06:00,YAKMOK,40FT,0,0,0,0,0,0,0,0
CARRIER_F,2025-07-11 07:00,YAKMOK,40FT,0,0,0,0,0,0,0,0
CARRIER_F,2025-07-11 08:00,YAKMOK,40FT,0,0,0,0,0,0,0,0
CARRIER_F,2025-07-11 09:00,YAKMOK,40FT,0,0,0,0,0,0,0,0
CARRIER_F,2025-07-11 10:00,YAKMOK,40FT,0,0,0,0,0,0,0,0
CARRIER_F,2025-07-11 11:00,YAKMOK,40FT,0,0,0,0,0,0,0,0
CARRIER_F,2025-07-11 12:00,YAKMOK,40FT,0,0,0,0,0,0,0,0
CARRIER_F,2025-07-11 13:00,YAKMOK,40FT,0,0,0,0,0,0,0,0
CARRIER_F,2025-07-11 14:00,YAKMOK,40FT,0,0,0,0,0,0,0,0
CARRIER_F,2025-07-11 15:00,YAKMOK,40FT,0,0,0,0,0,0,0,0
CARRIER_F,2025-07-11 16:00,YAKMOK,40FT,0,0,0,0,0,0,0,0
CARRIER_F,2025-07-11 17:00,YAKMOK,40FT,0,0,0,0,0,0,0,0
CARRIER_F,2025-07-11 18:00,YAKMOK,40FT,0,0,0,0,0,0,0,0
CARRIER_F,2025-07-11 19:00,YAKMOK,40FT,0,0,0,0,0,0,0,0
CARRIER_F,2025-07-11 20:00,YAKMOK,40FT,0,0,0,0,0,0,0,0
CARRIER_F,2025-07-11 21:00,YAKMOK,40FT,0,0,0,0,0,0,0,0
CARRIER_F,2025-07-11 22:00,YAKMOK,40FT,0,0,0,0,0,0,0,0
CARRIER_F,2025-07-11 23:00,YAKMOK,40FT,0,0,0,0,0,0,0,0
CARRIER_F,2025-07-12 00:00,YAKMOK,40FT,0,0,0,0,0,0,0,0
CARRIER_F,2025-07-12 01:00,YAKMOK,40FT,0,0,0,0,0,0,0,0
CARRIER_F,2025-07-12 02:00,YAKMOK,40FT,0,0,0,0,0,0,0,0
CARRIER_F,2025-07-12 03:00,YAKMOK,40FT,0,0,0,0,0,0,0,0
CARRIER_F,2025-07-12 04:00,YAKMOK,40FT,0,0,0,0,0,0,0,0
CARRIER_F,2025-07-12 05:00,YAKMOK,40FT,0,0,0,0,0,0,0,0
CARRIER_F,2025-07-12 06:00,YAKMOK,40FT,0,0,0,0,0,0,0,0
CARRIER_F,2025-07-12 07:00,YAKMOK,40FT,0,0,0,0,0,0,0,0
CARRIER_F,2025-07-12 08:00,YAKMOK,40FT,0,0,0,0,0,0,0,0
CARRIER_F,2025-07-12 09:00,YAKMOK,40FT,0,0,0,0,0,0,0,0
CARRIER_F,2025-07-12 10:00,YAKMOK,40FT,0,0,0,0,0,0,0,0
CARRIER_F,2025-07-12 11:00,YAKMOK,40FT,0,0,0,0,0,0,0,0
CARRIER_F,2025-07-12 12:00,YAKMOK,40FT,0,0,0,0,0,0,0,0
CARRIER_F,2025-07-12 13:00,YAKMOK,40FT,0,0,0,0,0,0,0,0
CARRIER_F,2025-07-12 14:00,YAKMOK,40FT,0,0,0,0,0,0,0,0
CARRIER_F,2025-07-12 15:00,YAKMOK,40FT,0,0,0,0,0,0,0,0
CARRIER_F,2025-07-12 16:00,YAKMOK,40FT,0,0,0,0,0,0,0,0
CARRIER_F,2025-07-12 17:00,YAKMOK,40FT,0,0,0,0,0,0,0,0
CARRIER_F,2025-07-12 18:00,YAKMOK,40FT,0,0,0,0,0,0,0,0
CARRIER_F,2025-07-12 19:00,YAKMOK,40FT,0,0,0,0,0,0,0,0
CARRIER_F,2025-07-12 20:00,YAKMOK,40FT,0,0,0,0,0,0,0,0
CARRIER_F,2025-07-12 21:00,YAKMOK,40FT,0,0,0,0,0,0,0,0
CARRIER_F,2025-07-12 22:00,YAKMOK,40FT,0,0,0,0,0,0,0,0
CARRIER_F,2025-07-12 23:00,YAKMOK,40FT,0,0,0,0,0,0,0,0
CARRIER_F,2025-07-13 00:00,YAKMOK,40FT,0,0,0,0,0,0,0,0
CARRIER_F,2025-07-13 01:00,YAKMOK,40FT,0,0,0,0,0,0,0,0
CARRIER_F,2025-07-13 02:00,YAKMOK,40FT,0,0,0,0,0,0,0,0
CARRIER_F,2025-07-13 03:00,YAKMOK,40FT,0,0,0,0,0,0,0,0
CARRIER_F,2025-07-13 04:00,YAKMOK,40FT,0,0,0,0,0,0,0,0
CARRIER_F,2025-07-13 05:00,YAKMOK,40FT,0,0,0,0,0,0,0,0
CARRIER_F,2025-07-13 06:00,YAKMOK,40FT,0,0,0,0,0,0,0,0
CARRIER_F,2025-07-13 07:00,YAKMOK,40FT,0,0,0,0,0,0,0,0
CARRIER_F,2025-07-13 08:00,YAKMOK,40FT,0,0,0,0,0,0,0,0
CARRIER_F,2025-07-13 09:00,YAKMOK,40FT,0,0,0,0,0,0,0,0
CARRIER_F,2025-07-13 10:00,YAKMOK,40FT,0,0,0,0,0,0,0,0
CARRIER_F,2025-07-13 11:00,YAKMOK,40FT,0,0,0,0,0,0,0,0
CARRIER_F,2025-07-13 12:00,YAKMOK,40FT,0,0,0,0,0,0,0,0
CARRIER_F,2025-07-13 13:00,YAKMOK,40FT,0,0,0,0,0,0,0,0
CARRIER_F,2025-07-13 14:00,YAKMOK,40FT,0,0,0,0,0,0,0,0
CARRIER_F,2025-07-13 15:00,YAKMOK,40FT,0,0,0,0,0,0,0,0
CARRIER_F,2025-07-13 16:00,YAKMOK,40FT,0,0,0,0,0,0,0,0
CARRIER_F,2025-07-13 17:00,YAKMOK,40FT,0,0,0,0,0,0,0,0
CARRIER_F,2025-07-13 18:00,YAKMOK,40FT,0,0,0,0,0,0,0,0
CARRIER_F,2025-07-13 19:00,YAKMOK,40FT,0,0,0,0,0,0,0,0
CARRIER_F,2025-07-13 20:00,YAKMOK,40FT,0,0,0,0,0,0,0,0
CARRIER_F,2025-07-13 21:00,YAKMOK,40FT,0,0,0,0,0,0,0,0
CARRIER_F,2025-07-13 22:00,YAKMOK,40FT,0,0,0,0,0,0,0,0
CARRIER_F,2025-07-13 23:00,YAKMOK,40FT,0,0,0,0,0,0,0,0
CARRIER_F,2025-07-14 00:00,YAKMOK,40FT,0,0,0,0,0,0,0,0
CARRIER_F,2025-07-14 01:00,YAKMOK,40FT,0,0,0,0,0,0,0,0
CARRIER_F,2025-07-14 02:00,YAKMOK,40FT,0,0,0,0,0,0,0,0
CARRIER_F,2025-07-14 03:00,YAKMOK,40FT,0,0,0,0,0,0,0,0
CARRIER_F,2025-07-14 04:00,YAKMOK,40FT,0,0,0,0,0,0,0,0
CARRIER_F,2025-07-14 05:00,YAKMOK,40FT,0,0,0,0,0,0,0,0
CARRIER_F,2025-07-14 06:00,YAKMOK,40FT,0,0,0,0,0,0,0,0
CARRIER_F,2025-07-14 07:00,YAKMOK,40FT,0,0,0,0,0,0,0,0
CARRIER_F,2025-07-14 08:00,YAKMOK,40FT,0,0,0,0,0,0,0,0
CARRIER_F,2025-07-14 09:00,YAKMOK,40FT,0,0,0,0,0,0,0,0
CARRIER_F,2025-07-14 10:00,YAKMOK,40FT,0,0,0,0,0,0,0,0
CARRIER_F,2025-07-14 11:00,YAKMOK,40FT,0,0,0,0,0,0,0,0
CARRIER_F,2025-07-14 12:00,YAKMOK,40FT,0,0,0,0,0,0,0,0
CARRIER_F,2025-07-14 13:00,YAKMOK,40FT,0,0,0,0,0,0,0,0
CARRIER_F,2025-07-14 14:00,YAKMOK,40FT,0,0,0,0,0,0,0,0
CARRIER_F,2025-07-14 15:00,YAKMOK,40FT,0,0,0,0,0,0,0,0
CARRIER_F,2025-07-14 16:00,YAKMOK,40FT,0,0,0,0,0,0,0,0
CARRIER_F,2025-07-14 17:00,YAKMOK,40FT,0,0,0,0,0,0,0,0
CARRIER_F,2025-07-14 18:00,YAKMOK,40FT,0,0,0,0,0,0,0,0
CARRIER_F,2025-07-14 19:00,YAKMOK,40FT,0,0,0,0,0,0,0,0
CARRIER_F,2025-07-14 20:00,YAKMOK,40FT,0,0,0,0,0,0,0,0
CARRIER_F,2025-07-14 21:00,YAKMOK,40FT,0,0,0,0,0,0,0,0
CARRIER_F,2025-07-14 22:00,YAKMOK,40FT,0,0,0,0,0,0,0,0
CARRIER_F,2025-07-14 23:00,YAKMOK,40FT,0,0,0,0,0,0,0,0
