carrier_id,timestamp,hub_code,container_size,demand,external_supply,rail_inbound_boxes,rail_outbound_boxes,baseline_inventory,post_rail_inventory,baseline_unmet_demand,post_rail_unmet_demand
CARRIER_A,2026-08-10 00:00,BUGANG,20FT,0,0,0,0,8,8,0,0
CARRIER_A,2026-08-10 01:00,BUGANG,20FT,0,0,0,0,8,8,0,0
CARRIER_A,2026-08-10 02:00,BUGANG,20FT,0,0,0,0,8,8,0,0
CARRIER_A,2026-08-10 03:00,BUGANG,20FT,0,0,0,0,8,8,0,0
CARRIER_A,2026-08-10 04:00,BUGANG,20FT,0,0,0,0,8,8,0,0
CARRIER_A,2026-08-10 05:00,BUGANG,20FT,0,0,0,0,8,8,0,0
CARRIER_A,2026-08-10 06:00,BUGANG,20FT,0,0,0,0,8,8,0,0
CARRIER_A,2026-08-10 07:00,BUGANG,20FT,0,0,0,0,8,8,0,0
CARRIER_A,2026-08-10 08:00,BUGANG,20FT,0,0,0,0,8,8,0,0
CARRIER_A,2026-08-10 09:00,BUGANG,20FT,1,0,0,0,7,7,0,0
CARRIER_A,2026-08-10 10:00,BUGANG,20FT,0,0,0,0,7,7,0,0
CARRIER_A,2026-08-10 11:00,BUGANG,20FT,0,1,0,0,8,8,0,0
CARRIER_A,2026-08-10 12:00,BUGANG,20FT,0,0,0,0,8,8,0,0
CARRIER_A,2026-08-10 13:00,BUGANG,20FT,0,0,0,0,8,8,0,0
CARRIER_A,2026-08-10 14:00,BUGANG,20FT,0,1,0,0,9,9,0,0
CARRIER_A,2026-08-10 15:00,BUGANG,20FT,0,0,0,0,9,9,0,0
CARRIER_A,2026-08-10 16:00,BUGANG,20FT,1,0,0,0,8,8,0,0
CARRIER_A,2026-08-10 17:00,BUGANG,20FT,0,0,0,0,8,8,0,0
CARRIER_A,2026-08-10 18:00,BUGANG,20FT,0,1,0,0,9,9,0,0
CARRIER_A,2026-08-10 19:00,BUGANG,20FT,1,0,0,0,8,8,0,0
CARRIER_A,2026-08-10 20:00,BUGANG,20FT,0,0,0,0,8,8,0,0
CARRIER_A,2026-08-10 21:00,BUGANG,20FT,0,0,0,0,8,8,0,0
CARRIER_A,2026-08-10 22:00,BUGANG,20FT,0,0,0,0,8,8,0,0
CARRIER_A,2026-08-10 23:00,BUGANG,20FT,0,0,0,0,8,8,0,0
CARRIER_A,2026-08-11 00:00,BUGANG,20FT,0,0,0,0,8,8,0,0
CARRIER_A,2026-08-11 01:00,BUGANG,20FT,0,0,0,0,8,8,0,0
CARRIER_A,2026-08-11 02:00,BUGANG,20FT,0,0,0,0,8,8,0,0
CARRIER_A,2026-08-11 03:00,BUGANG,20FT,0,0,0,0,8,8,0,0
CARRIER_A,2026-08-11 04:00,BUGANG,20FT,0,0,0,0,8,8,0,0
CARRIER_A,2026-08-11 05:00,BUGANG,20FT,0,0,0,0,8,8,0,0
CARRIER_A,2026-08-11 06:00,BUGANG,20FT,0,0,0,0,8,8,0,0
CARRIER_A,2026-08-11 07:00,BUGANG,20FT,0,0,0,0,8,8,0,0
CARRIER_A,2026-08-11 08:00,BUGANG,20FT,0,0,0,0,8,8,0,0
CARRIER_A,2026-08-11 09:00,BUGANG,20FT,0,0,0,0,8,8,0,0
CARRIER_A,2026-08-11 10:00,BUGANG,20FT,0,0,0,0,8,8,0,0
CARRIER_A,2026-08-11 11:00,BUGANG,20FT,0,0,0,0,8,8,0,0
CARRIER_A,2026-08-11 12:00,BUGANG,20FT,0,0,0,0,8,8,0,0
CARRIER_A,2026-08-11 13:00,BUGANG,20FT,0,0,0,0,8,8,0,0
CARRIER_A,2026-08-11 14:00,BUGANG,20FT,0,0,0,8,8,0,0,0
CARRIER_A,2026-08-11 15:00,BUGANG,20FT,0,1,0,0,9,1,0,0
CARRIER_A,2026-08-11 16:00,BUGANG,20FT,0,0,0,0,9,1,0,0
CARRIER_A,2026-08-11 17:00,BUGANG,20FT,0,1,0,0,10,2,0,0
CARRIER_A,2026-08-11 18:00,BUGANG,20FT,0,0,0,0,10,2,0,0
CARRIER_A,2026-08-11 19:00,BUGANG,20FT,0,0,0,0,10,2,0,0
CARRIER_A,2026-08-11 20:00,BUGANG,20FT,0,0,0,0,10,2,0,0
CARRIER_A,2026-08-11 21:00,BUGANG,20FT,0,0,0,0,10,2,0,0
CARRIER_A,2026-08-11 22:00,BUGANG,20FT,0,0,0,0,10,2,0,0
CARRIER_A,2026-08-11 23:00,BUGANG,20FT,0,0,0,0,10,2,0,0
CARRIER_A,2026-08-12 00:00,BUGANG,20FT,0,0,0,0,10,2,0,0
CARRIER_A,2026-08-12 01:00,BUGANG,20FT,0,0,0,0,10,2,0,0
CARRIER_A,2026-08-12 02:00,BUGANG,20FT,0,0,0,0,10,2,0,0
CARRIER_A,2026-08-12 03:00,BUGANG,20FT,0,0,0,0,10,2,0,0
CARRIER_A,2026-08-12 04:00,BUGANG,20FT,0,0,0,0,10,2,0,0
CARRIER_A,2026-08-12 05:00,BUGANG,20FT,0,0,0,0,10,2,0,0
CARRIER_A,2026-08-12 06:00,BUGANG,20FT,1,0,0,0,9,1,0,0
CARRIER_A,2026-08-12 07:00,BUGANG,20FT,0,0,0,0,9,1,0,0
CARRIER_A,2026-08-12 08:00,BUGANG,20FT,0,0,0,0,9,1,0,0
CARRIER_A,2026-08-12 09:00,BUGANG,20FT,0,0,0,0,9,1,0,0
CARRIER_A,2026-08-12 10:00,BUGANG,20FT,0,0,0,0,9,1,0,0
CARRIER_A,2026-08-12 11:00,BUGANG,20FT,0,1,0,0,10,2,0,0
CARRIER_A,2026-08-12 12:00,BUGANG,20FT,0,0,0,0,10,2,0,0
CARRIER_A,2026-08-12 13:00,BUGANG,20FT,0,0,0,0,10,2,0,0
CARRIER_A,2026-08-12 14:00,BUGANG,20FT,0,1,0,0,11,3,0,0
CARRIER_A,2026-08-12 15:00,BUGANG,20FT,0,0,0,0,11,3,0,0
CARRIER_A,2026-08-12 16:00,BUGANG,20FT,0,0,0,0,11,3,0,0
CARRIER_A,2026-08-12 17:00,BUGANG,20FT,0,1,0,0,12,4,0,0
CARRIER_A,2026-08-12 18:00,BUGANG,20FT,0,0,0,0,12,4,0,0
CARRIER_A,2026-08-12 19:00,BUGANG,20FT,0,0,0,0,12,4,0,0
CARRIER_A,2026-08-12 20:00,BUGANG,20FT,0,0,0,0,12,4,0,0
CARRIER_A,2026-08-12 21:00,BUGANG,20FT,0,0,0,0,12,4,0,0
CARRIER_A,2026-08-12 22:00,BUGANG,20FT,0,0,0,0,12,4,0,0
CARRIER_A,2026-08-12 23:00,BUGANG,20FT,0,0,0,0,12,4,0,0
CARRIER_A,2026-08-13 00:00,BUGANG,20FT,0,0,0,0,12,4,0,0
CARRIER_A,2026-08-13 01:00,BUGANG,20FT,0,0,0,0,12,4,0,0
CARRIER_A,2026-08-13 02:00,BUGANG,20FT,0,0,0,0,12,4,0,0
CARRIER_A,2026-08-13 03:00,BUGANG,20FT,0,0,0,0,12,4,0,0
CARRIER_A,2026-08-13 04:00,BUGANG,20FT,0,0,0,0,12,4,0,0
CARRIER_A,2026-08-13 05:00,BUGANG,20FT,0,0,0,0,12,4,0,0
CARRIER_A,2026-08-13 06:00,BUGANG,20FT,0,0,0,0,12,4,0,0
CARRIER_A,2026-08-13 07:00,BUGANG,20FT,0,0,0,0,12,4,0,0
CARRIER_A,2026-08-13 08:00,BUGANG,20FT,1,0,0,0,11,3,0,0
CARRIER_A,2026-08-13 09:00,BUGANG,20FT,0,0,0,0,11,3,0,0
CARRIER_A,2026-08-13 10:00,BUGANG,20FT,1,1,0,0,11,3,0,0
CARRIER_A,2026-08-13 11:00,BUGANG,20FT,0,0,0,0,11,3,0,0
CARRIER_A,2026-08-13 12:00,BUGANG,20FT,0,1,0,0,12,4,0,0
CARRIER_A,2026-08-13 13:00,BUGANG,20FT,0,0,0,0,12,4,0,0
CARRIER_A,2026-08-13 14:00,BUGANG,20FT,0,1,0,0,13,5,0,0
CARRIER_A,2026-08-13 15:00,BUGANG,20FT,1,0,0,0,12,4,0,0
CARRIER_A,2026-08-13 16:00,BUGANG,20FT,0,0,0,0,12,4,0,0
CARRIER_A,2026-08-13 17:00,BUGANG,20FT,0,0,0,0,12,4,0,0
CARRIER_A,2026-08-13 18:00,BUGANG,20FT,0,0,0,0,12,4,0,0
CARRIER_A,2026-08-13 19:00,BUGANG,20FT,0,0,0,0,12,4,0,0
CARRIER_A,2026-08-13 20:00,BUGANG,20FT,0,0,0,0,12,4,0,0
CARRIER_A,2026-08-13 21:00,BUGANG,20FT,0,0,0,0,12,4,0,0
CARRIER_A,2026-08-13 22:00,BUGANG,20FT,0,0,0,0,12,4,0,0
CARRIER_A,2026-08-13 23:00,BUGANG,20FT,0,0,0,0,12,4,0,0
CARRIER_A,2026-08-14 00:00,BUGANG,20FT,0,0,0,0,12,4,0,0
CARRIER_A,2026-08-14 01:00,BUGANG,20FT,0,0,0,0,12,4,0,0
CARRIER_A,2026-08-14 02:00,BUGANG,20FT,0,0,0,0,12,4,0,0
CARRIER_A,2026-08-14 03:00,BUGANG,20FT,0,0,0,0,12,4,0,0
CARRIER_A,2026-08-14 04:00,BUGANG,20FT,0,0,0,0,12,4,0,0
CARRIER_A,2026-08-14 05:00,BUGANG,20FT,0,0,0,0,12,4,0,0
CARRIER_A,2026-08-14 06:00,BUGANG,20FT,0,0,0,0,12,4,0,0
CARRIER_A,2026-08-14 07:00,BUGANG,20FT,0,0,0,0,12,4,0,0
CARRIER_A,2026-08-14 08:00,BUGANG,20FT,0,0,0,0,12,4,0,0
CARRIER_A,2026-08-14 09:00,BUGANG,20FT,0,1,0,0,13,5,0,0
CARRIER_A,2026-08-14 10:00,BUGANG,20FT,1,0,0,0,12,4,0,0
CARRIER_A,2026-08-14 11:00,BUGANG,20FT,0,0,0,0,12,4,0,0
CARRIER_A,2026-08-14 12:00,BUGANG,20FT,0,0,0,0,12,4,0,0
CARRIER_A,2026-08-14 13:00,BUGANG,20FT,0,0,0,0,12,4,0,0
CARRIER_A,2026-08-14 14:00,BUGANG,20FT,0,0,0,0,12,4,0,0
CARRIER_A,2026-08-14 15:00,BUGANG,20FT,0,1,0,0,13,5,0,0
CARRIER_A,2026-08-14 16:00,BUGANG,20FT,0,0,0,0,13,5,0,0
CARRIER_A,2026-08-14 17:00,BUGANG,20FT,0,0,0,0,13,5,0,0
CARRIER_A,2026-08-14 18:00,BUGANG,20FT,0,0,0,0,13,5,0,0
CARRIER_A,2026-08-14 19:00,BUGANG,20FT,0,0,0,0,13,5,0,0
CARRIER_A,2026-08-14 20:00,BUGANG,20FT,0,0,0,0,13,5,0,0
CARRIER_A,2026-08-14 21:00,BUGANG,20FT,0,0,0,0,13,5,0,0
CARRIER_A,2026-08-14 22:00,BUGANG,20FT,0,0,0,0,13,5,0,0
CARRIER_A,2026-08-14 23:00,BUGANG,20FT,0,0,0,0,13,5,0,0
CARRIER_A,2026-08-15 00:00,BUGANG,20FT,0,0,0,0,13,5,0,0
CARRIER_A,2026-08-15 01:00,BUGANG,20FT,0,0,0,0,13,5,0,0
CARRIER_A,2026-08-15 02:00,BUGANG,20FT,0,0,0,0,13,5,0,0
CARRIER_A,2026-08-15 03:00,BUGANG,20FT,0,0,0,0,13,5,0,0
CARRIER_A,2026-08-15 04:00,BUGANG,20FT,0,0,0,0,13,5,0,0
CARRIER_A,2026-08-15 05:00,BUGANG,20FT,0,0,0,0,13,5,0,0
CARRIER_A,2026-08-15 06:00,BUGANG,20FT,0,0,0,0,13,5,0,0
CARRIER_A,2026-08-15 07:00,BUGANG,20FT,0,0,0,0,13,5,0,0
CARRIER_A,2026-08-15 08:00,BUGANG,20FT,0,0,0,0,13,5,0,0
CARRIER_A,2026-08-15 09:00,BUGANG,20FT,0,0,0,0,13,5,0,0
CARRIER_A,2026-08-15 10:00,BUGANG,20FT,0,0,0,0,13,5,0,0
CARRIER_A,2026-08-15 11:00,BUGANG,20FT,0,0,0,0,13,5,0,0
CARRIER_A,2026-08-15 12:00,BUGANG,20FT,0,0,0,0,13,5,0,0
CARRIER_A,2026-08-15 13:00,BUGANG,20FT,0,1,0,0,14,6,0,0
CARRIER_A,2026-08-15 14:00,BUGANG,20FT,0,0,0,0,14,6,0,0
CARRIER_A,2026-08-15 15:00,BUGANG,20FT,0,0,0,0,14,6,0,0
CARRIER_A,2026-08-15 16:00,BUGANG,20FT,1,0,0,0,13,5,0,0
CARRIER_A,2026-08-15 17:00,BUGANG,20FT,0,0,0,0,13,5,0,0
CARRIER_A,2026-08-15 18:00,BUGANG,20FT,0,0,0,0,13,5,0,0
CARRIER_A,2026-08-15 19:00,BUGANG,20FT,0,0,0,0,13,5,0,0
CARRIER_A,2026-08-15 20:00,BUGANG,20FT,0,0,0,0,13,5,0,0
CARRIER_A,2026-08-15 21:00,BUGANG,20FT,0,0,0,0,13,5,0,0
CARRIER_A,2026-08-15 22:00,BUGANG,20FT,0,0,0,0,13,5,0,0
CARRIER_A,2026-08-15 23:00,BUGANG,20FT,0,0,0,0,13,5,0,0
CARRIER_A,2026-08-16 00:00,BUGANG,20FT,0,0,0,0,13,5,0,0
CARRIER_A,2026-08-16 01:00,BUGANG,20FT,0,0,0,0,13,5,0,0
CARRIER_A,2026-08-16 02:00,BUGANG,20FT,0,0,0,0,13,5,0,0
CARRIER_A,2026-08-16 03:00,BUGANG,20FT,0,0,0,0,13,5,0,0
CARRIER_A,2026-08-16 04:00,BUGANG,20FT,0,0,0,0,13,5,0,0
CARRIER_A,2026-08-16 05:00,BUGANG,20FT,0,0,0,0,13,5,0,0
CARRIER_A,2026-08-16 06:00,BUGANG,20FT,0,0,0,0,13,5,0,0
CARRIER_A,2026-08-16 07:00,BUGANG,20FT,0,0,0,0,13,5,0,0
CARRIER_A,2026-08-16 08:00,BUGANG,20FT,0,0,0,0,13,5,0,0
CARRIER_A,2026-08-16 09:00,BUGANG,20FT,0,0,0,0,13,5,0,0
CARRIER_A,2026-08-16 10:00,BUGANG,20FT,0,0,0,0,13,5,0,0
CARRIER_A,2026-08-16 11:00,BUGANG,20FT,0,0,0,0,13,5,0,0
CARRIER_A,2026-08-16 12:00,BUGANG,20FT,0,0,0,0,13,5,0,0
CARRIER_A,2026-08-16 13:00,BUGANG,20FT,0,1,0,0,14,6,0,0
CARRIER_A,2026-08-16 14:00,BUGANG,20FT,0,0,0,0,14,6,0,0
CARRIER_A,2026-08-16 15:00,BUGANG,20FT,0,0,0,0,14,6,0,0
CARRIER_A,2026-08-16 16:00,BUGANG,20FT,0,0,0,0,14,6,0,0
CARRIER_A,2026-08-16 17:00,BUGANG,20FT,0,0,0,0,14,6,0,0
CARRIER_A,2026-08-16 18:00,BUGANG,20FT,0,0,0,0,14,6,0,0
CARRIER_A,2026-08-16 19:00,BUGANG,20FT,0,0,0,0,14,6,0,0
CARRIER_A,2026-08-16 20:00,BUGANG,20FT,0,0,0,0,14,6,0,0
CARRIER_A,2026-08-16 21:00,BUGANG,20FT,0,0,0,0,14,6,0,0
CARRIER_A,2026-08-16 22:00,BUGANG,20FT,0,0,0,0,14,6,0,0
CARRIER_A,2026-08-16 23:00,BUGANG,20FT,0,0,0,0,14,6,0,0
CARRIER_A,2026-08-10 00:00,BUGANG,40FT,0,0,0,0,2,2,0,0
CARRIER_A,2026-08-10 01:00,BUGANG,40FT,0,0,0,0,2,2,0,0
CARRIER_A,2026-08-10 02:00,BUGANG,40FT,0,0,0,0,2,2,0,0
CARRIER_A,2026-08-10 03:00,BUGANG,40FT,0,0,0,0,2,2,0,0
CARRIER_A,2026-08-10 04:00,BUGANG,40FT,0,0,0,0,2,2,0,0
CARRIER_A,2026-08-10 05:00,BUGANG,40FT,0,0,0,0,2,2,0,0
CARRIER_A,2026-08-10 06:00,BUGANG,40FT,1,0,0,0,1,1,0,0
CARRIER_A,2026-08-10 07:00,BUGANG,40FT,0,0,0,0,1,1,0,0
CARRIER_A,2026-08-10 08:00,BUGANG,40FT,0,0,0,0,1,1,0,0
CARRIER_A,2026-08-10 09:00,BUGANG,40FT,0,0,0,0,1,1,0,0
CARRIER_A,2026-08-10 10:00,BUGANG,40FT,0,0,0,0,1,1,0,0
CARRIER_A,2026-08-10 11:00,BUGANG,40FT,0,0,0,0,1,1,0,0
CARRIER_A,2026-08-10 12:00,BUGANG,40FT,0,0,0,0,1,1,0,0
CARRIER_A,2026-08-10 13:00,BUGANG,40FT,0,0,0,0,1,1,0,0
CARRIER_A,2026-08-10 14:00,BUGANG,40FT,0,0,0,0,1,1,0,0
CARRIER_A,2026-08-10 15:00,BUGANG,40FT,0,0,0,0,1,1,0,0
CARRIER_A,2026-08-10 16:00,BUGANG,40FT,0,0,0,0,1,1,0,0
CARRIER_A,2026-08-10 17:00,BUGANG,40FT,0,0,0,0,1,1,0,0
CARRIER_A,2026-08-10 18:00,BUGANG,40FT,0,0,0,0,1,1,0,0
CARRIER_A,2026-08-10 19:00,BUGANG,40FT,0,1,0,0,2,2,0,0
CARRIER_A,2026-08-10 20:00,BUGANG,40FT,0,0,0,0,2,2,0,0
CARRIER_A,2026-08-10 21:00,BUGANG,40FT,0,0,0,0,2,2,0,0
CARRIER_A,2026-08-10 22:00,BUGANG,40FT,0,0,0,0,2,2,0,0
CARRIER_A,2026-08-10 23:00,BUGANG,40FT,0,0,0,0,2,2,0,0
CARRIER_A,2026-08-11 00:00,BUGANG,40FT,0,0,0,0,2,2,0,0
CARRIER_A,2026-08-11 01:00,BUGANG,40FT,0,0,0,0,2,2,0,0
CARRIER_A,2026-08-11 02:00,BUGANG,40FT,0,0,0,0,2,2,0,0
CARRIER_A,2026-08-11 03:00,BUGANG,40FT,0,0,0,0,2,2,0,0
CARRIER_A,2026-08-11 04:00,BUGANG,40FT,0,0,0,0,2,2,0,0
CARRIER_A,2026-08-11 05:00,BUGANG,40FT,0,0,0,0,2,2,0,0
CARRIER_A,2026-08-11 06:00,BUGANG,40FT,0,0,0,0,2,2,0,0
CARRIER_A,2026-08-11 07:00,BUGANG,40FT,0,0,0,0,2,2,0,0
CARRIER_A,2026-08-11 08:00,BUGANG,40FT,0,0,0,0,2,2,0,0
CARRIER_A,2026-08-11 09:00,BUGANG,40FT,0,0,0,0,2,2,0,0
CARRIER_A,2026-08-11 10:00,BUGANG,40FT,0,0,0,0,2,2,0,0
CARRIER_A,2026-08-11 11:00,BUGANG,40FT,0,0,0,0,2,2,0,0
CARRIER_A,2026-08-11 12:00,BUGANG,40FT,0,0,0,0,2,2,0,0
CARRIER_A,2026-08-11 13:00,BUGANG,40FT,0,0,0,0,2,2,0,0
CARRIER_A,2026-08-11 14:00,BUGANG,40FT,0,0,0,0,2,2,0,0
CARRIER_A,2026-08-11 15:00,BUGANG,40FT,0,0,0,0,2,2,0,0
CARRIER_A,2026-08-11 16:00,BUGANG,40FT,0,0,0,0,2,2,0,0
CARRIER_A,2026-08-11 17:00,BUGANG,40FT,0,0,0,0,2,2,0,0
CARRIER_A,2026-08-11 18:00,BUGANG,40FT,0,0,0,0,2,2,0,0
CARRIER_A,2026-08-11 19:00,BUGANG,40FT,0,0,0,0,2,2,0,0
CARRIER_A,2026-08-11 20:00,BUGANG,40FT,0,0,0,0,2,2,0,0
CARRIER_A,2026-08-11 21:00,BUGANG,40FT,0,0,0,0,2,2,0,0
CARRIER_A,2026-08-11 22:00,BUGANG,40FT,0,0,0,0,2,2,0,0
CARRIER_A,2026-08-11 23:00,BUGANG,40FT,0,0,0,0,2,2,0,0
CARRIER_A,2026-08-12 00:00,BUGANG,40FT,0,0,0,0,2,2,0,0
CARRIER_A,2026-08-12 01:00,BUGANG,40FT,0,0,0,0,2,2,0,0
CARRIER_A,2026-08-12 02:00,BUGANG,40FT,0,0,0,0,2,2,0,0
CARRIER_A,2026-08-12 03:00,BUGANG,40FT,0,0,0,0,2,2,0,0
CARRIER_A,2026-08-12 04:00,BUGANG,40FT,0,0,0,0,2,2,0,0
CARRIER_A,2026-08-12 05:00,BUGANG,40FT,0,0,0,0,2,2,0,0
CARRIER_A,2026-08-12 06:00,BUGANG,40FT,0,0,0,0,2,2,0,0
CARRIER_A,2026-08-12 07:00,BUGANG,40FT,0,0,0,0,2,2,0,0
CARRIER_A,2026-08-12 08:00,BUGANG,40FT,0,0,0,0,2,2,0,0
CARRIER_A,2026-08-12 09:00,BUGANG,40FT,0,0,0,0,2,2,0,0
CARRIER_A,2026-08-12 10:00,BUGANG,40FT,0,0,0,0,2,2,0,0
CARRIER_A,2026-08-12 11:00,BUGANG,40FT,0,1,0,0,3,3,0,0
CARRIER_A,2026-08-12 12:00,BUGANG,40FT,0,0,0,0,3,3,0,0
CARRIER_A,2026-08-12 13:00,BUGANG,40FT,0,0,0,0,3,3,0,0
CARRIER_A,2026-08-12 14:00,BUGANG,40FT,0,0,0,0,3,3,0,0
CARRIER_A,2026-08-12 15:00,BUGANG,40FT,0,0,0,0,3,3,0,0
CARRIER_A,2026-08-12 16:00,BUGANG,40FT,0,0,0,0,3,3,0,0
CARRIER_A,2026-08-12 17:00,BUGANG,40FT,0,0,0,0,3,3,0,0
CARRIER_A,2026-08-12 18:00,BUGANG,40FT,0,0,0,0,3,3,0,0
CARRIER_A,2026-08-12 19:00,BUGANG,40FT,0,0,0,0,3,3,0,0
CARRIER_A,2026-08-12 20:00,BUGANG,40FT,0,0,0,0,3,3,0,0
CARRIER_A,2026-08-12 21:00,BUGANG,40FT,0,0,0,0,3,3,0,0
CARRIER_A,2026-08-12 22:00,BUGANG,40FT,0,0,0,0,3,3,0,0
CARRIER_A,2026-08-12 23:00,BUGANG,40FT,0,0,0,0,3,3,0,0
CARRIER_A,2026-08-13 00:00,BUGANG,40FT,0,0,0,0,3,3,0,0
CARRIER_A,2026-08-13 01:00,BUGANG,40FT,0,0,0,0,3,3,0,0
CARRIER_A,2026-08-13 02:00,BUGANG,40FT,0,0,0,0,3,3,0,0
CARRIER_A,2026-08-13 03:00,BUGANG,40FT,0,0,0,0,3,3,0,0
CARRIER_A,2026-08-13 04:00,BUGANG,40FT,0,0,0,0,3,3,0,0
CARRIER_A,2026-08-13 05:00,BUGANG,40FT,0,0,0,0,3,3,0,0
CARRIER_A,2026-08-13 06:00,BUGANG,40FT,0,0,0,0,3,3,0,0
CARRIER_A,2026-08-13 07:00,BUGANG,40FT,0,0,0,0,3,3,0,0
CARRIER_A,2026-08-13 08:00,BUGANG,40FT,0,0,0,0,3,3,0,0
CARRIER_A,2026-08-13 09:00,BUGANG,40FT,0,0,0,0,3,3,0,0
CARRIER_A,2026-08-13 10:00,BUGANG,40FT,0,0,0,0,3,3,0,0
CARRIER_A,2026-08-13 11:00,BUGANG,40FT,0,0,0,0,3,3,0,0
CARRIER_A,2026-08-13 12:00,BUGANG,40FT,0,0,0,0,3,3,0,0
CARRIER_A,2026-08-13 13:00,BUGANG,40FT,0,0,0,0,3,3,0,0
CARRIER_A,2026-08-13 14:00,BUGANG,40FT,0,0,0,0,3,3,0,0
CARRIER_A,2026-08-13 15:00,BUGANG,40FT,0,0,0,0,3,3,0,0
CARRIER_A,2026-08-13 16:00,BUGANG,40FT,0,0,0,0,3,3,0,0
CARRIER_A,2026-08-13 17:00,BUGANG,40FT,0,0,0,0,3,3,0,0
CARRIER_A,2026-08-13 18:00,BUGANG,40FT,0,0,0,0,3,3,0,0
CARRIER_A,2026-08-13 19:00,BUGANG,40FT,0,0,0,0,3,3,0,0
CARRIER_A,2026-08-13 20:00,BUGANG,40FT,0,0,0,0,3,3,0,0
CARRIER_A,2026-08-13 21:00,BUGANG,40FT,0,0,0,0,3,3,0,0
CARRIER_A,2026-08-13 22:00,BUGANG,40FT,0,0,0,0,3,3,0,0
CARRIER_A,2026-08-13 23:00,BUGANG,40FT,0,0,0,0,3,3,0,0
CARRIER_A,2026-08-14 00:00,BUGANG,40FT,0,0,0,0,3,3,0,0
CARRIER_A,2026-08-14 01:00,BUGANG,40FT,0,0,0,0,3,3,0,0
CARRIER_A,2026-08-14 02:00,BUGANG,40FT,0,0,0,0,3,3,0,0
CARRIER_A,2026-08-14 03:00,BUGANG,40FT,0,0,0,0,3,3,0,0
CARRIER_A,2026-08-14 04:00,BUGANG,40FT,0,0,0,0,3,3,0,0
CARRIER_A,2026-08-14 05:00,BUGANG,40FT,0,0,0,0,3,3,0,0
CARRIER_A,2026-08-14 06:00,BUGANG,40FT,0,0,0,0,3,3,0,0
CARRIER_A,2026-08-14 07:00,BUGANG,40FT,0,0,0,0,3,3,0,0
CARRIER_A,2026-08-14 08:00,BUGANG,40FT,0,1,0,0,4,4,0,0
CARRIER_A,2026-08-14 09:00,BUGANG,40FT,0,0,0,0,4,4,0,0
CARRIER_A,2026-08-14 10:00,BUGANG,40FT,0,0,0,0,4,4,0,0
CARRIER_A,2026-08-14 11:00,BUGANG,40FT,0,0,0,0,4,4,0,0
CARRIER_A,2026-08-14 12:00,BUGANG,40FT,1,0,0,0,3,3,0,0
CARRIER_A,2026-08-14 13:00,BUGANG,40FT,0,0,0,0,3,3,0,0
CARRIER_A,2026-08-14 14:00,BUGANG,40FT,0,0,0,0,3,3,0,0
CARRIER_A,2026-08-14 15:00,BUGANG,40FT,0,0,0,0,3,3,0,0
CARRIER_A,2026-08-14 16:00,BUGANG,40FT,0,0,0,0,3,3,0,0
CARRIER_A,2026-08-14 17:00,BUGANG,40FT,0,0,0,0,3,3,0,0
CARRIER_A,2026-08-14 18:00,BUGANG,40FT,0,0,0,0,3,3,0,0
CARRIER_A,2026-08-14 19:00,BUGANG,40FT,0,0,0,0,3,3,0,0
CARRIER_A,2026-08-14 20:00,BUGANG,40FT,0,0,0,0,3,3,0,0
CARRIER_A,2026-08-14 21:00,BUGANG,40FT,0,0,0,0,3,3,0,0
CARRIER_A,2026-08-14 22:00,BUGANG,40FT,0,0,0,0,3,3,0,0
CARRIER_A,2026-08-14 23:00,BUGANG,40FT,0,0,0,0,3,3,0,0
CARRIER_A,2026-08-15 00:00,BUGANG,40FT,0,0,0,0,3,3,0,0
CARRIER_A,2026-08-15 01:00,BUGANG,40FT,0,0,0,0,3,3,0,0
CARRIER_A,2026-08-15 02:00,BUGANG,40FT,0,0,0,0,3,3,0,0
CARRIER_A,2026-08-15 03:00,BUGANG,40FT,0,0,0,0,3,3,0,0
CARRIER_A,2026-08-15 04:00,BUGANG,40FT,0,0,0,0,3,3,0,0
CARRIER_A,2026-08-15 05:00,BUGANG,40FT,0,0,0,0,3,3,0,0
CARRIER_A,2026-08-15 06:00,BUGANG,40FT,0,0,0,0,3,3,0,0
CARRIER_A,2026-08-15 07:00,BUGANG,40FT,0,0,0,0,3,3,0,0
CARRIER_A,2026-08-15 08:00,BUGANG,40FT,0,1,0,0,4,4,0,0
CARRIER_A,2026-08-15 09:00,BUGANG,40FT,0,0,0,0,4,4,0,0
CARRIER_A,2026-08-15 10:00,BUGANG,40FT,0,0,0,0,4,4,0,0
CARRIER_A,2026-08-15 11:00,BUGANG,40FT,0,0,0,0,4,4,0,0
CARRIER_A,2026-08-15 12:00,BUGANG,40FT,0,0,0,0,4,4,0,0
CARRIER_A,2026-08-15 13:00,BUGANG,40FT,0,0,0,0,4,4,0,0
CARRIER_A,2026-08-15 14:00,BUGANG,40FT,0,0,0,0,4,4,0,0
CARRIER_A,2026-08-15 15:00,BUGANG,40FT,0,0,0,0,4,4,0,0
CARRIER_A,2026-08-15 16:00,BUGANG,40FT,0,0,0,0,4,4,0,0
CARRIER_A,2026-08-15 17:00,BUGANG,40FT,0,0,0,0,4,4,0,0
CARRIER_A,2026-08-15 18:00,BUGANG,40FT,0,0,0,0,4,4,0,0
CARRIER_A,2026-08-15 19:00,BUGANG,40FT,0,0,0,0,4,4,0,0
CARRIER_A,2026-08-15 20:00,BUGANG,40FT,0,0,0,0,4,4,0,0
CARRIER_A,2026-08-15 21:00,BUGANG,40FT,0,0,0,0,4,4,0,0
CARRIER_A,2026-08-15 22:00,BUGANG,40FT,0,0,0,0,4,4,0,0
CARRIER_A,2026-08-15 23:00,BUGANG,40FT,0,0,0,0,4,4,0,0
CARRIER_A,2026-08-16 00:00,BUGANG,40FT,0,0,0,0,4,4,0,0
CARRIER_A,2026-08-16 01:00,BUGANG,40FT,0,0,0,0,4,4,0,0
CARRIER_A,2026-08-16 02:00,BUGANG,40FT,0,0,0,0,4,4,0,0
CARRIER_A,2026-08-16 03:00,BUGANG,40FT,0,0,0,0,4,4,0,0
CARRIER_A,2026-08-16 04:00,BUGANG,40FT,0,0,0,0,4,4,0,0
CARRIER_A,2026-08-16 05:00,BUGANG,40FT,0,0,0,0,4,4,0,0
CARRIER_A,2026-08-16 06:00,BUGANG,40FT,0,0,0,0,4,4,0,0
CARRIER_A,2026-08-16 07:00,BUGANG,40FT,0,0,0,0,4,4,0,0
CARRIER_A,2026-08-16 08:00,BUGANG,40FT,0,0,0,0,4,4,0,0
CARRIER_A,2026-08-16 09:00,BUGANG,40FT,0,0,0,0,4,4,0,0
CARRIER_A,2026-08-16 10:00,BUGANG,40FT,0,0,0,0,4,4,0,0
CARRIER_A,2026-08-16 11:00,BUGANG,40FT,1,0,0,0,3,3,0,0
CARRIER_A,2026-08-16 12:00,BUGANG,40FT,0,0,0,0,3,3,0,0
CARRIER_A,2026-08-16 13:00,BUGANG,40FT,0,0,0,0,3,3,0,0
CARRIER_A,2026-08-16 14:00,BUGANG,40FT,0,0,0,0,3,3,0,0
CARRIER_A,2026-08-16 15:00,BUGANG,40FT,0,0,0,0,3,3,0,0
CARRIER_A,2026-08-16 16:00,BUGANG,40FT,0,0,0,0,3,3,0,0
CARRIER_A,2026-08-16 17:00,BUGANG,40FT,0,0,0,0,3,3,0,0
CARRIER_A,2026-08-16 18:00,BUGANG,40FT,0,0,0,0,3,3,0,0
CARRIER_A,2026-08-16 19:00,BUGANG,40FT,0,0,0,0,3,3,0,0
CARRIER_A,2026-08-16 20:00,BUGANG,40FT,0,1,0,0,4,4,0,0
CARRIER_A,2026-08-16 21:00,BUGANG,40FT,0,0,0,0,4,4,0,0
CARRIER_A,2026-08-16 22:00,BUGANG,40FT,0,0,0,0,4,4,0,0
CARRIER_A,2026-08-16 23:00,BUGANG,40FT,0,0,0,0,4,4,0,0
CARRIER_A,2026-08-10 00:00,BUSAN,20FT,0,0,0,0,45,45,0,0
CARRIER_A,2026-08-10 01:00,BUSAN,20FT,0,0,0,0,45,45,0,0
CARRIER_A,2026-08-10 02:00,BUSAN,20FT,0,0,0,0,45,45,0,0
CARRIER_A,2026-08-10 03:00,BUSAN,20FT,0,0,0,0,45,45,0,0
CARRIER_A,2026-08-10 04:00,BUSAN,20FT,0,0,0,0,45,45,0,0
CARRIER_A,2026-08-10 05:00,BUSAN,20FT,0,0,0,0,45,45,0,0
CARRIER_A,2026-08-10 06:00,BUSAN,20FT,1,0,0,0,44,44,0,0
CARRIER_A,2026-08-10 07:00,BUSAN,20FT,1,0,0,0,43,43,0,0
CARRIER_A,2026-08-10 08:00,BUSAN,20FT,1,1,0,0,43,43,0,0
CARRIER_A,2026-08-10 09:00,BUSAN,20FT,2,0,0,0,41,41,0,0
CARRIER_A,2026-08-10 10:00,BUSAN,20FT,1,1,0,0,41,41,0,0
CARRIER_A,2026-08-10 11:00,BUSAN,20FT,1,0,0,0,40,40,0,0
CARRIER_A,2026-08-10 12:00,BUSAN,20FT,1,0,0,0,39,39,0,0
CARRIER_A,2026-08-10 13:00,BUSAN,20FT,0,1,0,0,40,40,0,0
CARRIER_A,2026-08-10 14:00,BUSAN,20FT,1,0,0,0,39,39,0,0
CARRIER_A,2026-08-10 15:00,BUSAN,20FT,2,1,0,0,38,38,0,0
CARRIER_A,2026-08-10 16:00,BUSAN,20FT,2,0,0,0,36,36,0,0
CARRIER_A,2026-08-10 17:00,BUSAN,20FT,0,0,0,0,36,36,0,0
CARRIER_A,2026-08-10 18:00,BUSAN,20FT,0,0,0,0,36,36,0,0
CARRIER_A,2026-08-10 19:00,BUSAN,20FT,0,0,0,0,36,36,0,0
CARRIER_A,2026-08-10 20:00,BUSAN,20FT,0,0,0,0,36,36,0,0
CARRIER_A,2026-08-10 21:00,BUSAN,20FT,0,0,0,0,36,36,0,0
CARRIER_A,2026-08-10 22:00,BUSAN,20FT,0,0,0,0,36,36,0,0
CARRIER_A,2026-08-10 23:00,BUSAN,20FT,0,0,0,0,36,36,0,0
CARRIER_A,2026-08-11 00:00,BUSAN,20FT,0,0,0,0,36,36,0,0
CARRIER_A,2026-08-11 01:00,BUSAN,20FT,0,0,0,0,36,36,0,0
CARRIER_A,2026-08-11 02:00,BUSAN,20FT,0,0,0,0,36,36,0,0
CARRIER_A,2026-08-11 03:00,BUSAN,20FT,0,0,0,0,36,36,0,0
CARRIER_A,2026-08-11 04:00,BUSAN,20FT,0,0,0,0,36,36,0,0
CARRIER_A,2026-08-11 05:00,BUSAN,20FT,0,0,0,0,36,36,0,0
CARRIER_A,2026-08-11 06:00,BUSAN,20FT,0,0,0,0,36,36,0,0
CARRIER_A,2026-08-11 07:00,BUSAN,20FT,0,0,0,0,36,36,0,0
CARRIER_A,2026-08-11 08:00,BUSAN,20FT,2,1,0,0,35,35,0,0
CARRIER_A,2026-08-11 09:00,BUSAN,20FT,2,0,0,0,33,33,0,0
CARRIER_A,2026-08-11 10:00,BUSAN,20FT,2,0,0,0,31,31,0,0
CARRIER_A,2026-08-11 11:00,BUSAN,20FT,0,0,0,0,31,31,0,0
CARRIER_A,2026-08-11 12:00,BUSAN,20FT,1,1,0,0,31,31,0,0
CARRIER_A,2026-08-11 13:00,BUSAN,20FT,2,0,0,0,29,29,0,0
CARRIER_A,2026-08-11 14:00,BUSAN,20FT,1,1,0,0,29,29,0,0
CARRIER_A,2026-08-11 15:00,BUSAN,20FT,1,0,0,0,28,28,0,0
CARRIER_A,2026-08-11 16:00,BUSAN,20FT,1,1,0,0,28,28,0,0
CARRIER_A,2026-08-11 17:00,BUSAN,20FT,1,1,0,0,28,28,0,0
CARRIER_A,2026-08-11 18:00,BUSAN,20FT,0,0,0,0,28,28,0,0
CARRIER_A,2026-08-11 19:00,BUSAN,20FT,1,0,0,0,27,27,0,0
CARRIER_A,2026-08-11 20:00,BUSAN,20FT,0,1,0,0,28,28,0,0
CARRIER_A,2026-08-11 21:00,BUSAN,20FT,0,0,0,16,28,12,0,0
CARRIER_A,2026-08-11 22:00,BUSAN,20FT,0,0,0,0,28,12,0,0
CARRIER_A,2026-08-11 23:00,BUSAN,20FT,0,0,0,0,28,12,0,0
CARRIER_A,2026-08-12 00:00,BUSAN,20FT,0,0,0,0,28,12,0,0
CARRIER_A,2026-08-12 01:00,BUSAN,20FT,0,0,0,0,28,12,0,0
CARRIER_A,2026-08-12 02:00,BUSAN,20FT,0,0,0,0,28,12,0,0
CARRIER_A,2026-08-12 03:00,BUSAN,20FT,0,0,0,0,28,12,0,0
CARRIER_A,2026-08-12 04:00,BUSAN,20FT,0,0,0,0,28,12,0,0
CARRIER_A,2026-08-12 05:00,BUSAN,20FT,0,0,0,0,28,12,0,0
CARRIER_A,2026-08-12 06:00,BUSAN,20FT,1,0,0,0,27,11,0,0
CARRIER_A,2026-08-12 07:00,BUSAN,20FT,0,1,0,0,28,12,0,0
CARRIER_A,2026-08-12 08:00,BUSAN,20FT,1,1,0,0,28,12,0,0
CARRIER_A,2026-08-12 09:00,BUSAN,20FT,1,2,0,0,29,13,0,0
CARRIER_A,2026-08-12 10:00,BUSAN,20FT,1,1,0,0,29,13,0,0
CARRIER_A,2026-08-12 11:00,BUSAN,20FT,1,3,0,0,31,15,0,0
CARRIER_A,2026-08-12 12:00,BUSAN,20FT,0,1,0,0,32,16,0,0
CARRIER_A,2026-08-12 13:00,BUSAN,20FT,1,2,0,0,33,17,0,0
CARRIER_A,2026-08-12 14:00,BUSAN,20FT,2,1,0,0,32,16,0,0
CARRIER_A,2026-08-12 15:00,BUSAN,20FT,0,3,0,0,35,19,0,0
CARRIER_A,2026-08-12 16:00,BUSAN,20FT,1,2,0,0,36,20,0,0
CARRIER_A,2026-08-12 17:00,BUSAN,20FT,1,1,0,0,36,20,0,0
CARRIER_A,2026-08-12 18:00,BUSAN,20FT,1,2,0,0,37,21,0,0
CARRIER_A,2026-08-12 19:00,BUSAN,20FT,0,0,0,0,37,21,0,0
CARRIER_A,2026-08-12 20:00,BUSAN,20FT,0,1,0,0,38,22,0,0
CARRIER_A,2026-08-12 21:00,BUSAN,20FT,0,0,0,0,38,22,0,0
CARRIER_A,2026-08-12 22:00,BUSAN,20FT,0,0,0,0,38,22,0,0
CARRIER_A,2026-08-12 23:00,BUSAN,20FT,0,0,0,0,38,22,0,0
CARRIER_A,2026-08-13 00:00,BUSAN,20FT,0,0,0,0,38,22,0,0
CARRIER_A,2026-08-13 01:00,BUSAN,20FT,0,0,0,0,38,22,0,0
CARRIER_A,2026-08-13 02:00,BUSAN,20FT,0,0,0,0,38,22,0,0
CARRIER_A,2026-08-13 03:00,BUSAN,20FT,0,0,0,0,38,22,0,0
CARRIER_A,2026-08-13 04:00,BUSAN,20FT,0,0,0,0,38,22,0,0
CARRIER_A,2026-08-13 05:00,BUSAN,20FT,0,0,0,0,38,22,0,0
CARRIER_A,2026-08-13 06:00,BUSAN,20FT,0,0,0,0,38,22,0,0
CARRIER_A,2026-08-13 07:00,BUSAN,20FT,1,1,0,0,38,22,0,0
CARRIER_A,2026-08-13 08:00,BUSAN,20FT,1,1,0,0,38,22,0,0
CARRIER_A,2026-08-13 09:00,BUSAN,20FT,0,0,0,0,38,22,0,0
CARRIER_A,2026-08-13 10:00,BUSAN,20FT,1,2,0,0,39,23,0,0
CARRIER_A,2026-08-13 11:00,BUSAN,20FT,2,3,0,0,40,24,0,0
CARRIER_A,2026-08-13 12:00,BUSAN,20FT,0,1,0,0,41,25,0,0
CARRIER_A,2026-08-13 13:00,BUSAN,20FT,1,25,0,0,65,49,0,0
CARRIER_A,2026-08-13 14:00,BUSAN,20FT,1,3,0,0,67,51,0,0
CARRIER_A,2026-08-13 15:00,BUSAN,20FT,1,3,0,0,69,53,0,0
CARRIER_A,2026-08-13 16:00,BUSAN,20FT,1,1,0,0,69,53,0,0
CARRIER_A,2026-08-13 17:00,BUSAN,20FT,0,3,0,0,72,56,0,0
CARRIER_A,2026-08-13 18:00,BUSAN,20FT,0,2,0,0,74,58,0,0
CARRIER_A,2026-08-13 19:00,BUSAN,20FT,0,1,0,0,75,59,0,0
CARRIER_A,2026-08-13 20:00,BUSAN,20FT,0,1,0,0,76,60,0,0
CARRIER_A,2026-08-13 21:00,BUSAN,20FT,0,1,0,0,77,61,0,0
CARRIER_A,2026-08-13 22:00,BUSAN,20FT,0,1,0,0,78,62,0,0
CARRIER_A,2026-08-13 23:00,BUSAN,20FT,0,0,0,0,78,62,0,0
CARRIER_A,2026-08-14 00:00,BUSAN,20FT,0,0,0,0,78,62,0,0
CARRIER_A,2026-08-14 01:00,BUSAN,20FT,0,0,0,0,78,62,0,0
CARRIER_A,2026-08-14 02:00,BUSAN,20FT,0,0,0,0,78,62,0,0
CARRIER_A,2026-08-14 03:00,BUSAN,20FT,0,0,0,0,78,62,0,0
CARRIER_A,2026-08-14 04:00,BUSAN,20FT,0,0,0,0,78,62,0,0
CARRIER_A,2026-08-14 05:00,BUSAN,20FT,1,0,0,0,77,61,0,0
CARRIER_A,2026-08-14 06:00,BUSAN,20FT,0,0,0,0,77,61,0,0
CARRIER_A,2026-08-14 07:00,BUSAN,20FT,0,0,0,0,77,61,0,0
CARRIER_A,2026-08-14 08:00,BUSAN,20FT,1,0,0,0,76,60,0,0
CARRIER_A,2026-08-14 09:00,BUSAN,20FT,0,0,0,0,76,60,0,0
CARRIER_A,2026-08-14 10:00,BUSAN,20FT,2,0,0,0,74,58,0,0
CARRIER_A,2026-08-14 11:00,BUSAN,20FT,1,0,0,0,73,57,0,0
CARRIER_A,2026-08-14 12:00,BUSAN,20FT,1,0,0,0,72,56,0,0
CARRIER_A,2026-08-14 13:00,BUSAN,20FT,1,0,0,0,71,55,0,0
CARRIER_A,2026-08-14 14:00,BUSAN,20FT,1,0,0,0,70,54,0,0
CARRIER_A,2026-08-14 15:00,BUSAN,20FT,1,1,0,0,70,54,0,0
CARRIER_A,2026-08-14 16:00,BUSAN,20FT,0,0,0,0,70,54,0,0
CARRIER_A,2026-08-14 17:00,BUSAN,20FT,0,1,0,0,71,55,0,0
CARRIER_A,2026-08-14 18:00,BUSAN,20FT,0,0,0,0,71,55,0,0
CARRIER_A,2026-08-14 19:00,BUSAN,20FT,0,1,0,0,72,56,0,0
CARRIER_A,2026-08-14 20:00,BUSAN,20FT,0,0,0,0,72,56,0,0
CARRIER_A,2026-08-14 21:00,BUSAN,20FT,0,1,0,0,73,57,0,0
CARRIER_A,2026-08-14 22:00,BUSAN,20FT,0,0,0,0,73,57,0,0
CARRIER_A,2026-08-14 23:00,BUSAN,20FT,0,0,0,0,73,57,0,0
CARRIER_A,2026-08-15 00:00,BUSAN,20FT,0,0,0,0,73,57,0,0
CARRIER_A,2026-08-15 01:00,BUSAN,20FT,0,0,0,0,73,57,0,0
CARRIER_A,2026-08-15 02:00,BUSAN,20FT,0,0,0,0,73,57,0,0
CARRIER_A,2026-08-15 03:00,BUSAN,20FT,0,0,0,0,73,57,0,0
CARRIER_A,2026-08-15 04:00,BUSAN,20FT,0,0,0,0,73,57,0,0
CARRIER_A,2026-08-15 05:00,BUSAN,20FT,1,0,0,0,72,56,0,0
CARRIER_A,2026-08-15 06:00,BUSAN,20FT,0,0,0,0,72,56,0,0
CARRIER_A,2026-08-15 07:00,BUSAN,20FT,0,1,0,0,73,57,0,0
CARRIER_A,2026-08-15 08:00,BUSAN,20FT,1,0,0,0,72,56,0,0
CARRIER_A,2026-08-15 09:00,BUSAN,20FT,0,1,0,0,73,57,0,0
CARRIER_A,2026-08-15 10:00,BUSAN,20FT,0,0,0,0,73,57,0,0
CARRIER_A,2026-08-15 11:00,BUSAN,20FT,1,1,0,0,73,57,0,0
CARRIER_A,2026-08-15 12:00,BUSAN,20FT,0,1,0,0,74,58,0,0
CARRIER_A,2026-08-15 13:00,BUSAN,20FT,1,0,0,0,73,57,0,0
CARRIER_A,2026-08-15 14:00,BUSAN,20FT,0,0,0,0,73,57,0,0
CARRIER_A,2026-08-15 15:00,BUSAN,20FT,0,2,0,0,75,59,0,0
CARRIER_A,2026-08-15 16:00,BUSAN,20FT,0,1,0,0,76,60,0,0
CARRIER_A,2026-08-15 17:00,BUSAN,20FT,0,1,0,0,77,61,0,0
CARRIER_A,2026-08-15 18:00,BUSAN,20FT,0,1,0,0,78,62,0,0
CARRIER_A,2026-08-15 19:00,BUSAN,20FT,0,0,0,0,78,62,0,0
CARRIER_A,2026-08-15 20:00,BUSAN,20FT,0,0,0,0,78,62,0,0
CARRIER_A,2026-08-15 21:00,BUSAN,20FT,0,0,0,0,78,62,0,0
CARRIER_A,2026-08-15 22:00,BUSAN,20FT,0,0,0,0,78,62,0,0
CARRIER_A,2026-08-15 23:00,BUSAN,20FT,0,0,0,0,78,62,0,0
CARRIER_A,2026-08-16 00:00,BUSAN,20FT,0,0,0,0,78,62,0,0
CARRIER_A,2026-08-16 01:00,BUSAN,20FT,0,0,0,0,78,62,0,0
CARRIER_A,2026-08-16 02:00,BUSAN,20FT,0,0,0,0,78,62,0,0
CARRIER_A,2026-08-16 03:00,BUSAN,20FT,0,0,0,0,78,62,0,0
CARRIER_A,2026-08-16 04:00,BUSAN,20FT,0,0,0,0,78,62,0,0
CARRIER_A,2026-08-16 05:00,BUSAN,20FT,1,1,0,0,78,62,0,0
CARRIER_A,2026-08-16 06:00,BUSAN,20FT,1,0,0,0,77,61,0,0
CARRIER_A,2026-08-16 07:00,BUSAN,20FT,1,0,0,0,76,60,0,0
CARRIER_A,2026-08-16 08:00,BUSAN,20FT,0,0,0,0,76,60,0,0
CARRIER_A,2026-08-16 09:00,BUSAN,20FT,1,0,0,0,75,59,0,0
CARRIER_A,2026-08-16 10:00,BUSAN,20FT,1,0,0,0,74,58,0,0
CARRIER_A,2026-08-16 11:00,BUSAN,20FT,1,7,0,0,80,64,0,0
CARRIER_A,2026-08-16 12:00,BUSAN,20FT,0,0,0,0,80,64,0,0
CARRIER_A,2026-08-16 13:00,BUSAN,20FT,0,1,0,0,81,65,0,0
CARRIER_A,2026-08-16 14:00,BUSAN,20FT,0,1,0,0,82,66,0,0
CARRIER_A,2026-08-16 15:00,BUSAN,20FT,1,1,0,0,82,66,0,0
CARRIER_A,2026-08-16 16:00,BUSAN,20FT,1,1,0,0,82,66,0,0
CARRIER_A,2026-08-16 17:00,BUSAN,20FT,1,1,0,0,82,66,0,0
CARRIER_A,2026-08-16 18:00,BUSAN,20FT,1,0,0,0,81,65,0,0
CARRIER_A,2026-08-16 19:00,BUSAN,20FT,0,0,0,0,81,65,0,0
CARRIER_A,2026-08-16 20:00,BUSAN,20FT,0,0,0,0,81,65,0,0
CARRIER_A,2026-08-16 21:00,BUSAN,20FT,0,1,0,0,82,66,0,0
CARRIER_A,2026-08-16 22:00,BUSAN,20FT,0,0,0,0,82,66,0,0
CARRIER_A,2026-08-16 23:00,BUSAN,20FT,0,0,0,0,82,66,0,0
CARRIER_A,2026-08-10 00:00,BUSAN,40FT,0,0,0,0,18,18,0,0
CARRIER_A,2026-08-10 01:00,BUSAN,40FT,0,0,0,0,18,18,0,0
CARRIER_A,2026-08-10 02:00,BUSAN,40FT,0,0,0,0,18,18,0,0
CARRIER_A,2026-08-10 03:00,BUSAN,40FT,0,0,0,0,18,18,0,0
CARRIER_A,2026-08-10 04:00,BUSAN,40FT,0,0,0,0,18,18,0,0
CARRIER_A,2026-08-10 05:00,BUSAN,40FT,0,0,0,0,18,18,0,0
CARRIER_A,2026-08-10 06:00,BUSAN,40FT,1,0,0,0,17,17,0,0
CARRIER_A,2026-08-10 07:00,BUSAN,40FT,0,0,0,0,17,17,0,0
CARRIER_A,2026-08-10 08:00,BUSAN,40FT,0,0,0,0,17,17,0,0
CARRIER_A,2026-08-10 09:00,BUSAN,40FT,0,1,0,0,18,18,0,0
CARRIER_A,2026-08-10 10:00,BUSAN,40FT,0,0,0,0,18,18,0,0
CARRIER_A,2026-08-10 11:00,BUSAN,40FT,0,0,0,0,18,18,0,0
CARRIER_A,2026-08-10 12:00,BUSAN,40FT,0,0,0,0,18,18,0,0
CARRIER_A,2026-08-10 13:00,BUSAN,40FT,0,0,0,0,18,18,0,0
CARRIER_A,2026-08-10 14:00,BUSAN,40FT,1,0,0,0,17,17,0,0
CARRIER_A,2026-08-10 15:00,BUSAN,40FT,0,0,0,0,17,17,0,0
CARRIER_A,2026-08-10 16:00,BUSAN,40FT,0,0,0,0,17,17,0,0
CARRIER_A,2026-08-10 17:00,BUSAN,40FT,0,0,0,0,17,17,0,0
CARRIER_A,2026-08-10 18:00,BUSAN,40FT,0,0,0,0,17,17,0,0
CARRIER_A,2026-08-10 19:00,BUSAN,40FT,0,0,0,0,17,17,0,0
CARRIER_A,2026-08-10 20:00,BUSAN,40FT,0,0,0,0,17,17,0,0
CARRIER_A,2026-08-10 21:00,BUSAN,40FT,0,0,0,0,17,17,0,0
CARRIER_A,2026-08-10 22:00,BUSAN,40FT,0,0,0,0,17,17,0,0
CARRIER_A,2026-08-10 23:00,BUSAN,40FT,0,0,0,0,17,17,0,0
CARRIER_A,2026-08-11 00:00,BUSAN,40FT,0,0,0,0,17,17,0,0
CARRIER_A,2026-08-11 01:00,BUSAN,40FT,0,0,0,0,17,17,0,0
CARRIER_A,2026-08-11 02:00,BUSAN,40FT,0,0,0,0,17,17,0,0
CARRIER_A,2026-08-11 03:00,BUSAN,40FT,0,0,0,0,17,17,0,0
CARRIER_A,2026-08-11 04:00,BUSAN,40FT,0,0,0,0,17,17,0,0
CARRIER_A,2026-08-11 05:00,BUSAN,40FT,0,0,0,0,17,17,0,0
CARRIER_A,2026-08-11 06:00,BUSAN,40FT,0,0,0,0,17,17,0,0
CARRIER_A,2026-08-11 07:00,BUSAN,40FT,1,0,0,0,16,16,0,0
CARRIER_A,2026-08-11 08:00,BUSAN,40FT,0,0,0,0,16,16,0,0
CARRIER_A,2026-08-11 09:00,BUSAN,40FT,0,0,0,0,16,16,0,0
CARRIER_A,2026-08-11 10:00,BUSAN,40FT,0,1,0,0,17,17,0,0
CARRIER_A,2026-08-11 11:00,BUSAN,40FT,1,0,0,0,16,16,0,0
CARRIER_A,2026-08-11 12:00,BUSAN,40FT,1,0,0,0,15,15,0,0
CARRIER_A,2026-08-11 13:00,BUSAN,40FT,0,0,0,0,15,15,0,0
CARRIER_A,2026-08-11 14:00,BUSAN,40FT,1,0,0,0,14,14,0,0
CARRIER_A,2026-08-11 15:00,BUSAN,40FT,0,1,0,0,15,15,0,0
CARRIER_A,2026-08-11 16:00,BUSAN,40FT,0,0,0,0,15,15,0,0
CARRIER_A,2026-08-11 17:00,BUSAN,40FT,0,1,0,0,16,16,0,0
CARRIER_A,2026-08-11 18:00,BUSAN,40FT,0,1,0,0,17,17,0,0
CARRIER_A,2026-08-11 19:00,BUSAN,40FT,0,0,0,0,17,17,0,0
CARRIER_A,2026-08-11 20:00,BUSAN,40FT,0,45,0,0,62,62,0,0
CARRIER_A,2026-08-11 21:00,BUSAN,40FT,0,0,0,9,62,53,0,0
CARRIER_A,2026-08-11 22:00,BUSAN,40FT,0,0,0,0,62,53,0,0
CARRIER_A,2026-08-11 23:00,BUSAN,40FT,0,0,0,0,62,53,0,0
CARRIER_A,2026-08-12 00:00,BUSAN,40FT,0,0,0,0,62,53,0,0
CARRIER_A,2026-08-12 01:00,BUSAN,40FT,0,0,0,0,62,53,0,0
CARRIER_A,2026-08-12 02:00,BUSAN,40FT,0,0,0,0,62,53,0,0
CARRIER_A,2026-08-12 03:00,BUSAN,40FT,0,0,0,0,62,53,0,0
CARRIER_A,2026-08-12 04:00,BUSAN,40FT,0,0,0,0,62,53,0,0
CARRIER_A,2026-08-12 05:00,BUSAN,40FT,1,0,0,0,61,52,0,0
CARRIER_A,2026-08-12 06:00,BUSAN,40FT,0,0,0,0,61,52,0,0
CARRIER_A,2026-08-12 07:00,BUSAN,40FT,0,0,0,0,61,52,0,0
CARRIER_A,2026-08-12 08:00,BUSAN,40FT,0,0,0,0,61,52,0,0
CARRIER_A,2026-08-12 09:00,BUSAN,40FT,0,0,0,0,61,52,0,0
CARRIER_A,2026-08-12 10:00,BUSAN,40FT,2,0,0,0,59,50,0,0
CARRIER_A,2026-08-12 11:00,BUSAN,40FT,0,1,0,0,60,51,0,0
CARRIER_A,2026-08-12 12:00,BUSAN,40FT,1,0,0,0,59,50,0,0
CARRIER_A,2026-08-12 13:00,BUSAN,40FT,0,0,0,0,59,50,0,0
CARRIER_A,2026-08-12 14:00,BUSAN,40FT,1,1,0,0,59,50,0,0
CARRIER_A,2026-08-12 15:00,BUSAN,40FT,0,1,0,0,60,51,0,0
CARRIER_A,2026-08-12 16:00,BUSAN,40FT,0,1,0,0,61,52,0,0
CARRIER_A,2026-08-12 17:00,BUSAN,40FT,0,1,0,0,62,53,0,0
CARRIER_A,2026-08-12 18:00,BUSAN,40FT,0,1,0,0,63,54,0,0
CARRIER_A,2026-08-12 19:00,BUSAN,40FT,0,1,0,0,64,55,0,0
CARRIER_A,2026-08-12 20:00,BUSAN,40FT,0,1,0,0,65,56,0,0
CARRIER_A,2026-08-12 21:00,BUSAN,40FT,0,1,0,0,66,57,0,0
CARRIER_A,2026-08-12 22:00,BUSAN,40FT,0,0,0,0,66,57,0,0
CARRIER_A,2026-08-12 23:00,BUSAN,40FT,0,0,0,0,66,57,0,0
CARRIER_A,2026-08-13 00:00,BUSAN,40FT,0,0,0,0,66,57,0,0
CARRIER_A,2026-08-13 01:00,BUSAN,40FT,0,0,0,0,66,57,0,0
CARRIER_A,2026-08-13 02:00,BUSAN,40FT,0,0,0,0,66,57,0,0
CARRIER_A,2026-08-13 03:00,BUSAN,40FT,0,0,0,0,66,57,0,0
CARRIER_A,2026-08-13 04:00,BUSAN,40FT,0,0,0,0,66,57,0,0
CARRIER_A,2026-08-13 05:00,BUSAN,40FT,1,0,0,0,65,56,0,0
CARRIER_A,2026-08-13 06:00,BUSAN,40FT,0,0,0,0,65,56,0,0
CARRIER_A,2026-08-13 07:00,BUSAN,40FT,0,1,0,0,66,57,0,0
CARRIER_A,2026-08-13 08:00,BUSAN,40FT,0,0,0,0,66,57,0,0
CARRIER_A,2026-08-13 09:00,BUSAN,40FT,0,1,0,0,67,58,0,0
CARRIER_A,2026-08-13 10:00,BUSAN,40FT,0,0,0,0,67,58,0,0
CARRIER_A,2026-08-13 11:00,BUSAN,40FT,1,1,0,0,67,58,0,0
CARRIER_A,2026-08-13 12:00,BUSAN,40FT,0,1,0,0,68,59,0,0
CARRIER_A,2026-08-13 13:00,BUSAN,40FT,0,0,0,0,68,59,0,0
CARRIER_A,2026-08-13 14:00,BUSAN,40FT,0,0,0,0,68,59,0,0
CARRIER_A,2026-08-13 15:00,BUSAN,40FT,0,2,0,0,70,61,0,0
CARRIER_A,2026-08-13 16:00,BUSAN,40FT,1,1,0,0,70,61,0,0
CARRIER_A,2026-08-13 17:00,BUSAN,40FT,0,1,0,0,71,62,0,0
CARRIER_A,2026-08-13 18:00,BUSAN,40FT,0,1,0,0,72,63,0,0
CARRIER_A,2026-08-13 19:00,BUSAN,40FT,0,1,0,0,73,64,0,0
CARRIER_A,2026-08-13 20:00,BUSAN,40FT,0,0,0,0,73,64,0,0
CARRIER_A,2026-08-13 21:00,BUSAN,40FT,0,0,0,0,73,64,0,0
CARRIER_A,2026-08-13 22:00,BUSAN,40FT,0,0,0,0,73,64,0,0
CARRIER_A,2026-08-13 23:00,BUSAN,40FT,0,0,0,0,73,64,0,0
CARRIER_A,2026-08-14 00:00,BUSAN,40FT,0,0,0,0,73,64,0,0
CARRIER_A,2026-08-14 01:00,BUSAN,40FT,0,0,0,0,73,64,0,0
CARRIER_A,2026-08-14 02:00,BUSAN,40FT,0,0,0,0,73,64,0,0
CARRIER_A,2026-08-14 03:00,BUSAN,40FT,0,0,0,0,73,64,0,0
CARRIER_A,2026-08-14 04:00,BUSAN,40FT,0,0,0,0,73,64,0,0
CARRIER_A,2026-08-14 05:00,BUSAN,40FT,0,0,0,0,73,64,0,0
CARRIER_A,2026-08-14 06:00,BUSAN,40FT,0,0,0,0,73,64,0,0
CARRIER_A,2026-08-14 07:00,BUSAN,40FT,1,0,0,0,72,63,0,0
CARRIER_A,2026-08-14 08:00,BUSAN,40FT,0,0,0,0,72,63,0,0
CARRIER_A,2026-08-14 09:00,BUSAN,40FT,0,0,0,0,72,63,0,0
CARRIER_A,2026-08-14 10:00,BUSAN,40FT,0,0,0,0,72,63,0,0
CARRIER_A,2026-08-14 11:00,BUSAN,40FT,1,0,0,0,71,62,0,0
CARRIER_A,2026-08-14 12:00,BUSAN,40FT,0,0,0,0,71,62,0,0
CARRIER_A,2026-08-14 13:00,BUSAN,40FT,0,0,0,0,71,62,0,0
CARRIER_A,2026-08-14 14:00,BUSAN,40FT,0,0,0,0,71,62,0,0
CARRIER_A,2026-08-14 15:00,BUSAN,40FT,0,0,0,0,71,62,0,0
CARRIER_A,2026-08-14 16:00,BUSAN,40FT,1,0,0,0,70,61,0,0
CARRIER_A,2026-08-14 17:00,BUSAN,40FT,0,0,0,0,70,61,0,0
CARRIER_A,2026-08-14 18:00,BUSAN,40FT,1,0,0,0,69,60,0,0
CARRIER_A,2026-08-14 19:00,BUSAN,40FT,0,0,0,0,69,60,0,0
CARRIER_A,2026-08-14 20:00,BUSAN,40FT,0,0,0,0,69,60,0,0
CARRIER_A,2026-08-14 21:00,BUSAN,40FT,0,0,0,0,69,60,0,0
CARRIER_A,2026-08-14 22:00,BUSAN,40FT,0,0,0,0,69,60,0,0
CARRIER_A,2026-08-14 23:00,BUSAN,40FT,0,0,0,0,69,60,0,0
CARRIER_A,2026-08-15 00:00,BUSAN,40FT,0,0,0,0,69,60,0,0
CARRIER_A,2026-08-15 01:00,BUSAN,40FT,0,0,0,0,69,60,0,0
CARRIER_A,2026-08-15 02:00,BUSAN,40FT,0,0,0,0,69,60,0,0
CARRIER_A,2026-08-15 03:00,BUSAN,40FT,0,0,0,0,69,60,0,0
CARRIER_A,2026-08-15 04:00,BUSAN,40FT,0,0,0,0,69,60,0,0
CARRIER_A,2026-08-15 05:00,BUSAN,40FT,0,0,0,0,69,60,0,0
CARRIER_A,2026-08-15 06:00,BUSAN,40FT,0,0,0,0,69,60,0,0
CARRIER_A,2026-08-15 07:00,BUSAN,40FT,0,0,0,0,69,60,0,0
CARRIER_A,2026-08-15 08:00,BUSAN,40FT,0,0,0,0,69,60,0,0
CARRIER_A,2026-08-15 09:00,BUSAN,40FT,0,1,0,0,70,61,0,0
CARRIER_A,2026-08-15 10:00,BUSAN,40FT,0,0,0,0,70,61,0,0
CARRIER_A,2026-08-15 11:00,BUSAN,40FT,0,0,0,0,70,61,0,0
CARRIER_A,2026-08-15 12:00,BUSAN,40FT,1,0,0,0,69,60,0,0
CARRIER_A,2026-08-15 13:00,BUSAN,40FT,0,0,0,0,69,60,0,0
CARRIER_A,2026-08-15 14:00,BUSAN,40FT,0,1,0,0,70,61,0,0
CARRIER_A,2026-08-15 15:00,BUSAN,40FT,0,1,0,0,71,62,0,0
CARRIER_A,2026-08-15 16:00,BUSAN,40FT,0,0,0,0,71,62,0,0
CARRIER_A,2026-08-15 17:00,BUSAN,40FT,0,0,0,0,71,62,0,0
CARRIER_A,2026-08-15 18:00,BUSAN,40FT,0,0,0,0,71,62,0,0
CARRIER_A,2026-08-15 19:00,BUSAN,40FT,0,0,0,0,71,62,0,0
CARRIER_A,2026-08-15 20:00,BUSAN,40FT,0,0,0,0,71,62,0,0
CARRIER_A,2026-08-15 21:00,BUSAN,40FT,0,0,0,0,71,62,0,0
CARRIER_A,2026-08-15 22:00,BUSAN,40FT,0,0,0,0,71,62,0,0
CARRIER_A,2026-08-15 23:00,BUSAN,40FT,0,0,0,0,71,62,0,0
CARRIER_A,2026-08-16 00:00,BUSAN,40FT,0,0,0,0,71,62,0,0
CARRIER_A,2026-08-16 01:00,BUSAN,40FT,0,0,0,0,71,62,0,0
CARRIER_A,2026-08-16 02:00,BUSAN,40FT,0,0,0,0,71,62,0,0
CARRIER_A,2026-08-16 03:00,BUSAN,40FT,0,0,0,0,71,62,0,0
CARRIER_A,2026-08-16 04:00,BUSAN,40FT,0,0,0,0,71,62,0,0
CARRIER_A,2026-08-16 05:00,BUSAN,40FT,0,0,0,0,71,62,0,0
CARRIER_A,2026-08-16 06:00,BUSAN,40FT,0,0,0,0,71,62,0,0
CARRIER_A,2026-08-16 07:00,BUSAN,40FT,0,0,0,0,71,62,0,0
CARRIER_A,2026-08-16 08:00,BUSAN,40FT,1,0,0,0,70,61,0,0
CARRIER_A,2026-08-16 09:00,BUSAN,40FT,0,0,0,0,70,61,0,0
CARRIER_A,2026-08-16 10:00,BUSAN,40FT,0,0,0,0,70,61,0,0
CARRIER_A,2026-08-16 11:00,BUSAN,40FT,0,0,0,0,70,61,0,0
CARRIER_A,2026-08-16 12:00,BUSAN,40FT,0,2,0,0,72,63,0,0
CARRIER_A,2026-08-16 13:00,BUSAN,40FT,0,1,0,0,73,64,0,0
CARRIER_A,2026-08-16 14:00,BUSAN,40FT,0,0,0,0,73,64,0,0
CARRIER_A,2026-08-16 15:00,BUSAN,40FT,1,0,0,0,72,63,0,0
CARRIER_A,2026-08-16 16:00,BUSAN,40FT,0,0,0,0,72,63,0,0
CARRIER_A,2026-08-16 17:00,BUSAN,40FT,0,0,0,0,72,63,0,0
CARRIER_A,2026-08-16 18:00,BUSAN,40FT,0,0,0,0,72,63,0,0
CARRIER_A,2026-08-16 19:00,BUSAN,40FT,0,1,0,0,73,64,0,0
CARRIER_A,2026-08-16 20:00,BUSAN,40FT,0,0,0,0,73,64,0,0
CARRIER_A,2026-08-16 21:00,BUSAN,40FT,0,0,0,0,73,64,0,0
CARRIER_A,2026-08-16 22:00,BUSAN,40FT,0,0,0,0,73,64,0,0
CARRIER_A,2026-08-16 23:00,BUSAN,40FT,0,0,0,0,73,64,0,0
CARRIER_A,2026-08-10 00:00,DONGSAN,20FT,0,0,0,0,2,2,0,0
CARRIER_A,2026-08-10 01:00,DONGSAN,20FT,0,0,0,0,2,2,0,0
CARRIER_A,2026-08-10 02:00,DONGSAN,20FT,0,0,0,0,2,2,0,0
CARRIER_A,2026-08-10 03:00,DONGSAN,20FT,0,0,0,0,2,2,0,0
CARRIER_A,2026-08-10 04:00,DONGSAN,20FT,0,0,0,0,2,2,0,0
CARRIER_A,2026-08-10 05:00,DONGSAN,20FT,0,0,0,0,2,2,0,0
CARRIER_A,2026-08-10 06:00,DONGSAN,20FT,0,0,0,0,2,2,0,0
CARRIER_A,2026-08-10 07:00,DONGSAN,20FT,0,0,0,0,2,2,0,0
CARRIER_A,2026-08-10 08:00,DONGSAN,20FT,0,0,0,0,2,2,0,0
CARRIER_A,2026-08-10 09:00,DONGSAN,20FT,0,0,0,0,2,2,0,0
CARRIER_A,2026-08-10 10:00,DONGSAN,20FT,0,0,0,0,2,2,0,0
CARRIER_A,2026-08-10 11:00,DONGSAN,20FT,0,0,0,0,2,2,0,0
CARRIER_A,2026-08-10 12:00,DONGSAN,20FT,0,0,0,0,2,2,0,0
CARRIER_A,2026-08-10 13:00,DONGSAN,20FT,0,1,0,0,3,3,0,0
CARRIER_A,2026-08-10 14:00,DONGSAN,20FT,0,0,0,0,3,3,0,0
CARRIER_A,2026-08-10 15:00,DONGSAN,20FT,0,0,0,0,3,3,0,0
CARRIER_A,2026-08-10 16:00,DONGSAN,20FT,0,0,0,0,3,3,0,0
CARRIER_A,2026-08-10 17:00,DONGSAN,20FT,0,0,0,0,3,3,0,0
CARRIER_A,2026-08-10 18:00,DONGSAN,20FT,0,0,0,0,3,3,0,0
CARRIER_A,2026-08-10 19:00,DONGSAN,20FT,0,0,0,0,3,3,0,0
CARRIER_A,2026-08-10 20:00,DONGSAN,20FT,0,0,0,0,3,3,0,0
CARRIER_A,2026-08-10 21:00,DONGSAN,20FT,0,0,0,0,3,3,0,0
CARRIER_A,2026-08-10 22:00,DONGSAN,20FT,0,0,0,0,3,3,0,0
CARRIER_A,2026-08-10 23:00,DONGSAN,20FT,0,0,0,0,3,3,0,0
CARRIER_A,2026-08-11 00:00,DONGSAN,20FT,0,0,0,0,3,3,0,0
CARRIER_A,2026-08-11 01:00,DONGSAN,20FT,0,0,0,0,3,3,0,0
CARRIER_A,2026-08-11 02:00,DONGSAN,20FT,0,0,0,0,3,3,0,0
CARRIER_A,2026-08-11 03:00,DONGSAN,20FT,0,0,0,0,3,3,0,0
CARRIER_A,2026-08-11 04:00,DONGSAN,20FT,0,0,0,0,3,3,0,0
CARRIER_A,2026-08-11 05:00,DONGSAN,20FT,0,0,0,0,3,3,0,0
CARRIER_A,2026-08-11 06:00,DONGSAN,20FT,0,0,0,0,3,3,0,0
CARRIER_A,2026-08-11 07:00,DONGSAN,20FT,0,0,0,0,3,3,0,0
CARRIER_A,2026-08-11 08:00,DONGSAN,20FT,1,0,0,0,2,2,0,0
CARRIER_A,2026-08-11 09:00,DONGSAN,20FT,0,0,0,0,2,2,0,0
CARRIER_A,2026-08-11 10:00,DONGSAN,20FT,0,0,0,0,2,2,0,0
CARRIER_A,2026-08-11 11:00,DONGSAN,20FT,0,0,0,0,2,2,0,0
CARRIER_A,2026-08-11 12:00,DONGSAN,20FT,0,0,0,0,2,2,0,0
CARRIER_A,2026-08-11 13:00,DONGSAN,20FT,0,0,0,0,2,2,0,0
CARRIER_A,2026-08-11 14:00,DONGSAN,20FT,0,0,0,0,2,2,0,0
CARRIER_A,2026-08-11 15:00,DONGSAN,20FT,0,0,0,0,2,2,0,0
CARRIER_A,2026-08-11 16:00,DONGSAN,20FT,0,0,0,0,2,2,0,0
CARRIER_A,2026-08-11 17:00,DONGSAN,20FT,0,0,0,0,2,2,0,0
CARRIER_A,2026-08-11 18:00,DONGSAN,20FT,0,0,0,0,2,2,0,0
CARRIER_A,2026-08-11 19:00,DONGSAN,20FT,0,0,0,0,2,2,0,0
CARRIER_A,2026-08-11 20:00,DONGSAN,20FT,0,0,0,0,2,2,0,0
CARRIER_A,2026-08-11 21:00,DONGSAN,20FT,0,0,0,0,2,2,0,0
CARRIER_A,2026-08-11 22:00,DONGSAN,20FT,0,0,0,0,2,2,0,0
CARRIER_A,2026-08-11 23:00,DONGSAN,20FT,0,0,0,0,2,2,0,0
CARRIER_A,2026-08-12 00:00,DONGSAN,20FT,0,0,0,0,2,2,0,0
CARRIER_A,2026-08-12 01:00,DONGSAN,20FT,0,0,0,0,2,2,0,0
CARRIER_A,2026-08-12 02:00,DONGSAN,20FT,0,0,0,0,2,2,0,0
CARRIER_A,2026-08-12 03:00,DONGSAN,20FT,0,0,0,0,2,2,0,0
CARRIER_A,2026-08-12 04:00,DONGSAN,20FT,0,0,0,0,2,2,0,0
CARRIER_A,2026-08-12 05:00,DONGSAN,20FT,0,0,0,0,2,2,0,0
CARRIER_A,2026-08-12 06:00,DONGSAN,20FT,0,0,0,0,2,2,0,0
CARRIER_A,2026-08-12 07:00,DONGSAN,20FT,0,0,0,0,2,2,0,0
CARRIER_A,2026-08-12 08:00,DONGSAN,20FT,0,0,0,0,2,2,0,0
CARRIER_A,2026-08-12 09:00,DONGSAN,20FT,0,0,0,0,2,2,0,0
CARRIER_A,2026-08-12 10:00,DONGSAN,20FT,0,0,0,0,2,2,0,0
CARRIER_A,2026-08-12 11:00,DONGSAN,20FT,0,0,0,0,2,2,0,0
CARRIER_A,2026-08-12 12:00,DONGSAN,20FT,0,0,0,0,2,2,0,0
CARRIER_A,2026-08-12 13:00,DONGSAN,20FT,0,0,0,0,2,2,0,0
CARRIER_A,2026-08-12 14:00,DONGSAN,20FT,0,0,0,0,2,2,0,0
CARRIER_A,2026-08-12 15:00,DONGSAN,20FT,0,0,0,0,2,2,0,0
CARRIER_A,2026-08-12 16:00,DONGSAN,20FT,0,0,0,0,2,2,0,0
CARRIER_A,2026-08-12 17:00,DONGSAN,20FT,0,0,0,0,2,2,0,0
CARRIER_A,2026-08-12 18:00,DONGSAN,20FT,0,0,0,0,2,2,0,0
CARRIER_A,2026-08-12 19:00,DONGSAN,20FT,0,0,0,0,2,2,0,0
CARRIER_A,2026-08-12 20:00,DONGSAN,20FT,0,0,0,0,2,2,0,0
CARRIER_A,2026-08-12 21:00,DONGSAN,20FT,0,0,0,0,2,2,0,0
CARRIER_A,2026-08-12 22:00,DONGSAN,20FT,0,0,0,0,2,2,0,0
CARRIER_A,2026-08-12 23:00,DONGSAN,20FT,0,0,0,0,2,2,0,0
CARRIER_A,2026-08-13 00:00,DONGSAN,20FT,0,0,0,0,2,2,0,0
CARRIER_A,2026-08-13 01:00,DONGSAN,20FT,0,0,0,0,2,2,0,0
CARRIER_A,2026-08-13 02:00,DONGSAN,20FT,0,0,0,0,2,2,0,0
CARRIER_A,2026-08-13 03:00,DONGSAN,20FT,0,0,0,0,2,2,0,0
CARRIER_A,2026-08-13 04:00,DONGSAN,20FT,0,0,0,0,2,2,0,0
CARRIER_A,2026-08-13 05:00,DONGSAN,20FT,0,0,0,0,2,2,0,0
CARRIER_A,2026-08-13 06:00,DONGSAN,20FT,0,0,0,0,2,2,0,0
CARRIER_A,2026-08-13 07:00,DONGSAN,20FT,0,0,0,0,2,2,0,0
CARRIER_A,2026-08-13 08:00,DONGSAN,20FT,0,0,0,0,2,2,0,0
CARRIER_A,2026-08-13 09:00,DONGSAN,20FT,1,1,0,0,2,2,0,0
CARRIER_A,2026-08-13 10:00,DONGSAN,20FT,0,0,0,0,2,2,0,0
CARRIER_A,2026-08-13 11:00,DONGSAN,20FT,0,0,0,0,2,2,0,0
CARRIER_A,2026-08-13 12:00,DONGSAN,20FT,0,0,0,0,2,2,0,0
CARRIER_A,2026-08-13 13:00,DONGSAN,20FT,0,0,0,0,2,2,0,0
CARRIER_A,2026-08-13 14:00,DONGSAN,20FT,0,0,0,0,2,2,0,0
CARRIER_A,2026-08-13 15:00,DONGSAN,20FT,0,0,0,0,2,2,0,0
CARRIER_A,2026-08-13 16:00,DONGSAN,20FT,0,0,0,0,2,2,0,0
CARRIER_A,2026-08-13 17:00,DONGSAN,20FT,0,0,0,0,2,2,0,0
CARRIER_A,2026-08-13 18:00,DONGSAN,20FT,0,0,0,0,2,2,0,0
CARRIER_A,2026-08-13 19:00,DONGSAN,20FT,0,0,0,0,2,2,0,0
CARRIER_A,2026-08-13 20:00,DONGSAN,20FT,0,0,0,0,2,2,0,0
CARRIER_A,2026-08-13 21:00,DONGSAN,20FT,0,0,0,0,2,2,0,0
CARRIER_A,2026-08-13 22:00,DONGSAN,20FT,0,0,0,0,2,2,0,0
CARRIER_A,2026-08-13 23:00,DONGSAN,20FT,0,0,0,0,2,2,0,0
CARRIER_A,2026-08-14 00:00,DONGSAN,20FT,0,0,0,0,2,2,0,0
CARRIER_A,2026-08-14 01:00,DONGSAN,20FT,0,0,0,0,2,2,0,0
CARRIER_A,2026-08-14 02:00,DONGSAN,20FT,0,0,0,0,2,2,0,0
CARRIER_A,2026-08-14 03:00,DONGSAN,20FT,0,0,0,0,2,2,0,0
CARRIER_A,2026-08-14 04:00,DONGSAN,20FT,0,0,0,0,2,2,0,0
CARRIER_A,2026-08-14 05:00,DONGSAN,20FT,0,0,0,0,2,2,0,0
CARRIER_A,2026-08-14 06:00,DONGSAN,20FT,1,0,0,0,1,1,0,0
CARRIER_A,2026-08-14 07:00,DONGSAN,20FT,0,0,0,0,1,1,0,0
CARRIER_A,2026-08-14 08:00,DONGSAN,20FT,0,0,0,0,1,1,0,0
CARRIER_A,2026-08-14 09:00,DONGSAN,20FT,0,0,0,0,1,1,0,0
CARRIER_A,2026-08-14 10:00,DONGSAN,20FT,0,0,0,0,1,1,0,0
CARRIER_A,2026-08-14 11:00,DONGSAN,20FT,0,0,0,0,1,1,0,0
CARRIER_A,2026-08-14 12:00,DONGSAN,20FT,1,0,0,0,0,0,0,0
CARRIER_A,2026-08-14 13:00,DONGSAN,20FT,0,0,0,0,0,0,0,0
CARRIER_A,2026-08-14 14:00,DONGSAN,20FT,0,0,0,0,0,0,0,0
CARRIER_A,2026-08-14 15:00,DONGSAN,20FT,0,0,0,0,0,0,0,0
CARRIER_A,2026-08-14 16:00,DONGSAN,20FT,0,0,0,0,0,0,0,0
CARRIER_A,2026-08-14 17:00,DONGSAN,20FT,0,0,0,0,0,0,0,0
CARRIER_A,2026-08-14 18:00,DONGSAN,20FT,0,0,0,0,0,0,0,0
CARRIER_A,2026-08-14 19:00,DONGSAN,20FT,0,0,0,0,0,0,0,0
CARRIER_A,2026-08-14 20:00,DONGSAN,20FT,0,0,0,0,0,0,0,0
CARRIER_A,2026-08-14 21:00,DONGSAN,20FT,0,0,0,0,0,0,0,0
CARRIER_A,2026-08-14 22:00,DONGSAN,20FT,0,0,0,0,0,0,0,0
CARRIER_A,2026-08-14 23:00,DONGSAN,20FT,0,0,0,0,0,0,0,0
CARRIER_A,2026-08-15 00:00,DONGSAN,20FT,0,0,0,0,0,0,0,0
CARRIER_A,2026-08-15 01:00,DONGSAN,20FT,0,0,0,0,0,0,0,0
CARRIER_A,2026-08-15 02:00,DONGSAN,20FT,0,0,0,0,0,0,0,0
CARRIER_A,2026-08-15 03:00,DONGSAN,20FT,0,0,0,0,0,0,0,0
CARRIER_A,2026-08-15 04:00,DONGSAN,20FT,0,0,0,0,0,0,0,0
CARRIER_A,2026-08-15 05:00,DONGSAN,20FT,0,0,0,0,0,0,0,0
CARRIER_A,2026-08-15 06:00,DONGSAN,20FT,0,0,0,0,0,0,0,0
CARRIER_A,2026-08-15 07:00,DONGSAN,20FT,0,0,0,0,0,0,0,0
CARRIER_A,2026-08-15 08:00,DONGSAN,20FT,0,0,0,0,0,0,0,0
CARRIER_A,2026-08-15 09:00,DONGSAN,20FT,0,0,0,0,0,0,0,0
CARRIER_A,2026-08-15 10:00,DONGSAN,20FT,0,0,0,0,0,0,0,0
CARRIER_A,2026-08-15 11:00,DONGSAN,20FT,0,0,0,0,0,0,0,0
CARRIER_A,2026-08-15 12:00,DONGSAN,20FT,0,0,0,0,0,0,0,0
CARRIER_A,2026-08-15 13:00,DONGSAN,20FT,0,0,0,0,0,0,0,0
CARRIER_A,2026-08-15 14:00,DONGSAN,20FT,0,0,0,0,0,0,0,0
CARRIER_A,2026-08-15 15:00,DONGSAN,20FT,0,0,0,0,0,0,0,0
CARRIER_A,2026-08-15 16:00,DONGSAN,20FT,0,0,0,0,0,0,0,0
CARRIER_A,2026-08-15 17:00,DONGSAN,20FT,0,0,0,0,0,0,0,0
CARRIER_A,2026-08-15 18:00,DONGSAN,20FT,0,0,0,0,0,0,0,0
CARRIER_A,2026-08-15 19:00,DONGSAN,20FT,0,0,0,0,0,0,0,0
CARRIER_A,2026-08-15 20:00,DONGSAN,20FT,0,0,0,0,0,0,0,0
CARRIER_A,2026-08-15 21:00,DONGSAN,20FT,0,0,0,0,0,0,0,0
CARRIER_A,2026-08-15 22:00,DONGSAN,20FT,0,0,0,0,0,0,0,0
CARRIER_A,2026-08-15 23:00,DONGSAN,20FT,0,0,0,0,0,0,0,0
CARRIER_A,2026-08-16 00:00,DONGSAN,20FT,0,0,0,0,0,0,0,0
CARRIER_A,2026-08-16 01:00,DONGSAN,20FT,0,0,0,0,0,0,0,0
CARRIER_A,2026-08-16 02:00,DONGSAN,20FT,0,0,0,0,0,0,0,0
CARRIER_A,2026-08-16 03:00,DONGSAN,20FT,0,0,0,0,0,0,0,0
CARRIER_A,2026-08-16 04:00,DONGSAN,20FT,0,0,0,0,0,0,0,0
CARRIER_A,2026-08-16 05:00,DONGSAN,20FT,0,0,0,0,0,0,0,0
CARRIER_A,2026-08-16 06:00,DONGSAN,20FT,0,0,0,0,0,0,0,0
CARRIER_A,2026-08-16 07:00,DONGSAN,20FT,1,0,0,0,0,0,1,1
CARRIER_A,2026-08-16 08:00,DONGSAN,20FT,0,0,0,0,0,0,0,0
CARRIER_A,2026-08-16 09:00,DONGSAN,20FT,0,0,0,0,0,0,0,0
CARRIER_A,2026-08-16 10:00,DONGSAN,20FT,0,0,0,0,0,0,0,0
CARRIER_A,2026-08-16 11:00,DONGSAN,20FT,0,0,0,0,0,0,0,0
CARRIER_A,2026-08-16 12:00,DONGSAN,20FT,0,0,0,0,0,0,0,0
CARRIER_A,2026-08-16 13:00,DONGSAN,20FT,0,0,0,0,0,0,0,0
CARRIER_A,2026-08-16 14:00,DONGSAN,20FT,0,0,0,0,0,0,0,0
CARRIER_A,2026-08-16 15:00,DONGSAN,20FT,0,0,0,0,0,0,0,0
CARRIER_A,2026-08-16 16:00,DONGSAN,20FT,0,0,0,0,0,0,0,0
CARRIER_A,2026-08-16 17:00,DONGSAN,20FT,0,0,0,0,0,0,0,0
CARRIER_A,2026-08-16 18:00,DONGSAN,20FT,0,0,0,0,0,0,0,0
CARRIER_A,2026-08-16 19:00,DONGSAN,20FT,0,0,0,0,0,0,0,0
CARRIER_A,2026-08-16 20:00,DONGSAN,20FT,0,0,0,0,0,0,0,0
CARRIER_A,2026-08-16 21:00,DONGSAN,20FT,0,0,0,0,0,0,0,0
CARRIER_A,2026-08-16 22:00,DONGSAN,20FT,0,0,0,0,0,0,0,0
CARRIER_A,2026-08-16 23:00,DONGSAN,20FT,0,0,0,0,0,0,0,0
CARRIER_A,2026-08-10 00:00,DONGSAN,40FT,0,0,0,0,0,0,0,0
CARRIER_A,2026-08-10 01:00,DONGSAN,40FT,0,0,0,0,0,0,0,0
CARRIER_A,2026-08-10 02:00,DONGSAN,40FT,0,0,0,0,0,0,0,0
CARRIER_A,2026-08-10 03:00,DONGSAN,40FT,0,0,0,0,0,0,0,0
CARRIER_A,2026-08-10 04:00,DONGSAN,40FT,0,0,0,0,0,0,0,0
CARRIER_A,2026-08-10 05:00,DONGSAN,40FT,0,0,0,0,0,0,0,0
CARRIER_A,2026-08-10 06:00,DONGSAN,40FT,0,0,0,0,0,0,0,0
CARRIER_A,2026-08-10 07:00,DONGSAN,40FT,0,0,0,0,0,0,0,0
CARRIER_A,2026-08-10 08:00,DONGSAN,40FT,0,0,0,0,0,0,0,0
CARRIER_A,2026-08-10 09:00,DONGSAN,40FT,0,0,0,0,0,0,0,0
CARRIER_A,2026-08-10 10:00,DONGSAN,40FT,0,0,0,0,0,0,0,0
CARRIER_A,2026-08-10 11:00,DONGSAN,40FT,0,0,0,0,0,0,0,0
CARRIER_A,2026-08-10 12:00,DONGSAN,40FT,0,0,0,0,0,0,0,0
CARRIER_A,2026-08-10 13:00,DONGSAN,40FT,0,0,0,0,0,0,0,0
CARRIER_A,2026-08-10 14:00,DONGSAN,40FT,0,1,0,0,1,1,0,0
CARRIER_A,2026-08-10 15:00,DONGSAN,40FT,0,0,0,0,1,1,0,0
CARRIER_A,2026-08-10 16:00,DONGSAN,40FT,0,0,0,0,1,1,0,0
CARRIER_A,2026-08-10 17:00,DONGSAN,40FT,0,0,0,0,1,1,0,0
CARRIER_A,2026-08-10 18:00,DONGSAN,40FT,0,0,0,0,1,1,0,0
CARRIER_A,2026-08-10 19:00,DONGSAN,40FT,0,0,0,0,1,1,0,0
CARRIER_A,2026-08-10 20:00,DONGSAN,40FT,0,0,0,0,1,1,0,0
CARRIER_A,2026-08-10 21:00,DONGSAN,40FT,0,0,0,0,1,1,0,0
CARRIER_A,2026-08-10 22:00,DONGSAN,40FT,0,0,0,0,1,1,0,0
CARRIER_A,2026-08-10 23:00,DONGSAN,40FT,0,0,0,0,1,1,0,0
CARRIER_A,2026-08-11 00:00,DONGSAN,40FT,0,0,0,0,1,1,0,0
CARRIER_A,2026-08-11 01:00,DONGSAN,40FT,0,0,0,0,1,1,0,0
CARRIER_A,2026-08-11 02:00,DONGSAN,40FT,0,0,0,0,1,1,0,0
CARRIER_A,2026-08-11 03:00,DONGSAN,40FT,0,0,0,0,1,1,0,0
CARRIER_A,2026-08-11 04:00,DONGSAN,40FT,0,0,0,0,1,1,0,0
CARRIER_A,2026-08-11 05:00,DONGSAN,40FT,0,0,0,0,1,1,0,0
CARRIER_A,2026-08-11 06:00,DONGSAN,40FT,0,0,0,0,1,1,0,0
CARRIER_A,2026-08-11 07:00,DONGSAN,40FT,0,0,0,0,1,1,0,0
CARRIER_A,2026-08-11 08:00,DONGSAN,40FT,0,0,0,0,1,1,0,0
CARRIER_A,2026-08-11 09:00,DONGSAN,40FT,0,0,0,0,1,1,0,0
CARRIER_A,2026-08-11 10:00,DONGSAN,40FT,0,0,0,0,1,1,0,0
CARRIER_A,2026-08-11 11:00,DONGSAN,40FT,0,0,0,0,1,1,0,0
CARRIER_A,2026-08-11 12:00,DONGSAN,40FT,0,0,0,0,1,1,0,0
CARRIER_A,2026-08-11 13:00,DONGSAN,40FT,0,0,0,0,1,1,0,0
CARRIER_A,2026-08-11 14:00,DONGSAN,40FT,0,0,0,0,1,1,0,0
CARRIER_A,2026-08-11 15:00,DONGSAN,40FT,0,0,0,0,1,1,0,0
CARRIER_A,2026-08-11 16:00,DONGSAN,40FT,0,0,0,0,1,1,0,0
CARRIER_A,2026-08-11 17:00,DONGSAN,40FT,0,0,0,0,1,1,0,0
CARRIER_A,2026-08-11 18:00,DONGSAN,40FT,0,0,0,0,1,1,0,0
CARRIER_A,2026-08-11 19:00,DONGSAN,40FT,0,0,0,0,1,1,0,0
CARRIER_A,2026-08-11 20:00,DONGSAN,40FT,0,0,0,0,1,1,0,0
CARRIER_A,2026-08-11 21:00,DONGSAN,40FT,0,0,0,0,1,1,0,0
CARRIER_A,2026-08-11 22:00,DONGSAN,40FT,0,0,0,0,1,1,0,0
CARRIER_A,2026-08-11 23:00,DONGSAN,40FT,0,0,0,0,1,1,0,0
CARRIER_A,2026-08-12 00:00,DONGSAN,40FT,0,0,0,0,1,1,0,0
CARRIER_A,2026-08-12 01:00,DONGSAN,40FT,0,0,0,0,1,1,0,0
CARRIER_A,2026-08-12 02:00,DONGSAN,40FT,0,0,0,0,1,1,0,0
CARRIER_A,2026-08-12 03:00,DONGSAN,40FT,0,0,0,0,1,1,0,0
CARRIER_A,2026-08-12 04:00,DONGSAN,40FT,0,0,0,0,1,1,0,0
CARRIER_A,2026-08-12 05:00,DONGSAN,40FT,0,0,0,0,1,1,0,0
CARRIER_A,2026-08-12 06:00,DONGSAN,40FT,0,0,0,0,1,1,0,0
CARRIER_A,2026-08-12 07:00,DONGSAN,40FT,0,0,0,0,1,1,0,0
CARRIER_A,2026-08-12 08:00,DONGSAN,40FT,0,0,0,0,1,1,0,0
CARRIER_A,2026-08-12 09:00,DONGSAN,40FT,0,0,0,0,1,1,0,0
CARRIER_A,2026-08-12 10:00,DONGSAN,40FT,0,0,0,0,1,1,0,0
CARRIER_A,2026-08-12 11:00,DONGSAN,40FT,0,0,0,0,1,1,0,0
CARRIER_A,2026-08-12 12:00,DONGSAN,40FT,0,0,0,0,1,1,0,0
CARRIER_A,2026-08-12 13:00,DONGSAN,40FT,0,0,0,0,1,1,0,0
CARRIER_A,2026-08-12 14:00,DONGSAN,40FT,0,0,0,0,1,1,0,0
CARRIER_A,2026-08-12 15:00,DONGSAN,40FT,0,0,0,0,1,1,0,0
CARRIER_A,2026-08-12 16:00,DONGSAN,40FT,0,0,0,0,1,1,0,0
CARRIER_A,2026-08-12 17:00,DONGSAN,40FT,0,0,0,0,1,1,0,0
CARRIER_A,2026-08-12 18:00,DONGSAN,40FT,0,0,0,0,1,1,0,0
CARRIER_A,2026-08-12 19:00,DONGSAN,40FT,0,0,0,0,1,1,0,0
CARRIER_A,2026-08-12 20:00,DONGSAN,40FT,0,0,0,0,1,1,0,0
CARRIER_A,2026-08-12 21:00,DONGSAN,40FT,0,0,0,0,1,1,0,0
CARRIER_A,2026-08-12 22:00,DONGSAN,40FT,0,0,0,0,1,1,0,0
CARRIER_A,2026-08-12 23:00,DONGSAN,40FT,0,0,0,0,1,1,0,0
CARRIER_A,2026-08-13 00:00,DONGSAN,40FT,0,0,0,0,1,1,0,0
CARRIER_A,2026-08-13 01:00,DONGSAN,40FT,0,0,0,0,1,1,0,0
CARRIER_A,2026-08-13 02:00,DONGSAN,40FT,0,0,0,0,1,1,0,0
CARRIER_A,2026-08-13 03:00,DONGSAN,40FT,0,0,0,0,1,1,0,0
CARRIER_A,2026-08-13 04:00,DONGSAN,40FT,0,0,0,0,1,1,0,0
CARRIER_A,2026-08-13 05:00,DONGSAN,40FT,0,0,0,0,1,1,0,0
CARRIER_A,2026-08-13 06:00,DONGSAN,40FT,0,0,0,0,1,1,0,0
CARRIER_A,2026-08-13 07:00,DONGSAN,40FT,0,0,0,0,1,1,0,0
CARRIER_A,2026-08-13 08:00,DONGSAN,40FT,0,0,0,0,1,1,0,0
CARRIER_A,2026-08-13 09:00,DONGSAN,40FT,0,0,0,0,1,1,0,0
CARRIER_A,2026-08-13 10:00,DONGSAN,40FT,0,0,0,0,1,1,0,0
CARRIER_A,2026-08-13 11:00,DONGSAN,40FT,0,0,0,0,1,1,0,0
CARRIER_A,2026-08-13 12:00,DONGSAN,40FT,0,0,0,0,1,1,0,0
CARRIER_A,2026-08-13 13:00,DONGSAN,40FT,0,0,0,0,1,1,0,0
CARRIER_A,2026-08-13 14:00,DONGSAN,40FT,0,0,0,0,1,1,0,0
CARRIER_A,2026-08-13 15:00,DONGSAN,40FT,0,0,0,0,1,1,0,0
CARRIER_A,2026-08-13 16:00,DONGSAN,40FT,0,0,0,0,1,1,0,0
CARRIER_A,2026-08-13 17:00,DONGSAN,40FT,0,0,0,0,1,1,0,0
CARRIER_A,2026-08-13 18:00,DONGSAN,40FT,0,0,0,0,1,1,0,0
CARRIER_A,2026-08-13 19:00,DONGSAN,40FT,0,0,0,0,1,1,0,0
CARRIER_A,2026-08-13 20:00,DONGSAN,40FT,0,0,0,0,1,1,0,0
CARRIER_A,2026-08-13 21:00,DONGSAN,40FT,0,0,0,0,1,1,0,0
CARRIER_A,2026-08-13 22:00,DONGSAN,40FT,0,0,0,0,1,1,0,0
CARRIER_A,2026-08-13 23:00,DONGSAN,40FT,0,0,0,0,1,1,0,0
CARRIER_A,2026-08-14 00:00,DONGSAN,40FT,0,0,0,0,1,1,0,0
CARRIER_A,2026-08-14 01:00,DONGSAN,40FT,0,0,0,0,1,1,0,0
CARRIER_A,2026-08-14 02:00,DONGSAN,40FT,0,0,0,0,1,1,0,0
CARRIER_A,2026-08-14 03:00,DONGSAN,40FT,0,0,0,0,1,1,0,0
CARRIER_A,2026-08-14 04:00,DONGSAN,40FT,0,0,0,0,1,1,0,0
CARRIER_A,2026-08-14 05:00,DONGSAN,40FT,0,0,0,0,1,1,0,0
CARRIER_A,2026-08-14 06:00,DONGSAN,40FT,0,0,0,0,1,1,0,0
CARRIER_A,2026-08-14 07:00,DONGSAN,40FT,0,0,0,0,1,1,0,0
CARRIER_A,2026-08-14 08:00,DONGSAN,40FT,0,0,0,0,1,1,0,0
CARRIER_A,2026-08-14 09:00,DONGSAN,40FT,0,0,0,0,1,1,0,0
CARRIER_A,2026-08-14 10:00,DONGSAN,40FT,0,0,0,0,1,1,0,0
CARRIER_A,2026-08-14 11:00,DONGSAN,40FT,0,0,0,0,1,1,0,0
CARRIER_A,2026-08-14 12:00,DONGSAN,40FT,0,0,0,0,1,1,0,0
CARRIER_A,2026-08-14 13:00,DONGSAN,40FT,0,0,0,0,1,1,0,0
CARRIER_A,2026-08-14 14:00,DONGSAN,40FT,0,0,0,0,1,1,0,0
CARRIER_A,2026-08-14 15:00,DONGSAN,40FT,0,0,0,0,1,1,0,0
CARRIER_A,2026-08-14 16:00,DONGSAN,40FT,0,0,0,0,1,1,0,0
CARRIER_A,2026-08-14 17:00,DONGSAN,40FT,0,0,0,0,1,1,0,0
CARRIER_A,2026-08-14 18:00,DONGSAN,40FT,0,0,0,0,1,1,0,0
CARRIER_A,2026-08-14 19:00,DONGSAN,40FT,0,0,0,0,1,1,0,0
CARRIER_A,2026-08-14 20:00,DONGSAN,40FT,0,0,0,0,1,1,0,0
CARRIER_A,2026-08-14 21:00,DONGSAN,40FT,0,0,0,0,1,1,0,0
CARRIER_A,2026-08-14 22:00,DONGSAN,40FT,0,0,0,0,1,1,0,0
CARRIER_A,2026-08-14 23:00,DONGSAN,40FT,0,0,0,0,1,1,0,0
CARRIER_A,2026-08-15 00:00,DONGSAN,40FT,0,0,0,0,1,1,0,0
CARRIER_A,2026-08-15 01:00,DONGSAN,40FT,0,0,0,0,1,1,0,0
CARRIER_A,2026-08-15 02:00,DONGSAN,40FT,0,0,0,0,1,1,0,0
CARRIER_A,2026-08-15 03:00,DONGSAN,40FT,0,0,0,0,1,1,0,0
CARRIER_A,2026-08-15 04:00,DONGSAN,40FT,0,0,0,0,1,1,0,0
CARRIER_A,2026-08-15 05:00,DONGSAN,40FT,0,0,0,0,1,1,0,0
CARRIER_A,2026-08-15 06:00,DONGSAN,40FT,0,0,0,0,1,1,0,0
CARRIER_A,2026-08-15 07:00,DONGSAN,40FT,0,0,0,0,1,1,0,0
CARRIER_A,2026-08-15 08:00,DONGSAN,40FT,0,0,0,0,1,1,0,0
CARRIER_A,2026-08-15 09:00,DONGSAN,40FT,0,0,0,0,1,1,0,0
CARRIER_A,2026-08-15 10:00,DONGSAN,40FT,0,0,0,0,1,1,0,0
CARRIER_A,2026-08-15 11:00,DONGSAN,40FT,0,0,0,0,1,1,0,0
CARRIER_A,2026-08-15 12:00,DONGSAN,40FT,0,0,0,0,1,1,0,0
CARRIER_A,2026-08-15 13:00,DONGSAN,40FT,0,0,0,0,1,1,0,0
CARRIER_A,2026-08-15 14:00,DONGSAN,40FT,0,0,0,0,1,1,0,0
CARRIER_A,2026-08-15 15:00,DONGSAN,40FT,1,0,0,0,0,0,0,0
CARRIER_A,2026-08-15 16:00,DONGSAN,40FT,0,0,0,0,0,0,0,0
CARRIER_A,2026-08-15 17:00,DONGSAN,40FT,0,0,0,0,0,0,0,0
CARRIER_A,2026-08-15 18:00,DONGSAN,40FT,0,0,0,0,0,0,0,0
CARRIER_A,2026-08-15 19:00,DONGSAN,40FT,0,0,0,0,0,0,0,0
CARRIER_A,2026-08-15 20:00,DONGSAN,40FT,0,0,0,0,0,0,0,0
CARRIER_A,2026-08-15 21:00,DONGSAN,40FT,0,0,0,0,0,0,0,0
CARRIER_A,2026-08-15 22:00,DONGSAN,40FT,0,0,0,0,0,0,0,0
CARRIER_A,2026-08-15 23:00,DONGSAN,40FT,0,0,0,0,0,0,0,0
CARRIER_A,2026-08-16 00:00,DONGSAN,40FT,0,0,0,0,0,0,0,0
CARRIER_A,2026-08-16 01:00,DONGSAN,40FT,0,0,0,0,0,0,0,0
CARRIER_A,2026-08-16 02:00,DONGSAN,40FT,0,0,0,0,0,0,0,0
CARRIER_A,2026-08-16 03:00,DONGSAN,40FT,0,0,0,0,0,0,0,0
CARRIER_A,2026-08-16 04:00,DONGSAN,40FT,0,0,0,0,0,0,0,0
CARRIER_A,2026-08-16 05:00,DONGSAN,40FT,0,0,0,0,0,0,0,0
CARRIER_A,2026-08-16 06:00,DONGSAN,40FT,0,0,0,0,0,0,0,0
CARRIER_A,2026-08-16 07:00,DONGSAN,40FT,0,0,0,0,0,0,0,0
CARRIER_A,2026-08-16 08:00,DONGSAN,40FT,0,0,0,0,0,0,0,0
CARRIER_A,2026-08-16 09:00,DONGSAN,40FT,0,0,0,0,0,0,0,0
CARRIER_A,2026-08-16 10:00,DONGSAN,40FT,0,0,0,0,0,0,0,0
CARRIER_A,2026-08-16 11:00,DONGSAN,40FT,0,0,0,0,0,0,0,0
CARRIER_A,2026-08-16 12:00,DONGSAN,40FT,0,0,0,0,0,0,0,0
CARRIER_A,2026-08-16 13:00,DONGSAN,40FT,0,0,0,0,0,0,0,0
CARRIER_A,2026-08-16 14:00,DONGSAN,40FT,0,0,0,0,0,0,0,0
CARRIER_A,2026-08-16 15:00,DONGSAN,40FT,0,0,0,0,0,0,0,0
CARRIER_A,2026-08-16 16:00,DONGSAN,40FT,0,0,0,0,0,0,0,0
CARRIER_A,2026-08-16 17:00,DONGSAN,40FT,0,0,0,0,0,0,0,0
CARRIER_A,2026-08-16 18:00,DONGSAN,40FT,0,0,0,0,0,0,0,0
CARRIER_A,2026-08-16 19:00,DONGSAN,40FT,0,0,0,0,0,0,0,0
CARRIER_A,2026-08-16 20:00,DONGSAN,40FT,0,0,0,0,0,0,0,0
CARRIER_A,2026-08-16 21:00,DONGSAN,40FT,0,0,0,0,0,0,0,0
CARRIER_A,2026-08-16 22:00,DONGSAN,40FT,0,0,0,0,0,0,0,0
CARRIER_A,2026-08-16 23:00,DONGSAN,40FT,0,0,0,0,0,0,0,0
CARRIER_A,2026-08-10 00:00,GWANGYANG,20FT,0,0,0,0,6,6,0,0
CARRIER_A,2026-08-10 01:00,GWANGYANG,20FT,0,0,0,0,6,6,0,0
CARRIER_A,2026-08-10 02:00,GWANGYANG,20FT,0,0,0,0,6,6,0,0
CARRIER_A,2026-08-10 03:00,GWANGYANG,20FT,0,0,0,0,6,6,0,0
CARRIER_A,2026-08-10 04:00,GWANGYANG,20FT,0,0,0,0,6,6,0,0
CARRIER_A,2026-08-10 05:00,GWANGYANG,20FT,0,0,0,0,6,6,0,0
CARRIER_A,2026-08-10 06:00,GWANGYANG,20FT,0,0,0,0,6,6,0,0
CARRIER_A,2026-08-10 07:00,GWANGYANG,20FT,1,0,0,0,5,5,0,0
CARRIER_A,2026-08-10 08:00,GWANGYANG,20FT,0,0,0,0,5,5,0,0
CARRIER_A,2026-08-10 09:00,GWANGYANG,20FT,1,1,0,0,5,5,0,0
CARRIER_A,2026-08-10 10:00,GWANGYANG,20FT,0,0,0,0,5,5,0,0
CARRIER_A,2026-08-10 11:00,GWANGYANG,20FT,1,0,0,0,4,4,0,0
CARRIER_A,2026-08-10 12:00,GWANGYANG,20FT,1,0,0,0,3,3,0,0
CARRIER_A,2026-08-10 13:00,GWANGYANG,20FT,0,0,0,0,3,3,0,0
CARRIER_A,2026-08-10 14:00,GWANGYANG,20FT,0,0,0,0,3,3,0,0
CARRIER_A,2026-08-10 15:00,GWANGYANG,20FT,1,0,0,0,2,2,0,0
CARRIER_A,2026-08-10 16:00,GWANGYANG,20FT,0,0,0,0,2,2,0,0
CARRIER_A,2026-08-10 17:00,GWANGYANG,20FT,1,0,0,0,1,1,0,0
CARRIER_A,2026-08-10 18:00,GWANGYANG,20FT,0,0,0,0,1,1,0,0
CARRIER_A,2026-08-10 19:00,GWANGYANG,20FT,1,0,0,0,0,0,0,0
CARRIER_A,2026-08-10 20:00,GWANGYANG,20FT,0,0,0,0,0,0,0,0
CARRIER_A,2026-08-10 21:00,GWANGYANG,20FT,0,0,0,0,0,0,0,0
CARRIER_A,2026-08-10 22:00,GWANGYANG,20FT,0,0,0,0,0,0,0,0
CARRIER_A,2026-08-10 23:00,GWANGYANG,20FT,0,0,0,0,0,0,0,0
CARRIER_A,2026-08-11 00:00,GWANGYANG,20FT,0,0,0,0,0,0,0,0
CARRIER_A,2026-08-11 01:00,GWANGYANG,20FT,0,0,0,0,0,0,0,0
CARRIER_A,2026-08-11 02:00,GWANGYANG,20FT,0,0,0,0,0,0,0,0
CARRIER_A,2026-08-11 03:00,GWANGYANG,20FT,0,0,0,0,0,0,0,0
CARRIER_A,2026-08-11 04:00,GWANGYANG,20FT,0,0,0,0,0,0,0,0
CARRIER_A,2026-08-11 05:00,GWANGYANG,20FT,0,0,0,0,0,0,0,0
CARRIER_A,2026-08-11 06:00,GWANGYANG,20FT,0,0,0,0,0,0,0,0
CARRIER_A,2026-08-11 07:00,GWANGYANG,20FT,0,0,0,0,0,0,0,0
CARRIER_A,2026-08-11 08:00,GWANGYANG,20FT,1,1,0,0,0,0,0,0
CARRIER_A,2026-08-11 09:00,GWANGYANG,20FT,0,0,0,0,0,0,0,0
CARRIER_A,2026-08-11 10:00,GWANGYANG,20FT,0,0,0,0,0,0,0,0
CARRIER_A,2026-08-11 11:00,GWANGYANG,20FT,1,0,0,0,0,0,1,1
CARRIER_A,2026-08-11 12:00,GWANGYANG,20FT,0,0,0,0,0,0,0,0
CARRIER_A,2026-08-11 13:00,GWANGYANG,20FT,0,0,0,0,0,0,0,0
CARRIER_A,2026-08-11 14:00,GWANGYANG,20FT,0,0,0,0,0,0,0,0
CARRIER_A,2026-08-11 15:00,GWANGYANG,20FT,1,0,0,0,0,0,1,1
CARRIER_A,2026-08-11 16:00,GWANGYANG,20FT,0,0,0,0,0,0,0,0
CARRIER_A,2026-08-11 17:00,GWANGYANG,20FT,0,0,0,0,0,0,0,0
CARRIER_A,2026-08-11 18:00,GWANGYANG,20FT,0,0,0,0,0,0,0,0
CARRIER_A,2026-08-11 19:00,GWANGYANG,20FT,0,0,0,0,0,0,0,0
CARRIER_A,2026-08-11 20:00,GWANGYANG,20FT,0,0,0,0,0,0,0,0
CARRIER_A,2026-08-11 21:00,GWANGYANG,20FT,0,0,0,0,0,0,0,0
CARRIER_A,2026-08-11 22:00,GWANGYANG,20FT,0,0,0,0,0,0,0,0
CARRIER_A,2026-08-11 23:00,GWANGYANG,20FT,0,0,0,0,0,0,0,0
CARRIER_A,2026-08-12 00:00,GWANGYANG,20FT,0,0,0,0,0,0,0,0
CARRIER_A,2026-08-12 01:00,GWANGYANG,20FT,0,0,0,0,0,0,0,0
CARRIER_A,2026-08-12 02:00,GWANGYANG,20FT,0,0,0,0,0,0,0,0
CARRIER_A,2026-08-12 03:00,GWANGYANG,20FT,0,0,8,0,0,8,0,0
CARRIER_A,2026-08-12 04:00,GWANGYANG,20FT,0,0,0,0,0,8,0,0
CARRIER_A,2026-08-12 05:00,GWANGYANG,20FT,0,0,0,0,0,8,0,0
CARRIER_A,2026-08-12 06:00,GWANGYANG,20FT,0,0,0,0,0,8,0,0
CARRIER_A,2026-08-12 07:00,GWANGYANG,20FT,1,0,0,0,0,7,1,0
CARRIER_A,2026-08-12 08:00,GWANGYANG,20FT,0,0,0,0,0,7,0,0
CARRIER_A,2026-08-12 09:00,GWANGYANG,20FT,0,0,0,0,0,7,0,0
CARRIER_A,2026-08-12 10:00,GWANGYANG,20FT,0,0,0,0,0,7,0,0
CARRIER_A,2026-08-12 11:00,GWANGYANG,20FT,1,0,0,0,0,6,1,0
CARRIER_A,2026-08-12 12:00,GWANGYANG,20FT,0,0,0,0,0,6,0,0
CARRIER_A,2026-08-12 13:00,GWANGYANG,20FT,0,0,0,0,0,6,0,0
CARRIER_A,2026-08-12 14:00,GWANGYANG,20FT,0,0,0,0,0,6,0,0
CARRIER_A,2026-08-12 15:00,GWANGYANG,20FT,0,0,0,0,0,6,0,0
CARRIER_A,2026-08-12 16:00,GWANGYANG,20FT,0,1,0,0,1,7,0,0
CARRIER_A,2026-08-12 17:00,GWANGYANG,20FT,0,0,0,0,1,7,0,0
CARRIER_A,2026-08-12 18:00,GWANGYANG,20FT,1,0,0,0,0,6,0,0
CARRIER_A,2026-08-12 19:00,GWANGYANG,20FT,0,0,0,0,0,6,0,0
CARRIER_A,2026-08-12 20:00,GWANGYANG,20FT,0,0,0,0,0,6,0,0
CARRIER_A,2026-08-12 21:00,GWANGYANG,20FT,0,0,0,0,0,6,0,0
CARRIER_A,2026-08-12 22:00,GWANGYANG,20FT,0,0,0,0,0,6,0,0
CARRIER_A,2026-08-12 23:00,GWANGYANG,20FT,0,0,0,0,0,6,0,0
CARRIER_A,2026-08-13 00:00,GWANGYANG,20FT,0,0,0,0,0,6,0,0
CARRIER_A,2026-08-13 01:00,GWANGYANG,20FT,0,0,0,0,0,6,0,0
CARRIER_A,2026-08-13 02:00,GWANGYANG,20FT,0,0,0,0,0,6,0,0
CARRIER_A,2026-08-13 03:00,GWANGYANG,20FT,0,0,0,0,0,6,0,0
CARRIER_A,2026-08-13 04:00,GWANGYANG,20FT,0,0,0,0,0,6,0,0
CARRIER_A,2026-08-13 05:00,GWANGYANG,20FT,0,0,0,0,0,6,0,0
CARRIER_A,2026-08-13 06:00,GWANGYANG,20FT,0,0,0,0,0,6,0,0
CARRIER_A,2026-08-13 07:00,GWANGYANG,20FT,0,0,0,0,0,6,0,0
CARRIER_A,2026-08-13 08:00,GWANGYANG,20FT,0,0,0,0,0,6,0,0
CARRIER_A,2026-08-13 09:00,GWANGYANG,20FT,0,0,0,0,0,6,0,0
CARRIER_A,2026-08-13 10:00,GWANGYANG,20FT,1,0,0,0,0,5,1,0
CARRIER_A,2026-08-13 11:00,GWANGYANG,20FT,1,0,0,0,0,4,1,0
CARRIER_A,2026-08-13 12:00,GWANGYANG,20FT,0,0,0,0,0,4,0,0
CARRIER_A,2026-08-13 13:00,GWANGYANG,20FT,0,0,0,0,0,4,0,0
CARRIER_A,2026-08-13 14:00,GWANGYANG,20FT,0,0,0,0,0,4,0,0
CARRIER_A,2026-08-13 15:00,GWANGYANG,20FT,1,1,0,0,0,4,0,0
CARRIER_A,2026-08-13 16:00,GWANGYANG,20FT,1,0,0,0,0,3,1,0
CARRIER_A,2026-08-13 17:00,GWANGYANG,20FT,0,0,0,0,0,3,0,0
CARRIER_A,2026-08-13 18:00,GWANGYANG,20FT,0,0,0,0,0,3,0,0
CARRIER_A,2026-08-13 19:00,GWANGYANG,20FT,0,0,0,0,0,3,0,0
CARRIER_A,2026-08-13 20:00,GWANGYANG,20FT,0,0,0,0,0,3,0,0
CARRIER_A,2026-08-13 21:00,GWANGYANG,20FT,0,0,0,0,0,3,0,0
CARRIER_A,2026-08-13 22:00,GWANGYANG,20FT,0,0,0,0,0,3,0,0
CARRIER_A,2026-08-13 23:00,GWANGYANG,20FT,0,0,0,0,0,3,0,0
CARRIER_A,2026-08-14 00:00,GWANGYANG,20FT,0,0,0,0,0,3,0,0
CARRIER_A,2026-08-14 01:00,GWANGYANG,20FT,0,0,0,0,0,3,0,0
CARRIER_A,2026-08-14 02:00,GWANGYANG,20FT,0,0,0,0,0,3,0,0
CARRIER_A,2026-08-14 03:00,GWANGYANG,20FT,0,0,0,0,0,3,0,0
CARRIER_A,2026-08-14 04:00,GWANGYANG,20FT,0,0,0,0,0,3,0,0
CARRIER_A,2026-08-14 05:00,GWANGYANG,20FT,0,0,0,0,0,3,0,0
CARRIER_A,2026-08-14 06:00,GWANGYANG,20FT,0,0,0,0,0,3,0,0
CARRIER_A,2026-08-14 07:00,GWANGYANG,20FT,0,0,0,0,0,3,0,0
CARRIER_A,2026-08-14 08:00,GWANGYANG,20FT,0,0,0,0,0,3,0,0
CARRIER_A,2026-08-14 09:00,GWANGYANG,20FT,0,0,0,0,0,3,0,0
CARRIER_A,2026-08-14 10:00,GWANGYANG,20FT,1,0,0,0,0,2,1,0
CARRIER_A,2026-08-14 11:00,GWANGYANG,20FT,0,0,0,0,0,2,0,0
CARRIER_A,2026-08-14 12:00,GWANGYANG,20FT,0,0,0,0,0,2,0,0
CARRIER_A,2026-08-14 13:00,GWANGYANG,20FT,0,0,0,0,0,2,0,0
CARRIER_A,2026-08-14 14:00,GWANGYANG,20FT,1,0,0,0,0,1,1,0
CARRIER_A,2026-08-14 15:00,GWANGYANG,20FT,0,0,0,0,0,1,0,0
CARRIER_A,2026-08-14 16:00,GWANGYANG,20FT,0,0,0,0,0,1,0,0
CARRIER_A,2026-08-14 17:00,GWANGYANG,20FT,0,0,0,0,0,1,0,0
CARRIER_A,2026-08-14 18:00,GWANGYANG,20FT,1,0,0,0,0,0,1,0
CARRIER_A,2026-08-14 19:00,GWANGYANG,20FT,0,0,0,0,0,0,0,0
CARRIER_A,2026-08-14 20:00,GWANGYANG,20FT,0,0,0,0,0,0,0,0
CARRIER_A,2026-08-14 21:00,GWANGYANG,20FT,0,0,0,0,0,0,0,0
CARRIER_A,2026-08-14 22:00,GWANGYANG,20FT,0,0,0,0,0,0,0,0
CARRIER_A,2026-08-14 23:00,GWANGYANG,20FT,0,0,0,0,0,0,0,0
CARRIER_A,2026-08-15 00:00,GWANGYANG,20FT,0,0,0,0,0,0,0,0
CARRIER_A,2026-08-15 01:00,GWANGYANG,20FT,0,0,0,0,0,0,0,0
CARRIER_A,2026-08-15 02:00,GWANGYANG,20FT,0,0,0,0,0,0,0,0
CARRIER_A,2026-08-15 03:00,GWANGYANG,20FT,0,0,0,0,0,0,0,0
CARRIER_A,2026-08-15 04:00,GWANGYANG,20FT,0,0,0,0,0,0,0,0
CARRIER_A,2026-08-15 05:00,GWANGYANG,20FT,0,0,0,0,0,0,0,0
CARRIER_A,2026-08-15 06:00,GWANGYANG,20FT,0,0,0,0,0,0,0,0
CARRIER_A,2026-08-15 07:00,GWANGYANG,20FT,0,0,0,0,0,0,0,0
CARRIER_A,2026-08-15 08:00,GWANGYANG,20FT,0,0,0,0,0,0,0,0
CARRIER_A,2026-08-15 09:00,GWANGYANG,20FT,0,0,0,0,0,0,0,0
CARRIER_A,2026-08-15 10:00,GWANGYANG,20FT,0,0,0,0,0,0,0,0
CARRIER_A,2026-08-15 11:00,GWANGYANG,20FT,0,0,0,0,0,0,0,0
CARRIER_A,2026-08-15 12:00,GWANGYANG,20FT,1,0,0,0,0,0,1,1
CARRIER_A,2026-08-15 13:00,GWANGYANG,20FT,0,0,0,0,0,0,0,0
CARRIER_A,2026-08-15 14:00,GWANGYANG,20FT,0,1,0,0,1,1,0,0
CARRIER_A,2026-08-15 15:00,GWANGYANG,20FT,0,0,0,0,1,1,0,0
CARRIER_A,2026-08-15 16:00,GWANGYANG,20FT,0,0,0,0,1,1,0,0
CARRIER_A,2026-08-15 17:00,GWANGYANG,20FT,0,0,0,0,1,1,0,0
CARRIER_A,2026-08-15 18:00,GWANGYANG,20FT,0,0,0,0,1,1,0,0
CARRIER_A,2026-08-15 19:00,GWANGYANG,20FT,0,5,0,0,6,6,0,0
CARRIER_A,2026-08-15 20:00,GWANGYANG,20FT,0,0,0,0,6,6,0,0
CARRIER_A,2026-08-15 21:00,GWANGYANG,20FT,0,0,0,0,6,6,0,0
CARRIER_A,2026-08-15 22:00,GWANGYANG,20FT,0,0,0,0,6,6,0,0
CARRIER_A,2026-08-15 23:00,GWANGYANG,20FT,0,0,0,0,6,6,0,0
CARRIER_A,2026-08-16 00:00,GWANGYANG,20FT,0,0,0,0,6,6,0,0
CARRIER_A,2026-08-16 01:00,GWANGYANG,20FT,0,0,0,0,6,6,0,0
CARRIER_A,2026-08-16 02:00,GWANGYANG,20FT,0,0,0,0,6,6,0,0
CARRIER_A,2026-08-16 03:00,GWANGYANG,20FT,0,0,0,0,6,6,0,0
CARRIER_A,2026-08-16 04:00,GWANGYANG,20FT,0,0,0,0,6,6,0,0
CARRIER_A,2026-08-16 05:00,GWANGYANG,20FT,0,1,0,0,7,7,0,0
CARRIER_A,2026-08-16 06:00,GWANGYANG,20FT,0,0,0,0,7,7,0,0
CARRIER_A,2026-08-16 07:00,GWANGYANG,20FT,0,0,0,0,7,7,0,0
CARRIER_A,2026-08-16 08:00,GWANGYANG,20FT,0,0,0,0,7,7,0,0
CARRIER_A,2026-08-16 09:00,GWANGYANG,20FT,0,0,0,0,7,7,0,0
CARRIER_A,2026-08-16 10:00,GWANGYANG,20FT,0,0,0,0,7,7,0,0
CARRIER_A,2026-08-16 11:00,GWANGYANG,20FT,0,0,0,0,7,7,0,0
CARRIER_A,2026-08-16 12:00,GWANGYANG,20FT,0,0,0,0,7,7,0,0
CARRIER_A,2026-08-16 13:00,GWANGYANG,20FT,0,0,0,0,7,7,0,0
CARRIER_A,2026-08-16 14:00,GWANGYANG,20FT,1,0,0,0,6,6,0,0
CARRIER_A,2026-08-16 15:00,GWANGYANG,20FT,0,0,0,0,6,6,0,0
CARRIER_A,2026-08-16 16:00,GWANGYANG,20FT,0,0,0,0,6,6,0,0
CARRIER_A,2026-08-16 17:00,GWANGYANG,20FT,0,0,0,0,6,6,0,0
CARRIER_A,2026-08-16 18:00,GWANGYANG,20FT,0,0,0,0,6,6,0,0
CARRIER_A,2026-08-16 19:00,GWANGYANG,20FT,0,0,0,0,6,6,0,0
CARRIER_A,2026-08-16 20:00,GWANGYANG,20FT,0,0,0,0,6,6,0,0
CARRIER_A,2026-08-16 21:00,GWANGYANG,20FT,0,0,0,0,6,6,0,0
CARRIER_A,2026-08-16 22:00,GWANGYANG,20FT,0,0,0,0,6,6,0,0
CARRIER_A,2026-08-16 23:00,GWANGYANG,20FT,0,0,0,0,6,6,0,0
CARRIER_A,2026-08-10 00:00,GWANGYANG,40FT,0,0,0,0,1,1,0,0
CARRIER_A,2026-08-10 01:00,GWANGYANG,40FT,0,0,0,0,1,1,0,0
CARRIER_A,2026-08-10 02:00,GWANGYANG,40FT,0,0,0,0,1,1,0,0
CARRIER_A,2026-08-10 03:00,GWANGYANG,40FT,0,0,0,0,1,1,0,0
CARRIER_A,2026-08-10 04:00,GWANGYANG,40FT,0,0,0,0,1,1,0,0
CARRIER_A,2026-08-10 05:00,GWANGYANG,40FT,0,0,0,0,1,1,0,0
CARRIER_A,2026-08-10 06:00,GWANGYANG,40FT,0,0,0,0,1,1,0,0
CARRIER_A,2026-08-10 07:00,GWANGYANG,40FT,0,0,0,0,1,1,0,0
CARRIER_A,2026-08-10 08:00,GWANGYANG,40FT,0,0,0,0,1,1,0,0
CARRIER_A,2026-08-10 09:00,GWANGYANG,40FT,0,0,0,0,1,1,0,0
CARRIER_A,2026-08-10 10:00,GWANGYANG,40FT,0,0,0,0,1,1,0,0
CARRIER_A,2026-08-10 11:00,GWANGYANG,40FT,0,0,0,0,1,1,0,0
CARRIER_A,2026-08-10 12:00,GWANGYANG,40FT,0,0,0,0,1,1,0,0
CARRIER_A,2026-08-10 13:00,GWANGYANG,40FT,0,0,0,0,1,1,0,0
CARRIER_A,2026-08-10 14:00,GWANGYANG,40FT,0,0,0,0,1,1,0,0
CARRIER_A,2026-08-10 15:00,GWANGYANG,40FT,0,0,0,0,1,1,0,0
CARRIER_A,2026-08-10 16:00,GWANGYANG,40FT,0,0,0,0,1,1,0,0
CARRIER_A,2026-08-10 17:00,GWANGYANG,40FT,0,0,0,0,1,1,0,0
CARRIER_A,2026-08-10 18:00,GWANGYANG,40FT,0,0,0,0,1,1,0,0
CARRIER_A,2026-08-10 19:00,GWANGYANG,40FT,0,0,0,0,1,1,0,0
CARRIER_A,2026-08-10 20:00,GWANGYANG,40FT,0,0,0,0,1,1,0,0
CARRIER_A,2026-08-10 21:00,GWANGYANG,40FT,0,0,0,0,1,1,0,0
CARRIER_A,2026-08-10 22:00,GWANGYANG,40FT,0,0,0,0,1,1,0,0
CARRIER_A,2026-08-10 23:00,GWANGYANG,40FT,0,0,0,0,1,1,0,0
CARRIER_A,2026-08-11 00:00,GWANGYANG,40FT,0,0,0,0,1,1,0,0
CARRIER_A,2026-08-11 01:00,GWANGYANG,40FT,0,0,0,0,1,1,0,0
CARRIER_A,2026-08-11 02:00,GWANGYANG,40FT,0,0,0,0,1,1,0,0
CARRIER_A,2026-08-11 03:00,GWANGYANG,40FT,0,0,0,0,1,1,0,0
CARRIER_A,2026-08-11 04:00,GWANGYANG,40FT,0,0,0,0,1,1,0,0
CARRIER_A,2026-08-11 05:00,GWANGYANG,40FT,0,0,0,0,1,1,0,0
CARRIER_A,2026-08-11 06:00,GWANGYANG,40FT,0,0,0,0,1,1,0,0
CARRIER_A,2026-08-11 07:00,GWANGYANG,40FT,0,0,0,0,1,1,0,0
CARRIER_A,2026-08-11 08:00,GWANGYANG,40FT,0,0,0,0,1,1,0,0
CARRIER_A,2026-08-11 09:00,GWANGYANG,40FT,0,1,0,0,2,2,0,0
CARRIER_A,2026-08-11 10:00,GWANGYANG,40FT,0,0,0,0,2,2,0,0
CARRIER_A,2026-08-11 11:00,GWANGYANG,40FT,0,0,0,0,2,2,0,0
CARRIER_A,2026-08-11 12:00,GWANGYANG,40FT,0,0,0,0,2,2,0,0
CARRIER_A,2026-08-11 13:00,GWANGYANG,40FT,0,0,0,0,2,2,0,0
CARRIER_A,2026-08-11 14:00,GWANGYANG,40FT,0,0,0,0,2,2,0,0
CARRIER_A,2026-08-11 15:00,GWANGYANG,40FT,1,0,0,0,1,1,0,0
CARRIER_A,2026-08-11 16:00,GWANGYANG,40FT,0,0,0,0,1,1,0,0
CARRIER_A,2026-08-11 17:00,GWANGYANG,40FT,0,0,0,0,1,1,0,0
CARRIER_A,2026-08-11 18:00,GWANGYANG,40FT,0,0,0,0,1,1,0,0
CARRIER_A,2026-08-11 19:00,GWANGYANG,40FT,0,0,0,0,1,1,0,0
CARRIER_A,2026-08-11 20:00,GWANGYANG,40FT,0,0,0,0,1,1,0,0
CARRIER_A,2026-08-11 21:00,GWANGYANG,40FT,0,0,0,0,1,1,0,0
CARRIER_A,2026-08-11 22:00,GWANGYANG,40FT,0,0,0,0,1,1,0,0
CARRIER_A,2026-08-11 23:00,GWANGYANG,40FT,0,0,0,0,1,1,0,0
CARRIER_A,2026-08-12 00:00,GWANGYANG,40FT,0,0,0,0,1,1,0,0
CARRIER_A,2026-08-12 01:00,GWANGYANG,40FT,0,0,0,0,1,1,0,0
CARRIER_A,2026-08-12 02:00,GWANGYANG,40FT,0,0,0,0,1,1,0,0
CARRIER_A,2026-08-12 03:00,GWANGYANG,40FT,0,0,0,0,1,1,0,0
CARRIER_A,2026-08-12 04:00,GWANGYANG,40FT,0,0,0,0,1,1,0,0
CARRIER_A,2026-08-12 05:00,GWANGYANG,40FT,0,0,0,0,1,1,0,0
CARRIER_A,2026-08-12 06:00,GWANGYANG,40FT,0,0,0,0,1,1,0,0
CARRIER_A,2026-08-12 07:00,GWANGYANG,40FT,0,0,0,0,1,1,0,0
CARRIER_A,2026-08-12 08:00,GWANGYANG,40FT,0,0,0,0,1,1,0,0
CARRIER_A,2026-08-12 09:00,GWANGYANG,40FT,0,0,0,0,1,1,0,0
CARRIER_A,2026-08-12 10:00,GWANGYANG,40FT,0,0,0,0,1,1,0,0
CARRIER_A,2026-08-12 11:00,GWANGYANG,40FT,0,0,0,0,1,1,0,0
CARRIER_A,2026-08-12 12:00,GWANGYANG,40FT,0,0,0,0,1,1,0,0
CARRIER_A,2026-08-12 13:00,GWANGYANG,40FT,0,0,0,0,1,1,0,0
CARRIER_A,2026-08-12 14:00,GWANGYANG,40FT,0,0,0,0,1,1,0,0
CARRIER_A,2026-08-12 15:00,GWANGYANG,40FT,0,0,0,0,1,1,0,0
CARRIER_A,2026-08-12 16:00,GWANGYANG,40FT,0,0,0,0,1,1,0,0
CARRIER_A,2026-08-12 17:00,GWANGYANG,40FT,0,0,0,0,1,1,0,0
CARRIER_A,2026-08-12 18:00,GWANGYANG,40FT,0,0,0,0,1,1,0,0
CARRIER_A,2026-08-12 19:00,GWANGYANG,40FT,0,0,0,0,1,1,0,0
CARRIER_A,2026-08-12 20:00,GWANGYANG,40FT,0,0,0,0,1,1,0,0
CARRIER_A,2026-08-12 21:00,GWANGYANG,40FT,0,0,0,0,1,1,0,0
CARRIER_A,2026-08-12 22:00,GWANGYANG,40FT,0,0,0,0,1,1,0,0
CARRIER_A,2026-08-12 23:00,GWANGYANG,40FT,0,0,0,0,1,1,0,0
CARRIER_A,2026-08-13 00:00,GWANGYANG,40FT,0,0,0,0,1,1,0,0
CARRIER_A,2026-08-13 01:00,GWANGYANG,40FT,0,0,0,0,1,1,0,0
CARRIER_A,2026-08-13 02:00,GWANGYANG,40FT,0,0,0,0,1,1,0,0
CARRIER_A,2026-08-13 03:00,GWANGYANG,40FT,0,0,0,0,1,1,0,0
CARRIER_A,2026-08-13 04:00,GWANGYANG,40FT,0,0,0,0,1,1,0,0
CARRIER_A,2026-08-13 05:00,GWANGYANG,40FT,0,0,0,0,1,1,0,0
CARRIER_A,2026-08-13 06:00,GWANGYANG,40FT,0,0,0,0,1,1,0,0
CARRIER_A,2026-08-13 07:00,GWANGYANG,40FT,0,0,0,0,1,1,0,0
CARRIER_A,2026-08-13 08:00,GWANGYANG,40FT,0,0,0,0,1,1,0,0
CARRIER_A,2026-08-13 09:00,GWANGYANG,40FT,0,0,0,0,1,1,0,0
CARRIER_A,2026-08-13 10:00,GWANGYANG,40FT,0,0,0,0,1,1,0,0
CARRIER_A,2026-08-13 11:00,GWANGYANG,40FT,0,0,0,0,1,1,0,0
CARRIER_A,2026-08-13 12:00,GWANGYANG,40FT,0,1,0,0,2,2,0,0
CARRIER_A,2026-08-13 13:00,GWANGYANG,40FT,0,0,0,0,2,2,0,0
CARRIER_A,2026-08-13 14:00,GWANGYANG,40FT,0,0,0,0,2,2,0,0
CARRIER_A,2026-08-13 15:00,GWANGYANG,40FT,0,0,0,0,2,2,0,0
CARRIER_A,2026-08-13 16:00,GWANGYANG,40FT,1,0,0,0,1,1,0,0
CARRIER_A,2026-08-13 17:00,GWANGYANG,40FT,0,0,0,0,1,1,0,0
CARRIER_A,2026-08-13 18:00,GWANGYANG,40FT,0,0,0,0,1,1,0,0
CARRIER_A,2026-08-13 19:00,GWANGYANG,40FT,0,0,0,0,1,1,0,0
CARRIER_A,2026-08-13 20:00,GWANGYANG,40FT,0,0,0,0,1,1,0,0
CARRIER_A,2026-08-13 21:00,GWANGYANG,40FT,0,0,0,0,1,1,0,0
CARRIER_A,2026-08-13 22:00,GWANGYANG,40FT,0,0,0,0,1,1,0,0
CARRIER_A,2026-08-13 23:00,GWANGYANG,40FT,0,0,0,0,1,1,0,0
CARRIER_A,2026-08-14 00:00,GWANGYANG,40FT,0,0,0,0,1,1,0,0
CARRIER_A,2026-08-14 01:00,GWANGYANG,40FT,0,0,0,0,1,1,0,0
CARRIER_A,2026-08-14 02:00,GWANGYANG,40FT,0,0,0,0,1,1,0,0
CARRIER_A,2026-08-14 03:00,GWANGYANG,40FT,0,0,0,0,1,1,0,0
CARRIER_A,2026-08-14 04:00,GWANGYANG,40FT,0,0,0,0,1,1,0,0
CARRIER_A,2026-08-14 05:00,GWANGYANG,40FT,0,0,0,0,1,1,0,0
CARRIER_A,2026-08-14 06:00,GWANGYANG,40FT,0,0,0,0,1,1,0,0
CARRIER_A,2026-08-14 07:00,GWANGYANG,40FT,0,0,0,0,1,1,0,0
CARRIER_A,2026-08-14 08:00,GWANGYANG,40FT,0,0,0,0,1,1,0,0
CARRIER_A,2026-08-14 09:00,GWANGYANG,40FT,0,0,0,0,1,1,0,0
CARRIER_A,2026-08-14 10:00,GWANGYANG,40FT,0,0,0,0,1,1,0,0
CARRIER_A,2026-08-14 11:00,GWANGYANG,40FT,0,0,0,0,1,1,0,0
CARRIER_A,2026-08-14 12:00,GWANGYANG,40FT,0,0,0,0,1,1,0,0
CARRIER_A,2026-08-14 13:00,GWANGYANG,40FT,0,0,0,0,1,1,0,0
CARRIER_A,2026-08-14 14:00,GWANGYANG,40FT,0,0,0,0,1,1,0,0
CARRIER_A,2026-08-14 15:00,GWANGYANG,40FT,0,0,0,0,1,1,0,0
CARRIER_A,2026-08-14 16:00,GWANGYANG,40FT,0,0,0,0,1,1,0,0
CARRIER_A,2026-08-14 17:00,GWANGYANG,40FT,0,0,0,0,1,1,0,0
CARRIER_A,2026-08-14 18:00,GWANGYANG,40FT,0,0,0,0,1,1,0,0
CARRIER_A,2026-08-14 19:00,GWANGYANG,40FT,0,0,0,0,1,1,0,0
CARRIER_A,2026-08-14 20:00,GWANGYANG,40FT,0,0,0,0,1,1,0,0
CARRIER_A,2026-08-14 21:00,GWANGYANG,40FT,0,0,0,0,1,1,0,0
CARRIER_A,2026-08-14 22:00,GWANGYANG,40FT,0,0,0,0,1,1,0,0
CARRIER_A,2026-08-14 23:00,GWANGYANG,40FT,0,0,0,0,1,1,0,0
CARRIER_A,2026-08-15 00:00,GWANGYANG,40FT,0,0,0,0,1,1,0,0
CARRIER_A,2026-08-15 01:00,GWANGYANG,40FT,0,0,0,0,1,1,0,0
CARRIER_A,2026-08-15 02:00,GWANGYANG,40FT,0,1,0,0,2,2,0,0
CARRIER_A,2026-08-15 03:00,GWANGYANG,40FT,0,0,0,0,2,2,0,0
CARRIER_A,2026-08-15 04:00,GWANGYANG,40FT,0,0,0,0,2,2,0,0
CARRIER_A,2026-08-15 05:00,GWANGYANG,40FT,0,0,0,0,2,2,0,0
CARRIER_A,2026-08-15 06:00,GWANGYANG,40FT,0,0,0,0,2,2,0,0
CARRIER_A,2026-08-15 07:00,GWANGYANG,40FT,0,0,0,0,2,2,0,0
CARRIER_A,2026-08-15 08:00,GWANGYANG,40FT,0,0,0,0,2,2,0,0
CARRIER_A,2026-08-15 09:00,GWANGYANG,40FT,0,0,0,0,2,2,0,0
CARRIER_A,2026-08-15 10:00,GWANGYANG,40FT,0,0,0,0,2,2,0,0
CARRIER_A,2026-08-15 11:00,GWANGYANG,40FT,0,0,0,0,2,2,0,0
CARRIER_A,2026-08-15 12:00,GWANGYANG,40FT,0,0,0,0,2,2,0,0
CARRIER_A,2026-08-15 13:00,GWANGYANG,40FT,0,0,0,0,2,2,0,0
CARRIER_A,2026-08-15 14:00,GWANGYANG,40FT,0,0,0,0,2,2,0,0
CARRIER_A,2026-08-15 15:00,GWANGYANG,40FT,0,0,0,0,2,2,0,0
CARRIER_A,2026-08-15 16:00,GWANGYANG,40FT,0,0,0,0,2,2,0,0
CARRIER_A,2026-08-15 17:00,GWANGYANG,40FT,0,1,0,0,3,3,0,0
CARRIER_A,2026-08-15 18:00,GWANGYANG,40FT,0,0,0,0,3,3,0,0
CARRIER_A,2026-08-15 19:00,GWANGYANG,40FT,0,0,0,0,3,3,0,0
CARRIER_A,2026-08-15 20:00,GWANGYANG,40FT,0,0,0,0,3,3,0,0
CARRIER_A,2026-08-15 21:00,GWANGYANG,40FT,0,0,0,0,3,3,0,0
CARRIER_A,2026-08-15 22:00,GWANGYANG,40FT,0,0,0,0,3,3,0,0
CARRIER_A,2026-08-15 23:00,GWANGYANG,40FT,0,0,0,0,3,3,0,0
CARRIER_A,2026-08-16 00:00,GWANGYANG,40FT,0,0,0,0,3,3,0,0
CARRIER_A,2026-08-16 01:00,GWANGYANG,40FT,0,0,0,0,3,3,0,0
CARRIER_A,2026-08-16 02:00,GWANGYANG,40FT,0,0,0,0,3,3,0,0
CARRIER_A,2026-08-16 03:00,GWANGYANG,40FT,0,0,0,0,3,3,0,0
CARRIER_A,2026-08-16 04:00,GWANGYANG,40FT,0,0,0,0,3,3,0,0
CARRIER_A,2026-08-16 05:00,GWANGYANG,40FT,0,0,0,0,3,3,0,0
CARRIER_A,2026-08-16 06:00,GWANGYANG,40FT,0,0,0,0,3,3,0,0
CARRIER_A,2026-08-16 07:00,GWANGYANG,40FT,0,0,0,0,3,3,0,0
CARRIER_A,2026-08-16 08:00,GWANGYANG,40FT,0,0,0,0,3,3,0,0
CARRIER_A,2026-08-16 09:00,GWANGYANG,40FT,0,0,0,0,3,3,0,0
CARRIER_A,2026-08-16 10:00,GWANGYANG,40FT,0,0,0,0,3,3,0,0
CARRIER_A,2026-08-16 11:00,GWANGYANG,40FT,0,0,0,0,3,3,0,0
CARRIER_A,2026-08-16 12:00,GWANGYANG,40FT,0,0,0,0,3,3,0,0
CARRIER_A,2026-08-16 13:00,GWANGYANG,40FT,0,0,0,0,3,3,0,0
CARRIER_A,2026-08-16 14:00,GWANGYANG,40FT,0,0,0,0,3,3,0,0
CARRIER_A,2026-08-16 15:00,GWANGYANG,40FT,0,0,0,0,3,3,0,0
CARRIER_A,2026-08-16 16:00,GWANGYANG,40FT,0,0,0,0,3,3,0,0
CARRIER_A,2026-08-16 17:00,GWANGYANG,40FT,0,0,0,0,3,3,0,0
CARRIER_A,2026-08-16 18:00,GWANGYANG,40FT,0,0,0,0,3,3,0,0
CARRIER_A,2026-08-16 19:00,GWANGYANG,40FT,0,0,0,0,3,3,0,0
CARRIER_A,2026-08-16 20:00,GWANGYANG,40FT,0,0,0,0,3,3,0,0
CARRIER_A,2026-08-16 21:00,GWANGYANG,40FT,0,0,0,0,3,3,0,0
CARRIER_A,2026-08-16 22:00,GWANGYANG,40FT,0,0,0,0,3,3,0,0
CARRIER_A,2026-08-16 23:00,GWANGYANG,40FT,0,0,0,0,3,3,0,0
CARRIER_A,2026-08-10 00:00,UIWANG,20FT,0,0,0,0,14,14,0,0
CARRIER_A,2026-08-10 01:00,UIWANG,20FT,0,0,0,0,14,14,0,0
CARRIER_A,2026-08-10 02:00,UIWANG,20FT,0,0,0,0,14,14,0,0
CARRIER_A,2026-08-10 03:00,UIWANG,20FT,0,0,0,7,14,7,0,0
CARRIER_A,2026-08-10 04:00,UIWANG,20FT,0,0,0,0,14,7,0,0
CARRIER_A,2026-08-10 05:00,UIWANG,20FT,0,0,0,0,14,7,0,0
CARRIER_A,2026-08-10 06:00,UIWANG,20FT,0,0,0,0,14,7,0,0
CARRIER_A,2026-08-10 07:00,UIWANG,20FT,1,0,0,0,13,6,0,0
CARRIER_A,2026-08-10 08:00,UIWANG,20FT,0,0,0,0,13,6,0,0
CARRIER_A,2026-08-10 09:00,UIWANG,20FT,0,1,0,0,14,7,0,0
CARRIER_A,2026-08-10 10:00,UIWANG,20FT,0,1,0,0,15,8,0,0
CARRIER_A,2026-08-10 11:00,UIWANG,20FT,1,1,0,0,15,8,0,0
CARRIER_A,2026-08-10 12:00,UIWANG,20FT,1,0,0,0,14,7,0,0
CARRIER_A,2026-08-10 13:00,UIWANG,20FT,0,1,0,0,15,8,0,0
CARRIER_A,2026-08-10 14:00,UIWANG,20FT,1,1,0,0,15,8,0,0
CARRIER_A,2026-08-10 15:00,UIWANG,20FT,0,2,0,0,17,10,0,0
CARRIER_A,2026-08-10 16:00,UIWANG,20FT,0,0,0,0,17,10,0,0
CARRIER_A,2026-08-10 17:00,UIWANG,20FT,1,1,0,0,17,10,0,0
CARRIER_A,2026-08-10 18:00,UIWANG,20FT,1,0,0,0,16,9,0,0
CARRIER_A,2026-08-10 19:00,UIWANG,20FT,0,0,0,0,16,9,0,0
CARRIER_A,2026-08-10 20:00,UIWANG,20FT,0,0,0,0,16,9,0,0
CARRIER_A,2026-08-10 21:00,UIWANG,20FT,0,0,0,0,16,9,0,0
CARRIER_A,2026-08-10 22:00,UIWANG,20FT,0,0,0,0,16,9,0,0
CARRIER_A,2026-08-10 23:00,UIWANG,20FT,0,0,0,0,16,9,0,0
CARRIER_A,2026-08-11 00:00,UIWANG,20FT,0,0,0,0,16,9,0,0
CARRIER_A,2026-08-11 01:00,UIWANG,20FT,0,0,0,0,16,9,0,0
CARRIER_A,2026-08-11 02:00,UIWANG,20FT,0,0,0,0,16,9,0,0
CARRIER_A,2026-08-11 03:00,UIWANG,20FT,0,0,0,0,16,9,0,0
CARRIER_A,2026-08-11 04:00,UIWANG,20FT,0,0,0,0,16,9,0,0
CARRIER_A,2026-08-11 05:00,UIWANG,20FT,0,0,0,0,16,9,0,0
CARRIER_A,2026-08-11 06:00,UIWANG,20FT,0,0,0,0,16,9,0,0
CARRIER_A,2026-08-11 07:00,UIWANG,20FT,1,0,0,0,15,8,0,0
CARRIER_A,2026-08-11 08:00,UIWANG,20FT,0,0,0,0,15,8,0,0
CARRIER_A,2026-08-11 09:00,UIWANG,20FT,1,0,0,0,14,7,0,0
CARRIER_A,2026-08-11 10:00,UIWANG,20FT,1,0,0,0,13,6,0,0
CARRIER_A,2026-08-11 11:00,UIWANG,20FT,1,1,0,0,13,6,0,0
CARRIER_A,2026-08-11 12:00,UIWANG,20FT,0,0,0,0,13,6,0,0
CARRIER_A,2026-08-11 13:00,UIWANG,20FT,0,1,0,0,14,7,0,0
CARRIER_A,2026-08-11 14:00,UIWANG,20FT,1,0,0,0,13,6,0,0
CARRIER_A,2026-08-11 15:00,UIWANG,20FT,0,1,0,0,14,7,0,0
CARRIER_A,2026-08-11 16:00,UIWANG,20FT,1,0,0,0,13,6,0,0
CARRIER_A,2026-08-11 17:00,UIWANG,20FT,0,0,0,0,13,6,0,0
CARRIER_A,2026-08-11 18:00,UIWANG,20FT,1,1,0,0,13,6,0,0
CARRIER_A,2026-08-11 19:00,UIWANG,20FT,0,0,0,0,13,6,0,0
CARRIER_A,2026-08-11 20:00,UIWANG,20FT,0,0,0,0,13,6,0,0
CARRIER_A,2026-08-11 21:00,UIWANG,20FT,0,0,0,0,13,6,0,0
CARRIER_A,2026-08-11 22:00,UIWANG,20FT,0,0,0,0,13,6,0,0
CARRIER_A,2026-08-11 23:00,UIWANG,20FT,0,0,0,0,13,6,0,0
CARRIER_A,2026-08-12 00:00,UIWANG,20FT,0,0,0,0,13,6,0,0
CARRIER_A,2026-08-12 01:00,UIWANG,20FT,0,0,0,0,13,6,0,0
CARRIER_A,2026-08-12 02:00,UIWANG,20FT,0,0,0,0,13,6,0,0
CARRIER_A,2026-08-12 03:00,UIWANG,20FT,0,0,0,0,13,6,0,0
CARRIER_A,2026-08-12 04:00,UIWANG,20FT,0,0,0,0,13,6,0,0
CARRIER_A,2026-08-12 05:00,UIWANG,20FT,0,0,0,0,13,6,0,0
CARRIER_A,2026-08-12 06:00,UIWANG,20FT,1,0,0,0,12,5,0,0
CARRIER_A,2026-08-12 07:00,UIWANG,20FT,0,0,0,0,12,5,0,0
CARRIER_A,2026-08-12 08:00,UIWANG,20FT,2,0,0,0,10,3,0,0
CARRIER_A,2026-08-12 09:00,UIWANG,20FT,0,1,0,0,11,4,0,0
CARRIER_A,2026-08-12 10:00,UIWANG,20FT,1,0,0,0,10,3,0,0
CARRIER_A,2026-08-12 11:00,UIWANG,20FT,2,0,0,0,8,1,0,0
CARRIER_A,2026-08-12 12:00,UIWANG,20FT,0,0,0,0,8,1,0,0
CARRIER_A,2026-08-12 13:00,UIWANG,20FT,0,1,0,0,9,2,0,0
CARRIER_A,2026-08-12 14:00,UIWANG,20FT,1,0,0,0,8,1,0,0
CARRIER_A,2026-08-12 15:00,UIWANG,20FT,1,1,0,0,8,1,0,0
CARRIER_A,2026-08-12 16:00,UIWANG,20FT,1,0,0,0,7,0,0,0
CARRIER_A,2026-08-12 17:00,UIWANG,20FT,0,1,0,0,8,1,0,0
CARRIER_A,2026-08-12 18:00,UIWANG,20FT,0,0,0,0,8,1,0,0
CARRIER_A,2026-08-12 19:00,UIWANG,20FT,0,0,0,0,8,1,0,0
CARRIER_A,2026-08-12 20:00,UIWANG,20FT,0,0,0,0,8,1,0,0
CARRIER_A,2026-08-12 21:00,UIWANG,20FT,0,0,0,0,8,1,0,0
CARRIER_A,2026-08-12 22:00,UIWANG,20FT,0,0,0,0,8,1,0,0
CARRIER_A,2026-08-12 23:00,UIWANG,20FT,0,0,0,0,8,1,0,0
CARRIER_A,2026-08-13 00:00,UIWANG,20FT,0,0,0,0,8,1,0,0
CARRIER_A,2026-08-13 01:00,UIWANG,20FT,0,0,0,0,8,1,0,0
CARRIER_A,2026-08-13 02:00,UIWANG,20FT,0,0,0,0,8,1,0,0
CARRIER_A,2026-08-13 03:00,UIWANG,20FT,0,0,0,0,8,1,0,0
CARRIER_A,2026-08-13 04:00,UIWANG,20FT,0,0,0,0,8,1,0,0
CARRIER_A,2026-08-13 05:00,UIWANG,20FT,0,0,0,0,8,1,0,0
CARRIER_A,2026-08-13 06:00,UIWANG,20FT,1,0,0,0,7,0,0,0
CARRIER_A,2026-08-13 07:00,UIWANG,20FT,0,0,0,0,7,0,0,0
CARRIER_A,2026-08-13 08:00,UIWANG,20FT,0,1,0,0,8,1,0,0
CARRIER_A,2026-08-13 09:00,UIWANG,20FT,1,0,0,0,7,0,0,0
CARRIER_A,2026-08-13 10:00,UIWANG,20FT,0,0,0,0,7,0,0,0
CARRIER_A,2026-08-13 11:00,UIWANG,20FT,1,1,0,0,7,0,0,0
CARRIER_A,2026-08-13 12:00,UIWANG,20FT,0,0,0,0,7,0,0,0
CARRIER_A,2026-08-13 13:00,UIWANG,20FT,0,1,0,0,8,1,0,0
CARRIER_A,2026-08-13 14:00,UIWANG,20FT,1,0,0,0,7,0,0,0
CARRIER_A,2026-08-13 15:00,UIWANG,20FT,0,0,0,0,7,0,0,0
CARRIER_A,2026-08-13 16:00,UIWANG,20FT,0,1,0,0,8,1,0,0
CARRIER_A,2026-08-13 17:00,UIWANG,20FT,1,1,0,0,8,1,0,0
CARRIER_A,2026-08-13 18:00,UIWANG,20FT,0,0,0,0,8,1,0,0
CARRIER_A,2026-08-13 19:00,UIWANG,20FT,0,0,0,0,8,1,0,0
CARRIER_A,2026-08-13 20:00,UIWANG,20FT,0,0,0,0,8,1,0,0
CARRIER_A,2026-08-13 21:00,UIWANG,20FT,0,0,0,0,8,1,0,0
CARRIER_A,2026-08-13 22:00,UIWANG,20FT,0,0,0,0,8,1,0,0
CARRIER_A,2026-08-13 23:00,UIWANG,20FT,0,0,0,0,8,1,0,0
CARRIER_A,2026-08-14 00:00,UIWANG,20FT,0,0,0,0,8,1,0,0
CARRIER_A,2026-08-14 01:00,UIWANG,20FT,0,0,0,0,8,1,0,0
CARRIER_A,2026-08-14 02:00,UIWANG,20FT,0,0,0,0,8,1,0,0
CARRIER_A,2026-08-14 03:00,UIWANG,20FT,0,0,0,0,8,1,0,0
CARRIER_A,2026-08-14 04:00,UIWANG,20FT,0,0,0,0,8,1,0,0
CARRIER_A,2026-08-14 05:00,UIWANG,20FT,0,0,0,0,8,1,0,0
CARRIER_A,2026-08-14 06:00,UIWANG,20FT,0,0,0,0,8,1,0,0
CARRIER_A,2026-08-14 07:00,UIWANG,20FT,0,0,0,0,8,1,0,0
CARRIER_A,2026-08-14 08:00,UIWANG,20FT,0,1,0,0,9,2,0,0
CARRIER_A,2026-08-14 09:00,UIWANG,20FT,1,0,0,0,8,1,0,0
CARRIER_A,2026-08-14 10:00,UIWANG,20FT,0,1,0,0,9,2,0,0
CARRIER_A,2026-08-14 11:00,UIWANG,20FT,0,0,0,0,9,2,0,0
CARRIER_A,2026-08-14 12:00,UIWANG,20FT,0,0,0,0,9,2,0,0
CARRIER_A,2026-08-14 13:00,UIWANG,20FT,0,0,0,0,9,2,0,0
CARRIER_A,2026-08-14 14:00,UIWANG,20FT,0,1,0,0,10,3,0,0
CARRIER_A,2026-08-14 15:00,UIWANG,20FT,0,0,0,0,10,3,0,0
CARRIER_A,2026-08-14 16:00,UIWANG,20FT,1,1,0,0,10,3,0,0
CARRIER_A,2026-08-14 17:00,UIWANG,20FT,0,1,0,0,11,4,0,0
CARRIER_A,2026-08-14 18:00,UIWANG,20FT,0,0,0,0,11,4,0,0
CARRIER_A,2026-08-14 19:00,UIWANG,20FT,0,1,0,0,12,5,0,0
CARRIER_A,2026-08-14 20:00,UIWANG,20FT,0,0,0,0,12,5,0,0
CARRIER_A,2026-08-14 21:00,UIWANG,20FT,0,0,0,0,12,5,0,0
CARRIER_A,2026-08-14 22:00,UIWANG,20FT,0,0,0,0,12,5,0,0
CARRIER_A,2026-08-14 23:00,UIWANG,20FT,0,0,0,0,12,5,0,0
CARRIER_A,2026-08-15 00:00,UIWANG,20FT,0,0,0,0,12,5,0,0
CARRIER_A,2026-08-15 01:00,UIWANG,20FT,0,0,0,0,12,5,0,0
CARRIER_A,2026-08-15 02:00,UIWANG,20FT,0,0,0,0,12,5,0,0
CARRIER_A,2026-08-15 03:00,UIWANG,20FT,0,0,0,0,12,5,0,0
CARRIER_A,2026-08-15 04:00,UIWANG,20FT,0,0,0,0,12,5,0,0
CARRIER_A,2026-08-15 05:00,UIWANG,20FT,0,0,0,0,12,5,0,0
CARRIER_A,2026-08-15 06:00,UIWANG,20FT,0,0,0,0,12,5,0,0
CARRIER_A,2026-08-15 07:00,UIWANG,20FT,1,0,0,0,11,4,0,0
CARRIER_A,2026-08-15 08:00,UIWANG,20FT,0,0,0,0,11,4,0,0
CARRIER_A,2026-08-15 09:00,UIWANG,20FT,0,1,0,0,12,5,0,0
CARRIER_A,2026-08-15 10:00,UIWANG,20FT,0,0,0,0,12,5,0,0
CARRIER_A,2026-08-15 11:00,UIWANG,20FT,0,0,0,0,12,5,0,0
CARRIER_A,2026-08-15 12:00,UIWANG,20FT,0,0,0,0,12,5,0,0
CARRIER_A,2026-08-15 13:00,UIWANG,20FT,0,0,0,0,12,5,0,0
CARRIER_A,2026-08-15 14:00,UIWANG,20FT,1,1,0,0,12,5,0,0
CARRIER_A,2026-08-15 15:00,UIWANG,20FT,1,0,0,0,11,4,0,0
CARRIER_A,2026-08-15 16:00,UIWANG,20FT,1,0,0,0,10,3,0,0
CARRIER_A,2026-08-15 17:00,UIWANG,20FT,0,1,0,0,11,4,0,0
CARRIER_A,2026-08-15 18:00,UIWANG,20FT,0,0,0,0,11,4,0,0
CARRIER_A,2026-08-15 19:00,UIWANG,20FT,0,0,0,0,11,4,0,0
CARRIER_A,2026-08-15 20:00,UIWANG,20FT,0,1,0,0,12,5,0,0
CARRIER_A,2026-08-15 21:00,UIWANG,20FT,0,0,0,0,12,5,0,0
CARRIER_A,2026-08-15 22:00,UIWANG,20FT,0,0,0,0,12,5,0,0
CARRIER_A,2026-08-15 23:00,UIWANG,20FT,0,0,0,0,12,5,0,0
CARRIER_A,2026-08-16 00:00,UIWANG,20FT,0,0,0,0,12,5,0,0
CARRIER_A,2026-08-16 01:00,UIWANG,20FT,0,0,0,0,12,5,0,0
CARRIER_A,2026-08-16 02:00,UIWANG,20FT,0,0,0,0,12,5,0,0
CARRIER_A,2026-08-16 03:00,UIWANG,20FT,0,0,0,0,12,5,0,0
CARRIER_A,2026-08-16 04:00,UIWANG,20FT,0,0,0,0,12,5,0,0
CARRIER_A,2026-08-16 05:00,UIWANG,20FT,1,0,0,0,11,4,0,0
CARRIER_A,2026-08-16 06:00,UIWANG,20FT,0,0,0,0,11,4,0,0
CARRIER_A,2026-08-16 07:00,UIWANG,20FT,0,0,0,0,11,4,0,0
CARRIER_A,2026-08-16 08:00,UIWANG,20FT,0,1,0,0,12,5,0,0
CARRIER_A,2026-08-16 09:00,UIWANG,20FT,1,0,0,0,11,4,0,0
CARRIER_A,2026-08-16 10:00,UIWANG,20FT,1,0,0,0,10,3,0,0
CARRIER_A,2026-08-16 11:00,UIWANG,20FT,0,1,0,0,11,4,0,0
CARRIER_A,2026-08-16 12:00,UIWANG,20FT,0,0,0,0,11,4,0,0
CARRIER_A,2026-08-16 13:00,UIWANG,20FT,1,1,0,0,11,4,0,0
CARRIER_A,2026-08-16 14:00,UIWANG,20FT,0,0,0,0,11,4,0,0
CARRIER_A,2026-08-16 15:00,UIWANG,20FT,0,1,0,0,12,5,0,0
CARRIER_A,2026-08-16 16:00,UIWANG,20FT,0,1,0,0,13,6,0,0
CARRIER_A,2026-08-16 17:00,UIWANG,20FT,1,1,0,0,13,6,0,0
CARRIER_A,2026-08-16 18:00,UIWANG,20FT,0,0,0,0,13,6,0,0
CARRIER_A,2026-08-16 19:00,UIWANG,20FT,0,1,0,0,14,7,0,0
CARRIER_A,2026-08-16 20:00,UIWANG,20FT,0,0,0,0,14,7,0,0
CARRIER_A,2026-08-16 21:00,UIWANG,20FT,0,0,0,0,14,7,0,0
CARRIER_A,2026-08-16 22:00,UIWANG,20FT,0,0,0,0,14,7,0,0
CARRIER_A,2026-08-16 23:00,UIWANG,20FT,0,0,0,0,14,7,0,0
CARRIER_A,2026-08-10 00:00,UIWANG,40FT,0,0,0,0,4,4,0,0
CARRIER_A,2026-08-10 01:00,UIWANG,40FT,0,0,0,0,4,4,0,0
CARRIER_A,2026-08-10 02:00,UIWANG,40FT,0,0,0,0,4,4,0,0
CARRIER_A,2026-08-10 03:00,UIWANG,40FT,0,0,0,3,4,1,0,0
CARRIER_A,2026-08-10 04:00,UIWANG,40FT,0,0,0,0,4,1,0,0
CARRIER_A,2026-08-10 05:00,UIWANG,40FT,0,0,0,0,4,1,0,0
CARRIER_A,2026-08-10 06:00,UIWANG,40FT,0,0,0,0,4,1,0,0
CARRIER_A,2026-08-10 07:00,UIWANG,40FT,0,0,0,0,4,1,0,0
CARRIER_A,2026-08-10 08:00,UIWANG,40FT,1,0,0,0,3,0,0,0
CARRIER_A,2026-08-10 09:00,UIWANG,40FT,0,1,0,0,4,1,0,0
CARRIER_A,2026-08-10 10:00,UIWANG,40FT,0,0,0,0,4,1,0,0
CARRIER_A,2026-08-10 11:00,UIWANG,40FT,1,0,0,0,3,0,0,0
CARRIER_A,2026-08-10 12:00,UIWANG,40FT,0,0,0,0,3,0,0,0
CARRIER_A,2026-08-10 13:00,UIWANG,40FT,0,0,0,0,3,0,0,0
CARRIER_A,2026-08-10 14:00,UIWANG,40FT,0,0,0,0,3,0,0,0
CARRIER_A,2026-08-10 15:00,UIWANG,40FT,0,0,0,0,3,0,0,0
CARRIER_A,2026-08-10 16:00,UIWANG,40FT,0,0,0,0,3,0,0,0
CARRIER_A,2026-08-10 17:00,UIWANG,40FT,0,0,0,0,3,0,0,0
CARRIER_A,2026-08-10 18:00,UIWANG,40FT,0,0,0,0,3,0,0,0
CARRIER_A,2026-08-10 19:00,UIWANG,40FT,0,0,0,0,3,0,0,0
CARRIER_A,2026-08-10 20:00,UIWANG,40FT,0,0,0,0,3,0,0,0
CARRIER_A,2026-08-10 21:00,UIWANG,40FT,0,0,0,0,3,0,0,0
CARRIER_A,2026-08-10 22:00,UIWANG,40FT,0,0,0,0,3,0,0,0
CARRIER_A,2026-08-10 23:00,UIWANG,40FT,0,0,0,0,3,0,0,0
CARRIER_A,2026-08-11 00:00,UIWANG,40FT,0,0,0,0,3,0,0,0
CARRIER_A,2026-08-11 01:00,UIWANG,40FT,0,0,0,0,3,0,0,0
CARRIER_A,2026-08-11 02:00,UIWANG,40FT,0,0,0,0,3,0,0,0
CARRIER_A,2026-08-11 03:00,UIWANG,40FT,0,0,0,0,3,0,0,0
CARRIER_A,2026-08-11 04:00,UIWANG,40FT,0,0,0,0,3,0,0,0
CARRIER_A,2026-08-11 05:00,UIWANG,40FT,0,0,0,0,3,0,0,0
CARRIER_A,2026-08-11 06:00,UIWANG,40FT,0,0,0,0,3,0,0,0
CARRIER_A,2026-08-11 07:00,UIWANG,40FT,0,0,0,0,3,0,0,0
CARRIER_A,2026-08-11 08:00,UIWANG,40FT,1,1,0,0,3,0,0,0
CARRIER_A,2026-08-11 09:00,UIWANG,40FT,0,0,0,0,3,0,0,0
CARRIER_A,2026-08-11 10:00,UIWANG,40FT,0,0,0,0,3,0,0,0
CARRIER_A,2026-08-11 11:00,UIWANG,40FT,0,0,0,0,3,0,0,0
CARRIER_A,2026-08-11 12:00,UIWANG,40FT,0,0,0,0,3,0,0,0
CARRIER_A,2026-08-11 13:00,UIWANG,40FT,0,0,0,0,3,0,0,0
CARRIER_A,2026-08-11 14:00,UIWANG,40FT,0,0,0,0,3,0,0,0
CARRIER_A,2026-08-11 15:00,UIWANG,40FT,0,0,0,0,3,0,0,0
CARRIER_A,2026-08-11 16:00,UIWANG,40FT,0,1,0,0,4,1,0,0
CARRIER_A,2026-08-11 17:00,UIWANG,40FT,0,0,0,0,4,1,0,0
CARRIER_A,2026-08-11 18:00,UIWANG,40FT,0,0,0,0,4,1,0,0
CARRIER_A,2026-08-11 19:00,UIWANG,40FT,0,0,0,0,4,1,0,0
CARRIER_A,2026-08-11 20:00,UIWANG,40FT,0,0,0,0,4,1,0,0
CARRIER_A,2026-08-11 21:00,UIWANG,40FT,0,0,0,0,4,1,0,0
CARRIER_A,2026-08-11 22:00,UIWANG,40FT,0,0,0,0,4,1,0,0
CARRIER_A,2026-08-11 23:00,UIWANG,40FT,0,0,0,0,4,1,0,0
CARRIER_A,2026-08-12 00:00,UIWANG,40FT,0,0,0,0,4,1,0,0
CARRIER_A,2026-08-12 01:00,UIWANG,40FT,0,0,0,0,4,1,0,0
CARRIER_A,2026-08-12 02:00,UIWANG,40FT,0,0,0,0,4,1,0,0
CARRIER_A,2026-08-12 03:00,UIWANG,40FT,0,0,0,0,4,1,0,0
CARRIER_A,2026-08-12 04:00,UIWANG,40FT,0,0,0,0,4,1,0,0
CARRIER_A,2026-08-12 05:00,UIWANG,40FT,0,0,0,0,4,1,0,0
CARRIER_A,2026-08-12 06:00,UIWANG,40FT,1,0,0,0,3,0,0,0
CARRIER_A,2026-08-12 07:00,UIWANG,40FT,0,0,0,0,3,0,0,0
CARRIER_A,2026-08-12 08:00,UIWANG,40FT,0,1,0,0,4,1,0,0
CARRIER_A,2026-08-12 09:00,UIWANG,40FT,0,0,0,0,4,1,0,0
CARRIER_A,2026-08-12 10:00,UIWANG,40FT,0,0,0,0,4,1,0,0
CARRIER_A,2026-08-12 11:00,UIWANG,40FT,0,0,0,0,4,1,0,0
CARRIER_A,2026-08-12 12:00,UIWANG,40FT,0,0,0,0,4,1,0,0
CARRIER_A,2026-08-12 13:00,UIWANG,40FT,0,0,0,0,4,1,0,0
CARRIER_A,2026-08-12 14:00,UIWANG,40FT,0,0,0,0,4,1,0,0
CARRIER_A,2026-08-12 15:00,UIWANG,40FT,1,0,0,0,3,0,0,0
CARRIER_A,2026-08-12 16:00,UIWANG,40FT,0,0,0,0,3,0,0,0
CARRIER_A,2026-08-12 17:00,UIWANG,40FT,0,1,0,0,4,1,0,0
CARRIER_A,2026-08-12 18:00,UIWANG,40FT,0,0,0,0,4,1,0,0
CARRIER_A,2026-08-12 19:00,UIWANG,40FT,0,0,0,0,4,1,0,0
CARRIER_A,2026-08-12 20:00,UIWANG,40FT,0,0,0,0,4,1,0,0
CARRIER_A,2026-08-12 21:00,UIWANG,40FT,0,0,0,0,4,1,0,0
CARRIER_A,2026-08-12 22:00,UIWANG,40FT,0,0,0,0,4,1,0,0
CARRIER_A,2026-08-12 23:00,UIWANG,40FT,0,0,0,0,4,1,0,0
CARRIER_A,2026-08-13 00:00,UIWANG,40FT,0,0,0,0,4,1,0,0
CARRIER_A,2026-08-13 01:00,UIWANG,40FT,0,0,0,0,4,1,0,0
CARRIER_A,2026-08-13 02:00,UIWANG,40FT,0,0,0,0,4,1,0,0
CARRIER_A,2026-08-13 03:00,UIWANG,40FT,0,0,0,0,4,1,0,0
CARRIER_A,2026-08-13 04:00,UIWANG,40FT,0,0,0,0,4,1,0,0
CARRIER_A,2026-08-13 05:00,UIWANG,40FT,0,0,0,0,4,1,0,0
CARRIER_A,2026-08-13 06:00,UIWANG,40FT,0,0,0,0,4,1,0,0
CARRIER_A,2026-08-13 07:00,UIWANG,40FT,0,0,0,0,4,1,0,0
CARRIER_A,2026-08-13 08:00,UIWANG,40FT,0,0,0,0,4,1,0,0
CARRIER_A,2026-08-13 09:00,UIWANG,40FT,0,0,0,0,4,1,0,0
CARRIER_A,2026-08-13 10:00,UIWANG,40FT,0,0,0,0,4,1,0,0
CARRIER_A,2026-08-13 11:00,UIWANG,40FT,0,0,0,0,4,1,0,0
CARRIER_A,2026-08-13 12:00,UIWANG,40FT,0,0,0,0,4,1,0,0
CARRIER_A,2026-08-13 13:00,UIWANG,40FT,0,0,0,0,4,1,0,0
CARRIER_A,2026-08-13 14:00,UIWANG,40FT,0,0,0,0,4,1,0,0
CARRIER_A,2026-08-13 15:00,UIWANG,40FT,1,0,0,0,3,0,0,0
CARRIER_A,2026-08-13 16:00,UIWANG,40FT,0,0,0,0,3,0,0,0
CARRIER_A,2026-08-13 17:00,UIWANG,40FT,0,0,0,0,3,0,0,0
CARRIER_A,2026-08-13 18:00,UIWANG,40FT,0,0,0,0,3,0,0,0
CARRIER_A,2026-08-13 19:00,UIWANG,40FT,0,0,0,0,3,0,0,0
CARRIER_A,2026-08-13 20:00,UIWANG,40FT,0,0,0,0,3,0,0,0
CARRIER_A,2026-08-13 21:00,UIWANG,40FT,0,1,0,0,4,1,0,0
CARRIER_A,2026-08-13 22:00,UIWANG,40FT,0,0,0,0,4,1,0,0
CARRIER_A,2026-08-13 23:00,UIWANG,40FT,0,0,0,0,4,1,0,0
CARRIER_A,2026-08-14 00:00,UIWANG,40FT,0,0,0,0,4,1,0,0
CARRIER_A,2026-08-14 01:00,UIWANG,40FT,0,0,0,0,4,1,0,0
CARRIER_A,2026-08-14 02:00,UIWANG,40FT,0,0,0,0,4,1,0,0
CARRIER_A,2026-08-14 03:00,UIWANG,40FT,0,0,0,0,4,1,0,0
CARRIER_A,2026-08-14 04:00,UIWANG,40FT,0,0,0,0,4,1,0,0
CARRIER_A,2026-08-14 05:00,UIWANG,40FT,0,0,0,0,4,1,0,0
CARRIER_A,2026-08-14 06:00,UIWANG,40FT,0,0,0,0,4,1,0,0
CARRIER_A,2026-08-14 07:00,UIWANG,40FT,0,0,0,0,4,1,0,0
CARRIER_A,2026-08-14 08:00,UIWANG,40FT,0,0,0,0,4,1,0,0
CARRIER_A,2026-08-14 09:00,UIWANG,40FT,0,0,0,0,4,1,0,0
CARRIER_A,2026-08-14 10:00,UIWANG,40FT,0,0,0,0,4,1,0,0
CARRIER_A,2026-08-14 11:00,UIWANG,40FT,1,0,0,0,3,0,0,0
CARRIER_A,2026-08-14 12:00,UIWANG,40FT,0,0,0,0,3,0,0,0
CARRIER_A,2026-08-14 13:00,UIWANG,40FT,0,0,0,0,3,0,0,0
CARRIER_A,2026-08-14 14:00,UIWANG,40FT,0,0,0,0,3,0,0,0
CARRIER_A,2026-08-14 15:00,UIWANG,40FT,0,0,0,0,3,0,0,0
CARRIER_A,2026-08-14 16:00,UIWANG,40FT,0,1,0,0,4,1,0,0
CARRIER_A,2026-08-14 17:00,UIWANG,40FT,0,0,0,0,4,1,0,0
CARRIER_A,2026-08-14 18:00,UIWANG,40FT,0,0,0,0,4,1,0,0
CARRIER_A,2026-08-14 19:00,UIWANG,40FT,0,0,0,0,4,1,0,0
CARRIER_A,2026-08-14 20:00,UIWANG,40FT,0,0,0,0,4,1,0,0
CARRIER_A,2026-08-14 21:00,UIWANG,40FT,0,0,0,0,4,1,0,0
CARRIER_A,2026-08-14 22:00,UIWANG,40FT,0,0,0,0,4,1,0,0
CARRIER_A,2026-08-14 23:00,UIWANG,40FT,0,0,0,0,4,1,0,0
CARRIER_A,2026-08-15 00:00,UIWANG,40FT,0,0,0,0,4,1,0,0
CARRIER_A,2026-08-15 01:00,UIWANG,40FT,0,0,0,0,4,1,0,0
CARRIER_A,2026-08-15 02:00,UIWANG,40FT,0,0,0,0,4,1,0,0
CARRIER_A,2026-08-15 03:00,UIWANG,40FT,0,0,0,0,4,1,0,0
CARRIER_A,2026-08-15 04:00,UIWANG,40FT,0,0,0,0,4,1,0,0
CARRIER_A,2026-08-15 05:00,UIWANG,40FT,0,0,0,0,4,1,0,0
CARRIER_A,2026-08-15 06:00,UIWANG,40FT,0,0,0,0,4,1,0,0
CARRIER_A,2026-08-15 07:00,UIWANG,40FT,0,0,0,0,4,1,0,0
CARRIER_A,2026-08-15 08:00,UIWANG,40FT,0,0,0,0,4,1,0,0
CARRIER_A,2026-08-15 09:00,UIWANG,40FT,0,0,0,0,4,1,0,0
CARRIER_A,2026-08-15 10:00,UIWANG,40FT,0,0,0,0,4,1,0,0
CARRIER_A,2026-08-15 11:00,UIWANG,40FT,1,0,0,0,3,0,0,0
CARRIER_A,2026-08-15 12:00,UIWANG,40FT,0,0,0,0,3,0,0,0
CARRIER_A,2026-08-15 13:00,UIWANG,40FT,0,0,0,0,3,0,0,0
CARRIER_A,2026-08-15 14:00,UIWANG,40FT,0,0,0,0,3,0,0,0
CARRIER_A,2026-08-15 15:00,UIWANG,40FT,0,0,0,0,3,0,0,0
CARRIER_A,2026-08-15 16:00,UIWANG,40FT,0,0,0,0,3,0,0,0
CARRIER_A,2026-08-15 17:00,UIWANG,40FT,0,1,0,0,4,1,0,0
CARRIER_A,2026-08-15 18:00,UIWANG,40FT,0,0,0,0,4,1,0,0
CARRIER_A,2026-08-15 19:00,UIWANG,40FT,0,0,0,0,4,1,0,0
CARRIER_A,2026-08-15 20:00,UIWANG,40FT,0,0,0,0,4,1,0,0
CARRIER_A,2026-08-15 21:00,UIWANG,40FT,0,0,0,0,4,1,0,0
CARRIER_A,2026-08-15 22:00,UIWANG,40FT,0,0,0,0,4,1,0,0
CARRIER_A,2026-08-15 23:00,UIWANG,40FT,0,0,0,0,4,1,0,0
CARRIER_A,2026-08-16 00:00,UIWANG,40FT,0,0,0,0,4,1,0,0
CARRIER_A,2026-08-16 01:00,UIWANG,40FT,0,0,0,0,4,1,0,0
CARRIER_A,2026-08-16 02:00,UIWANG,40FT,0,0,0,0,4,1,0,0
CARRIER_A,2026-08-16 03:00,UIWANG,40FT,0,0,0,0,4,1,0,0
CARRIER_A,2026-08-16 04:00,UIWANG,40FT,0,0,0,0,4,1,0,0
CARRIER_A,2026-08-16 05:00,UIWANG,40FT,0,0,0,0,4,1,0,0
CARRIER_A,2026-08-16 06:00,UIWANG,40FT,0,0,0,0,4,1,0,0
CARRIER_A,2026-08-16 07:00,UIWANG,40FT,0,0,0,0,4,1,0,0
CARRIER_A,2026-08-16 08:00,UIWANG,40FT,0,0,0,0,4,1,0,0
CARRIER_A,2026-08-16 09:00,UIWANG,40FT,0,0,0,0,4,1,0,0
CARRIER_A,2026-08-16 10:00,UIWANG,40FT,0,0,0,0,4,1,0,0
CARRIER_A,2026-08-16 11:00,UIWANG,40FT,0,0,0,0,4,1,0,0
CARRIER_A,2026-08-16 12:00,UIWANG,40FT,0,0,0,0,4,1,0,0
CARRIER_A,2026-08-16 13:00,UIWANG,40FT,0,0,0,0,4,1,0,0
CARRIER_A,2026-08-16 14:00,UIWANG,40FT,0,0,0,0,4,1,0,0
CARRIER_A,2026-08-16 15:00,UIWANG,40FT,0,0,0,0,4,1,0,0
CARRIER_A,2026-08-16 16:00,UIWANG,40FT,0,0,0,0,4,1,0,0
CARRIER_A,2026-08-16 17:00,UIWANG,40FT,1,0,0,0,3,0,0,0
CARRIER_A,2026-08-16 18:00,UIWANG,40FT,0,1,0,0,4,1,0,0
CARRIER_A,2026-08-16 19:00,UIWANG,40FT,0,0,0,0,4,1,0,0
CARRIER_A,2026-08-16 20:00,UIWANG,40FT,0,0,0,0,4,1,0,0
CARRIER_A,2026-08-16 21:00,UIWANG,40FT,0,0,0,0,4,1,0,0
CARRIER_A,2026-08-16 22:00,UIWANG,40FT,0,0,0,0,4,1,0,0
CARRIER_A,2026-08-16 23:00,UIWANG,40FT,0,0,0,0,4,1,0,0
CARRIER_A,2026-08-10 00:00,YAKMOK,20FT,0,0,0,0,12,12,0,0
CARRIER_A,2026-08-10 01:00,YAKMOK,20FT,0,0,0,0,12,12,0,0
CARRIER_A,2026-08-10 02:00,YAKMOK,20FT,0,0,0,0,12,12,0,0
CARRIER_A,2026-08-10 03:00,YAKMOK,20FT,0,0,0,0,12,12,0,0
CARRIER_A,2026-08-10 04:00,YAKMOK,20FT,0,0,0,0,12,12,0,0
CARRIER_A,2026-08-10 05:00,YAKMOK,20FT,1,0,0,0,11,11,0,0
CARRIER_A,2026-08-10 06:00,YAKMOK,20FT,0,0,0,0,11,11,0,0
CARRIER_A,2026-08-10 07:00,YAKMOK,20FT,1,0,0,0,10,10,0,0
CARRIER_A,2026-08-10 08:00,YAKMOK,20FT,1,1,0,0,10,10,0,0
CARRIER_A,2026-08-10 09:00,YAKMOK,20FT,2,0,0,0,8,8,0,0
CARRIER_A,2026-08-10 10:00,YAKMOK,20FT,1,0,0,0,7,7,0,0
CARRIER_A,2026-08-10 11:00,YAKMOK,20FT,2,0,0,0,5,5,0,0
CARRIER_A,2026-08-10 12:00,YAKMOK,20FT,0,1,0,0,6,6,0,0
CARRIER_A,2026-08-10 13:00,YAKMOK,20FT,1,1,0,0,6,6,0,0
CARRIER_A,2026-08-10 14:00,YAKMOK,20FT,2,0,0,0,4,4,0,0
CARRIER_A,2026-08-10 15:00,YAKMOK,20FT,2,0,0,0,2,2,0,0
CARRIER_A,2026-08-10 16:00,YAKMOK,20FT,1,0,7,0,1,8,0,0
CARRIER_A,2026-08-10 17:00,YAKMOK,20FT,3,1,0,0,0,6,1,0
CARRIER_A,2026-08-10 18:00,YAKMOK,20FT,1,0,0,0,0,5,1,0
CARRIER_A,2026-08-10 19:00,YAKMOK,20FT,0,0,0,0,0,5,0,0
CARRIER_A,2026-08-10 20:00,YAKMOK,20FT,0,0,0,0,0,5,0,0
CARRIER_A,2026-08-10 21:00,YAKMOK,20FT,0,0,0,0,0,5,0,0
CARRIER_A,2026-08-10 22:00,YAKMOK,20FT,0,0,0,0,0,5,0,0
CARRIER_A,2026-08-10 23:00,YAKMOK,20FT,0,0,0,0,0,5,0,0
CARRIER_A,2026-08-11 00:00,YAKMOK,20FT,0,0,0,0,0,5,0,0
CARRIER_A,2026-08-11 01:00,YAKMOK,20FT,0,0,0,0,0,5,0,0
CARRIER_A,2026-08-11 02:00,YAKMOK,20FT,0,0,0,0,0,5,0,0
CARRIER_A,2026-08-11 03:00,YAKMOK,20FT,0,0,0,0,0,5,0,0
CARRIER_A,2026-08-11 04:00,YAKMOK,20FT,0,0,0,0,0,5,0,0
CARRIER_A,2026-08-11 05:00,YAKMOK,20FT,0,0,0,0,0,5,0,0
CARRIER_A,2026-08-11 06:00,YAKMOK,20FT,0,0,0,0,0,5,0,0
CARRIER_A,2026-08-11 07:00,YAKMOK,20FT,1,0,0,0,0,4,1,0
CARRIER_A,2026-08-11 08:00,YAKMOK,20FT,0,0,0,0,0,4,0,0
CARRIER_A,2026-08-11 09:00,YAKMOK,20FT,1,0,0,0,0,3,1,0
CARRIER_A,2026-08-11 10:00,YAKMOK,20FT,1,0,0,0,0,2,1,0
CARRIER_A,2026-08-11 11:00,YAKMOK,20FT,2,0,0,0,0,0,2,0
CARRIER_A,2026-08-11 12:00,YAKMOK,20FT,0,1,0,0,1,1,0,0
CARRIER_A,2026-08-11 13:00,YAKMOK,20FT,0,1,0,0,2,2,0,0
CARRIER_A,2026-08-11 14:00,YAKMOK,20FT,2,0,0,0,0,0,0,0
CARRIER_A,2026-08-11 15:00,YAKMOK,20FT,0,0,0,0,0,0,0,0
CARRIER_A,2026-08-11 16:00,YAKMOK,20FT,0,1,0,0,1,1,0,0
CARRIER_A,2026-08-11 17:00,YAKMOK,20FT,1,0,0,0,0,0,0,0
CARRIER_A,2026-08-11 18:00,YAKMOK,20FT,0,0,0,0,0,0,0,0
CARRIER_A,2026-08-11 19:00,YAKMOK,20FT,1,1,0,0,0,0,0,0
CARRIER_A,2026-08-11 20:00,YAKMOK,20FT,0,0,0,0,0,0,0,0
CARRIER_A,2026-08-11 21:00,YAKMOK,20FT,0,0,0,0,0,0,0,0
CARRIER_A,2026-08-11 22:00,YAKMOK,20FT,0,0,0,0,0,0,0,0
CARRIER_A,2026-08-11 23:00,YAKMOK,20FT,0,0,0,0,0,0,0,0
CARRIER_A,2026-08-12 00:00,YAKMOK,20FT,0,0,0,0,0,0,0,0
CARRIER_A,2026-08-12 01:00,YAKMOK,20FT,0,0,0,0,0,0,0,0
CARRIER_A,2026-08-12 02:00,YAKMOK,20FT,0,0,0,0,0,0,0,0
CARRIER_A,2026-08-12 03:00,YAKMOK,20FT,0,0,0,0,0,0,0,0
CARRIER_A,2026-08-12 04:00,YAKMOK,20FT,0,0,0,0,0,0,0,0
CARRIER_A,2026-08-12 05:00,YAKMOK,20FT,0,0,0,0,0,0,0,0
CARRIER_A,2026-08-12 06:00,YAKMOK,20FT,1,0,16,0,0,15,1,0
CARRIER_A,2026-08-12 07:00,YAKMOK,20FT,0,1,0,0,1,16,0,0
CARRIER_A,2026-08-12 08:00,YAKMOK,20FT,1,0,0,0,0,15,0,0
CARRIER_A,2026-08-12 09:00,YAKMOK,20FT,0,0,0,0,0,15,0,0
CARRIER_A,2026-08-12 10:00,YAKMOK,20FT,1,1,0,0,0,15,0,0
CARRIER_A,2026-08-12 11:00,YAKMOK,20FT,1,0,0,0,0,14,1,0
CARRIER_A,2026-08-12 12:00,YAKMOK,20FT,0,0,0,0,0,14,0,0
CARRIER_A,2026-08-12 13:00,YAKMOK,20FT,2,1,0,0,0,13,1,0
CARRIER_A,2026-08-12 14:00,YAKMOK,20FT,0,0,0,0,0,13,0,0
CARRIER_A,2026-08-12 15:00,YAKMOK,20FT,1,1,0,0,0,13,0,0
CARRIER_A,2026-08-12 16:00,YAKMOK,20FT,1,0,0,0,0,12,1,0
CARRIER_A,2026-08-12 17:00,YAKMOK,20FT,0,1,0,0,1,13,0,0
CARRIER_A,2026-08-12 18:00,YAKMOK,20FT,1,1,0,0,1,13,0,0
CARRIER_A,2026-08-12 19:00,YAKMOK,20FT,0,0,0,0,1,13,0,0
CARRIER_A,2026-08-12 20:00,YAKMOK,20FT,0,0,0,0,1,13,0,0
CARRIER_A,2026-08-12 21:00,YAKMOK,20FT,0,1,0,0,2,14,0,0
CARRIER_A,2026-08-12 22:00,YAKMOK,20FT,0,0,0,0,2,14,0,0
CARRIER_A,2026-08-12 23:00,YAKMOK,20FT,0,0,0,0,2,14,0,0
CARRIER_A,2026-08-13 00:00,YAKMOK,20FT,0,0,0,0,2,14,0,0
CARRIER_A,2026-08-13 01:00,YAKMOK,20FT,0,0,0,0,2,14,0,0
CARRIER_A,2026-08-13 02:00,YAKMOK,20FT,0,0,0,0,2,14,0,0
CARRIER_A,2026-08-13 03:00,YAKMOK,20FT,0,0,0,0,2,14,0,0
CARRIER_A,2026-08-13 04:00,YAKMOK,20FT,0,0,0,0,2,14,0,0
CARRIER_A,2026-08-13 05:00,YAKMOK,20FT,0,0,0,0,2,14,0,0
CARRIER_A,2026-08-13 06:00,YAKMOK,20FT,1,0,0,0,1,13,0,0
CARRIER_A,2026-08-13 07:00,YAKMOK,20FT,0,0,0,0,1,13,0,0
CARRIER_A,2026-08-13 08:00,YAKMOK,20FT,1,0,0,0,0,12,0,0
CARRIER_A,2026-08-13 09:00,YAKMOK,20FT,2,0,0,0,0,10,2,0
CARRIER_A,2026-08-13 10:00,YAKMOK,20FT,2,0,0,0,0,8,2,0
CARRIER_A,2026-08-13 11:00,YAKMOK,20FT,0,1,0,0,1,9,0,0
CARRIER_A,2026-08-13 12:00,YAKMOK,20FT,0,1,0,0,2,10,0,0
CARRIER_A,2026-08-13 13:00,YAKMOK,20FT,0,0,0,0,2,10,0,0
CARRIER_A,2026-08-13 14:00,YAKMOK,20FT,1,0,0,0,1,9,0,0
CARRIER_A,2026-08-13 15:00,YAKMOK,20FT,1,1,0,0,1,9,0,0
CARRIER_A,2026-08-13 16:00,YAKMOK,20FT,1,0,0,0,0,8,0,0
CARRIER_A,2026-08-13 17:00,YAKMOK,20FT,2,0,0,0,0,6,2,0
CARRIER_A,2026-08-13 18:00,YAKMOK,20FT,0,0,0,0,0,6,0,0
CARRIER_A,2026-08-13 19:00,YAKMOK,20FT,0,0,0,0,0,6,0,0
CARRIER_A,2026-08-13 20:00,YAKMOK,20FT,0,0,0,0,0,6,0,0
CARRIER_A,2026-08-13 21:00,YAKMOK,20FT,0,0,0,0,0,6,0,0
CARRIER_A,2026-08-13 22:00,YAKMOK,20FT,0,0,0,0,0,6,0,0
CARRIER_A,2026-08-13 23:00,YAKMOK,20FT,0,0,0,0,0,6,0,0
CARRIER_A,2026-08-14 00:00,YAKMOK,20FT,0,0,0,0,0,6,0,0
CARRIER_A,2026-08-14 01:00,YAKMOK,20FT,0,0,0,0,0,6,0,0
CARRIER_A,2026-08-14 02:00,YAKMOK,20FT,0,0,0,0,0,6,0,0
CARRIER_A,2026-08-14 03:00,YAKMOK,20FT,0,0,0,0,0,6,0,0
CARRIER_A,2026-08-14 04:00,YAKMOK,20FT,0,0,0,0,0,6,0,0
CARRIER_A,2026-08-14 05:00,YAKMOK,20FT,0,0,0,0,0,6,0,0
CARRIER_A,2026-08-14 06:00,YAKMOK,20FT,0,0,0,0,0,6,0,0
CARRIER_A,2026-08-14 07:00,YAKMOK,20FT,1,1,0,0,0,6,0,0
CARRIER_A,2026-08-14 08:00,YAKMOK,20FT,1,0,0,0,0,5,1,0
CARRIER_A,2026-08-14 09:00,YAKMOK,20FT,1,0,0,0,0,4,1,0
CARRIER_A,2026-08-14 10:00,YAKMOK,20FT,0,0,0,0,0,4,0,0
CARRIER_A,2026-08-14 11:00,YAKMOK,20FT,1,0,0,0,0,3,1,0
CARRIER_A,2026-08-14 12:00,YAKMOK,20FT,1,0,0,0,0,2,1,0
CARRIER_A,2026-08-14 13:00,YAKMOK,20FT,0,1,0,0,1,3,0,0
CARRIER_A,2026-08-14 14:00,YAKMOK,20FT,0,0,0,0,1,3,0,0
CARRIER_A,2026-08-14 15:00,YAKMOK,20FT,1,0,0,0,0,2,0,0
CARRIER_A,2026-08-14 16:00,YAKMOK,20FT,1,0,0,0,0,1,1,0
CARRIER_A,2026-08-14 17:00,YAKMOK,20FT,0,0,0,0,0,1,0,0
CARRIER_A,2026-08-14 18:00,YAKMOK,20FT,1,0,0,0,0,0,1,0
CARRIER_A,2026-08-14 19:00,YAKMOK,20FT,0,1,0,0,1,1,0,0
CARRIER_A,2026-08-14 20:00,YAKMOK,20FT,0,0,0,0,1,1,0,0
CARRIER_A,2026-08-14 21:00,YAKMOK,20FT,0,0,0,0,1,1,0,0
CARRIER_A,2026-08-14 22:00,YAKMOK,20FT,0,0,0,0,1,1,0,0
CARRIER_A,2026-08-14 23:00,YAKMOK,20FT,0,0,0,0,1,1,0,0
CARRIER_A,2026-08-15 00:00,YAKMOK,20FT,0,0,0,0,1,1,0,0
CARRIER_A,2026-08-15 01:00,YAKMOK,20FT,0,0,0,0,1,1,0,0
CARRIER_A,2026-08-15 02:00,YAKMOK,20FT,0,0,0,0,1,1,0,0
CARRIER_A,2026-08-15 03:00,YAKMOK,20FT,0,0,0,0,1,1,0,0
CARRIER_A,2026-08-15 04:00,YAKMOK,20FT,0,0,0,0,1,1,0,0
CARRIER_A,2026-08-15 05:00,YAKMOK,20FT,0,0,0,0,1,1,0,0
CARRIER_A,2026-08-15 06:00,YAKMOK,20FT,0,0,0,0,1,1,0,0
CARRIER_A,2026-08-15 07:00,YAKMOK,20FT,0,0,0,0,1,1,0,0
CARRIER_A,2026-08-15 08:00,YAKMOK,20FT,0,0,0,0,1,1,0,0
CARRIER_A,2026-08-15 09:00,YAKMOK,20FT,1,0,0,0,0,0,0,0
CARRIER_A,2026-08-15 10:00,YAKMOK,20FT,1,0,0,0,0,0,1,1
CARRIER_A,2026-08-15 11:00,YAKMOK,20FT,1,1,0,0,0,0,0,0
CARRIER_A,2026-08-15 12:00,YAKMOK,20FT,0,0,0,0,0,0,0,0
CARRIER_A,2026-08-15 13:00,YAKMOK,20FT,0,1,0,0,1,1,0,0
CARRIER_A,2026-08-15 14:00,YAKMOK,20FT,1,0,0,0,0,0,0,0
CARRIER_A,2026-08-15 15:00,YAKMOK,20FT,1,1,0,0,0,0,0,0
CARRIER_A,2026-08-15 16:00,YAKMOK,20FT,0,0,0,0,0,0,0,0
CARRIER_A,2026-08-15 17:00,YAKMOK,20FT,0,0,0,0,0,0,0,0
CARRIER_A,2026-08-15 18:00,YAKMOK,20FT,0,1,0,0,1,1,0,0
CARRIER_A,2026-08-15 19:00,YAKMOK,20FT,0,0,0,0,1,1,0,0
CARRIER_A,2026-08-15 20:00,YAKMOK,20FT,0,0,0,0,1,1,0,0
CARRIER_A,2026-08-15 21:00,YAKMOK,20FT,0,0,0,0,1,1,0,0
CARRIER_A,2026-08-15 22:00,YAKMOK,20FT,0,0,0,0,1,1,0,0
CARRIER_A,2026-08-15 23:00,YAKMOK,20FT,0,0,0,0,1,1,0,0
CARRIER_A,2026-08-16 00:00,YAKMOK,20FT,0,0,0,0,1,1,0,0
CARRIER_A,2026-08-16 01:00,YAKMOK,20FT,0,0,0,0,1,1,0,0
CARRIER_A,2026-08-16 02:00,YAKMOK,20FT,0,0,0,0,1,1,0,0
CARRIER_A,2026-08-16 03:00,YAKMOK,20FT,0,0,0,0,1,1,0,0
CARRIER_A,2026-08-16 04:00,YAKMOK,20FT,0,0,0,0,1,1,0,0
CARRIER_A,2026-08-16 05:00,YAKMOK,20FT,0,0,0,0,1,1,0,0
CARRIER_A,2026-08-16 06:00,YAKMOK,20FT,1,0,0,0,0,0,0,0
CARRIER_A,2026-08-16 07:00,YAKMOK,20FT,0,0,0,0,0,0,0,0
CARRIER_A,2026-08-16 08:00,YAKMOK,20FT,0,0,0,0,0,0,0,0
CARRIER_A,2026-08-16 09:00,YAKMOK,20FT,0,0,0,0,0,0,0,0
CARRIER_A,2026-08-16 10:00,YAKMOK,20FT,1,0,0,0,0,0,1,1
CARRIER_A,2026-08-16 11:00,YAKMOK,20FT,0,1,0,0,1,1,0,0
CARRIER_A,2026-08-16 12:00,YAKMOK,20FT,0,1,0,0,2,2,0,0
CARRIER_A,2026-08-16 13:00,YAKMOK,20FT,1,0,0,0,1,1,0,0
CARRIER_A,2026-08-16 14:00,YAKMOK,20FT,0,0,0,0,1,1,0,0
CARRIER_A,2026-08-16 15:00,YAKMOK,20FT,0,0,0,0,1,1,0,0
CARRIER_A,2026-08-16 16:00,YAKMOK,20FT,1,0,0,0,0,0,0,0
CARRIER_A,2026-08-16 17:00,YAKMOK,20FT,0,1,0,0,1,1,0,0
CARRIER_A,2026-08-16 18:00,YAKMOK,20FT,0,0,0,0,1,1,0,0
CARRIER_A,2026-08-16 19:00,YAKMOK,20FT,0,1,0,0,2,2,0,0
CARRIER_A,2026-08-16 20:00,YAKMOK,20FT,0,0,0,0,2,2,0,0
CARRIER_A,2026-08-16 21:00,YAKMOK,20FT,0,0,0,0,2,2,0,0
CARRIER_A,2026-08-16 22:00,YAKMOK,20FT,0,0,0,0,2,2,0,0
CARRIER_A,2026-08-16 23:00,YAKMOK,20FT,0,0,0,0,2,2,0,0
CARRIER_A,2026-08-10 00:00,YAKMOK,40FT,0,0,0,0,4,4,0,0
CARRIER_A,2026-08-10 01:00,YAKMOK,40FT,0,0,0,0,4,4,0,0
CARRIER_A,2026-08-10 02:00,YAKMOK,40FT,0,0,0,0,4,4,0,0
CARRIER_A,2026-08-10 03:00,YAKMOK,40FT,0,0,0,0,4,4,0,0
CARRIER_A,2026-08-10 04:00,YAKMOK,40FT,0,0,0,0,4,4,0,0
CARRIER_A,2026-08-10 05:00,YAKMOK,40FT,0,0,0,0,4,4,0,0
CARRIER_A,2026-08-10 06:00,YAKMOK,40FT,0,0,0,0,4,4,0,0
CARRIER_A,2026-08-10 07:00,YAKMOK,40FT,0,0,0,0,4,4,0,0
CARRIER_A,2026-08-10 08:00,YAKMOK,40FT,1,0,0,0,3,3,0,0
CARRIER_A,2026-08-10 09:00,YAKMOK,40FT,0,0,0,0,3,3,0,0
CARRIER_A,2026-08-10 10:00,YAKMOK,40FT,1,0,0,0,2,2,0,0
CARRIER_A,2026-08-10 11:00,YAKMOK,40FT,0,0,0,0,2,2,0,0
CARRIER_A,2026-08-10 12:00,YAKMOK,40FT,0,0,0,0,2,2,0,0
CARRIER_A,2026-08-10 13:00,YAKMOK,40FT,0,0,0,0,2,2,0,0
CARRIER_A,2026-08-10 14:00,YAKMOK,40FT,0,0,0,0,2,2,0,0
CARRIER_A,2026-08-10 15:00,YAKMOK,40FT,1,0,0,0,1,1,0,0
CARRIER_A,2026-08-10 16:00,YAKMOK,40FT,1,0,3,0,0,3,0,0
CARRIER_A,2026-08-10 17:00,YAKMOK,40FT,1,0,0,0,0,2,1,0
CARRIER_A,2026-08-10 18:00,YAKMOK,40FT,0,0,0,0,0,2,0,0
CARRIER_A,2026-08-10 19:00,YAKMOK,40FT,0,0,0,0,0,2,0,0
CARRIER_A,2026-08-10 20:00,YAKMOK,40FT,0,0,0,0,0,2,0,0
CARRIER_A,2026-08-10 21:00,YAKMOK,40FT,0,1,0,0,1,3,0,0
CARRIER_A,2026-08-10 22:00,YAKMOK,40FT,0,0,0,0,1,3,0,0
CARRIER_A,2026-08-10 23:00,YAKMOK,40FT,0,0,0,0,1,3,0,0
CARRIER_A,2026-08-11 00:00,YAKMOK,40FT,0,0,0,0,1,3,0,0
CARRIER_A,2026-08-11 01:00,YAKMOK,40FT,0,0,0,0,1,3,0,0
CARRIER_A,2026-08-11 02:00,YAKMOK,40FT,0,0,0,0,1,3,0,0
CARRIER_A,2026-08-11 03:00,YAKMOK,40FT,0,0,0,0,1,3,0,0
CARRIER_A,2026-08-11 04:00,YAKMOK,40FT,0,0,0,0,1,3,0,0
CARRIER_A,2026-08-11 05:00,YAKMOK,40FT,0,0,0,0,1,3,0,0
CARRIER_A,2026-08-11 06:00,YAKMOK,40FT,1,0,0,0,0,2,0,0
CARRIER_A,2026-08-11 07:00,YAKMOK,40FT,0,0,0,0,0,2,0,0
CARRIER_A,2026-08-11 08:00,YAKMOK,40FT,0,0,0,0,0,2,0,0
CARRIER_A,2026-08-11 09:00,YAKMOK,40FT,0,0,0,0,0,2,0,0
CARRIER_A,2026-08-11 10:00,YAKMOK,40FT,0,0,0,0,0,2,0,0
CARRIER_A,2026-08-11 11:00,YAKMOK,40FT,0,0,0,0,0,2,0,0
CARRIER_A,2026-08-11 12:00,YAKMOK,40FT,0,0,0,0,0,2,0,0
CARRIER_A,2026-08-11 13:00,YAKMOK,40FT,0,0,0,0,0,2,0,0
CARRIER_A,2026-08-11 14:00,YAKMOK,40FT,0,0,0,0,0,2,0,0
CARRIER_A,2026-08-11 15:00,YAKMOK,40FT,0,0,0,0,0,2,0,0
CARRIER_A,2026-08-11 16:00,YAKMOK,40FT,1,0,0,0,0,1,1,0
CARRIER_A,2026-08-11 17:00,YAKMOK,40FT,0,0,0,0,0,1,0,0
CARRIER_A,2026-08-11 18:00,YAKMOK,40FT,1,0,0,0,0,0,1,0
CARRIER_A,2026-08-11 19:00,YAKMOK,40FT,0,1,0,0,1,1,0,0
CARRIER_A,2026-08-11 20:00,YAKMOK,40FT,0,0,0,0,1,1,0,0
CARRIER_A,2026-08-11 21:00,YAKMOK,40FT,0,0,0,0,1,1,0,0
CARRIER_A,2026-08-11 22:00,YAKMOK,40FT,0,0,0,0,1,1,0,0
CARRIER_A,2026-08-11 23:00,YAKMOK,40FT,0,0,0,0,1,1,0,0
CARRIER_A,2026-08-12 00:00,YAKMOK,40FT,0,0,0,0,1,1,0,0
CARRIER_A,2026-08-12 01:00,YAKMOK,40FT,0,0,0,0,1,1,0,0
CARRIER_A,2026-08-12 02:00,YAKMOK,40FT,0,0,0,0,1,1,0,0
CARRIER_A,2026-08-12 03:00,YAKMOK,40FT,0,0,0,0,1,1,0,0
CARRIER_A,2026-08-12 04:00,YAKMOK,40FT,0,0,0,0,1,1,0,0
CARRIER_A,2026-08-12 05:00,YAKMOK,40FT,0,0,0,0,1,1,0,0
CARRIER_A,2026-08-12 06:00,YAKMOK,40FT,0,0,9,0,1,10,0,0
CARRIER_A,2026-08-12 07:00,YAKMOK,40FT,1,0,0,0,0,9,0,0
CARRIER_A,2026-08-12 08:00,YAKMOK,40FT,0,0,0,0,0,9,0,0
CARRIER_A,2026-08-12 09:00,YAKMOK,40FT,1,0,0,0,0,8,1,0
CARRIER_A,2026-08-12 10:00,YAKMOK,40FT,0,0,0,0,0,8,0,0
CARRIER_A,2026-08-12 11:00,YAKMOK,40FT,0,0,0,0,0,8,0,0
CARRIER_A,2026-08-12 12:00,YAKMOK,40FT,1,0,0,0,0,7,1,0
CARRIER_A,2026-08-12 13:00,YAKMOK,40FT,0,0,0,0,0,7,0,0
CARRIER_A,2026-08-12 14:00,YAKMOK,40FT,0,0,0,0,0,7,0,0
CARRIER_A,2026-08-12 15:00,YAKMOK,40FT,1,0,0,0,0,6,1,0
CARRIER_A,2026-08-12 16:00,YAKMOK,40FT,2,0,0,0,0,4,2,0
CARRIER_A,2026-08-12 17:00,YAKMOK,40FT,0,0,0,0,0,4,0,0
CARRIER_A,2026-08-12 18:00,YAKMOK,40FT,0,1,0,0,1,5,0,0
CARRIER_A,2026-08-12 19:00,YAKMOK,40FT,0,0,0,0,1,5,0,0
CARRIER_A,2026-08-12 20:00,YAKMOK,40FT,0,0,0,0,1,5,0,0
CARRIER_A,2026-08-12 21:00,YAKMOK,40FT,0,0,0,0,1,5,0,0
CARRIER_A,2026-08-12 22:00,YAKMOK,40FT,0,0,0,0,1,5,0,0
CARRIER_A,2026-08-12 23:00,YAKMOK,40FT,0,0,0,0,1,5,0,0
CARRIER_A,2026-08-13 00:00,YAKMOK,40FT,0,0,0,0,1,5,0,0
CARRIER_A,2026-08-13 01:00,YAKMOK,40FT,0,0,0,0,1,5,0,0
CARRIER_A,2026-08-13 02:00,YAKMOK,40FT,0,0,0,0,1,5,0,0
CARRIER_A,2026-08-13 03:00,YAKMOK,40FT,0,0,0,0,1,5,0,0
CARRIER_A,2026-08-13 04:00,YAKMOK,40FT,0,0,0,0,1,5,0,0
CARRIER_A,2026-08-13 05:00,YAKMOK,40FT,0,0,0,0,1,5,0,0
CARRIER_A,2026-08-13 06:00,YAKMOK,40FT,0,0,0,0,1,5,0,0
CARRIER_A,2026-08-13 07:00,YAKMOK,40FT,0,0,0,0,1,5,0,0
CARRIER_A,2026-08-13 08:00,YAKMOK,40FT,0,0,0,0,1,5,0,0
CARRIER_A,2026-08-13 09:00,YAKMOK,40FT,0,0,0,0,1,5,0,0
CARRIER_A,2026-08-13 10:00,YAKMOK,40FT,1,0,0,0,0,4,0,0
CARRIER_A,2026-08-13 11:00,YAKMOK,40FT,0,0,0,0,0,4,0,0
CARRIER_A,2026-08-13 12:00,YAKMOK,40FT,0,0,0,0,0,4,0,0
CARRIER_A,2026-08-13 13:00,YAKMOK,40FT,0,0,0,0,0,4,0,0
CARRIER_A,2026-08-13 14:00,YAKMOK,40FT,0,0,0,0,0,4,0,0
CARRIER_A,2026-08-13 15:00,YAKMOK,40FT,1,0,0,0,0,3,1,0
CARRIER_A,2026-08-13 16:00,YAKMOK,40FT,0,0,0,0,0,3,0,0
CARRIER_A,2026-08-13 17:00,YAKMOK,40FT,0,0,0,0,0,3,0,0
CARRIER_A,2026-08-13 18:00,YAKMOK,40FT,0,0,0,0,0,3,0,0
CARRIER_A,2026-08-13 19:00,YAKMOK,40FT,0,0,0,0,0,3,0,0
CARRIER_A,2026-08-13 20:00,YAKMOK,40FT,0,0,0,0,0,3,0,0
CARRIER_A,2026-08-13 21:00,YAKMOK,40FT,0,0,0,0,0,3,0,0
CARRIER_A,2026-08-13 22:00,YAKMOK,40FT,0,0,0,0,0,3,0,0
CARRIER_A,2026-08-13 23:00,YAKMOK,40FT,0,0,0,0,0,3,0,0
CARRIER_A,2026-08-14 00:00,YAKMOK,40FT,0,0,0,0,0,3,0,0
CARRIER_A,2026-08-14 01:00,YAKMOK,40FT,0,0,0,0,0,3,0,0
CARRIER_A,2026-08-14 02:00,YAKMOK,40FT,0,0,0,0,0,3,0,0
CARRIER_A,2026-08-14 03:00,YAKMOK,40FT,0,0,0,0,0,3,0,0
CARRIER_A,2026-08-14 04:00,YAKMOK,40FT,0,0,0,0,0,3,0,0
CARRIER_A,2026-08-14 05:00,YAKMOK,40FT,0,0,0,0,0,3,0,0
CARRIER_A,2026-08-14 06:00,YAKMOK,40FT,0,0,0,0,0,3,0,0
CARRIER_A,2026-08-14 07:00,YAKMOK,40FT,0,0,0,0,0,3,0,0
CARRIER_A,2026-08-14 08:00,YAKMOK,40FT,0,0,0,0,0,3,0,0
CARRIER_A,2026-08-14 09:00,YAKMOK,40FT,0,0,0,0,0,3,0,0
CARRIER_A,2026-08-14 10:00,YAKMOK,40FT,1,0,0,0,0,2,1,0
CARRIER_A,2026-08-14 11:00,YAKMOK,40FT,0,1,0,0,1,3,0,0
CARRIER_A,2026-08-14 12:00,YAKMOK,40FT,0,0,0,0,1,3,0,0
CARRIER_A,2026-08-14 13:00,YAKMOK,40FT,1,0,0,0,0,2,0,0
CARRIER_A,2026-08-14 14:00,YAKMOK,40FT,0,0,0,0,0,2,0,0
CARRIER_A,2026-08-14 15:00,YAKMOK,40FT,0,0,0,0,0,2,0,0
CARRIER_A,2026-08-14 16:00,YAKMOK,40FT,0,0,0,0,0,2,0,0
CARRIER_A,2026-08-14 17:00,YAKMOK,40FT,0,0,0,0,0,2,0,0
CARRIER_A,2026-08-14 18:00,YAKMOK,40FT,1,0,0,0,0,1,1,0
CARRIER_A,2026-08-14 19:00,YAKMOK,40FT,1,0,0,0,0,0,1,0
CARRIER_A,2026-08-14 20:00,YAKMOK,40FT,0,0,0,0,0,0,0,0
CARRIER_A,2026-08-14 21:00,YAKMOK,40FT,0,0,0,0,0,0,0,0
CARRIER_A,2026-08-14 22:00,YAKMOK,40FT,0,0,0,0,0,0,0,0
CARRIER_A,2026-08-14 23:00,YAKMOK,40FT,0,0,0,0,0,0,0,0
CARRIER_A,2026-08-15 00:00,YAKMOK,40FT,0,0,0,0,0,0,0,0
CARRIER_A,2026-08-15 01:00,YAKMOK,40FT,0,0,0,0,0,0,0,0
CARRIER_A,2026-08-15 02:00,YAKMOK,40FT,0,0,0,0,0,0,0,0
CARRIER_A,2026-08-15 03:00,YAKMOK,40FT,0,0,0,0,0,0,0,0
CARRIER_A,2026-08-15 04:00,YAKMOK,40FT,0,0,0,0,0,0,0,0
CARRIER_A,2026-08-15 05:00,YAKMOK,40FT,0,0,0,0,0,0,0,0
CARRIER_A,2026-08-15 06:00,YAKMOK,40FT,0,0,0,0,0,0,0,0
CARRIER_A,2026-08-15 07:00,YAKMOK,40FT,0,0,0,0,0,0,0,0
CARRIER_A,2026-08-15 08:00,YAKMOK,40FT,0,0,0,0,0,0,0,0
CARRIER_A,2026-08-15 09:00,YAKMOK,40FT,0,1,0,0,1,1,0,0
CARRIER_A,2026-08-15 10:00,YAKMOK,40FT,0,0,0,0,1,1,0,0
CARRIER_A,2026-08-15 11:00,YAKMOK,40FT,1,0,0,0,0,0,0,0
CARRIER_A,2026-08-15 12:00,YAKMOK,40FT,0,0,0,0,0,0,0,0
CARRIER_A,2026-08-15 13:00,YAKMOK,40FT,1,0,0,0,0,0,1,1
CARRIER_A,2026-08-15 14:00,YAKMOK,40FT,0,0,0,0,0,0,0,0
CARRIER_A,2026-08-15 15:00,YAKMOK,40FT,1,0,0,0,0,0,1,1
CARRIER_A,2026-08-15 16:00,YAKMOK,40FT,0,0,0,0,0,0,0,0
CARRIER_A,2026-08-15 17:00,YAKMOK,40FT,0,0,0,0,0,0,0,0
CARRIER_A,2026-08-15 18:00,YAKMOK,40FT,0,0,0,0,0,0,0,0
CARRIER_A,2026-08-15 19:00,YAKMOK,40FT,0,0,0,0,0,0,0,0
CARRIER_A,2026-08-15 20:00,YAKMOK,40FT,0,0,0,0,0,0,0,0
CARRIER_A,2026-08-15 21:00,YAKMOK,40FT,0,0,0,0,0,0,0,0
CARRIER_A,2026-08-15 22:00,YAKMOK,40FT,0,0,0,0,0,0,0,0
CARRIER_A,2026-08-15 23:00,YAKMOK,40FT,0,0,0,0,0,0,0,0
CARRIER_A,2026-08-16 00:00,YAKMOK,40FT,0,0,0,0,0,0,0,0
CARRIER_A,2026-08-16 01:00,YAKMOK,40FT,0,0,0,0,0,0,0,0
CARRIER_A,2026-08-16 02:00,YAKMOK,40FT,0,0,0,0,0,0,0,0
CARRIER_A,2026-08-16 03:00,YAKMOK,40FT,0,0,0,0,0,0,0,0
CARRIER_A,2026-08-16 04:00,YAKMOK,40FT,0,0,0,0,0,0,0,0
CARRIER_A,2026-08-16 05:00,YAKMOK,40FT,0,0,0,0,0,0,0,0
CARRIER_A,2026-08-16 06:00,YAKMOK,40FT,0,0,0,0,0,0,0,0
CARRIER_A,2026-08-16 07:00,YAKMOK,40FT,1,0,0,0,0,0,1,1
CARRIER_A,2026-08-16 08:00,YAKMOK,40FT,0,0,0,0,0,0,0,0
CARRIER_A,2026-08-16 09:00,YAKMOK,40FT,0,0,0,0,0,0,0,0
CARRIER_A,2026-08-16 10:00,YAKMOK,40FT,0,0,0,0,0,0,0,0
CARRIER_A,2026-08-16 11:00,YAKMOK,40FT,1,1,0,0,0,0,0,0
CARRIER_A,2026-08-16 12:00,YAKMOK,40FT,0,0,0,0,0,0,0,0
CARRIER_A,2026-08-16 13:00,YAKMOK,40FT,0,0,0,0,0,0,0,0
CARRIER_A,2026-08-16 14:00,YAKMOK,40FT,0,0,0,0,0,0,0,0
CARRIER_A,2026-08-16 15:00,YAKMOK,40FT,0,0,0,0,0,0,0,0
CARRIER_A,2026-08-16 16:00,YAKMOK,40FT,0,0,0,0,0,0,0,0
CARRIER_A,2026-08-16 17:00,YAKMOK,40FT,0,0,0,0,0,0,0,0
CARRIER_A,2026-08-16 18:00,YAKMOK,40FT,0,0,0,0,0,0,0,0
CARRIER_A,2026-08-16 19:00,YAKMOK,40FT,0,0,0,0,0,0,0,0
CARRIER_A,2026-08-16 20:00,YAKMOK,40FT,0,0,0,0,0,0,0,0
CARRIER_A,2026-08-16 21:00,YAKMOK,40FT,0,0,0,0,0,0,0,0
CARRIER_A,2026-08-16 22:00,YAKMOK,40FT,0,0,0,0,0,0,0,0
CARRIER_A,2026-08-16 23:00,YAKMOK,40FT,0,0,0,0,0,0,0,0
CARRIER_B,2026-08-10 00:00,BUGANG,20FT,0,0,0,0,7,7,0,0
CARRIER_B,2026-08-10 01:00,BUGANG,20FT,0,0,0,0,7,7,0,0
CARRIER_B,2026-08-10 02:00,BUGANG,20FT,0,0,0,0,7,7,0,0
CARRIER_B,2026-08-10 03:00,BUGANG,20FT,0,0,0,0,7,7,0,0
CARRIER_B,2026-08-10 04:00,BUGANG,20FT,0,0,0,0,7,7,0,0
CARRIER_B,2026-08-10 05:00,BUGANG,20FT,0,0,0,0,7,7,0,0
CARRIER_B,2026-08-10 06:00,BUGANG,20FT,0,0,0,0,7,7,0,0
CARRIER_B,2026-08-10 07:00,BUGANG,20FT,1,0,0,0,6,6,0,0
CARRIER_B,2026-08-10 08:00,BUGANG,20FT,0,0,0,0,6,6,0,0
CARRIER_B,2026-08-10 09:00,BUGANG,20FT,0,0,0,0,6,6,0,0
CARRIER_B,2026-08-10 10:00,BUGANG,20FT,0,0,0,0,6,6,0,0
CARRIER_B,2026-08-10 11:00,BUGANG,20FT,1,0,0,0,5,5,0,0
CARRIER_B,2026-08-10 12:00,BUGANG,20FT,1,1,0,0,5,5,0,0
CARRIER_B,2026-08-10 13:00,BUGANG,20FT,0,0,0,0,5,5,0,0
CARRIER_B,2026-08-10 14:00,BUGANG,20FT,0,0,0,0,5,5,0,0
CARRIER_B,2026-08-10 15:00,BUGANG,20FT,1,1,0,0,5,5,0,0
CARRIER_B,2026-08-10 16:00,BUGANG,20FT,1,0,0,0,4,4,0,0
CARRIER_B,2026-08-10 17:00,BUGANG,20FT,1,0,0,0,3,3,0,0
CARRIER_B,2026-08-10 18:00,BUGANG,20FT,0,0,0,0,3,3,0,0
CARRIER_B,2026-08-10 19:00,BUGANG,20FT,0,0,0,0,3,3,0,0
CARRIER_B,2026-08-10 20:00,BUGANG,20FT,0,1,0,0,4,4,0,0
CARRIER_B,2026-08-10 21:00,BUGANG,20FT,0,0,0,0,4,4,0,0
CARRIER_B,2026-08-10 22:00,BUGANG,20FT,0,0,0,0,4,4,0,0
CARRIER_B,2026-08-10 23:00,BUGANG,20FT,0,0,0,0,4,4,0,0
CARRIER_B,2026-08-11 00:00,BUGANG,20FT,0,0,0,0,4,4,0,0
CARRIER_B,2026-08-11 01:00,BUGANG,20FT,0,0,0,0,4,4,0,0
CARRIER_B,2026-08-11 02:00,BUGANG,20FT,0,0,0,0,4,4,0,0
CARRIER_B,2026-08-11 03:00,BUGANG,20FT,0,0,0,0,4,4,0,0
CARRIER_B,2026-08-11 04:00,BUGANG,20FT,0,0,0,0,4,4,0,0
CARRIER_B,2026-08-11 05:00,BUGANG,20FT,0,0,0,0,4,4,0,0
CARRIER_B,2026-08-11 06:00,BUGANG,20FT,0,0,0,0,4,4,0,0
CARRIER_B,2026-08-11 07:00,BUGANG,20FT,0,0,0,0,4,4,0,0
CARRIER_B,2026-08-11 08:00,BUGANG,20FT,0,0,0,0,4,4,0,0
CARRIER_B,2026-08-11 09:00,BUGANG,20FT,0,0,0,0,4,4,0,0
CARRIER_B,2026-08-11 10:00,BUGANG,20FT,1,0,0,0,3,3,0,0
CARRIER_B,2026-08-11 11:00,BUGANG,20FT,0,0,0,0,3,3,0,0
CARRIER_B,2026-08-11 12:00,BUGANG,20FT,0,0,0,0,3,3,0,0
CARRIER_B,2026-08-11 13:00,BUGANG,20FT,0,0,0,0,3,3,0,0
CARRIER_B,2026-08-11 14:00,BUGANG,20FT,0,0,0,0,3,3,0,0
CARRIER_B,2026-08-11 15:00,BUGANG,20FT,0,1,0,0,4,4,0,0
CARRIER_B,2026-08-11 16:00,BUGANG,20FT,0,0,0,0,4,4,0,0
CARRIER_B,2026-08-11 17:00,BUGANG,20FT,0,0,8,0,4,12,0,0
CARRIER_B,2026-08-11 18:00,BUGANG,20FT,0,0,0,0,4,12,0,0
CARRIER_B,2026-08-11 19:00,BUGANG,20FT,0,1,0,0,5,13,0,0
CARRIER_B,2026-08-11 20:00,BUGANG,20FT,0,0,0,0,5,13,0,0
CARRIER_B,2026-08-11 21:00,BUGANG,20FT,0,0,0,0,5,13,0,0
CARRIER_B,2026-08-11 22:00,BUGANG,20FT,0,0,0,0,5,13,0,0
CARRIER_B,2026-08-11 23:00,BUGANG,20FT,0,0,0,0,5,13,0,0
CARRIER_B,2026-08-12 00:00,BUGANG,20FT,0,0,0,0,5,13,0,0
CARRIER_B,2026-08-12 01:00,BUGANG,20FT,0,0,0,0,5,13,0,0
CARRIER_B,2026-08-12 02:00,BUGANG,20FT,0,0,0,0,5,13,0,0
CARRIER_B,2026-08-12 03:00,BUGANG,20FT,0,0,0,0,5,13,0,0
CARRIER_B,2026-08-12 04:00,BUGANG,20FT,0,0,0,0,5,13,0,0
CARRIER_B,2026-08-12 05:00,BUGANG,20FT,1,0,0,0,4,12,0,0
CARRIER_B,2026-08-12 06:00,BUGANG,20FT,0,0,0,0,4,12,0,0
CARRIER_B,2026-08-12 07:00,BUGANG,20FT,1,0,0,0,3,11,0,0
CARRIER_B,2026-08-12 08:00,BUGANG,20FT,0,0,0,0,3,11,0,0
CARRIER_B,2026-08-12 09:00,BUGANG,20FT,0,0,0,0,3,11,0,0
CARRIER_B,2026-08-12 10:00,BUGANG,20FT,0,0,0,0,3,11,0,0
CARRIER_B,2026-08-12 11:00,BUGANG,20FT,0,0,0,0,3,11,0,0
CARRIER_B,2026-08-12 12:00,BUGANG,20FT,0,0,0,0,3,11,0,0
CARRIER_B,2026-08-12 13:00,BUGANG,20FT,0,0,0,0,3,11,0,0
CARRIER_B,2026-08-12 14:00,BUGANG,20FT,0,1,0,0,4,12,0,0
CARRIER_B,2026-08-12 15:00,BUGANG,20FT,0,0,0,0,4,12,0,0
CARRIER_B,2026-08-12 16:00,BUGANG,20FT,0,0,0,0,4,12,0,0
CARRIER_B,2026-08-12 17:00,BUGANG,20FT,0,0,0,0,4,12,0,0
CARRIER_B,2026-08-12 18:00,BUGANG,20FT,1,0,0,0,3,11,0,0
CARRIER_B,2026-08-12 19:00,BUGANG,20FT,0,1,0,0,4,12,0,0
CARRIER_B,2026-08-12 20:00,BUGANG,20FT,0,0,0,0,4,12,0,0
CARRIER_B,2026-08-12 21:00,BUGANG,20FT,0,0,0,0,4,12,0,0
CARRIER_B,2026-08-12 22:00,BUGANG,20FT,0,0,0,0,4,12,0,0
CARRIER_B,2026-08-12 23:00,BUGANG,20FT,0,0,0,0,4,12,0,0
CARRIER_B,2026-08-13 00:00,BUGANG,20FT,0,0,0,0,4,12,0,0
CARRIER_B,2026-08-13 01:00,BUGANG,20FT,0,0,0,0,4,12,0,0
CARRIER_B,2026-08-13 02:00,BUGANG,20FT,0,0,0,0,4,12,0,0
CARRIER_B,2026-08-13 03:00,BUGANG,20FT,0,0,0,0,4,12,0,0
CARRIER_B,2026-08-13 04:00,BUGANG,20FT,0,0,0,0,4,12,0,0
CARRIER_B,2026-08-13 05:00,BUGANG,20FT,0,0,0,0,4,12,0,0
CARRIER_B,2026-08-13 06:00,BUGANG,20FT,0,0,0,0,4,12,0,0
CARRIER_B,2026-08-13 07:00,BUGANG,20FT,1,0,0,0,3,11,0,0
CARRIER_B,2026-08-13 08:00,BUGANG,20FT,1,0,0,0,2,10,0,0
CARRIER_B,2026-08-13 09:00,BUGANG,20FT,1,0,0,0,1,9,0,0
CARRIER_B,2026-08-13 10:00,BUGANG,20FT,2,0,0,0,0,7,1,0
CARRIER_B,2026-08-13 11:00,BUGANG,20FT,1,1,0,0,0,7,0,0
CARRIER_B,2026-08-13 12:00,BUGANG,20FT,0,0,0,0,0,7,0,0
CARRIER_B,2026-08-13 13:00,BUGANG,20FT,2,0,0,0,0,5,2,0
CARRIER_B,2026-08-13 14:00,BUGANG,20FT,1,0,0,0,0,4,1,0
CARRIER_B,2026-08-13 15:00,BUGANG,20FT,1,1,0,0,0,4,0,0
CARRIER_B,2026-08-13 16:00,BUGANG,20FT,1,0,0,0,0,3,1,0
CARRIER_B,2026-08-13 17:00,BUGANG,20FT,0,0,0,0,0,3,0,0
CARRIER_B,2026-08-13 18:00,BUGANG,20FT,0,0,0,0,0,3,0,0
CARRIER_B,2026-08-13 19:00,BUGANG,20FT,0,0,0,0,0,3,0,0
CARRIER_B,2026-08-13 20:00,BUGANG,20FT,0,0,0,0,0,3,0,0
CARRIER_B,2026-08-13 21:00,BUGANG,20FT,0,0,0,0,0,3,0,0
CARRIER_B,2026-08-13 22:00,BUGANG,20FT,0,0,0,0,0,3,0,0
CARRIER_B,2026-08-13 23:00,BUGANG,20FT,0,0,0,0,0,3,0,0
CARRIER_B,2026-08-14 00:00,BUGANG,20FT,0,0,0,0,0,3,0,0
CARRIER_B,2026-08-14 01:00,BUGANG,20FT,0,0,0,0,0,3,0,0
CARRIER_B,2026-08-14 02:00,BUGANG,20FT,0,0,0,0,0,3,0,0
CARRIER_B,2026-08-14 03:00,BUGANG,20FT,0,0,0,0,0,3,0,0
CARRIER_B,2026-08-14 04:00,BUGANG,20FT,0,0,0,0,0,3,0,0
CARRIER_B,2026-08-14 05:00,BUGANG,20FT,0,0,0,0,0,3,0,0
CARRIER_B,2026-08-14 06:00,BUGANG,20FT,1,0,0,0,0,2,1,0
CARRIER_B,2026-08-14 07:00,BUGANG,20FT,0,0,0,0,0,2,0,0
CARRIER_B,2026-08-14 08:00,BUGANG,20FT,0,0,0,0,0,2,0,0
CARRIER_B,2026-08-14 09:00,BUGANG,20FT,0,0,0,0,0,2,0,0
CARRIER_B,2026-08-14 10:00,BUGANG,20FT,0,0,0,0,0,2,0,0
CARRIER_B,2026-08-14 11:00,BUGANG,20FT,1,1,0,0,0,2,0,0
CARRIER_B,2026-08-14 12:00,BUGANG,20FT,0,0,0,0,0,2,0,0
CARRIER_B,2026-08-14 13:00,BUGANG,20FT,0,0,0,0,0,2,0,0
CARRIER_B,2026-08-14 14:00,BUGANG,20FT,0,0,0,0,0,2,0,0
CARRIER_B,2026-08-14 15:00,BUGANG,20FT,1,0,0,0,0,1,1,0
CARRIER_B,2026-08-14 16:00,BUGANG,20FT,0,0,0,0,0,1,0,0
CARRIER_B,2026-08-14 17:00,BUGANG,20FT,1,0,0,0,0,0,1,0
CARRIER_B,2026-08-14 18:00,BUGANG,20FT,0,1,0,0,1,1,0,0
CARRIER_B,2026-08-14 19:00,BUGANG,20FT,0,0,0,0,1,1,0,0
CARRIER_B,2026-08-14 20:00,BUGANG,20FT,0,0,0,0,1,1,0,0
CARRIER_B,2026-08-14 21:00,BUGANG,20FT,0,0,0,0,1,1,0,0
CARRIER_B,2026-08-14 22:00,BUGANG,20FT,0,0,0,0,1,1,0,0
CARRIER_B,2026-08-14 23:00,BUGANG,20FT,0,0,0,0,1,1,0,0
CARRIER_B,2026-08-15 00:00,BUGANG,20FT,0,0,0,0,1,1,0,0
CARRIER_B,2026-08-15 01:00,BUGANG,20FT,0,0,0,0,1,1,0,0
CARRIER_B,2026-08-15 02:00,BUGANG,20FT,0,0,0,0,1,1,0,0
CARRIER_B,2026-08-15 03:00,BUGANG,20FT,0,0,0,0,1,1,0,0
CARRIER_B,2026-08-15 04:00,BUGANG,20FT,0,0,0,0,1,1,0,0
CARRIER_B,2026-08-15 05:00,BUGANG,20FT,0,0,0,0,1,1,0,0
CARRIER_B,2026-08-15 06:00,BUGANG,20FT,0,0,0,0,1,1,0,0
CARRIER_B,2026-08-15 07:00,BUGANG,20FT,0,0,0,0,1,1,0,0
CARRIER_B,2026-08-15 08:00,BUGANG,20FT,0,0,0,0,1,1,0,0
CARRIER_B,2026-08-15 09:00,BUGANG,20FT,1,0,0,0,0,0,0,0
CARRIER_B,2026-08-15 10:00,BUGANG,20FT,0,0,0,0,0,0,0,0
CARRIER_B,2026-08-15 11:00,BUGANG,20FT,0,0,0,0,0,0,0,0
CARRIER_B,2026-08-15 12:00,BUGANG,20FT,0,0,0,0,0,0,0,0
CARRIER_B,2026-08-15 13:00,BUGANG,20FT,0,0,0,0,0,0,0,0
CARRIER_B,2026-08-15 14:00,BUGANG,20FT,0,0,0,0,0,0,0,0
CARRIER_B,2026-08-15 15:00,BUGANG,20FT,0,0,0,0,0,0,0,0
CARRIER_B,2026-08-15 16:00,BUGANG,20FT,0,0,0,0,0,0,0,0
CARRIER_B,2026-08-15 17:00,BUGANG,20FT,0,0,0,0,0,0,0,0
CARRIER_B,2026-08-15 18:00,BUGANG,20FT,0,0,0,0,0,0,0,0
CARRIER_B,2026-08-15 19:00,BUGANG,20FT,0,0,0,0,0,0,0,0
CARRIER_B,2026-08-15 20:00,BUGANG,20FT,0,0,0,0,0,0,0,0
CARRIER_B,2026-08-15 21:00,BUGANG,20FT,0,0,0,0,0,0,0,0
CARRIER_B,2026-08-15 22:00,BUGANG,20FT,0,0,0,0,0,0,0,0
CARRIER_B,2026-08-15 23:00,BUGANG,20FT,0,0,0,0,0,0,0,0
CARRIER_B,2026-08-16 00:00,BUGANG,20FT,0,0,0,0,0,0,0,0
CARRIER_B,2026-08-16 01:00,BUGANG,20FT,0,0,0,0,0,0,0,0
CARRIER_B,2026-08-16 02:00,BUGANG,20FT,0,0,0,0,0,0,0,0
CARRIER_B,2026-08-16 03:00,BUGANG,20FT,0,0,0,0,0,0,0,0
CARRIER_B,2026-08-16 04:00,BUGANG,20FT,0,0,0,0,0,0,0,0
CARRIER_B,2026-08-16 05:00,BUGANG,20FT,0,0,0,0,0,0,0,0
CARRIER_B,2026-08-16 06:00,BUGANG,20FT,0,0,0,0,0,0,0,0
CARRIER_B,2026-08-16 07:00,BUGANG,20FT,0,0,0,0,0,0,0,0
CARRIER_B,2026-08-16 08:00,BUGANG,20FT,0,1,0,0,1,1,0,0
CARRIER_B,2026-08-16 09:00,BUGANG,20FT,0,0,0,0,1,1,0,0
CARRIER_B,2026-08-16 10:00,BUGANG,20FT,1,0,0,0,0,0,0,0
CARRIER_B,2026-08-16 11:00,BUGANG,20FT,1,0,0,0,0,0,1,1
CARRIER_B,2026-08-16 12:00,BUGANG,20FT,0,0,0,0,0,0,0,0
CARRIER_B,2026-08-16 13:00,BUGANG,20FT,0,0,0,0,0,0,0,0
CARRIER_B,2026-08-16 14:00,BUGANG,20FT,0,0,0,0,0,0,0,0
CARRIER_B,2026-08-16 15:00,BUGANG,20FT,0,0,0,0,0,0,0,0
CARRIER_B,2026-08-16 16:00,BUGANG,20FT,0,0,0,0,0,0,0,0
CARRIER_B,2026-08-16 17:00,BUGANG,20FT,0,0,0,0,0,0,0,0
CARRIER_B,2026-08-16 18:00,BUGANG,20FT,0,0,0,0,0,0,0,0
CARRIER_B,2026-08-16 19:00,BUGANG,20FT,1,0,0,0,0,0,1,1
CARRIER_B,2026-08-16 20:00,BUGANG,20FT,0,0,0,0,0,0,0,0
CARRIER_B,2026-08-16 21:00,BUGANG,20FT,0,0,0,0,0,0,0,0
CARRIER_B,2026-08-16 22:00,BUGANG,20FT,0,0,0,0,0,0,0,0
CARRIER_B,2026-08-16 23:00,BUGANG,20FT,0,0,0,0,0,0,0,0
CARRIER_B,2026-08-10 00:00,BUGANG,40FT,0,0,0,0,2,2,0,0
CARRIER_B,2026-08-10 01:00,BUGANG,40FT,0,0,0,0,2,2,0,0
CARRIER_B,2026-08-10 02:00,BUGANG,40FT,0,0,0,0,2,2,0,0
CARRIER_B,2026-08-10 03:00,BUGANG,40FT,0,0,0,0,2,2,0,0
CARRIER_B,2026-08-10 04:00,BUGANG,40FT,0,0,0,0,2,2,0,0
CARRIER_B,2026-08-10 05:00,BUGANG,40FT,1,0,0,0,1,1,0,0
CARRIER_B,2026-08-10 06:00,BUGANG,40FT,0,0,0,0,1,1,0,0
CARRIER_B,2026-08-10 07:00,BUGANG,40FT,1,0,0,0,0,0,0,0
CARRIER_B,2026-08-10 08:00,BUGANG,40FT,0,0,0,0,0,0,0,0
CARRIER_B,2026-08-10 09:00,BUGANG,40FT,0,0,0,0,0,0,0,0
CARRIER_B,2026-08-10 10:00,BUGANG,40FT,0,0,0,0,0,0,0,0
CARRIER_B,2026-08-10 11:00,BUGANG,40FT,0,0,0,0,0,0,0,0
CARRIER_B,2026-08-10 12:00,BUGANG,40FT,0,0,0,0,0,0,0,0
CARRIER_B,2026-08-10 13:00,BUGANG,40FT,0,0,0,0,0,0,0,0
CARRIER_B,2026-08-10 14:00,BUGANG,40FT,0,1,0,0,1,1,0,0
CARRIER_B,2026-08-10 15:00,BUGANG,40FT,0,0,0,0,1,1,0,0
CARRIER_B,2026-08-10 16:00,BUGANG,40FT,0,0,0,0,1,1,0,0
CARRIER_B,2026-08-10 17:00,BUGANG,40FT,0,0,0,0,1,1,0,0
CARRIER_B,2026-08-10 18:00,BUGANG,40FT,0,0,0,0,1,1,0,0
CARRIER_B,2026-08-10 19:00,BUGANG,40FT,0,0,0,0,1,1,0,0
CARRIER_B,2026-08-10 20:00,BUGANG,40FT,0,0,0,0,1,1,0,0
CARRIER_B,2026-08-10 21:00,BUGANG,40FT,0,0,0,0,1,1,0,0
CARRIER_B,2026-08-10 22:00,BUGANG,40FT,0,0,0,0,1,1,0,0
CARRIER_B,2026-08-10 23:00,BUGANG,40FT,0,0,0,0,1,1,0,0
CARRIER_B,2026-08-11 00:00,BUGANG,40FT,0,0,0,0,1,1,0,0
CARRIER_B,2026-08-11 01:00,BUGANG,40FT,0,0,0,0,1,1,0,0
CARRIER_B,2026-08-11 02:00,BUGANG,40FT,0,0,0,0,1,1,0,0
CARRIER_B,2026-08-11 03:00,BUGANG,40FT,0,0,0,0,1,1,0,0
CARRIER_B,2026-08-11 04:00,BUGANG,40FT,0,0,0,0,1,1,0,0
CARRIER_B,2026-08-11 05:00,BUGANG,40FT,0,0,0,0,1,1,0,0
CARRIER_B,2026-08-11 06:00,BUGANG,40FT,0,0,0,0,1,1,0,0
CARRIER_B,2026-08-11 07:00,BUGANG,40FT,0,0,0,0,1,1,0,0
CARRIER_B,2026-08-11 08:00,BUGANG,40FT,0,0,0,0,1,1,0,0
CARRIER_B,2026-08-11 09:00,BUGANG,40FT,0,0,0,0,1,1,0,0
CARRIER_B,2026-08-11 10:00,BUGANG,40FT,0,0,0,0,1,1,0,0
CARRIER_B,2026-08-11 11:00,BUGANG,40FT,0,0,0,0,1,1,0,0
CARRIER_B,2026-08-11 12:00,BUGANG,40FT,0,0,0,0,1,1,0,0
CARRIER_B,2026-08-11 13:00,BUGANG,40FT,0,0,0,0,1,1,0,0
CARRIER_B,2026-08-11 14:00,BUGANG,40FT,0,0,0,0,1,1,0,0
CARRIER_B,2026-08-11 15:00,BUGANG,40FT,0,0,0,0,1,1,0,0
CARRIER_B,2026-08-11 16:00,BUGANG,40FT,0,0,0,0,1,1,0,0
CARRIER_B,2026-08-11 17:00,BUGANG,40FT,0,0,0,0,1,1,0,0
CARRIER_B,2026-08-11 18:00,BUGANG,40FT,0,0,0,0,1,1,0,0
CARRIER_B,2026-08-11 19:00,BUGANG,40FT,0,0,0,0,1,1,0,0
CARRIER_B,2026-08-11 20:00,BUGANG,40FT,0,0,0,0,1,1,0,0
CARRIER_B,2026-08-11 21:00,BUGANG,40FT,0,0,0,0,1,1,0,0
CARRIER_B,2026-08-11 22:00,BUGANG,40FT,0,0,0,0,1,1,0,0
CARRIER_B,2026-08-11 23:00,BUGANG,40FT,0,0,0,0,1,1,0,0
CARRIER_B,2026-08-12 00:00,BUGANG,40FT,0,0,0,0,1,1,0,0
CARRIER_B,2026-08-12 01:00,BUGANG,40FT,0,0,0,0,1,1,0,0
CARRIER_B,2026-08-12 02:00,BUGANG,40FT,0,0,0,0,1,1,0,0
CARRIER_B,2026-08-12 03:00,BUGANG,40FT,0,0,0,0,1,1,0,0
CARRIER_B,2026-08-12 04:00,BUGANG,40FT,0,0,0,0,1,1,0,0
CARRIER_B,2026-08-12 05:00,BUGANG,40FT,0,0,0,0,1,1,0,0
CARRIER_B,2026-08-12 06:00,BUGANG,40FT,0,0,0,0,1,1,0,0
CARRIER_B,2026-08-12 07:00,BUGANG,40FT,0,0,0,0,1,1,0,0
CARRIER_B,2026-08-12 08:00,BUGANG,40FT,0,0,0,0,1,1,0,0
CARRIER_B,2026-08-12 09:00,BUGANG,40FT,0,1,0,0,2,2,0,0
CARRIER_B,2026-08-12 10:00,BUGANG,40FT,0,0,0,0,2,2,0,0
CARRIER_B,2026-08-12 11:00,BUGANG,40FT,0,0,0,0,2,2,0,0
CARRIER_B,2026-08-12 12:00,BUGANG,40FT,0,0,0,0,2,2,0,0
CARRIER_B,2026-08-12 13:00,BUGANG,40FT,0,0,0,0,2,2,0,0
CARRIER_B,2026-08-12 14:00,BUGANG,40FT,0,0,0,0,2,2,0,0
CARRIER_B,2026-08-12 15:00,BUGANG,40FT,0,0,0,0,2,2,0,0
CARRIER_B,2026-08-12 16:00,BUGANG,40FT,0,0,0,0,2,2,0,0
CARRIER_B,2026-08-12 17:00,BUGANG,40FT,0,0,0,0,2,2,0,0
CARRIER_B,2026-08-12 18:00,BUGANG,40FT,0,0,0,0,2,2,0,0
CARRIER_B,2026-08-12 19:00,BUGANG,40FT,0,0,0,0,2,2,0,0
CARRIER_B,2026-08-12 20:00,BUGANG,40FT,0,0,0,0,2,2,0,0
CARRIER_B,2026-08-12 21:00,BUGANG,40FT,0,0,0,0,2,2,0,0
CARRIER_B,2026-08-12 22:00,BUGANG,40FT,0,0,0,0,2,2,0,0
CARRIER_B,2026-08-12 23:00,BUGANG,40FT,0,0,0,0,2,2,0,0
CARRIER_B,2026-08-13 00:00,BUGANG,40FT,0,0,0,0,2,2,0,0
CARRIER_B,2026-08-13 01:00,BUGANG,40FT,0,0,0,0,2,2,0,0
CARRIER_B,2026-08-13 02:00,BUGANG,40FT,0,0,0,0,2,2,0,0
CARRIER_B,2026-08-13 03:00,BUGANG,40FT,0,0,0,0,2,2,0,0
CARRIER_B,2026-08-13 04:00,BUGANG,40FT,0,0,0,0,2,2,0,0
CARRIER_B,2026-08-13 05:00,BUGANG,40FT,0,0,0,0,2,2,0,0
CARRIER_B,2026-08-13 06:00,BUGANG,40FT,0,0,0,0,2,2,0,0
CARRIER_B,2026-08-13 07:00,BUGANG,40FT,0,0,0,0,2,2,0,0
CARRIER_B,2026-08-13 08:00,BUGANG,40FT,0,0,0,0,2,2,0,0
CARRIER_B,2026-08-13 09:00,BUGANG,40FT,1,0,0,0,1,1,0,0
CARRIER_B,2026-08-13 10:00,BUGANG,40FT,0,0,0,0,1,1,0,0
CARRIER_B,2026-08-13 11:00,BUGANG,40FT,0,0,0,0,1,1,0,0
CARRIER_B,2026-08-13 12:00,BUGANG,40FT,0,0,0,0,1,1,0,0
CARRIER_B,2026-08-13 13:00,BUGANG,40FT,0,1,0,0,2,2,0,0
CARRIER_B,2026-08-13 14:00,BUGANG,40FT,0,0,0,0,2,2,0,0
CARRIER_B,2026-08-13 15:00,BUGANG,40FT,0,0,0,0,2,2,0,0
CARRIER_B,2026-08-13 16:00,BUGANG,40FT,0,0,0,0,2,2,0,0
CARRIER_B,2026-08-13 17:00,BUGANG,40FT,0,0,0,0,2,2,0,0
CARRIER_B,2026-08-13 18:00,BUGANG,40FT,0,0,0,0,2,2,0,0
CARRIER_B,2026-08-13 19:00,BUGANG,40FT,0,0,0,0,2,2,0,0
CARRIER_B,2026-08-13 20:00,BUGANG,40FT,0,0,0,0,2,2,0,0
CARRIER_B,2026-08-13 21:00,BUGANG,40FT,0,0,0,0,2,2,0,0
CARRIER_B,2026-08-13 22:00,BUGANG,40FT,0,0,0,0,2,2,0,0
CARRIER_B,2026-08-13 23:00,BUGANG,40FT,0,0,0,0,2,2,0,0
CARRIER_B,2026-08-14 00:00,BUGANG,40FT,0,0,0,0,2,2,0,0
CARRIER_B,2026-08-14 01:00,BUGANG,40FT,0,0,0,0,2,2,0,0
CARRIER_B,2026-08-14 02:00,BUGANG,40FT,0,0,0,0,2,2,0,0
CARRIER_B,2026-08-14 03:00,BUGANG,40FT,0,0,0,0,2,2,0,0
CARRIER_B,2026-08-14 04:00,BUGANG,40FT,0,0,0,0,2,2,0,0
CARRIER_B,2026-08-14 05:00,BUGANG,40FT,0,0,0,0,2,2,0,0
CARRIER_B,2026-08-14 06:00,BUGANG,40FT,0,0,0,0,2,2,0,0
CARRIER_B,2026-08-14 07:00,BUGANG,40FT,0,0,0,0,2,2,0,0
CARRIER_B,2026-08-14 08:00,BUGANG,40FT,0,0,0,0,2,2,0,0
CARRIER_B,2026-08-14 09:00,BUGANG,40FT,0,0,0,0,2,2,0,0
CARRIER_B,2026-08-14 10:00,BUGANG,40FT,0,0,0,0,2,2,0,0
CARRIER_B,2026-08-14 11:00,BUGANG,40FT,1,0,0,0,1,1,0,0
CARRIER_B,2026-08-14 12:00,BUGANG,40FT,0,0,0,0,1,1,0,0
CARRIER_B,2026-08-14 13:00,BUGANG,40FT,0,0,0,0,1,1,0,0
CARRIER_B,2026-08-14 14:00,BUGANG,40FT,0,0,0,0,1,1,0,0
CARRIER_B,2026-08-14 15:00,BUGANG,40FT,0,0,0,0,1,1,0,0
CARRIER_B,2026-08-14 16:00,BUGANG,40FT,0,0,0,0,1,1,0,0
CARRIER_B,2026-08-14 17:00,BUGANG,40FT,0,0,0,0,1,1,0,0
CARRIER_B,2026-08-14 18:00,BUGANG,40FT,0,0,0,0,1,1,0,0
CARRIER_B,2026-08-14 19:00,BUGANG,40FT,0,0,0,0,1,1,0,0
CARRIER_B,2026-08-14 20:00,BUGANG,40FT,0,0,0,0,1,1,0,0
CARRIER_B,2026-08-14 21:00,BUGANG,40FT,0,0,0,0,1,1,0,0
CARRIER_B,2026-08-14 22:00,BUGANG,40FT,0,0,0,0,1,1,0,0
CARRIER_B,2026-08-14 23:00,BUGANG,40FT,0,0,0,0,1,1,0,0
CARRIER_B,2026-08-15 00:00,BUGANG,40FT,0,0,0,0,1,1,0,0
CARRIER_B,2026-08-15 01:00,BUGANG,40FT,0,0,0,0,1,1,0,0
CARRIER_B,2026-08-15 02:00,BUGANG,40FT,0,0,0,0,1,1,0,0
CARRIER_B,2026-08-15 03:00,BUGANG,40FT,0,0,0,0,1,1,0,0
CARRIER_B,2026-08-15 04:00,BUGANG,40FT,0,0,0,0,1,1,0,0
CARRIER_B,2026-08-15 05:00,BUGANG,40FT,0,0,0,0,1,1,0,0
CARRIER_B,2026-08-15 06:00,BUGANG,40FT,0,0,0,0,1,1,0,0
CARRIER_B,2026-08-15 07:00,BUGANG,40FT,0,0,0,0,1,1,0,0
CARRIER_B,2026-08-15 08:00,BUGANG,40FT,0,0,0,0,1,1,0,0
CARRIER_B,2026-08-15 09:00,BUGANG,40FT,1,0,0,0,0,0,0,0
CARRIER_B,2026-08-15 10:00,BUGANG,40FT,0,1,0,0,1,1,0,0
CARRIER_B,2026-08-15 11:00,BUGANG,40FT,0,0,0,0,1,1,0,0
CARRIER_B,2026-08-15 12:00,BUGANG,40FT,0,0,0,0,1,1,0,0
CARRIER_B,2026-08-15 13:00,BUGANG,40FT,0,0,0,0,1,1,0,0
CARRIER_B,2026-08-15 14:00,BUGANG,40FT,1,0,0,0,0,0,0,0
CARRIER_B,2026-08-15 15:00,BUGANG,40FT,0,0,0,0,0,0,0,0
CARRIER_B,2026-08-15 16:00,BUGANG,40FT,0,0,0,0,0,0,0,0
CARRIER_B,2026-08-15 17:00,BUGANG,40FT,0,0,0,0,0,0,0,0
CARRIER_B,2026-08-15 18:00,BUGANG,40FT,0,0,0,0,0,0,0,0
CARRIER_B,2026-08-15 19:00,BUGANG,40FT,0,0,0,0,0,0,0,0
CARRIER_B,2026-08-15 20:00,BUGANG,40FT,0,0,0,0,0,0,0,0
CARRIER_B,2026-08-15 21:00,BUGANG,40FT,0,0,0,0,0,0,0,0
CARRIER_B,2026-08-15 22:00,BUGANG,40FT,0,0,0,0,0,0,0,0
CARRIER_B,2026-08-15 23:00,BUGANG,40FT,0,0,0,0,0,0,0,0
CARRIER_B,2026-08-16 00:00,BUGANG,40FT,0,0,0,0,0,0,0,0
CARRIER_B,2026-08-16 01:00,BUGANG,40FT,0,0,0,0,0,0,0,0
CARRIER_B,2026-08-16 02:00,BUGANG,40FT,0,0,0,0,0,0,0,0
CARRIER_B,2026-08-16 03:00,BUGANG,40FT,0,0,0,0,0,0,0,0
CARRIER_B,2026-08-16 04:00,BUGANG,40FT,0,0,0,0,0,0,0,0
CARRIER_B,2026-08-16 05:00,BUGANG,40FT,0,0,0,0,0,0,0,0
CARRIER_B,2026-08-16 06:00,BUGANG,40FT,0,0,0,0,0,0,0,0
CARRIER_B,2026-08-16 07:00,BUGANG,40FT,0,0,0,0,0,0,0,0
CARRIER_B,2026-08-16 08:00,BUGANG,40FT,0,0,0,0,0,0,0,0
CARRIER_B,2026-08-16 09:00,BUGANG,40FT,0,0,0,0,0,0,0,0
CARRIER_B,2026-08-16 10:00,BUGANG,40FT,0,0,0,0,0,0,0,0
CARRIER_B,2026-08-16 11:00,BUGANG,40FT,0,0,0,0,0,0,0,0
CARRIER_B,2026-08-16 12:00,BUGANG,40FT,0,0,0,0,0,0,0,0
CARRIER_B,2026-08-16 13:00,BUGANG,40FT,1,0,0,0,0,0,1,1
CARRIER_B,2026-08-16 14:00,BUGANG,40FT,0,0,0,0,0,0,0,0
CARRIER_B,2026-08-16 15:00,BUGANG,40FT,0,0,0,0,0,0,0,0
CARRIER_B,2026-08-16 16:00,BUGANG,40FT,0,0,0,0,0,0,0,0
CARRIER_B,2026-08-16 17:00,BUGANG,40FT,0,0,0,0,0,0,0,0
CARRIER_B,2026-08-16 18:00,BUGANG,40FT,0,0,0,0,0,0,0,0
CARRIER_B,2026-08-16 19:00,BUGANG,40FT,1,0,0,0,0,0,1,1
CARRIER_B,2026-08-16 20:00,BUGANG,40FT,0,0,0,0,0,0,0,0
CARRIER_B,2026-08-16 21:00,BUGANG,40FT,0,0,0,0,0,0,0,0
CARRIER_B,2026-08-16 22:00,BUGANG,40FT,0,0,0,0,0,0,0,0
CARRIER_B,2026-08-16 23:00,BUGANG,40FT,0,0,0,0,0,0,0,0
CARRIER_B,2026-08-10 00:00,BUSAN,20FT,0,0,0,0,16,16,0,0
CARRIER_B,2026-08-10 01:00,BUSAN,20FT,0,0,0,0,16,16,0,0
CARRIER_B,2026-08-10 02:00,BUSAN,20FT,0,0,0,0,16,16,0,0
CARRIER_B,2026-08-10 03:00,BUSAN,20FT,0,0,0,0,16,16,0,0
CARRIER_B,2026-08-10 04:00,BUSAN,20FT,0,0,0,0,16,16,0,0
CARRIER_B,2026-08-10 05:00,BUSAN,20FT,0,0,0,0,16,16,0,0
CARRIER_B,2026-08-10 06:00,BUSAN,20FT,1,0,0,0,15,15,0,0
CARRIER_B,2026-08-10 07:00,BUSAN,20FT,1,0,0,0,14,14,0,0
CARRIER_B,2026-08-10 08:00,BUSAN,20FT,1,0,0,0,13,13,0,0
CARRIER_B,2026-08-10 09:00,BUSAN,20FT,1,1,0,0,13,13,0,0
CARRIER_B,2026-08-10 10:00,BUSAN,20FT,1,0,0,0,12,12,0,0
CARRIER_B,2026-08-10 11:00,BUSAN,20FT,1,0,0,0,11,11,0,0
CARRIER_B,2026-08-10 12:00,BUSAN,20FT,0,0,0,0,11,11,0,0
CARRIER_B,2026-08-10 13:00,BUSAN,20FT,1,1,0,0,11,11,0,0
CARRIER_B,2026-08-10 14:00,BUSAN,20FT,0,0,0,0,11,11,0,0
CARRIER_B,2026-08-10 15:00,BUSAN,20FT,2,0,0,0,9,9,0,0
CARRIER_B,2026-08-10 16:00,BUSAN,20FT,2,0,0,0,7,7,0,0
CARRIER_B,2026-08-10 17:00,BUSAN,20FT,0,0,0,0,7,7,0,0
CARRIER_B,2026-08-10 18:00,BUSAN,20FT,0,0,0,0,7,7,0,0
CARRIER_B,2026-08-10 19:00,BUSAN,20FT,0,0,0,0,7,7,0,0
CARRIER_B,2026-08-10 20:00,BUSAN,20FT,0,0,0,0,7,7,0,0
CARRIER_B,2026-08-10 21:00,BUSAN,20FT,0,0,16,0,7,23,0,0
CARRIER_B,2026-08-10 22:00,BUSAN,20FT,0,0,0,0,7,23,0,0
CARRIER_B,2026-08-10 23:00,BUSAN,20FT,0,0,0,0,7,23,0,0
CARRIER_B,2026-08-11 00:00,BUSAN,20FT,0,0,0,0,7,23,0,0
CARRIER_B,2026-08-11 01:00,BUSAN,20FT,0,0,0,0,7,23,0,0
CARRIER_B,2026-08-11 02:00,BUSAN,20FT,0,0,0,0,7,23,0,0
CARRIER_B,2026-08-11 03:00,BUSAN,20FT,0,0,0,0,7,23,0,0
CARRIER_B,2026-08-11 04:00,BUSAN,20FT,0,0,0,0,7,23,0,0
CARRIER_B,2026-08-11 05:00,BUSAN,20FT,0,0,0,0,7,23,0,0
CARRIER_B,2026-08-11 06:00,BUSAN,20FT,0,0,0,0,7,23,0,0
CARRIER_B,2026-08-11 07:00,BUSAN,20FT,1,0,0,0,6,22,0,0
CARRIER_B,2026-08-11 08:00,BUSAN,20FT,1,0,0,0,5,21,0,0
CARRIER_B,2026-08-11 09:00,BUSAN,20FT,1,0,0,0,4,20,0,0
CARRIER_B,2026-08-11 10:00,BUSAN,20FT,3,1,0,0,2,18,0,0
CARRIER_B,2026-08-11 11:00,BUSAN,20FT,0,0,0,0,2,18,0,0
CARRIER_B,2026-08-11 12:00,BUSAN,20FT,1,0,0,0,1,17,0,0
CARRIER_B,2026-08-11 13:00,BUSAN,20FT,2,0,0,0,0,15,1,0
CARRIER_B,2026-08-11 14:00,BUSAN,20FT,2,0,0,0,0,13,2,0
CARRIER_B,2026-08-11 15:00,BUSAN,20FT,1,0,0,0,0,12,1,0
CARRIER_B,2026-08-11 16:00,BUSAN,20FT,2,1,0,0,0,11,1,0
CARRIER_B,2026-08-11 17:00,BUSAN,20FT,0,0,0,0,0,11,0,0
CARRIER_B,2026-08-11 18:00,BUSAN,20FT,1,0,0,0,0,10,1,0
CARRIER_B,2026-08-11 19:00,BUSAN,20FT,0,0,0,0,0,10,0,0
CARRIER_B,2026-08-11 20:00,BUSAN,20FT,1,1,0,0,0,10,0,0
CARRIER_B,2026-08-11 21:00,BUSAN,20FT,0,0,0,0,0,10,0,0
CARRIER_B,2026-08-11 22:00,BUSAN,20FT,0,0,0,0,0,10,0,0
CARRIER_B,2026-08-11 23:00,BUSAN,20FT,0,0,0,0,0,10,0,0
CARRIER_B,2026-08-12 00:00,BUSAN,20FT,0,0,0,0,0,10,0,0
CARRIER_B,2026-08-12 01:00,BUSAN,20FT,0,0,0,0,0,10,0,0
CARRIER_B,2026-08-12 02:00,BUSAN,20FT,0,0,0,0,0,10,0,0
CARRIER_B,2026-08-12 03:00,BUSAN,20FT,0,0,0,0,0,10,0,0
CARRIER_B,2026-08-12 04:00,BUSAN,20FT,0,0,0,0,0,10,0,0
CARRIER_B,2026-08-12 05:00,BUSAN,20FT,0,0,0,0,0,10,0,0
CARRIER_B,2026-08-12 06:00,BUSAN,20FT,1,0,0,0,0,9,1,0
CARRIER_B,2026-08-12 07:00,BUSAN,20FT,1,0,0,0,0,8,1,0
CARRIER_B,2026-08-12 08:00,BUSAN,20FT,0,0,0,0,0,8,0,0
CARRIER_B,2026-08-12 09:00,BUSAN,20FT,2,1,0,0,0,7,1,0
CARRIER_B,2026-08-12 10:00,BUSAN,20FT,1,1,0,0,0,7,0,0
CARRIER_B,2026-08-12 11:00,BUSAN,20FT,2,1,0,0,0,6,1,0
CARRIER_B,2026-08-12 12:00,BUSAN,20FT,1,1,0,0,0,6,0,0
CARRIER_B,2026-08-12 13:00,BUSAN,20FT,1,1,0,0,0,6,0,0
CARRIER_B,2026-08-12 14:00,BUSAN,20FT,2,1,0,0,0,5,1,0
CARRIER_B,2026-08-12 15:00,BUSAN,20FT,0,2,0,0,2,7,0,0
CARRIER_B,2026-08-12 16:00,BUSAN,20FT,3,1,0,0,0,5,0,0
CARRIER_B,2026-08-12 17:00,BUSAN,20FT,2,1,0,0,0,4,1,0
CARRIER_B,2026-08-12 18:00,BUSAN,20FT,0,0,0,0,0,4,0,0
CARRIER_B,2026-08-12 19:00,BUSAN,20FT,0,1,0,0,1,5,0,0
CARRIER_B,2026-08-12 20:00,BUSAN,20FT,0,0,0,0,1,5,0,0
CARRIER_B,2026-08-12 21:00,BUSAN,20FT,0,0,0,0,1,5,0,0
CARRIER_B,2026-08-12 22:00,BUSAN,20FT,0,0,0,0,1,5,0,0
CARRIER_B,2026-08-12 23:00,BUSAN,20FT,0,0,0,0,1,5,0,0
CARRIER_B,2026-08-13 00:00,BUSAN,20FT,0,0,0,0,1,5,0,0
CARRIER_B,2026-08-13 01:00,BUSAN,20FT,0,0,0,0,1,5,0,0
CARRIER_B,2026-08-13 02:00,BUSAN,20FT,0,0,0,0,1,5,0,0
CARRIER_B,2026-08-13 03:00,BUSAN,20FT,0,0,0,0,1,5,0,0
CARRIER_B,2026-08-13 04:00,BUSAN,20FT,0,0,0,0,1,5,0,0
CARRIER_B,2026-08-13 05:00,BUSAN,20FT,0,0,0,0,1,5,0,0
CARRIER_B,2026-08-13 06:00,BUSAN,20FT,1,0,0,0,0,4,0,0
CARRIER_B,2026-08-13 07:00,BUSAN,20FT,1,0,0,0,0,3,1,0
CARRIER_B,2026-08-13 08:00,BUSAN,20FT,1,0,0,0,0,2,1,0
CARRIER_B,2026-08-13 09:00,BUSAN,20FT,1,1,0,0,0,2,0,0
CARRIER_B,2026-08-13 10:00,BUSAN,20FT,0,0,0,0,0,2,0,0
CARRIER_B,2026-08-13 11:00,BUSAN,20FT,3,2,0,0,0,1,1,0
CARRIER_B,2026-08-13 12:00,BUSAN,20FT,1,0,0,0,0,0,1,0
CARRIER_B,2026-08-13 13:00,BUSAN,20FT,1,10,0,0,9,9,0,0
CARRIER_B,2026-08-13 14:00,BUSAN,20FT,2,1,0,0,8,8,0,0
CARRIER_B,2026-08-13 15:00,BUSAN,20FT,0,1,0,0,9,9,0,0
CARRIER_B,2026-08-13 16:00,BUSAN,20FT,1,0,0,0,8,8,0,0
CARRIER_B,2026-08-13 17:00,BUSAN,20FT,1,1,0,0,8,8,0,0
CARRIER_B,2026-08-13 18:00,BUSAN,20FT,0,1,0,0,9,9,0,0
CARRIER_B,2026-08-13 19:00,BUSAN,20FT,0,0,0,0,9,9,0,0
CARRIER_B,2026-08-13 20:00,BUSAN,20FT,0,1,0,0,10,10,0,0
CARRIER_B,2026-08-13 21:00,BUSAN,20FT,0,0,0,0,10,10,0,0
CARRIER_B,2026-08-13 22:00,BUSAN,20FT,0,0,0,0,10,10,0,0
CARRIER_B,2026-08-13 23:00,BUSAN,20FT,0,0,0,0,10,10,0,0
CARRIER_B,2026-08-14 00:00,BUSAN,20FT,0,0,0,0,10,10,0,0
CARRIER_B,2026-08-14 01:00,BUSAN,20FT,0,0,0,0,10,10,0,0
CARRIER_B,2026-08-14 02:00,BUSAN,20FT,0,0,0,0,10,10,0,0
CARRIER_B,2026-08-14 03:00,BUSAN,20FT,0,0,0,0,10,10,0,0
CARRIER_B,2026-08-14 04:00,BUSAN,20FT,0,0,0,0,10,10,0,0
CARRIER_B,2026-08-14 05:00,BUSAN,20FT,0,0,0,0,10,10,0,0
CARRIER_B,2026-08-14 06:00,BUSAN,20FT,0,0,0,0,10,10,0,0
CARRIER_B,2026-08-14 07:00,BUSAN,20FT,0,0,0,0,10,10,0,0
CARRIER_B,2026-08-14 08:00,BUSAN,20FT,1,0,0,0,9,9,0,0
CARRIER_B,2026-08-14 09:00,BUSAN,20FT,1,0,0,0,8,8,0,0
CARRIER_B,2026-08-14 10:00,BUSAN,20FT,2,0,0,0,6,6,0,0
CARRIER_B,2026-08-14 11:00,BUSAN,20FT,1,0,0,0,5,5,0,0
CARRIER_B,2026-08-14 12:00,BUSAN,20FT,0,0,0,0,5,5,0,0
CARRIER_B,2026-08-14 13:00,BUSAN,20FT,1,0,0,0,4,4,0,0
CARRIER_B,2026-08-14 14:00,BUSAN,20FT,2,0,0,0,2,2,0,0
CARRIER_B,2026-08-14 15:00,BUSAN,20FT,0,0,0,0,2,2,0,0
CARRIER_B,2026-08-14 16:00,BUSAN,20FT,0,0,0,0,2,2,0,0
CARRIER_B,2026-08-14 17:00,BUSAN,20FT,1,1,0,0,2,2,0,0
CARRIER_B,2026-08-14 18:00,BUSAN,20FT,0,0,0,0,2,2,0,0
CARRIER_B,2026-08-14 19:00,BUSAN,20FT,0,0,0,0,2,2,0,0
CARRIER_B,2026-08-14 20:00,BUSAN,20FT,0,0,0,0,2,2,0,0
CARRIER_B,2026-08-14 21:00,BUSAN,20FT,0,0,0,0,2,2,0,0
CARRIER_B,2026-08-14 22:00,BUSAN,20FT,0,0,0,0,2,2,0,0
CARRIER_B,2026-08-14 23:00,BUSAN,20FT,0,0,0,0,2,2,0,0
CARRIER_B,2026-08-15 00:00,BUSAN,20FT,0,0,0,0,2,2,0,0
CARRIER_B,2026-08-15 01:00,BUSAN,20FT,0,0,0,0,2,2,0,0
CARRIER_B,2026-08-15 02:00,BUSAN,20FT,0,0,0,0,2,2,0,0
CARRIER_B,2026-08-15 03:00,BUSAN,20FT,0,0,0,0,2,2,0,0
CARRIER_B,2026-08-15 04:00,BUSAN,20FT,0,0,0,0,2,2,0,0
CARRIER_B,2026-08-15 05:00,BUSAN,20FT,0,0,0,0,2,2,0,0
CARRIER_B,2026-08-15 06:00,BUSAN,20FT,0,0,0,0,2,2,0,0
CARRIER_B,2026-08-15 07:00,BUSAN,20FT,1,0,0,0,1,1,0,0
CARRIER_B,2026-08-15 08:00,BUSAN,20FT,0,1,0,0,2,2,0,0
CARRIER_B,2026-08-15 09:00,BUSAN,20FT,0,0,0,0,2,2,0,0
CARRIER_B,2026-08-15 10:00,BUSAN,20FT,0,0,0,0,2,2,0,0
CARRIER_B,2026-08-15 11:00,BUSAN,20FT,1,0,0,0,1,1,0,0
CARRIER_B,2026-08-15 12:00,BUSAN,20FT,0,0,0,0,1,1,0,0
CARRIER_B,2026-08-15 13:00,BUSAN,20FT,0,1,0,0,2,2,0,0
CARRIER_B,2026-08-15 14:00,BUSAN,20FT,0,0,0,0,2,2,0,0
CARRIER_B,2026-08-15 15:00,BUSAN,20FT,1,0,0,0,1,1,0,0
CARRIER_B,2026-08-15 16:00,BUSAN,20FT,1,1,0,0,1,1,0,0
CARRIER_B,2026-08-15 17:00,BUSAN,20FT,0,0,0,0,1,1,0,0
CARRIER_B,2026-08-15 18:00,BUSAN,20FT,0,0,0,0,1,1,0,0
CARRIER_B,2026-08-15 19:00,BUSAN,20FT,0,1,0,0,2,2,0,0
CARRIER_B,2026-08-15 20:00,BUSAN,20FT,0,0,0,0,2,2,0,0
CARRIER_B,2026-08-15 21:00,BUSAN,20FT,0,0,0,0,2,2,0,0
CARRIER_B,2026-08-15 22:00,BUSAN,20FT,0,0,0,0,2,2,0,0
CARRIER_B,2026-08-15 23:00,BUSAN,20FT,0,0,0,0,2,2,0,0
CARRIER_B,2026-08-16 00:00,BUSAN,20FT,0,0,0,0,2,2,0,0
CARRIER_B,2026-08-16 01:00,BUSAN,20FT,0,0,0,0,2,2,0,0
CARRIER_B,2026-08-16 02:00,BUSAN,20FT,0,0,0,0,2,2,0,0
CARRIER_B,2026-08-16 03:00,BUSAN,20FT,0,0,0,0,2,2,0,0
CARRIER_B,2026-08-16 04:00,BUSAN,20FT,0,0,0,0,2,2,0,0
CARRIER_B,2026-08-16 05:00,BUSAN,20FT,0,0,0,0,2,2,0,0
CARRIER_B,2026-08-16 06:00,BUSAN,20FT,0,0,0,0,2,2,0,0
CARRIER_B,2026-08-16 07:00,BUSAN,20FT,1,0,0,0,1,1,0,0
CARRIER_B,2026-08-16 08:00,BUSAN,20FT,1,0,0,0,0,0,0,0
CARRIER_B,2026-08-16 09:00,BUSAN,20FT,0,0,0,0,0,0,0,0
CARRIER_B,2026-08-16 10:00,BUSAN,20FT,1,0,0,0,0,0,1,1
CARRIER_B,2026-08-16 11:00,BUSAN,20FT,1,3,0,0,2,2,0,0
CARRIER_B,2026-08-16 12:00,BUSAN,20FT,0,0,0,0,2,2,0,0
CARRIER_B,2026-08-16 13:00,BUSAN,20FT,0,0,0,0,2,2,0,0
CARRIER_B,2026-08-16 14:00,BUSAN,20FT,0,1,0,0,3,3,0,0
CARRIER_B,2026-08-16 15:00,BUSAN,20FT,0,0,0,0,3,3,0,0
CARRIER_B,2026-08-16 16:00,BUSAN,20FT,1,0,0,0,2,2,0,0
CARRIER_B,2026-08-16 17:00,BUSAN,20FT,1,0,0,0,1,1,0,0
CARRIER_B,2026-08-16 18:00,BUSAN,20FT,0,0,0,0,1,1,0,0
CARRIER_B,2026-08-16 19:00,BUSAN,20FT,0,0,0,0,1,1,0,0
CARRIER_B,2026-08-16 20:00,BUSAN,20FT,0,0,0,0,1,1,0,0
CARRIER_B,2026-08-16 21:00,BUSAN,20FT,0,0,0,0,1,1,0,0
CARRIER_B,2026-08-16 22:00,BUSAN,20FT,0,0,0,0,1,1,0,0
CARRIER_B,2026-08-16 23:00,BUSAN,20FT,0,0,0,0,1,1,0,0
CARRIER_B,2026-08-10 00:00,BUSAN,40FT,0,0,0,0,4,4,0,0
CARRIER_B,2026-08-10 01:00,BUSAN,40FT,0,0,0,0,4,4,0,0
CARRIER_B,2026-08-10 02:00,BUSAN,40FT,0,0,0,0,4,4,0,0
CARRIER_B,2026-08-10 03:00,BUSAN,40FT,0,0,0,0,4,4,0,0
CARRIER_B,2026-08-10 04:00,BUSAN,40FT,0,0,0,0,4,4,0,0
CARRIER_B,2026-08-10 05:00,BUSAN,40FT,0,0,0,0,4,4,0,0
CARRIER_B,2026-08-10 06:00,BUSAN,40FT,0,0,0,0,4,4,0,0
CARRIER_B,2026-08-10 07:00,BUSAN,40FT,0,0,0,0,4,4,0,0
CARRIER_B,2026-08-10 08:00,BUSAN,40FT,0,0,0,0,4,4,0,0
CARRIER_B,2026-08-10 09:00,BUSAN,40FT,1,0,0,0,3,3,0,0
CARRIER_B,2026-08-10 10:00,BUSAN,40FT,0,0,0,0,3,3,0,0
CARRIER_B,2026-08-10 11:00,BUSAN,40FT,0,0,0,0,3,3,0,0
CARRIER_B,2026-08-10 12:00,BUSAN,40FT,0,0,0,0,3,3,0,0
CARRIER_B,2026-08-10 13:00,BUSAN,40FT,0,0,0,0,3,3,0,0
CARRIER_B,2026-08-10 14:00,BUSAN,40FT,0,0,0,0,3,3,0,0
CARRIER_B,2026-08-10 15:00,BUSAN,40FT,0,0,0,0,3,3,0,0
CARRIER_B,2026-08-10 16:00,BUSAN,40FT,0,0,0,0,3,3,0,0
CARRIER_B,2026-08-10 17:00,BUSAN,40FT,0,0,0,0,3,3,0,0
CARRIER_B,2026-08-10 18:00,BUSAN,40FT,0,0,0,0,3,3,0,0
CARRIER_B,2026-08-10 19:00,BUSAN,40FT,0,0,0,0,3,3,0,0
CARRIER_B,2026-08-10 20:00,BUSAN,40FT,0,0,0,0,3,3,0,0
CARRIER_B,2026-08-10 21:00,BUSAN,40FT,0,0,0,0,3,3,0,0
CARRIER_B,2026-08-10 22:00,BUSAN,40FT,0,0,0,0,3,3,0,0
CARRIER_B,2026-08-10 23:00,BUSAN,40FT,0,0,0,0,3,3,0,0
CARRIER_B,2026-08-11 00:00,BUSAN,40FT,0,0,0,0,3,3,0,0
CARRIER_B,2026-08-11 01:00,BUSAN,40FT,0,0,0,0,3,3,0,0
CARRIER_B,2026-08-11 02:00,BUSAN,40FT,0,0,0,0,3,3,0,0
CARRIER_B,2026-08-11 03:00,BUSAN,40FT,0,0,0,0,3,3,0,0
CARRIER_B,2026-08-11 04:00,BUSAN,40FT,0,0,0,0,3,3,0,0
CARRIER_B,2026-08-11 05:00,BUSAN,40FT,0,0,0,0,3,3,0,0
CARRIER_B,2026-08-11 06:00,BUSAN,40FT,1,0,0,0,2,2,0,0
CARRIER_B,2026-08-11 07:00,BUSAN,40FT,0,0,0,0,2,2,0,0
CARRIER_B,2026-08-11 08:00,BUSAN,40FT,1,0,0,0,1,1,0,0
CARRIER_B,2026-08-11 09:00,BUSAN,40FT,0,0,0,0,1,1,0,0
CARRIER_B,2026-08-11 10:00,BUSAN,40FT,0,0,0,0,1,1,0,0
CARRIER_B,2026-08-11 11:00,BUSAN,40FT,0,1,0,0,2,2,0,0
CARRIER_B,2026-08-11 12:00,BUSAN,40FT,0,0,0,0,2,2,0,0
CARRIER_B,2026-08-11 13:00,BUSAN,40FT,1,0,0,0,1,1,0,0
CARRIER_B,2026-08-11 14:00,BUSAN,40FT,0,0,0,0,1,1,0,0
CARRIER_B,2026-08-11 15:00,BUSAN,40FT,0,0,0,0,1,1,0,0
CARRIER_B,2026-08-11 16:00,BUSAN,40FT,0,0,0,0,1,1,0,0
CARRIER_B,2026-08-11 17:00,BUSAN,40FT,0,0,0,0,1,1,0,0
CARRIER_B,2026-08-11 18:00,BUSAN,40FT,1,0,0,0,0,0,0,0
CARRIER_B,2026-08-11 19:00,BUSAN,40FT,0,0,0,0,0,0,0,0
CARRIER_B,2026-08-11 20:00,BUSAN,40FT,0,12,0,0,12,12,0,0
CARRIER_B,2026-08-11 21:00,BUSAN,40FT,0,0,0,0,12,12,0,0
CARRIER_B,2026-08-11 22:00,BUSAN,40FT,0,0,0,0,12,12,0,0
CARRIER_B,2026-08-11 23:00,BUSAN,40FT,0,0,0,0,12,12,0,0
CARRIER_B,2026-08-12 00:00,BUSAN,40FT,0,0,0,0,12,12,0,0
CARRIER_B,2026-08-12 01:00,BUSAN,40FT,0,0,0,0,12,12,0,0
CARRIER_B,2026-08-12 02:00,BUSAN,40FT,0,0,0,0,12,12,0,0
CARRIER_B,2026-08-12 03:00,BUSAN,40FT,0,0,0,0,12,12,0,0
CARRIER_B,2026-08-12 04:00,BUSAN,40FT,0,0,0,0,12,12,0,0
CARRIER_B,2026-08-12 05:00,BUSAN,40FT,0,0,0,0,12,12,0,0
CARRIER_B,2026-08-12 06:00,BUSAN,40FT,0,0,0,0,12,12,0,0
CARRIER_B,2026-08-12 07:00,BUSAN,40FT,0,0,0,0,12,12,0,0
CARRIER_B,2026-08-12 08:00,BUSAN,40FT,0,0,0,0,12,12,0,0
CARRIER_B,2026-08-12 09:00,BUSAN,40FT,0,0,0,0,12,12,0,0
CARRIER_B,2026-08-12 10:00,BUSAN,40FT,1,0,0,0,11,11,0,0
CARRIER_B,2026-08-12 11:00,BUSAN,40FT,1,0,0,0,10,10,0,0
CARRIER_B,2026-08-12 12:00,BUSAN,40FT,0,1,0,0,11,11,0,0
CARRIER_B,2026-08-12 13:00,BUSAN,40FT,0,0,0,0,11,11,0,0
CARRIER_B,2026-08-12 14:00,BUSAN,40FT,1,0,0,0,10,10,0,0
CARRIER_B,2026-08-12 15:00,BUSAN,40FT,0,0,0,0,10,10,0,0
CARRIER_B,2026-08-12 16:00,BUSAN,40FT,0,0,0,0,10,10,0,0
CARRIER_B,2026-08-12 17:00,BUSAN,40FT,0,1,0,0,11,11,0,0
CARRIER_B,2026-08-12 18:00,BUSAN,40FT,0,0,0,0,11,11,0,0
CARRIER_B,2026-08-12 19:00,BUSAN,40FT,0,0,0,0,11,11,0,0
CARRIER_B,2026-08-12 20:00,BUSAN,40FT,0,1,0,0,12,12,0,0
CARRIER_B,2026-08-12 21:00,BUSAN,40FT,0,0,0,0,12,12,0,0
CARRIER_B,2026-08-12 22:00,BUSAN,40FT,0,0,0,0,12,12,0,0
CARRIER_B,2026-08-12 23:00,BUSAN,40FT,0,0,0,0,12,12,0,0
CARRIER_B,2026-08-13 00:00,BUSAN,40FT,0,0,0,0,12,12,0,0
CARRIER_B,2026-08-13 01:00,BUSAN,40FT,0,0,0,0,12,12,0,0
CARRIER_B,2026-08-13 02:00,BUSAN,40FT,0,0,0,0,12,12,0,0
CARRIER_B,2026-08-13 03:00,BUSAN,40FT,0,0,0,0,12,12,0,0
CARRIER_B,2026-08-13 04:00,BUSAN,40FT,0,0,0,0,12,12,0,0
CARRIER_B,2026-08-13 05:00,BUSAN,40FT,0,0,0,0,12,12,0,0
CARRIER_B,2026-08-13 06:00,BUSAN,40FT,0,0,0,0,12,12,0,0
CARRIER_B,2026-08-13 07:00,BUSAN,40FT,1,0,0,0,11,11,0,0
CARRIER_B,2026-08-13 08:00,BUSAN,40FT,0,0,0,0,11,11,0,0
CARRIER_B,2026-08-13 09:00,BUSAN,40FT,0,0,0,0,11,11,0,0
CARRIER_B,2026-08-13 10:00,BUSAN,40FT,0,0,0,0,11,11,0,0
CARRIER_B,2026-08-13 11:00,BUSAN,40FT,0,1,0,0,12,12,0,0
CARRIER_B,2026-08-13 12:00,BUSAN,40FT,1,0,0,0,11,11,0,0
CARRIER_B,2026-08-13 13:00,BUSAN,40FT,0,0,0,0,11,11,0,0
CARRIER_B,2026-08-13 14:00,BUSAN,40FT,0,0,0,0,11,11,0,0
CARRIER_B,2026-08-13 15:00,BUSAN,40FT,0,0,0,0,11,11,0,0
CARRIER_B,2026-08-13 16:00,BUSAN,40FT,0,1,0,0,12,12,0,0
CARRIER_B,2026-08-13 17:00,BUSAN,40FT,0,0,0,0,12,12,0,0
CARRIER_B,2026-08-13 18:00,BUSAN,40FT,0,0,0,0,12,12,0,0
CARRIER_B,2026-08-13 19:00,BUSAN,40FT,0,1,0,0,13,13,0,0
CARRIER_B,2026-08-13 20:00,BUSAN,40FT,0,0,0,0,13,13,0,0
CARRIER_B,2026-08-13 21:00,BUSAN,40FT,0,0,0,0,13,13,0,0
CARRIER_B,2026-08-13 22:00,BUSAN,40FT,0,0,0,0,13,13,0,0
CARRIER_B,2026-08-13 23:00,BUSAN,40FT,0,0,0,0,13,13,0,0
CARRIER_B,2026-08-14 00:00,BUSAN,40FT,0,0,0,0,13,13,0,0
CARRIER_B,2026-08-14 01:00,BUSAN,40FT,0,0,0,0,13,13,0,0
CARRIER_B,2026-08-14 02:00,BUSAN,40FT,0,0,0,0,13,13,0,0
CARRIER_B,2026-08-14 03:00,BUSAN,40FT,0,0,0,0,13,13,0,0
CARRIER_B,2026-08-14 04:00,BUSAN,40FT,0,0,0,0,13,13,0,0
CARRIER_B,2026-08-14 05:00,BUSAN,40FT,0,0,0,0,13,13,0,0
CARRIER_B,2026-08-14 06:00,BUSAN,40FT,0,0,0,0,13,13,0,0
CARRIER_B,2026-08-14 07:00,BUSAN,40FT,1,0,0,0,12,12,0,0
CARRIER_B,2026-08-14 08:00,BUSAN,40FT,0,0,0,0,12,12,0,0
CARRIER_B,2026-08-14 09:00,BUSAN,40FT,0,0,0,0,12,12,0,0
CARRIER_B,2026-08-14 10:00,BUSAN,40FT,1,0,0,0,11,11,0,0
CARRIER_B,2026-08-14 11:00,BUSAN,40FT,0,0,0,0,11,11,0,0
CARRIER_B,2026-08-14 12:00,BUSAN,40FT,0,0,0,0,11,11,0,0
CARRIER_B,2026-08-14 13:00,BUSAN,40FT,0,0,0,0,11,11,0,0
CARRIER_B,2026-08-14 14:00,BUSAN,40FT,0,0,0,0,11,11,0,0
CARRIER_B,2026-08-14 15:00,BUSAN,40FT,0,0,0,0,11,11,0,0
CARRIER_B,2026-08-14 16:00,BUSAN,40FT,0,0,0,0,11,11,0,0
CARRIER_B,2026-08-14 17:00,BUSAN,40FT,1,0,0,0,10,10,0,0
CARRIER_B,2026-08-14 18:00,BUSAN,40FT,0,0,0,0,10,10,0,0
CARRIER_B,2026-08-14 19:00,BUSAN,40FT,0,0,0,0,10,10,0,0
CARRIER_B,2026-08-14 20:00,BUSAN,40FT,0,0,0,0,10,10,0,0
CARRIER_B,2026-08-14 21:00,BUSAN,40FT,0,0,0,0,10,10,0,0
CARRIER_B,2026-08-14 22:00,BUSAN,40FT,0,0,0,0,10,10,0,0
CARRIER_B,2026-08-14 23:00,BUSAN,40FT,0,0,0,0,10,10,0,0
CARRIER_B,2026-08-15 00:00,BUSAN,40FT,0,0,0,0,10,10,0,0
CARRIER_B,2026-08-15 01:00,BUSAN,40FT,0,0,0,0,10,10,0,0
CARRIER_B,2026-08-15 02:00,BUSAN,40FT,0,0,0,0,10,10,0,0
CARRIER_B,2026-08-15 03:00,BUSAN,40FT,0,0,0,0,10,10,0,0
CARRIER_B,2026-08-15 04:00,BUSAN,40FT,0,0,0,0,10,10,0,0
CARRIER_B,2026-08-15 05:00,BUSAN,40FT,0,0,0,0,10,10,0,0
CARRIER_B,2026-08-15 06:00,BUSAN,40FT,0,0,0,0,10,10,0,0
CARRIER_B,2026-08-15 07:00,BUSAN,40FT,0,0,0,0,10,10,0,0
CARRIER_B,2026-08-15 08:00,BUSAN,40FT,1,0,0,0,9,9,0,0
CARRIER_B,2026-08-15 09:00,BUSAN,40FT,0,0,0,0,9,9,0,0
CARRIER_B,2026-08-15 10:00,BUSAN,40FT,0,0,0,0,9,9,0,0
CARRIER_B,2026-08-15 11:00,BUSAN,40FT,0,0,0,0,9,9,0,0
CARRIER_B,2026-08-15 12:00,BUSAN,40FT,0,0,0,0,9,9,0,0
CARRIER_B,2026-08-15 13:00,BUSAN,40FT,0,0,0,0,9,9,0,0
CARRIER_B,2026-08-15 14:00,BUSAN,40FT,0,0,0,0,9,9,0,0
CARRIER_B,2026-08-15 15:00,BUSAN,40FT,0,0,0,0,9,9,0,0
CARRIER_B,2026-08-15 16:00,BUSAN,40FT,0,1,0,0,10,10,0,0
CARRIER_B,2026-08-15 17:00,BUSAN,40FT,0,0,0,0,10,10,0,0
CARRIER_B,2026-08-15 18:00,BUSAN,40FT,0,0,0,0,10,10,0,0
CARRIER_B,2026-08-15 19:00,BUSAN,40FT,0,0,0,0,10,10,0,0
CARRIER_B,2026-08-15 20:00,BUSAN,40FT,0,0,0,0,10,10,0,0
CARRIER_B,2026-08-15 21:00,BUSAN,40FT,0,0,0,0,10,10,0,0
CARRIER_B,2026-08-15 22:00,BUSAN,40FT,0,0,0,0,10,10,0,0
CARRIER_B,2026-08-15 23:00,BUSAN,40FT,0,0,0,0,10,10,0,0
CARRIER_B,2026-08-16 00:00,BUSAN,40FT,0,0,0,0,10,10,0,0
CARRIER_B,2026-08-16 01:00,BUSAN,40FT,0,0,0,0,10,10,0,0
CARRIER_B,2026-08-16 02:00,BUSAN,40FT,0,0,0,0,10,10,0,0
CARRIER_B,2026-08-16 03:00,BUSAN,40FT,0,0,0,0,10,10,0,0
CARRIER_B,2026-08-16 04:00,BUSAN,40FT,0,0,0,0,10,10,0,0
CARRIER_B,2026-08-16 05:00,BUSAN,40FT,0,0,0,0,10,10,0,0
CARRIER_B,2026-08-16 06:00,BUSAN,40FT,0,0,0,0,10,10,0,0
CARRIER_B,2026-08-16 07:00,BUSAN,40FT,0,0,0,0,10,10,0,0
CARRIER_B,2026-08-16 08:00,BUSAN,40FT,1,0,0,0,9,9,0,0
CARRIER_B,2026-08-16 09:00,BUSAN,40FT,0,0,0,0,9,9,0,0
CARRIER_B,2026-08-16 10:00,BUSAN,40FT,0,0,0,0,9,9,0,0
CARRIER_B,2026-08-16 11:00,BUSAN,40FT,0,0,0,0,9,9,0,0
CARRIER_B,2026-08-16 12:00,BUSAN,40FT,0,0,0,0,9,9,0,0
CARRIER_B,2026-08-16 13:00,BUSAN,40FT,0,0,0,0,9,9,0,0
CARRIER_B,2026-08-16 14:00,BUSAN,40FT,0,0,0,0,9,9,0,0
CARRIER_B,2026-08-16 15:00,BUSAN,40FT,0,0,0,0,9,9,0,0
CARRIER_B,2026-08-16 16:00,BUSAN,40FT,0,0,0,0,9,9,0,0
CARRIER_B,2026-08-16 17:00,BUSAN,40FT,1,1,0,0,9,9,0,0
CARRIER_B,2026-08-16 18:00,BUSAN,40FT,0,0,0,0,9,9,0,0
CARRIER_B,2026-08-16 19:00,BUSAN,40FT,0,0,0,0,9,9,0,0
CARRIER_B,2026-08-16 20:00,BUSAN,40FT,0,0,0,0,9,9,0,0
CARRIER_B,2026-08-16 21:00,BUSAN,40FT,0,0,0,0,9,9,0,0
CARRIER_B,2026-08-16 22:00,BUSAN,40FT,0,0,0,0,9,9,0,0
CARRIER_B,2026-08-16 23:00,BUSAN,40FT,0,0,0,0,9,9,0,0
CARRIER_B,2026-08-10 00:00,DONGSAN,20FT,0,0,0,0,1,1,0,0
CARRIER_B,2026-08-10 01:00,DONGSAN,20FT,0,0,0,0,1,1,0,0
CARRIER_B,2026-08-10 02:00,DONGSAN,20FT,0,0,0,0,1,1,0,0
CARRIER_B,2026-08-10 03:00,DONGSAN,20FT,0,0,0,0,1,1,0,0
CARRIER_B,2026-08-10 04:00,DONGSAN,20FT,0,0,0,0,1,1,0,0
CARRIER_B,2026-08-10 05:00,DONGSAN,20FT,0,0,0,0,1,1,0,0
CARRIER_B,2026-08-10 06:00,DONGSAN,20FT,0,0,0,0,1,1,0,0
CARRIER_B,2026-08-10 07:00,DONGSAN,20FT,0,0,0,0,1,1,0,0
CARRIER_B,2026-08-10 08:00,DONGSAN,20FT,0,0,0,0,1,1,0,0
CARRIER_B,2026-08-10 09:00,DONGSAN,20FT,0,0,0,0,1,1,0,0
CARRIER_B,2026-08-10 10:00,DONGSAN,20FT,0,0,0,0,1,1,0,0
CARRIER_B,2026-08-10 11:00,DONGSAN,20FT,0,0,0,0,1,1,0,0
CARRIER_B,2026-08-10 12:00,DONGSAN,20FT,0,0,0,0,1,1,0,0
CARRIER_B,2026-08-10 13:00,DONGSAN,20FT,0,0,0,0,1,1,0,0
CARRIER_B,2026-08-10 14:00,DONGSAN,20FT,0,0,0,0,1,1,0,0
CARRIER_B,2026-08-10 15:00,DONGSAN,20FT,0,0,0,0,1,1,0,0
CARRIER_B,2026-08-10 16:00,DONGSAN,20FT,0,0,0,0,1,1,0,0
CARRIER_B,2026-08-10 17:00,DONGSAN,20FT,0,0,0,0,1,1,0,0
CARRIER_B,2026-08-10 18:00,DONGSAN,20FT,0,0,0,0,1,1,0,0
CARRIER_B,2026-08-10 19:00,DONGSAN,20FT,0,0,0,0,1,1,0,0
CARRIER_B,2026-08-10 20:00,DONGSAN,20FT,0,0,0,0,1,1,0,0
CARRIER_B,2026-08-10 21:00,DONGSAN,20FT,0,0,0,0,1,1,0,0
CARRIER_B,2026-08-10 22:00,DONGSAN,20FT,0,0,0,0,1,1,0,0
CARRIER_B,2026-08-10 23:00,DONGSAN,20FT,0,0,0,0,1,1,0,0
CARRIER_B,2026-08-11 00:00,DONGSAN,20FT,0,0,0,0,1,1,0,0
CARRIER_B,2026-08-11 01:00,DONGSAN,20FT,0,0,0,0,1,1,0,0
CARRIER_B,2026-08-11 02:00,DONGSAN,20FT,0,0,0,0,1,1,0,0
CARRIER_B,2026-08-11 03:00,DONGSAN,20FT,0,0,0,0,1,1,0,0
CARRIER_B,2026-08-11 04:00,DONGSAN,20FT,0,0,0,0,1,1,0,0
CARRIER_B,2026-08-11 05:00,DONGSAN,20FT,0,0,0,0,1,1,0,0
CARRIER_B,2026-08-11 06:00,DONGSAN,20FT,0,0,0,0,1,1,0,0
CARRIER_B,2026-08-11 07:00,DONGSAN,20FT,0,0,0,0,1,1,0,0
CARRIER_B,2026-08-11 08:00,DONGSAN,20FT,0,0,0,0,1,1,0,0
CARRIER_B,2026-08-11 09:00,DONGSAN,20FT,0,0,0,0,1,1,0,0
CARRIER_B,2026-08-11 10:00,DONGSAN,20FT,0,0,0,0,1,1,0,0
CARRIER_B,2026-08-11 11:00,DONGSAN,20FT,0,0,0,0,1,1,0,0
CARRIER_B,2026-08-11 12:00,DONGSAN,20FT,0,0,0,0,1,1,0,0
CARRIER_B,2026-08-11 13:00,DONGSAN,20FT,0,0,0,0,1,1,0,0
CARRIER_B,2026-08-11 14:00,DONGSAN,20FT,0,0,0,0,1,1,0,0
CARRIER_B,2026-08-11 15:00,DONGSAN,20FT,0,0,0,0,1,1,0,0
CARRIER_B,2026-08-11 16:00,DONGSAN,20FT,0,1,0,0,2,2,0,0
CARRIER_B,2026-08-11 17:00,DONGSAN,20FT,0,0,0,0,2,2,0,0
CARRIER_B,2026-08-11 18:00,DONGSAN,20FT,0,0,0,0,2,2,0,0
CARRIER_B,2026-08-11 19:00,DONGSAN,20FT,0,0,0,0,2,2,0,0
CARRIER_B,2026-08-11 20:00,DONGSAN,20FT,0,0,0,0,2,2,0,0
CARRIER_B,2026-08-11 21:00,DONGSAN,20FT,0,0,0,0,2,2,0,0
CARRIER_B,2026-08-11 22:00,DONGSAN,20FT,0,0,0,0,2,2,0,0
CARRIER_B,2026-08-11 23:00,DONGSAN,20FT,0,0,0,0,2,2,0,0
CARRIER_B,2026-08-12 00:00,DONGSAN,20FT,0,0,0,0,2,2,0,0
CARRIER_B,2026-08-12 01:00,DONGSAN,20FT,0,0,0,0,2,2,0,0
CARRIER_B,2026-08-12 02:00,DONGSAN,20FT,0,0,0,0,2,2,0,0
CARRIER_B,2026-08-12 03:00,DONGSAN,20FT,0,0,0,0,2,2,0,0
CARRIER_B,2026-08-12 04:00,DONGSAN,20FT,0,0,0,0,2,2,0,0
CARRIER_B,2026-08-12 05:00,DONGSAN,20FT,0,0,0,0,2,2,0,0
CARRIER_B,2026-08-12 06:00,DONGSAN,20FT,0,0,0,0,2,2,0,0
CARRIER_B,2026-08-12 07:00,DONGSAN,20FT,0,0,0,0,2,2,0,0
CARRIER_B,2026-08-12 08:00,DONGSAN,20FT,0,0,0,0,2,2,0,0
CARRIER_B,2026-08-12 09:00,DONGSAN,20FT,0,0,0,0,2,2,0,0
CARRIER_B,2026-08-12 10:00,DONGSAN,20FT,0,0,0,0,2,2,0,0
CARRIER_B,2026-08-12 11:00,DONGSAN,20FT,0,0,0,0,2,2,0,0
CARRIER_B,2026-08-12 12:00,DONGSAN,20FT,0,0,0,0,2,2,0,0
CARRIER_B,2026-08-12 13:00,DONGSAN,20FT,0,0,0,0,2,2,0,0
CARRIER_B,2026-08-12 14:00,DONGSAN,20FT,1,0,0,0,1,1,0,0
CARRIER_B,2026-08-12 15:00,DONGSAN,20FT,0,0,0,0,1,1,0,0
CARRIER_B,2026-08-12 16:00,DONGSAN,20FT,0,0,0,0,1,1,0,0
CARRIER_B,2026-08-12 17:00,DONGSAN,20FT,0,0,0,0,1,1,0,0
CARRIER_B,2026-08-12 18:00,DONGSAN,20FT,0,0,0,0,1,1,0,0
CARRIER_B,2026-08-12 19:00,DONGSAN,20FT,0,0,0,0,1,1,0,0
CARRIER_B,2026-08-12 20:00,DONGSAN,20FT,0,0,0,0,1,1,0,0
CARRIER_B,2026-08-12 21:00,DONGSAN,20FT,0,0,0,0,1,1,0,0
CARRIER_B,2026-08-12 22:00,DONGSAN,20FT,0,0,0,0,1,1,0,0
CARRIER_B,2026-08-12 23:00,DONGSAN,20FT,0,0,0,0,1,1,0,0
CARRIER_B,2026-08-13 00:00,DONGSAN,20FT,0,0,0,0,1,1,0,0
CARRIER_B,2026-08-13 01:00,DONGSAN,20FT,0,0,0,0,1,1,0,0
CARRIER_B,2026-08-13 02:00,DONGSAN,20FT,0,0,0,0,1,1,0,0
CARRIER_B,2026-08-13 03:00,DONGSAN,20FT,0,0,0,0,1,1,0,0
CARRIER_B,2026-08-13 04:00,DONGSAN,20FT,0,0,0,0,1,1,0,0
CARRIER_B,2026-08-13 05:00,DONGSAN,20FT,0,0,0,0,1,1,0,0
CARRIER_B,2026-08-13 06:00,DONGSAN,20FT,0,0,0,0,1,1,0,0
CARRIER_B,2026-08-13 07:00,DONGSAN,20FT,0,0,0,0,1,1,0,0
CARRIER_B,2026-08-13 08:00,DONGSAN,20FT,0,0,0,0,1,1,0,0
CARRIER_B,2026-08-13 09:00,DONGSAN,20FT,0,0,0,0,1,1,0,0
CARRIER_B,2026-08-13 10:00,DONGSAN,20FT,0,0,0,0,1,1,0,0
CARRIER_B,2026-08-13 11:00,DONGSAN,20FT,0,0,0,0,1,1,0,0
CARRIER_B,2026-08-13 12:00,DONGSAN,20FT,1,0,0,0,0,0,0,0
CARRIER_B,2026-08-13 13:00,DONGSAN,20FT,0,0,0,0,0,0,0,0
CARRIER_B,2026-08-13 14:00,DONGSAN,20FT,0,0,0,0,0,0,0,0
CARRIER_B,2026-08-13 15:00,DONGSAN,20FT,0,0,0,0,0,0,0,0
CARRIER_B,2026-08-13 16:00,DONGSAN,20FT,0,0,0,0,0,0,0,0
CARRIER_B,2026-08-13 17:00,DONGSAN,20FT,0,0,0,0,0,0,0,0
CARRIER_B,2026-08-13 18:00,DONGSAN,20FT,0,0,0,0,0,0,0,0
CARRIER_B,2026-08-13 19:00,DONGSAN,20FT,0,0,0,0,0,0,0,0
CARRIER_B,2026-08-13 20:00,DONGSAN,20FT,0,0,0,0,0,0,0,0
CARRIER_B,2026-08-13 21:00,DONGSAN,20FT,0,0,0,0,0,0,0,0
CARRIER_B,2026-08-13 22:00,DONGSAN,20FT,0,0,0,0,0,0,0,0
CARRIER_B,2026-08-13 23:00,DONGSAN,20FT,0,0,0,0,0,0,0,0
CARRIER_B,2026-08-14 00:00,DONGSAN,20FT,0,0,0,0,0,0,0,0
CARRIER_B,2026-08-14 01:00,DONGSAN,20FT,0,0,0,0,0,0,0,0
CARRIER_B,2026-08-14 02:00,DONGSAN,20FT,0,0,0,0,0,0,0,0
CARRIER_B,2026-08-14 03:00,DONGSAN,20FT,0,0,0,0,0,0,0,0
CARRIER_B,2026-08-14 04:00,DONGSAN,20FT,0,0,0,0,0,0,0,0
CARRIER_B,2026-08-14 05:00,DONGSAN,20FT,0,0,0,0,0,0,0,0
CARRIER_B,2026-08-14 06:00,DONGSAN,20FT,0,0,0,0,0,0,0,0
CARRIER_B,2026-08-14 07:00,DONGSAN,20FT,0,0,0,0,0,0,0,0
CARRIER_B,2026-08-14 08:00,DONGSAN,20FT,0,0,0,0,0,0,0,0
CARRIER_B,2026-08-14 09:00,DONGSAN,20FT,0,0,0,0,0,0,0,0
CARRIER_B,2026-08-14 10:00,DONGSAN,20FT,0,0,0,0,0,0,0,0
CARRIER_B,2026-08-14 11:00,DONGSAN,20FT,0,0,0,0,0,0,0,0
CARRIER_B,2026-08-14 12:00,DONGSAN,20FT,0,0,0,0,0,0,0,0
CARRIER_B,2026-08-14 13:00,DONGSAN,20FT,0,0,0,0,0,0,0,0
CARRIER_B,2026-08-14 14:00,DONGSAN,20FT,0,0,0,0,0,0,0,0
CARRIER_B,2026-08-14 15:00,DONGSAN,20FT,0,0,0,0,0,0,0,0
CARRIER_B,2026-08-14 16:00,DONGSAN,20FT,0,0,0,0,0,0,0,0
CARRIER_B,2026-08-14 17:00,DONGSAN,20FT,0,0,0,0,0,0,0,0
CARRIER_B,2026-08-14 18:00,DONGSAN,20FT,0,0,0,0,0,0,0,0
CARRIER_B,2026-08-14 19:00,DONGSAN,20FT,0,0,0,0,0,0,0,0
CARRIER_B,2026-08-14 20:00,DONGSAN,20FT,0,0,0,0,0,0,0,0
CARRIER_B,2026-08-14 21:00,DONGSAN,20FT,0,0,0,0,0,0,0,0
CARRIER_B,2026-08-14 22:00,DONGSAN,20FT,0,0,0,0,0,0,0,0
CARRIER_B,2026-08-14 23:00,DONGSAN,20FT,0,0,0,0,0,0,0,0
CARRIER_B,2026-08-15 00:00,DONGSAN,20FT,0,0,0,0,0,0,0,0
CARRIER_B,2026-08-15 01:00,DONGSAN,20FT,0,0,0,0,0,0,0,0
CARRIER_B,2026-08-15 02:00,DONGSAN,20FT,0,0,0,0,0,0,0,0
CARRIER_B,2026-08-15 03:00,DONGSAN,20FT,0,0,0,0,0,0,0,0
CARRIER_B,2026-08-15 04:00,DONGSAN,20FT,0,0,0,0,0,0,0,0
CARRIER_B,2026-08-15 05:00,DONGSAN,20FT,1,0,0,0,0,0,1,1
CARRIER_B,2026-08-15 06:00,DONGSAN,20FT,0,0,0,0,0,0,0,0
CARRIER_B,2026-08-15 07:00,DONGSAN,20FT,0,0,0,0,0,0,0,0
CARRIER_B,2026-08-15 08:00,DONGSAN,20FT,0,0,0,0,0,0,0,0
CARRIER_B,2026-08-15 09:00,DONGSAN,20FT,0,0,0,0,0,0,0,0
CARRIER_B,2026-08-15 10:00,DONGSAN,20FT,0,0,0,0,0,0,0,0
CARRIER_B,2026-08-15 11:00,DONGSAN,20FT,0,0,0,0,0,0,0,0
CARRIER_B,2026-08-15 12:00,DONGSAN,20FT,0,0,0,0,0,0,0,0
CARRIER_B,2026-08-15 13:00,DONGSAN,20FT,0,0,0,0,0,0,0,0
CARRIER_B,2026-08-15 14:00,DONGSAN,20FT,0,0,0,0,0,0,0,0
CARRIER_B,2026-08-15 15:00,DONGSAN,20FT,0,0,0,0,0,0,0,0
CARRIER_B,2026-08-15 16:00,DONGSAN,20FT,0,0,0,0,0,0,0,0
CARRIER_B,2026-08-15 17:00,DONGSAN,20FT,0,0,0,0,0,0,0,0
CARRIER_B,2026-08-15 18:00,DONGSAN,20FT,0,0,0,0,0,0,0,0
CARRIER_B,2026-08-15 19:00,DONGSAN,20FT,0,0,0,0,0,0,0,0
CARRIER_B,2026-08-15 20:00,DONGSAN,20FT,0,0,0,0,0,0,0,0
CARRIER_B,2026-08-15 21:00,DONGSAN,20FT,0,0,0,0,0,0,0,0
CARRIER_B,2026-08-15 22:00,DONGSAN,20FT,0,0,0,0,0,0,0,0
CARRIER_B,2026-08-15 23:00,DONGSAN,20FT,0,0,0,0,0,0,0,0
CARRIER_B,2026-08-16 00:00,DONGSAN,20FT,0,0,0,0,0,0,0,0
CARRIER_B,2026-08-16 01:00,DONGSAN,20FT,0,0,0,0,0,0,0,0
CARRIER_B,2026-08-16 02:00,DONGSAN,20FT,0,0,0,0,0,0,0,0
CARRIER_B,2026-08-16 03:00,DONGSAN,20FT,0,0,0,0,0,0,0,0
CARRIER_B,2026-08-16 04:00,DONGSAN,20FT,0,0,0,0,0,0,0,0
CARRIER_B,2026-08-16 05:00,DONGSAN,20FT,0,0,0,0,0,0,0,0
CARRIER_B,2026-08-16 06:00,DONGSAN,20FT,0,0,0,0,0,0,0,0
CARRIER_B,2026-08-16 07:00,DONGSAN,20FT,0,0,0,0,0,0,0,0
CARRIER_B,2026-08-16 08:00,DONGSAN,20FT,0,0,0,0,0,0,0,0
CARRIER_B,2026-08-16 09:00,DONGSAN,20FT,0,0,0,0,0,0,0,0
CARRIER_B,2026-08-16 10:00,DONGSAN,20FT,0,0,0,0,0,0,0,0
CARRIER_B,2026-08-16 11:00,DONGSAN,20FT,0,0,0,0,0,0,0,0
CARRIER_B,2026-08-16 12:00,DONGSAN,20FT,0,1,0,0,1,1,0,0
CARRIER_B,2026-08-16 13:00,DONGSAN,20FT,1,0,0,0,0,0,0,0
CARRIER_B,2026-08-16 14:00,DONGSAN,20FT,0,0,0,0,0,0,0,0
CARRIER_B,2026-08-16 15:00,DONGSAN,20FT,0,0,0,0,0,0,0,0
CARRIER_B,2026-08-16 16:00,DONGSAN,20FT,0,0,0,0,0,0,0,0
CARRIER_B,2026-08-16 17:00,DONGSAN,20FT,0,0,0,0,0,0,0,0
CARRIER_B,2026-08-16 18:00,DONGSAN,20FT,0,0,0,0,0,0,0,0
CARRIER_B,2026-08-16 19:00,DONGSAN,20FT,0,0,0,0,0,0,0,0
CARRIER_B,2026-08-16 20:00,DONGSAN,20FT,0,0,0,0,0,0,0,0
CARRIER_B,2026-08-16 21:00,DONGSAN,20FT,0,0,0,0,0,0,0,0
CARRIER_B,2026-08-16 22:00,DONGSAN,20FT,0,0,0,0,0,0,0,0
CARRIER_B,2026-08-16 23:00,DONGSAN,20FT,0,0,0,0,0,0,0,0
CARRIER_B,2026-08-10 00:00,DONGSAN,40FT,0,0,0,0,1,1,0,0
CARRIER_B,2026-08-10 01:00,DONGSAN,40FT,0,0,0,0,1,1,0,0
CARRIER_B,2026-08-10 02:00,DONGSAN,40FT,0,0,0,0,1,1,0,0
CARRIER_B,2026-08-10 03:00,DONGSAN,40FT,0,0,0,0,1,1,0,0
CARRIER_B,2026-08-10 04:00,DONGSAN,40FT,0,0,0,0,1,1,0,0
CARRIER_B,2026-08-10 05:00,DONGSAN,40FT,0,0,0,0,1,1,0,0
CARRIER_B,2026-08-10 06:00,DONGSAN,40FT,0,0,0,0,1,1,0,0
CARRIER_B,2026-08-10 07:00,DONGSAN,40FT,0,0,0,0,1,1,0,0
CARRIER_B,2026-08-10 08:00,DONGSAN,40FT,0,0,0,0,1,1,0,0
CARRIER_B,2026-08-10 09:00,DONGSAN,40FT,0,0,0,0,1,1,0,0
CARRIER_B,2026-08-10 10:00,DONGSAN,40FT,0,0,0,0,1,1,0,0
CARRIER_B,2026-08-10 11:00,DONGSAN,40FT,0,0,0,0,1,1,0,0
CARRIER_B,2026-08-10 12:00,DONGSAN,40FT,0,0,0,0,1,1,0,0
CARRIER_B,2026-08-10 13:00,DONGSAN,40FT,0,0,0,0,1,1,0,0
CARRIER_B,2026-08-10 14:00,DONGSAN,40FT,0,0,0,0,1,1,0,0
CARRIER_B,2026-08-10 15:00,DONGSAN,40FT,0,0,0,0,1,1,0,0
CARRIER_B,2026-08-10 16:00,DONGSAN,40FT,0,0,0,0,1,1,0,0
CARRIER_B,2026-08-10 17:00,DONGSAN,40FT,0,0,0,0,1,1,0,0
CARRIER_B,2026-08-10 18:00,DONGSAN,40FT,0,0,0,0,1,1,0,0
CARRIER_B,2026-08-10 19:00,DONGSAN,40FT,0,0,0,0,1,1,0,0
CARRIER_B,2026-08-10 20:00,DONGSAN,40FT,0,0,0,0,1,1,0,0
CARRIER_B,2026-08-10 21:00,DONGSAN,40FT,0,0,0,0,1,1,0,0
CARRIER_B,2026-08-10 22:00,DONGSAN,40FT,0,0,0,0,1,1,0,0
CARRIER_B,2026-08-10 23:00,DONGSAN,40FT,0,0,0,0,1,1,0,0
CARRIER_B,2026-08-11 00:00,DONGSAN,40FT,0,0,0,0,1,1,0,0
CARRIER_B,2026-08-11 01:00,DONGSAN,40FT,0,0,0,0,1,1,0,0
CARRIER_B,2026-08-11 02:00,DONGSAN,40FT,0,0,0,0,1,1,0,0
CARRIER_B,2026-08-11 03:00,DONGSAN,40FT,0,0,0,0,1,1,0,0
CARRIER_B,2026-08-11 04:00,DONGSAN,40FT,0,0,0,0,1,1,0,0
CARRIER_B,2026-08-11 05:00,DONGSAN,40FT,0,0,0,0,1,1,0,0
CARRIER_B,2026-08-11 06:00,DONGSAN,40FT,0,0,0,0,1,1,0,0
CARRIER_B,2026-08-11 07:00,DONGSAN,40FT,0,1,0,0,2,2,0,0
CARRIER_B,2026-08-11 08:00,DONGSAN,40FT,0,0,0,0,2,2,0,0
CARRIER_B,2026-08-11 09:00,DONGSAN,40FT,0,0,0,0,2,2,0,0
CARRIER_B,2026-08-11 10:00,DONGSAN,40FT,0,0,0,0,2,2,0,0
CARRIER_B,2026-08-11 11:00,DONGSAN,40FT,0,0,0,0,2,2,0,0
CARRIER_B,2026-08-11 12:00,DONGSAN,40FT,0,0,0,0,2,2,0,0
CARRIER_B,2026-08-11 13:00,DONGSAN,40FT,0,0,0,0,2,2,0,0
CARRIER_B,2026-08-11 14:00,DONGSAN,40FT,0,0,0,0,2,2,0,0
CARRIER_B,2026-08-11 15:00,DONGSAN,40FT,0,0,0,0,2,2,0,0
CARRIER_B,2026-08-11 16:00,DONGSAN,40FT,0,0,0,0,2,2,0,0
CARRIER_B,2026-08-11 17:00,DONGSAN,40FT,0,0,0,0,2,2,0,0
CARRIER_B,2026-08-11 18:00,DONGSAN,40FT,0,0,0,0,2,2,0,0
CARRIER_B,2026-08-11 19:00,DONGSAN,40FT,0,0,0,0,2,2,0,0
CARRIER_B,2026-08-11 20:00,DONGSAN,40FT,0,0,0,0,2,2,0,0
CARRIER_B,2026-08-11 21:00,DONGSAN,40FT,0,0,0,0,2,2,0,0
CARRIER_B,2026-08-11 22:00,DONGSAN,40FT,0,0,0,0,2,2,0,0
CARRIER_B,2026-08-11 23:00,DONGSAN,40FT,0,0,0,0,2,2,0,0
CARRIER_B,2026-08-12 00:00,DONGSAN,40FT,0,0,0,0,2,2,0,0
CARRIER_B,2026-08-12 01:00,DONGSAN,40FT,0,0,0,0,2,2,0,0
CARRIER_B,2026-08-12 02:00,DONGSAN,40FT,0,0,0,0,2,2,0,0
CARRIER_B,2026-08-12 03:00,DONGSAN,40FT,0,0,0,0,2,2,0,0
CARRIER_B,2026-08-12 04:00,DONGSAN,40FT,0,0,0,0,2,2,0,0
CARRIER_B,2026-08-12 05:00,DONGSAN,40FT,0,0,0,0,2,2,0,0
CARRIER_B,2026-08-12 06:00,DONGSAN,40FT,0,0,0,0,2,2,0,0
CARRIER_B,2026-08-12 07:00,DONGSAN,40FT,0,0,0,0,2,2,0,0
CARRIER_B,2026-08-12 08:00,DONGSAN,40FT,0,0,0,0,2,2,0,0
CARRIER_B,2026-08-12 09:00,DONGSAN,40FT,0,0,0,0,2,2,0,0
CARRIER_B,2026-08-12 10:00,DONGSAN,40FT,0,0,0,0,2,2,0,0
CARRIER_B,2026-08-12 11:00,DONGSAN,40FT,0,0,0,0,2,2,0,0
CARRIER_B,2026-08-12 12:00,DONGSAN,40FT,1,0,0,0,1,1,0,0
CARRIER_B,2026-08-12 13:00,DONGSAN,40FT,0,0,0,0,1,1,0,0
CARRIER_B,2026-08-12 14:00,DONGSAN,40FT,0,0,0,0,1,1,0,0
CARRIER_B,2026-08-12 15:00,DONGSAN,40FT,0,0,0,0,1,1,0,0
CARRIER_B,2026-08-12 16:00,DONGSAN,40FT,0,0,0,0,1,1,0,0
CARRIER_B,2026-08-12 17:00,DONGSAN,40FT,0,0,0,0,1,1,0,0
CARRIER_B,2026-08-12 18:00,DONGSAN,40FT,0,0,0,0,1,1,0,0
CARRIER_B,2026-08-12 19:00,DONGSAN,40FT,0,0,0,0,1,1,0,0
CARRIER_B,2026-08-12 20:00,DONGSAN,40FT,0,0,0,0,1,1,0,0
CARRIER_B,2026-08-12 21:00,DONGSAN,40FT,0,0,0,0,1,1,0,0
CARRIER_B,2026-08-12 22:00,DONGSAN,40FT,0,0,0,0,1,1,0,0
CARRIER_B,2026-08-12 23:00,DONGSAN,40FT,0,0,0,0,1,1,0,0
CARRIER_B,2026-08-13 00:00,DONGSAN,40FT,0,0,0,0,1,1,0,0
CARRIER_B,2026-08-13 01:00,DONGSAN,40FT,0,0,0,0,1,1,0,0
CARRIER_B,2026-08-13 02:00,DONGSAN,40FT,0,0,0,0,1,1,0,0
CARRIER_B,2026-08-13 03:00,DONGSAN,40FT,0,0,0,0,1,1,0,0
CARRIER_B,2026-08-13 04:00,DONGSAN,40FT,0,0,0,0,1,1,0,0
CARRIER_B,2026-08-13 05:00,DONGSAN,40FT,0,0,0,0,1,1,0,0
CARRIER_B,2026-08-13 06:00,DONGSAN,40FT,0,0,0,0,1,1,0,0
CARRIER_B,2026-08-13 07:00,DONGSAN,40FT,0,0,0,0,1,1,0,0
CARRIER_B,2026-08-13 08:00,DONGSAN,40FT,0,0,0,0,1,1,0,0
CARRIER_B,2026-08-13 09:00,DONGSAN,40FT,0,0,0,0,1,1,0,0
CARRIER_B,2026-08-13 10:00,DONGSAN,40FT,0,0,0,0,1,1,0,0
CARRIER_B,2026-08-13 11:00,DONGSAN,40FT,0,0,0,0,1,1,0,0
CARRIER_B,2026-08-13 12:00,DONGSAN,40FT,0,0,0,0,1,1,0,0
CARRIER_B,2026-08-13 13:00,DONGSAN,40FT,0,0,0,0,1,1,0,0
CARRIER_B,2026-08-13 14:00,DONGSAN,40FT,0,0,0,0,1,1,0,0
CARRIER_B,2026-08-13 15:00,DONGSAN,40FT,0,0,0,0,1,1,0,0
CARRIER_B,2026-08-13 16:00,DONGSAN,40FT,0,0,0,0,1,1,0,0
CARRIER_B,2026-08-13 17:00,DONGSAN,40FT,0,0,0,0,1,1,0,0
CARRIER_B,2026-08-13 18:00,DONGSAN,40FT,0,0,0,0,1,1,0,0
CARRIER_B,2026-08-13 19:00,DONGSAN,40FT,0,0,0,0,1,1,0,0
CARRIER_B,2026-08-13 20:00,DONGSAN,40FT,0,0,0,0,1,1,0,0
CARRIER_B,2026-08-13 21:00,DONGSAN,40FT,0,0,0,0,1,1,0,0
CARRIER_B,2026-08-13 22:00,DONGSAN,40FT,0,0,0,0,1,1,0,0
CARRIER_B,2026-08-13 23:00,DONGSAN,40FT,0,0,0,0,1,1,0,0
CARRIER_B,2026-08-14 00:00,DONGSAN,40FT,0,0,0,0,1,1,0,0
CARRIER_B,2026-08-14 01:00,DONGSAN,40FT,0,0,0,0,1,1,0,0
CARRIER_B,2026-08-14 02:00,DONGSAN,40FT,0,0,0,0,1,1,0,0
CARRIER_B,2026-08-14 03:00,DONGSAN,40FT,0,0,0,0,1,1,0,0
CARRIER_B,2026-08-14 04:00,DONGSAN,40FT,0,0,0,0,1,1,0,0
CARRIER_B,2026-08-14 05:00,DONGSAN,40FT,0,0,0,0,1,1,0,0
CARRIER_B,2026-08-14 06:00,DONGSAN,40FT,0,0,0,0,1,1,0,0
CARRIER_B,2026-08-14 07:00,DONGSAN,40FT,0,0,0,0,1,1,0,0
CARRIER_B,2026-08-14 08:00,DONGSAN,40FT,0,0,0,0,1,1,0,0
CARRIER_B,2026-08-14 09:00,DONGSAN,40FT,0,0,0,0,1,1,0,0
CARRIER_B,2026-08-14 10:00,DONGSAN,40FT,0,0,0,0,1,1,0,0
CARRIER_B,2026-08-14 11:00,DONGSAN,40FT,0,0,0,0,1,1,0,0
CARRIER_B,2026-08-14 12:00,DONGSAN,40FT,0,0,0,0,1,1,0,0
CARRIER_B,2026-08-14 13:00,DONGSAN,40FT,0,0,0,0,1,1,0,0
CARRIER_B,2026-08-14 14:00,DONGSAN,40FT,0,0,0,0,1,1,0,0
CARRIER_B,2026-08-14 15:00,DONGSAN,40FT,0,0,0,0,1,1,0,0
CARRIER_B,2026-08-14 16:00,DONGSAN,40FT,0,0,0,0,1,1,0,0
CARRIER_B,2026-08-14 17:00,DONGSAN,40FT,0,0,0,0,1,1,0,0
CARRIER_B,2026-08-14 18:00,DONGSAN,40FT,0,0,0,0,1,1,0,0
CARRIER_B,2026-08-14 19:00,DONGSAN,40FT,0,0,0,0,1,1,0,0
CARRIER_B,2026-08-14 20:00,DONGSAN,40FT,0,0,0,0,1,1,0,0
CARRIER_B,2026-08-14 21:00,DONGSAN,40FT,0,0,0,0,1,1,0,0
CARRIER_B,2026-08-14 22:00,DONGSAN,40FT,0,0,0,0,1,1,0,0
CARRIER_B,2026-08-14 23:00,DONGSAN,40FT,0,0,0,0,1,1,0,0
CARRIER_B,2026-08-15 00:00,DONGSAN,40FT,0,0,0,0,1,1,0,0
CARRIER_B,2026-08-15 01:00,DONGSAN,40FT,0,0,0,0,1,1,0,0
CARRIER_B,2026-08-15 02:00,DONGSAN,40FT,0,0,0,0,1,1,0,0
CARRIER_B,2026-08-15 03:00,DONGSAN,40FT,0,0,0,0,1,1,0,0
CARRIER_B,2026-08-15 04:00,DONGSAN,40FT,0,0,0,0,1,1,0,0
CARRIER_B,2026-08-15 05:00,DONGSAN,40FT,0,0,0,0,1,1,0,0
CARRIER_B,2026-08-15 06:00,DONGSAN,40FT,0,0,0,0,1,1,0,0
CARRIER_B,2026-08-15 07:00,DONGSAN,40FT,0,0,0,0,1,1,0,0
CARRIER_B,2026-08-15 08:00,DONGSAN,40FT,0,0,0,0,1,1,0,0
CARRIER_B,2026-08-15 09:00,DONGSAN,40FT,0,0,0,0,1,1,0,0
CARRIER_B,2026-08-15 10:00,DONGSAN,40FT,0,0,0,0,1,1,0,0
CARRIER_B,2026-08-15 11:00,DONGSAN,40FT,0,0,0,0,1,1,0,0
CARRIER_B,2026-08-15 12:00,DONGSAN,40FT,0,0,0,0,1,1,0,0
CARRIER_B,2026-08-15 13:00,DONGSAN,40FT,0,0,0,0,1,1,0,0
CARRIER_B,2026-08-15 14:00,DONGSAN,40FT,0,0,0,0,1,1,0,0
CARRIER_B,2026-08-15 15:00,DONGSAN,40FT,0,0,0,0,1,1,0,0
CARRIER_B,2026-08-15 16:00,DONGSAN,40FT,0,0,0,0,1,1,0,0
CARRIER_B,2026-08-15 17:00,DONGSAN,40FT,0,0,0,0,1,1,0,0
CARRIER_B,2026-08-15 18:00,DONGSAN,40FT,0,0,0,0,1,1,0,0
CARRIER_B,2026-08-15 19:00,DONGSAN,40FT,0,0,0,0,1,1,0,0
CARRIER_B,2026-08-15 20:00,DONGSAN,40FT,0,0,0,0,1,1,0,0
CARRIER_B,2026-08-15 21:00,DONGSAN,40FT,0,0,0,0,1,1,0,0
CARRIER_B,2026-08-15 22:00,DONGSAN,40FT,0,0,0,0,1,1,0,0
CARRIER_B,2026-08-15 23:00,DONGSAN,40FT,0,0,0,0,1,1,0,0
CARRIER_B,2026-08-16 00:00,DONGSAN,40FT,0,0,0,0,1,1,0,0
CARRIER_B,2026-08-16 01:00,DONGSAN,40FT,0,0,0,0,1,1,0,0
CARRIER_B,2026-08-16 02:00,DONGSAN,40FT,0,0,0,0,1,1,0,0
CARRIER_B,2026-08-16 03:00,DONGSAN,40FT,0,0,0,0,1,1,0,0
CARRIER_B,2026-08-16 04:00,DONGSAN,40FT,0,0,0,0,1,1,0,0
CARRIER_B,2026-08-16 05:00,DONGSAN,40FT,0,0,0,0,1,1,0,0
CARRIER_B,2026-08-16 06:00,DONGSAN,40FT,0,0,0,0,1,1,0,0
CARRIER_B,2026-08-16 07:00,DONGSAN,40FT,0,0,0,0,1,1,0,0
CARRIER_B,2026-08-16 08:00,DONGSAN,40FT,0,0,0,0,1,1,0,0
CARRIER_B,2026-08-16 09:00,DONGSAN,40FT,0,0,0,0,1,1,0,0
CARRIER_B,2026-08-16 10:00,DONGSAN,40FT,0,0,0,0,1,1,0,0
CARRIER_B,2026-08-16 11:00,DONGSAN,40FT,0,0,0,0,1,1,0,0
CARRIER_B,2026-08-16 12:00,DONGSAN,40FT,0,0,0,0,1,1,0,0
CARRIER_B,2026-08-16 13:00,DONGSAN,40FT,0,0,0,0,1,1,0,0
CARRIER_B,2026-08-16 14:00,DONGSAN,40FT,0,0,0,0,1,1,0,0
CARRIER_B,2026-08-16 15:00,DONGSAN,40FT,0,0,0,0,1,1,0,0
CARRIER_B,2026-08-16 16:00,DONGSAN,40FT,0,0,0,0,1,1,0,0
CARRIER_B,2026-08-16 17:00,DONGSAN,40FT,0,0,0,0,1,1,0,0
CARRIER_B,2026-08-16 18:00,DONGSAN,40FT,0,0,0,0,1,1,0,0
CARRIER_B,2026-08-16 19:00,DONGSAN,40FT,0,0,0,0,1,1,0,0
CARRIER_B,2026-08-16 20:00,DONGSAN,40FT,0,0,0,0,1,1,0,0
CARRIER_B,2026-08-16 21:00,DONGSAN,40FT,0,0,0,0,1,1,0,0
CARRIER_B,2026-08-16 22:00,DONGSAN,40FT,0,0,0,0,1,1,0,0
CARRIER_B,2026-08-16 23:00,DONGSAN,40FT,0,0,0,0,1,1,0,0
CARRIER_B,2026-08-10 00:00,GWANGYANG,20FT,0,0,0,0,3,3,0,0
CARRIER_B,2026-08-10 01:00,GWANGYANG,20FT,0,0,0,0,3,3,0,0
CARRIER_B,2026-08-10 02:00,GWANGYANG,20FT,0,0,0,0,3,3,0,0
CARRIER_B,2026-08-10 03:00,GWANGYANG,20FT,0,0,0,0,3,3,0,0
CARRIER_B,2026-08-10 04:00,GWANGYANG,20FT,0,0,0,0,3,3,0,0
CARRIER_B,2026-08-10 05:00,GWANGYANG,20FT,0,0,0,0,3,3,0,0
CARRIER_B,2026-08-10 06:00,GWANGYANG,20FT,0,0,0,0,3,3,0,0
CARRIER_B,2026-08-10 07:00,GWANGYANG,20FT,0,0,0,0,3,3,0,0
CARRIER_B,2026-08-10 08:00,GWANGYANG,20FT,0,0,0,0,3,3,0,0
CARRIER_B,2026-08-10 09:00,GWANGYANG,20FT,1,0,0,0,2,2,0,0
CARRIER_B,2026-08-10 10:00,GWANGYANG,20FT,0,1,0,0,3,3,0,0
CARRIER_B,2026-08-10 11:00,GWANGYANG,20FT,1,0,0,0,2,2,0,0
CARRIER_B,2026-08-10 12:00,GWANGYANG,20FT,1,0,0,0,1,1,0,0
CARRIER_B,2026-08-10 13:00,GWANGYANG,20FT,0,0,0,0,1,1,0,0
CARRIER_B,2026-08-10 14:00,GWANGYANG,20FT,0,0,0,0,1,1,0,0
CARRIER_B,2026-08-10 15:00,GWANGYANG,20FT,0,0,0,0,1,1,0,0
CARRIER_B,2026-08-10 16:00,GWANGYANG,20FT,0,0,0,0,1,1,0,0
CARRIER_B,2026-08-10 17:00,GWANGYANG,20FT,1,0,0,0,0,0,0,0
CARRIER_B,2026-08-10 18:00,GWANGYANG,20FT,0,0,0,0,0,0,0,0
CARRIER_B,2026-08-10 19:00,GWANGYANG,20FT,0,0,0,0,0,0,0,0
CARRIER_B,2026-08-10 20:00,GWANGYANG,20FT,0,0,0,0,0,0,0,0
CARRIER_B,2026-08-10 21:00,GWANGYANG,20FT,0,0,0,0,0,0,0,0
CARRIER_B,2026-08-10 22:00,GWANGYANG,20FT,0,0,0,0,0,0,0,0
CARRIER_B,2026-08-10 23:00,GWANGYANG,20FT,0,0,0,0,0,0,0,0
CARRIER_B,2026-08-11 00:00,GWANGYANG,20FT,0,0,0,0,0,0,0,0
CARRIER_B,2026-08-11 01:00,GWANGYANG,20FT,0,0,0,0,0,0,0,0
CARRIER_B,2026-08-11 02:00,GWANGYANG,20FT,0,0,0,0,0,0,0,0
CARRIER_B,2026-08-11 03:00,GWANGYANG,20FT,0,0,0,0,0,0,0,0
CARRIER_B,2026-08-11 04:00,GWANGYANG,20FT,0,0,0,0,0,0,0,0
CARRIER_B,2026-08-11 05:00,GWANGYANG,20FT,0,0,0,0,0,0,0,0
CARRIER_B,2026-08-11 06:00,GWANGYANG,20FT,0,0,0,0,0,0,0,0
CARRIER_B,2026-08-11 07:00,GWANGYANG,20FT,1,0,0,0,0,0,1,1
CARRIER_B,2026-08-11 08:00,GWANGYANG,20FT,0,0,0,0,0,0,0,0
CARRIER_B,2026-08-11 09:00,GWANGYANG,20FT,0,0,0,0,0,0,0,0
CARRIER_B,2026-08-11 10:00,GWANGYANG,20FT,0,0,0,0,0,0,0,0
CARRIER_B,2026-08-11 11:00,GWANGYANG,20FT,0,0,0,0,0,0,0,0
CARRIER_B,2026-08-11 12:00,GWANGYANG,20FT,0,0,0,0,0,0,0,0
CARRIER_B,2026-08-11 13:00,GWANGYANG,20FT,0,1,0,0,1,1,0,0
CARRIER_B,2026-08-11 14:00,GWANGYANG,20FT,1,0,0,0,0,0,0,0
CARRIER_B,2026-08-11 15:00,GWANGYANG,20FT,0,0,0,0,0,0,0,0
CARRIER_B,2026-08-11 16:00,GWANGYANG,20FT,0,0,0,0,0,0,0,0
CARRIER_B,2026-08-11 17:00,GWANGYANG,20FT,0,0,0,0,0,0,0,0
CARRIER_B,2026-08-11 18:00,GWANGYANG,20FT,0,0,0,0,0,0,0,0
CARRIER_B,2026-08-11 19:00,GWANGYANG,20FT,0,0,0,0,0,0,0,0
CARRIER_B,2026-08-11 20:00,GWANGYANG,20FT,0,0,0,0,0,0,0,0
CARRIER_B,2026-08-11 21:00,GWANGYANG,20FT,0,0,0,0,0,0,0,0
CARRIER_B,2026-08-11 22:00,GWANGYANG,20FT,0,0,0,0,0,0,0,0
CARRIER_B,2026-08-11 23:00,GWANGYANG,20FT,0,0,0,0,0,0,0,0
CARRIER_B,2026-08-12 00:00,GWANGYANG,20FT,0,0,0,0,0,0,0,0
CARRIER_B,2026-08-12 01:00,GWANGYANG,20FT,0,0,0,0,0,0,0,0
CARRIER_B,2026-08-12 02:00,GWANGYANG,20FT,0,0,0,0,0,0,0,0
CARRIER_B,2026-08-12 03:00,GWANGYANG,20FT,0,0,5,0,0,5,0,0
CARRIER_B,2026-08-12 04:00,GWANGYANG,20FT,0,0,0,0,0,5,0,0
CARRIER_B,2026-08-12 05:00,GWANGYANG,20FT,0,0,0,0,0,5,0,0
CARRIER_B,2026-08-12 06:00,GWANGYANG,20FT,0,0,0,0,0,5,0,0
CARRIER_B,2026-08-12 07:00,GWANGYANG,20FT,0,0,0,0,0,5,0,0
CARRIER_B,2026-08-12 08:00,GWANGYANG,20FT,0,0,0,0,0,5,0,0
CARRIER_B,2026-08-12 09:00,GWANGYANG,20FT,0,0,0,0,0,5,0,0
CARRIER_B,2026-08-12 10:00,GWANGYANG,20FT,1,0,0,0,0,4,1,0
CARRIER_B,2026-08-12 11:00,GWANGYANG,20FT,0,0,0,0,0,4,0,0
CARRIER_B,2026-08-12 12:00,GWANGYANG,20FT,0,0,0,0,0,4,0,0
CARRIER_B,2026-08-12 13:00,GWANGYANG,20FT,0,0,0,0,0,4,0,0
CARRIER_B,2026-08-12 14:00,GWANGYANG,20FT,0,0,0,0,0,4,0,0
CARRIER_B,2026-08-12 15:00,GWANGYANG,20FT,0,0,0,0,0,4,0,0
CARRIER_B,2026-08-12 16:00,GWANGYANG,20FT,0,0,0,0,0,4,0,0
CARRIER_B,2026-08-12 17:00,GWANGYANG,20FT,0,0,0,0,0,4,0,0
CARRIER_B,2026-08-12 18:00,GWANGYANG,20FT,1,0,0,0,0,3,1,0
CARRIER_B,2026-08-12 19:00,GWANGYANG,20FT,0,0,0,0,0,3,0,0
CARRIER_B,2026-08-12 20:00,GWANGYANG,20FT,0,0,0,0,0,3,0,0
CARRIER_B,2026-08-12 21:00,GWANGYANG,20FT,0,0,0,0,0,3,0,0
CARRIER_B,2026-08-12 22:00,GWANGYANG,20FT,0,0,0,0,0,3,0,0
CARRIER_B,2026-08-12 23:00,GWANGYANG,20FT,0,0,0,0,0,3,0,0
CARRIER_B,2026-08-13 00:00,GWANGYANG,20FT,0,0,0,0,0,3,0,0
CARRIER_B,2026-08-13 01:00,GWANGYANG,20FT,0,0,0,0,0,3,0,0
CARRIER_B,2026-08-13 02:00,GWANGYANG,20FT,0,0,0,0,0,3,0,0
CARRIER_B,2026-08-13 03:00,GWANGYANG,20FT,0,0,0,0,0,3,0,0
CARRIER_B,2026-08-13 04:00,GWANGYANG,20FT,0,0,0,0,0,3,0,0
CARRIER_B,2026-08-13 05:00,GWANGYANG,20FT,0,0,0,0,0,3,0,0
CARRIER_B,2026-08-13 06:00,GWANGYANG,20FT,0,0,0,0,0,3,0,0
CARRIER_B,2026-08-13 07:00,GWANGYANG,20FT,0,0,0,0,0,3,0,0
CARRIER_B,2026-08-13 08:00,GWANGYANG,20FT,0,0,0,0,0,3,0,0
CARRIER_B,2026-08-13 09:00,GWANGYANG,20FT,0,0,0,0,0,3,0,0
CARRIER_B,2026-08-13 10:00,GWANGYANG,20FT,0,0,0,0,0,3,0,0
CARRIER_B,2026-08-13 11:00,GWANGYANG,20FT,0,0,0,0,0,3,0,0
CARRIER_B,2026-08-13 12:00,GWANGYANG,20FT,0,0,0,0,0,3,0,0
CARRIER_B,2026-08-13 13:00,GWANGYANG,20FT,1,0,0,0,0,2,1,0
CARRIER_B,2026-08-13 14:00,GWANGYANG,20FT,0,0,0,0,0,2,0,0
CARRIER_B,2026-08-13 15:00,GWANGYANG,20FT,1,0,0,0,0,1,1,0
CARRIER_B,2026-08-13 16:00,GWANGYANG,20FT,0,0,0,0,0,1,0,0
CARRIER_B,2026-08-13 17:00,GWANGYANG,20FT,0,0,0,0,0,1,0,0
CARRIER_B,2026-08-13 18:00,GWANGYANG,20FT,0,0,0,0,0,1,0,0
CARRIER_B,2026-08-13 19:00,GWANGYANG,20FT,0,0,0,0,0,1,0,0
CARRIER_B,2026-08-13 20:00,GWANGYANG,20FT,0,0,0,0,0,1,0,0
CARRIER_B,2026-08-13 21:00,GWANGYANG,20FT,0,0,0,0,0,1,0,0
CARRIER_B,2026-08-13 22:00,GWANGYANG,20FT,0,0,0,0,0,1,0,0
CARRIER_B,2026-08-13 23:00,GWANGYANG,20FT,0,0,0,0,0,1,0,0
CARRIER_B,2026-08-14 00:00,GWANGYANG,20FT,0,0,0,0,0,1,0,0
CARRIER_B,2026-08-14 01:00,GWANGYANG,20FT,0,0,0,0,0,1,0,0
CARRIER_B,2026-08-14 02:00,GWANGYANG,20FT,0,0,0,0,0,1,0,0
CARRIER_B,2026-08-14 03:00,GWANGYANG,20FT,0,0,0,0,0,1,0,0
CARRIER_B,2026-08-14 04:00,GWANGYANG,20FT,0,0,0,0,0,1,0,0
CARRIER_B,2026-08-14 05:00,GWANGYANG,20FT,0,0,0,0,0,1,0,0
CARRIER_B,2026-08-14 06:00,GWANGYANG,20FT,0,0,0,0,0,1,0,0
CARRIER_B,2026-08-14 07:00,GWANGYANG,20FT,0,0,0,0,0,1,0,0
CARRIER_B,2026-08-14 08:00,GWANGYANG,20FT,0,0,0,0,0,1,0,0
CARRIER_B,2026-08-14 09:00,GWANGYANG,20FT,0,0,0,0,0,1,0,0
CARRIER_B,2026-08-14 10:00,GWANGYANG,20FT,1,0,0,0,0,0,1,0
CARRIER_B,2026-08-14 11:00,GWANGYANG,20FT,0,0,0,0,0,0,0,0
CARRIER_B,2026-08-14 12:00,GWANGYANG,20FT,0,0,0,0,0,0,0,0
CARRIER_B,2026-08-14 13:00,GWANGYANG,20FT,0,0,0,0,0,0,0,0
CARRIER_B,2026-08-14 14:00,GWANGYANG,20FT,0,0,0,0,0,0,0,0
CARRIER_B,2026-08-14 15:00,GWANGYANG,20FT,0,0,0,0,0,0,0,0
CARRIER_B,2026-08-14 16:00,GWANGYANG,20FT,0,0,0,0,0,0,0,0
CARRIER_B,2026-08-14 17:00,GWANGYANG,20FT,0,1,0,0,1,1,0,0
CARRIER_B,2026-08-14 18:00,GWANGYANG,20FT,0,0,0,0,1,1,0,0
CARRIER_B,2026-08-14 19:00,GWANGYANG,20FT,0,0,0,0,1,1,0,0
CARRIER_B,2026-08-14 20:00,GWANGYANG,20FT,0,0,0,0,1,1,0,0
CARRIER_B,2026-08-14 21:00,GWANGYANG,20FT,0,0,0,0,1,1,0,0
CARRIER_B,2026-08-14 22:00,GWANGYANG,20FT,0,0,0,0,1,1,0,0
CARRIER_B,2026-08-14 23:00,GWANGYANG,20FT,0,0,0,0,1,1,0,0
CARRIER_B,2026-08-15 00:00,GWANGYANG,20FT,0,0,0,0,1,1,0,0
CARRIER_B,2026-08-15 01:00,GWANGYANG,20FT,0,0,0,0,1,1,0,0
CARRIER_B,2026-08-15 02:00,GWANGYANG,20FT,0,0,0,0,1,1,0,0
CARRIER_B,2026-08-15 03:00,GWANGYANG,20FT,0,0,0,0,1,1,0,0
CARRIER_B,2026-08-15 04:00,GWANGYANG,20FT,0,0,0,0,1,1,0,0
CARRIER_B,2026-08-15 05:00,GWANGYANG,20FT,0,0,0,0,1,1,0,0
CARRIER_B,2026-08-15 06:00,GWANGYANG,20FT,0,0,0,0,1,1,0,0
CARRIER_B,2026-08-15 07:00,GWANGYANG,20FT,0,0,0,0,1,1,0,0
CARRIER_B,2026-08-15 08:00,GWANGYANG,20FT,1,0,0,0,0,0,0,0
CARRIER_B,2026-08-15 09:00,GWANGYANG,20FT,0,0,0,0,0,0,0,0
CARRIER_B,2026-08-15 10:00,GWANGYANG,20FT,0,0,0,0,0,0,0,0
CARRIER_B,2026-08-15 11:00,GWANGYANG,20FT,0,0,0,0,0,0,0,0
CARRIER_B,2026-08-15 12:00,GWANGYANG,20FT,0,0,0,0,0,0,0,0
CARRIER_B,2026-08-15 13:00,GWANGYANG,20FT,0,0,0,0,0,0,0,0
CARRIER_B,2026-08-15 14:00,GWANGYANG,20FT,0,0,0,0,0,0,0,0
CARRIER_B,2026-08-15 15:00,GWANGYANG,20FT,0,0,0,0,0,0,0,0
CARRIER_B,2026-08-15 16:00,GWANGYANG,20FT,0,0,0,0,0,0,0,0
CARRIER_B,2026-08-15 17:00,GWANGYANG,20FT,0,0,0,0,0,0,0,0
CARRIER_B,2026-08-15 18:00,GWANGYANG,20FT,0,0,0,0,0,0,0,0
CARRIER_B,2026-08-15 19:00,GWANGYANG,20FT,0,2,0,0,2,2,0,0
CARRIER_B,2026-08-15 20:00,GWANGYANG,20FT,0,0,0,0,2,2,0,0
CARRIER_B,2026-08-15 21:00,GWANGYANG,20FT,0,0,0,0,2,2,0,0
CARRIER_B,2026-08-15 22:00,GWANGYANG,20FT,0,0,0,0,2,2,0,0
CARRIER_B,2026-08-15 23:00,GWANGYANG,20FT,0,0,0,0,2,2,0,0
CARRIER_B,2026-08-16 00:00,GWANGYANG,20FT,0,0,0,0,2,2,0,0
CARRIER_B,2026-08-16 01:00,GWANGYANG,20FT,0,0,0,0,2,2,0,0
CARRIER_B,2026-08-16 02:00,GWANGYANG,20FT,0,0,0,0,2,2,0,0
CARRIER_B,2026-08-16 03:00,GWANGYANG,20FT,0,0,0,0,2,2,0,0
CARRIER_B,2026-08-16 04:00,GWANGYANG,20FT,0,0,0,0,2,2,0,0
CARRIER_B,2026-08-16 05:00,GWANGYANG,20FT,0,0,0,0,2,2,0,0
CARRIER_B,2026-08-16 06:00,GWANGYANG,20FT,0,0,0,0,2,2,0,0
CARRIER_B,2026-08-16 07:00,GWANGYANG,20FT,0,0,0,0,2,2,0,0
CARRIER_B,2026-08-16 08:00,GWANGYANG,20FT,0,0,0,0,2,2,0,0
CARRIER_B,2026-08-16 09:00,GWANGYANG,20FT,0,0,0,0,2,2,0,0
CARRIER_B,2026-08-16 10:00,GWANGYANG,20FT,0,0,0,0,2,2,0,0
CARRIER_B,2026-08-16 11:00,GWANGYANG,20FT,0,0,0,0,2,2,0,0
CARRIER_B,2026-08-16 12:00,GWANGYANG,20FT,1,0,0,0,1,1,0,0
CARRIER_B,2026-08-16 13:00,GWANGYANG,20FT,0,0,0,0,1,1,0,0
CARRIER_B,2026-08-16 14:00,GWANGYANG,20FT,0,0,0,0,1,1,0,0
CARRIER_B,2026-08-16 15:00,GWANGYANG,20FT,0,0,0,0,1,1,0,0
CARRIER_B,2026-08-16 16:00,GWANGYANG,20FT,0,0,0,0,1,1,0,0
CARRIER_B,2026-08-16 17:00,GWANGYANG,20FT,0,0,0,0,1,1,0,0
CARRIER_B,2026-08-16 18:00,GWANGYANG,20FT,0,0,0,0,1,1,0,0
CARRIER_B,2026-08-16 19:00,GWANGYANG,20FT,0,0,0,0,1,1,0,0
CARRIER_B,2026-08-16 20:00,GWANGYANG,20FT,0,1,0,0,2,2,0,0
CARRIER_B,2026-08-16 21:00,GWANGYANG,20FT,0,0,0,0,2,2,0,0
CARRIER_B,2026-08-16 22:00,GWANGYANG,20FT,0,0,0,0,2,2,0,0
CARRIER_B,2026-08-16 23:00,GWANGYANG,20FT,0,0,0,0,2,2,0,0
CARRIER_B,2026-08-10 00:00,GWANGYANG,40FT,0,0,0,0,1,1,0,0
CARRIER_B,2026-08-10 01:00,GWANGYANG,40FT,0,0,0,0,1,1,0,0
CARRIER_B,2026-08-10 02:00,GWANGYANG,40FT,0,0,0,0,1,1,0,0
CARRIER_B,2026-08-10 03:00,GWANGYANG,40FT,0,0,0,0,1,1,0,0
CARRIER_B,2026-08-10 04:00,GWANGYANG,40FT,0,0,0,0,1,1,0,0
CARRIER_B,2026-08-10 05:00,GWANGYANG,40FT,0,0,0,0,1,1,0,0
CARRIER_B,2026-08-10 06:00,GWANGYANG,40FT,0,0,0,0,1,1,0,0
CARRIER_B,2026-08-10 07:00,GWANGYANG,40FT,0,0,0,0,1,1,0,0
CARRIER_B,2026-08-10 08:00,GWANGYANG,40FT,0,0,0,0,1,1,0,0
CARRIER_B,2026-08-10 09:00,GWANGYANG,40FT,0,0,0,0,1,1,0,0
CARRIER_B,2026-08-10 10:00,GWANGYANG,40FT,0,0,0,0,1,1,0,0
CARRIER_B,2026-08-10 11:00,GWANGYANG,40FT,1,0,0,0,0,0,0,0
CARRIER_B,2026-08-10 12:00,GWANGYANG,40FT,0,0,0,0,0,0,0,0
CARRIER_B,2026-08-10 13:00,GWANGYANG,40FT,0,0,0,0,0,0,0,0
CARRIER_B,2026-08-10 14:00,GWANGYANG,40FT,0,0,0,0,0,0,0,0
CARRIER_B,2026-08-10 15:00,GWANGYANG,40FT,0,0,0,0,0,0,0,0
CARRIER_B,2026-08-10 16:00,GWANGYANG,40FT,0,1,0,0,1,1,0,0
CARRIER_B,2026-08-10 17:00,GWANGYANG,40FT,0,0,0,0,1,1,0,0
CARRIER_B,2026-08-10 18:00,GWANGYANG,40FT,0,0,0,0,1,1,0,0
CARRIER_B,2026-08-10 19:00,GWANGYANG,40FT,0,0,0,0,1,1,0,0
CARRIER_B,2026-08-10 20:00,GWANGYANG,40FT,0,0,0,0,1,1,0,0
CARRIER_B,2026-08-10 21:00,GWANGYANG,40FT,0,0,0,0,1,1,0,0
CARRIER_B,2026-08-10 22:00,GWANGYANG,40FT,0,0,0,0,1,1,0,0
CARRIER_B,2026-08-10 23:00,GWANGYANG,40FT,0,0,0,0,1,1,0,0
CARRIER_B,2026-08-11 00:00,GWANGYANG,40FT,0,0,0,0,1,1,0,0
CARRIER_B,2026-08-11 01:00,GWANGYANG,40FT,0,0,0,0,1,1,0,0
CARRIER_B,2026-08-11 02:00,GWANGYANG,40FT,0,0,0,0,1,1,0,0
CARRIER_B,2026-08-11 03:00,GWANGYANG,40FT,0,0,0,0,1,1,0,0
CARRIER_B,2026-08-11 04:00,GWANGYANG,40FT,0,0,0,0,1,1,0,0
CARRIER_B,2026-08-11 05:00,GWANGYANG,40FT,0,0,0,0,1,1,0,0
CARRIER_B,2026-08-11 06:00,GWANGYANG,40FT,0,0,0,0,1,1,0,0
CARRIER_B,2026-08-11 07:00,GWANGYANG,40FT,0,0,0,0,1,1,0,0
CARRIER_B,2026-08-11 08:00,GWANGYANG,40FT,0,0,0,0,1,1,0,0
CARRIER_B,2026-08-11 09:00,GWANGYANG,40FT,0,0,0,0,1,1,0,0
CARRIER_B,2026-08-11 10:00,GWANGYANG,40FT,0,0,0,0,1,1,0,0
CARRIER_B,2026-08-11 11:00,GWANGYANG,40FT,0,0,0,0,1,1,0,0
CARRIER_B,2026-08-11 12:00,GWANGYANG,40FT,0,0,0,0,1,1,0,0
CARRIER_B,2026-08-11 13:00,GWANGYANG,40FT,0,0,0,0,1,1,0,0
CARRIER_B,2026-08-11 14:00,GWANGYANG,40FT,0,0,0,0,1,1,0,0
CARRIER_B,2026-08-11 15:00,GWANGYANG,40FT,0,0,0,0,1,1,0,0
CARRIER_B,2026-08-11 16:00,GWANGYANG,40FT,0,0,0,0,1,1,0,0
CARRIER_B,2026-08-11 17:00,GWANGYANG,40FT,0,0,0,0,1,1,0,0
CARRIER_B,2026-08-11 18:00,GWANGYANG,40FT,0,0,0,0,1,1,0,0
CARRIER_B,2026-08-11 19:00,GWANGYANG,40FT,0,0,0,0,1,1,0,0
CARRIER_B,2026-08-11 20:00,GWANGYANG,40FT,0,0,0,0,1,1,0,0
CARRIER_B,2026-08-11 21:00,GWANGYANG,40FT,0,0,0,0,1,1,0,0
CARRIER_B,2026-08-11 22:00,GWANGYANG,40FT,0,0,0,0,1,1,0,0
CARRIER_B,2026-08-11 23:00,GWANGYANG,40FT,0,0,0,0,1,1,0,0
CARRIER_B,2026-08-12 00:00,GWANGYANG,40FT,0,0,0,0,1,1,0,0
CARRIER_B,2026-08-12 01:00,GWANGYANG,40FT,0,0,0,0,1,1,0,0
CARRIER_B,2026-08-12 02:00,GWANGYANG,40FT,0,0,0,0,1,1,0,0
CARRIER_B,2026-08-12 03:00,GWANGYANG,40FT,0,0,0,0,1,1,0,0
CARRIER_B,2026-08-12 04:00,GWANGYANG,40FT,0,0,0,0,1,1,0,0
CARRIER_B,2026-08-12 05:00,GWANGYANG,40FT,0,0,0,0,1,1,0,0
CARRIER_B,2026-08-12 06:00,GWANGYANG,40FT,0,0,0,0,1,1,0,0
CARRIER_B,2026-08-12 07:00,GWANGYANG,40FT,0,0,0,0,1,1,0,0
CARRIER_B,2026-08-12 08:00,GWANGYANG,40FT,0,0,0,0,1,1,0,0
CARRIER_B,2026-08-12 09:00,GWANGYANG,40FT,0,0,0,0,1,1,0,0
CARRIER_B,2026-08-12 10:00,GWANGYANG,40FT,0,0,0,0,1,1,0,0
CARRIER_B,2026-08-12 11:00,GWANGYANG,40FT,0,0,0,0,1,1,0,0
CARRIER_B,2026-08-12 12:00,GWANGYANG,40FT,0,0,0,0,1,1,0,0
CARRIER_B,2026-08-12 13:00,GWANGYANG,40FT,0,0,0,0,1,1,0,0
CARRIER_B,2026-08-12 14:00,GWANGYANG,40FT,0,0,0,0,1,1,0,0
CARRIER_B,2026-08-12 15:00,GWANGYANG,40FT,0,0,0,0,1,1,0,0
CARRIER_B,2026-08-12 16:00,GWANGYANG,40FT,0,0,0,0,1,1,0,0
CARRIER_B,2026-08-12 17:00,GWANGYANG,40FT,0,0,0,0,1,1,0,0
CARRIER_B,2026-08-12 18:00,GWANGYANG,40FT,0,0,0,0,1,1,0,0
CARRIER_B,2026-08-12 19:00,GWANGYANG,40FT,0,0,0,0,1,1,0,0
CARRIER_B,2026-08-12 20:00,GWANGYANG,40FT,0,0,0,0,1,1,0,0
CARRIER_B,2026-08-12 21:00,GWANGYANG,40FT,0,0,0,0,1,1,0,0
CARRIER_B,2026-08-12 22:00,GWANGYANG,40FT,0,0,0,0,1,1,0,0
CARRIER_B,2026-08-12 23:00,GWANGYANG,40FT,0,0,0,0,1,1,0,0
CARRIER_B,2026-08-13 00:00,GWANGYANG,40FT,0,0,0,0,1,1,0,0
CARRIER_B,2026-08-13 01:00,GWANGYANG,40FT,0,0,0,0,1,1,0,0
CARRIER_B,2026-08-13 02:00,GWANGYANG,40FT,0,0,0,0,1,1,0,0
CARRIER_B,2026-08-13 03:00,GWANGYANG,40FT,0,0,0,0,1,1,0,0
CARRIER_B,2026-08-13 04:00,GWANGYANG,40FT,0,0,0,0,1,1,0,0
CARRIER_B,2026-08-13 05:00,GWANGYANG,40FT,0,0,0,0,1,1,0,0
CARRIER_B,2026-08-13 06:00,GWANGYANG,40FT,0,0,0,0,1,1,0,0
CARRIER_B,2026-08-13 07:00,GWANGYANG,40FT,0,0,0,0,1,1,0,0
CARRIER_B,2026-08-13 08:00,GWANGYANG,40FT,0,0,0,0,1,1,0,0
CARRIER_B,2026-08-13 09:00,GWANGYANG,40FT,0,0,0,0,1,1,0,0
CARRIER_B,2026-08-13 10:00,GWANGYANG,40FT,0,0,0,0,1,1,0,0
CARRIER_B,2026-08-13 11:00,GWANGYANG,40FT,1,0,0,0,0,0,0,0
CARRIER_B,2026-08-13 12:00,GWANGYANG,40FT,0,1,0,0,1,1,0,0
CARRIER_B,2026-08-13 13:00,GWANGYANG,40FT,0,0,0,0,1,1,0,0
CARRIER_B,2026-08-13 14:00,GWANGYANG,40FT,0,0,0,0,1,1,0,0
CARRIER_B,2026-08-13 15:00,GWANGYANG,40FT,0,0,0,0,1,1,0,0
CARRIER_B,2026-08-13 16:00,GWANGYANG,40FT,0,0,0,0,1,1,0,0
CARRIER_B,2026-08-13 17:00,GWANGYANG,40FT,0,1,0,0,2,2,0,0
CARRIER_B,2026-08-13 18:00,GWANGYANG,40FT,0,0,0,0,2,2,0,0
CARRIER_B,2026-08-13 19:00,GWANGYANG,40FT,0,0,0,0,2,2,0,0
CARRIER_B,2026-08-13 20:00,GWANGYANG,40FT,0,0,0,0,2,2,0,0
CARRIER_B,2026-08-13 21:00,GWANGYANG,40FT,0,0,0,0,2,2,0,0
CARRIER_B,2026-08-13 22:00,GWANGYANG,40FT,0,0,0,0,2,2,0,0
CARRIER_B,2026-08-13 23:00,GWANGYANG,40FT,0,0,0,0,2,2,0,0
CARRIER_B,2026-08-14 00:00,GWANGYANG,40FT,0,0,0,0,2,2,0,0
CARRIER_B,2026-08-14 01:00,GWANGYANG,40FT,0,0,0,0,2,2,0,0
CARRIER_B,2026-08-14 02:00,GWANGYANG,40FT,0,0,0,0,2,2,0,0
CARRIER_B,2026-08-14 03:00,GWANGYANG,40FT,0,0,0,0,2,2,0,0
CARRIER_B,2026-08-14 04:00,GWANGYANG,40FT,0,0,0,0,2,2,0,0
CARRIER_B,2026-08-14 05:00,GWANGYANG,40FT,0,0,0,0,2,2,0,0
CARRIER_B,2026-08-14 06:00,GWANGYANG,40FT,0,0,0,0,2,2,0,0
CARRIER_B,2026-08-14 07:00,GWANGYANG,40FT,0,0,0,0,2,2,0,0
CARRIER_B,2026-08-14 08:00,GWANGYANG,40FT,0,0,0,0,2,2,0,0
CARRIER_B,2026-08-14 09:00,GWANGYANG,40FT,0,0,0,0,2,2,0,0
CARRIER_B,2026-08-14 10:00,GWANGYANG,40FT,0,0,0,0,2,2,0,0
CARRIER_B,2026-08-14 11:00,GWANGYANG,40FT,0,0,0,0,2,2,0,0
CARRIER_B,2026-08-14 12:00,GWANGYANG,40FT,0,0,0,0,2,2,0,0
CARRIER_B,2026-08-14 13:00,GWANGYANG,40FT,0,0,0,0,2,2,0,0
CARRIER_B,2026-08-14 14:00,GWANGYANG,40FT,1,0,0,0,1,1,0,0
CARRIER_B,2026-08-14 15:00,GWANGYANG,40FT,0,0,0,0,1,1,0,0
CARRIER_B,2026-08-14 16:00,GWANGYANG,40FT,0,0,0,0,1,1,0,0
CARRIER_B,2026-08-14 17:00,GWANGYANG,40FT,0,0,0,0,1,1,0,0
CARRIER_B,2026-08-14 18:00,GWANGYANG,40FT,0,0,0,0,1,1,0,0
CARRIER_B,2026-08-14 19:00,GWANGYANG,40FT,0,0,0,0,1,1,0,0
CARRIER_B,2026-08-14 20:00,GWANGYANG,40FT,0,0,0,0,1,1,0,0
CARRIER_B,2026-08-14 21:00,GWANGYANG,40FT,0,0,0,0,1,1,0,0
CARRIER_B,2026-08-14 22:00,GWANGYANG,40FT,0,0,0,0,1,1,0,0
CARRIER_B,2026-08-14 23:00,GWANGYANG,40FT,0,0,0,0,1,1,0,0
CARRIER_B,2026-08-15 00:00,GWANGYANG,40FT,0,0,0,0,1,1,0,0
CARRIER_B,2026-08-15 01:00,GWANGYANG,40FT,0,0,0,0,1,1,0,0
CARRIER_B,2026-08-15 02:00,GWANGYANG,40FT,0,1,0,0,2,2,0,0
CARRIER_B,2026-08-15 03:00,GWANGYANG,40FT,0,0,0,0,2,2,0,0
CARRIER_B,2026-08-15 04:00,GWANGYANG,40FT,0,0,0,0,2,2,0,0
CARRIER_B,2026-08-15 05:00,GWANGYANG,40FT,0,0,0,0,2,2,0,0
CARRIER_B,2026-08-15 06:00,GWANGYANG,40FT,0,0,0,0,2,2,0,0
CARRIER_B,2026-08-15 07:00,GWANGYANG,40FT,0,0,0,0,2,2,0,0
CARRIER_B,2026-08-15 08:00,GWANGYANG,40FT,0,0,0,0,2,2,0,0
CARRIER_B,2026-08-15 09:00,GWANGYANG,40FT,0,0,0,0,2,2,0,0
CARRIER_B,2026-08-15 10:00,GWANGYANG,40FT,0,0,0,0,2,2,0,0
CARRIER_B,2026-08-15 11:00,GWANGYANG,40FT,0,0,0,0,2,2,0,0
CARRIER_B,2026-08-15 12:00,GWANGYANG,40FT,0,0,0,0,2,2,0,0
CARRIER_B,2026-08-15 13:00,GWANGYANG,40FT,0,0,0,0,2,2,0,0
CARRIER_B,2026-08-15 14:00,GWANGYANG,40FT,0,0,0,0,2,2,0,0
CARRIER_B,2026-08-15 15:00,GWANGYANG,40FT,0,0,0,0,2,2,0,0
CARRIER_B,2026-08-15 16:00,GWANGYANG,40FT,0,0,0,0,2,2,0,0
CARRIER_B,2026-08-15 17:00,GWANGYANG,40FT,0,0,0,0,2,2,0,0
CARRIER_B,2026-08-15 18:00,GWANGYANG,40FT,0,0,0,0,2,2,0,0
CARRIER_B,2026-08-15 19:00,GWANGYANG,40FT,0,0,0,0,2,2,0,0
CARRIER_B,2026-08-15 20:00,GWANGYANG,40FT,0,0,0,0,2,2,0,0
CARRIER_B,2026-08-15 21:00,GWANGYANG,40FT,0,0,0,0,2,2,0,0
CARRIER_B,2026-08-15 22:00,GWANGYANG,40FT,0,0,0,0,2,2,0,0
CARRIER_B,2026-08-15 23:00,GWANGYANG,40FT,0,0,0,0,2,2,0,0
CARRIER_B,2026-08-16 00:00,GWANGYANG,40FT,0,0,0,0,2,2,0,0
CARRIER_B,2026-08-16 01:00,GWANGYANG,40FT,0,0,0,0,2,2,0,0
CARRIER_B,2026-08-16 02:00,GWANGYANG,40FT,0,0,0,0,2,2,0,0
CARRIER_B,2026-08-16 03:00,GWANGYANG,40FT,0,0,0,0,2,2,0,0
CARRIER_B,2026-08-16 04:00,GWANGYANG,40FT,0,0,0,0,2,2,0,0
CARRIER_B,2026-08-16 05:00,GWANGYANG,40FT,0,0,0,0,2,2,0,0
CARRIER_B,2026-08-16 06:00,GWANGYANG,40FT,0,0,0,0,2,2,0,0
CARRIER_B,2026-08-16 07:00,GWANGYANG,40FT,0,0,0,0,2,2,0,0
CARRIER_B,2026-08-16 08:00,GWANGYANG,40FT,0,0,0,0,2,2,0,0
CARRIER_B,2026-08-16 09:00,GWANGYANG,40FT,0,0,0,0,2,2,0,0
CARRIER_B,2026-08-16 10:00,GWANGYANG,40FT,0,0,0,0,2,2,0,0
CARRIER_B,2026-08-16 11:00,GWANGYANG,40FT,0,0,0,0,2,2,0,0
CARRIER_B,2026-08-16 12:00,GWANGYANG,40FT,0,0,0,0,2,2,0,0
CARRIER_B,2026-08-16 13:00,GWANGYANG,40FT,0,0,0,0,2,2,0,0
CARRIER_B,2026-08-16 14:00,GWANGYANG,40FT,0,0,0,0,2,2,0,0
CARRIER_B,2026-08-16 15:00,GWANGYANG,40FT,0,0,0,0,2,2,0,0
CARRIER_B,2026-08-16 16:00,GWANGYANG,40FT,0,0,0,0,2,2,0,0
CARRIER_B,2026-08-16 17:00,GWANGYANG,40FT,0,0,0,0,2,2,0,0
CARRIER_B,2026-08-16 18:00,GWANGYANG,40FT,0,0,0,0,2,2,0,0
CARRIER_B,2026-08-16 19:00,GWANGYANG,40FT,0,0,0,0,2,2,0,0
CARRIER_B,2026-08-16 20:00,GWANGYANG,40FT,0,0,0,0,2,2,0,0
CARRIER_B,2026-08-16 21:00,GWANGYANG,40FT,0,0,0,0,2,2,0,0
CARRIER_B,2026-08-16 22:00,GWANGYANG,40FT,0,0,0,0,2,2,0,0
CARRIER_B,2026-08-16 23:00,GWANGYANG,40FT,0,0,0,0,2,2,0,0
CARRIER_B,2026-08-10 00:00,UIWANG,20FT,0,0,0,0,35,35,0,0
CARRIER_B,2026-08-10 01:00,UIWANG,20FT,0,0,0,0,35,35,0,0
CARRIER_B,2026-08-10 02:00,UIWANG,20FT,0,0,0,0,35,35,0,0
CARRIER_B,2026-08-10 03:00,UIWANG,20FT,0,0,0,10,35,25,0,0
CARRIER_B,2026-08-10 04:00,UIWANG,20FT,0,0,0,0,35,25,0,0
CARRIER_B,2026-08-10 05:00,UIWANG,20FT,0,0,0,0,35,25,0,0
CARRIER_B,2026-08-10 06:00,UIWANG,20FT,0,0,0,0,35,25,0,0
CARRIER_B,2026-08-10 07:00,UIWANG,20FT,0,1,0,0,36,26,0,0
CARRIER_B,2026-08-10 08:00,UIWANG,20FT,0,0,0,0,36,26,0,0
CARRIER_B,2026-08-10 09:00,UIWANG,20FT,1,2,0,0,37,27,0,0
CARRIER_B,2026-08-10 10:00,UIWANG,20FT,0,1,0,0,38,28,0,0
CARRIER_B,2026-08-10 11:00,UIWANG,20FT,1,1,0,0,38,28,0,0
CARRIER_B,2026-08-10 12:00,UIWANG,20FT,0,2,0,0,40,30,0,0
CARRIER_B,2026-08-10 13:00,UIWANG,20FT,0,1,0,0,41,31,0,0
CARRIER_B,2026-08-10 14:00,UIWANG,20FT,1,4,0,0,44,34,0,0
CARRIER_B,2026-08-10 15:00,UIWANG,20FT,1,2,0,0,45,35,0,0
CARRIER_B,2026-08-10 16:00,UIWANG,20FT,0,2,0,0,47,37,0,0
CARRIER_B,2026-08-10 17:00,UIWANG,20FT,1,1,0,0,47,37,0,0
CARRIER_B,2026-08-10 18:00,UIWANG,20FT,0,0,0,0,47,37,0,0
CARRIER_B,2026-08-10 19:00,UIWANG,20FT,0,1,0,0,48,38,0,0
CARRIER_B,2026-08-10 20:00,UIWANG,20FT,0,0,0,0,48,38,0,0
CARRIER_B,2026-08-10 21:00,UIWANG,20FT,0,0,0,0,48,38,0,0
CARRIER_B,2026-08-10 22:00,UIWANG,20FT,0,0,0,0,48,38,0,0
CARRIER_B,2026-08-10 23:00,UIWANG,20FT,0,0,0,0,48,38,0,0
CARRIER_B,2026-08-11 00:00,UIWANG,20FT,0,0,0,0,48,38,0,0
CARRIER_B,2026-08-11 01:00,UIWANG,20FT,0,0,0,0,48,38,0,0
CARRIER_B,2026-08-11 02:00,UIWANG,20FT,0,0,0,0,48,38,0,0
CARRIER_B,2026-08-11 03:00,UIWANG,20FT,0,0,0,0,48,38,0,0
CARRIER_B,2026-08-11 04:00,UIWANG,20FT,0,0,0,0,48,38,0,0
CARRIER_B,2026-08-11 05:00,UIWANG,20FT,0,0,0,0,48,38,0,0
CARRIER_B,2026-08-11 06:00,UIWANG,20FT,0,0,0,0,48,38,0,0
CARRIER_B,2026-08-11 07:00,UIWANG,20FT,1,0,0,0,47,37,0,0
CARRIER_B,2026-08-11 08:00,UIWANG,20FT,0,0,0,0,47,37,0,0
CARRIER_B,2026-08-11 09:00,UIWANG,20FT,0,0,0,13,47,24,0,0
CARRIER_B,2026-08-11 10:00,UIWANG,20FT,2,1,0,0,46,23,0,0
CARRIER_B,2026-08-11 11:00,UIWANG,20FT,0,1,0,0,47,24,0,0
CARRIER_B,2026-08-11 12:00,UIWANG,20FT,0,1,0,0,48,25,0,0
CARRIER_B,2026-08-11 13:00,UIWANG,20FT,0,1,0,0,49,26,0,0
CARRIER_B,2026-08-11 14:00,UIWANG,20FT,1,1,0,0,49,26,0,0
CARRIER_B,2026-08-11 15:00,UIWANG,20FT,0,2,0,0,51,28,0,0
CARRIER_B,2026-08-11 16:00,UIWANG,20FT,0,1,0,0,52,29,0,0
CARRIER_B,2026-08-11 17:00,UIWANG,20FT,1,0,0,0,51,28,0,0
CARRIER_B,2026-08-11 18:00,UIWANG,20FT,0,1,0,0,52,29,0,0
CARRIER_B,2026-08-11 19:00,UIWANG,20FT,0,0,0,0,52,29,0,0
CARRIER_B,2026-08-11 20:00,UIWANG,20FT,0,1,0,0,53,30,0,0
CARRIER_B,2026-08-11 21:00,UIWANG,20FT,0,0,0,0,53,30,0,0
CARRIER_B,2026-08-11 22:00,UIWANG,20FT,0,0,0,0,53,30,0,0
CARRIER_B,2026-08-11 23:00,UIWANG,20FT,0,0,0,0,53,30,0,0
CARRIER_B,2026-08-12 00:00,UIWANG,20FT,0,0,0,0,53,30,0,0
CARRIER_B,2026-08-12 01:00,UIWANG,20FT,0,0,0,0,53,30,0,0
CARRIER_B,2026-08-12 02:00,UIWANG,20FT,0,0,0,0,53,30,0,0
CARRIER_B,2026-08-12 03:00,UIWANG,20FT,0,0,0,0,53,30,0,0
CARRIER_B,2026-08-12 04:00,UIWANG,20FT,0,0,0,0,53,30,0,0
CARRIER_B,2026-08-12 05:00,UIWANG,20FT,1,0,0,0,52,29,0,0
CARRIER_B,2026-08-12 06:00,UIWANG,20FT,0,1,0,0,53,30,0,0
CARRIER_B,2026-08-12 07:00,UIWANG,20FT,0,0,0,0,53,30,0,0
CARRIER_B,2026-08-12 08:00,UIWANG,20FT,1,1,0,0,53,30,0,0
CARRIER_B,2026-08-12 09:00,UIWANG,20FT,0,1,0,0,54,31,0,0
CARRIER_B,2026-08-12 10:00,UIWANG,20FT,1,1,0,0,54,31,0,0
CARRIER_B,2026-08-12 11:00,UIWANG,20FT,1,1,0,0,54,31,0,0
CARRIER_B,2026-08-12 12:00,UIWANG,20FT,0,0,0,0,54,31,0,0
CARRIER_B,2026-08-12 13:00,UIWANG,20FT,1,1,0,0,54,31,0,0
CARRIER_B,2026-08-12 14:00,UIWANG,20FT,0,0,0,0,54,31,0,0
CARRIER_B,2026-08-12 15:00,UIWANG,20FT,1,1,0,0,54,31,0,0
CARRIER_B,2026-08-12 16:00,UIWANG,20FT,1,1,0,0,54,31,0,0
CARRIER_B,2026-08-12 17:00,UIWANG,20FT,0,2,0,0,56,33,0,0
CARRIER_B,2026-08-12 18:00,UIWANG,20FT,0,0,0,0,56,33,0,0
CARRIER_B,2026-08-12 19:00,UIWANG,20FT,0,0,0,0,56,33,0,0
CARRIER_B,2026-08-12 20:00,UIWANG,20FT,0,0,0,0,56,33,0,0
CARRIER_B,2026-08-12 21:00,UIWANG,20FT,0,1,0,0,57,34,0,0
CARRIER_B,2026-08-12 22:00,UIWANG,20FT,0,0,0,0,57,34,0,0
CARRIER_B,2026-08-12 23:00,UIWANG,20FT,0,0,0,0,57,34,0,0
CARRIER_B,2026-08-13 00:00,UIWANG,20FT,0,0,0,0,57,34,0,0
CARRIER_B,2026-08-13 01:00,UIWANG,20FT,0,0,0,0,57,34,0,0
CARRIER_B,2026-08-13 02:00,UIWANG,20FT,0,0,0,0,57,34,0,0
CARRIER_B,2026-08-13 03:00,UIWANG,20FT,0,0,0,0,57,34,0,0
CARRIER_B,2026-08-13 04:00,UIWANG,20FT,0,0,0,0,57,34,0,0
CARRIER_B,2026-08-13 05:00,UIWANG,20FT,0,0,0,0,57,34,0,0
CARRIER_B,2026-08-13 06:00,UIWANG,20FT,0,0,0,0,57,34,0,0
CARRIER_B,2026-08-13 07:00,UIWANG,20FT,0,0,0,0,57,34,0,0
CARRIER_B,2026-08-13 08:00,UIWANG,20FT,0,2,0,0,59,36,0,0
CARRIER_B,2026-08-13 09:00,UIWANG,20FT,1,0,0,0,58,35,0,0
CARRIER_B,2026-08-13 10:00,UIWANG,20FT,1,0,0,0,57,34,0,0
CARRIER_B,2026-08-13 11:00,UIWANG,20FT,0,1,0,0,58,35,0,0
CARRIER_B,2026-08-13 12:00,UIWANG,20FT,0,2,0,0,60,37,0,0
CARRIER_B,2026-08-13 13:00,UIWANG,20FT,0,2,0,0,62,39,0,0
CARRIER_B,2026-08-13 14:00,UIWANG,20FT,1,0,0,0,61,38,0,0
CARRIER_B,2026-08-13 15:00,UIWANG,20FT,0,2,0,0,63,40,0,0
CARRIER_B,2026-08-13 16:00,UIWANG,20FT,0,3,0,0,66,43,0,0
CARRIER_B,2026-08-13 17:00,UIWANG,20FT,0,2,0,0,68,45,0,0
CARRIER_B,2026-08-13 18:00,UIWANG,20FT,0,1,0,0,69,46,0,0
CARRIER_B,2026-08-13 19:00,UIWANG,20FT,0,0,0,0,69,46,0,0
CARRIER_B,2026-08-13 20:00,UIWANG,20FT,0,1,0,0,70,47,0,0
CARRIER_B,2026-08-13 21:00,UIWANG,20FT,0,1,0,0,71,48,0,0
CARRIER_B,2026-08-13 22:00,UIWANG,20FT,0,0,0,0,71,48,0,0
CARRIER_B,2026-08-13 23:00,UIWANG,20FT,0,0,0,0,71,48,0,0
CARRIER_B,2026-08-14 00:00,UIWANG,20FT,0,0,0,0,71,48,0,0
CARRIER_B,2026-08-14 01:00,UIWANG,20FT,0,0,0,0,71,48,0,0
CARRIER_B,2026-08-14 02:00,UIWANG,20FT,0,0,0,0,71,48,0,0
CARRIER_B,2026-08-14 03:00,UIWANG,20FT,0,0,0,0,71,48,0,0
CARRIER_B,2026-08-14 04:00,UIWANG,20FT,0,0,0,0,71,48,0,0
CARRIER_B,2026-08-14 05:00,UIWANG,20FT,0,0,0,0,71,48,0,0
CARRIER_B,2026-08-14 06:00,UIWANG,20FT,1,0,0,0,70,47,0,0
CARRIER_B,2026-08-14 07:00,UIWANG,20FT,0,0,0,0,70,47,0,0
CARRIER_B,2026-08-14 08:00,UIWANG,20FT,0,1,0,0,71,48,0,0
CARRIER_B,2026-08-14 09:00,UIWANG,20FT,0,0,0,0,71,48,0,0
CARRIER_B,2026-08-14 10:00,UIWANG,20FT,0,1,0,0,72,49,0,0
CARRIER_B,2026-08-14 11:00,UIWANG,20FT,1,1,0,0,72,49,0,0
CARRIER_B,2026-08-14 12:00,UIWANG,20FT,0,0,0,0,72,49,0,0
CARRIER_B,2026-08-14 13:00,UIWANG,20FT,0,1,0,0,73,50,0,0
CARRIER_B,2026-08-14 14:00,UIWANG,20FT,0,0,0,0,73,50,0,0
CARRIER_B,2026-08-14 15:00,UIWANG,20FT,0,2,0,0,75,52,0,0
CARRIER_B,2026-08-14 16:00,UIWANG,20FT,0,1,0,0,76,53,0,0
CARRIER_B,2026-08-14 17:00,UIWANG,20FT,0,2,0,0,78,55,0,0
CARRIER_B,2026-08-14 18:00,UIWANG,20FT,0,0,0,0,78,55,0,0
CARRIER_B,2026-08-14 19:00,UIWANG,20FT,1,1,0,0,78,55,0,0
CARRIER_B,2026-08-14 20:00,UIWANG,20FT,0,1,0,0,79,56,0,0
CARRIER_B,2026-08-14 21:00,UIWANG,20FT,0,0,0,0,79,56,0,0
CARRIER_B,2026-08-14 22:00,UIWANG,20FT,0,0,0,0,79,56,0,0
CARRIER_B,2026-08-14 23:00,UIWANG,20FT,0,0,0,0,79,56,0,0
CARRIER_B,2026-08-15 00:00,UIWANG,20FT,0,0,0,0,79,56,0,0
CARRIER_B,2026-08-15 01:00,UIWANG,20FT,0,0,0,0,79,56,0,0
CARRIER_B,2026-08-15 02:00,UIWANG,20FT,0,0,0,0,79,56,0,0
CARRIER_B,2026-08-15 03:00,UIWANG,20FT,0,0,0,0,79,56,0,0
CARRIER_B,2026-08-15 04:00,UIWANG,20FT,0,0,0,0,79,56,0,0
CARRIER_B,2026-08-15 05:00,UIWANG,20FT,0,0,0,0,79,56,0,0
CARRIER_B,2026-08-15 06:00,UIWANG,20FT,0,0,0,0,79,56,0,0
CARRIER_B,2026-08-15 07:00,UIWANG,20FT,0,0,0,0,79,56,0,0
CARRIER_B,2026-08-15 08:00,UIWANG,20FT,0,1,0,0,80,57,0,0
CARRIER_B,2026-08-15 09:00,UIWANG,20FT,1,1,0,0,80,57,0,0
CARRIER_B,2026-08-15 10:00,UIWANG,20FT,0,0,0,0,80,57,0,0
CARRIER_B,2026-08-15 11:00,UIWANG,20FT,0,1,0,0,81,58,0,0
CARRIER_B,2026-08-15 12:00,UIWANG,20FT,0,0,0,0,81,58,0,0
CARRIER_B,2026-08-15 13:00,UIWANG,20FT,0,1,0,0,82,59,0,0
CARRIER_B,2026-08-15 14:00,UIWANG,20FT,1,0,0,0,81,58,0,0
CARRIER_B,2026-08-15 15:00,UIWANG,20FT,0,1,0,0,82,59,0,0
CARRIER_B,2026-08-15 16:00,UIWANG,20FT,0,1,0,0,83,60,0,0
CARRIER_B,2026-08-15 17:00,UIWANG,20FT,0,0,0,0,83,60,0,0
CARRIER_B,2026-08-15 18:00,UIWANG,20FT,1,1,0,0,83,60,0,0
CARRIER_B,2026-08-15 19:00,UIWANG,20FT,0,1,0,0,84,61,0,0
CARRIER_B,2026-08-15 20:00,UIWANG,20FT,0,0,0,0,84,61,0,0
CARRIER_B,2026-08-15 21:00,UIWANG,20FT,0,0,0,0,84,61,0,0
CARRIER_B,2026-08-15 22:00,UIWANG,20FT,0,0,0,0,84,61,0,0
CARRIER_B,2026-08-15 23:00,UIWANG,20FT,0,0,0,0,84,61,0,0
CARRIER_B,2026-08-16 00:00,UIWANG,20FT,0,0,0,0,84,61,0,0
CARRIER_B,2026-08-16 01:00,UIWANG,20FT,0,0,0,0,84,61,0,0
CARRIER_B,2026-08-16 02:00,UIWANG,20FT,0,0,0,0,84,61,0,0
CARRIER_B,2026-08-16 03:00,UIWANG,20FT,0,0,0,0,84,61,0,0
CARRIER_B,2026-08-16 04:00,UIWANG,20FT,0,0,0,0,84,61,0,0
CARRIER_B,2026-08-16 05:00,UIWANG,20FT,0,0,0,0,84,61,0,0
CARRIER_B,2026-08-16 06:00,UIWANG,20FT,0,0,0,0,84,61,0,0
CARRIER_B,2026-08-16 07:00,UIWANG,20FT,0,1,0,0,85,62,0,0
CARRIER_B,2026-08-16 08:00,UIWANG,20FT,1,1,0,0,85,62,0,0
CARRIER_B,2026-08-16 09:00,UIWANG,20FT,0,1,0,0,86,63,0,0
CARRIER_B,2026-08-16 10:00,UIWANG,20FT,1,0,0,0,85,62,0,0
CARRIER_B,2026-08-16 11:00,UIWANG,20FT,0,0,0,0,85,62,0,0
CARRIER_B,2026-08-16 12:00,UIWANG,20FT,0,2,0,0,87,64,0,0
CARRIER_B,2026-08-16 13:00,UIWANG,20FT,0,0,0,0,87,64,0,0
CARRIER_B,2026-08-16 14:00,UIWANG,20FT,0,2,0,0,89,66,0,0
CARRIER_B,2026-08-16 15:00,UIWANG,20FT,1,1,0,0,89,66,0,0
CARRIER_B,2026-08-16 16:00,UIWANG,20FT,0,2,0,0,91,68,0,0
CARRIER_B,2026-08-16 17:00,UIWANG,20FT,0,2,0,0,93,70,0,0
CARRIER_B,2026-08-16 18:00,UIWANG,20FT,0,1,0,0,94,71,0,0
CARRIER_B,2026-08-16 19:00,UIWANG,20FT,0,1,0,0,95,72,0,0
CARRIER_B,2026-08-16 20:00,UIWANG,20FT,0,0,0,0,95,72,0,0
CARRIER_B,2026-08-16 21:00,UIWANG,20FT,0,0,0,0,95,72,0,0
CARRIER_B,2026-08-16 22:00,UIWANG,20FT,0,0,0,0,95,72,0,0
CARRIER_B,2026-08-16 23:00,UIWANG,20FT,0,0,0,0,95,72,0,0
CARRIER_B,2026-08-10 00:00,UIWANG,40FT,0,0,0,0,11,11,0,0
CARRIER_B,2026-08-10 01:00,UIWANG,40FT,0,0,0,0,11,11,0,0
CARRIER_B,2026-08-10 02:00,UIWANG,40FT,0,0,0,0,11,11,0,0
CARRIER_B,2026-08-10 03:00,UIWANG,40FT,0,0,0,0,11,11,0,0
CARRIER_B,2026-08-10 04:00,UIWANG,40FT,0,0,0,0,11,11,0,0
CARRIER_B,2026-08-10 05:00,UIWANG,40FT,0,0,0,0,11,11,0,0
CARRIER_B,2026-08-10 06:00,UIWANG,40FT,0,1,0,0,12,12,0,0
CARRIER_B,2026-08-10 07:00,UIWANG,40FT,0,0,0,0,12,12,0,0
CARRIER_B,2026-08-10 08:00,UIWANG,40FT,1,0,0,0,11,11,0,0
CARRIER_B,2026-08-10 09:00,UIWANG,40FT,0,0,0,0,11,11,0,0
CARRIER_B,2026-08-10 10:00,UIWANG,40FT,0,0,0,0,11,11,0,0
CARRIER_B,2026-08-10 11:00,UIWANG,40FT,0,0,0,0,11,11,0,0
CARRIER_B,2026-08-10 12:00,UIWANG,40FT,0,0,0,0,11,11,0,0
CARRIER_B,2026-08-10 13:00,UIWANG,40FT,1,1,0,0,11,11,0,0
CARRIER_B,2026-08-10 14:00,UIWANG,40FT,0,0,0,0,11,11,0,0
CARRIER_B,2026-08-10 15:00,UIWANG,40FT,0,0,0,0,11,11,0,0
CARRIER_B,2026-08-10 16:00,UIWANG,40FT,0,0,0,0,11,11,0,0
CARRIER_B,2026-08-10 17:00,UIWANG,40FT,0,1,0,0,12,12,0,0
CARRIER_B,2026-08-10 18:00,UIWANG,40FT,0,0,0,0,12,12,0,0
CARRIER_B,2026-08-10 19:00,UIWANG,40FT,0,0,0,0,12,12,0,0
CARRIER_B,2026-08-10 20:00,UIWANG,40FT,0,0,0,0,12,12,0,0
CARRIER_B,2026-08-10 21:00,UIWANG,40FT,0,0,0,0,12,12,0,0
CARRIER_B,2026-08-10 22:00,UIWANG,40FT,0,0,0,0,12,12,0,0
CARRIER_B,2026-08-10 23:00,UIWANG,40FT,0,0,0,0,12,12,0,0
CARRIER_B,2026-08-11 00:00,UIWANG,40FT,0,0,0,0,12,12,0,0
CARRIER_B,2026-08-11 01:00,UIWANG,40FT,0,0,0,0,12,12,0,0
CARRIER_B,2026-08-11 02:00,UIWANG,40FT,0,0,0,0,12,12,0,0
CARRIER_B,2026-08-11 03:00,UIWANG,40FT,0,0,0,0,12,12,0,0
CARRIER_B,2026-08-11 04:00,UIWANG,40FT,0,0,0,0,12,12,0,0
CARRIER_B,2026-08-11 05:00,UIWANG,40FT,0,0,0,0,12,12,0,0
CARRIER_B,2026-08-11 06:00,UIWANG,40FT,0,0,0,0,12,12,0,0
CARRIER_B,2026-08-11 07:00,UIWANG,40FT,0,0,0,0,12,12,0,0
CARRIER_B,2026-08-11 08:00,UIWANG,40FT,0,1,0,0,13,13,0,0
CARRIER_B,2026-08-11 09:00,UIWANG,40FT,0,0,0,0,13,13,0,0
CARRIER_B,2026-08-11 10:00,UIWANG,40FT,0,0,0,0,13,13,0,0
CARRIER_B,2026-08-11 11:00,UIWANG,40FT,1,0,0,0,12,12,0,0
CARRIER_B,2026-08-11 12:00,UIWANG,40FT,0,1,0,0,13,13,0,0
CARRIER_B,2026-08-11 13:00,UIWANG,40FT,0,0,0,0,13,13,0,0
CARRIER_B,2026-08-11 14:00,UIWANG,40FT,0,0,0,0,13,13,0,0
CARRIER_B,2026-08-11 15:00,UIWANG,40FT,0,1,0,0,14,14,0,0
CARRIER_B,2026-08-11 16:00,UIWANG,40FT,0,2,0,0,16,16,0,0
CARRIER_B,2026-08-11 17:00,UIWANG,40FT,0,0,0,0,16,16,0,0
CARRIER_B,2026-08-11 18:00,UIWANG,40FT,0,0,0,0,16,16,0,0
CARRIER_B,2026-08-11 19:00,UIWANG,40FT,0,1,0,0,17,17,0,0
CARRIER_B,2026-08-11 20:00,UIWANG,40FT,0,1,0,0,18,18,0,0
CARRIER_B,2026-08-11 21:00,UIWANG,40FT,0,0,0,0,18,18,0,0
CARRIER_B,2026-08-11 22:00,UIWANG,40FT,0,0,0,0,18,18,0,0
CARRIER_B,2026-08-11 23:00,UIWANG,40FT,0,0,0,0,18,18,0,0
CARRIER_B,2026-08-12 00:00,UIWANG,40FT,0,0,0,0,18,18,0,0
CARRIER_B,2026-08-12 01:00,UIWANG,40FT,0,0,0,0,18,18,0,0
CARRIER_B,2026-08-12 02:00,UIWANG,40FT,0,0,0,0,18,18,0,0
CARRIER_B,2026-08-12 03:00,UIWANG,40FT,0,0,0,0,18,18,0,0
CARRIER_B,2026-08-12 04:00,UIWANG,40FT,0,0,0,0,18,18,0,0
CARRIER_B,2026-08-12 05:00,UIWANG,40FT,0,0,0,0,18,18,0,0
CARRIER_B,2026-08-12 06:00,UIWANG,40FT,0,0,0,0,18,18,0,0
CARRIER_B,2026-08-12 07:00,UIWANG,40FT,0,0,0,0,18,18,0,0
CARRIER_B,2026-08-12 08:00,UIWANG,40FT,1,0,0,0,17,17,0,0
CARRIER_B,2026-08-12 09:00,UIWANG,40FT,0,0,0,0,17,17,0,0
CARRIER_B,2026-08-12 10:00,UIWANG,40FT,0,1,0,0,18,18,0,0
CARRIER_B,2026-08-12 11:00,UIWANG,40FT,0,0,0,0,18,18,0,0
CARRIER_B,2026-08-12 12:00,UIWANG,40FT,0,0,0,0,18,18,0,0
CARRIER_B,2026-08-12 13:00,UIWANG,40FT,0,0,0,0,18,18,0,0
CARRIER_B,2026-08-12 14:00,UIWANG,40FT,0,1,0,0,19,19,0,0
CARRIER_B,2026-08-12 15:00,UIWANG,40FT,0,0,0,0,19,19,0,0
CARRIER_B,2026-08-12 16:00,UIWANG,40FT,0,1,0,0,20,20,0,0
CARRIER_B,2026-08-12 17:00,UIWANG,40FT,0,1,0,0,21,21,0,0
CARRIER_B,2026-08-12 18:00,UIWANG,40FT,0,0,0,0,21,21,0,0
CARRIER_B,2026-08-12 19:00,UIWANG,40FT,0,2,0,0,23,23,0,0
CARRIER_B,2026-08-12 20:00,UIWANG,40FT,0,0,0,0,23,23,0,0
CARRIER_B,2026-08-12 21:00,UIWANG,40FT,0,0,0,0,23,23,0,0
CARRIER_B,2026-08-12 22:00,UIWANG,40FT,0,0,0,0,23,23,0,0
CARRIER_B,2026-08-12 23:00,UIWANG,40FT,0,0,0,0,23,23,0,0
CARRIER_B,2026-08-13 00:00,UIWANG,40FT,0,0,0,0,23,23,0,0
CARRIER_B,2026-08-13 01:00,UIWANG,40FT,0,0,0,0,23,23,0,0
CARRIER_B,2026-08-13 02:00,UIWANG,40FT,0,0,0,0,23,23,0,0
CARRIER_B,2026-08-13 03:00,UIWANG,40FT,0,0,0,0,23,23,0,0
CARRIER_B,2026-08-13 04:00,UIWANG,40FT,0,0,0,0,23,23,0,0
CARRIER_B,2026-08-13 05:00,UIWANG,40FT,0,0,0,0,23,23,0,0
CARRIER_B,2026-08-13 06:00,UIWANG,40FT,0,0,0,0,23,23,0,0
CARRIER_B,2026-08-13 07:00,UIWANG,40FT,0,0,0,0,23,23,0,0
CARRIER_B,2026-08-13 08:00,UIWANG,40FT,0,0,0,0,23,23,0,0
CARRIER_B,2026-08-13 09:00,UIWANG,40FT,1,0,0,0,22,22,0,0
CARRIER_B,2026-08-13 10:00,UIWANG,40FT,0,0,0,0,22,22,0,0
CARRIER_B,2026-08-13 11:00,UIWANG,40FT,0,0,0,0,22,22,0,0
CARRIER_B,2026-08-13 12:00,UIWANG,40FT,0,0,0,0,22,22,0,0
CARRIER_B,2026-08-13 13:00,UIWANG,40FT,0,0,0,0,22,22,0,0
CARRIER_B,2026-08-13 14:00,UIWANG,40FT,0,0,0,0,22,22,0,0
CARRIER_B,2026-08-13 15:00,UIWANG,40FT,0,0,0,0,22,22,0,0
CARRIER_B,2026-08-13 16:00,UIWANG,40FT,0,0,0,0,22,22,0,0
CARRIER_B,2026-08-13 17:00,UIWANG,40FT,0,1,0,0,23,23,0,0
CARRIER_B,2026-08-13 18:00,UIWANG,40FT,0,0,0,0,23,23,0,0
CARRIER_B,2026-08-13 19:00,UIWANG,40FT,0,0,0,0,23,23,0,0
CARRIER_B,2026-08-13 20:00,UIWANG,40FT,0,0,0,0,23,23,0,0
CARRIER_B,2026-08-13 21:00,UIWANG,40FT,0,0,0,0,23,23,0,0
CARRIER_B,2026-08-13 22:00,UIWANG,40FT,0,0,0,0,23,23,0,0
CARRIER_B,2026-08-13 23:00,UIWANG,40FT,0,0,0,0,23,23,0,0
CARRIER_B,2026-08-14 00:00,UIWANG,40FT,0,0,0,0,23,23,0,0
CARRIER_B,2026-08-14 01:00,UIWANG,40FT,0,0,0,0,23,23,0,0
CARRIER_B,2026-08-14 02:00,UIWANG,40FT,0,0,0,0,23,23,0,0
CARRIER_B,2026-08-14 03:00,UIWANG,40FT,0,0,0,0,23,23,0,0
CARRIER_B,2026-08-14 04:00,UIWANG,40FT,0,0,0,0,23,23,0,0
CARRIER_B,2026-08-14 05:00,UIWANG,40FT,0,0,0,0,23,23,0,0
CARRIER_B,2026-08-14 06:00,UIWANG,40FT,0,0,0,0,23,23,0,0
CARRIER_B,2026-08-14 07:00,UIWANG,40FT,0,1,0,0,24,24,0,0
CARRIER_B,2026-08-14 08:00,UIWANG,40FT,0,0,0,0,24,24,0,0
CARRIER_B,2026-08-14 09:00,UIWANG,40FT,0,0,0,0,24,24,0,0
CARRIER_B,2026-08-14 10:00,UIWANG,40FT,0,0,0,0,24,24,0,0
CARRIER_B,2026-08-14 11:00,UIWANG,40FT,0,0,0,0,24,24,0,0
CARRIER_B,2026-08-14 12:00,UIWANG,40FT,0,1,0,0,25,25,0,0
CARRIER_B,2026-08-14 13:00,UIWANG,40FT,0,0,0,0,25,25,0,0
CARRIER_B,2026-08-14 14:00,UIWANG,40FT,0,0,0,0,25,25,0,0
CARRIER_B,2026-08-14 15:00,UIWANG,40FT,1,1,0,0,25,25,0,0
CARRIER_B,2026-08-14 16:00,UIWANG,40FT,0,0,0,0,25,25,0,0
CARRIER_B,2026-08-14 17:00,UIWANG,40FT,0,1,0,0,26,26,0,0
CARRIER_B,2026-08-14 18:00,UIWANG,40FT,0,1,0,0,27,27,0,0
CARRIER_B,2026-08-14 19:00,UIWANG,40FT,0,0,0,0,27,27,0,0
CARRIER_B,2026-08-14 20:00,UIWANG,40FT,0,0,0,0,27,27,0,0
CARRIER_B,2026-08-14 21:00,UIWANG,40FT,0,0,0,0,27,27,0,0
CARRIER_B,2026-08-14 22:00,UIWANG,40FT,0,0,0,0,27,27,0,0
CARRIER_B,2026-08-14 23:00,UIWANG,40FT,0,0,0,0,27,27,0,0
CARRIER_B,2026-08-15 00:00,UIWANG,40FT,0,0,0,0,27,27,0,0
CARRIER_B,2026-08-15 01:00,UIWANG,40FT,0,0,0,0,27,27,0,0
CARRIER_B,2026-08-15 02:00,UIWANG,40FT,0,0,0,0,27,27,0,0
CARRIER_B,2026-08-15 03:00,UIWANG,40FT,0,0,0,0,27,27,0,0
CARRIER_B,2026-08-15 04:00,UIWANG,40FT,0,0,0,0,27,27,0,0
CARRIER_B,2026-08-15 05:00,UIWANG,40FT,0,0,0,0,27,27,0,0
CARRIER_B,2026-08-15 06:00,UIWANG,40FT,0,0,0,0,27,27,0,0
CARRIER_B,2026-08-15 07:00,UIWANG,40FT,0,0,0,0,27,27,0,0
CARRIER_B,2026-08-15 08:00,UIWANG,40FT,0,0,0,0,27,27,0,0
CARRIER_B,2026-08-15 09:00,UIWANG,40FT,0,0,0,0,27,27,0,0
CARRIER_B,2026-08-15 10:00,UIWANG,40FT,0,0,0,0,27,27,0,0
CARRIER_B,2026-08-15 11:00,UIWANG,40FT,0,0,0,0,27,27,0,0
CARRIER_B,2026-08-15 12:00,UIWANG,40FT,0,0,0,0,27,27,0,0
CARRIER_B,2026-08-15 13:00,UIWANG,40FT,0,1,0,0,28,28,0,0
CARRIER_B,2026-08-15 14:00,UIWANG,40FT,0,0,0,0,28,28,0,0
CARRIER_B,2026-08-15 15:00,UIWANG,40FT,0,0,0,0,28,28,0,0
CARRIER_B,2026-08-15 16:00,UIWANG,40FT,0,0,0,0,28,28,0,0
CARRIER_B,2026-08-15 17:00,UIWANG,40FT,0,1,0,0,29,29,0,0
CARRIER_B,2026-08-15 18:00,UIWANG,40FT,0,0,0,0,29,29,0,0
CARRIER_B,2026-08-15 19:00,UIWANG,40FT,0,0,0,0,29,29,0,0
CARRIER_B,2026-08-15 20:00,UIWANG,40FT,0,0,0,0,29,29,0,0
CARRIER_B,2026-08-15 21:00,UIWANG,40FT,0,0,0,0,29,29,0,0
CARRIER_B,2026-08-15 22:00,UIWANG,40FT,0,0,0,0,29,29,0,0
CARRIER_B,2026-08-15 23:00,UIWANG,40FT,0,0,0,0,29,29,0,0
CARRIER_B,2026-08-16 00:00,UIWANG,40FT,0,0,0,0,29,29,0,0
CARRIER_B,2026-08-16 01:00,UIWANG,40FT,0,0,0,0,29,29,0,0
CARRIER_B,2026-08-16 02:00,UIWANG,40FT,0,0,0,0,29,29,0,0
CARRIER_B,2026-08-16 03:00,UIWANG,40FT,0,0,0,0,29,29,0,0
CARRIER_B,2026-08-16 04:00,UIWANG,40FT,0,0,0,0,29,29,0,0
CARRIER_B,2026-08-16 05:00,UIWANG,40FT,0,0,0,0,29,29,0,0
CARRIER_B,2026-08-16 06:00,UIWANG,40FT,0,0,0,0,29,29,0,0
CARRIER_B,2026-08-16 07:00,UIWANG,40FT,0,0,0,0,29,29,0,0
CARRIER_B,2026-08-16 08:00,UIWANG,40FT,0,0,0,0,29,29,0,0
CARRIER_B,2026-08-16 09:00,UIWANG,40FT,0,0,0,0,29,29,0,0
CARRIER_B,2026-08-16 10:00,UIWANG,40FT,0,0,0,0,29,29,0,0
CARRIER_B,2026-08-16 11:00,UIWANG,40FT,0,0,0,0,29,29,0,0
CARRIER_B,2026-08-16 12:00,UIWANG,40FT,0,1,0,0,30,30,0,0
CARRIER_B,2026-08-16 13:00,UIWANG,40FT,1,0,0,0,29,29,0,0
CARRIER_B,2026-08-16 14:00,UIWANG,40FT,0,0,0,0,29,29,0,0
CARRIER_B,2026-08-16 15:00,UIWANG,40FT,0,0,0,0,29,29,0,0
CARRIER_B,2026-08-16 16:00,UIWANG,40FT,0,1,0,0,30,30,0,0
CARRIER_B,2026-08-16 17:00,UIWANG,40FT,0,0,0,0,30,30,0,0
CARRIER_B,2026-08-16 18:00,UIWANG,40FT,0,0,0,0,30,30,0,0
CARRIER_B,2026-08-16 19:00,UIWANG,40FT,0,0,0,0,30,30,0,0
CARRIER_B,2026-08-16 20:00,UIWANG,40FT,0,0,0,0,30,30,0,0
CARRIER_B,2026-08-16 21:00,UIWANG,40FT,0,1,0,0,31,31,0,0
CARRIER_B,2026-08-16 22:00,UIWANG,40FT,0,0,0,0,31,31,0,0
CARRIER_B,2026-08-16 23:00,UIWANG,40FT,0,0,0,0,31,31,0,0
CARRIER_B,2026-08-10 00:00,YAKMOK,20FT,0,0,0,0,12,12,0,0
CARRIER_B,2026-08-10 01:00,YAKMOK,20FT,0,0,0,0,12,12,0,0
CARRIER_B,2026-08-10 02:00,YAKMOK,20FT,0,0,0,0,12,12,0,0
CARRIER_B,2026-08-10 03:00,YAKMOK,20FT,0,0,0,0,12,12,0,0
CARRIER_B,2026-08-10 04:00,YAKMOK,20FT,0,0,0,0,12,12,0,0
CARRIER_B,2026-08-10 05:00,YAKMOK,20FT,0,0,0,0,12,12,0,0
CARRIER_B,2026-08-10 06:00,YAKMOK,20FT,1,0,0,0,11,11,0,0
CARRIER_B,2026-08-10 07:00,YAKMOK,20FT,0,0,0,0,11,11,0,0
CARRIER_B,2026-08-10 08:00,YAKMOK,20FT,0,0,0,0,11,11,0,0
CARRIER_B,2026-08-10 09:00,YAKMOK,20FT,0,1,0,0,12,12,0,0
CARRIER_B,2026-08-10 10:00,YAKMOK,20FT,1,0,0,0,11,11,0,0
CARRIER_B,2026-08-10 11:00,YAKMOK,20FT,0,0,0,0,11,11,0,0
CARRIER_B,2026-08-10 12:00,YAKMOK,20FT,0,0,0,0,11,11,0,0
CARRIER_B,2026-08-10 13:00,YAKMOK,20FT,0,1,0,6,12,6,0,0
CARRIER_B,2026-08-10 14:00,YAKMOK,20FT,1,0,0,0,11,5,0,0
CARRIER_B,2026-08-10 15:00,YAKMOK,20FT,1,0,0,0,10,4,0,0
CARRIER_B,2026-08-10 16:00,YAKMOK,20FT,0,0,0,0,10,4,0,0
CARRIER_B,2026-08-10 17:00,YAKMOK,20FT,1,1,0,0,10,4,0,0
CARRIER_B,2026-08-10 18:00,YAKMOK,20FT,0,0,0,0,10,4,0,0
CARRIER_B,2026-08-10 19:00,YAKMOK,20FT,0,0,0,0,10,4,0,0
CARRIER_B,2026-08-10 20:00,YAKMOK,20FT,0,0,0,0,10,4,0,0
CARRIER_B,2026-08-10 21:00,YAKMOK,20FT,0,0,0,0,10,4,0,0
CARRIER_B,2026-08-10 22:00,YAKMOK,20FT,0,0,0,0,10,4,0,0
CARRIER_B,2026-08-10 23:00,YAKMOK,20FT,0,0,0,0,10,4,0,0
CARRIER_B,2026-08-11 00:00,YAKMOK,20FT,0,0,0,0,10,4,0,0
CARRIER_B,2026-08-11 01:00,YAKMOK,20FT,0,0,0,0,10,4,0,0
CARRIER_B,2026-08-11 02:00,YAKMOK,20FT,0,0,0,0,10,4,0,0
CARRIER_B,2026-08-11 03:00,YAKMOK,20FT,0,0,0,0,10,4,0,0
CARRIER_B,2026-08-11 04:00,YAKMOK,20FT,0,0,0,0,10,4,0,0
CARRIER_B,2026-08-11 05:00,YAKMOK,20FT,0,0,0,0,10,4,0,0
CARRIER_B,2026-08-11 06:00,YAKMOK,20FT,0,0,0,0,10,4,0,0
CARRIER_B,2026-08-11 07:00,YAKMOK,20FT,0,0,0,0,10,4,0,0
CARRIER_B,2026-08-11 08:00,YAKMOK,20FT,0,0,0,0,10,4,0,0
CARRIER_B,2026-08-11 09:00,YAKMOK,20FT,0,0,0,0,10,4,0,0
CARRIER_B,2026-08-11 10:00,YAKMOK,20FT,1,1,0,0,10,4,0,0
CARRIER_B,2026-08-11 11:00,YAKMOK,20FT,0,0,0,0,10,4,0,0
CARRIER_B,2026-08-11 12:00,YAKMOK,20FT,0,0,0,0,10,4,0,0
CARRIER_B,2026-08-11 13:00,YAKMOK,20FT,1,1,0,0,10,4,0,0
CARRIER_B,2026-08-11 14:00,YAKMOK,20FT,0,0,0,0,10,4,0,0
CARRIER_B,2026-08-11 15:00,YAKMOK,20FT,0,1,0,0,11,5,0,0
CARRIER_B,2026-08-11 16:00,YAKMOK,20FT,0,0,0,0,11,5,0,0
CARRIER_B,2026-08-11 17:00,YAKMOK,20FT,0,0,0,0,11,5,0,0
CARRIER_B,2026-08-11 18:00,YAKMOK,20FT,1,1,0,0,11,5,0,0
CARRIER_B,2026-08-11 19:00,YAKMOK,20FT,0,0,0,0,11,5,0,0
CARRIER_B,2026-08-11 20:00,YAKMOK,20FT,0,1,0,0,12,6,0,0
CARRIER_B,2026-08-11 21:00,YAKMOK,20FT,0,0,0,0,12,6,0,0
CARRIER_B,2026-08-11 22:00,YAKMOK,20FT,0,0,0,0,12,6,0,0
CARRIER_B,2026-08-11 23:00,YAKMOK,20FT,0,0,0,0,12,6,0,0
CARRIER_B,2026-08-12 00:00,YAKMOK,20FT,0,0,0,0,12,6,0,0
CARRIER_B,2026-08-12 01:00,YAKMOK,20FT,0,0,0,0,12,6,0,0
CARRIER_B,2026-08-12 02:00,YAKMOK,20FT,0,0,0,0,12,6,0,0
CARRIER_B,2026-08-12 03:00,YAKMOK,20FT,0,0,0,0,12,6,0,0
CARRIER_B,2026-08-12 04:00,YAKMOK,20FT,0,0,0,0,12,6,0,0
CARRIER_B,2026-08-12 05:00,YAKMOK,20FT,0,0,0,0,12,6,0,0
CARRIER_B,2026-08-12 06:00,YAKMOK,20FT,0,0,0,0,12,6,0,0
CARRIER_B,2026-08-12 07:00,YAKMOK,20FT,0,0,0,0,12,6,0,0
CARRIER_B,2026-08-12 08:00,YAKMOK,20FT,1,1,0,0,12,6,0,0
CARRIER_B,2026-08-12 09:00,YAKMOK,20FT,0,0,0,0,12,6,0,0
CARRIER_B,2026-08-12 10:00,YAKMOK,20FT,1,0,0,0,11,5,0,0
CARRIER_B,2026-08-12 11:00,YAKMOK,20FT,0,0,0,0,11,5,0,0
CARRIER_B,2026-08-12 12:00,YAKMOK,20FT,0,1,0,0,12,6,0,0
CARRIER_B,2026-08-12 13:00,YAKMOK,20FT,0,0,0,0,12,6,0,0
CARRIER_B,2026-08-12 14:00,YAKMOK,20FT,0,1,0,0,13,7,0,0
CARRIER_B,2026-08-12 15:00,YAKMOK,20FT,1,0,0,0,12,6,0,0
CARRIER_B,2026-08-12 16:00,YAKMOK,20FT,0,0,0,0,12,6,0,0
CARRIER_B,2026-08-12 17:00,YAKMOK,20FT,0,1,0,0,13,7,0,0
CARRIER_B,2026-08-12 18:00,YAKMOK,20FT,0,1,0,0,14,8,0,0
CARRIER_B,2026-08-12 19:00,YAKMOK,20FT,0,0,0,0,14,8,0,0
CARRIER_B,2026-08-12 20:00,YAKMOK,20FT,0,0,0,0,14,8,0,0
CARRIER_B,2026-08-12 21:00,YAKMOK,20FT,0,0,0,0,14,8,0,0
CARRIER_B,2026-08-12 22:00,YAKMOK,20FT,0,0,0,0,14,8,0,0
CARRIER_B,2026-08-12 23:00,YAKMOK,20FT,0,0,0,0,14,8,0,0
CARRIER_B,2026-08-13 00:00,YAKMOK,20FT,0,0,0,0,14,8,0,0
CARRIER_B,2026-08-13 01:00,YAKMOK,20FT,0,0,0,0,14,8,0,0
CARRIER_B,2026-08-13 02:00,YAKMOK,20FT,0,0,0,0,14,8,0,0
CARRIER_B,2026-08-13 03:00,YAKMOK,20FT,0,0,0,0,14,8,0,0
CARRIER_B,2026-08-13 04:00,YAKMOK,20FT,0,0,0,0,14,8,0,0
CARRIER_B,2026-08-13 05:00,YAKMOK,20FT,0,0,0,0,14,8,0,0
CARRIER_B,2026-08-13 06:00,YAKMOK,20FT,0,0,0,0,14,8,0,0
CARRIER_B,2026-08-13 07:00,YAKMOK,20FT,1,0,0,0,13,7,0,0
CARRIER_B,2026-08-13 08:00,YAKMOK,20FT,0,0,0,0,13,7,0,0
CARRIER_B,2026-08-13 09:00,YAKMOK,20FT,0,0,0,0,13,7,0,0
CARRIER_B,2026-08-13 10:00,YAKMOK,20FT,1,1,0,0,13,7,0,0
CARRIER_B,2026-08-13 11:00,YAKMOK,20FT,0,1,0,0,14,8,0,0
CARRIER_B,2026-08-13 12:00,YAKMOK,20FT,0,0,0,0,14,8,0,0
CARRIER_B,2026-08-13 13:00,YAKMOK,20FT,0,0,0,0,14,8,0,0
CARRIER_B,2026-08-13 14:00,YAKMOK,20FT,1,1,0,0,14,8,0,0
CARRIER_B,2026-08-13 15:00,YAKMOK,20FT,0,0,0,0,14,8,0,0
CARRIER_B,2026-08-13 16:00,YAKMOK,20FT,1,0,0,0,13,7,0,0
CARRIER_B,2026-08-13 17:00,YAKMOK,20FT,0,0,0,0,13,7,0,0
CARRIER_B,2026-08-13 18:00,YAKMOK,20FT,0,0,0,0,13,7,0,0
CARRIER_B,2026-08-13 19:00,YAKMOK,20FT,0,1,0,0,14,8,0,0
CARRIER_B,2026-08-13 20:00,YAKMOK,20FT,0,0,0,0,14,8,0,0
CARRIER_B,2026-08-13 21:00,YAKMOK,20FT,0,0,0,0,14,8,0,0
CARRIER_B,2026-08-13 22:00,YAKMOK,20FT,0,0,0,0,14,8,0,0
CARRIER_B,2026-08-13 23:00,YAKMOK,20FT,0,0,0,0,14,8,0,0
CARRIER_B,2026-08-14 00:00,YAKMOK,20FT,0,0,0,0,14,8,0,0
CARRIER_B,2026-08-14 01:00,YAKMOK,20FT,0,0,0,0,14,8,0,0
CARRIER_B,2026-08-14 02:00,YAKMOK,20FT,0,0,0,0,14,8,0,0
CARRIER_B,2026-08-14 03:00,YAKMOK,20FT,0,0,0,0,14,8,0,0
CARRIER_B,2026-08-14 04:00,YAKMOK,20FT,0,0,0,0,14,8,0,0
CARRIER_B,2026-08-14 05:00,YAKMOK,20FT,0,0,0,0,14,8,0,0
CARRIER_B,2026-08-14 06:00,YAKMOK,20FT,0,0,0,0,14,8,0,0
CARRIER_B,2026-08-14 07:00,YAKMOK,20FT,1,0,0,0,13,7,0,0
CARRIER_B,2026-08-14 08:00,YAKMOK,20FT,0,0,0,0,13,7,0,0
CARRIER_B,2026-08-14 09:00,YAKMOK,20FT,1,0,0,0,12,6,0,0
CARRIER_B,2026-08-14 10:00,YAKMOK,20FT,0,1,0,0,13,7,0,0
CARRIER_B,2026-08-14 11:00,YAKMOK,20FT,0,0,0,0,13,7,0,0
CARRIER_B,2026-08-14 12:00,YAKMOK,20FT,1,0,0,0,12,6,0,0
CARRIER_B,2026-08-14 13:00,YAKMOK,20FT,0,0,0,0,12,6,0,0
CARRIER_B,2026-08-14 14:00,YAKMOK,20FT,0,0,0,0,12,6,0,0
CARRIER_B,2026-08-14 15:00,YAKMOK,20FT,0,0,0,0,12,6,0,0
CARRIER_B,2026-08-14 16:00,YAKMOK,20FT,1,0,0,0,11,5,0,0
CARRIER_B,2026-08-14 17:00,YAKMOK,20FT,0,0,0,0,11,5,0,0
CARRIER_B,2026-08-14 18:00,YAKMOK,20FT,0,1,0,0,12,6,0,0
CARRIER_B,2026-08-14 19:00,YAKMOK,20FT,0,0,0,0,12,6,0,0
CARRIER_B,2026-08-14 20:00,YAKMOK,20FT,0,0,0,0,12,6,0,0
CARRIER_B,2026-08-14 21:00,YAKMOK,20FT,0,0,0,0,12,6,0,0
CARRIER_B,2026-08-14 22:00,YAKMOK,20FT,0,0,0,0,12,6,0,0
CARRIER_B,2026-08-14 23:00,YAKMOK,20FT,0,0,0,0,12,6,0,0
CARRIER_B,2026-08-15 00:00,YAKMOK,20FT,0,0,0,0,12,6,0,0
CARRIER_B,2026-08-15 01:00,YAKMOK,20FT,0,0,0,0,12,6,0,0
CARRIER_B,2026-08-15 02:00,YAKMOK,20FT,0,0,0,0,12,6,0,0
CARRIER_B,2026-08-15 03:00,YAKMOK,20FT,0,0,0,0,12,6,0,0
CARRIER_B,2026-08-15 04:00,YAKMOK,20FT,0,0,0,0,12,6,0,0
CARRIER_B,2026-08-15 05:00,YAKMOK,20FT,0,0,0,0,12,6,0,0
CARRIER_B,2026-08-15 06:00,YAKMOK,20FT,0,1,0,0,13,7,0,0
CARRIER_B,2026-08-15 07:00,YAKMOK,20FT,0,0,0,0,13,7,0,0
CARRIER_B,2026-08-15 08:00,YAKMOK,20FT,0,0,0,0,13,7,0,0
CARRIER_B,2026-08-15 09:00,YAKMOK,20FT,0,0,0,0,13,7,0,0
CARRIER_B,2026-08-15 10:00,YAKMOK,20FT,1,0,0,0,12,6,0,0
CARRIER_B,2026-08-15 11:00,YAKMOK,20FT,0,0,0,0,12,6,0,0
CARRIER_B,2026-08-15 12:00,YAKMOK,20FT,0,0,0,0,12,6,0,0
CARRIER_B,2026-08-15 13:00,YAKMOK,20FT,0,1,0,0,13,7,0,0
CARRIER_B,2026-08-15 14:00,YAKMOK,20FT,0,0,0,0,13,7,0,0
CARRIER_B,2026-08-15 15:00,YAKMOK,20FT,1,1,0,0,13,7,0,0
CARRIER_B,2026-08-15 16:00,YAKMOK,20FT,0,0,0,0,13,7,0,0
CARRIER_B,2026-08-15 17:00,YAKMOK,20FT,0,0,0,0,13,7,0,0
CARRIER_B,2026-08-15 18:00,YAKMOK,20FT,0,0,0,0,13,7,0,0
CARRIER_B,2026-08-15 19:00,YAKMOK,20FT,0,0,0,0,13,7,0,0
CARRIER_B,2026-08-15 20:00,YAKMOK,20FT,0,0,0,0,13,7,0,0
CARRIER_B,2026-08-15 21:00,YAKMOK,20FT,0,0,0,0,13,7,0,0
CARRIER_B,2026-08-15 22:00,YAKMOK,20FT,0,0,0,0,13,7,0,0
CARRIER_B,2026-08-15 23:00,YAKMOK,20FT,0,0,0,0,13,7,0,0
CARRIER_B,2026-08-16 00:00,YAKMOK,20FT,0,0,0,0,13,7,0,0
CARRIER_B,2026-08-16 01:00,YAKMOK,20FT,0,0,0,0,13,7,0,0
CARRIER_B,2026-08-16 02:00,YAKMOK,20FT,0,0,0,0,13,7,0,0
CARRIER_B,2026-08-16 03:00,YAKMOK,20FT,0,0,0,0,13,7,0,0
CARRIER_B,2026-08-16 04:00,YAKMOK,20FT,0,0,0,0,13,7,0,0
CARRIER_B,2026-08-16 05:00,YAKMOK,20FT,0,0,0,0,13,7,0,0
CARRIER_B,2026-08-16 06:00,YAKMOK,20FT,0,0,0,0,13,7,0,0
CARRIER_B,2026-08-16 07:00,YAKMOK,20FT,0,0,0,0,13,7,0,0
CARRIER_B,2026-08-16 08:00,YAKMOK,20FT,0,0,0,0,13,7,0,0
CARRIER_B,2026-08-16 09:00,YAKMOK,20FT,0,1,0,0,14,8,0,0
CARRIER_B,2026-08-16 10:00,YAKMOK,20FT,0,0,0,0,14,8,0,0
CARRIER_B,2026-08-16 11:00,YAKMOK,20FT,0,1,0,0,15,9,0,0
CARRIER_B,2026-08-16 12:00,YAKMOK,20FT,1,0,0,0,14,8,0,0
CARRIER_B,2026-08-16 13:00,YAKMOK,20FT,0,0,0,0,14,8,0,0
CARRIER_B,2026-08-16 14:00,YAKMOK,20FT,0,0,0,0,14,8,0,0
CARRIER_B,2026-08-16 15:00,YAKMOK,20FT,0,1,0,0,15,9,0,0
CARRIER_B,2026-08-16 16:00,YAKMOK,20FT,0,0,0,0,15,9,0,0
CARRIER_B,2026-08-16 17:00,YAKMOK,20FT,0,0,0,0,15,9,0,0
CARRIER_B,2026-08-16 18:00,YAKMOK,20FT,0,0,0,0,15,9,0,0
CARRIER_B,2026-08-16 19:00,YAKMOK,20FT,0,1,0,0,16,10,0,0
CARRIER_B,2026-08-16 20:00,YAKMOK,20FT,0,0,0,0,16,10,0,0
CARRIER_B,2026-08-16 21:00,YAKMOK,20FT,0,0,0,0,16,10,0,0
CARRIER_B,2026-08-16 22:00,YAKMOK,20FT,0,0,0,0,16,10,0,0
CARRIER_B,2026-08-16 23:00,YAKMOK,20FT,0,0,0,0,16,10,0,0
CARRIER_B,2026-08-10 00:00,YAKMOK,40FT,0,0,0,0,3,3,0,0
CARRIER_B,2026-08-10 01:00,YAKMOK,40FT,0,0,0,0,3,3,0,0
CARRIER_B,2026-08-10 02:00,YAKMOK,40FT,0,0,0,0,3,3,0,0
CARRIER_B,2026-08-10 03:00,YAKMOK,40FT,0,0,0,0,3,3,0,0
CARRIER_B,2026-08-10 04:00,YAKMOK,40FT,0,0,0,0,3,3,0,0
CARRIER_B,2026-08-10 05:00,YAKMOK,40FT,0,0,0,0,3,3,0,0
CARRIER_B,2026-08-10 06:00,YAKMOK,40FT,0,0,0,0,3,3,0,0
CARRIER_B,2026-08-10 07:00,YAKMOK,40FT,0,0,0,0,3,3,0,0
CARRIER_B,2026-08-10 08:00,YAKMOK,40FT,0,0,0,0,3,3,0,0
CARRIER_B,2026-08-10 09:00,YAKMOK,40FT,1,0,0,0,2,2,0,0
CARRIER_B,2026-08-10 10:00,YAKMOK,40FT,0,0,0,0,2,2,0,0
CARRIER_B,2026-08-10 11:00,YAKMOK,40FT,0,0,0,0,2,2,0,0
CARRIER_B,2026-08-10 12:00,YAKMOK,40FT,0,0,0,0,2,2,0,0
CARRIER_B,2026-08-10 13:00,YAKMOK,40FT,0,0,0,0,2,2,0,0
CARRIER_B,2026-08-10 14:00,YAKMOK,40FT,0,0,0,0,2,2,0,0
CARRIER_B,2026-08-10 15:00,YAKMOK,40FT,0,0,0,0,2,2,0,0
CARRIER_B,2026-08-10 16:00,YAKMOK,40FT,0,0,0,0,2,2,0,0
CARRIER_B,2026-08-10 17:00,YAKMOK,40FT,0,0,0,0,2,2,0,0
CARRIER_B,2026-08-10 18:00,YAKMOK,40FT,0,0,0,0,2,2,0,0
CARRIER_B,2026-08-10 19:00,YAKMOK,40FT,0,0,0,0,2,2,0,0
CARRIER_B,2026-08-10 20:00,YAKMOK,40FT,0,0,0,0,2,2,0,0
CARRIER_B,2026-08-10 21:00,YAKMOK,40FT,0,0,0,0,2,2,0,0
CARRIER_B,2026-08-10 22:00,YAKMOK,40FT,0,0,0,0,2,2,0,0
CARRIER_B,2026-08-10 23:00,YAKMOK,40FT,0,0,0,0,2,2,0,0
CARRIER_B,2026-08-11 00:00,YAKMOK,40FT,0,0,0,0,2,2,0,0
CARRIER_B,2026-08-11 01:00,YAKMOK,40FT,0,0,0,0,2,2,0,0
CARRIER_B,2026-08-11 02:00,YAKMOK,40FT,0,0,0,0,2,2,0,0
CARRIER_B,2026-08-11 03:00,YAKMOK,40FT,0,0,0,0,2,2,0,0
CARRIER_B,2026-08-11 04:00,YAKMOK,40FT,0,0,0,0,2,2,0,0
CARRIER_B,2026-08-11 05:00,YAKMOK,40FT,0,0,0,0,2,2,0,0
CARRIER_B,2026-08-11 06:00,YAKMOK,40FT,0,0,0,0,2,2,0,0
CARRIER_B,2026-08-11 07:00,YAKMOK,40FT,0,0,0,0,2,2,0,0
CARRIER_B,2026-08-11 08:00,YAKMOK,40FT,0,0,0,0,2,2,0,0
CARRIER_B,2026-08-11 09:00,YAKMOK,40FT,0,0,0,0,2,2,0,0
CARRIER_B,2026-08-11 10:00,YAKMOK,40FT,1,0,0,0,1,1,0,0
CARRIER_B,2026-08-11 11:00,YAKMOK,40FT,0,1,0,0,2,2,0,0
CARRIER_B,2026-08-11 12:00,YAKMOK,40FT,0,0,0,0,2,2,0,0
CARRIER_B,2026-08-11 13:00,YAKMOK,40FT,0,0,0,0,2,2,0,0
CARRIER_B,2026-08-11 14:00,YAKMOK,40FT,0,0,0,0,2,2,0,0
CARRIER_B,2026-08-11 15:00,YAKMOK,40FT,0,0,0,0,2,2,0,0
CARRIER_B,2026-08-11 16:00,YAKMOK,40FT,0,0,0,0,2,2,0,0
CARRIER_B,2026-08-11 17:00,YAKMOK,40FT,0,0,0,0,2,2,0,0
CARRIER_B,2026-08-11 18:00,YAKMOK,40FT,0,0,0,0,2,2,0,0
CARRIER_B,2026-08-11 19:00,YAKMOK,40FT,0,0,0,0,2,2,0,0
CARRIER_B,2026-08-11 20:00,YAKMOK,40FT,0,0,0,0,2,2,0,0
CARRIER_B,2026-08-11 21:00,YAKMOK,40FT,0,0,0,0,2,2,0,0
CARRIER_B,2026-08-11 22:00,YAKMOK,40FT,0,0,0,0,2,2,0,0
CARRIER_B,2026-08-11 23:00,YAKMOK,40FT,0,0,0,0,2,2,0,0
CARRIER_B,2026-08-12 00:00,YAKMOK,40FT,0,0,0,0,2,2,0,0
CARRIER_B,2026-08-12 01:00,YAKMOK,40FT,0,0,0,0,2,2,0,0
CARRIER_B,2026-08-12 02:00,YAKMOK,40FT,0,0,0,0,2,2,0,0
CARRIER_B,2026-08-12 03:00,YAKMOK,40FT,0,0,0,0,2,2,0,0
CARRIER_B,2026-08-12 04:00,YAKMOK,40FT,0,0,0,0,2,2,0,0
CARRIER_B,2026-08-12 05:00,YAKMOK,40FT,0,0,0,0,2,2,0,0
CARRIER_B,2026-08-12 06:00,YAKMOK,40FT,0,0,0,0,2,2,0,0
CARRIER_B,2026-08-12 07:00,YAKMOK,40FT,0,0,0,0,2,2,0,0
CARRIER_B,2026-08-12 08:00,YAKMOK,40FT,0,0,0,0,2,2,0,0
CARRIER_B,2026-08-12 09:00,YAKMOK,40FT,0,0,0,0,2,2,0,0
CARRIER_B,2026-08-12 10:00,YAKMOK,40FT,0,0,0,0,2,2,0,0
CARRIER_B,2026-08-12 11:00,YAKMOK,40FT,0,0,0,0,2,2,0,0
CARRIER_B,2026-08-12 12:00,YAKMOK,40FT,1,1,0,0,2,2,0,0
CARRIER_B,2026-08-12 13:00,YAKMOK,40FT,0,0,0,0,2,2,0,0
CARRIER_B,2026-08-12 14:00,YAKMOK,40FT,0,0,0,0,2,2,0,0
CARRIER_B,2026-08-12 15:00,YAKMOK,40FT,0,0,0,0,2,2,0,0
CARRIER_B,2026-08-12 16:00,YAKMOK,40FT,0,0,0,0,2,2,0,0
CARRIER_B,2026-08-12 17:00,YAKMOK,40FT,0,0,0,0,2,2,0,0
CARRIER_B,2026-08-12 18:00,YAKMOK,40FT,0,0,0,0,2,2,0,0
CARRIER_B,2026-08-12 19:00,YAKMOK,40FT,0,1,0,0,3,3,0,0
CARRIER_B,2026-08-12 20:00,YAKMOK,40FT,0,0,0,0,3,3,0,0
CARRIER_B,2026-08-12 21:00,YAKMOK,40FT,0,0,0,0,3,3,0,0
CARRIER_B,2026-08-12 22:00,YAKMOK,40FT,0,0,0,0,3,3,0,0
CARRIER_B,2026-08-12 23:00,YAKMOK,40FT,0,0,0,0,3,3,0,0
CARRIER_B,2026-08-13 00:00,YAKMOK,40FT,0,0,0,0,3,3,0,0
CARRIER_B,2026-08-13 01:00,YAKMOK,40FT,0,0,0,0,3,3,0,0
CARRIER_B,2026-08-13 02:00,YAKMOK,40FT,0,0,0,0,3,3,0,0
CARRIER_B,2026-08-13 03:00,YAKMOK,40FT,0,0,0,0,3,3,0,0
CARRIER_B,2026-08-13 04:00,YAKMOK,40FT,0,0,0,0,3,3,0,0
CARRIER_B,2026-08-13 05:00,YAKMOK,40FT,0,0,0,0,3,3,0,0
CARRIER_B,2026-08-13 06:00,YAKMOK,40FT,0,0,0,0,3,3,0,0
CARRIER_B,2026-08-13 07:00,YAKMOK,40FT,0,0,0,0,3,3,0,0
CARRIER_B,2026-08-13 08:00,YAKMOK,40FT,0,0,0,0,3,3,0,0
CARRIER_B,2026-08-13 09:00,YAKMOK,40FT,0,0,0,0,3,3,0,0
CARRIER_B,2026-08-13 10:00,YAKMOK,40FT,0,0,0,0,3,3,0,0
CARRIER_B,2026-08-13 11:00,YAKMOK,40FT,0,0,0,0,3,3,0,0
CARRIER_B,2026-08-13 12:00,YAKMOK,40FT,0,0,0,0,3,3,0,0
CARRIER_B,2026-08-13 13:00,YAKMOK,40FT,0,0,0,0,3,3,0,0
CARRIER_B,2026-08-13 14:00,YAKMOK,40FT,0,0,0,0,3,3,0,0
CARRIER_B,2026-08-13 15:00,YAKMOK,40FT,0,0,0,0,3,3,0,0
CARRIER_B,2026-08-13 16:00,YAKMOK,40FT,0,0,0,0,3,3,0,0
CARRIER_B,2026-08-13 17:00,YAKMOK,40FT,0,0,0,0,3,3,0,0
CARRIER_B,2026-08-13 18:00,YAKMOK,40FT,0,0,0,0,3,3,0,0
CARRIER_B,2026-08-13 19:00,YAKMOK,40FT,0,0,0,0,3,3,0,0
CARRIER_B,2026-08-13 20:00,YAKMOK,40FT,0,0,0,0,3,3,0,0
CARRIER_B,2026-08-13 21:00,YAKMOK,40FT,0,0,0,0,3,3,0,0
CARRIER_B,2026-08-13 22:00,YAKMOK,40FT,0,0,0,0,3,3,0,0
CARRIER_B,2026-08-13 23:00,YAKMOK,40FT,0,0,0,0,3,3,0,0
CARRIER_B,2026-08-14 00:00,YAKMOK,40FT,0,0,0,0,3,3,0,0
CARRIER_B,2026-08-14 01:00,YAKMOK,40FT,0,0,0,0,3,3,0,0
CARRIER_B,2026-08-14 02:00,YAKMOK,40FT,0,0,0,0,3,3,0,0
CARRIER_B,2026-08-14 03:00,YAKMOK,40FT,0,0,0,0,3,3,0,0
CARRIER_B,2026-08-14 04:00,YAKMOK,40FT,0,0,0,0,3,3,0,0
CARRIER_B,2026-08-14 05:00,YAKMOK,40FT,0,0,0,0,3,3,0,0
CARRIER_B,2026-08-14 06:00,YAKMOK,40FT,0,0,0,0,3,3,0,0
CARRIER_B,2026-08-14 07:00,YAKMOK,40FT,0,0,0,0,3,3,0,0
CARRIER_B,2026-08-14 08:00,YAKMOK,40FT,0,0,0,0,3,3,0,0
CARRIER_B,2026-08-14 09:00,YAKMOK,40FT,1,0,0,0,2,2,0,0
CARRIER_B,2026-08-14 10:00,YAKMOK,40FT,0,0,0,0,2,2,0,0
CARRIER_B,2026-08-14 11:00,YAKMOK,40FT,0,0,0,0,2,2,0,0
CARRIER_B,2026-08-14 12:00,YAKMOK,40FT,0,0,0,0,2,2,0,0
CARRIER_B,2026-08-14 13:00,YAKMOK,40FT,0,0,0,0,2,2,0,0
CARRIER_B,2026-08-14 14:00,YAKMOK,40FT,0,0,0,0,2,2,0,0
CARRIER_B,2026-08-14 15:00,YAKMOK,40FT,0,0,0,0,2,2,0,0
CARRIER_B,2026-08-14 16:00,YAKMOK,40FT,0,0,0,0,2,2,0,0
CARRIER_B,2026-08-14 17:00,YAKMOK,40FT,0,0,0,0,2,2,0,0
CARRIER_B,2026-08-14 18:00,YAKMOK,40FT,0,0,0,0,2,2,0,0
CARRIER_B,2026-08-14 19:00,YAKMOK,40FT,0,0,0,0,2,2,0,0
CARRIER_B,2026-08-14 20:00,YAKMOK,40FT,0,1,0,0,3,3,0,0
CARRIER_B,2026-08-14 21:00,YAKMOK,40FT,0,0,0,0,3,3,0,0
CARRIER_B,2026-08-14 22:00,YAKMOK,40FT,0,0,0,0,3,3,0,0
CARRIER_B,2026-08-14 23:00,YAKMOK,40FT,0,0,0,0,3,3,0,0
CARRIER_B,2026-08-15 00:00,YAKMOK,40FT,0,0,0,0,3,3,0,0
CARRIER_B,2026-08-15 01:00,YAKMOK,40FT,0,0,0,0,3,3,0,0
CARRIER_B,2026-08-15 02:00,YAKMOK,40FT,0,0,0,0,3,3,0,0
CARRIER_B,2026-08-15 03:00,YAKMOK,40FT,0,0,0,0,3,3,0,0
CARRIER_B,2026-08-15 04:00,YAKMOK,40FT,0,0,0,0,3,3,0,0
CARRIER_B,2026-08-15 05:00,YAKMOK,40FT,0,0,0,0,3,3,0,0
CARRIER_B,2026-08-15 06:00,YAKMOK,40FT,0,0,0,0,3,3,0,0
CARRIER_B,2026-08-15 07:00,YAKMOK,40FT,0,0,0,0,3,3,0,0
CARRIER_B,2026-08-15 08:00,YAKMOK,40FT,0,0,0,0,3,3,0,0
CARRIER_B,2026-08-15 09:00,YAKMOK,40FT,0,0,0,0,3,3,0,0
CARRIER_B,2026-08-15 10:00,YAKMOK,40FT,1,0,0,0,2,2,0,0
CARRIER_B,2026-08-15 11:00,YAKMOK,40FT,0,0,0,0,2,2,0,0
CARRIER_B,2026-08-15 12:00,YAKMOK,40FT,0,0,0,0,2,2,0,0
CARRIER_B,2026-08-15 13:00,YAKMOK,40FT,0,0,0,0,2,2,0,0
CARRIER_B,2026-08-15 14:00,YAKMOK,40FT,0,0,0,0,2,2,0,0
CARRIER_B,2026-08-15 15:00,YAKMOK,40FT,1,0,0,0,1,1,0,0
CARRIER_B,2026-08-15 16:00,YAKMOK,40FT,0,0,0,0,1,1,0,0
CARRIER_B,2026-08-15 17:00,YAKMOK,40FT,0,0,0,0,1,1,0,0
CARRIER_B,2026-08-15 18:00,YAKMOK,40FT,0,0,0,0,1,1,0,0
CARRIER_B,2026-08-15 19:00,YAKMOK,40FT,0,0,0,0,1,1,0,0
CARRIER_B,2026-08-15 20:00,YAKMOK,40FT,0,0,0,0,1,1,0,0
CARRIER_B,2026-08-15 21:00,YAKMOK,40FT,0,0,0,0,1,1,0,0
CARRIER_B,2026-08-15 22:00,YAKMOK,40FT,0,0,0,0,1,1,0,0
CARRIER_B,2026-08-15 23:00,YAKMOK,40FT,0,0,0,0,1,1,0,0
CARRIER_B,2026-08-16 00:00,YAKMOK,40FT,0,0,0,0,1,1,0,0
CARRIER_B,2026-08-16 01:00,YAKMOK,40FT,0,0,0,0,1,1,0,0
CARRIER_B,2026-08-16 02:00,YAKMOK,40FT,0,0,0,0,1,1,0,0
CARRIER_B,2026-08-16 03:00,YAKMOK,40FT,0,0,0,0,1,1,0,0
CARRIER_B,2026-08-16 04:00,YAKMOK,40FT,0,0,0,0,1,1,0,0
CARRIER_B,2026-08-16 05:00,YAKMOK,40FT,0,0,0,0,1,1,0,0
CARRIER_B,2026-08-16 06:00,YAKMOK,40FT,0,0,0,0,1,1,0,0
CARRIER_B,2026-08-16 07:00,YAKMOK,40FT,0,0,0,0,1,1,0,0
CARRIER_B,2026-08-16 08:00,YAKMOK,40FT,0,0,0,0,1,1,0,0
CARRIER_B,2026-08-16 09:00,YAKMOK,40FT,0,0,0,0,1,1,0,0
CARRIER_B,2026-08-16 10:00,YAKMOK,40FT,0,0,0,0,1,1,0,0
CARRIER_B,2026-08-16 11:00,YAKMOK,40FT,0,0,0,0,1,1,0,0
CARRIER_B,2026-08-16 12:00,YAKMOK,40FT,0,0,0,0,1,1,0,0
CARRIER_B,2026-08-16 13:00,YAKMOK,40FT,0,0,0,0,1,1,0,0
CARRIER_B,2026-08-16 14:00,YAKMOK,40FT,0,0,0,0,1,1,0,0
CARRIER_B,2026-08-16 15:00,YAKMOK,40FT,0,0,0,0,1,1,0,0
CARRIER_B,2026-08-16 16:00,YAKMOK,40FT,0,0,0,0,1,1,0,0
CARRIER_B,2026-08-16 17:00,YAKMOK,40FT,0,1,0,0,2,2,0,0
CARRIER_B,2026-08-16 18:00,YAKMOK,40FT,0,0,0,0,2,2,0,0
CARRIER_B,2026-08-16 19:00,YAKMOK,40FT,0,0,0,0,2,2,0,0
CARRIER_B,2026-08-16 20:00,YAKMOK,40FT,0,0,0,0,2,2,0,0
CARRIER_B,2026-08-16 21:00,YAKMOK,40FT,0,0,0,0,2,2,0,0
CARRIER_B,2026-08-16 22:00,YAKMOK,40FT,0,0,0,0,2,2,0,0
CARRIER_B,2026-08-16 23:00,YAKMOK,40FT,0,0,0,0,2,2,0,0
CARRIER_C,2026-08-10 00:00,BUGANG,20FT,0,0,0,0,3,3,0,0
CARRIER_C,2026-08-10 01:00,BUGANG,20FT,0,0,0,0,3,3,0,0
CARRIER_C,2026-08-10 02:00,BUGANG,20FT,0,0,0,0,3,3,0,0
CARRIER_C,2026-08-10 03:00,BUGANG,20FT,0,0,0,0,3,3,0,0
CARRIER_C,2026-08-10 04:00,BUGANG,20FT,0,0,0,0,3,3,0,0
CARRIER_C,2026-08-10 05:00,BUGANG,20FT,0,0,0,0,3,3,0,0
CARRIER_C,2026-08-10 06:00,BUGANG,20FT,0,0,0,0,3,3,0,0
CARRIER_C,2026-08-10 07:00,BUGANG,20FT,0,0,0,0,3,3,0,0
CARRIER_C,2026-08-10 08:00,BUGANG,20FT,0,0,0,0,3,3,0,0
CARRIER_C,2026-08-10 09:00,BUGANG,20FT,0,0,0,0,3,3,0,0
CARRIER_C,2026-08-10 10:00,BUGANG,20FT,0,0,0,0,3,3,0,0
CARRIER_C,2026-08-10 11:00,BUGANG,20FT,0,0,0,0,3,3,0,0
CARRIER_C,2026-08-10 12:00,BUGANG,20FT,0,0,0,0,3,3,0,0
CARRIER_C,2026-08-10 13:00,BUGANG,20FT,1,0,0,0,2,2,0,0
CARRIER_C,2026-08-10 14:00,BUGANG,20FT,0,1,0,0,3,3,0,0
CARRIER_C,2026-08-10 15:00,BUGANG,20FT,0,0,0,0,3,3,0,0
CARRIER_C,2026-08-10 16:00,BUGANG,20FT,0,0,0,0,3,3,0,0
CARRIER_C,2026-08-10 17:00,BUGANG,20FT,0,0,0,0,3,3,0,0
CARRIER_C,2026-08-10 18:00,BUGANG,20FT,0,0,0,0,3,3,0,0
CARRIER_C,2026-08-10 19:00,BUGANG,20FT,0,0,0,0,3,3,0,0
CARRIER_C,2026-08-10 20:00,BUGANG,20FT,0,0,0,0,3,3,0,0
CARRIER_C,2026-08-10 21:00,BUGANG,20FT,0,0,0,0,3,3,0,0
CARRIER_C,2026-08-10 22:00,BUGANG,20FT,0,0,0,0,3,3,0,0
CARRIER_C,2026-08-10 23:00,BUGANG,20FT,0,0,0,0,3,3,0,0
CARRIER_C,2026-08-11 00:00,BUGANG,20FT,0,0,0,0,3,3,0,0
CARRIER_C,2026-08-11 01:00,BUGANG,20FT,0,0,0,0,3,3,0,0
CARRIER_C,2026-08-11 02:00,BUGANG,20FT,0,0,0,0,3,3,0,0
CARRIER_C,2026-08-11 03:00,BUGANG,20FT,0,0,0,0,3,3,0,0
CARRIER_C,2026-08-11 04:00,BUGANG,20FT,0,0,0,0,3,3,0,0
CARRIER_C,2026-08-11 05:00,BUGANG,20FT,0,0,0,0,3,3,0,0
CARRIER_C,2026-08-11 06:00,BUGANG,20FT,0,0,0,0,3,3,0,0
CARRIER_C,2026-08-11 07:00,BUGANG,20FT,0,0,0,0,3,3,0,0
CARRIER_C,2026-08-11 08:00,BUGANG,20FT,0,0,0,0,3,3,0,0
CARRIER_C,2026-08-11 09:00,BUGANG,20FT,0,0,0,0,3,3,0,0
CARRIER_C,2026-08-11 10:00,BUGANG,20FT,0,0,0,0,3,3,0,0
CARRIER_C,2026-08-11 11:00,BUGANG,20FT,0,0,0,0,3,3,0,0
CARRIER_C,2026-08-11 12:00,BUGANG,20FT,0,0,0,0,3,3,0,0
CARRIER_C,2026-08-11 13:00,BUGANG,20FT,0,0,0,0,3,3,0,0
CARRIER_C,2026-08-11 14:00,BUGANG,20FT,0,0,0,3,3,0,0,0
CARRIER_C,2026-08-11 15:00,BUGANG,20FT,0,1,0,0,4,1,0,0
CARRIER_C,2026-08-11 16:00,BUGANG,20FT,0,0,0,0,4,1,0,0
CARRIER_C,2026-08-11 17:00,BUGANG,20FT,0,0,0,0,4,1,0,0
CARRIER_C,2026-08-11 18:00,BUGANG,20FT,0,0,0,0,4,1,0,0
CARRIER_C,2026-08-11 19:00,BUGANG,20FT,0,0,0,0,4,1,0,0
CARRIER_C,2026-08-11 20:00,BUGANG,20FT,0,0,0,0,4,1,0,0
CARRIER_C,2026-08-11 21:00,BUGANG,20FT,0,0,0,0,4,1,0,0
CARRIER_C,2026-08-11 22:00,BUGANG,20FT,0,0,0,0,4,1,0,0
CARRIER_C,2026-08-11 23:00,BUGANG,20FT,0,0,0,0,4,1,0,0
CARRIER_C,2026-08-12 00:00,BUGANG,20FT,0,0,0,0,4,1,0,0
CARRIER_C,2026-08-12 01:00,BUGANG,20FT,0,0,0,0,4,1,0,0
CARRIER_C,2026-08-12 02:00,BUGANG,20FT,0,0,0,0,4,1,0,0
CARRIER_C,2026-08-12 03:00,BUGANG,20FT,0,0,0,0,4,1,0,0
CARRIER_C,2026-08-12 04:00,BUGANG,20FT,0,0,0,0,4,1,0,0
CARRIER_C,2026-08-12 05:00,BUGANG,20FT,1,0,0,0,3,0,0,0
CARRIER_C,2026-08-12 06:00,BUGANG,20FT,0,0,0,0,3,0,0,0
CARRIER_C,2026-08-12 07:00,BUGANG,20FT,0,0,0,0,3,0,0,0
CARRIER_C,2026-08-12 08:00,BUGANG,20FT,0,0,0,0,3,0,0,0
CARRIER_C,2026-08-12 09:00,BUGANG,20FT,0,0,0,0,3,0,0,0
CARRIER_C,2026-08-12 10:00,BUGANG,20FT,0,0,0,0,3,0,0,0
CARRIER_C,2026-08-12 11:00,BUGANG,20FT,0,0,0,0,3,0,0,0
CARRIER_C,2026-08-12 12:00,BUGANG,20FT,0,1,0,0,4,1,0,0
CARRIER_C,2026-08-12 13:00,BUGANG,20FT,0,0,0,0,4,1,0,0
CARRIER_C,2026-08-12 14:00,BUGANG,20FT,0,0,0,0,4,1,0,0
CARRIER_C,2026-08-12 15:00,BUGANG,20FT,0,0,0,0,4,1,0,0
CARRIER_C,2026-08-12 16:00,BUGANG,20FT,0,0,0,0,4,1,0,0
CARRIER_C,2026-08-12 17:00,BUGANG,20FT,0,0,0,0,4,1,0,0
CARRIER_C,2026-08-12 18:00,BUGANG,20FT,0,0,0,0,4,1,0,0
CARRIER_C,2026-08-12 19:00,BUGANG,20FT,0,0,0,0,4,1,0,0
CARRIER_C,2026-08-12 20:00,BUGANG,20FT,0,0,0,0,4,1,0,0
CARRIER_C,2026-08-12 21:00,BUGANG,20FT,0,0,0,0,4,1,0,0
CARRIER_C,2026-08-12 22:00,BUGANG,20FT,0,0,0,0,4,1,0,0
CARRIER_C,2026-08-12 23:00,BUGANG,20FT,0,0,0,0,4,1,0,0
CARRIER_C,2026-08-13 00:00,BUGANG,20FT,0,0,0,0,4,1,0,0
CARRIER_C,2026-08-13 01:00,BUGANG,20FT,0,0,0,0,4,1,0,0
CARRIER_C,2026-08-13 02:00,BUGANG,20FT,0,0,0,0,4,1,0,0
CARRIER_C,2026-08-13 03:00,BUGANG,20FT,0,0,0,0,4,1,0,0
CARRIER_C,2026-08-13 04:00,BUGANG,20FT,0,0,0,0,4,1,0,0
CARRIER_C,2026-08-13 05:00,BUGANG,20FT,0,0,0,0,4,1,0,0
CARRIER_C,2026-08-13 06:00,BUGANG,20FT,0,0,0,0,4,1,0,0
CARRIER_C,2026-08-13 07:00,BUGANG,20FT,0,0,0,0,4,1,0,0
CARRIER_C,2026-08-13 08:00,BUGANG,20FT,0,0,0,0,4,1,0,0
CARRIER_C,2026-08-13 09:00,BUGANG,20FT,0,1,0,0,5,2,0,0
CARRIER_C,2026-08-13 10:00,BUGANG,20FT,1,0,0,0,4,1,0,0
CARRIER_C,2026-08-13 11:00,BUGANG,20FT,0,0,0,0,4,1,0,0
CARRIER_C,2026-08-13 12:00,BUGANG,20FT,0,0,0,0,4,1,0,0
CARRIER_C,2026-08-13 13:00,BUGANG,20FT,0,0,0,0,4,1,0,0
CARRIER_C,2026-08-13 14:00,BUGANG,20FT,0,0,0,0,4,1,0,0
CARRIER_C,2026-08-13 15:00,BUGANG,20FT,0,0,0,0,4,1,0,0
CARRIER_C,2026-08-13 16:00,BUGANG,20FT,1,0,0,0,3,0,0,0
CARRIER_C,2026-08-13 17:00,BUGANG,20FT,0,0,0,0,3,0,0,0
CARRIER_C,2026-08-13 18:00,BUGANG,20FT,0,0,0,0,3,0,0,0
CARRIER_C,2026-08-13 19:00,BUGANG,20FT,0,0,0,0,3,0,0,0
CARRIER_C,2026-08-13 20:00,BUGANG,20FT,0,0,0,0,3,0,0,0
CARRIER_C,2026-08-13 21:00,BUGANG,20FT,0,0,0,0,3,0,0,0
CARRIER_C,2026-08-13 22:00,BUGANG,20FT,0,0,0,0,3,0,0,0
CARRIER_C,2026-08-13 23:00,BUGANG,20FT,0,0,0,0,3,0,0,0
CARRIER_C,2026-08-14 00:00,BUGANG,20FT,0,0,0,0,3,0,0,0
CARRIER_C,2026-08-14 01:00,BUGANG,20FT,0,0,0,0,3,0,0,0
CARRIER_C,2026-08-14 02:00,BUGANG,20FT,0,0,0,0,3,0,0,0
CARRIER_C,2026-08-14 03:00,BUGANG,20FT,0,0,0,0,3,0,0,0
CARRIER_C,2026-08-14 04:00,BUGANG,20FT,0,0,0,0,3,0,0,0
CARRIER_C,2026-08-14 05:00,BUGANG,20FT,0,0,0,0,3,0,0,0
CARRIER_C,2026-08-14 06:00,BUGANG,20FT,0,0,0,0,3,0,0,0
CARRIER_C,2026-08-14 07:00,BUGANG,20FT,0,0,0,0,3,0,0,0
CARRIER_C,2026-08-14 08:00,BUGANG,20FT,0,0,0,0,3,0,0,0
CARRIER_C,2026-08-14 09:00,BUGANG,20FT,0,0,0,0,3,0,0,0
CARRIER_C,2026-08-14 10:00,BUGANG,20FT,0,0,0,0,3,0,0,0
CARRIER_C,2026-08-14 11:00,BUGANG,20FT,0,1,0,0,4,1,0,0
CARRIER_C,2026-08-14 12:00,BUGANG,20FT,0,0,0,0,4,1,0,0
CARRIER_C,2026-08-14 13:00,BUGANG,20FT,0,0,0,0,4,1,0,0
CARRIER_C,2026-08-14 14:00,BUGANG,20FT,0,0,0,0,4,1,0,0
CARRIER_C,2026-08-14 15:00,BUGANG,20FT,0,0,0,0,4,1,0,0
CARRIER_C,2026-08-14 16:00,BUGANG,20FT,0,0,0,0,4,1,0,0
CARRIER_C,2026-08-14 17:00,BUGANG,20FT,0,0,0,0,4,1,0,0
CARRIER_C,2026-08-14 18:00,BUGANG,20FT,0,0,0,0,4,1,0,0
CARRIER_C,2026-08-14 19:00,BUGANG,20FT,1,0,0,0,3,0,0,0
CARRIER_C,2026-08-14 20:00,BUGANG,20FT,0,0,0,0,3,0,0,0
CARRIER_C,2026-08-14 21:00,BUGANG,20FT,0,0,0,0,3,0,0,0
CARRIER_C,2026-08-14 22:00,BUGANG,20FT,0,0,0,0,3,0,0,0
CARRIER_C,2026-08-14 23:00,BUGANG,20FT,0,0,0,0,3,0,0,0
CARRIER_C,2026-08-15 00:00,BUGANG,20FT,0,0,0,0,3,0,0,0
CARRIER_C,2026-08-15 01:00,BUGANG,20FT,0,0,0,0,3,0,0,0
CARRIER_C,2026-08-15 02:00,BUGANG,20FT,0,0,0,0,3,0,0,0
CARRIER_C,2026-08-15 03:00,BUGANG,20FT,0,0,0,0,3,0,0,0
CARRIER_C,2026-08-15 04:00,BUGANG,20FT,0,0,0,0,3,0,0,0
CARRIER_C,2026-08-15 05:00,BUGANG,20FT,0,0,0,0,3,0,0,0
CARRIER_C,2026-08-15 06:00,BUGANG,20FT,0,0,0,0,3,0,0,0
CARRIER_C,2026-08-15 07:00,BUGANG,20FT,0,0,0,0,3,0,0,0
CARRIER_C,2026-08-15 08:00,BUGANG,20FT,0,0,0,0,3,0,0,0
CARRIER_C,2026-08-15 09:00,BUGANG,20FT,0,0,0,0,3,0,0,0
CARRIER_C,2026-08-15 10:00,BUGANG,20FT,0,0,0,0,3,0,0,0
CARRIER_C,2026-08-15 11:00,BUGANG,20FT,0,0,0,0,3,0,0,0
CARRIER_C,2026-08-15 12:00,BUGANG,20FT,0,0,0,0,3,0,0,0
CARRIER_C,2026-08-15 13:00,BUGANG,20FT,0,0,0,0,3,0,0,0
CARRIER_C,2026-08-15 14:00,BUGANG,20FT,0,0,0,0,3,0,0,0
CARRIER_C,2026-08-15 15:00,BUGANG,20FT,0,0,0,0,3,0,0,0
CARRIER_C,2026-08-15 16:00,BUGANG,20FT,0,0,0,0,3,0,0,0
CARRIER_C,2026-08-15 17:00,BUGANG,20FT,0,0,0,0,3,0,0,0
CARRIER_C,2026-08-15 18:00,BUGANG,20FT,0,0,0,0,3,0,0,0
CARRIER_C,2026-08-15 19:00,BUGANG,20FT,0,0,0,0,3,0,0,0
CARRIER_C,2026-08-15 20:00,BUGANG,20FT,0,0,0,0,3,0,0,0
CARRIER_C,2026-08-15 21:00,BUGANG,20FT,0,0,0,0,3,0,0,0
CARRIER_C,2026-08-15 22:00,BUGANG,20FT,0,0,0,0,3,0,0,0
CARRIER_C,2026-08-15 23:00,BUGANG,20FT,0,0,0,0,3,0,0,0
CARRIER_C,2026-08-16 00:00,BUGANG,20FT,0,0,0,0,3,0,0,0
CARRIER_C,2026-08-16 01:00,BUGANG,20FT,0,0,0,0,3,0,0,0
CARRIER_C,2026-08-16 02:00,BUGANG,20FT,0,0,0,0,3,0,0,0
CARRIER_C,2026-08-16 03:00,BUGANG,20FT,0,0,0,0,3,0,0,0
CARRIER_C,2026-08-16 04:00,BUGANG,20FT,0,0,0,0,3,0,0,0
CARRIER_C,2026-08-16 05:00,BUGANG,20FT,0,0,0,0,3,0,0,0
CARRIER_C,2026-08-16 06:00,BUGANG,20FT,0,0,0,0,3,0,0,0
CARRIER_C,2026-08-16 07:00,BUGANG,20FT,0,0,0,0,3,0,0,0
CARRIER_C,2026-08-16 08:00,BUGANG,20FT,0,0,0,0,3,0,0,0
CARRIER_C,2026-08-16 09:00,BUGANG,20FT,0,0,0,0,3,0,0,0
CARRIER_C,2026-08-16 10:00,BUGANG,20FT,0,1,0,0,4,1,0,0
CARRIER_C,2026-08-16 11:00,BUGANG,20FT,0,0,0,0,4,1,0,0
CARRIER_C,2026-08-16 12:00,BUGANG,20FT,0,0,0,0,4,1,0,0
CARRIER_C,2026-08-16 13:00,BUGANG,20FT,0,0,0,0,4,1,0,0
CARRIER_C,2026-08-16 14:00,BUGANG,20FT,0,0,0,0,4,1,0,0
CARRIER_C,2026-08-16 15:00,BUGANG,20FT,0,0,0,0,4,1,0,0
CARRIER_C,2026-08-16 16:00,BUGANG,20FT,0,0,0,0,4,1,0,0
CARRIER_C,2026-08-16 17:00,BUGANG,20FT,0,0,0,0,4,1,0,0
CARRIER_C,2026-08-16 18:00,BUGANG,20FT,0,0,0,0,4,1,0,0
CARRIER_C,2026-08-16 19:00,BUGANG,20FT,0,0,0,0,4,1,0,0
CARRIER_C,2026-08-16 20:00,BUGANG,20FT,0,0,0,0,4,1,0,0
CARRIER_C,2026-08-16 21:00,BUGANG,20FT,0,0,0,0,4,1,0,0
CARRIER_C,2026-08-16 22:00,BUGANG,20FT,0,0,0,0,4,1,0,0
CARRIER_C,2026-08-16 23:00,BUGANG,20FT,0,0,0,0,4,1,0,0
CARRIER_C,2026-08-10 00:00,BUGANG,40FT,0,0,0,0,2,2,0,0
CARRIER_C,2026-08-10 01:00,BUGANG,40FT,0,0,0,0,2,2,0,0
CARRIER_C,2026-08-10 02:00,BUGANG,40FT,0,0,0,0,2,2,0,0
CARRIER_C,2026-08-10 03:00,BUGANG,40FT,0,0,0,0,2,2,0,0
CARRIER_C,2026-08-10 04:00,BUGANG,40FT,0,0,0,0,2,2,0,0
CARRIER_C,2026-08-10 05:00,BUGANG,40FT,0,0,0,0,2,2,0,0
CARRIER_C,2026-08-10 06:00,BUGANG,40FT,0,0,0,0,2,2,0,0
CARRIER_C,2026-08-10 07:00,BUGANG,40FT,0,0,0,0,2,2,0,0
CARRIER_C,2026-08-10 08:00,BUGANG,40FT,0,0,0,0,2,2,0,0
CARRIER_C,2026-08-10 09:00,BUGANG,40FT,0,0,0,0,2,2,0,0
CARRIER_C,2026-08-10 10:00,BUGANG,40FT,0,0,0,0,2,2,0,0
CARRIER_C,2026-08-10 11:00,BUGANG,40FT,0,0,0,0,2,2,0,0
CARRIER_C,2026-08-10 12:00,BUGANG,40FT,0,0,0,0,2,2,0,0
CARRIER_C,2026-08-10 13:00,BUGANG,40FT,0,0,0,0,2,2,0,0
CARRIER_C,2026-08-10 14:00,BUGANG,40FT,0,0,0,0,2,2,0,0
CARRIER_C,2026-08-10 15:00,BUGANG,40FT,0,0,0,0,2,2,0,0
CARRIER_C,2026-08-10 16:00,BUGANG,40FT,0,0,0,0,2,2,0,0
CARRIER_C,2026-08-10 17:00,BUGANG,40FT,0,0,0,0,2,2,0,0
CARRIER_C,2026-08-10 18:00,BUGANG,40FT,0,0,0,0,2,2,0,0
CARRIER_C,2026-08-10 19:00,BUGANG,40FT,0,0,0,0,2,2,0,0
CARRIER_C,2026-08-10 20:00,BUGANG,40FT,0,0,0,0,2,2,0,0
CARRIER_C,2026-08-10 21:00,BUGANG,40FT,0,0,0,0,2,2,0,0
CARRIER_C,2026-08-10 22:00,BUGANG,40FT,0,0,0,0,2,2,0,0
CARRIER_C,2026-08-10 23:00,BUGANG,40FT,0,0,0,0,2,2,0,0
CARRIER_C,2026-08-11 00:00,BUGANG,40FT,0,0,0,0,2,2,0,0
CARRIER_C,2026-08-11 01:00,BUGANG,40FT,0,0,0,0,2,2,0,0
CARRIER_C,2026-08-11 02:00,BUGANG,40FT,0,0,0,0,2,2,0,0
CARRIER_C,2026-08-11 03:00,BUGANG,40FT,0,0,0,0,2,2,0,0
CARRIER_C,2026-08-11 04:00,BUGANG,40FT,0,0,0,0,2,2,0,0
CARRIER_C,2026-08-11 05:00,BUGANG,40FT,0,0,0,0,2,2,0,0
CARRIER_C,2026-08-11 06:00,BUGANG,40FT,0,0,0,0,2,2,0,0
CARRIER_C,2026-08-11 07:00,BUGANG,40FT,0,0,0,0,2,2,0,0
CARRIER_C,2026-08-11 08:00,BUGANG,40FT,0,0,0,0,2,2,0,0
CARRIER_C,2026-08-11 09:00,BUGANG,40FT,0,0,0,0,2,2,0,0
CARRIER_C,2026-08-11 10:00,BUGANG,40FT,0,0,0,0,2,2,0,0
CARRIER_C,2026-08-11 11:00,BUGANG,40FT,0,1,0,0,3,3,0,0
CARRIER_C,2026-08-11 12:00,BUGANG,40FT,0,0,0,0,3,3,0,0
CARRIER_C,2026-08-11 13:00,BUGANG,40FT,0,0,0,0,3,3,0,0
CARRIER_C,2026-08-11 14:00,BUGANG,40FT,0,0,0,1,3,2,0,0
CARRIER_C,2026-08-11 15:00,BUGANG,40FT,0,0,0,0,3,2,0,0
CARRIER_C,2026-08-11 16:00,BUGANG,40FT,0,0,0,0,3,2,0,0
CARRIER_C,2026-08-11 17:00,BUGANG,40FT,0,0,0,0,3,2,0,0
CARRIER_C,2026-08-11 18:00,BUGANG,40FT,0,0,0,0,3,2,0,0
CARRIER_C,2026-08-11 19:00,BUGANG,40FT,0,0,0,0,3,2,0,0
CARRIER_C,2026-08-11 20:00,BUGANG,40FT,0,0,0,0,3,2,0,0
CARRIER_C,2026-08-11 21:00,BUGANG,40FT,0,0,0,0,3,2,0,0
CARRIER_C,2026-08-11 22:00,BUGANG,40FT,0,0,0,0,3,2,0,0
CARRIER_C,2026-08-11 23:00,BUGANG,40FT,0,0,0,0,3,2,0,0
CARRIER_C,2026-08-12 00:00,BUGANG,40FT,0,0,0,0,3,2,0,0
CARRIER_C,2026-08-12 01:00,BUGANG,40FT,0,0,0,0,3,2,0,0
CARRIER_C,2026-08-12 02:00,BUGANG,40FT,0,0,0,0,3,2,0,0
CARRIER_C,2026-08-12 03:00,BUGANG,40FT,0,0,0,0,3,2,0,0
CARRIER_C,2026-08-12 04:00,BUGANG,40FT,0,0,0,0,3,2,0,0
CARRIER_C,2026-08-12 05:00,BUGANG,40FT,0,0,0,0,3,2,0,0
CARRIER_C,2026-08-12 06:00,BUGANG,40FT,0,0,0,0,3,2,0,0
CARRIER_C,2026-08-12 07:00,BUGANG,40FT,0,0,0,0,3,2,0,0
CARRIER_C,2026-08-12 08:00,BUGANG,40FT,0,0,0,0,3,2,0,0
CARRIER_C,2026-08-12 09:00,BUGANG,40FT,0,0,0,0,3,2,0,0
CARRIER_C,2026-08-12 10:00,BUGANG,40FT,0,0,0,0,3,2,0,0
CARRIER_C,2026-08-12 11:00,BUGANG,40FT,0,0,0,0,3,2,0,0
CARRIER_C,2026-08-12 12:00,BUGANG,40FT,0,0,0,0,3,2,0,0
CARRIER_C,2026-08-12 13:00,BUGANG,40FT,0,1,0,0,4,3,0,0
CARRIER_C,2026-08-12 14:00,BUGANG,40FT,0,0,0,0,4,3,0,0
CARRIER_C,2026-08-12 15:00,BUGANG,40FT,1,0,0,0,3,2,0,0
CARRIER_C,2026-08-12 16:00,BUGANG,40FT,0,0,0,0,3,2,0,0
CARRIER_C,2026-08-12 17:00,BUGANG,40FT,0,0,0,0,3,2,0,0
CARRIER_C,2026-08-12 18:00,BUGANG,40FT,0,0,0,0,3,2,0,0
CARRIER_C,2026-08-12 19:00,BUGANG,40FT,0,0,0,0,3,2,0,0
CARRIER_C,2026-08-12 20:00,BUGANG,40FT,0,0,0,0,3,2,0,0
CARRIER_C,2026-08-12 21:00,BUGANG,40FT,0,0,0,0,3,2,0,0
CARRIER_C,2026-08-12 22:00,BUGANG,40FT,0,0,0,0,3,2,0,0
CARRIER_C,2026-08-12 23:00,BUGANG,40FT,0,0,0,0,3,2,0,0
CARRIER_C,2026-08-13 00:00,BUGANG,40FT,0,0,0,0,3,2,0,0
CARRIER_C,2026-08-13 01:00,BUGANG,40FT,0,0,0,0,3,2,0,0
CARRIER_C,2026-08-13 02:00,BUGANG,40FT,0,0,0,0,3,2,0,0
CARRIER_C,2026-08-13 03:00,BUGANG,40FT,0,0,0,0,3,2,0,0
CARRIER_C,2026-08-13 04:00,BUGANG,40FT,0,0,0,0,3,2,0,0
CARRIER_C,2026-08-13 05:00,BUGANG,40FT,0,0,0,0,3,2,0,0
CARRIER_C,2026-08-13 06:00,BUGANG,40FT,0,0,0,0,3,2,0,0
CARRIER_C,2026-08-13 07:00,BUGANG,40FT,0,0,0,0,3,2,0,0
CARRIER_C,2026-08-13 08:00,BUGANG,40FT,0,0,0,0,3,2,0,0
CARRIER_C,2026-08-13 09:00,BUGANG,40FT,0,0,0,0,3,2,0,0
CARRIER_C,2026-08-13 10:00,BUGANG,40FT,0,0,0,0,3,2,0,0
CARRIER_C,2026-08-13 11:00,BUGANG,40FT,0,0,0,0,3,2,0,0
CARRIER_C,2026-08-13 12:00,BUGANG,40FT,0,0,0,0,3,2,0,0
CARRIER_C,2026-08-13 13:00,BUGANG,40FT,0,0,0,0,3,2,0,0
CARRIER_C,2026-08-13 14:00,BUGANG,40FT,0,0,0,0,3,2,0,0
CARRIER_C,2026-08-13 15:00,BUGANG,40FT,0,0,0,0,3,2,0,0
CARRIER_C,2026-08-13 16:00,BUGANG,40FT,0,0,0,0,3,2,0,0
CARRIER_C,2026-08-13 17:00,BUGANG,40FT,0,0,0,0,3,2,0,0
CARRIER_C,2026-08-13 18:00,BUGANG,40FT,0,0,0,0,3,2,0,0
CARRIER_C,2026-08-13 19:00,BUGANG,40FT,0,0,0,0,3,2,0,0
CARRIER_C,2026-08-13 20:00,BUGANG,40FT,0,0,0,0,3,2,0,0
CARRIER_C,2026-08-13 21:00,BUGANG,40FT,0,0,0,0,3,2,0,0
CARRIER_C,2026-08-13 22:00,BUGANG,40FT,0,0,0,0,3,2,0,0
CARRIER_C,2026-08-13 23:00,BUGANG,40FT,0,0,0,0,3,2,0,0
CARRIER_C,2026-08-14 00:00,BUGANG,40FT,0,0,0,0,3,2,0,0
CARRIER_C,2026-08-14 01:00,BUGANG,40FT,0,0,0,0,3,2,0,0
CARRIER_C,2026-08-14 02:00,BUGANG,40FT,0,0,0,0,3,2,0,0
CARRIER_C,2026-08-14 03:00,BUGANG,40FT,0,0,0,0,3,2,0,0
CARRIER_C,2026-08-14 04:00,BUGANG,40FT,0,0,0,0,3,2,0,0
CARRIER_C,2026-08-14 05:00,BUGANG,40FT,0,0,0,0,3,2,0,0
CARRIER_C,2026-08-14 06:00,BUGANG,40FT,0,0,0,0,3,2,0,0
CARRIER_C,2026-08-14 07:00,BUGANG,40FT,0,0,0,0,3,2,0,0
CARRIER_C,2026-08-14 08:00,BUGANG,40FT,0,0,0,0,3,2,0,0
CARRIER_C,2026-08-14 09:00,BUGANG,40FT,0,0,0,0,3,2,0,0
CARRIER_C,2026-08-14 10:00,BUGANG,40FT,0,0,0,0,3,2,0,0
CARRIER_C,2026-08-14 11:00,BUGANG,40FT,0,0,0,0,3,2,0,0
CARRIER_C,2026-08-14 12:00,BUGANG,40FT,0,0,0,0,3,2,0,0
CARRIER_C,2026-08-14 13:00,BUGANG,40FT,0,0,0,0,3,2,0,0
CARRIER_C,2026-08-14 14:00,BUGANG,40FT,0,0,0,0,3,2,0,0
CARRIER_C,2026-08-14 15:00,BUGANG,40FT,0,0,0,0,3,2,0,0
CARRIER_C,2026-08-14 16:00,BUGANG,40FT,0,0,0,0,3,2,0,0
CARRIER_C,2026-08-14 17:00,BUGANG,40FT,0,1,0,0,4,3,0,0
CARRIER_C,2026-08-14 18:00,BUGANG,40FT,0,0,0,0,4,3,0,0
CARRIER_C,2026-08-14 19:00,BUGANG,40FT,0,0,0,0,4,3,0,0
CARRIER_C,2026-08-14 20:00,BUGANG,40FT,0,0,0,0,4,3,0,0
CARRIER_C,2026-08-14 21:00,BUGANG,40FT,0,0,0,0,4,3,0,0
CARRIER_C,2026-08-14 22:00,BUGANG,40FT,0,0,0,0,4,3,0,0
CARRIER_C,2026-08-14 23:00,BUGANG,40FT,0,0,0,0,4,3,0,0
CARRIER_C,2026-08-15 00:00,BUGANG,40FT,0,0,0,0,4,3,0,0
CARRIER_C,2026-08-15 01:00,BUGANG,40FT,0,0,0,0,4,3,0,0
CARRIER_C,2026-08-15 02:00,BUGANG,40FT,0,0,0,0,4,3,0,0
CARRIER_C,2026-08-15 03:00,BUGANG,40FT,0,0,0,0,4,3,0,0
CARRIER_C,2026-08-15 04:00,BUGANG,40FT,0,0,0,0,4,3,0,0
CARRIER_C,2026-08-15 05:00,BUGANG,40FT,0,0,0,0,4,3,0,0
CARRIER_C,2026-08-15 06:00,BUGANG,40FT,1,0,0,0,3,2,0,0
CARRIER_C,2026-08-15 07:00,BUGANG,40FT,0,0,0,0,3,2,0,0
CARRIER_C,2026-08-15 08:00,BUGANG,40FT,0,0,0,0,3,2,0,0
CARRIER_C,2026-08-15 09:00,BUGANG,40FT,0,0,0,0,3,2,0,0
CARRIER_C,2026-08-15 10:00,BUGANG,40FT,0,0,0,0,3,2,0,0
CARRIER_C,2026-08-15 11:00,BUGANG,40FT,0,0,0,0,3,2,0,0
CARRIER_C,2026-08-15 12:00,BUGANG,40FT,0,0,0,0,3,2,0,0
CARRIER_C,2026-08-15 13:00,BUGANG,40FT,0,0,0,0,3,2,0,0
CARRIER_C,2026-08-15 14:00,BUGANG,40FT,0,0,0,0,3,2,0,0
CARRIER_C,2026-08-15 15:00,BUGANG,40FT,0,0,0,0,3,2,0,0
CARRIER_C,2026-08-15 16:00,BUGANG,40FT,0,0,0,0,3,2,0,0
CARRIER_C,2026-08-15 17:00,BUGANG,40FT,0,0,0,0,3,2,0,0
CARRIER_C,2026-08-15 18:00,BUGANG,40FT,0,0,0,0,3,2,0,0
CARRIER_C,2026-08-15 19:00,BUGANG,40FT,0,0,0,0,3,2,0,0
CARRIER_C,2026-08-15 20:00,BUGANG,40FT,0,0,0,0,3,2,0,0
CARRIER_C,2026-08-15 21:00,BUGANG,40FT,0,0,0,0,3,2,0,0
CARRIER_C,2026-08-15 22:00,BUGANG,40FT,0,0,0,0,3,2,0,0
CARRIER_C,2026-08-15 23:00,BUGANG,40FT,0,0,0,0,3,2,0,0
CARRIER_C,2026-08-16 00:00,BUGANG,40FT,0,0,0,0,3,2,0,0
CARRIER_C,2026-08-16 01:00,BUGANG,40FT,0,0,0,0,3,2,0,0
CARRIER_C,2026-08-16 02:00,BUGANG,40FT,0,0,0,0,3,2,0,0
CARRIER_C,2026-08-16 03:00,BUGANG,40FT,0,0,0,0,3,2,0,0
CARRIER_C,2026-08-16 04:00,BUGANG,40FT,0,0,0,0,3,2,0,0
CARRIER_C,2026-08-16 05:00,BUGANG,40FT,0,0,0,0,3,2,0,0
CARRIER_C,2026-08-16 06:00,BUGANG,40FT,0,0,0,0,3,2,0,0
CARRIER_C,2026-08-16 07:00,BUGANG,40FT,0,0,0,0,3,2,0,0
CARRIER_C,2026-08-16 08:00,BUGANG,40FT,0,0,0,0,3,2,0,0
CARRIER_C,2026-08-16 09:00,BUGANG,40FT,0,0,0,0,3,2,0,0
CARRIER_C,2026-08-16 10:00,BUGANG,40FT,0,0,0,0,3,2,0,0
CARRIER_C,2026-08-16 11:00,BUGANG,40FT,0,0,0,0,3,2,0,0
CARRIER_C,2026-08-16 12:00,BUGANG,40FT,0,0,0,0,3,2,0,0
CARRIER_C,2026-08-16 13:00,BUGANG,40FT,0,0,0,0,3,2,0,0
CARRIER_C,2026-08-16 14:00,BUGANG,40FT,0,0,0,0,3,2,0,0
CARRIER_C,2026-08-16 15:00,BUGANG,40FT,0,0,0,0,3,2,0,0
CARRIER_C,2026-08-16 16:00,BUGANG,40FT,0,0,0,0,3,2,0,0
CARRIER_C,2026-08-16 17:00,BUGANG,40FT,1,0,0,0,2,1,0,0
CARRIER_C,2026-08-16 18:00,BUGANG,40FT,0,0,0,0,2,1,0,0
CARRIER_C,2026-08-16 19:00,BUGANG,40FT,0,0,0,0,2,1,0,0
CARRIER_C,2026-08-16 20:00,BUGANG,40FT,0,0,0,0,2,1,0,0
CARRIER_C,2026-08-16 21:00,BUGANG,40FT,0,0,0,0,2,1,0,0
CARRIER_C,2026-08-16 22:00,BUGANG,40FT,0,0,0,0,2,1,0,0
CARRIER_C,2026-08-16 23:00,BUGANG,40FT,0,0,0,0,2,1,0,0
CARRIER_C,2026-08-10 00:00,BUSAN,20FT,0,0,0,0,2,2,0,0
CARRIER_C,2026-08-10 01:00,BUSAN,20FT,0,0,0,0,2,2,0,0
CARRIER_C,2026-08-10 02:00,BUSAN,20FT,0,0,0,0,2,2,0,0
CARRIER_C,2026-08-10 03:00,BUSAN,20FT,0,0,0,0,2,2,0,0
CARRIER_C,2026-08-10 04:00,BUSAN,20FT,0,0,0,0,2,2,0,0
CARRIER_C,2026-08-10 05:00,BUSAN,20FT,0,0,0,0,2,2,0,0
CARRIER_C,2026-08-10 06:00,BUSAN,20FT,0,0,0,0,2,2,0,0
CARRIER_C,2026-08-10 07:00,BUSAN,20FT,0,0,0,0,2,2,0,0
CARRIER_C,2026-08-10 08:00,BUSAN,20FT,0,0,0,0,2,2,0,0
CARRIER_C,2026-08-10 09:00,BUSAN,20FT,1,0,0,0,1,1,0,0
CARRIER_C,2026-08-10 10:00,BUSAN,20FT,0,0,0,0,1,1,0,0
CARRIER_C,2026-08-10 11:00,BUSAN,20FT,0,0,0,0,1,1,0,0
CARRIER_C,2026-08-10 12:00,BUSAN,20FT,0,0,0,0,1,1,0,0
CARRIER_C,2026-08-10 13:00,BUSAN,20FT,0,0,0,0,1,1,0,0
CARRIER_C,2026-08-10 14:00,BUSAN,20FT,0,0,0,0,1,1,0,0
CARRIER_C,2026-08-10 15:00,BUSAN,20FT,0,0,0,0,1,1,0,0
CARRIER_C,2026-08-10 16:00,BUSAN,20FT,0,0,0,0,1,1,0,0
CARRIER_C,2026-08-10 17:00,BUSAN,20FT,0,0,0,0,1,1,0,0
CARRIER_C,2026-08-10 18:00,BUSAN,20FT,0,0,0,0,1,1,0,0
CARRIER_C,2026-08-10 19:00,BUSAN,20FT,0,0,0,0,1,1,0,0
CARRIER_C,2026-08-10 20:00,BUSAN,20FT,0,0,0,0,1,1,0,0
CARRIER_C,2026-08-10 21:00,BUSAN,20FT,0,0,2,0,1,3,0,0
CARRIER_C,2026-08-10 22:00,BUSAN,20FT,0,0,0,0,1,3,0,0
CARRIER_C,2026-08-10 23:00,BUSAN,20FT,0,0,0,0,1,3,0,0
CARRIER_C,2026-08-11 00:00,BUSAN,20FT,0,0,0,0,1,3,0,0
CARRIER_C,2026-08-11 01:00,BUSAN,20FT,0,0,0,0,1,3,0,0
CARRIER_C,2026-08-11 02:00,BUSAN,20FT,0,0,0,0,1,3,0,0
CARRIER_C,2026-08-11 03:00,BUSAN,20FT,0,0,0,0,1,3,0,0
CARRIER_C,2026-08-11 04:00,BUSAN,20FT,0,0,0,0,1,3,0,0
CARRIER_C,2026-08-11 05:00,BUSAN,20FT,0,0,0,0,1,3,0,0
CARRIER_C,2026-08-11 06:00,BUSAN,20FT,0,0,0,0,1,3,0,0
CARRIER_C,2026-08-11 07:00,BUSAN,20FT,0,0,0,0,1,3,0,0
CARRIER_C,2026-08-11 08:00,BUSAN,20FT,1,0,0,0,0,2,0,0
CARRIER_C,2026-08-11 09:00,BUSAN,20FT,0,0,0,0,0,2,0,0
CARRIER_C,2026-08-11 10:00,BUSAN,20FT,0,0,0,0,0,2,0,0
CARRIER_C,2026-08-11 11:00,BUSAN,20FT,0,0,0,0,0,2,0,0
CARRIER_C,2026-08-11 12:00,BUSAN,20FT,0,0,0,0,0,2,0,0
CARRIER_C,2026-08-11 13:00,BUSAN,20FT,1,0,0,0,0,1,1,0
CARRIER_C,2026-08-11 14:00,BUSAN,20FT,0,0,0,0,0,1,0,0
CARRIER_C,2026-08-11 15:00,BUSAN,20FT,0,0,0,0,0,1,0,0
CARRIER_C,2026-08-11 16:00,BUSAN,20FT,0,0,0,0,0,1,0,0
CARRIER_C,2026-08-11 17:00,BUSAN,20FT,0,0,0,0,0,1,0,0
CARRIER_C,2026-08-11 18:00,BUSAN,20FT,0,1,0,0,1,2,0,0
CARRIER_C,2026-08-11 19:00,BUSAN,20FT,0,0,0,0,1,2,0,0
CARRIER_C,2026-08-11 20:00,BUSAN,20FT,0,0,0,0,1,2,0,0
CARRIER_C,2026-08-11 21:00,BUSAN,20FT,0,0,0,0,1,2,0,0
CARRIER_C,2026-08-11 22:00,BUSAN,20FT,0,0,0,0,1,2,0,0
CARRIER_C,2026-08-11 23:00,BUSAN,20FT,0,0,0,0,1,2,0,0
CARRIER_C,2026-08-12 00:00,BUSAN,20FT,0,0,0,0,1,2,0,0
CARRIER_C,2026-08-12 01:00,BUSAN,20FT,0,0,0,0,1,2,0,0
CARRIER_C,2026-08-12 02:00,BUSAN,20FT,0,0,0,0,1,2,0,0
CARRIER_C,2026-08-12 03:00,BUSAN,20FT,0,0,0,0,1,2,0,0
CARRIER_C,2026-08-12 04:00,BUSAN,20FT,0,0,0,0,1,2,0,0
CARRIER_C,2026-08-12 05:00,BUSAN,20FT,0,0,0,0,1,2,0,0
CARRIER_C,2026-08-12 06:00,BUSAN,20FT,1,0,0,0,0,1,0,0
CARRIER_C,2026-08-12 07:00,BUSAN,20FT,0,0,0,0,0,1,0,0
CARRIER_C,2026-08-12 08:00,BUSAN,20FT,0,0,0,0,0,1,0,0
CARRIER_C,2026-08-12 09:00,BUSAN,20FT,0,0,0,0,0,1,0,0
CARRIER_C,2026-08-12 10:00,BUSAN,20FT,0,0,0,0,0,1,0,0
CARRIER_C,2026-08-12 11:00,BUSAN,20FT,0,0,0,0,0,1,0,0
CARRIER_C,2026-08-12 12:00,BUSAN,20FT,0,0,0,0,0,1,0,0
CARRIER_C,2026-08-12 13:00,BUSAN,20FT,0,0,0,0,0,1,0,0
CARRIER_C,2026-08-12 14:00,BUSAN,20FT,1,0,0,0,0,0,1,0
CARRIER_C,2026-08-12 15:00,BUSAN,20FT,0,0,0,0,0,0,0,0
CARRIER_C,2026-08-12 16:00,BUSAN,20FT,0,1,0,0,1,1,0,0
CARRIER_C,2026-08-12 17:00,BUSAN,20FT,0,0,0,0,1,1,0,0
CARRIER_C,2026-08-12 18:00,BUSAN,20FT,0,0,0,0,1,1,0,0
CARRIER_C,2026-08-12 19:00,BUSAN,20FT,0,0,0,0,1,1,0,0
CARRIER_C,2026-08-12 20:00,BUSAN,20FT,0,0,0,0,1,1,0,0
CARRIER_C,2026-08-12 21:00,BUSAN,20FT,0,0,0,0,1,1,0,0
CARRIER_C,2026-08-12 22:00,BUSAN,20FT,0,0,0,0,1,1,0,0
CARRIER_C,2026-08-12 23:00,BUSAN,20FT,0,0,0,0,1,1,0,0
CARRIER_C,2026-08-13 00:00,BUSAN,20FT,0,0,0,0,1,1,0,0
CARRIER_C,2026-08-13 01:00,BUSAN,20FT,0,0,0,0,1,1,0,0
CARRIER_C,2026-08-13 02:00,BUSAN,20FT,0,0,0,0,1,1,0,0
CARRIER_C,2026-08-13 03:00,BUSAN,20FT,0,0,0,0,1,1,0,0
CARRIER_C,2026-08-13 04:00,BUSAN,20FT,0,0,0,0,1,1,0,0
CARRIER_C,2026-08-13 05:00,BUSAN,20FT,0,0,0,0,1,1,0,0
CARRIER_C,2026-08-13 06:00,BUSAN,20FT,0,0,0,0,1,1,0,0
CARRIER_C,2026-08-13 07:00,BUSAN,20FT,1,0,0,0,0,0,0,0
CARRIER_C,2026-08-13 08:00,BUSAN,20FT,0,0,0,0,0,0,0,0
CARRIER_C,2026-08-13 09:00,BUSAN,20FT,0,0,0,0,0,0,0,0
CARRIER_C,2026-08-13 10:00,BUSAN,20FT,0,0,0,0,0,0,0,0
CARRIER_C,2026-08-13 11:00,BUSAN,20FT,0,0,0,0,0,0,0,0
CARRIER_C,2026-08-13 12:00,BUSAN,20FT,0,0,0,0,0,0,0,0
CARRIER_C,2026-08-13 13:00,BUSAN,20FT,0,1,0,0,1,1,0,0
CARRIER_C,2026-08-13 14:00,BUSAN,20FT,0,0,0,0,1,1,0,0
CARRIER_C,2026-08-13 15:00,BUSAN,20FT,0,0,0,0,1,1,0,0
CARRIER_C,2026-08-13 16:00,BUSAN,20FT,0,1,0,0,2,2,0,0
CARRIER_C,2026-08-13 17:00,BUSAN,20FT,0,0,0,0,2,2,0,0
CARRIER_C,2026-08-13 18:00,BUSAN,20FT,0,0,0,0,2,2,0,0
CARRIER_C,2026-08-13 19:00,BUSAN,20FT,0,0,0,0,2,2,0,0
CARRIER_C,2026-08-13 20:00,BUSAN,20FT,0,0,0,0,2,2,0,0
CARRIER_C,2026-08-13 21:00,BUSAN,20FT,0,0,0,0,2,2,0,0
CARRIER_C,2026-08-13 22:00,BUSAN,20FT,0,0,0,0,2,2,0,0
CARRIER_C,2026-08-13 23:00,BUSAN,20FT,0,0,0,0,2,2,0,0
CARRIER_C,2026-08-14 00:00,BUSAN,20FT,0,0,0,0,2,2,0,0
CARRIER_C,2026-08-14 01:00,BUSAN,20FT,0,0,0,0,2,2,0,0
CARRIER_C,2026-08-14 02:00,BUSAN,20FT,0,0,0,0,2,2,0,0
CARRIER_C,2026-08-14 03:00,BUSAN,20FT,0,0,0,0,2,2,0,0
CARRIER_C,2026-08-14 04:00,BUSAN,20FT,0,0,0,0,2,2,0,0
CARRIER_C,2026-08-14 05:00,BUSAN,20FT,0,0,0,0,2,2,0,0
CARRIER_C,2026-08-14 06:00,BUSAN,20FT,0,0,0,0,2,2,0,0
CARRIER_C,2026-08-14 07:00,BUSAN,20FT,0,0,0,0,2,2,0,0
CARRIER_C,2026-08-14 08:00,BUSAN,20FT,0,0,0,0,2,2,0,0
CARRIER_C,2026-08-14 09:00,BUSAN,20FT,1,0,0,0,1,1,0,0
CARRIER_C,2026-08-14 10:00,BUSAN,20FT,0,0,0,0,1,1,0,0
CARRIER_C,2026-08-14 11:00,BUSAN,20FT,0,0,0,0,1,1,0,0
CARRIER_C,2026-08-14 12:00,BUSAN,20FT,0,0,0,0,1,1,0,0
CARRIER_C,2026-08-14 13:00,BUSAN,20FT,0,0,0,0,1,1,0,0
CARRIER_C,2026-08-14 14:00,BUSAN,20FT,0,0,0,0,1,1,0,0
CARRIER_C,2026-08-14 15:00,BUSAN,20FT,0,0,0,0,1,1,0,0
CARRIER_C,2026-08-14 16:00,BUSAN,20FT,0,0,0,0,1,1,0,0
CARRIER_C,2026-08-14 17:00,BUSAN,20FT,0,0,0,0,1,1,0,0
CARRIER_C,2026-08-14 18:00,BUSAN,20FT,0,0,0,0,1,1,0,0
CARRIER_C,2026-08-14 19:00,BUSAN,20FT,0,0,0,0,1,1,0,0
CARRIER_C,2026-08-14 20:00,BUSAN,20FT,0,0,0,0,1,1,0,0
CARRIER_C,2026-08-14 21:00,BUSAN,20FT,0,0,0,0,1,1,0,0
CARRIER_C,2026-08-14 22:00,BUSAN,20FT,0,0,0,0,1,1,0,0
CARRIER_C,2026-08-14 23:00,BUSAN,20FT,0,0,0,0,1,1,0,0
CARRIER_C,2026-08-15 00:00,BUSAN,20FT,0,0,0,0,1,1,0,0
CARRIER_C,2026-08-15 01:00,BUSAN,20FT,0,0,0,0,1,1,0,0
CARRIER_C,2026-08-15 02:00,BUSAN,20FT,0,0,0,0,1,1,0,0
CARRIER_C,2026-08-15 03:00,BUSAN,20FT,0,0,0,0,1,1,0,0
CARRIER_C,2026-08-15 04:00,BUSAN,20FT,0,0,0,0,1,1,0,0
CARRIER_C,2026-08-15 05:00,BUSAN,20FT,0,0,0,0,1,1,0,0
CARRIER_C,2026-08-15 06:00,BUSAN,20FT,0,0,0,0,1,1,0,0
CARRIER_C,2026-08-15 07:00,BUSAN,20FT,0,0,0,0,1,1,0,0
CARRIER_C,2026-08-15 08:00,BUSAN,20FT,0,0,0,0,1,1,0,0
CARRIER_C,2026-08-15 09:00,BUSAN,20FT,1,0,0,0,0,0,0,0
CARRIER_C,2026-08-15 10:00,BUSAN,20FT,0,0,0,0,0,0,0,0
CARRIER_C,2026-08-15 11:00,BUSAN,20FT,0,0,0,0,0,0,0,0
CARRIER_C,2026-08-15 12:00,BUSAN,20FT,0,0,0,0,0,0,0,0
CARRIER_C,2026-08-15 13:00,BUSAN,20FT,0,0,0,0,0,0,0,0
CARRIER_C,2026-08-15 14:00,BUSAN,20FT,0,0,0,0,0,0,0,0
CARRIER_C,2026-08-15 15:00,BUSAN,20FT,0,0,0,0,0,0,0,0
CARRIER_C,2026-08-15 16:00,BUSAN,20FT,0,0,0,0,0,0,0,0
CARRIER_C,2026-08-15 17:00,BUSAN,20FT,0,0,0,0,0,0,0,0
CARRIER_C,2026-08-15 18:00,BUSAN,20FT,0,0,0,0,0,0,0,0
CARRIER_C,2026-08-15 19:00,BUSAN,20FT,0,0,0,0,0,0,0,0
CARRIER_C,2026-08-15 20:00,BUSAN,20FT,0,0,0,0,0,0,0,0
CARRIER_C,2026-08-15 21:00,BUSAN,20FT,0,0,0,0,0,0,0,0
CARRIER_C,2026-08-15 22:00,BUSAN,20FT,0,0,0,0,0,0,0,0
CARRIER_C,2026-08-15 23:00,BUSAN,20FT,0,0,0,0,0,0,0,0
CARRIER_C,2026-08-16 00:00,BUSAN,20FT,0,0,0,0,0,0,0,0
CARRIER_C,2026-08-16 01:00,BUSAN,20FT,0,0,0,0,0,0,0,0
CARRIER_C,2026-08-16 02:00,BUSAN,20FT,0,0,0,0,0,0,0,0
CARRIER_C,2026-08-16 03:00,BUSAN,20FT,0,0,0,0,0,0,0,0
CARRIER_C,2026-08-16 04:00,BUSAN,20FT,0,0,0,0,0,0,0,0
CARRIER_C,2026-08-16 05:00,BUSAN,20FT,0,0,0,0,0,0,0,0
CARRIER_C,2026-08-16 06:00,BUSAN,20FT,0,0,0,0,0,0,0,0
CARRIER_C,2026-08-16 07:00,BUSAN,20FT,0,0,0,0,0,0,0,0
CARRIER_C,2026-08-16 08:00,BUSAN,20FT,0,0,0,0,0,0,0,0
CARRIER_C,2026-08-16 09:00,BUSAN,20FT,0,0,0,0,0,0,0,0
CARRIER_C,2026-08-16 10:00,BUSAN,20FT,0,0,0,0,0,0,0,0
CARRIER_C,2026-08-16 11:00,BUSAN,20FT,0,1,0,0,1,1,0,0
CARRIER_C,2026-08-16 12:00,BUSAN,20FT,0,0,0,0,1,1,0,0
CARRIER_C,2026-08-16 13:00,BUSAN,20FT,0,0,0,0,1,1,0,0
CARRIER_C,2026-08-16 14:00,BUSAN,20FT,0,0,0,0,1,1,0,0
CARRIER_C,2026-08-16 15:00,BUSAN,20FT,0,0,0,0,1,1,0,0
CARRIER_C,2026-08-16 16:00,BUSAN,20FT,0,0,0,0,1,1,0,0
CARRIER_C,2026-08-16 17:00,BUSAN,20FT,1,0,0,0,0,0,0,0
CARRIER_C,2026-08-16 18:00,BUSAN,20FT,0,0,0,0,0,0,0,0
CARRIER_C,2026-08-16 19:00,BUSAN,20FT,0,0,0,0,0,0,0,0
CARRIER_C,2026-08-16 20:00,BUSAN,20FT,0,0,0,0,0,0,0,0
CARRIER_C,2026-08-16 21:00,BUSAN,20FT,0,0,0,0,0,0,0,0
CARRIER_C,2026-08-16 22:00,BUSAN,20FT,0,0,0,0,0,0,0,0
CARRIER_C,2026-08-16 23:00,BUSAN,20FT,0,0,0,0,0,0,0,0
CARRIER_C,2026-08-10 00:00,BUSAN,40FT,0,0,0,0,6,6,0,0
CARRIER_C,2026-08-10 01:00,BUSAN,40FT,0,0,0,0,6,6,0,0
CARRIER_C,2026-08-10 02:00,BUSAN,40FT,0,0,0,0,6,6,0,0
CARRIER_C,2026-08-10 03:00,BUSAN,40FT,0,0,0,0,6,6,0,0
CARRIER_C,2026-08-10 04:00,BUSAN,40FT,0,0,0,0,6,6,0,0
CARRIER_C,2026-08-10 05:00,BUSAN,40FT,0,0,0,0,6,6,0,0
CARRIER_C,2026-08-10 06:00,BUSAN,40FT,1,0,0,0,5,5,0,0
CARRIER_C,2026-08-10 07:00,BUSAN,40FT,0,0,0,0,5,5,0,0
CARRIER_C,2026-08-10 08:00,BUSAN,40FT,0,0,0,0,5,5,0,0
CARRIER_C,2026-08-10 09:00,BUSAN,40FT,0,0,0,0,5,5,0,0
CARRIER_C,2026-08-10 10:00,BUSAN,40FT,0,0,0,0,5,5,0,0
CARRIER_C,2026-08-10 11:00,BUSAN,40FT,0,0,0,0,5,5,0,0
CARRIER_C,2026-08-10 12:00,BUSAN,40FT,0,0,0,0,5,5,0,0
CARRIER_C,2026-08-10 13:00,BUSAN,40FT,0,0,0,0,5,5,0,0
CARRIER_C,2026-08-10 14:00,BUSAN,40FT,0,0,0,0,5,5,0,0
CARRIER_C,2026-08-10 15:00,BUSAN,40FT,0,0,0,0,5,5,0,0
CARRIER_C,2026-08-10 16:00,BUSAN,40FT,1,0,0,0,4,4,0,0
CARRIER_C,2026-08-10 17:00,BUSAN,40FT,0,0,0,0,4,4,0,0
CARRIER_C,2026-08-10 18:00,BUSAN,40FT,0,0,0,0,4,4,0,0
CARRIER_C,2026-08-10 19:00,BUSAN,40FT,0,0,0,0,4,4,0,0
CARRIER_C,2026-08-10 20:00,BUSAN,40FT,0,0,0,0,4,4,0,0
CARRIER_C,2026-08-10 21:00,BUSAN,40FT,0,0,0,0,4,4,0,0
CARRIER_C,2026-08-10 22:00,BUSAN,40FT,0,0,0,0,4,4,0,0
CARRIER_C,2026-08-10 23:00,BUSAN,40FT,0,0,0,0,4,4,0,0
CARRIER_C,2026-08-11 00:00,BUSAN,40FT,0,0,0,0,4,4,0,0
CARRIER_C,2026-08-11 01:00,BUSAN,40FT,0,0,0,0,4,4,0,0
CARRIER_C,2026-08-11 02:00,BUSAN,40FT,0,0,0,0,4,4,0,0
CARRIER_C,2026-08-11 03:00,BUSAN,40FT,0,0,0,0,4,4,0,0
CARRIER_C,2026-08-11 04:00,BUSAN,40FT,0,0,0,0,4,4,0,0
CARRIER_C,2026-08-11 05:00,BUSAN,40FT,0,0,0,0,4,4,0,0
CARRIER_C,2026-08-11 06:00,BUSAN,40FT,0,0,0,0,4,4,0,0
CARRIER_C,2026-08-11 07:00,BUSAN,40FT,1,0,0,0,3,3,0,0
CARRIER_C,2026-08-11 08:00,BUSAN,40FT,0,0,0,0,3,3,0,0
CARRIER_C,2026-08-11 09:00,BUSAN,40FT,1,0,0,0,2,2,0,0
CARRIER_C,2026-08-11 10:00,BUSAN,40FT,0,0,0,0,2,2,0,0
CARRIER_C,2026-08-11 11:00,BUSAN,40FT,1,1,0,0,2,2,0,0
CARRIER_C,2026-08-11 12:00,BUSAN,40FT,0,0,0,0,2,2,0,0
CARRIER_C,2026-08-11 13:00,BUSAN,40FT,1,0,0,0,1,1,0,0
CARRIER_C,2026-08-11 14:00,BUSAN,40FT,0,0,0,0,1,1,0,0
CARRIER_C,2026-08-11 15:00,BUSAN,40FT,0,0,0,0,1,1,0,0
CARRIER_C,2026-08-11 16:00,BUSAN,40FT,0,0,0,0,1,1,0,0
CARRIER_C,2026-08-11 17:00,BUSAN,40FT,0,0,0,0,1,1,0,0
CARRIER_C,2026-08-11 18:00,BUSAN,40FT,0,0,0,0,1,1,0,0
CARRIER_C,2026-08-11 19:00,BUSAN,40FT,0,0,0,0,1,1,0,0
CARRIER_C,2026-08-11 20:00,BUSAN,40FT,0,16,0,0,17,17,0,0
CARRIER_C,2026-08-11 21:00,BUSAN,40FT,0,0,0,0,17,17,0,0
CARRIER_C,2026-08-11 22:00,BUSAN,40FT,0,1,0,0,18,18,0,0
CARRIER_C,2026-08-11 23:00,BUSAN,40FT,0,0,0,0,18,18,0,0
CARRIER_C,2026-08-12 00:00,BUSAN,40FT,0,0,0,0,18,18,0,0
CARRIER_C,2026-08-12 01:00,BUSAN,40FT,0,0,0,0,18,18,0,0
CARRIER_C,2026-08-12 02:00,BUSAN,40FT,0,0,0,0,18,18,0,0
CARRIER_C,2026-08-12 03:00,BUSAN,40FT,0,0,0,0,18,18,0,0
CARRIER_C,2026-08-12 04:00,BUSAN,40FT,0,0,0,0,18,18,0,0
CARRIER_C,2026-08-12 05:00,BUSAN,40FT,0,0,0,0,18,18,0,0
CARRIER_C,2026-08-12 06:00,BUSAN,40FT,0,0,0,0,18,18,0,0
CARRIER_C,2026-08-12 07:00,BUSAN,40FT,0,0,0,0,18,18,0,0
CARRIER_C,2026-08-12 08:00,BUSAN,40FT,1,0,0,0,17,17,0,0
CARRIER_C,2026-08-12 09:00,BUSAN,40FT,0,0,0,0,17,17,0,0
CARRIER_C,2026-08-12 10:00,BUSAN,40FT,1,0,0,0,16,16,0,0
CARRIER_C,2026-08-12 11:00,BUSAN,40FT,1,0,0,0,15,15,0,0
CARRIER_C,2026-08-12 12:00,BUSAN,40FT,0,0,0,0,15,15,0,0
CARRIER_C,2026-08-12 13:00,BUSAN,40FT,1,0,0,0,14,14,0,0
CARRIER_C,2026-08-12 14:00,BUSAN,40FT,0,0,0,0,14,14,0,0
CARRIER_C,2026-08-12 15:00,BUSAN,40FT,0,1,0,0,15,15,0,0
CARRIER_C,2026-08-12 16:00,BUSAN,40FT,0,0,0,0,15,15,0,0
CARRIER_C,2026-08-12 17:00,BUSAN,40FT,1,0,0,0,14,14,0,0
CARRIER_C,2026-08-12 18:00,BUSAN,40FT,0,0,0,0,14,14,0,0
CARRIER_C,2026-08-12 19:00,BUSAN,40FT,0,1,0,0,15,15,0,0
CARRIER_C,2026-08-12 20:00,BUSAN,40FT,0,0,0,0,15,15,0,0
CARRIER_C,2026-08-12 21:00,BUSAN,40FT,0,0,0,0,15,15,0,0
CARRIER_C,2026-08-12 22:00,BUSAN,40FT,0,0,0,0,15,15,0,0
CARRIER_C,2026-08-12 23:00,BUSAN,40FT,0,0,0,0,15,15,0,0
CARRIER_C,2026-08-13 00:00,BUSAN,40FT,0,0,0,0,15,15,0,0
CARRIER_C,2026-08-13 01:00,BUSAN,40FT,0,0,0,0,15,15,0,0
CARRIER_C,2026-08-13 02:00,BUSAN,40FT,0,0,0,0,15,15,0,0
CARRIER_C,2026-08-13 03:00,BUSAN,40FT,0,0,0,0,15,15,0,0
CARRIER_C,2026-08-13 04:00,BUSAN,40FT,0,0,0,0,15,15,0,0
CARRIER_C,2026-08-13 05:00,BUSAN,40FT,0,0,0,0,15,15,0,0
CARRIER_C,2026-08-13 06:00,BUSAN,40FT,0,0,0,0,15,15,0,0
CARRIER_C,2026-08-13 07:00,BUSAN,40FT,0,0,0,0,15,15,0,0
CARRIER_C,2026-08-13 08:00,BUSAN,40FT,0,1,0,0,16,16,0,0
CARRIER_C,2026-08-13 09:00,BUSAN,40FT,0,0,0,0,16,16,0,0
CARRIER_C,2026-08-13 10:00,BUSAN,40FT,1,0,0,0,15,15,0,0
CARRIER_C,2026-08-13 11:00,BUSAN,40FT,0,0,0,0,15,15,0,0
CARRIER_C,2026-08-13 12:00,BUSAN,40FT,0,0,0,0,15,15,0,0
CARRIER_C,2026-08-13 13:00,BUSAN,40FT,0,0,0,0,15,15,0,0
CARRIER_C,2026-08-13 14:00,BUSAN,40FT,0,0,0,0,15,15,0,0
CARRIER_C,2026-08-13 15:00,BUSAN,40FT,1,1,0,0,15,15,0,0
CARRIER_C,2026-08-13 16:00,BUSAN,40FT,0,0,0,0,15,15,0,0
CARRIER_C,2026-08-13 17:00,BUSAN,40FT,0,1,0,0,16,16,0,0
CARRIER_C,2026-08-13 18:00,BUSAN,40FT,0,0,0,0,16,16,0,0
CARRIER_C,2026-08-13 19:00,BUSAN,40FT,0,0,0,0,16,16,0,0
CARRIER_C,2026-08-13 20:00,BUSAN,40FT,0,0,0,0,16,16,0,0
CARRIER_C,2026-08-13 21:00,BUSAN,40FT,0,0,0,0,16,16,0,0
CARRIER_C,2026-08-13 22:00,BUSAN,40FT,0,0,0,0,16,16,0,0
CARRIER_C,2026-08-13 23:00,BUSAN,40FT,0,0,0,0,16,16,0,0
CARRIER_C,2026-08-14 00:00,BUSAN,40FT,0,0,0,0,16,16,0,0
CARRIER_C,2026-08-14 01:00,BUSAN,40FT,0,0,0,0,16,16,0,0
CARRIER_C,2026-08-14 02:00,BUSAN,40FT,0,0,0,0,16,16,0,0
CARRIER_C,2026-08-14 03:00,BUSAN,40FT,0,0,0,0,16,16,0,0
CARRIER_C,2026-08-14 04:00,BUSAN,40FT,0,0,0,0,16,16,0,0
CARRIER_C,2026-08-14 05:00,BUSAN,40FT,0,0,0,0,16,16,0,0
CARRIER_C,2026-08-14 06:00,BUSAN,40FT,1,0,0,0,15,15,0,0
CARRIER_C,2026-08-14 07:00,BUSAN,40FT,1,0,0,0,14,14,0,0
CARRIER_C,2026-08-14 08:00,BUSAN,40FT,0,0,0,0,14,14,0,0
CARRIER_C,2026-08-14 09:00,BUSAN,40FT,0,0,0,0,14,14,0,0
CARRIER_C,2026-08-14 10:00,BUSAN,40FT,0,0,0,0,14,14,0,0
CARRIER_C,2026-08-14 11:00,BUSAN,40FT,1,0,0,0,13,13,0,0
CARRIER_C,2026-08-14 12:00,BUSAN,40FT,0,0,0,0,13,13,0,0
CARRIER_C,2026-08-14 13:00,BUSAN,40FT,0,0,0,0,13,13,0,0
CARRIER_C,2026-08-14 14:00,BUSAN,40FT,0,1,0,0,14,14,0,0
CARRIER_C,2026-08-14 15:00,BUSAN,40FT,0,0,0,0,14,14,0,0
CARRIER_C,2026-08-14 16:00,BUSAN,40FT,0,0,0,0,14,14,0,0
CARRIER_C,2026-08-14 17:00,BUSAN,40FT,1,0,0,0,13,13,0,0
CARRIER_C,2026-08-14 18:00,BUSAN,40FT,0,0,0,0,13,13,0,0
CARRIER_C,2026-08-14 19:00,BUSAN,40FT,0,0,0,0,13,13,0,0
CARRIER_C,2026-08-14 20:00,BUSAN,40FT,0,0,0,0,13,13,0,0
CARRIER_C,2026-08-14 21:00,BUSAN,40FT,0,0,0,0,13,13,0,0
CARRIER_C,2026-08-14 22:00,BUSAN,40FT,0,0,0,0,13,13,0,0
CARRIER_C,2026-08-14 23:00,BUSAN,40FT,0,0,0,0,13,13,0,0
CARRIER_C,2026-08-15 00:00,BUSAN,40FT,0,0,0,0,13,13,0,0
CARRIER_C,2026-08-15 01:00,BUSAN,40FT,0,0,0,0,13,13,0,0
CARRIER_C,2026-08-15 02:00,BUSAN,40FT,0,0,0,0,13,13,0,0
CARRIER_C,2026-08-15 03:00,BUSAN,40FT,0,0,0,0,13,13,0,0
CARRIER_C,2026-08-15 04:00,BUSAN,40FT,0,0,0,0,13,13,0,0
CARRIER_C,2026-08-15 05:00,BUSAN,40FT,0,0,0,0,13,13,0,0
CARRIER_C,2026-08-15 06:00,BUSAN,40FT,0,0,0,0,13,13,0,0
CARRIER_C,2026-08-15 07:00,BUSAN,40FT,0,0,0,0,13,13,0,0
CARRIER_C,2026-08-15 08:00,BUSAN,40FT,0,0,0,0,13,13,0,0
CARRIER_C,2026-08-15 09:00,BUSAN,40FT,0,0,0,0,13,13,0,0
CARRIER_C,2026-08-15 10:00,BUSAN,40FT,1,0,0,0,12,12,0,0
CARRIER_C,2026-08-15 11:00,BUSAN,40FT,0,0,0,0,12,12,0,0
CARRIER_C,2026-08-15 12:00,BUSAN,40FT,0,0,0,0,12,12,0,0
CARRIER_C,2026-08-15 13:00,BUSAN,40FT,0,0,0,0,12,12,0,0
CARRIER_C,2026-08-15 14:00,BUSAN,40FT,0,0,0,0,12,12,0,0
CARRIER_C,2026-08-15 15:00,BUSAN,40FT,0,0,0,0,12,12,0,0
CARRIER_C,2026-08-15 16:00,BUSAN,40FT,0,0,0,0,12,12,0,0
CARRIER_C,2026-08-15 17:00,BUSAN,40FT,0,0,0,0,12,12,0,0
CARRIER_C,2026-08-15 18:00,BUSAN,40FT,0,0,0,0,12,12,0,0
CARRIER_C,2026-08-15 19:00,BUSAN,40FT,0,0,0,0,12,12,0,0
CARRIER_C,2026-08-15 20:00,BUSAN,40FT,0,0,0,0,12,12,0,0
CARRIER_C,2026-08-15 21:00,BUSAN,40FT,0,0,0,0,12,12,0,0
CARRIER_C,2026-08-15 22:00,BUSAN,40FT,0,0,0,0,12,12,0,0
CARRIER_C,2026-08-15 23:00,BUSAN,40FT,0,0,0,0,12,12,0,0
CARRIER_C,2026-08-16 00:00,BUSAN,40FT,0,0,0,0,12,12,0,0
CARRIER_C,2026-08-16 01:00,BUSAN,40FT,0,0,0,0,12,12,0,0
CARRIER_C,2026-08-16 02:00,BUSAN,40FT,0,0,0,0,12,12,0,0
CARRIER_C,2026-08-16 03:00,BUSAN,40FT,0,0,0,0,12,12,0,0
CARRIER_C,2026-08-16 04:00,BUSAN,40FT,0,0,0,0,12,12,0,0
CARRIER_C,2026-08-16 05:00,BUSAN,40FT,0,0,0,0,12,12,0,0
CARRIER_C,2026-08-16 06:00,BUSAN,40FT,0,0,0,0,12,12,0,0
CARRIER_C,2026-08-16 07:00,BUSAN,40FT,1,0,0,0,11,11,0,0
CARRIER_C,2026-08-16 08:00,BUSAN,40FT,0,0,0,0,11,11,0,0
CARRIER_C,2026-08-16 09:00,BUSAN,40FT,0,0,0,0,11,11,0,0
CARRIER_C,2026-08-16 10:00,BUSAN,40FT,0,0,0,0,11,11,0,0
CARRIER_C,2026-08-16 11:00,BUSAN,40FT,1,0,0,0,10,10,0,0
CARRIER_C,2026-08-16 12:00,BUSAN,40FT,0,1,0,0,11,11,0,0
CARRIER_C,2026-08-16 13:00,BUSAN,40FT,0,0,0,0,11,11,0,0
CARRIER_C,2026-08-16 14:00,BUSAN,40FT,0,0,0,0,11,11,0,0
CARRIER_C,2026-08-16 15:00,BUSAN,40FT,0,0,0,0,11,11,0,0
CARRIER_C,2026-08-16 16:00,BUSAN,40FT,1,0,0,0,10,10,0,0
CARRIER_C,2026-08-16 17:00,BUSAN,40FT,0,0,0,0,10,10,0,0
CARRIER_C,2026-08-16 18:00,BUSAN,40FT,0,0,0,0,10,10,0,0
CARRIER_C,2026-08-16 19:00,BUSAN,40FT,0,0,0,0,10,10,0,0
CARRIER_C,2026-08-16 20:00,BUSAN,40FT,0,0,0,0,10,10,0,0
CARRIER_C,2026-08-16 21:00,BUSAN,40FT,0,0,0,0,10,10,0,0
CARRIER_C,2026-08-16 22:00,BUSAN,40FT,0,0,0,0,10,10,0,0
CARRIER_C,2026-08-16 23:00,BUSAN,40FT,0,0,0,0,10,10,0,0
CARRIER_C,2026-08-10 00:00,DONGSAN,20FT,0,0,0,0,2,2,0,0
CARRIER_C,2026-08-10 01:00,DONGSAN,20FT,0,0,0,0,2,2,0,0
CARRIER_C,2026-08-10 02:00,DONGSAN,20FT,0,0,0,0,2,2,0,0
CARRIER_C,2026-08-10 03:00,DONGSAN,20FT,0,0,0,0,2,2,0,0
CARRIER_C,2026-08-10 04:00,DONGSAN,20FT,0,0,0,0,2,2,0,0
CARRIER_C,2026-08-10 05:00,DONGSAN,20FT,0,0,0,0,2,2,0,0
CARRIER_C,2026-08-10 06:00,DONGSAN,20FT,0,0,0,0,2,2,0,0
CARRIER_C,2026-08-10 07:00,DONGSAN,20FT,0,0,0,0,2,2,0,0
CARRIER_C,2026-08-10 08:00,DONGSAN,20FT,0,0,0,0,2,2,0,0
CARRIER_C,2026-08-10 09:00,DONGSAN,20FT,0,0,0,0,2,2,0,0
CARRIER_C,2026-08-10 10:00,DONGSAN,20FT,0,0,0,0,2,2,0,0
CARRIER_C,2026-08-10 11:00,DONGSAN,20FT,0,0,0,0,2,2,0,0
CARRIER_C,2026-08-10 12:00,DONGSAN,20FT,0,0,0,0,2,2,0,0
CARRIER_C,2026-08-10 13:00,DONGSAN,20FT,0,1,0,0,3,3,0,0
CARRIER_C,2026-08-10 14:00,DONGSAN,20FT,0,0,0,0,3,3,0,0
CARRIER_C,2026-08-10 15:00,DONGSAN,20FT,0,0,0,0,3,3,0,0
CARRIER_C,2026-08-10 16:00,DONGSAN,20FT,0,0,0,0,3,3,0,0
CARRIER_C,2026-08-10 17:00,DONGSAN,20FT,0,0,0,0,3,3,0,0
CARRIER_C,2026-08-10 18:00,DONGSAN,20FT,0,0,0,0,3,3,0,0
CARRIER_C,2026-08-10 19:00,DONGSAN,20FT,0,0,0,0,3,3,0,0
CARRIER_C,2026-08-10 20:00,DONGSAN,20FT,0,0,0,0,3,3,0,0
CARRIER_C,2026-08-10 21:00,DONGSAN,20FT,0,0,0,0,3,3,0,0
CARRIER_C,2026-08-10 22:00,DONGSAN,20FT,0,0,0,0,3,3,0,0
CARRIER_C,2026-08-10 23:00,DONGSAN,20FT,0,0,0,0,3,3,0,0
CARRIER_C,2026-08-11 00:00,DONGSAN,20FT,0,0,0,0,3,3,0,0
CARRIER_C,2026-08-11 01:00,DONGSAN,20FT,0,0,0,0,3,3,0,0
CARRIER_C,2026-08-11 02:00,DONGSAN,20FT,0,0,0,0,3,3,0,0
CARRIER_C,2026-08-11 03:00,DONGSAN,20FT,0,0,0,0,3,3,0,0
CARRIER_C,2026-08-11 04:00,DONGSAN,20FT,0,0,0,0,3,3,0,0
CARRIER_C,2026-08-11 05:00,DONGSAN,20FT,0,0,0,0,3,3,0,0
CARRIER_C,2026-08-11 06:00,DONGSAN,20FT,0,0,0,0,3,3,0,0
CARRIER_C,2026-08-11 07:00,DONGSAN,20FT,0,0,0,0,3,3,0,0
CARRIER_C,2026-08-11 08:00,DONGSAN,20FT,1,0,0,0,2,2,0,0
CARRIER_C,2026-08-11 09:00,DONGSAN,20FT,0,0,0,0,2,2,0,0
CARRIER_C,2026-08-11 10:00,DONGSAN,20FT,1,0,0,0,1,1,0,0
CARRIER_C,2026-08-11 11:00,DONGSAN,20FT,0,0,0,0,1,1,0,0
CARRIER_C,2026-08-11 12:00,DONGSAN,20FT,0,0,0,0,1,1,0,0
CARRIER_C,2026-08-11 13:00,DONGSAN,20FT,0,0,0,0,1,1,0,0
CARRIER_C,2026-08-11 14:00,DONGSAN,20FT,0,0,0,0,1,1,0,0
CARRIER_C,2026-08-11 15:00,DONGSAN,20FT,0,0,0,0,1,1,0,0
CARRIER_C,2026-08-11 16:00,DONGSAN,20FT,0,0,0,0,1,1,0,0
CARRIER_C,2026-08-11 17:00,DONGSAN,20FT,0,0,0,0,1,1,0,0
CARRIER_C,2026-08-11 18:00,DONGSAN,20FT,0,0,0,0,1,1,0,0
CARRIER_C,2026-08-11 19:00,DONGSAN,20FT,0,0,0,0,1,1,0,0
CARRIER_C,2026-08-11 20:00,DONGSAN,20FT,0,0,0,0,1,1,0,0
CARRIER_C,2026-08-11 21:00,DONGSAN,20FT,0,0,0,0,1,1,0,0
CARRIER_C,2026-08-11 22:00,DONGSAN,20FT,0,0,6,0,1,7,0,0
CARRIER_C,2026-08-11 23:00,DONGSAN,20FT,0,0,0,0,1,7,0,0
CARRIER_C,2026-08-12 00:00,DONGSAN,20FT,0,0,0,0,1,7,0,0
CARRIER_C,2026-08-12 01:00,DONGSAN,20FT,0,0,0,0,1,7,0,0
CARRIER_C,2026-08-12 02:00,DONGSAN,20FT,0,0,0,0,1,7,0,0
CARRIER_C,2026-08-12 03:00,DONGSAN,20FT,0,0,0,0,1,7,0,0
CARRIER_C,2026-08-12 04:00,DONGSAN,20FT,0,0,0,0,1,7,0,0
CARRIER_C,2026-08-12 05:00,DONGSAN,20FT,0,0,0,0,1,7,0,0
CARRIER_C,2026-08-12 06:00,DONGSAN,20FT,0,0,0,0,1,7,0,0
CARRIER_C,2026-08-12 07:00,DONGSAN,20FT,0,0,0,0,1,7,0,0
CARRIER_C,2026-08-12 08:00,DONGSAN,20FT,0,0,0,0,1,7,0,0
CARRIER_C,2026-08-12 09:00,DONGSAN,20FT,0,0,0,0,1,7,0,0
CARRIER_C,2026-08-12 10:00,DONGSAN,20FT,0,0,0,0,1,7,0,0
CARRIER_C,2026-08-12 11:00,DONGSAN,20FT,1,0,0,0,0,6,0,0
CARRIER_C,2026-08-12 12:00,DONGSAN,20FT,0,0,0,0,0,6,0,0
CARRIER_C,2026-08-12 13:00,DONGSAN,20FT,0,0,0,0,0,6,0,0
CARRIER_C,2026-08-12 14:00,DONGSAN,20FT,0,0,0,0,0,6,0,0
CARRIER_C,2026-08-12 15:00,DONGSAN,20FT,0,0,0,0,0,6,0,0
CARRIER_C,2026-08-12 16:00,DONGSAN,20FT,0,0,0,0,0,6,0,0
CARRIER_C,2026-08-12 17:00,DONGSAN,20FT,0,0,0,0,0,6,0,0
CARRIER_C,2026-08-12 18:00,DONGSAN,20FT,1,0,0,0,0,5,1,0
CARRIER_C,2026-08-12 19:00,DONGSAN,20FT,0,0,0,0,0,5,0,0
CARRIER_C,2026-08-12 20:00,DONGSAN,20FT,0,0,0,0,0,5,0,0
CARRIER_C,2026-08-12 21:00,DONGSAN,20FT,0,0,0,0,0,5,0,0
CARRIER_C,2026-08-12 22:00,DONGSAN,20FT,0,0,0,0,0,5,0,0
CARRIER_C,2026-08-12 23:00,DONGSAN,20FT,0,0,0,0,0,5,0,0
CARRIER_C,2026-08-13 00:00,DONGSAN,20FT,0,0,0,0,0,5,0,0
CARRIER_C,2026-08-13 01:00,DONGSAN,20FT,0,0,0,0,0,5,0,0
CARRIER_C,2026-08-13 02:00,DONGSAN,20FT,0,0,0,0,0,5,0,0
CARRIER_C,2026-08-13 03:00,DONGSAN,20FT,0,0,0,0,0,5,0,0
CARRIER_C,2026-08-13 04:00,DONGSAN,20FT,0,0,0,0,0,5,0,0
CARRIER_C,2026-08-13 05:00,DONGSAN,20FT,0,0,0,0,0,5,0,0
CARRIER_C,2026-08-13 06:00,DONGSAN,20FT,0,0,0,0,0,5,0,0
CARRIER_C,2026-08-13 07:00,DONGSAN,20FT,0,0,0,0,0,5,0,0
CARRIER_C,2026-08-13 08:00,DONGSAN,20FT,0,0,0,0,0,5,0,0
CARRIER_C,2026-08-13 09:00,DONGSAN,20FT,1,0,0,0,0,4,1,0
CARRIER_C,2026-08-13 10:00,DONGSAN,20FT,0,0,0,0,0,4,0,0
CARRIER_C,2026-08-13 11:00,DONGSAN,20FT,0,0,0,0,0,4,0,0
CARRIER_C,2026-08-13 12:00,DONGSAN,20FT,0,0,0,0,0,4,0,0
CARRIER_C,2026-08-13 13:00,DONGSAN,20FT,0,0,0,0,0,4,0,0
CARRIER_C,2026-08-13 14:00,DONGSAN,20FT,1,0,0,0,0,3,1,0
CARRIER_C,2026-08-13 15:00,DONGSAN,20FT,0,0,0,0,0,3,0,0
CARRIER_C,2026-08-13 16:00,DONGSAN,20FT,0,0,0,0,0,3,0,0
CARRIER_C,2026-08-13 17:00,DONGSAN,20FT,0,0,0,0,0,3,0,0
CARRIER_C,2026-08-13 18:00,DONGSAN,20FT,0,0,0,0,0,3,0,0
CARRIER_C,2026-08-13 19:00,DONGSAN,20FT,0,0,0,0,0,3,0,0
CARRIER_C,2026-08-13 20:00,DONGSAN,20FT,0,0,0,0,0,3,0,0
CARRIER_C,2026-08-13 21:00,DONGSAN,20FT,0,0,0,0,0,3,0,0
CARRIER_C,2026-08-13 22:00,DONGSAN,20FT,0,0,0,0,0,3,0,0
CARRIER_C,2026-08-13 23:00,DONGSAN,20FT,0,0,0,0,0,3,0,0
CARRIER_C,2026-08-14 00:00,DONGSAN,20FT,0,0,0,0,0,3,0,0
CARRIER_C,2026-08-14 01:00,DONGSAN,20FT,0,0,0,0,0,3,0,0
CARRIER_C,2026-08-14 02:00,DONGSAN,20FT,0,0,0,0,0,3,0,0
CARRIER_C,2026-08-14 03:00,DONGSAN,20FT,0,0,0,0,0,3,0,0
CARRIER_C,2026-08-14 04:00,DONGSAN,20FT,0,0,0,0,0,3,0,0
CARRIER_C,2026-08-14 05:00,DONGSAN,20FT,0,0,0,0,0,3,0,0
CARRIER_C,2026-08-14 06:00,DONGSAN,20FT,1,0,0,0,0,2,1,0
CARRIER_C,2026-08-14 07:00,DONGSAN,20FT,0,0,0,0,0,2,0,0
CARRIER_C,2026-08-14 08:00,DONGSAN,20FT,0,0,0,0,0,2,0,0
CARRIER_C,2026-08-14 09:00,DONGSAN,20FT,1,0,0,0,0,1,1,0
CARRIER_C,2026-08-14 10:00,DONGSAN,20FT,0,0,0,0,0,1,0,0
CARRIER_C,2026-08-14 11:00,DONGSAN,20FT,0,0,0,0,0,1,0,0
CARRIER_C,2026-08-14 12:00,DONGSAN,20FT,1,0,0,0,0,0,1,0
CARRIER_C,2026-08-14 13:00,DONGSAN,20FT,0,0,0,0,0,0,0,0
CARRIER_C,2026-08-14 14:00,DONGSAN,20FT,0,0,0,0,0,0,0,0
CARRIER_C,2026-08-14 15:00,DONGSAN,20FT,0,0,0,0,0,0,0,0
CARRIER_C,2026-08-14 16:00,DONGSAN,20FT,0,0,0,0,0,0,0,0
CARRIER_C,2026-08-14 17:00,DONGSAN,20FT,0,0,0,0,0,0,0,0
CARRIER_C,2026-08-14 18:00,DONGSAN,20FT,0,1,0,0,1,1,0,0
CARRIER_C,2026-08-14 19:00,DONGSAN,20FT,0,0,0,0,1,1,0,0
CARRIER_C,2026-08-14 20:00,DONGSAN,20FT,0,0,0,0,1,1,0,0
CARRIER_C,2026-08-14 21:00,DONGSAN,20FT,0,0,0,0,1,1,0,0
CARRIER_C,2026-08-14 22:00,DONGSAN,20FT,0,0,0,0,1,1,0,0
CARRIER_C,2026-08-14 23:00,DONGSAN,20FT,0,0,0,0,1,1,0,0
CARRIER_C,2026-08-15 00:00,DONGSAN,20FT,0,0,0,0,1,1,0,0
CARRIER_C,2026-08-15 01:00,DONGSAN,20FT,0,0,0,0,1,1,0,0
CARRIER_C,2026-08-15 02:00,DONGSAN,20FT,0,0,0,0,1,1,0,0
CARRIER_C,2026-08-15 03:00,DONGSAN,20FT,0,0,0,0,1,1,0,0
CARRIER_C,2026-08-15 04:00,DONGSAN,20FT,0,0,0,0,1,1,0,0
CARRIER_C,2026-08-15 05:00,DONGSAN,20FT,0,0,0,0,1,1,0,0
CARRIER_C,2026-08-15 06:00,DONGSAN,20FT,0,0,0,0,1,1,0,0
CARRIER_C,2026-08-15 07:00,DONGSAN,20FT,0,0,0,0,1,1,0,0
CARRIER_C,2026-08-15 08:00,DONGSAN,20FT,1,0,0,0,0,0,0,0
CARRIER_C,2026-08-15 09:00,DONGSAN,20FT,0,0,0,0,0,0,0,0
CARRIER_C,2026-08-15 10:00,DONGSAN,20FT,1,0,0,0,0,0,1,1
CARRIER_C,2026-08-15 11:00,DONGSAN,20FT,0,0,0,0,0,0,0,0
CARRIER_C,2026-08-15 12:00,DONGSAN,20FT,0,0,0,0,0,0,0,0
CARRIER_C,2026-08-15 13:00,DONGSAN,20FT,0,0,0,0,0,0,0,0
CARRIER_C,2026-08-15 14:00,DONGSAN,20FT,0,0,0,0,0,0,0,0
CARRIER_C,2026-08-15 15:00,DONGSAN,20FT,0,0,0,0,0,0,0,0
CARRIER_C,2026-08-15 16:00,DONGSAN,20FT,0,0,0,0,0,0,0,0
CARRIER_C,2026-08-15 17:00,DONGSAN,20FT,0,0,0,0,0,0,0,0
CARRIER_C,2026-08-15 18:00,DONGSAN,20FT,0,0,0,0,0,0,0,0
CARRIER_C,2026-08-15 19:00,DONGSAN,20FT,1,0,0,0,0,0,1,1
CARRIER_C,2026-08-15 20:00,DONGSAN,20FT,0,0,0,0,0,0,0,0
CARRIER_C,2026-08-15 21:00,DONGSAN,20FT,0,0,0,0,0,0,0,0
CARRIER_C,2026-08-15 22:00,DONGSAN,20FT,0,0,0,0,0,0,0,0
CARRIER_C,2026-08-15 23:00,DONGSAN,20FT,0,0,0,0,0,0,0,0
CARRIER_C,2026-08-16 00:00,DONGSAN,20FT,0,0,0,0,0,0,0,0
CARRIER_C,2026-08-16 01:00,DONGSAN,20FT,0,0,0,0,0,0,0,0
CARRIER_C,2026-08-16 02:00,DONGSAN,20FT,0,0,0,0,0,0,0,0
CARRIER_C,2026-08-16 03:00,DONGSAN,20FT,0,0,0,0,0,0,0,0
CARRIER_C,2026-08-16 04:00,DONGSAN,20FT,0,0,0,0,0,0,0,0
CARRIER_C,2026-08-16 05:00,DONGSAN,20FT,0,0,0,0,0,0,0,0
CARRIER_C,2026-08-16 06:00,DONGSAN,20FT,0,0,0,0,0,0,0,0
CARRIER_C,2026-08-16 07:00,DONGSAN,20FT,0,0,0,0,0,0,0,0
CARRIER_C,2026-08-16 08:00,DONGSAN,20FT,0,0,0,0,0,0,0,0
CARRIER_C,2026-08-16 09:00,DONGSAN,20FT,0,0,0,0,0,0,0,0
CARRIER_C,2026-08-16 10:00,DONGSAN,20FT,0,0,0,0,0,0,0,0
CARRIER_C,2026-08-16 11:00,DONGSAN,20FT,1,0,0,0,0,0,1,1
CARRIER_C,2026-08-16 12:00,DONGSAN,20FT,0,0,0,0,0,0,0,0
CARRIER_C,2026-08-16 13:00,DONGSAN,20FT,0,0,0,0,0,0,0,0
CARRIER_C,2026-08-16 14:00,DONGSAN,20FT,0,0,0,0,0,0,0,0
CARRIER_C,2026-08-16 15:00,DONGSAN,20FT,0,0,0,0,0,0,0,0
CARRIER_C,2026-08-16 16:00,DONGSAN,20FT,0,0,0,0,0,0,0,0
CARRIER_C,2026-08-16 17:00,DONGSAN,20FT,0,0,0,0,0,0,0,0
CARRIER_C,2026-08-16 18:00,DONGSAN,20FT,0,0,0,0,0,0,0,0
CARRIER_C,2026-08-16 19:00,DONGSAN,20FT,0,0,0,0,0,0,0,0
CARRIER_C,2026-08-16 20:00,DONGSAN,20FT,0,0,0,0,0,0,0,0
CARRIER_C,2026-08-16 21:00,DONGSAN,20FT,0,0,0,0,0,0,0,0
CARRIER_C,2026-08-16 22:00,DONGSAN,20FT,0,0,0,0,0,0,0,0
CARRIER_C,2026-08-16 23:00,DONGSAN,20FT,0,0,0,0,0,0,0,0
CARRIER_C,2026-08-10 00:00,DONGSAN,40FT,0,0,0,0,0,0,0,0
CARRIER_C,2026-08-10 01:00,DONGSAN,40FT,0,0,0,0,0,0,0,0
CARRIER_C,2026-08-10 02:00,DONGSAN,40FT,0,0,0,0,0,0,0,0
CARRIER_C,2026-08-10 03:00,DONGSAN,40FT,0,0,0,0,0,0,0,0
CARRIER_C,2026-08-10 04:00,DONGSAN,40FT,0,0,0,0,0,0,0,0
CARRIER_C,2026-08-10 05:00,DONGSAN,40FT,0,0,0,0,0,0,0,0
CARRIER_C,2026-08-10 06:00,DONGSAN,40FT,0,0,0,0,0,0,0,0
CARRIER_C,2026-08-10 07:00,DONGSAN,40FT,0,0,0,0,0,0,0,0
CARRIER_C,2026-08-10 08:00,DONGSAN,40FT,0,0,0,0,0,0,0,0
CARRIER_C,2026-08-10 09:00,DONGSAN,40FT,0,0,0,0,0,0,0,0
CARRIER_C,2026-08-10 10:00,DONGSAN,40FT,0,0,0,0,0,0,0,0
CARRIER_C,2026-08-10 11:00,DONGSAN,40FT,0,0,0,0,0,0,0,0
CARRIER_C,2026-08-10 12:00,DONGSAN,40FT,0,0,0,0,0,0,0,0
CARRIER_C,2026-08-10 13:00,DONGSAN,40FT,0,0,0,0,0,0,0,0
CARRIER_C,2026-08-10 14:00,DONGSAN,40FT,0,0,0,0,0,0,0,0
CARRIER_C,2026-08-10 15:00,DONGSAN,40FT,0,0,0,0,0,0,0,0
CARRIER_C,2026-08-10 16:00,DONGSAN,40FT,0,0,0,0,0,0,0,0
CARRIER_C,2026-08-10 17:00,DONGSAN,40FT,0,0,0,0,0,0,0,0
CARRIER_C,2026-08-10 18:00,DONGSAN,40FT,0,0,0,0,0,0,0,0
CARRIER_C,2026-08-10 19:00,DONGSAN,40FT,0,0,0,0,0,0,0,0
CARRIER_C,2026-08-10 20:00,DONGSAN,40FT,0,0,0,0,0,0,0,0
CARRIER_C,2026-08-10 21:00,DONGSAN,40FT,0,0,0,0,0,0,0,0
CARRIER_C,2026-08-10 22:00,DONGSAN,40FT,0,0,0,0,0,0,0,0
CARRIER_C,2026-08-10 23:00,DONGSAN,40FT,0,0,0,0,0,0,0,0
CARRIER_C,2026-08-11 00:00,DONGSAN,40FT,0,0,0,0,0,0,0,0
CARRIER_C,2026-08-11 01:00,DONGSAN,40FT,0,0,0,0,0,0,0,0
CARRIER_C,2026-08-11 02:00,DONGSAN,40FT,0,0,0,0,0,0,0,0
CARRIER_C,2026-08-11 03:00,DONGSAN,40FT,0,0,0,0,0,0,0,0
CARRIER_C,2026-08-11 04:00,DONGSAN,40FT,0,0,0,0,0,0,0,0
CARRIER_C,2026-08-11 05:00,DONGSAN,40FT,0,0,0,0,0,0,0,0
CARRIER_C,2026-08-11 06:00,DONGSAN,40FT,0,0,0,0,0,0,0,0
CARRIER_C,2026-08-11 07:00,DONGSAN,40FT,0,0,0,0,0,0,0,0
CARRIER_C,2026-08-11 08:00,DONGSAN,40FT,0,0,0,0,0,0,0,0
CARRIER_C,2026-08-11 09:00,DONGSAN,40FT,0,0,0,0,0,0,0,0
CARRIER_C,2026-08-11 10:00,DONGSAN,40FT,0,0,0,0,0,0,0,0
CARRIER_C,2026-08-11 11:00,DONGSAN,40FT,0,0,0,0,0,0,0,0
CARRIER_C,2026-08-11 12:00,DONGSAN,40FT,0,0,0,0,0,0,0,0
CARRIER_C,2026-08-11 13:00,DONGSAN,40FT,0,0,0,0,0,0,0,0
CARRIER_C,2026-08-11 14:00,DONGSAN,40FT,0,0,0,0,0,0,0,0
CARRIER_C,2026-08-11 15:00,DONGSAN,40FT,0,0,0,0,0,0,0,0
CARRIER_C,2026-08-11 16:00,DONGSAN,40FT,0,0,0,0,0,0,0,0
CARRIER_C,2026-08-11 17:00,DONGSAN,40FT,0,0,0,0,0,0,0,0
CARRIER_C,2026-08-11 18:00,DONGSAN,40FT,0,0,0,0,0,0,0,0
CARRIER_C,2026-08-11 19:00,DONGSAN,40FT,0,0,0,0,0,0,0,0
CARRIER_C,2026-08-11 20:00,DONGSAN,40FT,0,0,0,0,0,0,0,0
CARRIER_C,2026-08-11 21:00,DONGSAN,40FT,0,0,0,0,0,0,0,0
CARRIER_C,2026-08-11 22:00,DONGSAN,40FT,0,0,1,0,0,1,0,0
CARRIER_C,2026-08-11 23:00,DONGSAN,40FT,0,0,0,0,0,1,0,0
CARRIER_C,2026-08-12 00:00,DONGSAN,40FT,0,0,0,0,0,1,0,0
CARRIER_C,2026-08-12 01:00,DONGSAN,40FT,0,0,0,0,0,1,0,0
CARRIER_C,2026-08-12 02:00,DONGSAN,40FT,0,0,0,0,0,1,0,0
CARRIER_C,2026-08-12 03:00,DONGSAN,40FT,0,0,0,0,0,1,0,0
CARRIER_C,2026-08-12 04:00,DONGSAN,40FT,0,0,0,0,0,1,0,0
CARRIER_C,2026-08-12 05:00,DONGSAN,40FT,0,0,0,0,0,1,0,0
CARRIER_C,2026-08-12 06:00,DONGSAN,40FT,1,0,0,0,0,0,1,0
CARRIER_C,2026-08-12 07:00,DONGSAN,40FT,0,0,0,0,0,0,0,0
CARRIER_C,2026-08-12 08:00,DONGSAN,40FT,0,0,0,0,0,0,0,0
CARRIER_C,2026-08-12 09:00,DONGSAN,40FT,0,0,0,0,0,0,0,0
CARRIER_C,2026-08-12 10:00,DONGSAN,40FT,0,0,0,0,0,0,0,0
CARRIER_C,2026-08-12 11:00,DONGSAN,40FT,0,0,0,0,0,0,0,0
CARRIER_C,2026-08-12 12:00,DONGSAN,40FT,0,0,0,0,0,0,0,0
CARRIER_C,2026-08-12 13:00,DONGSAN,40FT,0,0,0,0,0,0,0,0
CARRIER_C,2026-08-12 14:00,DONGSAN,40FT,0,0,0,0,0,0,0,0
CARRIER_C,2026-08-12 15:00,DONGSAN,40FT,0,0,0,0,0,0,0,0
CARRIER_C,2026-08-12 16:00,DONGSAN,40FT,0,0,0,0,0,0,0,0
CARRIER_C,2026-08-12 17:00,DONGSAN,40FT,0,0,0,0,0,0,0,0
CARRIER_C,2026-08-12 18:00,DONGSAN,40FT,0,0,0,0,0,0,0,0
CARRIER_C,2026-08-12 19:00,DONGSAN,40FT,0,0,0,0,0,0,0,0
CARRIER_C,2026-08-12 20:00,DONGSAN,40FT,0,0,0,0,0,0,0,0
CARRIER_C,2026-08-12 21:00,DONGSAN,40FT,0,0,0,0,0,0,0,0
CARRIER_C,2026-08-12 22:00,DONGSAN,40FT,0,0,0,0,0,0,0,0
CARRIER_C,2026-08-12 23:00,DONGSAN,40FT,0,0,0,0,0,0,0,0
CARRIER_C,2026-08-13 00:00,DONGSAN,40FT,0,0,0,0,0,0,0,0
CARRIER_C,2026-08-13 01:00,DONGSAN,40FT,0,0,0,0,0,0,0,0
CARRIER_C,2026-08-13 02:00,DONGSAN,40FT,0,0,0,0,0,0,0,0
CARRIER_C,2026-08-13 03:00,DONGSAN,40FT,0,0,0,0,0,0,0,0
CARRIER_C,2026-08-13 04:00,DONGSAN,40FT,0,0,0,0,0,0,0,0
CARRIER_C,2026-08-13 05:00,DONGSAN,40FT,0,0,0,0,0,0,0,0
CARRIER_C,2026-08-13 06:00,DONGSAN,40FT,0,0,0,0,0,0,0,0
CARRIER_C,2026-08-13 07:00,DONGSAN,40FT,0,0,0,0,0,0,0,0
CARRIER_C,2026-08-13 08:00,DONGSAN,40FT,0,0,0,0,0,0,0,0
CARRIER_C,2026-08-13 09:00,DONGSAN,40FT,0,0,0,0,0,0,0,0
CARRIER_C,2026-08-13 10:00,DONGSAN,40FT,0,0,0,0,0,0,0,0
CARRIER_C,2026-08-13 11:00,DONGSAN,40FT,0,0,0,0,0,0,0,0
CARRIER_C,2026-08-13 12:00,DONGSAN,40FT,0,0,0,0,0,0,0,0
CARRIER_C,2026-08-13 13:00,DONGSAN,40FT,0,0,0,0,0,0,0,0
CARRIER_C,2026-08-13 14:00,DONGSAN,40FT,0,0,0,0,0,0,0,0
CARRIER_C,2026-08-13 15:00,DONGSAN,40FT,0,1,0,0,1,1,0,0
CARRIER_C,2026-08-13 16:00,DONGSAN,40FT,0,0,0,0,1,1,0,0
CARRIER_C,2026-08-13 17:00,DONGSAN,40FT,0,0,0,0,1,1,0,0
CARRIER_C,2026-08-13 18:00,DONGSAN,40FT,0,0,0,0,1,1,0,0
CARRIER_C,2026-08-13 19:00,DONGSAN,40FT,0,0,0,0,1,1,0,0
CARRIER_C,2026-08-13 20:00,DONGSAN,40FT,0,0,0,0,1,1,0,0
CARRIER_C,2026-08-13 21:00,DONGSAN,40FT,0,0,0,0,1,1,0,0
CARRIER_C,2026-08-13 22:00,DONGSAN,40FT,0,0,0,0,1,1,0,0
CARRIER_C,2026-08-13 23:00,DONGSAN,40FT,0,0,0,0,1,1,0,0
CARRIER_C,2026-08-14 00:00,DONGSAN,40FT,0,0,0,0,1,1,0,0
CARRIER_C,2026-08-14 01:00,DONGSAN,40FT,0,0,0,0,1,1,0,0
CARRIER_C,2026-08-14 02:00,DONGSAN,40FT,0,0,0,0,1,1,0,0
CARRIER_C,2026-08-14 03:00,DONGSAN,40FT,0,0,0,0,1,1,0,0
CARRIER_C,2026-08-14 04:00,DONGSAN,40FT,0,0,0,0,1,1,0,0
CARRIER_C,2026-08-14 05:00,DONGSAN,40FT,0,0,0,0,1,1,0,0
CARRIER_C,2026-08-14 06:00,DONGSAN,40FT,0,0,0,0,1,1,0,0
CARRIER_C,2026-08-14 07:00,DONGSAN,40FT,0,0,0,0,1,1,0,0
CARRIER_C,2026-08-14 08:00,DONGSAN,40FT,0,0,0,0,1,1,0,0
CARRIER_C,2026-08-14 09:00,DONGSAN,40FT,0,0,0,0,1,1,0,0
CARRIER_C,2026-08-14 10:00,DONGSAN,40FT,0,0,0,0,1,1,0,0
CARRIER_C,2026-08-14 11:00,DONGSAN,40FT,0,0,0,0,1,1,0,0
CARRIER_C,2026-08-14 12:00,DONGSAN,40FT,0,0,0,0,1,1,0,0
CARRIER_C,2026-08-14 13:00,DONGSAN,40FT,0,0,0,0,1,1,0,0
CARRIER_C,2026-08-14 14:00,DONGSAN,40FT,0,0,0,0,1,1,0,0
CARRIER_C,2026-08-14 15:00,DONGSAN,40FT,0,0,0,0,1,1,0,0
CARRIER_C,2026-08-14 16:00,DONGSAN,40FT,0,0,0,0,1,1,0,0
CARRIER_C,2026-08-14 17:00,DONGSAN,40FT,0,0,0,0,1,1,0,0
CARRIER_C,2026-08-14 18:00,DONGSAN,40FT,0,0,0,0,1,1,0,0
CARRIER_C,2026-08-14 19:00,DONGSAN,40FT,0,0,0,0,1,1,0,0
CARRIER_C,2026-08-14 20:00,DONGSAN,40FT,0,0,0,0,1,1,0,0
CARRIER_C,2026-08-14 21:00,DONGSAN,40FT,0,0,0,0,1,1,0,0
CARRIER_C,2026-08-14 22:00,DONGSAN,40FT,0,0,0,0,1,1,0,0
CARRIER_C,2026-08-14 23:00,DONGSAN,40FT,0,0,0,0,1,1,0,0
CARRIER_C,2026-08-15 00:00,DONGSAN,40FT,0,0,0,0,1,1,0,0
CARRIER_C,2026-08-15 01:00,DONGSAN,40FT,0,0,0,0,1,1,0,0
CARRIER_C,2026-08-15 02:00,DONGSAN,40FT,0,0,0,0,1,1,0,0
CARRIER_C,2026-08-15 03:00,DONGSAN,40FT,0,0,0,0,1,1,0,0
CARRIER_C,2026-08-15 04:00,DONGSAN,40FT,0,0,0,0,1,1,0,0
CARRIER_C,2026-08-15 05:00,DONGSAN,40FT,0,0,0,0,1,1,0,0
CARRIER_C,2026-08-15 06:00,DONGSAN,40FT,0,0,0,0,1,1,0,0
CARRIER_C,2026-08-15 07:00,DONGSAN,40FT,1,0,0,0,0,0,0,0
CARRIER_C,2026-08-15 08:00,DONGSAN,40FT,0,0,0,0,0,0,0,0
CARRIER_C,2026-08-15 09:00,DONGSAN,40FT,0,0,0,0,0,0,0,0
CARRIER_C,2026-08-15 10:00,DONGSAN,40FT,0,0,0,0,0,0,0,0
CARRIER_C,2026-08-15 11:00,DONGSAN,40FT,0,0,0,0,0,0,0,0
CARRIER_C,2026-08-15 12:00,DONGSAN,40FT,0,0,0,0,0,0,0,0
CARRIER_C,2026-08-15 13:00,DONGSAN,40FT,0,0,0,0,0,0,0,0
CARRIER_C,2026-08-15 14:00,DONGSAN,40FT,0,0,0,0,0,0,0,0
CARRIER_C,2026-08-15 15:00,DONGSAN,40FT,0,0,0,0,0,0,0,0
CARRIER_C,2026-08-15 16:00,DONGSAN,40FT,0,0,0,0,0,0,0,0
CARRIER_C,2026-08-15 17:00,DONGSAN,40FT,0,0,0,0,0,0,0,0
CARRIER_C,2026-08-15 18:00,DONGSAN,40FT,0,0,0,0,0,0,0,0
CARRIER_C,2026-08-15 19:00,DONGSAN,40FT,0,0,0,0,0,0,0,0
CARRIER_C,2026-08-15 20:00,DONGSAN,40FT,0,0,0,0,0,0,0,0
CARRIER_C,2026-08-15 21:00,DONGSAN,40FT,0,0,0,0,0,0,0,0
CARRIER_C,2026-08-15 22:00,DONGSAN,40FT,0,0,0,0,0,0,0,0
CARRIER_C,2026-08-15 23:00,DONGSAN,40FT,0,0,0,0,0,0,0,0
CARRIER_C,2026-08-16 00:00,DONGSAN,40FT,0,0,0,0,0,0,0,0
CARRIER_C,2026-08-16 01:00,DONGSAN,40FT,0,0,0,0,0,0,0,0
CARRIER_C,2026-08-16 02:00,DONGSAN,40FT,0,0,0,0,0,0,0,0
CARRIER_C,2026-08-16 03:00,DONGSAN,40FT,0,0,0,0,0,0,0,0
CARRIER_C,2026-08-16 04:00,DONGSAN,40FT,0,0,0,0,0,0,0,0
CARRIER_C,2026-08-16 05:00,DONGSAN,40FT,0,0,0,0,0,0,0,0
CARRIER_C,2026-08-16 06:00,DONGSAN,40FT,0,0,0,0,0,0,0,0
CARRIER_C,2026-08-16 07:00,DONGSAN,40FT,0,0,0,0,0,0,0,0
CARRIER_C,2026-08-16 08:00,DONGSAN,40FT,0,0,0,0,0,0,0,0
CARRIER_C,2026-08-16 09:00,DONGSAN,40FT,0,0,0,0,0,0,0,0
CARRIER_C,2026-08-16 10:00,DONGSAN,40FT,0,0,0,0,0,0,0,0
CARRIER_C,2026-08-16 11:00,DONGSAN,40FT,0,0,0,0,0,0,0,0
CARRIER_C,2026-08-16 12:00,DONGSAN,40FT,0,0,0,0,0,0,0,0
CARRIER_C,2026-08-16 13:00,DONGSAN,40FT,0,0,0,0,0,0,0,0
CARRIER_C,2026-08-16 14:00,DONGSAN,40FT,0,0,0,0,0,0,0,0
CARRIER_C,2026-08-16 15:00,DONGSAN,40FT,0,0,0,0,0,0,0,0
CARRIER_C,2026-08-16 16:00,DONGSAN,40FT,0,0,0,0,0,0,0,0
CARRIER_C,2026-08-16 17:00,DONGSAN,40FT,1,0,0,0,0,0,1,1
CARRIER_C,2026-08-16 18:00,DONGSAN,40FT,0,0,0,0,0,0,0,0
CARRIER_C,2026-08-16 19:00,DONGSAN,40FT,0,0,0,0,0,0,0,0
CARRIER_C,2026-08-16 20:00,DONGSAN,40FT,0,0,0,0,0,0,0,0
CARRIER_C,2026-08-16 21:00,DONGSAN,40FT,0,0,0,0,0,0,0,0
CARRIER_C,2026-08-16 22:00,DONGSAN,40FT,0,0,0,0,0,0,0,0
CARRIER_C,2026-08-16 23:00,DONGSAN,40FT,0,0,0,0,0,0,0,0
CARRIER_C,2026-08-10 00:00,GWANGYANG,20FT,0,0,0,0,17,17,0,0
CARRIER_C,2026-08-10 01:00,GWANGYANG,20FT,0,0,0,0,17,17,0,0
CARRIER_C,2026-08-10 02:00,GWANGYANG,20FT,0,0,0,0,17,17,0,0
CARRIER_C,2026-08-10 03:00,GWANGYANG,20FT,0,0,0,0,17,17,0,0
CARRIER_C,2026-08-10 04:00,GWANGYANG,20FT,0,0,0,0,17,17,0,0
CARRIER_C,2026-08-10 05:00,GWANGYANG,20FT,0,0,0,0,17,17,0,0
CARRIER_C,2026-08-10 06:00,GWANGYANG,20FT,0,0,0,0,17,17,0,0
CARRIER_C,2026-08-10 07:00,GWANGYANG,20FT,0,0,0,0,17,17,0,0
CARRIER_C,2026-08-10 08:00,GWANGYANG,20FT,1,1,0,0,17,17,0,0
CARRIER_C,2026-08-10 09:00,GWANGYANG,20FT,0,1,0,0,18,18,0,0
CARRIER_C,2026-08-10 10:00,GWANGYANG,20FT,1,1,0,0,18,18,0,0
CARRIER_C,2026-08-10 11:00,GWANGYANG,20FT,1,0,0,0,17,17,0,0
CARRIER_C,2026-08-10 12:00,GWANGYANG,20FT,0,0,0,0,17,17,0,0
CARRIER_C,2026-08-10 13:00,GWANGYANG,20FT,0,0,0,0,17,17,0,0
CARRIER_C,2026-08-10 14:00,GWANGYANG,20FT,0,1,0,0,18,18,0,0
CARRIER_C,2026-08-10 15:00,GWANGYANG,20FT,1,0,0,0,17,17,0,0
CARRIER_C,2026-08-10 16:00,GWANGYANG,20FT,0,0,0,0,17,17,0,0
CARRIER_C,2026-08-10 17:00,GWANGYANG,20FT,1,0,0,0,16,16,0,0
CARRIER_C,2026-08-10 18:00,GWANGYANG,20FT,0,0,0,0,16,16,0,0
CARRIER_C,2026-08-10 19:00,GWANGYANG,20FT,0,0,0,0,16,16,0,0
CARRIER_C,2026-08-10 20:00,GWANGYANG,20FT,0,0,0,0,16,16,0,0
CARRIER_C,2026-08-10 21:00,GWANGYANG,20FT,0,0,0,0,16,16,0,0
CARRIER_C,2026-08-10 22:00,GWANGYANG,20FT,0,0,0,0,16,16,0,0
CARRIER_C,2026-08-10 23:00,GWANGYANG,20FT,0,0,0,0,16,16,0,0
CARRIER_C,2026-08-11 00:00,GWANGYANG,20FT,0,0,0,0,16,16,0,0
CARRIER_C,2026-08-11 01:00,GWANGYANG,20FT,0,0,0,0,16,16,0,0
CARRIER_C,2026-08-11 02:00,GWANGYANG,20FT,0,0,0,0,16,16,0,0
CARRIER_C,2026-08-11 03:00,GWANGYANG,20FT,0,0,0,0,16,16,0,0
CARRIER_C,2026-08-11 04:00,GWANGYANG,20FT,0,0,0,0,16,16,0,0
CARRIER_C,2026-08-11 05:00,GWANGYANG,20FT,0,0,0,0,16,16,0,0
CARRIER_C,2026-08-11 06:00,GWANGYANG,20FT,1,0,0,0,15,15,0,0
CARRIER_C,2026-08-11 07:00,GWANGYANG,20FT,0,0,0,0,15,15,0,0
CARRIER_C,2026-08-11 08:00,GWANGYANG,20FT,0,0,0,0,15,15,0,0
CARRIER_C,2026-08-11 09:00,GWANGYANG,20FT,0,0,0,0,15,15,0,0
CARRIER_C,2026-08-11 10:00,GWANGYANG,20FT,0,0,0,0,15,15,0,0
CARRIER_C,2026-08-11 11:00,GWANGYANG,20FT,1,1,0,0,15,15,0,0
CARRIER_C,2026-08-11 12:00,GWANGYANG,20FT,0,0,0,0,15,15,0,0
CARRIER_C,2026-08-11 13:00,GWANGYANG,20FT,0,0,0,0,15,15,0,0
CARRIER_C,2026-08-11 14:00,GWANGYANG,20FT,0,0,0,0,15,15,0,0
CARRIER_C,2026-08-11 15:00,GWANGYANG,20FT,0,0,0,0,15,15,0,0
CARRIER_C,2026-08-11 16:00,GWANGYANG,20FT,0,1,0,0,16,16,0,0
CARRIER_C,2026-08-11 17:00,GWANGYANG,20FT,1,0,0,0,15,15,0,0
CARRIER_C,2026-08-11 18:00,GWANGYANG,20FT,0,0,0,0,15,15,0,0
CARRIER_C,2026-08-11 19:00,GWANGYANG,20FT,0,0,0,0,15,15,0,0
CARRIER_C,2026-08-11 20:00,GWANGYANG,20FT,0,0,0,0,15,15,0,0
CARRIER_C,2026-08-11 21:00,GWANGYANG,20FT,0,0,0,0,15,15,0,0
CARRIER_C,2026-08-11 22:00,GWANGYANG,20FT,0,0,0,0,15,15,0,0
CARRIER_C,2026-08-11 23:00,GWANGYANG,20FT,0,0,0,0,15,15,0,0
CARRIER_C,2026-08-12 00:00,GWANGYANG,20FT,0,0,0,0,15,15,0,0
CARRIER_C,2026-08-12 01:00,GWANGYANG,20FT,0,0,0,0,15,15,0,0
CARRIER_C,2026-08-12 02:00,GWANGYANG,20FT,0,0,0,0,15,15,0,0
CARRIER_C,2026-08-12 03:00,GWANGYANG,20FT,0,0,0,0,15,15,0,0
CARRIER_C,2026-08-12 04:00,GWANGYANG,20FT,0,0,0,0,15,15,0,0
CARRIER_C,2026-08-12 05:00,GWANGYANG,20FT,0,0,0,0,15,15,0,0
CARRIER_C,2026-08-12 06:00,GWANGYANG,20FT,0,0,0,0,15,15,0,0
CARRIER_C,2026-08-12 07:00,GWANGYANG,20FT,0,0,0,0,15,15,0,0
CARRIER_C,2026-08-12 08:00,GWANGYANG,20FT,0,0,0,0,15,15,0,0
CARRIER_C,2026-08-12 09:00,GWANGYANG,20FT,0,0,0,0,15,15,0,0
CARRIER_C,2026-08-12 10:00,GWANGYANG,20FT,1,0,0,0,14,14,0,0
CARRIER_C,2026-08-12 11:00,GWANGYANG,20FT,0,0,0,0,14,14,0,0
CARRIER_C,2026-08-12 12:00,GWANGYANG,20FT,0,0,0,0,14,14,0,0
CARRIER_C,2026-08-12 13:00,GWANGYANG,20FT,0,0,0,0,14,14,0,0
CARRIER_C,2026-08-12 14:00,GWANGYANG,20FT,1,0,0,0,13,13,0,0
CARRIER_C,2026-08-12 15:00,GWANGYANG,20FT,0,0,0,0,13,13,0,0
CARRIER_C,2026-08-12 16:00,GWANGYANG,20FT,0,1,0,0,14,14,0,0
CARRIER_C,2026-08-12 17:00,GWANGYANG,20FT,0,0,0,0,14,14,0,0
CARRIER_C,2026-08-12 18:00,GWANGYANG,20FT,0,0,0,0,14,14,0,0
CARRIER_C,2026-08-12 19:00,GWANGYANG,20FT,0,0,0,0,14,14,0,0
CARRIER_C,2026-08-12 20:00,GWANGYANG,20FT,0,0,0,0,14,14,0,0
CARRIER_C,2026-08-12 21:00,GWANGYANG,20FT,0,0,0,0,14,14,0,0
CARRIER_C,2026-08-12 22:00,GWANGYANG,20FT,0,0,0,0,14,14,0,0
CARRIER_C,2026-08-12 23:00,GWANGYANG,20FT,0,0,0,0,14,14,0,0
CARRIER_C,2026-08-13 00:00,GWANGYANG,20FT,0,0,0,0,14,14,0,0
CARRIER_C,2026-08-13 01:00,GWANGYANG,20FT,0,0,0,0,14,14,0,0
CARRIER_C,2026-08-13 02:00,GWANGYANG,20FT,0,0,0,0,14,14,0,0
CARRIER_C,2026-08-13 03:00,GWANGYANG,20FT,0,0,0,0,14,14,0,0
CARRIER_C,2026-08-13 04:00,GWANGYANG,20FT,0,0,0,0,14,14,0,0
CARRIER_C,2026-08-13 05:00,GWANGYANG,20FT,0,0,0,0,14,14,0,0
CARRIER_C,2026-08-13 06:00,GWANGYANG,20FT,1,0,0,0,13,13,0,0
CARRIER_C,2026-08-13 07:00,GWANGYANG,20FT,0,0,0,0,13,13,0,0
CARRIER_C,2026-08-13 08:00,GWANGYANG,20FT,0,0,0,0,13,13,0,0
CARRIER_C,2026-08-13 09:00,GWANGYANG,20FT,0,1,0,0,14,14,0,0
CARRIER_C,2026-08-13 10:00,GWANGYANG,20FT,0,0,0,0,14,14,0,0
CARRIER_C,2026-08-13 11:00,GWANGYANG,20FT,1,0,0,0,13,13,0,0
CARRIER_C,2026-08-13 12:00,GWANGYANG,20FT,0,0,0,0,13,13,0,0
CARRIER_C,2026-08-13 13:00,GWANGYANG,20FT,1,0,0,0,12,12,0,0
CARRIER_C,2026-08-13 14:00,GWANGYANG,20FT,0,0,0,0,12,12,0,0
CARRIER_C,2026-08-13 15:00,GWANGYANG,20FT,1,0,0,0,11,11,0,0
CARRIER_C,2026-08-13 16:00,GWANGYANG,20FT,1,0,0,0,10,10,0,0
CARRIER_C,2026-08-13 17:00,GWANGYANG,20FT,0,1,0,0,11,11,0,0
CARRIER_C,2026-08-13 18:00,GWANGYANG,20FT,0,0,0,0,11,11,0,0
CARRIER_C,2026-08-13 19:00,GWANGYANG,20FT,0,0,0,0,11,11,0,0
CARRIER_C,2026-08-13 20:00,GWANGYANG,20FT,0,0,0,0,11,11,0,0
CARRIER_C,2026-08-13 21:00,GWANGYANG,20FT,0,0,0,0,11,11,0,0
CARRIER_C,2026-08-13 22:00,GWANGYANG,20FT,0,0,0,0,11,11,0,0
CARRIER_C,2026-08-13 23:00,GWANGYANG,20FT,0,0,0,0,11,11,0,0
CARRIER_C,2026-08-14 00:00,GWANGYANG,20FT,0,0,0,0,11,11,0,0
CARRIER_C,2026-08-14 01:00,GWANGYANG,20FT,0,0,0,0,11,11,0,0
CARRIER_C,2026-08-14 02:00,GWANGYANG,20FT,0,0,0,0,11,11,0,0
CARRIER_C,2026-08-14 03:00,GWANGYANG,20FT,0,0,0,0,11,11,0,0
CARRIER_C,2026-08-14 04:00,GWANGYANG,20FT,0,0,0,0,11,11,0,0
CARRIER_C,2026-08-14 05:00,GWANGYANG,20FT,0,0,0,0,11,11,0,0
CARRIER_C,2026-08-14 06:00,GWANGYANG,20FT,0,0,0,0,11,11,0,0
CARRIER_C,2026-08-14 07:00,GWANGYANG,20FT,1,0,0,0,10,10,0,0
CARRIER_C,2026-08-14 08:00,GWANGYANG,20FT,0,0,0,0,10,10,0,0
CARRIER_C,2026-08-14 09:00,GWANGYANG,20FT,0,0,0,0,10,10,0,0
CARRIER_C,2026-08-14 10:00,GWANGYANG,20FT,0,0,0,0,10,10,0,0
CARRIER_C,2026-08-14 11:00,GWANGYANG,20FT,1,1,0,0,10,10,0,0
CARRIER_C,2026-08-14 12:00,GWANGYANG,20FT,0,0,0,0,10,10,0,0
CARRIER_C,2026-08-14 13:00,GWANGYANG,20FT,0,0,0,0,10,10,0,0
CARRIER_C,2026-08-14 14:00,GWANGYANG,20FT,1,0,0,0,9,9,0,0
CARRIER_C,2026-08-14 15:00,GWANGYANG,20FT,0,0,0,0,9,9,0,0
CARRIER_C,2026-08-14 16:00,GWANGYANG,20FT,0,0,0,0,9,9,0,0
CARRIER_C,2026-08-14 17:00,GWANGYANG,20FT,0,0,0,0,9,9,0,0
CARRIER_C,2026-08-14 18:00,GWANGYANG,20FT,0,0,0,0,9,9,0,0
CARRIER_C,2026-08-14 19:00,GWANGYANG,20FT,0,1,0,0,10,10,0,0
CARRIER_C,2026-08-14 20:00,GWANGYANG,20FT,0,0,0,0,10,10,0,0
CARRIER_C,2026-08-14 21:00,GWANGYANG,20FT,0,0,0,0,10,10,0,0
CARRIER_C,2026-08-14 22:00,GWANGYANG,20FT,0,0,0,0,10,10,0,0
CARRIER_C,2026-08-14 23:00,GWANGYANG,20FT,0,0,0,0,10,10,0,0
CARRIER_C,2026-08-15 00:00,GWANGYANG,20FT,0,0,0,0,10,10,0,0
CARRIER_C,2026-08-15 01:00,GWANGYANG,20FT,0,0,0,0,10,10,0,0
CARRIER_C,2026-08-15 02:00,GWANGYANG,20FT,0,0,0,0,10,10,0,0
CARRIER_C,2026-08-15 03:00,GWANGYANG,20FT,0,0,0,0,10,10,0,0
CARRIER_C,2026-08-15 04:00,GWANGYANG,20FT,0,0,0,0,10,10,0,0
CARRIER_C,2026-08-15 05:00,GWANGYANG,20FT,0,0,0,0,10,10,0,0
CARRIER_C,2026-08-15 06:00,GWANGYANG,20FT,0,0,0,0,10,10,0,0
CARRIER_C,2026-08-15 07:00,GWANGYANG,20FT,0,0,0,0,10,10,0,0
CARRIER_C,2026-08-15 08:00,GWANGYANG,20FT,0,0,0,0,10,10,0,0
CARRIER_C,2026-08-15 09:00,GWANGYANG,20FT,0,0,0,0,10,10,0,0
CARRIER_C,2026-08-15 10:00,GWANGYANG,20FT,1,0,0,0,9,9,0,0
CARRIER_C,2026-08-15 11:00,GWANGYANG,20FT,0,0,0,0,9,9,0,0
CARRIER_C,2026-08-15 12:00,GWANGYANG,20FT,0,0,0,0,9,9,0,0
CARRIER_C,2026-08-15 13:00,GWANGYANG,20FT,0,0,0,0,9,9,0,0
CARRIER_C,2026-08-15 14:00,GWANGYANG,20FT,0,1,0,0,10,10,0,0
CARRIER_C,2026-08-15 15:00,GWANGYANG,20FT,0,0,0,0,10,10,0,0
CARRIER_C,2026-08-15 16:00,GWANGYANG,20FT,0,1,0,0,11,11,0,0
CARRIER_C,2026-08-15 17:00,GWANGYANG,20FT,0,0,0,0,11,11,0,0
CARRIER_C,2026-08-15 18:00,GWANGYANG,20FT,0,0,0,0,11,11,0,0
CARRIER_C,2026-08-15 19:00,GWANGYANG,20FT,0,9,0,0,20,20,0,0
CARRIER_C,2026-08-15 20:00,GWANGYANG,20FT,0,0,0,0,20,20,0,0
CARRIER_C,2026-08-15 21:00,GWANGYANG,20FT,0,0,0,0,20,20,0,0
CARRIER_C,2026-08-15 22:00,GWANGYANG,20FT,0,0,0,0,20,20,0,0
CARRIER_C,2026-08-15 23:00,GWANGYANG,20FT,0,0,0,0,20,20,0,0
CARRIER_C,2026-08-16 00:00,GWANGYANG,20FT,0,0,0,0,20,20,0,0
CARRIER_C,2026-08-16 01:00,GWANGYANG,20FT,0,0,0,0,20,20,0,0
CARRIER_C,2026-08-16 02:00,GWANGYANG,20FT,0,0,0,0,20,20,0,0
CARRIER_C,2026-08-16 03:00,GWANGYANG,20FT,0,0,0,0,20,20,0,0
CARRIER_C,2026-08-16 04:00,GWANGYANG,20FT,0,0,0,0,20,20,0,0
CARRIER_C,2026-08-16 05:00,GWANGYANG,20FT,0,0,0,0,20,20,0,0
CARRIER_C,2026-08-16 06:00,GWANGYANG,20FT,0,0,0,0,20,20,0,0
CARRIER_C,2026-08-16 07:00,GWANGYANG,20FT,0,0,0,0,20,20,0,0
CARRIER_C,2026-08-16 08:00,GWANGYANG,20FT,0,0,0,0,20,20,0,0
CARRIER_C,2026-08-16 09:00,GWANGYANG,20FT,0,0,0,0,20,20,0,0
CARRIER_C,2026-08-16 10:00,GWANGYANG,20FT,0,0,0,0,20,20,0,0
CARRIER_C,2026-08-16 11:00,GWANGYANG,20FT,1,1,0,0,20,20,0,0
CARRIER_C,2026-08-16 12:00,GWANGYANG,20FT,0,0,0,0,20,20,0,0
CARRIER_C,2026-08-16 13:00,GWANGYANG,20FT,0,0,0,0,20,20,0,0
CARRIER_C,2026-08-16 14:00,GWANGYANG,20FT,0,0,0,0,20,20,0,0
CARRIER_C,2026-08-16 15:00,GWANGYANG,20FT,0,0,0,0,20,20,0,0
CARRIER_C,2026-08-16 16:00,GWANGYANG,20FT,0,0,0,0,20,20,0,0
CARRIER_C,2026-08-16 17:00,GWANGYANG,20FT,0,0,0,0,20,20,0,0
CARRIER_C,2026-08-16 18:00,GWANGYANG,20FT,0,0,0,0,20,20,0,0
CARRIER_C,2026-08-16 19:00,GWANGYANG,20FT,1,1,0,0,20,20,0,0
CARRIER_C,2026-08-16 20:00,GWANGYANG,20FT,0,0,0,0,20,20,0,0
CARRIER_C,2026-08-16 21:00,GWANGYANG,20FT,0,0,0,0,20,20,0,0
CARRIER_C,2026-08-16 22:00,GWANGYANG,20FT,0,0,0,0,20,20,0,0
CARRIER_C,2026-08-16 23:00,GWANGYANG,20FT,0,0,0,0,20,20,0,0
CARRIER_C,2026-08-10 00:00,GWANGYANG,40FT,0,0,0,0,2,2,0,0
CARRIER_C,2026-08-10 01:00,GWANGYANG,40FT,0,0,0,0,2,2,0,0
CARRIER_C,2026-08-10 02:00,GWANGYANG,40FT,0,0,0,0,2,2,0,0
CARRIER_C,2026-08-10 03:00,GWANGYANG,40FT,0,0,0,0,2,2,0,0
CARRIER_C,2026-08-10 04:00,GWANGYANG,40FT,0,0,0,0,2,2,0,0
CARRIER_C,2026-08-10 05:00,GWANGYANG,40FT,0,0,0,0,2,2,0,0
CARRIER_C,2026-08-10 06:00,GWANGYANG,40FT,0,0,0,0,2,2,0,0
CARRIER_C,2026-08-10 07:00,GWANGYANG,40FT,0,0,0,0,2,2,0,0
CARRIER_C,2026-08-10 08:00,GWANGYANG,40FT,0,0,0,0,2,2,0,0
CARRIER_C,2026-08-10 09:00,GWANGYANG,40FT,0,0,0,0,2,2,0,0
CARRIER_C,2026-08-10 10:00,GWANGYANG,40FT,0,0,0,0,2,2,0,0
CARRIER_C,2026-08-10 11:00,GWANGYANG,40FT,0,0,0,0,2,2,0,0
CARRIER_C,2026-08-10 12:00,GWANGYANG,40FT,0,1,0,0,3,3,0,0
CARRIER_C,2026-08-10 13:00,GWANGYANG,40FT,0,0,0,0,3,3,0,0
CARRIER_C,2026-08-10 14:00,GWANGYANG,40FT,0,0,0,0,3,3,0,0
CARRIER_C,2026-08-10 15:00,GWANGYANG,40FT,0,0,0,0,3,3,0,0
CARRIER_C,2026-08-10 16:00,GWANGYANG,40FT,0,0,0,0,3,3,0,0
CARRIER_C,2026-08-10 17:00,GWANGYANG,40FT,0,0,0,0,3,3,0,0
CARRIER_C,2026-08-10 18:00,GWANGYANG,40FT,0,0,0,0,3,3,0,0
CARRIER_C,2026-08-10 19:00,GWANGYANG,40FT,0,0,0,0,3,3,0,0
CARRIER_C,2026-08-10 20:00,GWANGYANG,40FT,0,0,0,0,3,3,0,0
CARRIER_C,2026-08-10 21:00,GWANGYANG,40FT,0,0,0,0,3,3,0,0
CARRIER_C,2026-08-10 22:00,GWANGYANG,40FT,0,0,0,0,3,3,0,0
CARRIER_C,2026-08-10 23:00,GWANGYANG,40FT,0,0,0,0,3,3,0,0
CARRIER_C,2026-08-11 00:00,GWANGYANG,40FT,0,0,0,0,3,3,0,0
CARRIER_C,2026-08-11 01:00,GWANGYANG,40FT,0,0,0,0,3,3,0,0
CARRIER_C,2026-08-11 02:00,GWANGYANG,40FT,0,0,0,0,3,3,0,0
CARRIER_C,2026-08-11 03:00,GWANGYANG,40FT,0,0,0,0,3,3,0,0
CARRIER_C,2026-08-11 04:00,GWANGYANG,40FT,0,0,0,0,3,3,0,0
CARRIER_C,2026-08-11 05:00,GWANGYANG,40FT,0,0,0,0,3,3,0,0
CARRIER_C,2026-08-11 06:00,GWANGYANG,40FT,0,0,0,0,3,3,0,0
CARRIER_C,2026-08-11 07:00,GWANGYANG,40FT,0,0,0,0,3,3,0,0
CARRIER_C,2026-08-11 08:00,GWANGYANG,40FT,0,0,0,0,3,3,0,0
CARRIER_C,2026-08-11 09:00,GWANGYANG,40FT,0,0,0,0,3,3,0,0
CARRIER_C,2026-08-11 10:00,GWANGYANG,40FT,0,0,0,0,3,3,0,0
CARRIER_C,2026-08-11 11:00,GWANGYANG,40FT,0,0,0,0,3,3,0,0
CARRIER_C,2026-08-11 12:00,GWANGYANG,40FT,0,0,0,0,3,3,0,0
CARRIER_C,2026-08-11 13:00,GWANGYANG,40FT,0,0,0,0,3,3,0,0
CARRIER_C,2026-08-11 14:00,GWANGYANG,40FT,0,0,0,0,3,3,0,0
CARRIER_C,2026-08-11 15:00,GWANGYANG,40FT,0,0,0,0,3,3,0,0
CARRIER_C,2026-08-11 16:00,GWANGYANG,40FT,0,0,0,0,3,3,0,0
CARRIER_C,2026-08-11 17:00,GWANGYANG,40FT,0,1,0,0,4,4,0,0
CARRIER_C,2026-08-11 18:00,GWANGYANG,40FT,0,0,0,0,4,4,0,0
CARRIER_C,2026-08-11 19:00,GWANGYANG,40FT,0,0,0,0,4,4,0,0
CARRIER_C,2026-08-11 20:00,GWANGYANG,40FT,0,0,0,0,4,4,0,0
CARRIER_C,2026-08-11 21:00,GWANGYANG,40FT,0,0,0,0,4,4,0,0
CARRIER_C,2026-08-11 22:00,GWANGYANG,40FT,0,0,0,0,4,4,0,0
CARRIER_C,2026-08-11 23:00,GWANGYANG,40FT,0,0,0,0,4,4,0,0
CARRIER_C,2026-08-12 00:00,GWANGYANG,40FT,0,0,0,0,4,4,0,0
CARRIER_C,2026-08-12 01:00,GWANGYANG,40FT,0,0,0,0,4,4,0,0
CARRIER_C,2026-08-12 02:00,GWANGYANG,40FT,0,0,0,0,4,4,0,0
CARRIER_C,2026-08-12 03:00,GWANGYANG,40FT,0,0,0,0,4,4,0,0
CARRIER_C,2026-08-12 04:00,GWANGYANG,40FT,0,0,0,0,4,4,0,0
CARRIER_C,2026-08-12 05:00,GWANGYANG,40FT,0,0,0,0,4,4,0,0
CARRIER_C,2026-08-12 06:00,GWANGYANG,40FT,0,0,0,0,4,4,0,0
CARRIER_C,2026-08-12 07:00,GWANGYANG,40FT,0,0,0,0,4,4,0,0
CARRIER_C,2026-08-12 08:00,GWANGYANG,40FT,0,0,0,0,4,4,0,0
CARRIER_C,2026-08-12 09:00,GWANGYANG,40FT,0,0,0,0,4,4,0,0
CARRIER_C,2026-08-12 10:00,GWANGYANG,40FT,0,0,0,0,4,4,0,0
CARRIER_C,2026-08-12 11:00,GWANGYANG,40FT,0,0,0,0,4,4,0,0
CARRIER_C,2026-08-12 12:00,GWANGYANG,40FT,0,0,0,0,4,4,0,0
CARRIER_C,2026-08-12 13:00,GWANGYANG,40FT,0,0,0,0,4,4,0,0
CARRIER_C,2026-08-12 14:00,GWANGYANG,40FT,0,0,0,0,4,4,0,0
CARRIER_C,2026-08-12 15:00,GWANGYANG,40FT,0,0,0,0,4,4,0,0
CARRIER_C,2026-08-12 16:00,GWANGYANG,40FT,0,0,0,0,4,4,0,0
CARRIER_C,2026-08-12 17:00,GWANGYANG,40FT,0,0,0,0,4,4,0,0
CARRIER_C,2026-08-12 18:00,GWANGYANG,40FT,0,0,0,0,4,4,0,0
CARRIER_C,2026-08-12 19:00,GWANGYANG,40FT,0,0,0,0,4,4,0,0
CARRIER_C,2026-08-12 20:00,GWANGYANG,40FT,0,0,0,0,4,4,0,0
CARRIER_C,2026-08-12 21:00,GWANGYANG,40FT,0,0,0,0,4,4,0,0
CARRIER_C,2026-08-12 22:00,GWANGYANG,40FT,0,0,0,0,4,4,0,0
CARRIER_C,2026-08-12 23:00,GWANGYANG,40FT,0,0,0,0,4,4,0,0
CARRIER_C,2026-08-13 00:00,GWANGYANG,40FT,0,0,0,0,4,4,0,0
CARRIER_C,2026-08-13 01:00,GWANGYANG,40FT,0,0,0,0,4,4,0,0
CARRIER_C,2026-08-13 02:00,GWANGYANG,40FT,0,0,0,0,4,4,0,0
CARRIER_C,2026-08-13 03:00,GWANGYANG,40FT,0,0,0,0,4,4,0,0
CARRIER_C,2026-08-13 04:00,GWANGYANG,40FT,0,0,0,0,4,4,0,0
CARRIER_C,2026-08-13 05:00,GWANGYANG,40FT,0,0,0,0,4,4,0,0
CARRIER_C,2026-08-13 06:00,GWANGYANG,40FT,0,0,0,0,4,4,0,0
CARRIER_C,2026-08-13 07:00,GWANGYANG,40FT,0,0,0,0,4,4,0,0
CARRIER_C,2026-08-13 08:00,GWANGYANG,40FT,1,0,0,0,3,3,0,0
CARRIER_C,2026-08-13 09:00,GWANGYANG,40FT,0,0,0,0,3,3,0,0
CARRIER_C,2026-08-13 10:00,GWANGYANG,40FT,0,0,0,0,3,3,0,0
CARRIER_C,2026-08-13 11:00,GWANGYANG,40FT,0,0,0,0,3,3,0,0
CARRIER_C,2026-08-13 12:00,GWANGYANG,40FT,0,2,0,0,5,5,0,0
CARRIER_C,2026-08-13 13:00,GWANGYANG,40FT,0,0,0,0,5,5,0,0
CARRIER_C,2026-08-13 14:00,GWANGYANG,40FT,0,0,0,0,5,5,0,0
CARRIER_C,2026-08-13 15:00,GWANGYANG,40FT,0,0,0,0,5,5,0,0
CARRIER_C,2026-08-13 16:00,GWANGYANG,40FT,0,0,0,0,5,5,0,0
CARRIER_C,2026-08-13 17:00,GWANGYANG,40FT,0,0,0,0,5,5,0,0
CARRIER_C,2026-08-13 18:00,GWANGYANG,40FT,0,0,0,0,5,5,0,0
CARRIER_C,2026-08-13 19:00,GWANGYANG,40FT,0,0,0,0,5,5,0,0
CARRIER_C,2026-08-13 20:00,GWANGYANG,40FT,0,0,0,0,5,5,0,0
CARRIER_C,2026-08-13 21:00,GWANGYANG,40FT,0,0,0,0,5,5,0,0
CARRIER_C,2026-08-13 22:00,GWANGYANG,40FT,0,0,0,0,5,5,0,0
CARRIER_C,2026-08-13 23:00,GWANGYANG,40FT,0,0,0,0,5,5,0,0
CARRIER_C,2026-08-14 00:00,GWANGYANG,40FT,0,0,0,0,5,5,0,0
CARRIER_C,2026-08-14 01:00,GWANGYANG,40FT,0,0,0,0,5,5,0,0
CARRIER_C,2026-08-14 02:00,GWANGYANG,40FT,0,0,0,0,5,5,0,0
CARRIER_C,2026-08-14 03:00,GWANGYANG,40FT,0,0,0,0,5,5,0,0
CARRIER_C,2026-08-14 04:00,GWANGYANG,40FT,0,0,0,0,5,5,0,0
CARRIER_C,2026-08-14 05:00,GWANGYANG,40FT,0,0,0,0,5,5,0,0
CARRIER_C,2026-08-14 06:00,GWANGYANG,40FT,0,0,0,0,5,5,0,0
CARRIER_C,2026-08-14 07:00,GWANGYANG,40FT,0,0,0,0,5,5,0,0
CARRIER_C,2026-08-14 08:00,GWANGYANG,40FT,0,0,0,0,5,5,0,0
CARRIER_C,2026-08-14 09:00,GWANGYANG,40FT,0,0,0,0,5,5,0,0
CARRIER_C,2026-08-14 10:00,GWANGYANG,40FT,0,0,0,0,5,5,0,0
CARRIER_C,2026-08-14 11:00,GWANGYANG,40FT,0,0,0,0,5,5,0,0
CARRIER_C,2026-08-14 12:00,GWANGYANG,40FT,0,0,0,0,5,5,0,0
CARRIER_C,2026-08-14 13:00,GWANGYANG,40FT,0,0,0,0,5,5,0,0
CARRIER_C,2026-08-14 14:00,GWANGYANG,40FT,0,0,0,0,5,5,0,0
CARRIER_C,2026-08-14 15:00,GWANGYANG,40FT,0,0,0,0,5,5,0,0
CARRIER_C,2026-08-14 16:00,GWANGYANG,40FT,0,0,0,0,5,5,0,0
CARRIER_C,2026-08-14 17:00,GWANGYANG,40FT,0,0,0,0,5,5,0,0
CARRIER_C,2026-08-14 18:00,GWANGYANG,40FT,0,0,0,0,5,5,0,0
CARRIER_C,2026-08-14 19:00,GWANGYANG,40FT,0,1,0,0,6,6,0,0
CARRIER_C,2026-08-14 20:00,GWANGYANG,40FT,0,0,0,0,6,6,0,0
CARRIER_C,2026-08-14 21:00,GWANGYANG,40FT,0,0,0,0,6,6,0,0
CARRIER_C,2026-08-14 22:00,GWANGYANG,40FT,0,0,0,0,6,6,0,0
CARRIER_C,2026-08-14 23:00,GWANGYANG,40FT,0,0,0,0,6,6,0,0
CARRIER_C,2026-08-15 00:00,GWANGYANG,40FT,0,0,0,0,6,6,0,0
CARRIER_C,2026-08-15 01:00,GWANGYANG,40FT,0,0,0,0,6,6,0,0
CARRIER_C,2026-08-15 02:00,GWANGYANG,40FT,0,1,0,0,7,7,0,0
CARRIER_C,2026-08-15 03:00,GWANGYANG,40FT,0,0,0,0,7,7,0,0
CARRIER_C,2026-08-15 04:00,GWANGYANG,40FT,0,0,0,0,7,7,0,0
CARRIER_C,2026-08-15 05:00,GWANGYANG,40FT,0,0,0,0,7,7,0,0
CARRIER_C,2026-08-15 06:00,GWANGYANG,40FT,0,0,0,0,7,7,0,0
CARRIER_C,2026-08-15 07:00,GWANGYANG,40FT,0,0,0,0,7,7,0,0
CARRIER_C,2026-08-15 08:00,GWANGYANG,40FT,1,0,0,0,6,6,0,0
CARRIER_C,2026-08-15 09:00,GWANGYANG,40FT,0,0,0,0,6,6,0,0
CARRIER_C,2026-08-15 10:00,GWANGYANG,40FT,0,0,0,0,6,6,0,0
CARRIER_C,2026-08-15 11:00,GWANGYANG,40FT,0,0,0,0,6,6,0,0
CARRIER_C,2026-08-15 12:00,GWANGYANG,40FT,0,0,0,0,6,6,0,0
CARRIER_C,2026-08-15 13:00,GWANGYANG,40FT,0,0,0,0,6,6,0,0
CARRIER_C,2026-08-15 14:00,GWANGYANG,40FT,0,0,0,0,6,6,0,0
CARRIER_C,2026-08-15 15:00,GWANGYANG,40FT,0,0,0,0,6,6,0,0
CARRIER_C,2026-08-15 16:00,GWANGYANG,40FT,0,0,0,0,6,6,0,0
CARRIER_C,2026-08-15 17:00,GWANGYANG,40FT,0,0,0,0,6,6,0,0
CARRIER_C,2026-08-15 18:00,GWANGYANG,40FT,0,0,0,0,6,6,0,0
CARRIER_C,2026-08-15 19:00,GWANGYANG,40FT,0,0,0,0,6,6,0,0
CARRIER_C,2026-08-15 20:00,GWANGYANG,40FT,0,0,0,0,6,6,0,0
CARRIER_C,2026-08-15 21:00,GWANGYANG,40FT,0,0,0,0,6,6,0,0
CARRIER_C,2026-08-15 22:00,GWANGYANG,40FT,0,0,0,0,6,6,0,0
CARRIER_C,2026-08-15 23:00,GWANGYANG,40FT,0,0,0,0,6,6,0,0
CARRIER_C,2026-08-16 00:00,GWANGYANG,40FT,0,0,0,0,6,6,0,0
CARRIER_C,2026-08-16 01:00,GWANGYANG,40FT,0,0,0,0,6,6,0,0
CARRIER_C,2026-08-16 02:00,GWANGYANG,40FT,0,0,0,0,6,6,0,0
CARRIER_C,2026-08-16 03:00,GWANGYANG,40FT,0,0,0,0,6,6,0,0
CARRIER_C,2026-08-16 04:00,GWANGYANG,40FT,0,0,0,0,6,6,0,0
CARRIER_C,2026-08-16 05:00,GWANGYANG,40FT,0,0,0,0,6,6,0,0
CARRIER_C,2026-08-16 06:00,GWANGYANG,40FT,0,0,0,0,6,6,0,0
CARRIER_C,2026-08-16 07:00,GWANGYANG,40FT,0,0,0,0,6,6,0,0
CARRIER_C,2026-08-16 08:00,GWANGYANG,40FT,0,0,0,0,6,6,0,0
CARRIER_C,2026-08-16 09:00,GWANGYANG,40FT,0,0,0,0,6,6,0,0
CARRIER_C,2026-08-16 10:00,GWANGYANG,40FT,0,0,0,0,6,6,0,0
CARRIER_C,2026-08-16 11:00,GWANGYANG,40FT,0,0,0,0,6,6,0,0
CARRIER_C,2026-08-16 12:00,GWANGYANG,40FT,0,0,0,0,6,6,0,0
CARRIER_C,2026-08-16 13:00,GWANGYANG,40FT,0,1,0,0,7,7,0,0
CARRIER_C,2026-08-16 14:00,GWANGYANG,40FT,0,0,0,0,7,7,0,0
CARRIER_C,2026-08-16 15:00,GWANGYANG,40FT,0,0,0,0,7,7,0,0
CARRIER_C,2026-08-16 16:00,GWANGYANG,40FT,0,0,0,0,7,7,0,0
CARRIER_C,2026-08-16 17:00,GWANGYANG,40FT,0,0,0,0,7,7,0,0
CARRIER_C,2026-08-16 18:00,GWANGYANG,40FT,0,0,0,0,7,7,0,0
CARRIER_C,2026-08-16 19:00,GWANGYANG,40FT,0,0,0,0,7,7,0,0
CARRIER_C,2026-08-16 20:00,GWANGYANG,40FT,0,0,0,0,7,7,0,0
CARRIER_C,2026-08-16 21:00,GWANGYANG,40FT,0,0,0,0,7,7,0,0
CARRIER_C,2026-08-16 22:00,GWANGYANG,40FT,0,0,0,0,7,7,0,0
CARRIER_C,2026-08-16 23:00,GWANGYANG,40FT,0,0,0,0,7,7,0,0
CARRIER_C,2026-08-10 00:00,UIWANG,20FT,0,0,0,0,8,8,0,0
CARRIER_C,2026-08-10 01:00,UIWANG,20FT,0,0,0,0,8,8,0,0
CARRIER_C,2026-08-10 02:00,UIWANG,20FT,0,0,0,0,8,8,0,0
CARRIER_C,2026-08-10 03:00,UIWANG,20FT,0,0,0,0,8,8,0,0
CARRIER_C,2026-08-10 04:00,UIWANG,20FT,0,0,0,0,8,8,0,0
CARRIER_C,2026-08-10 05:00,UIWANG,20FT,0,0,0,0,8,8,0,0
CARRIER_C,2026-08-10 06:00,UIWANG,20FT,0,0,0,0,8,8,0,0
CARRIER_C,2026-08-10 07:00,UIWANG,20FT,0,0,0,0,8,8,0,0
CARRIER_C,2026-08-10 08:00,UIWANG,20FT,0,0,0,0,8,8,0,0
CARRIER_C,2026-08-10 09:00,UIWANG,20FT,1,0,0,0,7,7,0,0
CARRIER_C,2026-08-10 10:00,UIWANG,20FT,0,1,0,0,8,8,0,0
CARRIER_C,2026-08-10 11:00,UIWANG,20FT,0,0,0,0,8,8,0,0
CARRIER_C,2026-08-10 12:00,UIWANG,20FT,0,1,0,0,9,9,0,0
CARRIER_C,2026-08-10 13:00,UIWANG,20FT,1,0,0,0,8,8,0,0
CARRIER_C,2026-08-10 14:00,UIWANG,20FT,0,0,0,0,8,8,0,0
CARRIER_C,2026-08-10 15:00,UIWANG,20FT,0,1,0,0,9,9,0,0
CARRIER_C,2026-08-10 16:00,UIWANG,20FT,0,0,0,0,9,9,0,0
CARRIER_C,2026-08-10 17:00,UIWANG,20FT,1,0,0,0,8,8,0,0
CARRIER_C,2026-08-10 18:00,UIWANG,20FT,0,1,0,0,9,9,0,0
CARRIER_C,2026-08-10 19:00,UIWANG,20FT,0,0,0,0,9,9,0,0
CARRIER_C,2026-08-10 20:00,UIWANG,20FT,0,0,0,0,9,9,0,0
CARRIER_C,2026-08-10 21:00,UIWANG,20FT,0,0,0,0,9,9,0,0
CARRIER_C,2026-08-10 22:00,UIWANG,20FT,0,0,0,0,9,9,0,0
CARRIER_C,2026-08-10 23:00,UIWANG,20FT,0,0,0,0,9,9,0,0
CARRIER_C,2026-08-11 00:00,UIWANG,20FT,0,0,0,0,9,9,0,0
CARRIER_C,2026-08-11 01:00,UIWANG,20FT,0,0,0,0,9,9,0,0
CARRIER_C,2026-08-11 02:00,UIWANG,20FT,0,0,0,0,9,9,0,0
CARRIER_C,2026-08-11 03:00,UIWANG,20FT,0,0,0,0,9,9,0,0
CARRIER_C,2026-08-11 04:00,UIWANG,20FT,0,0,0,0,9,9,0,0
CARRIER_C,2026-08-11 05:00,UIWANG,20FT,0,0,0,0,9,9,0,0
CARRIER_C,2026-08-11 06:00,UIWANG,20FT,0,0,0,0,9,9,0,0
CARRIER_C,2026-08-11 07:00,UIWANG,20FT,0,0,0,0,9,9,0,0
CARRIER_C,2026-08-11 08:00,UIWANG,20FT,1,0,0,0,8,8,0,0
CARRIER_C,2026-08-11 09:00,UIWANG,20FT,0,0,0,3,8,5,0,0
CARRIER_C,2026-08-11 10:00,UIWANG,20FT,1,0,0,0,7,4,0,0
CARRIER_C,2026-08-11 11:00,UIWANG,20FT,0,0,0,0,7,4,0,0
CARRIER_C,2026-08-11 12:00,UIWANG,20FT,0,0,0,0,7,4,0,0
CARRIER_C,2026-08-11 13:00,UIWANG,20FT,1,0,0,0,6,3,0,0
CARRIER_C,2026-08-11 14:00,UIWANG,20FT,0,1,0,0,7,4,0,0
CARRIER_C,2026-08-11 15:00,UIWANG,20FT,0,0,0,0,7,4,0,0
CARRIER_C,2026-08-11 16:00,UIWANG,20FT,0,0,0,0,7,4,0,0
CARRIER_C,2026-08-11 17:00,UIWANG,20FT,1,0,0,0,6,3,0,0
CARRIER_C,2026-08-11 18:00,UIWANG,20FT,0,0,0,0,6,3,0,0
CARRIER_C,2026-08-11 19:00,UIWANG,20FT,0,0,0,0,6,3,0,0
CARRIER_C,2026-08-11 20:00,UIWANG,20FT,0,0,0,0,6,3,0,0
CARRIER_C,2026-08-11 21:00,UIWANG,20FT,0,1,0,0,7,4,0,0
CARRIER_C,2026-08-11 22:00,UIWANG,20FT,0,0,0,0,7,4,0,0
CARRIER_C,2026-08-11 23:00,UIWANG,20FT,0,0,0,0,7,4,0,0
CARRIER_C,2026-08-12 00:00,UIWANG,20FT,0,0,0,0,7,4,0,0
CARRIER_C,2026-08-12 01:00,UIWANG,20FT,0,0,0,0,7,4,0,0
CARRIER_C,2026-08-12 02:00,UIWANG,20FT,0,0,0,0,7,4,0,0
CARRIER_C,2026-08-12 03:00,UIWANG,20FT,0,0,0,0,7,4,0,0
CARRIER_C,2026-08-12 04:00,UIWANG,20FT,0,0,0,0,7,4,0,0
CARRIER_C,2026-08-12 05:00,UIWANG,20FT,0,0,0,0,7,4,0,0
CARRIER_C,2026-08-12 06:00,UIWANG,20FT,1,0,0,0,6,3,0,0
CARRIER_C,2026-08-12 07:00,UIWANG,20FT,0,0,0,0,6,3,0,0
CARRIER_C,2026-08-12 08:00,UIWANG,20FT,0,0,0,0,6,3,0,0
CARRIER_C,2026-08-12 09:00,UIWANG,20FT,0,0,0,0,6,3,0,0
CARRIER_C,2026-08-12 10:00,UIWANG,20FT,1,0,0,0,5,2,0,0
CARRIER_C,2026-08-12 11:00,UIWANG,20FT,1,0,0,0,4,1,0,0
CARRIER_C,2026-08-12 12:00,UIWANG,20FT,0,0,0,0,4,1,0,0
CARRIER_C,2026-08-12 13:00,UIWANG,20FT,0,1,0,0,5,2,0,0
CARRIER_C,2026-08-12 14:00,UIWANG,20FT,1,0,0,0,4,1,0,0
CARRIER_C,2026-08-12 15:00,UIWANG,20FT,0,0,0,0,4,1,0,0
CARRIER_C,2026-08-12 16:00,UIWANG,20FT,1,0,0,0,3,0,0,0
CARRIER_C,2026-08-12 17:00,UIWANG,20FT,0,1,0,0,4,1,0,0
CARRIER_C,2026-08-12 18:00,UIWANG,20FT,0,0,0,0,4,1,0,0
CARRIER_C,2026-08-12 19:00,UIWANG,20FT,0,0,0,0,4,1,0,0
CARRIER_C,2026-08-12 20:00,UIWANG,20FT,0,0,0,0,4,1,0,0
CARRIER_C,2026-08-12 21:00,UIWANG,20FT,0,0,0,0,4,1,0,0
CARRIER_C,2026-08-12 22:00,UIWANG,20FT,0,0,0,0,4,1,0,0
CARRIER_C,2026-08-12 23:00,UIWANG,20FT,0,0,0,0,4,1,0,0
CARRIER_C,2026-08-13 00:00,UIWANG,20FT,0,0,0,0,4,1,0,0
CARRIER_C,2026-08-13 01:00,UIWANG,20FT,0,0,0,0,4,1,0,0
CARRIER_C,2026-08-13 02:00,UIWANG,20FT,0,0,0,0,4,1,0,0
CARRIER_C,2026-08-13 03:00,UIWANG,20FT,0,0,0,0,4,1,0,0
CARRIER_C,2026-08-13 04:00,UIWANG,20FT,0,0,0,0,4,1,0,0
CARRIER_C,2026-08-13 05:00,UIWANG,20FT,0,0,0,0,4,1,0,0
CARRIER_C,2026-08-13 06:00,UIWANG,20FT,0,0,0,0,4,1,0,0
CARRIER_C,2026-08-13 07:00,UIWANG,20FT,0,0,0,0,4,1,0,0
CARRIER_C,2026-08-13 08:00,UIWANG,20FT,1,0,0,0,3,0,0,0
CARRIER_C,2026-08-13 09:00,UIWANG,20FT,0,0,0,0,3,0,0,0
CARRIER_C,2026-08-13 10:00,UIWANG,20FT,0,0,0,0,3,0,0,0
CARRIER_C,2026-08-13 11:00,UIWANG,20FT,0,0,0,0,3,0,0,0
CARRIER_C,2026-08-13 12:00,UIWANG,20FT,0,1,0,0,4,1,0,0
CARRIER_C,2026-08-13 13:00,UIWANG,20FT,1,0,0,0,3,0,0,0
CARRIER_C,2026-08-13 14:00,UIWANG,20FT,0,0,0,0,3,0,0,0
CARRIER_C,2026-08-13 15:00,UIWANG,20FT,0,0,0,0,3,0,0,0
CARRIER_C,2026-08-13 16:00,UIWANG,20FT,0,1,0,0,4,1,0,0
CARRIER_C,2026-08-13 17:00,UIWANG,20FT,0,0,0,0,4,1,0,0
CARRIER_C,2026-08-13 18:00,UIWANG,20FT,0,0,0,0,4,1,0,0
CARRIER_C,2026-08-13 19:00,UIWANG,20FT,0,0,0,0,4,1,0,0
CARRIER_C,2026-08-13 20:00,UIWANG,20FT,0,1,0,0,5,2,0,0
CARRIER_C,2026-08-13 21:00,UIWANG,20FT,0,0,0,0,5,2,0,0
CARRIER_C,2026-08-13 22:00,UIWANG,20FT,0,0,0,0,5,2,0,0
CARRIER_C,2026-08-13 23:00,UIWANG,20FT,0,0,0,0,5,2,0,0
CARRIER_C,2026-08-14 00:00,UIWANG,20FT,0,0,0,0,5,2,0,0
CARRIER_C,2026-08-14 01:00,UIWANG,20FT,0,0,0,0,5,2,0,0
CARRIER_C,2026-08-14 02:00,UIWANG,20FT,0,0,0,0,5,2,0,0
CARRIER_C,2026-08-14 03:00,UIWANG,20FT,0,0,0,0,5,2,0,0
CARRIER_C,2026-08-14 04:00,UIWANG,20FT,0,0,0,0,5,2,0,0
CARRIER_C,2026-08-14 05:00,UIWANG,20FT,0,0,0,0,5,2,0,0
CARRIER_C,2026-08-14 06:00,UIWANG,20FT,1,0,0,0,4,1,0,0
CARRIER_C,2026-08-14 07:00,UIWANG,20FT,0,0,0,0,4,1,0,0
CARRIER_C,2026-08-14 08:00,UIWANG,20FT,0,0,0,0,4,1,0,0
CARRIER_C,2026-08-14 09:00,UIWANG,20FT,0,0,0,0,4,1,0,0
CARRIER_C,2026-08-14 10:00,UIWANG,20FT,0,0,0,0,4,1,0,0
CARRIER_C,2026-08-14 11:00,UIWANG,20FT,0,0,0,0,4,1,0,0
CARRIER_C,2026-08-14 12:00,UIWANG,20FT,0,0,0,0,4,1,0,0
CARRIER_C,2026-08-14 13:00,UIWANG,20FT,0,0,0,0,4,1,0,0
CARRIER_C,2026-08-14 14:00,UIWANG,20FT,0,1,0,0,5,2,0,0
CARRIER_C,2026-08-14 15:00,UIWANG,20FT,1,0,0,0,4,1,0,0
CARRIER_C,2026-08-14 16:00,UIWANG,20FT,0,0,0,0,4,1,0,0
CARRIER_C,2026-08-14 17:00,UIWANG,20FT,0,1,0,0,5,2,0,0
CARRIER_C,2026-08-14 18:00,UIWANG,20FT,0,0,0,0,5,2,0,0
CARRIER_C,2026-08-14 19:00,UIWANG,20FT,0,0,0,0,5,2,0,0
CARRIER_C,2026-08-14 20:00,UIWANG,20FT,0,0,0,0,5,2,0,0
CARRIER_C,2026-08-14 21:00,UIWANG,20FT,0,0,0,0,5,2,0,0
CARRIER_C,2026-08-14 22:00,UIWANG,20FT,0,0,0,0,5,2,0,0
CARRIER_C,2026-08-14 23:00,UIWANG,20FT,0,0,0,0,5,2,0,0
CARRIER_C,2026-08-15 00:00,UIWANG,20FT,0,0,0,0,5,2,0,0
CARRIER_C,2026-08-15 01:00,UIWANG,20FT,0,0,0,0,5,2,0,0
CARRIER_C,2026-08-15 02:00,UIWANG,20FT,0,0,0,0,5,2,0,0
CARRIER_C,2026-08-15 03:00,UIWANG,20FT,0,0,0,0,5,2,0,0
CARRIER_C,2026-08-15 04:00,UIWANG,20FT,0,0,0,0,5,2,0,0
CARRIER_C,2026-08-15 05:00,UIWANG,20FT,0,0,0,0,5,2,0,0
CARRIER_C,2026-08-15 06:00,UIWANG,20FT,0,0,0,0,5,2,0,0
CARRIER_C,2026-08-15 07:00,UIWANG,20FT,0,0,0,0,5,2,0,0
CARRIER_C,2026-08-15 08:00,UIWANG,20FT,0,0,0,0,5,2,0,0
CARRIER_C,2026-08-15 09:00,UIWANG,20FT,1,1,0,0,5,2,0,0
CARRIER_C,2026-08-15 10:00,UIWANG,20FT,0,0,0,0,5,2,0,0
CARRIER_C,2026-08-15 11:00,UIWANG,20FT,0,0,0,0,5,2,0,0
CARRIER_C,2026-08-15 12:00,UIWANG,20FT,0,0,0,0,5,2,0,0
CARRIER_C,2026-08-15 13:00,UIWANG,20FT,0,0,0,0,5,2,0,0
CARRIER_C,2026-08-15 14:00,UIWANG,20FT,0,0,0,0,5,2,0,0
CARRIER_C,2026-08-15 15:00,UIWANG,20FT,0,0,0,0,5,2,0,0
CARRIER_C,2026-08-15 16:00,UIWANG,20FT,1,1,0,0,5,2,0,0
CARRIER_C,2026-08-15 17:00,UIWANG,20FT,0,0,0,0,5,2,0,0
CARRIER_C,2026-08-15 18:00,UIWANG,20FT,0,0,0,0,5,2,0,0
CARRIER_C,2026-08-15 19:00,UIWANG,20FT,0,0,0,0,5,2,0,0
CARRIER_C,2026-08-15 20:00,UIWANG,20FT,0,0,0,0,5,2,0,0
CARRIER_C,2026-08-15 21:00,UIWANG,20FT,0,0,0,0,5,2,0,0
CARRIER_C,2026-08-15 22:00,UIWANG,20FT,0,0,0,0,5,2,0,0
CARRIER_C,2026-08-15 23:00,UIWANG,20FT,0,0,0,0,5,2,0,0
CARRIER_C,2026-08-16 00:00,UIWANG,20FT,0,0,0,0,5,2,0,0
CARRIER_C,2026-08-16 01:00,UIWANG,20FT,0,0,0,0,5,2,0,0
CARRIER_C,2026-08-16 02:00,UIWANG,20FT,0,0,0,0,5,2,0,0
CARRIER_C,2026-08-16 03:00,UIWANG,20FT,0,0,0,0,5,2,0,0
CARRIER_C,2026-08-16 04:00,UIWANG,20FT,0,0,0,0,5,2,0,0
CARRIER_C,2026-08-16 05:00,UIWANG,20FT,0,0,0,0,5,2,0,0
CARRIER_C,2026-08-16 06:00,UIWANG,20FT,0,0,0,0,5,2,0,0
CARRIER_C,2026-08-16 07:00,UIWANG,20FT,1,0,0,0,4,1,0,0
CARRIER_C,2026-08-16 08:00,UIWANG,20FT,0,0,0,0,4,1,0,0
CARRIER_C,2026-08-16 09:00,UIWANG,20FT,0,1,0,0,5,2,0,0
CARRIER_C,2026-08-16 10:00,UIWANG,20FT,0,0,0,0,5,2,0,0
CARRIER_C,2026-08-16 11:00,UIWANG,20FT,1,0,0,0,4,1,0,0
CARRIER_C,2026-08-16 12:00,UIWANG,20FT,0,0,0,0,4,1,0,0
CARRIER_C,2026-08-16 13:00,UIWANG,20FT,0,0,0,0,4,1,0,0
CARRIER_C,2026-08-16 14:00,UIWANG,20FT,0,1,0,0,5,2,0,0
CARRIER_C,2026-08-16 15:00,UIWANG,20FT,0,0,0,0,5,2,0,0
CARRIER_C,2026-08-16 16:00,UIWANG,20FT,0,0,0,0,5,2,0,0
CARRIER_C,2026-08-16 17:00,UIWANG,20FT,0,0,0,0,5,2,0,0
CARRIER_C,2026-08-16 18:00,UIWANG,20FT,0,1,0,0,6,3,0,0
CARRIER_C,2026-08-16 19:00,UIWANG,20FT,0,0,0,0,6,3,0,0
CARRIER_C,2026-08-16 20:00,UIWANG,20FT,0,0,0,0,6,3,0,0
CARRIER_C,2026-08-16 21:00,UIWANG,20FT,0,0,0,0,6,3,0,0
CARRIER_C,2026-08-16 22:00,UIWANG,20FT,0,0,0,0,6,3,0,0
CARRIER_C,2026-08-16 23:00,UIWANG,20FT,0,0,0,0,6,3,0,0
CARRIER_C,2026-08-10 00:00,UIWANG,40FT,0,0,0,0,3,3,0,0
CARRIER_C,2026-08-10 01:00,UIWANG,40FT,0,0,0,0,3,3,0,0
CARRIER_C,2026-08-10 02:00,UIWANG,40FT,0,0,0,0,3,3,0,0
CARRIER_C,2026-08-10 03:00,UIWANG,40FT,0,0,0,0,3,3,0,0
CARRIER_C,2026-08-10 04:00,UIWANG,40FT,0,0,0,0,3,3,0,0
CARRIER_C,2026-08-10 05:00,UIWANG,40FT,0,0,0,0,3,3,0,0
CARRIER_C,2026-08-10 06:00,UIWANG,40FT,0,0,0,0,3,3,0,0
CARRIER_C,2026-08-10 07:00,UIWANG,40FT,0,0,0,0,3,3,0,0
CARRIER_C,2026-08-10 08:00,UIWANG,40FT,0,0,0,0,3,3,0,0
CARRIER_C,2026-08-10 09:00,UIWANG,40FT,0,1,0,0,4,4,0,0
CARRIER_C,2026-08-10 10:00,UIWANG,40FT,1,0,0,0,3,3,0,0
CARRIER_C,2026-08-10 11:00,UIWANG,40FT,0,0,0,0,3,3,0,0
CARRIER_C,2026-08-10 12:00,UIWANG,40FT,0,0,0,0,3,3,0,0
CARRIER_C,2026-08-10 13:00,UIWANG,40FT,0,0,0,0,3,3,0,0
CARRIER_C,2026-08-10 14:00,UIWANG,40FT,0,0,0,0,3,3,0,0
CARRIER_C,2026-08-10 15:00,UIWANG,40FT,0,0,0,0,3,3,0,0
CARRIER_C,2026-08-10 16:00,UIWANG,40FT,1,0,0,0,2,2,0,0
CARRIER_C,2026-08-10 17:00,UIWANG,40FT,0,0,0,0,2,2,0,0
CARRIER_C,2026-08-10 18:00,UIWANG,40FT,0,0,0,0,2,2,0,0
CARRIER_C,2026-08-10 19:00,UIWANG,40FT,0,0,0,0,2,2,0,0
CARRIER_C,2026-08-10 20:00,UIWANG,40FT,0,0,0,0,2,2,0,0
CARRIER_C,2026-08-10 21:00,UIWANG,40FT,0,0,0,0,2,2,0,0
CARRIER_C,2026-08-10 22:00,UIWANG,40FT,0,0,0,0,2,2,0,0
CARRIER_C,2026-08-10 23:00,UIWANG,40FT,0,0,0,0,2,2,0,0
CARRIER_C,2026-08-11 00:00,UIWANG,40FT,0,0,0,0,2,2,0,0
CARRIER_C,2026-08-11 01:00,UIWANG,40FT,0,0,0,0,2,2,0,0
CARRIER_C,2026-08-11 02:00,UIWANG,40FT,0,0,0,0,2,2,0,0
CARRIER_C,2026-08-11 03:00,UIWANG,40FT,0,0,0,0,2,2,0,0
CARRIER_C,2026-08-11 04:00,UIWANG,40FT,0,0,0,0,2,2,0,0
CARRIER_C,2026-08-11 05:00,UIWANG,40FT,0,0,0,0,2,2,0,0
CARRIER_C,2026-08-11 06:00,UIWANG,40FT,0,0,0,0,2,2,0,0
CARRIER_C,2026-08-11 07:00,UIWANG,40FT,0,0,0,0,2,2,0,0
CARRIER_C,2026-08-11 08:00,UIWANG,40FT,0,0,0,0,2,2,0,0
CARRIER_C,2026-08-11 09:00,UIWANG,40FT,0,0,0,0,2,2,0,0
CARRIER_C,2026-08-11 10:00,UIWANG,40FT,0,0,0,0,2,2,0,0
CARRIER_C,2026-08-11 11:00,UIWANG,40FT,0,0,0,0,2,2,0,0
CARRIER_C,2026-08-11 12:00,UIWANG,40FT,0,1,0,0,3,3,0,0
CARRIER_C,2026-08-11 13:00,UIWANG,40FT,0,0,0,0,3,3,0,0
CARRIER_C,2026-08-11 14:00,UIWANG,40FT,0,0,0,0,3,3,0,0
CARRIER_C,2026-08-11 15:00,UIWANG,40FT,0,0,0,0,3,3,0,0
CARRIER_C,2026-08-11 16:00,UIWANG,40FT,0,0,0,0,3,3,0,0
CARRIER_C,2026-08-11 17:00,UIWANG,40FT,0,1,0,0,4,4,0,0
CARRIER_C,2026-08-11 18:00,UIWANG,40FT,1,0,0,0,3,3,0,0
CARRIER_C,2026-08-11 19:00,UIWANG,40FT,0,0,0,0,3,3,0,0
CARRIER_C,2026-08-11 20:00,UIWANG,40FT,0,0,0,0,3,3,0,0
CARRIER_C,2026-08-11 21:00,UIWANG,40FT,0,0,0,0,3,3,0,0
CARRIER_C,2026-08-11 22:00,UIWANG,40FT,0,0,0,0,3,3,0,0
CARRIER_C,2026-08-11 23:00,UIWANG,40FT,0,0,0,0,3,3,0,0
CARRIER_C,2026-08-12 00:00,UIWANG,40FT,0,0,0,0,3,3,0,0
CARRIER_C,2026-08-12 01:00,UIWANG,40FT,0,0,0,0,3,3,0,0
CARRIER_C,2026-08-12 02:00,UIWANG,40FT,0,0,0,0,3,3,0,0
CARRIER_C,2026-08-12 03:00,UIWANG,40FT,0,0,0,0,3,3,0,0
CARRIER_C,2026-08-12 04:00,UIWANG,40FT,0,0,0,0,3,3,0,0
CARRIER_C,2026-08-12 05:00,UIWANG,40FT,0,0,0,0,3,3,0,0
CARRIER_C,2026-08-12 06:00,UIWANG,40FT,0,0,0,0,3,3,0,0
CARRIER_C,2026-08-12 07:00,UIWANG,40FT,0,0,0,0,3,3,0,0
CARRIER_C,2026-08-12 08:00,UIWANG,40FT,0,0,0,0,3,3,0,0
CARRIER_C,2026-08-12 09:00,UIWANG,40FT,0,0,0,0,3,3,0,0
CARRIER_C,2026-08-12 10:00,UIWANG,40FT,0,0,0,0,3,3,0,0
CARRIER_C,2026-08-12 11:00,UIWANG,40FT,0,0,0,0,3,3,0,0
CARRIER_C,2026-08-12 12:00,UIWANG,40FT,0,0,0,0,3,3,0,0
CARRIER_C,2026-08-12 13:00,UIWANG,40FT,0,0,0,0,3,3,0,0
CARRIER_C,2026-08-12 14:00,UIWANG,40FT,0,0,0,0,3,3,0,0
CARRIER_C,2026-08-12 15:00,UIWANG,40FT,0,1,0,0,4,4,0,0
CARRIER_C,2026-08-12 16:00,UIWANG,40FT,1,0,0,0,3,3,0,0
CARRIER_C,2026-08-12 17:00,UIWANG,40FT,0,0,0,0,3,3,0,0
CARRIER_C,2026-08-12 18:00,UIWANG,40FT,0,0,0,0,3,3,0,0
CARRIER_C,2026-08-12 19:00,UIWANG,40FT,0,1,0,0,4,4,0,0
CARRIER_C,2026-08-12 20:00,UIWANG,40FT,0,0,0,0,4,4,0,0
CARRIER_C,2026-08-12 21:00,UIWANG,40FT,0,0,0,0,4,4,0,0
CARRIER_C,2026-08-12 22:00,UIWANG,40FT,0,0,0,0,4,4,0,0
CARRIER_C,2026-08-12 23:00,UIWANG,40FT,0,0,0,0,4,4,0,0
CARRIER_C,2026-08-13 00:00,UIWANG,40FT,0,0,0,0,4,4,0,0
CARRIER_C,2026-08-13 01:00,UIWANG,40FT,0,0,0,0,4,4,0,0
CARRIER_C,2026-08-13 02:00,UIWANG,40FT,0,0,0,0,4,4,0,0
CARRIER_C,2026-08-13 03:00,UIWANG,40FT,0,0,0,0,4,4,0,0
CARRIER_C,2026-08-13 04:00,UIWANG,40FT,0,0,0,0,4,4,0,0
CARRIER_C,2026-08-13 05:00,UIWANG,40FT,0,0,0,0,4,4,0,0
CARRIER_C,2026-08-13 06:00,UIWANG,40FT,0,0,0,0,4,4,0,0
CARRIER_C,2026-08-13 07:00,UIWANG,40FT,0,0,0,0,4,4,0,0
CARRIER_C,2026-08-13 08:00,UIWANG,40FT,0,0,0,0,4,4,0,0
CARRIER_C,2026-08-13 09:00,UIWANG,40FT,0,0,0,0,4,4,0,0
CARRIER_C,2026-08-13 10:00,UIWANG,40FT,0,0,0,0,4,4,0,0
CARRIER_C,2026-08-13 11:00,UIWANG,40FT,0,0,0,0,4,4,0,0
CARRIER_C,2026-08-13 12:00,UIWANG,40FT,0,0,0,0,4,4,0,0
CARRIER_C,2026-08-13 13:00,UIWANG,40FT,0,0,0,0,4,4,0,0
CARRIER_C,2026-08-13 14:00,UIWANG,40FT,0,0,0,0,4,4,0,0
CARRIER_C,2026-08-13 15:00,UIWANG,40FT,0,0,0,0,4,4,0,0
CARRIER_C,2026-08-13 16:00,UIWANG,40FT,0,0,0,0,4,4,0,0
CARRIER_C,2026-08-13 17:00,UIWANG,40FT,0,0,0,0,4,4,0,0
CARRIER_C,2026-08-13 18:00,UIWANG,40FT,1,0,0,0,3,3,0,0
CARRIER_C,2026-08-13 19:00,UIWANG,40FT,0,0,0,0,3,3,0,0
CARRIER_C,2026-08-13 20:00,UIWANG,40FT,0,0,0,0,3,3,0,0
CARRIER_C,2026-08-13 21:00,UIWANG,40FT,0,0,0,0,3,3,0,0
CARRIER_C,2026-08-13 22:00,UIWANG,40FT,0,0,0,0,3,3,0,0
CARRIER_C,2026-08-13 23:00,UIWANG,40FT,0,0,0,0,3,3,0,0
CARRIER_C,2026-08-14 00:00,UIWANG,40FT,0,0,0,0,3,3,0,0
CARRIER_C,2026-08-14 01:00,UIWANG,40FT,0,0,0,0,3,3,0,0
CARRIER_C,2026-08-14 02:00,UIWANG,40FT,0,0,0,0,3,3,0,0
CARRIER_C,2026-08-14 03:00,UIWANG,40FT,0,0,0,0,3,3,0,0
CARRIER_C,2026-08-14 04:00,UIWANG,40FT,0,0,0,0,3,3,0,0
CARRIER_C,2026-08-14 05:00,UIWANG,40FT,0,0,0,0,3,3,0,0
CARRIER_C,2026-08-14 06:00,UIWANG,40FT,0,0,0,0,3,3,0,0
CARRIER_C,2026-08-14 07:00,UIWANG,40FT,0,0,0,0,3,3,0,0
CARRIER_C,2026-08-14 08:00,UIWANG,40FT,0,0,0,0,3,3,0,0
CARRIER_C,2026-08-14 09:00,UIWANG,40FT,0,1,0,0,4,4,0,0
CARRIER_C,2026-08-14 10:00,UIWANG,40FT,0,0,0,0,4,4,0,0
CARRIER_C,2026-08-14 11:00,UIWANG,40FT,0,0,0,0,4,4,0,0
CARRIER_C,2026-08-14 12:00,UIWANG,40FT,0,0,0,0,4,4,0,0
CARRIER_C,2026-08-14 13:00,UIWANG,40FT,0,0,0,0,4,4,0,0
CARRIER_C,2026-08-14 14:00,UIWANG,40FT,0,0,0,0,4,4,0,0
CARRIER_C,2026-08-14 15:00,UIWANG,40FT,0,0,0,0,4,4,0,0
CARRIER_C,2026-08-14 16:00,UIWANG,40FT,0,0,0,0,4,4,0,0
CARRIER_C,2026-08-14 17:00,UIWANG,40FT,0,0,0,0,4,4,0,0
CARRIER_C,2026-08-14 18:00,UIWANG,40FT,0,0,0,0,4,4,0,0
CARRIER_C,2026-08-14 19:00,UIWANG,40FT,0,1,0,0,5,5,0,0
CARRIER_C,2026-08-14 20:00,UIWANG,40FT,0,0,0,0,5,5,0,0
CARRIER_C,2026-08-14 21:00,UIWANG,40FT,0,0,0,0,5,5,0,0
CARRIER_C,2026-08-14 22:00,UIWANG,40FT,0,0,0,0,5,5,0,0
CARRIER_C,2026-08-14 23:00,UIWANG,40FT,0,0,0,0,5,5,0,0
CARRIER_C,2026-08-15 00:00,UIWANG,40FT,0,0,0,0,5,5,0,0
CARRIER_C,2026-08-15 01:00,UIWANG,40FT,0,0,0,0,5,5,0,0
CARRIER_C,2026-08-15 02:00,UIWANG,40FT,0,0,0,0,5,5,0,0
CARRIER_C,2026-08-15 03:00,UIWANG,40FT,0,0,0,0,5,5,0,0
CARRIER_C,2026-08-15 04:00,UIWANG,40FT,0,0,0,0,5,5,0,0
CARRIER_C,2026-08-15 05:00,UIWANG,40FT,0,0,0,0,5,5,0,0
CARRIER_C,2026-08-15 06:00,UIWANG,40FT,0,0,0,0,5,5,0,0
CARRIER_C,2026-08-15 07:00,UIWANG,40FT,0,0,0,0,5,5,0,0
CARRIER_C,2026-08-15 08:00,UIWANG,40FT,0,0,0,0,5,5,0,0
CARRIER_C,2026-08-15 09:00,UIWANG,40FT,0,0,0,0,5,5,0,0
CARRIER_C,2026-08-15 10:00,UIWANG,40FT,0,0,0,0,5,5,0,0
CARRIER_C,2026-08-15 11:00,UIWANG,40FT,1,0,0,0,4,4,0,0
CARRIER_C,2026-08-15 12:00,UIWANG,40FT,0,0,0,0,4,4,0,0
CARRIER_C,2026-08-15 13:00,UIWANG,40FT,0,0,0,0,4,4,0,0
CARRIER_C,2026-08-15 14:00,UIWANG,40FT,0,0,0,0,4,4,0,0
CARRIER_C,2026-08-15 15:00,UIWANG,40FT,0,0,0,0,4,4,0,0
CARRIER_C,2026-08-15 16:00,UIWANG,40FT,0,0,0,0,4,4,0,0
CARRIER_C,2026-08-15 17:00,UIWANG,40FT,0,0,0,0,4,4,0,0
CARRIER_C,2026-08-15 18:00,UIWANG,40FT,0,0,0,0,4,4,0,0
CARRIER_C,2026-08-15 19:00,UIWANG,40FT,0,0,0,0,4,4,0,0
CARRIER_C,2026-08-15 20:00,UIWANG,40FT,0,0,0,0,4,4,0,0
CARRIER_C,2026-08-15 21:00,UIWANG,40FT,0,0,0,0,4,4,0,0
CARRIER_C,2026-08-15 22:00,UIWANG,40FT,0,0,0,0,4,4,0,0
CARRIER_C,2026-08-15 23:00,UIWANG,40FT,0,0,0,0,4,4,0,0
CARRIER_C,2026-08-16 00:00,UIWANG,40FT,0,0,0,0,4,4,0,0
CARRIER_C,2026-08-16 01:00,UIWANG,40FT,0,0,0,0,4,4,0,0
CARRIER_C,2026-08-16 02:00,UIWANG,40FT,0,0,0,0,4,4,0,0
CARRIER_C,2026-08-16 03:00,UIWANG,40FT,0,0,0,0,4,4,0,0
CARRIER_C,2026-08-16 04:00,UIWANG,40FT,0,0,0,0,4,4,0,0
CARRIER_C,2026-08-16 05:00,UIWANG,40FT,0,0,0,0,4,4,0,0
CARRIER_C,2026-08-16 06:00,UIWANG,40FT,0,0,0,0,4,4,0,0
CARRIER_C,2026-08-16 07:00,UIWANG,40FT,0,0,0,0,4,4,0,0
CARRIER_C,2026-08-16 08:00,UIWANG,40FT,0,0,0,0,4,4,0,0
CARRIER_C,2026-08-16 09:00,UIWANG,40FT,0,0,0,0,4,4,0,0
CARRIER_C,2026-08-16 10:00,UIWANG,40FT,0,0,0,0,4,4,0,0
CARRIER_C,2026-08-16 11:00,UIWANG,40FT,0,0,0,0,4,4,0,0
CARRIER_C,2026-08-16 12:00,UIWANG,40FT,0,0,0,0,4,4,0,0
CARRIER_C,2026-08-16 13:00,UIWANG,40FT,1,0,0,0,3,3,0,0
CARRIER_C,2026-08-16 14:00,UIWANG,40FT,0,0,0,0,3,3,0,0
CARRIER_C,2026-08-16 15:00,UIWANG,40FT,0,1,0,0,4,4,0,0
CARRIER_C,2026-08-16 16:00,UIWANG,40FT,0,0,0,0,4,4,0,0
CARRIER_C,2026-08-16 17:00,UIWANG,40FT,0,0,0,0,4,4,0,0
CARRIER_C,2026-08-16 18:00,UIWANG,40FT,0,0,0,0,4,4,0,0
CARRIER_C,2026-08-16 19:00,UIWANG,40FT,0,0,0,0,4,4,0,0
CARRIER_C,2026-08-16 20:00,UIWANG,40FT,0,0,0,0,4,4,0,0
CARRIER_C,2026-08-16 21:00,UIWANG,40FT,0,0,0,0,4,4,0,0
CARRIER_C,2026-08-16 22:00,UIWANG,40FT,0,0,0,0,4,4,0,0
CARRIER_C,2026-08-16 23:00,UIWANG,40FT,0,0,0,0,4,4,0,0
CARRIER_C,2026-08-10 00:00,YAKMOK,20FT,0,0,0,0,3,3,0,0
CARRIER_C,2026-08-10 01:00,YAKMOK,20FT,0,0,0,0,3,3,0,0
CARRIER_C,2026-08-10 02:00,YAKMOK,20FT,0,0,0,0,3,3,0,0
CARRIER_C,2026-08-10 03:00,YAKMOK,20FT,0,0,0,0,3,3,0,0
CARRIER_C,2026-08-10 04:00,YAKMOK,20FT,0,0,0,0,3,3,0,0
CARRIER_C,2026-08-10 05:00,YAKMOK,20FT,0,0,0,0,3,3,0,0
CARRIER_C,2026-08-10 06:00,YAKMOK,20FT,0,0,0,0,3,3,0,0
CARRIER_C,2026-08-10 07:00,YAKMOK,20FT,0,0,0,0,3,3,0,0
CARRIER_C,2026-08-10 08:00,YAKMOK,20FT,0,0,0,0,3,3,0,0
CARRIER_C,2026-08-10 09:00,YAKMOK,20FT,1,0,0,0,2,2,0,0
CARRIER_C,2026-08-10 10:00,YAKMOK,20FT,0,0,0,0,2,2,0,0
CARRIER_C,2026-08-10 11:00,YAKMOK,20FT,0,0,0,0,2,2,0,0
CARRIER_C,2026-08-10 12:00,YAKMOK,20FT,0,0,0,0,2,2,0,0
CARRIER_C,2026-08-10 13:00,YAKMOK,20FT,0,0,0,2,2,0,0,0
CARRIER_C,2026-08-10 14:00,YAKMOK,20FT,0,0,0,0,2,0,0,0
CARRIER_C,2026-08-10 15:00,YAKMOK,20FT,0,0,0,0,2,0,0,0
CARRIER_C,2026-08-10 16:00,YAKMOK,20FT,0,1,0,0,3,1,0,0
CARRIER_C,2026-08-10 17:00,YAKMOK,20FT,0,0,0,0,3,1,0,0
CARRIER_C,2026-08-10 18:00,YAKMOK,20FT,0,0,0,0,3,1,0,0
CARRIER_C,2026-08-10 19:00,YAKMOK,20FT,0,0,0,0,3,1,0,0
CARRIER_C,2026-08-10 20:00,YAKMOK,20FT,0,0,0,0,3,1,0,0
CARRIER_C,2026-08-10 21:00,YAKMOK,20FT,0,0,0,0,3,1,0,0
CARRIER_C,2026-08-10 22:00,YAKMOK,20FT,0,0,0,0,3,1,0,0
CARRIER_C,2026-08-10 23:00,YAKMOK,20FT,0,0,0,0,3,1,0,0
CARRIER_C,2026-08-11 00:00,YAKMOK,20FT,0,0,0,0,3,1,0,0
CARRIER_C,2026-08-11 01:00,YAKMOK,20FT,0,0,0,0,3,1,0,0
CARRIER_C,2026-08-11 02:00,YAKMOK,20FT,0,0,0,0,3,1,0,0
CARRIER_C,2026-08-11 03:00,YAKMOK,20FT,0,0,0,0,3,1,0,0
CARRIER_C,2026-08-11 04:00,YAKMOK,20FT,0,0,0,0,3,1,0,0
CARRIER_C,2026-08-11 05:00,YAKMOK,20FT,0,0,0,0,3,1,0,0
CARRIER_C,2026-08-11 06:00,YAKMOK,20FT,0,0,0,0,3,1,0,0
CARRIER_C,2026-08-11 07:00,YAKMOK,20FT,0,0,0,0,3,1,0,0
CARRIER_C,2026-08-11 08:00,YAKMOK,20FT,0,0,0,0,3,1,0,0
CARRIER_C,2026-08-11 09:00,YAKMOK,20FT,0,0,0,0,3,1,0,0
CARRIER_C,2026-08-11 10:00,YAKMOK,20FT,0,0,0,0,3,1,0,0
CARRIER_C,2026-08-11 11:00,YAKMOK,20FT,1,0,0,0,2,0,0,0
CARRIER_C,2026-08-11 12:00,YAKMOK,20FT,0,0,0,0,2,0,0,0
CARRIER_C,2026-08-11 13:00,YAKMOK,20FT,0,0,0,0,2,0,0,0
CARRIER_C,2026-08-11 14:00,YAKMOK,20FT,0,0,0,0,2,0,0,0
CARRIER_C,2026-08-11 15:00,YAKMOK,20FT,0,0,0,0,2,0,0,0
CARRIER_C,2026-08-11 16:00,YAKMOK,20FT,0,0,0,0,2,0,0,0
CARRIER_C,2026-08-11 17:00,YAKMOK,20FT,0,0,0,0,2,0,0,0
CARRIER_C,2026-08-11 18:00,YAKMOK,20FT,0,0,0,0,2,0,0,0
CARRIER_C,2026-08-11 19:00,YAKMOK,20FT,0,1,0,0,3,1,0,0
CARRIER_C,2026-08-11 20:00,YAKMOK,20FT,0,0,0,0,3,1,0,0
CARRIER_C,2026-08-11 21:00,YAKMOK,20FT,0,0,0,0,3,1,0,0
CARRIER_C,2026-08-11 22:00,YAKMOK,20FT,0,0,0,0,3,1,0,0
CARRIER_C,2026-08-11 23:00,YAKMOK,20FT,0,0,0,0,3,1,0,0
CARRIER_C,2026-08-12 00:00,YAKMOK,20FT,0,0,0,0,3,1,0,0
CARRIER_C,2026-08-12 01:00,YAKMOK,20FT,0,0,0,0,3,1,0,0
CARRIER_C,2026-08-12 02:00,YAKMOK,20FT,0,0,0,0,3,1,0,0
CARRIER_C,2026-08-12 03:00,YAKMOK,20FT,0,0,0,0,3,1,0,0
CARRIER_C,2026-08-12 04:00,YAKMOK,20FT,0,0,0,0,3,1,0,0
CARRIER_C,2026-08-12 05:00,YAKMOK,20FT,0,0,0,0,3,1,0,0
CARRIER_C,2026-08-12 06:00,YAKMOK,20FT,0,0,0,0,3,1,0,0
CARRIER_C,2026-08-12 07:00,YAKMOK,20FT,0,0,0,0,3,1,0,0
CARRIER_C,2026-08-12 08:00,YAKMOK,20FT,0,0,0,0,3,1,0,0
CARRIER_C,2026-08-12 09:00,YAKMOK,20FT,0,0,0,0,3,1,0,0
CARRIER_C,2026-08-12 10:00,YAKMOK,20FT,0,0,0,0,3,1,0,0
CARRIER_C,2026-08-12 11:00,YAKMOK,20FT,0,0,0,0,3,1,0,0
CARRIER_C,2026-08-12 12:00,YAKMOK,20FT,0,0,0,0,3,1,0,0
CARRIER_C,2026-08-12 13:00,YAKMOK,20FT,0,0,0,0,3,1,0,0
CARRIER_C,2026-08-12 14:00,YAKMOK,20FT,0,0,0,0,3,1,0,0
CARRIER_C,2026-08-12 15:00,YAKMOK,20FT,0,0,0,0,3,1,0,0
CARRIER_C,2026-08-12 16:00,YAKMOK,20FT,0,0,0,0,3,1,0,0
CARRIER_C,2026-08-12 17:00,YAKMOK,20FT,0,0,0,0,3,1,0,0
CARRIER_C,2026-08-12 18:00,YAKMOK,20FT,1,0,0,0,2,0,0,0
CARRIER_C,2026-08-12 19:00,YAKMOK,20FT,0,1,0,0,3,1,0,0
CARRIER_C,2026-08-12 20:00,YAKMOK,20FT,0,0,0,0,3,1,0,0
CARRIER_C,2026-08-12 21:00,YAKMOK,20FT,0,0,0,0,3,1,0,0
CARRIER_C,2026-08-12 22:00,YAKMOK,20FT,0,0,0,0,3,1,0,0
CARRIER_C,2026-08-12 23:00,YAKMOK,20FT,0,0,0,0,3,1,0,0
CARRIER_C,2026-08-13 00:00,YAKMOK,20FT,0,0,0,0,3,1,0,0
CARRIER_C,2026-08-13 01:00,YAKMOK,20FT,0,0,0,0,3,1,0,0
CARRIER_C,2026-08-13 02:00,YAKMOK,20FT,0,0,0,0,3,1,0,0
CARRIER_C,2026-08-13 03:00,YAKMOK,20FT,0,0,0,0,3,1,0,0
CARRIER_C,2026-08-13 04:00,YAKMOK,20FT,0,0,0,0,3,1,0,0
CARRIER_C,2026-08-13 05:00,YAKMOK,20FT,0,0,0,0,3,1,0,0
CARRIER_C,2026-08-13 06:00,YAKMOK,20FT,0,0,0,0,3,1,0,0
CARRIER_C,2026-08-13 07:00,YAKMOK,20FT,0,0,0,0,3,1,0,0
CARRIER_C,2026-08-13 08:00,YAKMOK,20FT,0,0,0,0,3,1,0,0
CARRIER_C,2026-08-13 09:00,YAKMOK,20FT,0,0,0,0,3,1,0,0
CARRIER_C,2026-08-13 10:00,YAKMOK,20FT,0,0,0,0,3,1,0,0
CARRIER_C,2026-08-13 11:00,YAKMOK,20FT,0,0,0,0,3,1,0,0
CARRIER_C,2026-08-13 12:00,YAKMOK,20FT,0,0,0,0,3,1,0,0
CARRIER_C,2026-08-13 13:00,YAKMOK,20FT,0,0,0,0,3,1,0,0
CARRIER_C,2026-08-13 14:00,YAKMOK,20FT,0,0,0,0,3,1,0,0
CARRIER_C,2026-08-13 15:00,YAKMOK,20FT,0,0,0,0,3,1,0,0
CARRIER_C,2026-08-13 16:00,YAKMOK,20FT,0,0,0,0,3,1,0,0
CARRIER_C,2026-08-13 17:00,YAKMOK,20FT,0,0,0,0,3,1,0,0
CARRIER_C,2026-08-13 18:00,YAKMOK,20FT,0,1,0,0,4,2,0,0
CARRIER_C,2026-08-13 19:00,YAKMOK,20FT,0,0,0,0,4,2,0,0
CARRIER_C,2026-08-13 20:00,YAKMOK,20FT,0,0,0,0,4,2,0,0
CARRIER_C,2026-08-13 21:00,YAKMOK,20FT,0,0,0,0,4,2,0,0
CARRIER_C,2026-08-13 22:00,YAKMOK,20FT,0,0,0,0,4,2,0,0
CARRIER_C,2026-08-13 23:00,YAKMOK,20FT,0,0,0,0,4,2,0,0
CARRIER_C,2026-08-14 00:00,YAKMOK,20FT,0,0,0,0,4,2,0,0
CARRIER_C,2026-08-14 01:00,YAKMOK,20FT,0,0,0,0,4,2,0,0
CARRIER_C,2026-08-14 02:00,YAKMOK,20FT,0,0,0,0,4,2,0,0
CARRIER_C,2026-08-14 03:00,YAKMOK,20FT,0,0,0,0,4,2,0,0
CARRIER_C,2026-08-14 04:00,YAKMOK,20FT,0,0,0,0,4,2,0,0
CARRIER_C,2026-08-14 05:00,YAKMOK,20FT,0,0,0,0,4,2,0,0
CARRIER_C,2026-08-14 06:00,YAKMOK,20FT,0,0,0,0,4,2,0,0
CARRIER_C,2026-08-14 07:00,YAKMOK,20FT,0,0,0,0,4,2,0,0
CARRIER_C,2026-08-14 08:00,YAKMOK,20FT,0,0,0,0,4,2,0,0
CARRIER_C,2026-08-14 09:00,YAKMOK,20FT,0,0,0,0,4,2,0,0
CARRIER_C,2026-08-14 10:00,YAKMOK,20FT,0,0,0,0,4,2,0,0
CARRIER_C,2026-08-14 11:00,YAKMOK,20FT,1,0,0,0,3,1,0,0
CARRIER_C,2026-08-14 12:00,YAKMOK,20FT,0,0,0,0,3,1,0,0
CARRIER_C,2026-08-14 13:00,YAKMOK,20FT,0,0,0,0,3,1,0,0
CARRIER_C,2026-08-14 14:00,YAKMOK,20FT,0,0,0,0,3,1,0,0
CARRIER_C,2026-08-14 15:00,YAKMOK,20FT,0,0,0,0,3,1,0,0
CARRIER_C,2026-08-14 16:00,YAKMOK,20FT,0,0,0,0,3,1,0,0
CARRIER_C,2026-08-14 17:00,YAKMOK,20FT,0,0,0,0,3,1,0,0
CARRIER_C,2026-08-14 18:00,YAKMOK,20FT,0,0,0,0,3,1,0,0
CARRIER_C,2026-08-14 19:00,YAKMOK,20FT,0,0,0,0,3,1,0,0
CARRIER_C,2026-08-14 20:00,YAKMOK,20FT,0,0,0,0,3,1,0,0
CARRIER_C,2026-08-14 21:00,YAKMOK,20FT,0,0,0,0,3,1,0,0
CARRIER_C,2026-08-14 22:00,YAKMOK,20FT,0,0,0,0,3,1,0,0
CARRIER_C,2026-08-14 23:00,YAKMOK,20FT,0,0,0,0,3,1,0,0
CARRIER_C,2026-08-15 00:00,YAKMOK,20FT,0,0,0,0,3,1,0,0
CARRIER_C,2026-08-15 01:00,YAKMOK,20FT,0,0,0,0,3,1,0,0
CARRIER_C,2026-08-15 02:00,YAKMOK,20FT,0,0,0,0,3,1,0,0
CARRIER_C,2026-08-15 03:00,YAKMOK,20FT,0,0,0,0,3,1,0,0
CARRIER_C,2026-08-15 04:00,YAKMOK,20FT,0,0,0,0,3,1,0,0
CARRIER_C,2026-08-15 05:00,YAKMOK,20FT,0,0,0,0,3,1,0,0
CARRIER_C,2026-08-15 06:00,YAKMOK,20FT,0,0,0,0,3,1,0,0
CARRIER_C,2026-08-15 07:00,YAKMOK,20FT,0,0,0,0,3,1,0,0
CARRIER_C,2026-08-15 08:00,YAKMOK,20FT,0,0,0,0,3,1,0,0
CARRIER_C,2026-08-15 09:00,YAKMOK,20FT,0,0,0,0,3,1,0,0
CARRIER_C,2026-08-15 10:00,YAKMOK,20FT,0,0,0,0,3,1,0,0
CARRIER_C,2026-08-15 11:00,YAKMOK,20FT,0,0,0,0,3,1,0,0
CARRIER_C,2026-08-15 12:00,YAKMOK,20FT,0,0,0,0,3,1,0,0
CARRIER_C,2026-08-15 13:00,YAKMOK,20FT,0,0,0,0,3,1,0,0
CARRIER_C,2026-08-15 14:00,YAKMOK,20FT,0,0,0,0,3,1,0,0
CARRIER_C,2026-08-15 15:00,YAKMOK,20FT,0,1,0,0,4,2,0,0
CARRIER_C,2026-08-15 16:00,YAKMOK,20FT,0,0,0,0,4,2,0,0
CARRIER_C,2026-08-15 17:00,YAKMOK,20FT,0,0,0,0,4,2,0,0
CARRIER_C,2026-08-15 18:00,YAKMOK,20FT,0,0,0,0,4,2,0,0
CARRIER_C,2026-08-15 19:00,YAKMOK,20FT,0,0,0,0,4,2,0,0
CARRIER_C,2026-08-15 20:00,YAKMOK,20FT,0,0,0,0,4,2,0,0
CARRIER_C,2026-08-15 21:00,YAKMOK,20FT,0,0,0,0,4,2,0,0
CARRIER_C,2026-08-15 22:00,YAKMOK,20FT,0,0,0,0,4,2,0,0
CARRIER_C,2026-08-15 23:00,YAKMOK,20FT,0,0,0,0,4,2,0,0
CARRIER_C,2026-08-16 00:00,YAKMOK,20FT,0,0,0,0,4,2,0,0
CARRIER_C,2026-08-16 01:00,YAKMOK,20FT,0,0,0,0,4,2,0,0
CARRIER_C,2026-08-16 02:00,YAKMOK,20FT,0,0,0,0,4,2,0,0
CARRIER_C,2026-08-16 03:00,YAKMOK,20FT,0,0,0,0,4,2,0,0
CARRIER_C,2026-08-16 04:00,YAKMOK,20FT,0,0,0,0,4,2,0,0
CARRIER_C,2026-08-16 05:00,YAKMOK,20FT,0,0,0,0,4,2,0,0
CARRIER_C,2026-08-16 06:00,YAKMOK,20FT,0,0,0,0,4,2,0,0
CARRIER_C,2026-08-16 07:00,YAKMOK,20FT,0,0,0,0,4,2,0,0
CARRIER_C,2026-08-16 08:00,YAKMOK,20FT,0,0,0,0,4,2,0,0
CARRIER_C,2026-08-16 09:00,YAKMOK,20FT,0,0,0,0,4,2,0,0
CARRIER_C,2026-08-16 10:00,YAKMOK,20FT,0,0,0,0,4,2,0,0
CARRIER_C,2026-08-16 11:00,YAKMOK,20FT,0,0,0,0,4,2,0,0
CARRIER_C,2026-08-16 12:00,YAKMOK,20FT,0,0,0,0,4,2,0,0
CARRIER_C,2026-08-16 13:00,YAKMOK,20FT,0,0,0,0,4,2,0,0
CARRIER_C,2026-08-16 14:00,YAKMOK,20FT,1,1,0,0,4,2,0,0
CARRIER_C,2026-08-16 15:00,YAKMOK,20FT,0,0,0,0,4,2,0,0
CARRIER_C,2026-08-16 16:00,YAKMOK,20FT,0,0,0,0,4,2,0,0
CARRIER_C,2026-08-16 17:00,YAKMOK,20FT,0,0,0,0,4,2,0,0
CARRIER_C,2026-08-16 18:00,YAKMOK,20FT,0,0,0,0,4,2,0,0
CARRIER_C,2026-08-16 19:00,YAKMOK,20FT,0,0,0,0,4,2,0,0
CARRIER_C,2026-08-16 20:00,YAKMOK,20FT,0,0,0,0,4,2,0,0
CARRIER_C,2026-08-16 21:00,YAKMOK,20FT,0,0,0,0,4,2,0,0
CARRIER_C,2026-08-16 22:00,YAKMOK,20FT,0,0,0,0,4,2,0,0
CARRIER_C,2026-08-16 23:00,YAKMOK,20FT,0,0,0,0,4,2,0,0
CARRIER_C,2026-08-10 00:00,YAKMOK,40FT,0,0,0,0,4,4,0,0
CARRIER_C,2026-08-10 01:00,YAKMOK,40FT,0,0,0,0,4,4,0,0
CARRIER_C,2026-08-10 02:00,YAKMOK,40FT,0,0,0,0,4,4,0,0
CARRIER_C,2026-08-10 03:00,YAKMOK,40FT,0,0,0,0,4,4,0,0
CARRIER_C,2026-08-10 04:00,YAKMOK,40FT,0,0,0,0,4,4,0,0
CARRIER_C,2026-08-10 05:00,YAKMOK,40FT,0,0,0,0,4,4,0,0
CARRIER_C,2026-08-10 06:00,YAKMOK,40FT,0,0,0,0,4,4,0,0
CARRIER_C,2026-08-10 07:00,YAKMOK,40FT,0,0,0,0,4,4,0,0
CARRIER_C,2026-08-10 08:00,YAKMOK,40FT,0,0,0,0,4,4,0,0
CARRIER_C,2026-08-10 09:00,YAKMOK,40FT,0,0,0,0,4,4,0,0
CARRIER_C,2026-08-10 10:00,YAKMOK,40FT,0,0,0,0,4,4,0,0
CARRIER_C,2026-08-10 11:00,YAKMOK,40FT,0,0,0,0,4,4,0,0
CARRIER_C,2026-08-10 12:00,YAKMOK,40FT,0,0,0,0,4,4,0,0
CARRIER_C,2026-08-10 13:00,YAKMOK,40FT,1,0,0,0,3,3,0,0
CARRIER_C,2026-08-10 14:00,YAKMOK,40FT,0,0,0,0,3,3,0,0
CARRIER_C,2026-08-10 15:00,YAKMOK,40FT,0,0,0,0,3,3,0,0
CARRIER_C,2026-08-10 16:00,YAKMOK,40FT,0,0,0,0,3,3,0,0
CARRIER_C,2026-08-10 17:00,YAKMOK,40FT,0,0,0,0,3,3,0,0
CARRIER_C,2026-08-10 18:00,YAKMOK,40FT,0,0,0,0,3,3,0,0
CARRIER_C,2026-08-10 19:00,YAKMOK,40FT,0,0,0,0,3,3,0,0
CARRIER_C,2026-08-10 20:00,YAKMOK,40FT,0,0,0,0,3,3,0,0
CARRIER_C,2026-08-10 21:00,YAKMOK,40FT,0,0,0,0,3,3,0,0
CARRIER_C,2026-08-10 22:00,YAKMOK,40FT,0,0,0,0,3,3,0,0
CARRIER_C,2026-08-10 23:00,YAKMOK,40FT,0,0,0,0,3,3,0,0
CARRIER_C,2026-08-11 00:00,YAKMOK,40FT,0,0,0,0,3,3,0,0
CARRIER_C,2026-08-11 01:00,YAKMOK,40FT,0,0,0,0,3,3,0,0
CARRIER_C,2026-08-11 02:00,YAKMOK,40FT,0,0,0,0,3,3,0,0
CARRIER_C,2026-08-11 03:00,YAKMOK,40FT,0,0,0,0,3,3,0,0
CARRIER_C,2026-08-11 04:00,YAKMOK,40FT,0,0,0,0,3,3,0,0
CARRIER_C,2026-08-11 05:00,YAKMOK,40FT,0,0,0,0,3,3,0,0
CARRIER_C,2026-08-11 06:00,YAKMOK,40FT,0,0,0,0,3,3,0,0
CARRIER_C,2026-08-11 07:00,YAKMOK,40FT,0,0,0,0,3,3,0,0
CARRIER_C,2026-08-11 08:00,YAKMOK,40FT,0,0,0,0,3,3,0,0
CARRIER_C,2026-08-11 09:00,YAKMOK,40FT,0,0,0,0,3,3,0,0
CARRIER_C,2026-08-11 10:00,YAKMOK,40FT,0,1,0,0,4,4,0,0
CARRIER_C,2026-08-11 11:00,YAKMOK,40FT,0,0,0,0,4,4,0,0
CARRIER_C,2026-08-11 12:00,YAKMOK,40FT,0,0,0,0,4,4,0,0
CARRIER_C,2026-08-11 13:00,YAKMOK,40FT,0,0,0,0,4,4,0,0
CARRIER_C,2026-08-11 14:00,YAKMOK,40FT,0,0,0,0,4,4,0,0
CARRIER_C,2026-08-11 15:00,YAKMOK,40FT,0,1,0,0,5,5,0,0
CARRIER_C,2026-08-11 16:00,YAKMOK,40FT,0,0,0,0,5,5,0,0
CARRIER_C,2026-08-11 17:00,YAKMOK,40FT,1,0,0,0,4,4,0,0
CARRIER_C,2026-08-11 18:00,YAKMOK,40FT,0,0,0,0,4,4,0,0
CARRIER_C,2026-08-11 19:00,YAKMOK,40FT,0,0,0,0,4,4,0,0
CARRIER_C,2026-08-11 20:00,YAKMOK,40FT,0,0,0,0,4,4,0,0
CARRIER_C,2026-08-11 21:00,YAKMOK,40FT,0,0,0,0,4,4,0,0
CARRIER_C,2026-08-11 22:00,YAKMOK,40FT,0,0,0,0,4,4,0,0
CARRIER_C,2026-08-11 23:00,YAKMOK,40FT,0,0,0,0,4,4,0,0
CARRIER_C,2026-08-12 00:00,YAKMOK,40FT,0,0,0,0,4,4,0,0
CARRIER_C,2026-08-12 01:00,YAKMOK,40FT,0,0,0,0,4,4,0,0
CARRIER_C,2026-08-12 02:00,YAKMOK,40FT,0,0,0,0,4,4,0,0
CARRIER_C,2026-08-12 03:00,YAKMOK,40FT,0,0,0,0,4,4,0,0
CARRIER_C,2026-08-12 04:00,YAKMOK,40FT,0,0,0,0,4,4,0,0
CARRIER_C,2026-08-12 05:00,YAKMOK,40FT,0,0,0,0,4,4,0,0
CARRIER_C,2026-08-12 06:00,YAKMOK,40FT,0,0,0,0,4,4,0,0
CARRIER_C,2026-08-12 07:00,YAKMOK,40FT,0,0,0,0,4,4,0,0
CARRIER_C,2026-08-12 08:00,YAKMOK,40FT,0,0,0,0,4,4,0,0
CARRIER_C,2026-08-12 09:00,YAKMOK,40FT,0,0,0,0,4,4,0,0
CARRIER_C,2026-08-12 10:00,YAKMOK,40FT,0,0,0,0,4,4,0,0
CARRIER_C,2026-08-12 11:00,YAKMOK,40FT,1,0,0,0,3,3,0,0
CARRIER_C,2026-08-12 12:00,YAKMOK,40FT,0,0,0,0,3,3,0,0
CARRIER_C,2026-08-12 13:00,YAKMOK,40FT,0,1,0,0,4,4,0,0
CARRIER_C,2026-08-12 14:00,YAKMOK,40FT,0,0,0,0,4,4,0,0
CARRIER_C,2026-08-12 15:00,YAKMOK,40FT,0,0,0,0,4,4,0,0
CARRIER_C,2026-08-12 16:00,YAKMOK,40FT,0,0,0,0,4,4,0,0
CARRIER_C,2026-08-12 17:00,YAKMOK,40FT,0,0,0,0,4,4,0,0
CARRIER_C,2026-08-12 18:00,YAKMOK,40FT,1,0,0,0,3,3,0,0
CARRIER_C,2026-08-12 19:00,YAKMOK,40FT,0,0,0,0,3,3,0,0
CARRIER_C,2026-08-12 20:00,YAKMOK,40FT,0,0,0,0,3,3,0,0
CARRIER_C,2026-08-12 21:00,YAKMOK,40FT,0,1,0,0,4,4,0,0
CARRIER_C,2026-08-12 22:00,YAKMOK,40FT,0,0,0,0,4,4,0,0
CARRIER_C,2026-08-12 23:00,YAKMOK,40FT,0,0,0,0,4,4,0,0
CARRIER_C,2026-08-13 00:00,YAKMOK,40FT,0,0,0,0,4,4,0,0
CARRIER_C,2026-08-13 01:00,YAKMOK,40FT,0,0,0,0,4,4,0,0
CARRIER_C,2026-08-13 02:00,YAKMOK,40FT,0,0,0,0,4,4,0,0
CARRIER_C,2026-08-13 03:00,YAKMOK,40FT,0,0,0,0,4,4,0,0
CARRIER_C,2026-08-13 04:00,YAKMOK,40FT,0,0,0,0,4,4,0,0
CARRIER_C,2026-08-13 05:00,YAKMOK,40FT,0,0,0,0,4,4,0,0
CARRIER_C,2026-08-13 06:00,YAKMOK,40FT,0,0,0,0,4,4,0,0
CARRIER_C,2026-08-13 07:00,YAKMOK,40FT,0,0,0,0,4,4,0,0
CARRIER_C,2026-08-13 08:00,YAKMOK,40FT,0,0,0,0,4,4,0,0
CARRIER_C,2026-08-13 09:00,YAKMOK,40FT,0,0,0,0,4,4,0,0
CARRIER_C,2026-08-13 10:00,YAKMOK,40FT,0,0,0,0,4,4,0,0
CARRIER_C,2026-08-13 11:00,YAKMOK,40FT,0,0,0,0,4,4,0,0
CARRIER_C,2026-08-13 12:00,YAKMOK,40FT,0,0,0,0,4,4,0,0
CARRIER_C,2026-08-13 13:00,YAKMOK,40FT,0,0,0,0,4,4,0,0
CARRIER_C,2026-08-13 14:00,YAKMOK,40FT,0,0,0,0,4,4,0,0
CARRIER_C,2026-08-13 15:00,YAKMOK,40FT,0,0,0,0,4,4,0,0
CARRIER_C,2026-08-13 16:00,YAKMOK,40FT,0,0,0,0,4,4,0,0
CARRIER_C,2026-08-13 17:00,YAKMOK,40FT,0,0,0,0,4,4,0,0
CARRIER_C,2026-08-13 18:00,YAKMOK,40FT,0,0,0,0,4,4,0,0
CARRIER_C,2026-08-13 19:00,YAKMOK,40FT,0,0,0,0,4,4,0,0
CARRIER_C,2026-08-13 20:00,YAKMOK,40FT,0,0,0,0,4,4,0,0
CARRIER_C,2026-08-13 21:00,YAKMOK,40FT,0,0,0,0,4,4,0,0
CARRIER_C,2026-08-13 22:00,YAKMOK,40FT,0,0,0,0,4,4,0,0
CARRIER_C,2026-08-13 23:00,YAKMOK,40FT,0,0,0,0,4,4,0,0
CARRIER_C,2026-08-14 00:00,YAKMOK,40FT,0,0,0,0,4,4,0,0
CARRIER_C,2026-08-14 01:00,YAKMOK,40FT,0,0,0,0,4,4,0,0
CARRIER_C,2026-08-14 02:00,YAKMOK,40FT,0,0,0,0,4,4,0,0
CARRIER_C,2026-08-14 03:00,YAKMOK,40FT,0,0,0,0,4,4,0,0
CARRIER_C,2026-08-14 04:00,YAKMOK,40FT,0,0,0,0,4,4,0,0
CARRIER_C,2026-08-14 05:00,YAKMOK,40FT,0,0,0,0,4,4,0,0
CARRIER_C,2026-08-14 06:00,YAKMOK,40FT,0,0,0,0,4,4,0,0
CARRIER_C,2026-08-14 07:00,YAKMOK,40FT,0,0,0,0,4,4,0,0
CARRIER_C,2026-08-14 08:00,YAKMOK,40FT,0,0,0,0,4,4,0,0
CARRIER_C,2026-08-14 09:00,YAKMOK,40FT,0,0,0,0,4,4,0,0
CARRIER_C,2026-08-14 10:00,YAKMOK,40FT,0,0,0,0,4,4,0,0
CARRIER_C,2026-08-14 11:00,YAKMOK,40FT,0,0,0,0,4,4,0,0
CARRIER_C,2026-08-14 12:00,YAKMOK,40FT,0,1,0,0,5,5,0,0
CARRIER_C,2026-08-14 13:00,YAKMOK,40FT,0,0,0,0,5,5,0,0
CARRIER_C,2026-08-14 14:00,YAKMOK,40FT,1,0,0,0,4,4,0,0
CARRIER_C,2026-08-14 15:00,YAKMOK,40FT,0,0,0,0,4,4,0,0
CARRIER_C,2026-08-14 16:00,YAKMOK,40FT,0,0,0,0,4,4,0,0
CARRIER_C,2026-08-14 17:00,YAKMOK,40FT,0,0,0,0,4,4,0,0
CARRIER_C,2026-08-14 18:00,YAKMOK,40FT,0,0,0,0,4,4,0,0
CARRIER_C,2026-08-14 19:00,YAKMOK,40FT,0,0,0,0,4,4,0,0
CARRIER_C,2026-08-14 20:00,YAKMOK,40FT,0,0,0,0,4,4,0,0
CARRIER_C,2026-08-14 21:00,YAKMOK,40FT,0,0,0,0,4,4,0,0
CARRIER_C,2026-08-14 22:00,YAKMOK,40FT,0,0,0,0,4,4,0,0
CARRIER_C,2026-08-14 23:00,YAKMOK,40FT,0,0,0,0,4,4,0,0
CARRIER_C,2026-08-15 00:00,YAKMOK,40FT,0,0,0,0,4,4,0,0
CARRIER_C,2026-08-15 01:00,YAKMOK,40FT,0,0,0,0,4,4,0,0
CARRIER_C,2026-08-15 02:00,YAKMOK,40FT,0,0,0,0,4,4,0,0
CARRIER_C,2026-08-15 03:00,YAKMOK,40FT,0,0,0,0,4,4,0,0
CARRIER_C,2026-08-15 04:00,YAKMOK,40FT,0,0,0,0,4,4,0,0
CARRIER_C,2026-08-15 05:00,YAKMOK,40FT,0,0,0,0,4,4,0,0
CARRIER_C,2026-08-15 06:00,YAKMOK,40FT,0,0,0,0,4,4,0,0
CARRIER_C,2026-08-15 07:00,YAKMOK,40FT,0,0,0,0,4,4,0,0
CARRIER_C,2026-08-15 08:00,YAKMOK,40FT,0,0,0,0,4,4,0,0
CARRIER_C,2026-08-15 09:00,YAKMOK,40FT,0,0,0,0,4,4,0,0
CARRIER_C,2026-08-15 10:00,YAKMOK,40FT,0,0,0,0,4,4,0,0
CARRIER_C,2026-08-15 11:00,YAKMOK,40FT,0,0,0,0,4,4,0,0
CARRIER_C,2026-08-15 12:00,YAKMOK,40FT,0,0,0,0,4,4,0,0
CARRIER_C,2026-08-15 13:00,YAKMOK,40FT,0,0,0,0,4,4,0,0
CARRIER_C,2026-08-15 14:00,YAKMOK,40FT,1,1,0,0,4,4,0,0
CARRIER_C,2026-08-15 15:00,YAKMOK,40FT,0,0,0,0,4,4,0,0
CARRIER_C,2026-08-15 16:00,YAKMOK,40FT,0,0,0,0,4,4,0,0
CARRIER_C,2026-08-15 17:00,YAKMOK,40FT,0,0,0,0,4,4,0,0
CARRIER_C,2026-08-15 18:00,YAKMOK,40FT,0,0,0,0,4,4,0,0
CARRIER_C,2026-08-15 19:00,YAKMOK,40FT,0,0,0,0,4,4,0,0
CARRIER_C,2026-08-15 20:00,YAKMOK,40FT,0,0,0,0,4,4,0,0
CARRIER_C,2026-08-15 21:00,YAKMOK,40FT,0,0,0,0,4,4,0,0
CARRIER_C,2026-08-15 22:00,YAKMOK,40FT,0,0,0,0,4,4,0,0
CARRIER_C,2026-08-15 23:00,YAKMOK,40FT,0,0,0,0,4,4,0,0
CARRIER_C,2026-08-16 00:00,YAKMOK,40FT,0,0,0,0,4,4,0,0
CARRIER_C,2026-08-16 01:00,YAKMOK,40FT,0,0,0,0,4,4,0,0
CARRIER_C,2026-08-16 02:00,YAKMOK,40FT,0,0,0,0,4,4,0,0
CARRIER_C,2026-08-16 03:00,YAKMOK,40FT,0,0,0,0,4,4,0,0
CARRIER_C,2026-08-16 04:00,YAKMOK,40FT,0,0,0,0,4,4,0,0
CARRIER_C,2026-08-16 05:00,YAKMOK,40FT,0,0,0,0,4,4,0,0
CARRIER_C,2026-08-16 06:00,YAKMOK,40FT,0,0,0,0,4,4,0,0
CARRIER_C,2026-08-16 07:00,YAKMOK,40FT,1,0,0,0,3,3,0,0
CARRIER_C,2026-08-16 08:00,YAKMOK,40FT,0,0,0,0,3,3,0,0
CARRIER_C,2026-08-16 09:00,YAKMOK,40FT,0,0,0,0,3,3,0,0
CARRIER_C,2026-08-16 10:00,YAKMOK,40FT,0,0,0,0,3,3,0,0
CARRIER_C,2026-08-16 11:00,YAKMOK,40FT,0,0,0,0,3,3,0,0
CARRIER_C,2026-08-16 12:00,YAKMOK,40FT,0,0,0,0,3,3,0,0
CARRIER_C,2026-08-16 13:00,YAKMOK,40FT,0,0,0,0,3,3,0,0
CARRIER_C,2026-08-16 14:00,YAKMOK,40FT,0,0,0,0,3,3,0,0
CARRIER_C,2026-08-16 15:00,YAKMOK,40FT,0,0,0,0,3,3,0,0
CARRIER_C,2026-08-16 16:00,YAKMOK,40FT,0,0,0,0,3,3,0,0
CARRIER_C,2026-08-16 17:00,YAKMOK,40FT,0,1,0,0,4,4,0,0
CARRIER_C,2026-08-16 18:00,YAKMOK,40FT,0,0,0,0,4,4,0,0
CARRIER_C,2026-08-16 19:00,YAKMOK,40FT,0,0,0,0,4,4,0,0
CARRIER_C,2026-08-16 20:00,YAKMOK,40FT,0,0,0,0,4,4,0,0
CARRIER_C,2026-08-16 21:00,YAKMOK,40FT,0,0,0,0,4,4,0,0
CARRIER_C,2026-08-16 22:00,YAKMOK,40FT,0,0,0,0,4,4,0,0
CARRIER_C,2026-08-16 23:00,YAKMOK,40FT,0,0,0,0,4,4,0,0
CARRIER_D,2026-08-10 00:00,BUGANG,20FT,0,0,0,0,8,8,0,0
CARRIER_D,2026-08-10 01:00,BUGANG,20FT,0,0,0,0,8,8,0,0
CARRIER_D,2026-08-10 02:00,BUGANG,20FT,0,0,0,0,8,8,0,0
CARRIER_D,2026-08-10 03:00,BUGANG,20FT,0,0,0,0,8,8,0,0
CARRIER_D,2026-08-10 04:00,BUGANG,20FT,0,0,0,0,8,8,0,0
CARRIER_D,2026-08-10 05:00,BUGANG,20FT,0,0,0,0,8,8,0,0
CARRIER_D,2026-08-10 06:00,BUGANG,20FT,0,0,0,0,8,8,0,0
CARRIER_D,2026-08-10 07:00,BUGANG,20FT,0,0,0,0,8,8,0,0
CARRIER_D,2026-08-10 08:00,BUGANG,20FT,0,0,0,0,8,8,0,0
CARRIER_D,2026-08-10 09:00,BUGANG,20FT,0,0,0,0,8,8,0,0
CARRIER_D,2026-08-10 10:00,BUGANG,20FT,0,0,0,0,8,8,0,0
CARRIER_D,2026-08-10 11:00,BUGANG,20FT,1,0,0,0,7,7,0,0
CARRIER_D,2026-08-10 12:00,BUGANG,20FT,0,0,0,0,7,7,0,0
CARRIER_D,2026-08-10 13:00,BUGANG,20FT,0,0,0,0,7,7,0,0
CARRIER_D,2026-08-10 14:00,BUGANG,20FT,0,1,0,0,8,8,0,0
CARRIER_D,2026-08-10 15:00,BUGANG,20FT,0,1,0,0,9,9,0,0
CARRIER_D,2026-08-10 16:00,BUGANG,20FT,0,0,0,0,9,9,0,0
CARRIER_D,2026-08-10 17:00,BUGANG,20FT,1,0,0,0,8,8,0,0
CARRIER_D,2026-08-10 18:00,BUGANG,20FT,0,0,0,0,8,8,0,0
CARRIER_D,2026-08-10 19:00,BUGANG,20FT,0,0,0,0,8,8,0,0
CARRIER_D,2026-08-10 20:00,BUGANG,20FT,0,0,0,0,8,8,0,0
CARRIER_D,2026-08-10 21:00,BUGANG,20FT,0,1,0,0,9,9,0,0
CARRIER_D,2026-08-10 22:00,BUGANG,20FT,0,0,0,0,9,9,0,0
CARRIER_D,2026-08-10 23:00,BUGANG,20FT,0,0,0,0,9,9,0,0
CARRIER_D,2026-08-11 00:00,BUGANG,20FT,0,0,0,0,9,9,0,0
CARRIER_D,2026-08-11 01:00,BUGANG,20FT,0,0,0,0,9,9,0,0
CARRIER_D,2026-08-11 02:00,BUGANG,20FT,0,0,0,0,9,9,0,0
CARRIER_D,2026-08-11 03:00,BUGANG,20FT,0,0,0,0,9,9,0,0
CARRIER_D,2026-08-11 04:00,BUGANG,20FT,0,0,0,0,9,9,0,0
CARRIER_D,2026-08-11 05:00,BUGANG,20FT,0,0,0,0,9,9,0,0
CARRIER_D,2026-08-11 06:00,BUGANG,20FT,0,0,0,0,9,9,0,0
CARRIER_D,2026-08-11 07:00,BUGANG,20FT,0,0,0,0,9,9,0,0
CARRIER_D,2026-08-11 08:00,BUGANG,20FT,0,0,0,0,9,9,0,0
CARRIER_D,2026-08-11 09:00,BUGANG,20FT,0,0,0,0,9,9,0,0
CARRIER_D,2026-08-11 10:00,BUGANG,20FT,0,0,0,0,9,9,0,0
CARRIER_D,2026-08-11 11:00,BUGANG,20FT,0,0,0,0,9,9,0,0
CARRIER_D,2026-08-11 12:00,BUGANG,20FT,0,0,0,0,9,9,0,0
CARRIER_D,2026-08-11 13:00,BUGANG,20FT,0,0,0,0,9,9,0,0
CARRIER_D,2026-08-11 14:00,BUGANG,20FT,0,0,0,0,9,9,0,0
CARRIER_D,2026-08-11 15:00,BUGANG,20FT,1,1,0,0,9,9,0,0
CARRIER_D,2026-08-11 16:00,BUGANG,20FT,0,0,0,0,9,9,0,0
CARRIER_D,2026-08-11 17:00,BUGANG,20FT,0,0,0,0,9,9,0,0
CARRIER_D,2026-08-11 18:00,BUGANG,20FT,0,0,0,0,9,9,0,0
CARRIER_D,2026-08-11 19:00,BUGANG,20FT,0,0,0,0,9,9,0,0
CARRIER_D,2026-08-11 20:00,BUGANG,20FT,0,0,0,0,9,9,0,0
CARRIER_D,2026-08-11 21:00,BUGANG,20FT,0,0,0,0,9,9,0,0
CARRIER_D,2026-08-11 22:00,BUGANG,20FT,0,0,0,0,9,9,0,0
CARRIER_D,2026-08-11 23:00,BUGANG,20FT,0,0,0,0,9,9,0,0
CARRIER_D,2026-08-12 00:00,BUGANG,20FT,0,0,0,0,9,9,0,0
CARRIER_D,2026-08-12 01:00,BUGANG,20FT,0,0,0,0,9,9,0,0
CARRIER_D,2026-08-12 02:00,BUGANG,20FT,0,0,0,0,9,9,0,0
CARRIER_D,2026-08-12 03:00,BUGANG,20FT,0,0,0,0,9,9,0,0
CARRIER_D,2026-08-12 04:00,BUGANG,20FT,0,0,0,0,9,9,0,0
CARRIER_D,2026-08-12 05:00,BUGANG,20FT,0,0,0,0,9,9,0,0
CARRIER_D,2026-08-12 06:00,BUGANG,20FT,0,0,0,0,9,9,0,0
CARRIER_D,2026-08-12 07:00,BUGANG,20FT,0,0,0,0,9,9,0,0
CARRIER_D,2026-08-12 08:00,BUGANG,20FT,0,0,0,0,9,9,0,0
CARRIER_D,2026-08-12 09:00,BUGANG,20FT,0,0,0,0,9,9,0,0
CARRIER_D,2026-08-12 10:00,BUGANG,20FT,0,1,0,0,10,10,0,0
CARRIER_D,2026-08-12 11:00,BUGANG,20FT,0,0,0,0,10,10,0,0
CARRIER_D,2026-08-12 12:00,BUGANG,20FT,0,0,0,0,10,10,0,0
CARRIER_D,2026-08-12 13:00,BUGANG,20FT,0,1,0,0,11,11,0,0
CARRIER_D,2026-08-12 14:00,BUGANG,20FT,0,0,0,0,11,11,0,0
CARRIER_D,2026-08-12 15:00,BUGANG,20FT,0,1,0,0,12,12,0,0
CARRIER_D,2026-08-12 16:00,BUGANG,20FT,0,0,0,0,12,12,0,0
CARRIER_D,2026-08-12 17:00,BUGANG,20FT,0,0,0,0,12,12,0,0
CARRIER_D,2026-08-12 18:00,BUGANG,20FT,0,0,0,0,12,12,0,0
CARRIER_D,2026-08-12 19:00,BUGANG,20FT,0,0,0,0,12,12,0,0
CARRIER_D,2026-08-12 20:00,BUGANG,20FT,0,0,0,0,12,12,0,0
CARRIER_D,2026-08-12 21:00,BUGANG,20FT,0,0,0,0,12,12,0,0
CARRIER_D,2026-08-12 22:00,BUGANG,20FT,0,0,0,0,12,12,0,0
CARRIER_D,2026-08-12 23:00,BUGANG,20FT,0,0,0,0,12,12,0,0
CARRIER_D,2026-08-13 00:00,BUGANG,20FT,0,0,0,0,12,12,0,0
CARRIER_D,2026-08-13 01:00,BUGANG,20FT,0,0,0,0,12,12,0,0
CARRIER_D,2026-08-13 02:00,BUGANG,20FT,0,0,0,0,12,12,0,0
CARRIER_D,2026-08-13 03:00,BUGANG,20FT,0,0,0,0,12,12,0,0
CARRIER_D,2026-08-13 04:00,BUGANG,20FT,0,0,0,0,12,12,0,0
CARRIER_D,2026-08-13 05:00,BUGANG,20FT,0,0,0,0,12,12,0,0
CARRIER_D,2026-08-13 06:00,BUGANG,20FT,1,0,0,0,11,11,0,0
CARRIER_D,2026-08-13 07:00,BUGANG,20FT,0,0,0,0,11,11,0,0
CARRIER_D,2026-08-13 08:00,BUGANG,20FT,0,1,0,0,12,12,0,0
CARRIER_D,2026-08-13 09:00,BUGANG,20FT,1,0,0,0,11,11,0,0
CARRIER_D,2026-08-13 10:00,BUGANG,20FT,0,0,0,0,11,11,0,0
CARRIER_D,2026-08-13 11:00,BUGANG,20FT,0,1,0,0,12,12,0,0
CARRIER_D,2026-08-13 12:00,BUGANG,20FT,1,0,0,0,11,11,0,0
CARRIER_D,2026-08-13 13:00,BUGANG,20FT,0,1,0,0,12,12,0,0
CARRIER_D,2026-08-13 14:00,BUGANG,20FT,1,0,0,0,11,11,0,0
CARRIER_D,2026-08-13 15:00,BUGANG,20FT,0,0,0,0,11,11,0,0
CARRIER_D,2026-08-13 16:00,BUGANG,20FT,0,0,0,0,11,11,0,0
CARRIER_D,2026-08-13 17:00,BUGANG,20FT,1,0,0,0,10,10,0,0
CARRIER_D,2026-08-13 18:00,BUGANG,20FT,0,0,0,0,10,10,0,0
CARRIER_D,2026-08-13 19:00,BUGANG,20FT,0,0,0,0,10,10,0,0
CARRIER_D,2026-08-13 20:00,BUGANG,20FT,0,0,0,0,10,10,0,0
CARRIER_D,2026-08-13 21:00,BUGANG,20FT,0,0,0,0,10,10,0,0
CARRIER_D,2026-08-13 22:00,BUGANG,20FT,0,0,0,0,10,10,0,0
CARRIER_D,2026-08-13 23:00,BUGANG,20FT,0,0,0,0,10,10,0,0
CARRIER_D,2026-08-14 00:00,BUGANG,20FT,0,0,0,0,10,10,0,0
CARRIER_D,2026-08-14 01:00,BUGANG,20FT,0,0,0,0,10,10,0,0
CARRIER_D,2026-08-14 02:00,BUGANG,20FT,0,0,0,0,10,10,0,0
CARRIER_D,2026-08-14 03:00,BUGANG,20FT,0,0,0,0,10,10,0,0
CARRIER_D,2026-08-14 04:00,BUGANG,20FT,0,0,0,0,10,10,0,0
CARRIER_D,2026-08-14 05:00,BUGANG,20FT,0,0,0,0,10,10,0,0
CARRIER_D,2026-08-14 06:00,BUGANG,20FT,0,0,0,0,10,10,0,0
CARRIER_D,2026-08-14 07:00,BUGANG,20FT,0,0,0,0,10,10,0,0
CARRIER_D,2026-08-14 08:00,BUGANG,20FT,0,0,0,0,10,10,0,0
CARRIER_D,2026-08-14 09:00,BUGANG,20FT,0,1,0,0,11,11,0,0
CARRIER_D,2026-08-14 10:00,BUGANG,20FT,0,0,0,0,11,11,0,0
CARRIER_D,2026-08-14 11:00,BUGANG,20FT,0,0,0,0,11,11,0,0
CARRIER_D,2026-08-14 12:00,BUGANG,20FT,0,0,0,0,11,11,0,0
CARRIER_D,2026-08-14 13:00,BUGANG,20FT,1,1,0,0,11,11,0,0
CARRIER_D,2026-08-14 14:00,BUGANG,20FT,0,0,0,0,11,11,0,0
CARRIER_D,2026-08-14 15:00,BUGANG,20FT,0,0,0,0,11,11,0,0
CARRIER_D,2026-08-14 16:00,BUGANG,20FT,0,0,0,0,11,11,0,0
CARRIER_D,2026-08-14 17:00,BUGANG,20FT,0,0,0,0,11,11,0,0
CARRIER_D,2026-08-14 18:00,BUGANG,20FT,0,0,0,0,11,11,0,0
CARRIER_D,2026-08-14 19:00,BUGANG,20FT,0,0,0,0,11,11,0,0
CARRIER_D,2026-08-14 20:00,BUGANG,20FT,0,0,0,0,11,11,0,0
CARRIER_D,2026-08-14 21:00,BUGANG,20FT,0,0,0,0,11,11,0,0
CARRIER_D,2026-08-14 22:00,BUGANG,20FT,0,0,0,0,11,11,0,0
CARRIER_D,2026-08-14 23:00,BUGANG,20FT,0,0,0,0,11,11,0,0
CARRIER_D,2026-08-15 00:00,BUGANG,20FT,0,0,0,0,11,11,0,0
CARRIER_D,2026-08-15 01:00,BUGANG,20FT,0,0,0,0,11,11,0,0
CARRIER_D,2026-08-15 02:00,BUGANG,20FT,0,0,0,0,11,11,0,0
CARRIER_D,2026-08-15 03:00,BUGANG,20FT,0,0,0,0,11,11,0,0
CARRIER_D,2026-08-15 04:00,BUGANG,20FT,0,0,0,0,11,11,0,0
CARRIER_D,2026-08-15 05:00,BUGANG,20FT,0,0,0,0,11,11,0,0
CARRIER_D,2026-08-15 06:00,BUGANG,20FT,0,0,0,0,11,11,0,0
CARRIER_D,2026-08-15 07:00,BUGANG,20FT,0,0,0,0,11,11,0,0
CARRIER_D,2026-08-15 08:00,BUGANG,20FT,0,0,0,0,11,11,0,0
CARRIER_D,2026-08-15 09:00,BUGANG,20FT,0,0,0,0,11,11,0,0
CARRIER_D,2026-08-15 10:00,BUGANG,20FT,0,0,0,0,11,11,0,0
CARRIER_D,2026-08-15 11:00,BUGANG,20FT,0,0,0,0,11,11,0,0
CARRIER_D,2026-08-15 12:00,BUGANG,20FT,0,0,0,0,11,11,0,0
CARRIER_D,2026-08-15 13:00,BUGANG,20FT,0,0,0,0,11,11,0,0
CARRIER_D,2026-08-15 14:00,BUGANG,20FT,0,0,0,0,11,11,0,0
CARRIER_D,2026-08-15 15:00,BUGANG,20FT,0,0,0,0,11,11,0,0
CARRIER_D,2026-08-15 16:00,BUGANG,20FT,0,1,0,0,12,12,0,0
CARRIER_D,2026-08-15 17:00,BUGANG,20FT,0,0,0,0,12,12,0,0
CARRIER_D,2026-08-15 18:00,BUGANG,20FT,0,0,0,0,12,12,0,0
CARRIER_D,2026-08-15 19:00,BUGANG,20FT,0,0,0,0,12,12,0,0
CARRIER_D,2026-08-15 20:00,BUGANG,20FT,0,0,0,0,12,12,0,0
CARRIER_D,2026-08-15 21:00,BUGANG,20FT,0,0,0,0,12,12,0,0
CARRIER_D,2026-08-15 22:00,BUGANG,20FT,0,0,0,0,12,12,0,0
CARRIER_D,2026-08-15 23:00,BUGANG,20FT,0,0,0,0,12,12,0,0
CARRIER_D,2026-08-16 00:00,BUGANG,20FT,0,0,0,0,12,12,0,0
CARRIER_D,2026-08-16 01:00,BUGANG,20FT,0,0,0,0,12,12,0,0
CARRIER_D,2026-08-16 02:00,BUGANG,20FT,0,0,0,0,12,12,0,0
CARRIER_D,2026-08-16 03:00,BUGANG,20FT,0,0,0,0,12,12,0,0
CARRIER_D,2026-08-16 04:00,BUGANG,20FT,0,0,0,0,12,12,0,0
CARRIER_D,2026-08-16 05:00,BUGANG,20FT,0,0,0,0,12,12,0,0
CARRIER_D,2026-08-16 06:00,BUGANG,20FT,0,0,0,0,12,12,0,0
CARRIER_D,2026-08-16 07:00,BUGANG,20FT,1,0,0,0,11,11,0,0
CARRIER_D,2026-08-16 08:00,BUGANG,20FT,0,0,0,0,11,11,0,0
CARRIER_D,2026-08-16 09:00,BUGANG,20FT,0,0,0,0,11,11,0,0
CARRIER_D,2026-08-16 10:00,BUGANG,20FT,0,0,0,0,11,11,0,0
CARRIER_D,2026-08-16 11:00,BUGANG,20FT,0,1,0,0,12,12,0,0
CARRIER_D,2026-08-16 12:00,BUGANG,20FT,0,0,0,0,12,12,0,0
CARRIER_D,2026-08-16 13:00,BUGANG,20FT,0,0,0,0,12,12,0,0
CARRIER_D,2026-08-16 14:00,BUGANG,20FT,1,0,0,0,11,11,0,0
CARRIER_D,2026-08-16 15:00,BUGANG,20FT,0,0,0,0,11,11,0,0
CARRIER_D,2026-08-16 16:00,BUGANG,20FT,0,0,0,0,11,11,0,0
CARRIER_D,2026-08-16 17:00,BUGANG,20FT,0,0,0,0,11,11,0,0
CARRIER_D,2026-08-16 18:00,BUGANG,20FT,0,0,0,0,11,11,0,0
CARRIER_D,2026-08-16 19:00,BUGANG,20FT,0,0,0,0,11,11,0,0
CARRIER_D,2026-08-16 20:00,BUGANG,20FT,0,0,0,0,11,11,0,0
CARRIER_D,2026-08-16 21:00,BUGANG,20FT,0,0,0,0,11,11,0,0
CARRIER_D,2026-08-16 22:00,BUGANG,20FT,0,0,0,0,11,11,0,0
CARRIER_D,2026-08-16 23:00,BUGANG,20FT,0,0,0,0,11,11,0,0
CARRIER_D,2026-08-10 00:00,BUGANG,40FT,0,0,0,0,2,2,0,0
CARRIER_D,2026-08-10 01:00,BUGANG,40FT,0,0,0,0,2,2,0,0
CARRIER_D,2026-08-10 02:00,BUGANG,40FT,0,0,0,0,2,2,0,0
CARRIER_D,2026-08-10 03:00,BUGANG,40FT,0,0,0,0,2,2,0,0
CARRIER_D,2026-08-10 04:00,BUGANG,40FT,0,0,0,0,2,2,0,0
CARRIER_D,2026-08-10 05:00,BUGANG,40FT,0,0,0,0,2,2,0,0
CARRIER_D,2026-08-10 06:00,BUGANG,40FT,0,0,0,0,2,2,0,0
CARRIER_D,2026-08-10 07:00,BUGANG,40FT,0,0,0,0,2,2,0,0
CARRIER_D,2026-08-10 08:00,BUGANG,40FT,0,0,0,0,2,2,0,0
CARRIER_D,2026-08-10 09:00,BUGANG,40FT,0,0,0,0,2,2,0,0
CARRIER_D,2026-08-10 10:00,BUGANG,40FT,0,0,0,0,2,2,0,0
CARRIER_D,2026-08-10 11:00,BUGANG,40FT,0,0,0,0,2,2,0,0
CARRIER_D,2026-08-10 12:00,BUGANG,40FT,0,0,0,0,2,2,0,0
CARRIER_D,2026-08-10 13:00,BUGANG,40FT,0,0,0,0,2,2,0,0
CARRIER_D,2026-08-10 14:00,BUGANG,40FT,0,0,0,0,2,2,0,0
CARRIER_D,2026-08-10 15:00,BUGANG,40FT,0,0,0,0,2,2,0,0
CARRIER_D,2026-08-10 16:00,BUGANG,40FT,0,0,0,0,2,2,0,0
CARRIER_D,2026-08-10 17:00,BUGANG,40FT,0,0,0,0,2,2,0,0
CARRIER_D,2026-08-10 18:00,BUGANG,40FT,0,0,0,0,2,2,0,0
CARRIER_D,2026-08-10 19:00,BUGANG,40FT,0,0,0,0,2,2,0,0
CARRIER_D,2026-08-10 20:00,BUGANG,40FT,0,0,0,0,2,2,0,0
CARRIER_D,2026-08-10 21:00,BUGANG,40FT,0,0,0,0,2,2,0,0
CARRIER_D,2026-08-10 22:00,BUGANG,40FT,0,0,0,0,2,2,0,0
CARRIER_D,2026-08-10 23:00,BUGANG,40FT,0,0,0,0,2,2,0,0
CARRIER_D,2026-08-11 00:00,BUGANG,40FT,0,0,0,0,2,2,0,0
CARRIER_D,2026-08-11 01:00,BUGANG,40FT,0,0,0,0,2,2,0,0
CARRIER_D,2026-08-11 02:00,BUGANG,40FT,0,0,0,0,2,2,0,0
CARRIER_D,2026-08-11 03:00,BUGANG,40FT,0,0,0,0,2,2,0,0
CARRIER_D,2026-08-11 04:00,BUGANG,40FT,0,0,0,0,2,2,0,0
CARRIER_D,2026-08-11 05:00,BUGANG,40FT,0,0,0,0,2,2,0,0
CARRIER_D,2026-08-11 06:00,BUGANG,40FT,0,0,0,0,2,2,0,0
CARRIER_D,2026-08-11 07:00,BUGANG,40FT,0,0,0,0,2,2,0,0
CARRIER_D,2026-08-11 08:00,BUGANG,40FT,0,0,0,0,2,2,0,0
CARRIER_D,2026-08-11 09:00,BUGANG,40FT,0,0,0,0,2,2,0,0
CARRIER_D,2026-08-11 10:00,BUGANG,40FT,0,1,0,0,3,3,0,0
CARRIER_D,2026-08-11 11:00,BUGANG,40FT,0,0,0,0,3,3,0,0
CARRIER_D,2026-08-11 12:00,BUGANG,40FT,0,0,0,0,3,3,0,0
CARRIER_D,2026-08-11 13:00,BUGANG,40FT,0,0,0,0,3,3,0,0
CARRIER_D,2026-08-11 14:00,BUGANG,40FT,0,0,0,2,3,1,0,0
CARRIER_D,2026-08-11 15:00,BUGANG,40FT,0,0,0,0,3,1,0,0
CARRIER_D,2026-08-11 16:00,BUGANG,40FT,0,0,0,0,3,1,0,0
CARRIER_D,2026-08-11 17:00,BUGANG,40FT,0,0,0,0,3,1,0,0
CARRIER_D,2026-08-11 18:00,BUGANG,40FT,0,0,0,0,3,1,0,0
CARRIER_D,2026-08-11 19:00,BUGANG,40FT,0,0,0,0,3,1,0,0
CARRIER_D,2026-08-11 20:00,BUGANG,40FT,0,0,0,0,3,1,0,0
CARRIER_D,2026-08-11 21:00,BUGANG,40FT,0,0,0,0,3,1,0,0
CARRIER_D,2026-08-11 22:00,BUGANG,40FT,0,0,0,0,3,1,0,0
CARRIER_D,2026-08-11 23:00,BUGANG,40FT,0,0,0,0,3,1,0,0
CARRIER_D,2026-08-12 00:00,BUGANG,40FT,0,0,0,0,3,1,0,0
CARRIER_D,2026-08-12 01:00,BUGANG,40FT,0,0,0,0,3,1,0,0
CARRIER_D,2026-08-12 02:00,BUGANG,40FT,0,0,0,0,3,1,0,0
CARRIER_D,2026-08-12 03:00,BUGANG,40FT,0,0,0,0,3,1,0,0
CARRIER_D,2026-08-12 04:00,BUGANG,40FT,0,0,0,0,3,1,0,0
CARRIER_D,2026-08-12 05:00,BUGANG,40FT,0,0,0,0,3,1,0,0
CARRIER_D,2026-08-12 06:00,BUGANG,40FT,0,0,0,0,3,1,0,0
CARRIER_D,2026-08-12 07:00,BUGANG,40FT,0,0,0,0,3,1,0,0
CARRIER_D,2026-08-12 08:00,BUGANG,40FT,0,0,0,0,3,1,0,0
CARRIER_D,2026-08-12 09:00,BUGANG,40FT,0,0,0,0,3,1,0,0
CARRIER_D,2026-08-12 10:00,BUGANG,40FT,0,0,0,0,3,1,0,0
CARRIER_D,2026-08-12 11:00,BUGANG,40FT,0,1,0,0,4,2,0,0
CARRIER_D,2026-08-12 12:00,BUGANG,40FT,0,0,0,0,4,2,0,0
CARRIER_D,2026-08-12 13:00,BUGANG,40FT,0,0,0,0,4,2,0,0
CARRIER_D,2026-08-12 14:00,BUGANG,40FT,0,0,0,0,4,2,0,0
CARRIER_D,2026-08-12 15:00,BUGANG,40FT,0,0,0,0,4,2,0,0
CARRIER_D,2026-08-12 16:00,BUGANG,40FT,0,0,0,0,4,2,0,0
CARRIER_D,2026-08-12 17:00,BUGANG,40FT,0,0,0,0,4,2,0,0
CARRIER_D,2026-08-12 18:00,BUGANG,40FT,0,0,0,0,4,2,0,0
CARRIER_D,2026-08-12 19:00,BUGANG,40FT,0,0,0,0,4,2,0,0
CARRIER_D,2026-08-12 20:00,BUGANG,40FT,0,0,0,0,4,2,0,0
CARRIER_D,2026-08-12 21:00,BUGANG,40FT,0,0,0,0,4,2,0,0
CARRIER_D,2026-08-12 22:00,BUGANG,40FT,0,0,0,0,4,2,0,0
CARRIER_D,2026-08-12 23:00,BUGANG,40FT,0,0,0,0,4,2,0,0
CARRIER_D,2026-08-13 00:00,BUGANG,40FT,0,0,0,0,4,2,0,0
CARRIER_D,2026-08-13 01:00,BUGANG,40FT,0,0,0,0,4,2,0,0
CARRIER_D,2026-08-13 02:00,BUGANG,40FT,0,0,0,0,4,2,0,0
CARRIER_D,2026-08-13 03:00,BUGANG,40FT,0,0,0,0,4,2,0,0
CARRIER_D,2026-08-13 04:00,BUGANG,40FT,0,0,0,0,4,2,0,0
CARRIER_D,2026-08-13 05:00,BUGANG,40FT,0,0,0,0,4,2,0,0
CARRIER_D,2026-08-13 06:00,BUGANG,40FT,1,0,0,0,3,1,0,0
CARRIER_D,2026-08-13 07:00,BUGANG,40FT,0,0,0,0,3,1,0,0
CARRIER_D,2026-08-13 08:00,BUGANG,40FT,0,0,0,0,3,1,0,0
CARRIER_D,2026-08-13 09:00,BUGANG,40FT,0,0,0,0,3,1,0,0
CARRIER_D,2026-08-13 10:00,BUGANG,40FT,0,0,0,0,3,1,0,0
CARRIER_D,2026-08-13 11:00,BUGANG,40FT,0,0,0,0,3,1,0,0
CARRIER_D,2026-08-13 12:00,BUGANG,40FT,0,0,0,0,3,1,0,0
CARRIER_D,2026-08-13 13:00,BUGANG,40FT,0,0,0,0,3,1,0,0
CARRIER_D,2026-08-13 14:00,BUGANG,40FT,0,0,0,0,3,1,0,0
CARRIER_D,2026-08-13 15:00,BUGANG,40FT,0,0,0,0,3,1,0,0
CARRIER_D,2026-08-13 16:00,BUGANG,40FT,0,0,0,0,3,1,0,0
CARRIER_D,2026-08-13 17:00,BUGANG,40FT,0,0,0,0,3,1,0,0
CARRIER_D,2026-08-13 18:00,BUGANG,40FT,0,0,0,0,3,1,0,0
CARRIER_D,2026-08-13 19:00,BUGANG,40FT,0,0,0,0,3,1,0,0
CARRIER_D,2026-08-13 20:00,BUGANG,40FT,0,0,0,0,3,1,0,0
CARRIER_D,2026-08-13 21:00,BUGANG,40FT,0,0,0,0,3,1,0,0
CARRIER_D,2026-08-13 22:00,BUGANG,40FT,0,0,0,0,3,1,0,0
CARRIER_D,2026-08-13 23:00,BUGANG,40FT,0,0,0,0,3,1,0,0
CARRIER_D,2026-08-14 00:00,BUGANG,40FT,0,0,0,0,3,1,0,0
CARRIER_D,2026-08-14 01:00,BUGANG,40FT,0,0,0,0,3,1,0,0
CARRIER_D,2026-08-14 02:00,BUGANG,40FT,0,0,0,0,3,1,0,0
CARRIER_D,2026-08-14 03:00,BUGANG,40FT,0,0,0,0,3,1,0,0
CARRIER_D,2026-08-14 04:00,BUGANG,40FT,0,0,0,0,3,1,0,0
CARRIER_D,2026-08-14 05:00,BUGANG,40FT,0,0,0,0,3,1,0,0
CARRIER_D,2026-08-14 06:00,BUGANG,40FT,0,0,0,0,3,1,0,0
CARRIER_D,2026-08-14 07:00,BUGANG,40FT,0,0,0,0,3,1,0,0
CARRIER_D,2026-08-14 08:00,BUGANG,40FT,0,0,0,0,3,1,0,0
CARRIER_D,2026-08-14 09:00,BUGANG,40FT,0,0,0,0,3,1,0,0
CARRIER_D,2026-08-14 10:00,BUGANG,40FT,0,1,0,0,4,2,0,0
CARRIER_D,2026-08-14 11:00,BUGANG,40FT,0,0,0,0,4,2,0,0
CARRIER_D,2026-08-14 12:00,BUGANG,40FT,0,0,0,0,4,2,0,0
CARRIER_D,2026-08-14 13:00,BUGANG,40FT,0,0,0,0,4,2,0,0
CARRIER_D,2026-08-14 14:00,BUGANG,40FT,0,0,0,0,4,2,0,0
CARRIER_D,2026-08-14 15:00,BUGANG,40FT,0,0,0,0,4,2,0,0
CARRIER_D,2026-08-14 16:00,BUGANG,40FT,0,0,0,0,4,2,0,0
CARRIER_D,2026-08-14 17:00,BUGANG,40FT,0,0,0,0,4,2,0,0
CARRIER_D,2026-08-14 18:00,BUGANG,40FT,0,0,0,0,4,2,0,0
CARRIER_D,2026-08-14 19:00,BUGANG,40FT,0,0,0,0,4,2,0,0
CARRIER_D,2026-08-14 20:00,BUGANG,40FT,0,0,0,0,4,2,0,0
CARRIER_D,2026-08-14 21:00,BUGANG,40FT,0,0,0,0,4,2,0,0
CARRIER_D,2026-08-14 22:00,BUGANG,40FT,0,0,0,0,4,2,0,0
CARRIER_D,2026-08-14 23:00,BUGANG,40FT,0,0,0,0,4,2,0,0
CARRIER_D,2026-08-15 00:00,BUGANG,40FT,0,0,0,0,4,2,0,0
CARRIER_D,2026-08-15 01:00,BUGANG,40FT,0,0,0,0,4,2,0,0
CARRIER_D,2026-08-15 02:00,BUGANG,40FT,0,0,0,0,4,2,0,0
CARRIER_D,2026-08-15 03:00,BUGANG,40FT,0,0,0,0,4,2,0,0
CARRIER_D,2026-08-15 04:00,BUGANG,40FT,0,0,0,0,4,2,0,0
CARRIER_D,2026-08-15 05:00,BUGANG,40FT,0,0,0,0,4,2,0,0
CARRIER_D,2026-08-15 06:00,BUGANG,40FT,0,0,0,0,4,2,0,0
CARRIER_D,2026-08-15 07:00,BUGANG,40FT,0,0,0,0,4,2,0,0
CARRIER_D,2026-08-15 08:00,BUGANG,40FT,0,0,0,0,4,2,0,0
CARRIER_D,2026-08-15 09:00,BUGANG,40FT,0,0,0,0,4,2,0,0
CARRIER_D,2026-08-15 10:00,BUGANG,40FT,0,0,0,0,4,2,0,0
CARRIER_D,2026-08-15 11:00,BUGANG,40FT,0,0,0,0,4,2,0,0
CARRIER_D,2026-08-15 12:00,BUGANG,40FT,0,0,0,0,4,2,0,0
CARRIER_D,2026-08-15 13:00,BUGANG,40FT,0,0,0,0,4,2,0,0
CARRIER_D,2026-08-15 14:00,BUGANG,40FT,0,0,0,0,4,2,0,0
CARRIER_D,2026-08-15 15:00,BUGANG,40FT,0,0,0,0,4,2,0,0
CARRIER_D,2026-08-15 16:00,BUGANG,40FT,0,0,0,0,4,2,0,0
CARRIER_D,2026-08-15 17:00,BUGANG,40FT,0,0,0,0,4,2,0,0
CARRIER_D,2026-08-15 18:00,BUGANG,40FT,0,0,0,0,4,2,0,0
CARRIER_D,2026-08-15 19:00,BUGANG,40FT,0,0,0,0,4,2,0,0
CARRIER_D,2026-08-15 20:00,BUGANG,40FT,0,0,0,0,4,2,0,0
CARRIER_D,2026-08-15 21:00,BUGANG,40FT,0,0,0,0,4,2,0,0
CARRIER_D,2026-08-15 22:00,BUGANG,40FT,0,0,0,0,4,2,0,0
CARRIER_D,2026-08-15 23:00,BUGANG,40FT,0,0,0,0,4,2,0,0
CARRIER_D,2026-08-16 00:00,BUGANG,40FT,0,0,0,0,4,2,0,0
CARRIER_D,2026-08-16 01:00,BUGANG,40FT,0,0,0,0,4,2,0,0
CARRIER_D,2026-08-16 02:00,BUGANG,40FT,0,0,0,0,4,2,0,0
CARRIER_D,2026-08-16 03:00,BUGANG,40FT,0,0,0,0,4,2,0,0
CARRIER_D,2026-08-16 04:00,BUGANG,40FT,0,0,0,0,4,2,0,0
CARRIER_D,2026-08-16 05:00,BUGANG,40FT,0,0,0,0,4,2,0,0
CARRIER_D,2026-08-16 06:00,BUGANG,40FT,0,0,0,0,4,2,0,0
CARRIER_D,2026-08-16 07:00,BUGANG,40FT,0,0,0,0,4,2,0,0
CARRIER_D,2026-08-16 08:00,BUGANG,40FT,0,0,0,0,4,2,0,0
CARRIER_D,2026-08-16 09:00,BUGANG,40FT,0,0,0,0,4,2,0,0
CARRIER_D,2026-08-16 10:00,BUGANG,40FT,1,0,0,0,3,1,0,0
CARRIER_D,2026-08-16 11:00,BUGANG,40FT,0,0,0,0,3,1,0,0
CARRIER_D,2026-08-16 12:00,BUGANG,40FT,0,0,0,0,3,1,0,0
CARRIER_D,2026-08-16 13:00,BUGANG,40FT,0,0,0,0,3,1,0,0
CARRIER_D,2026-08-16 14:00,BUGANG,40FT,0,0,0,0,3,1,0,0
CARRIER_D,2026-08-16 15:00,BUGANG,40FT,0,0,0,0,3,1,0,0
CARRIER_D,2026-08-16 16:00,BUGANG,40FT,0,0,0,0,3,1,0,0
CARRIER_D,2026-08-16 17:00,BUGANG,40FT,0,0,0,0,3,1,0,0
CARRIER_D,2026-08-16 18:00,BUGANG,40FT,0,0,0,0,3,1,0,0
CARRIER_D,2026-08-16 19:00,BUGANG,40FT,0,0,0,0,3,1,0,0
CARRIER_D,2026-08-16 20:00,BUGANG,40FT,0,0,0,0,3,1,0,0
CARRIER_D,2026-08-16 21:00,BUGANG,40FT,0,0,0,0,3,1,0,0
CARRIER_D,2026-08-16 22:00,BUGANG,40FT,0,0,0,0,3,1,0,0
CARRIER_D,2026-08-16 23:00,BUGANG,40FT,0,0,0,0,3,1,0,0
CARRIER_D,2026-08-10 00:00,BUSAN,20FT,0,0,0,0,74,74,0,0
CARRIER_D,2026-08-10 01:00,BUSAN,20FT,0,0,0,0,74,74,0,0
CARRIER_D,2026-08-10 02:00,BUSAN,20FT,0,0,0,0,74,74,0,0
CARRIER_D,2026-08-10 03:00,BUSAN,20FT,0,0,0,0,74,74,0,0
CARRIER_D,2026-08-10 04:00,BUSAN,20FT,0,0,0,0,74,74,0,0
CARRIER_D,2026-08-10 05:00,BUSAN,20FT,1,0,0,0,73,73,0,0
CARRIER_D,2026-08-10 06:00,BUSAN,20FT,1,0,0,0,72,72,0,0
CARRIER_D,2026-08-10 07:00,BUSAN,20FT,1,1,0,0,72,72,0,0
CARRIER_D,2026-08-10 08:00,BUSAN,20FT,2,0,0,0,70,70,0,0
CARRIER_D,2026-08-10 09:00,BUSAN,20FT,2,1,0,0,69,69,0,0
CARRIER_D,2026-08-10 10:00,BUSAN,20FT,1,1,0,0,69,69,0,0
CARRIER_D,2026-08-10 11:00,BUSAN,20FT,2,1,0,0,68,68,0,0
CARRIER_D,2026-08-10 12:00,BUSAN,20FT,0,1,0,0,69,69,0,0
CARRIER_D,2026-08-10 13:00,BUSAN,20FT,1,1,0,0,69,69,0,0
CARRIER_D,2026-08-10 14:00,BUSAN,20FT,0,0,0,0,69,69,0,0
CARRIER_D,2026-08-10 15:00,BUSAN,20FT,3,1,0,0,67,67,0,0
CARRIER_D,2026-08-10 16:00,BUSAN,20FT,2,1,0,0,66,66,0,0
CARRIER_D,2026-08-10 17:00,BUSAN,20FT,0,0,0,0,66,66,0,0
CARRIER_D,2026-08-10 18:00,BUSAN,20FT,0,0,0,0,66,66,0,0
CARRIER_D,2026-08-10 19:00,BUSAN,20FT,0,0,0,0,66,66,0,0
CARRIER_D,2026-08-10 20:00,BUSAN,20FT,0,0,0,0,66,66,0,0
CARRIER_D,2026-08-10 21:00,BUSAN,20FT,0,0,0,0,66,66,0,0
CARRIER_D,2026-08-10 22:00,BUSAN,20FT,0,0,0,0,66,66,0,0
CARRIER_D,2026-08-10 23:00,BUSAN,20FT,0,0,0,0,66,66,0,0
CARRIER_D,2026-08-11 00:00,BUSAN,20FT,0,0,0,0,66,66,0,0
CARRIER_D,2026-08-11 01:00,BUSAN,20FT,0,0,0,0,66,66,0,0
CARRIER_D,2026-08-11 02:00,BUSAN,20FT,0,0,0,0,66,66,0,0
CARRIER_D,2026-08-11 03:00,BUSAN,20FT,0,0,0,0,66,66,0,0
CARRIER_D,2026-08-11 04:00,BUSAN,20FT,0,0,0,0,66,66,0,0
CARRIER_D,2026-08-11 05:00,BUSAN,20FT,0,0,0,0,66,66,0,0
CARRIER_D,2026-08-11 06:00,BUSAN,20FT,1,1,0,0,66,66,0,0
CARRIER_D,2026-08-11 07:00,BUSAN,20FT,0,0,0,0,66,66,0,0
CARRIER_D,2026-08-11 08:00,BUSAN,20FT,2,2,0,0,66,66,0,0
CARRIER_D,2026-08-11 09:00,BUSAN,20FT,2,1,0,0,65,65,0,0
CARRIER_D,2026-08-11 10:00,BUSAN,20FT,2,0,0,0,63,63,0,0
CARRIER_D,2026-08-11 11:00,BUSAN,20FT,1,1,0,0,63,63,0,0
CARRIER_D,2026-08-11 12:00,BUSAN,20FT,1,0,0,0,62,62,0,0
CARRIER_D,2026-08-11 13:00,BUSAN,20FT,3,1,0,0,60,60,0,0
CARRIER_D,2026-08-11 14:00,BUSAN,20FT,2,2,0,0,60,60,0,0
CARRIER_D,2026-08-11 15:00,BUSAN,20FT,1,1,0,0,60,60,0,0
CARRIER_D,2026-08-11 16:00,BUSAN,20FT,3,2,0,0,59,59,0,0
CARRIER_D,2026-08-11 17:00,BUSAN,20FT,0,3,0,0,62,62,0,0
CARRIER_D,2026-08-11 18:00,BUSAN,20FT,0,0,0,0,62,62,0,0
CARRIER_D,2026-08-11 19:00,BUSAN,20FT,2,1,0,0,61,61,0,0
CARRIER_D,2026-08-11 20:00,BUSAN,20FT,0,0,0,0,61,61,0,0
CARRIER_D,2026-08-11 21:00,BUSAN,20FT,0,0,0,0,61,61,0,0
CARRIER_D,2026-08-11 22:00,BUSAN,20FT,0,0,0,0,61,61,0,0
CARRIER_D,2026-08-11 23:00,BUSAN,20FT,0,0,0,0,61,61,0,0
CARRIER_D,2026-08-12 00:00,BUSAN,20FT,0,0,0,0,61,61,0,0
CARRIER_D,2026-08-12 01:00,BUSAN,20FT,0,0,0,0,61,61,0,0
CARRIER_D,2026-08-12 02:00,BUSAN,20FT,0,0,0,0,61,61,0,0
CARRIER_D,2026-08-12 03:00,BUSAN,20FT,0,0,0,0,61,61,0,0
CARRIER_D,2026-08-12 04:00,BUSAN,20FT,0,0,0,0,61,61,0,0
CARRIER_D,2026-08-12 05:00,BUSAN,20FT,1,0,0,0,60,60,0,0
CARRIER_D,2026-08-12 06:00,BUSAN,20FT,3,1,0,0,58,58,0,0
CARRIER_D,2026-08-12 07:00,BUSAN,20FT,0,0,0,0,58,58,0,0
CARRIER_D,2026-08-12 08:00,BUSAN,20FT,2,2,0,0,58,58,0,0
CARRIER_D,2026-08-12 09:00,BUSAN,20FT,3,4,0,0,59,59,0,0
CARRIER_D,2026-08-12 10:00,BUSAN,20FT,1,4,0,0,62,62,0,0
CARRIER_D,2026-08-12 11:00,BUSAN,20FT,4,4,0,0,62,62,0,0
CARRIER_D,2026-08-12 12:00,BUSAN,20FT,2,2,0,0,62,62,0,0
CARRIER_D,2026-08-12 13:00,BUSAN,20FT,1,4,0,0,65,65,0,0
CARRIER_D,2026-08-12 14:00,BUSAN,20FT,5,3,0,0,63,63,0,0
CARRIER_D,2026-08-12 15:00,BUSAN,20FT,0,5,0,0,68,68,0,0
CARRIER_D,2026-08-12 16:00,BUSAN,20FT,4,5,0,0,69,69,0,0
CARRIER_D,2026-08-12 17:00,BUSAN,20FT,3,2,0,0,68,68,0,0
CARRIER_D,2026-08-12 18:00,BUSAN,20FT,0,3,0,0,71,71,0,0
CARRIER_D,2026-08-12 19:00,BUSAN,20FT,0,2,0,0,73,73,0,0
CARRIER_D,2026-08-12 20:00,BUSAN,20FT,0,1,0,0,74,74,0,0
CARRIER_D,2026-08-12 21:00,BUSAN,20FT,0,0,0,0,74,74,0,0
CARRIER_D,2026-08-12 22:00,BUSAN,20FT,0,0,0,0,74,74,0,0
CARRIER_D,2026-08-12 23:00,BUSAN,20FT,0,0,0,0,74,74,0,0
CARRIER_D,2026-08-13 00:00,BUSAN,20FT,0,0,0,0,74,74,0,0
CARRIER_D,2026-08-13 01:00,BUSAN,20FT,0,0,0,0,74,74,0,0
CARRIER_D,2026-08-13 02:00,BUSAN,20FT,0,0,0,0,74,74,0,0
CARRIER_D,2026-08-13 03:00,BUSAN,20FT,0,0,0,0,74,74,0,0
CARRIER_D,2026-08-13 04:00,BUSAN,20FT,0,0,0,0,74,74,0,0
CARRIER_D,2026-08-13 05:00,BUSAN,20FT,0,0,0,0,74,74,0,0
CARRIER_D,2026-08-13 06:00,BUSAN,20FT,2,0,0,0,72,72,0,0
CARRIER_D,2026-08-13 07:00,BUSAN,20FT,2,1,0,0,71,71,0,0
CARRIER_D,2026-08-13 08:00,BUSAN,20FT,1,2,0,0,72,72,0,0
CARRIER_D,2026-08-13 09:00,BUSAN,20FT,1,1,0,0,72,72,0,0
CARRIER_D,2026-08-13 10:00,BUSAN,20FT,1,4,0,0,75,75,0,0
CARRIER_D,2026-08-13 11:00,BUSAN,20FT,3,6,0,0,78,78,0,0
CARRIER_D,2026-08-13 12:00,BUSAN,20FT,2,2,0,0,78,78,0,0
CARRIER_D,2026-08-13 13:00,BUSAN,20FT,3,45,0,0,120,120,0,0
CARRIER_D,2026-08-13 14:00,BUSAN,20FT,2,3,0,0,121,121,0,0
CARRIER_D,2026-08-13 15:00,BUSAN,20FT,1,7,0,0,127,127,0,0
CARRIER_D,2026-08-13 16:00,BUSAN,20FT,1,2,0,0,128,128,0,0
CARRIER_D,2026-08-13 17:00,BUSAN,20FT,1,5,0,0,132,132,0,0
CARRIER_D,2026-08-13 18:00,BUSAN,20FT,1,2,0,0,133,133,0,0
CARRIER_D,2026-08-13 19:00,BUSAN,20FT,0,2,0,0,135,135,0,0
CARRIER_D,2026-08-13 20:00,BUSAN,20FT,0,1,0,0,136,136,0,0
CARRIER_D,2026-08-13 21:00,BUSAN,20FT,0,1,0,0,137,137,0,0
CARRIER_D,2026-08-13 22:00,BUSAN,20FT,0,1,0,0,138,138,0,0
CARRIER_D,2026-08-13 23:00,BUSAN,20FT,0,0,0,0,138,138,0,0
CARRIER_D,2026-08-14 00:00,BUSAN,20FT,0,0,0,0,138,138,0,0
CARRIER_D,2026-08-14 01:00,BUSAN,20FT,0,0,0,0,138,138,0,0
CARRIER_D,2026-08-14 02:00,BUSAN,20FT,0,0,0,0,138,138,0,0
CARRIER_D,2026-08-14 03:00,BUSAN,20FT,0,0,0,0,138,138,0,0
CARRIER_D,2026-08-14 04:00,BUSAN,20FT,0,0,0,0,138,138,0,0
CARRIER_D,2026-08-14 05:00,BUSAN,20FT,1,0,0,0,137,137,0,0
CARRIER_D,2026-08-14 06:00,BUSAN,20FT,0,0,0,0,137,137,0,0
CARRIER_D,2026-08-14 07:00,BUSAN,20FT,0,0,0,0,137,137,0,0
CARRIER_D,2026-08-14 08:00,BUSAN,20FT,2,0,0,0,135,135,0,0
CARRIER_D,2026-08-14 09:00,BUSAN,20FT,1,0,0,0,134,134,0,0
CARRIER_D,2026-08-14 10:00,BUSAN,20FT,5,0,0,0,129,129,0,0
CARRIER_D,2026-08-14 11:00,BUSAN,20FT,2,0,0,0,127,127,0,0
CARRIER_D,2026-08-14 12:00,BUSAN,20FT,2,1,0,0,126,126,0,0
CARRIER_D,2026-08-14 13:00,BUSAN,20FT,2,0,0,0,124,124,0,0
CARRIER_D,2026-08-14 14:00,BUSAN,20FT,3,0,0,0,121,121,0,0
CARRIER_D,2026-08-14 15:00,BUSAN,20FT,1,1,0,0,121,121,0,0
CARRIER_D,2026-08-14 16:00,BUSAN,20FT,0,1,0,0,122,122,0,0
CARRIER_D,2026-08-14 17:00,BUSAN,20FT,0,0,0,0,122,122,0,0
CARRIER_D,2026-08-14 18:00,BUSAN,20FT,1,1,0,0,122,122,0,0
CARRIER_D,2026-08-14 19:00,BUSAN,20FT,0,1,0,0,123,123,0,0
CARRIER_D,2026-08-14 20:00,BUSAN,20FT,0,1,0,0,124,124,0,0
CARRIER_D,2026-08-14 21:00,BUSAN,20FT,0,0,0,0,124,124,0,0
CARRIER_D,2026-08-14 22:00,BUSAN,20FT,0,0,0,0,124,124,0,0
CARRIER_D,2026-08-14 23:00,BUSAN,20FT,0,0,0,0,124,124,0,0
CARRIER_D,2026-08-15 00:00,BUSAN,20FT,0,0,0,0,124,124,0,0
CARRIER_D,2026-08-15 01:00,BUSAN,20FT,0,0,0,0,124,124,0,0
CARRIER_D,2026-08-15 02:00,BUSAN,20FT,0,0,0,0,124,124,0,0
CARRIER_D,2026-08-15 03:00,BUSAN,20FT,0,0,0,0,124,124,0,0
CARRIER_D,2026-08-15 04:00,BUSAN,20FT,0,0,0,0,124,124,0,0
CARRIER_D,2026-08-15 05:00,BUSAN,20FT,1,0,0,0,123,123,0,0
CARRIER_D,2026-08-15 06:00,BUSAN,20FT,0,0,0,0,123,123,0,0
CARRIER_D,2026-08-15 07:00,BUSAN,20FT,1,2,0,0,124,124,0,0
CARRIER_D,2026-08-15 08:00,BUSAN,20FT,0,1,0,0,125,125,0,0
CARRIER_D,2026-08-15 09:00,BUSAN,20FT,1,0,0,0,124,124,0,0
CARRIER_D,2026-08-15 10:00,BUSAN,20FT,1,2,0,0,125,125,0,0
CARRIER_D,2026-08-15 11:00,BUSAN,20FT,1,1,0,0,125,125,0,0
CARRIER_D,2026-08-15 12:00,BUSAN,20FT,1,1,0,0,125,125,0,0
CARRIER_D,2026-08-15 13:00,BUSAN,20FT,0,0,0,0,125,125,0,0
CARRIER_D,2026-08-15 14:00,BUSAN,20FT,0,1,0,0,126,126,0,0
CARRIER_D,2026-08-15 15:00,BUSAN,20FT,1,2,0,0,127,127,0,0
CARRIER_D,2026-08-15 16:00,BUSAN,20FT,1,2,0,0,128,128,0,0
CARRIER_D,2026-08-15 17:00,BUSAN,20FT,0,1,0,0,129,129,0,0
CARRIER_D,2026-08-15 18:00,BUSAN,20FT,0,1,0,0,130,130,0,0
CARRIER_D,2026-08-15 19:00,BUSAN,20FT,0,2,0,0,132,132,0,0
CARRIER_D,2026-08-15 20:00,BUSAN,20FT,0,0,0,0,132,132,0,0
CARRIER_D,2026-08-15 21:00,BUSAN,20FT,0,0,0,0,132,132,0,0
CARRIER_D,2026-08-15 22:00,BUSAN,20FT,0,0,0,0,132,132,0,0
CARRIER_D,2026-08-15 23:00,BUSAN,20FT,0,0,0,0,132,132,0,0
CARRIER_D,2026-08-16 00:00,BUSAN,20FT,0,0,0,0,132,132,0,0
CARRIER_D,2026-08-16 01:00,BUSAN,20FT,0,0,0,0,132,132,0,0
CARRIER_D,2026-08-16 02:00,BUSAN,20FT,0,0,0,0,132,132,0,0
CARRIER_D,2026-08-16 03:00,BUSAN,20FT,0,0,0,0,132,132,0,0
CARRIER_D,2026-08-16 04:00,BUSAN,20FT,0,0,0,0,132,132,0,0
CARRIER_D,2026-08-16 05:00,BUSAN,20FT,1,0,0,0,131,131,0,0
CARRIER_D,2026-08-16 06:00,BUSAN,20FT,1,0,0,0,130,130,0,0
CARRIER_D,2026-08-16 07:00,BUSAN,20FT,2,0,0,0,128,128,0,0
CARRIER_D,2026-08-16 08:00,BUSAN,20FT,0,0,0,0,128,128,0,0
CARRIER_D,2026-08-16 09:00,BUSAN,20FT,2,0,0,0,126,126,0,0
CARRIER_D,2026-08-16 10:00,BUSAN,20FT,1,2,0,0,127,127,0,0
CARRIER_D,2026-08-16 11:00,BUSAN,20FT,2,17,0,0,142,142,0,0
CARRIER_D,2026-08-16 12:00,BUSAN,20FT,0,1,0,0,143,143,0,0
CARRIER_D,2026-08-16 13:00,BUSAN,20FT,0,1,0,0,144,144,0,0
CARRIER_D,2026-08-16 14:00,BUSAN,20FT,1,2,0,0,145,145,0,0
CARRIER_D,2026-08-16 15:00,BUSAN,20FT,0,1,0,0,146,146,0,0
CARRIER_D,2026-08-16 16:00,BUSAN,20FT,2,2,0,0,146,146,0,0
CARRIER_D,2026-08-16 17:00,BUSAN,20FT,1,0,0,0,145,145,0,0
CARRIER_D,2026-08-16 18:00,BUSAN,20FT,2,1,0,0,144,144,0,0
CARRIER_D,2026-08-16 19:00,BUSAN,20FT,0,1,0,0,145,145,0,0
CARRIER_D,2026-08-16 20:00,BUSAN,20FT,0,0,0,0,145,145,0,0
CARRIER_D,2026-08-16 21:00,BUSAN,20FT,0,0,0,0,145,145,0,0
CARRIER_D,2026-08-16 22:00,BUSAN,20FT,0,0,0,0,145,145,0,0
CARRIER_D,2026-08-16 23:00,BUSAN,20FT,0,0,0,0,145,145,0,0
CARRIER_D,2026-08-10 00:00,BUSAN,40FT,0,0,0,0,10,10,0,0
CARRIER_D,2026-08-10 01:00,BUSAN,40FT,0,0,0,0,10,10,0,0
CARRIER_D,2026-08-10 02:00,BUSAN,40FT,0,0,0,0,10,10,0,0
CARRIER_D,2026-08-10 03:00,BUSAN,40FT,0,0,0,0,10,10,0,0
CARRIER_D,2026-08-10 04:00,BUSAN,40FT,0,0,0,0,10,10,0,0
CARRIER_D,2026-08-10 05:00,BUSAN,40FT,0,0,0,0,10,10,0,0
CARRIER_D,2026-08-10 06:00,BUSAN,40FT,0,0,0,0,10,10,0,0
CARRIER_D,2026-08-10 07:00,BUSAN,40FT,0,0,0,0,10,10,0,0
CARRIER_D,2026-08-10 08:00,BUSAN,40FT,0,0,0,0,10,10,0,0
CARRIER_D,2026-08-10 09:00,BUSAN,40FT,0,0,0,0,10,10,0,0
CARRIER_D,2026-08-10 10:00,BUSAN,40FT,0,0,0,0,10,10,0,0
CARRIER_D,2026-08-10 11:00,BUSAN,40FT,1,0,0,0,9,9,0,0
CARRIER_D,2026-08-10 12:00,BUSAN,40FT,0,0,0,0,9,9,0,0
CARRIER_D,2026-08-10 13:00,BUSAN,40FT,0,0,0,0,9,9,0,0
CARRIER_D,2026-08-10 14:00,BUSAN,40FT,0,0,0,0,9,9,0,0
CARRIER_D,2026-08-10 15:00,BUSAN,40FT,0,1,0,0,10,10,0,0
CARRIER_D,2026-08-10 16:00,BUSAN,40FT,0,0,0,0,10,10,0,0
CARRIER_D,2026-08-10 17:00,BUSAN,40FT,0,0,0,0,10,10,0,0
CARRIER_D,2026-08-10 18:00,BUSAN,40FT,0,0,0,0,10,10,0,0
CARRIER_D,2026-08-10 19:00,BUSAN,40FT,0,0,0,0,10,10,0,0
CARRIER_D,2026-08-10 20:00,BUSAN,40FT,0,0,0,0,10,10,0,0
CARRIER_D,2026-08-10 21:00,BUSAN,40FT,0,0,0,0,10,10,0,0
CARRIER_D,2026-08-10 22:00,BUSAN,40FT,0,0,0,0,10,10,0,0
CARRIER_D,2026-08-10 23:00,BUSAN,40FT,0,0,0,0,10,10,0,0
CARRIER_D,2026-08-11 00:00,BUSAN,40FT,0,0,0,0,10,10,0,0
CARRIER_D,2026-08-11 01:00,BUSAN,40FT,0,0,0,0,10,10,0,0
CARRIER_D,2026-08-11 02:00,BUSAN,40FT,0,0,0,0,10,10,0,0
CARRIER_D,2026-08-11 03:00,BUSAN,40FT,0,0,0,0,10,10,0,0
CARRIER_D,2026-08-11 04:00,BUSAN,40FT,0,0,0,0,10,10,0,0
CARRIER_D,2026-08-11 05:00,BUSAN,40FT,0,0,0,0,10,10,0,0
CARRIER_D,2026-08-11 06:00,BUSAN,40FT,0,0,0,0,10,10,0,0
CARRIER_D,2026-08-11 07:00,BUSAN,40FT,1,0,0,0,9,9,0,0
CARRIER_D,2026-08-11 08:00,BUSAN,40FT,0,0,0,0,9,9,0,0
CARRIER_D,2026-08-11 09:00,BUSAN,40FT,0,0,0,0,9,9,0,0
CARRIER_D,2026-08-11 10:00,BUSAN,40FT,0,0,0,0,9,9,0,0
CARRIER_D,2026-08-11 11:00,BUSAN,40FT,1,0,0,0,8,8,0,0
CARRIER_D,2026-08-11 12:00,BUSAN,40FT,0,0,0,0,8,8,0,0
CARRIER_D,2026-08-11 13:00,BUSAN,40FT,0,0,0,0,8,8,0,0
CARRIER_D,2026-08-11 14:00,BUSAN,40FT,0,0,0,0,8,8,0,0
CARRIER_D,2026-08-11 15:00,BUSAN,40FT,0,1,0,0,9,9,0,0
CARRIER_D,2026-08-11 16:00,BUSAN,40FT,1,0,0,0,8,8,0,0
CARRIER_D,2026-08-11 17:00,BUSAN,40FT,0,0,0,0,8,8,0,0
CARRIER_D,2026-08-11 18:00,BUSAN,40FT,0,0,0,0,8,8,0,0
CARRIER_D,2026-08-11 19:00,BUSAN,40FT,0,0,0,0,8,8,0,0
CARRIER_D,2026-08-11 20:00,BUSAN,40FT,0,36,0,0,44,44,0,0
CARRIER_D,2026-08-11 21:00,BUSAN,40FT,0,1,0,0,45,45,0,0
CARRIER_D,2026-08-11 22:00,BUSAN,40FT,0,0,0,0,45,45,0,0
CARRIER_D,2026-08-11 23:00,BUSAN,40FT,0,0,0,0,45,45,0,0
CARRIER_D,2026-08-12 00:00,BUSAN,40FT,0,0,0,0,45,45,0,0
CARRIER_D,2026-08-12 01:00,BUSAN,40FT,0,0,0,0,45,45,0,0
CARRIER_D,2026-08-12 02:00,BUSAN,40FT,0,0,0,0,45,45,0,0
CARRIER_D,2026-08-12 03:00,BUSAN,40FT,0,0,0,0,45,45,0,0
CARRIER_D,2026-08-12 04:00,BUSAN,40FT,0,0,0,0,45,45,0,0
CARRIER_D,2026-08-12 05:00,BUSAN,40FT,0,0,0,0,45,45,0,0
CARRIER_D,2026-08-12 06:00,BUSAN,40FT,0,0,0,0,45,45,0,0
CARRIER_D,2026-08-12 07:00,BUSAN,40FT,0,0,0,0,45,45,0,0
CARRIER_D,2026-08-12 08:00,BUSAN,40FT,0,0,0,0,45,45,0,0
CARRIER_D,2026-08-12 09:00,BUSAN,40FT,0,0,0,0,45,45,0,0
CARRIER_D,2026-08-12 10:00,BUSAN,40FT,1,0,0,0,44,44,0,0
CARRIER_D,2026-08-12 11:00,BUSAN,40FT,0,0,0,0,44,44,0,0
CARRIER_D,2026-08-12 12:00,BUSAN,40FT,0,1,0,0,45,45,0,0
CARRIER_D,2026-08-12 13:00,BUSAN,40FT,1,0,0,0,44,44,0,0
CARRIER_D,2026-08-12 14:00,BUSAN,40FT,0,0,0,0,44,44,0,0
CARRIER_D,2026-08-12 15:00,BUSAN,40FT,0,1,0,0,45,45,0,0
CARRIER_D,2026-08-12 16:00,BUSAN,40FT,0,0,0,0,45,45,0,0
CARRIER_D,2026-08-12 17:00,BUSAN,40FT,0,1,0,0,46,46,0,0
CARRIER_D,2026-08-12 18:00,BUSAN,40FT,0,1,0,0,47,47,0,0
CARRIER_D,2026-08-12 19:00,BUSAN,40FT,0,1,0,0,48,48,0,0
CARRIER_D,2026-08-12 20:00,BUSAN,40FT,0,0,0,0,48,48,0,0
CARRIER_D,2026-08-12 21:00,BUSAN,40FT,0,0,0,0,48,48,0,0
CARRIER_D,2026-08-12 22:00,BUSAN,40FT,0,0,0,0,48,48,0,0
CARRIER_D,2026-08-12 23:00,BUSAN,40FT,0,0,0,0,48,48,0,0
CARRIER_D,2026-08-13 00:00,BUSAN,40FT,0,0,0,0,48,48,0,0
CARRIER_D,2026-08-13 01:00,BUSAN,40FT,0,0,0,0,48,48,0,0
CARRIER_D,2026-08-13 02:00,BUSAN,40FT,0,0,0,0,48,48,0,0
CARRIER_D,2026-08-13 03:00,BUSAN,40FT,0,0,0,0,48,48,0,0
CARRIER_D,2026-08-13 04:00,BUSAN,40FT,0,0,0,0,48,48,0,0
CARRIER_D,2026-08-13 05:00,BUSAN,40FT,0,0,0,0,48,48,0,0
CARRIER_D,2026-08-13 06:00,BUSAN,40FT,0,0,0,0,48,48,0,0
CARRIER_D,2026-08-13 07:00,BUSAN,40FT,0,1,0,0,49,49,0,0
CARRIER_D,2026-08-13 08:00,BUSAN,40FT,0,0,0,0,49,49,0,0
CARRIER_D,2026-08-13 09:00,BUSAN,40FT,1,0,0,0,48,48,0,0
CARRIER_D,2026-08-13 10:00,BUSAN,40FT,0,1,0,0,49,49,0,0
CARRIER_D,2026-08-13 11:00,BUSAN,40FT,0,0,0,0,49,49,0,0
CARRIER_D,2026-08-13 12:00,BUSAN,40FT,0,0,0,0,49,49,0,0
CARRIER_D,2026-08-13 13:00,BUSAN,40FT,0,0,0,0,49,49,0,0
CARRIER_D,2026-08-13 14:00,BUSAN,40FT,0,1,0,0,50,50,0,0
CARRIER_D,2026-08-13 15:00,BUSAN,40FT,0,1,0,0,51,51,0,0
CARRIER_D,2026-08-13 16:00,BUSAN,40FT,0,1,0,0,52,52,0,0
CARRIER_D,2026-08-13 17:00,BUSAN,40FT,0,0,0,0,52,52,0,0
CARRIER_D,2026-08-13 18:00,BUSAN,40FT,0,1,0,0,53,53,0,0
CARRIER_D,2026-08-13 19:00,BUSAN,40FT,0,0,0,0,53,53,0,0
CARRIER_D,2026-08-13 20:00,BUSAN,40FT,0,0,0,0,53,53,0,0
CARRIER_D,2026-08-13 21:00,BUSAN,40FT,0,0,0,0,53,53,0,0
CARRIER_D,2026-08-13 22:00,BUSAN,40FT,0,0,0,0,53,53,0,0
CARRIER_D,2026-08-13 23:00,BUSAN,40FT,0,0,0,0,53,53,0,0
CARRIER_D,2026-08-14 00:00,BUSAN,40FT,0,0,0,0,53,53,0,0
CARRIER_D,2026-08-14 01:00,BUSAN,40FT,0,0,0,0,53,53,0,0
CARRIER_D,2026-08-14 02:00,BUSAN,40FT,0,0,0,0,53,53,0,0
CARRIER_D,2026-08-14 03:00,BUSAN,40FT,0,0,0,0,53,53,0,0
CARRIER_D,2026-08-14 04:00,BUSAN,40FT,0,0,0,0,53,53,0,0
CARRIER_D,2026-08-14 05:00,BUSAN,40FT,1,0,0,0,52,52,0,0
CARRIER_D,2026-08-14 06:00,BUSAN,40FT,0,0,0,0,52,52,0,0
CARRIER_D,2026-08-14 07:00,BUSAN,40FT,0,0,0,0,52,52,0,0
CARRIER_D,2026-08-14 08:00,BUSAN,40FT,0,0,0,0,52,52,0,0
CARRIER_D,2026-08-14 09:00,BUSAN,40FT,0,0,0,0,52,52,0,0
CARRIER_D,2026-08-14 10:00,BUSAN,40FT,0,0,0,0,52,52,0,0
CARRIER_D,2026-08-14 11:00,BUSAN,40FT,0,0,0,0,52,52,0,0
CARRIER_D,2026-08-14 12:00,BUSAN,40FT,0,0,0,0,52,52,0,0
CARRIER_D,2026-08-14 13:00,BUSAN,40FT,0,0,0,0,52,52,0,0
CARRIER_D,2026-08-14 14:00,BUSAN,40FT,0,0,0,0,52,52,0,0
CARRIER_D,2026-08-14 15:00,BUSAN,40FT,0,0,0,0,52,52,0,0
CARRIER_D,2026-08-14 16:00,BUSAN,40FT,1,1,0,0,52,52,0,0
CARRIER_D,2026-08-14 17:00,BUSAN,40FT,0,0,0,0,52,52,0,0
CARRIER_D,2026-08-14 18:00,BUSAN,40FT,0,0,0,0,52,52,0,0
CARRIER_D,2026-08-14 19:00,BUSAN,40FT,0,0,0,0,52,52,0,0
CARRIER_D,2026-08-14 20:00,BUSAN,40FT,0,0,0,0,52,52,0,0
CARRIER_D,2026-08-14 21:00,BUSAN,40FT,0,0,0,0,52,52,0,0
CARRIER_D,2026-08-14 22:00,BUSAN,40FT,0,0,0,0,52,52,0,0
CARRIER_D,2026-08-14 23:00,BUSAN,40FT,0,0,0,0,52,52,0,0
CARRIER_D,2026-08-15 00:00,BUSAN,40FT,0,0,0,0,52,52,0,0
CARRIER_D,2026-08-15 01:00,BUSAN,40FT,0,0,0,0,52,52,0,0
CARRIER_D,2026-08-15 02:00,BUSAN,40FT,0,0,0,0,52,52,0,0
CARRIER_D,2026-08-15 03:00,BUSAN,40FT,0,0,0,0,52,52,0,0
CARRIER_D,2026-08-15 04:00,BUSAN,40FT,0,0,0,0,52,52,0,0
CARRIER_D,2026-08-15 05:00,BUSAN,40FT,0,0,0,0,52,52,0,0
CARRIER_D,2026-08-15 06:00,BUSAN,40FT,0,0,0,0,52,52,0,0
CARRIER_D,2026-08-15 07:00,BUSAN,40FT,0,0,0,0,52,52,0,0
CARRIER_D,2026-08-15 08:00,BUSAN,40FT,0,0,0,0,52,52,0,0
CARRIER_D,2026-08-15 09:00,BUSAN,40FT,0,0,0,0,52,52,0,0
CARRIER_D,2026-08-15 10:00,BUSAN,40FT,0,0,0,0,52,52,0,0
CARRIER_D,2026-08-15 11:00,BUSAN,40FT,1,0,0,0,51,51,0,0
CARRIER_D,2026-08-15 12:00,BUSAN,40FT,0,0,0,0,51,51,0,0
CARRIER_D,2026-08-15 13:00,BUSAN,40FT,0,0,0,0,51,51,0,0
CARRIER_D,2026-08-15 14:00,BUSAN,40FT,0,1,0,0,52,52,0,0
CARRIER_D,2026-08-15 15:00,BUSAN,40FT,0,0,0,0,52,52,0,0
CARRIER_D,2026-08-15 16:00,BUSAN,40FT,0,0,0,0,52,52,0,0
CARRIER_D,2026-08-15 17:00,BUSAN,40FT,0,0,0,0,52,52,0,0
CARRIER_D,2026-08-15 18:00,BUSAN,40FT,0,0,0,0,52,52,0,0
CARRIER_D,2026-08-15 19:00,BUSAN,40FT,0,0,0,0,52,52,0,0
CARRIER_D,2026-08-15 20:00,BUSAN,40FT,0,1,0,0,53,53,0,0
CARRIER_D,2026-08-15 21:00,BUSAN,40FT,0,0,0,0,53,53,0,0
CARRIER_D,2026-08-15 22:00,BUSAN,40FT,0,0,0,0,53,53,0,0
CARRIER_D,2026-08-15 23:00,BUSAN,40FT,0,0,0,0,53,53,0,0
CARRIER_D,2026-08-16 00:00,BUSAN,40FT,0,0,0,0,53,53,0,0
CARRIER_D,2026-08-16 01:00,BUSAN,40FT,0,0,0,0,53,53,0,0
CARRIER_D,2026-08-16 02:00,BUSAN,40FT,0,0,0,0,53,53,0,0
CARRIER_D,2026-08-16 03:00,BUSAN,40FT,0,0,0,0,53,53,0,0
CARRIER_D,2026-08-16 04:00,BUSAN,40FT,0,0,0,0,53,53,0,0
CARRIER_D,2026-08-16 05:00,BUSAN,40FT,0,0,0,0,53,53,0,0
CARRIER_D,2026-08-16 06:00,BUSAN,40FT,0,0,0,0,53,53,0,0
CARRIER_D,2026-08-16 07:00,BUSAN,40FT,0,0,0,0,53,53,0,0
CARRIER_D,2026-08-16 08:00,BUSAN,40FT,0,0,0,0,53,53,0,0
CARRIER_D,2026-08-16 09:00,BUSAN,40FT,0,0,0,0,53,53,0,0
CARRIER_D,2026-08-16 10:00,BUSAN,40FT,0,0,0,0,53,53,0,0
CARRIER_D,2026-08-16 11:00,BUSAN,40FT,0,0,0,0,53,53,0,0
CARRIER_D,2026-08-16 12:00,BUSAN,40FT,0,0,0,0,53,53,0,0
CARRIER_D,2026-08-16 13:00,BUSAN,40FT,0,1,0,0,54,54,0,0
CARRIER_D,2026-08-16 14:00,BUSAN,40FT,1,0,0,0,53,53,0,0
CARRIER_D,2026-08-16 15:00,BUSAN,40FT,0,0,0,0,53,53,0,0
CARRIER_D,2026-08-16 16:00,BUSAN,40FT,0,0,0,0,53,53,0,0
CARRIER_D,2026-08-16 17:00,BUSAN,40FT,0,0,0,0,53,53,0,0
CARRIER_D,2026-08-16 18:00,BUSAN,40FT,0,0,0,0,53,53,0,0
CARRIER_D,2026-08-16 19:00,BUSAN,40FT,0,0,0,0,53,53,0,0
CARRIER_D,2026-08-16 20:00,BUSAN,40FT,0,0,0,0,53,53,0,0
CARRIER_D,2026-08-16 21:00,BUSAN,40FT,0,0,0,0,53,53,0,0
CARRIER_D,2026-08-16 22:00,BUSAN,40FT,0,0,0,0,53,53,0,0
CARRIER_D,2026-08-16 23:00,BUSAN,40FT,0,0,0,0,53,53,0,0
CARRIER_D,2026-08-10 00:00,DONGSAN,20FT,0,0,0,0,1,1,0,0
CARRIER_D,2026-08-10 01:00,DONGSAN,20FT,0,0,0,0,1,1,0,0
CARRIER_D,2026-08-10 02:00,DONGSAN,20FT,0,0,0,0,1,1,0,0
CARRIER_D,2026-08-10 03:00,DONGSAN,20FT,0,0,0,0,1,1,0,0
CARRIER_D,2026-08-10 04:00,DONGSAN,20FT,0,0,0,0,1,1,0,0
CARRIER_D,2026-08-10 05:00,DONGSAN,20FT,0,0,0,0,1,1,0,0
CARRIER_D,2026-08-10 06:00,DONGSAN,20FT,0,0,0,0,1,1,0,0
CARRIER_D,2026-08-10 07:00,DONGSAN,20FT,0,0,0,0,1,1,0,0
CARRIER_D,2026-08-10 08:00,DONGSAN,20FT,0,0,0,0,1,1,0,0
CARRIER_D,2026-08-10 09:00,DONGSAN,20FT,0,0,0,0,1,1,0,0
CARRIER_D,2026-08-10 10:00,DONGSAN,20FT,0,0,0,0,1,1,0,0
CARRIER_D,2026-08-10 11:00,DONGSAN,20FT,0,0,0,0,1,1,0,0
CARRIER_D,2026-08-10 12:00,DONGSAN,20FT,0,0,0,0,1,1,0,0
CARRIER_D,2026-08-10 13:00,DONGSAN,20FT,0,0,0,0,1,1,0,0
CARRIER_D,2026-08-10 14:00,DONGSAN,20FT,0,0,0,0,1,1,0,0
CARRIER_D,2026-08-10 15:00,DONGSAN,20FT,0,0,0,0,1,1,0,0
CARRIER_D,2026-08-10 16:00,DONGSAN,20FT,0,0,0,0,1,1,0,0
CARRIER_D,2026-08-10 17:00,DONGSAN,20FT,0,0,0,0,1,1,0,0
CARRIER_D,2026-08-10 18:00,DONGSAN,20FT,0,0,0,0,1,1,0,0
CARRIER_D,2026-08-10 19:00,DONGSAN,20FT,0,0,0,0,1,1,0,0
CARRIER_D,2026-08-10 20:00,DONGSAN,20FT,0,0,0,0,1,1,0,0
CARRIER_D,2026-08-10 21:00,DONGSAN,20FT,0,0,0,0,1,1,0,0
CARRIER_D,2026-08-10 22:00,DONGSAN,20FT,0,0,0,0,1,1,0,0
CARRIER_D,2026-08-10 23:00,DONGSAN,20FT,0,0,0,0,1,1,0,0
CARRIER_D,2026-08-11 00:00,DONGSAN,20FT,0,0,0,0,1,1,0,0
CARRIER_D,2026-08-11 01:00,DONGSAN,20FT,0,0,0,0,1,1,0,0
CARRIER_D,2026-08-11 02:00,DONGSAN,20FT,0,0,0,0,1,1,0,0
CARRIER_D,2026-08-11 03:00,DONGSAN,20FT,0,0,0,0,1,1,0,0
CARRIER_D,2026-08-11 04:00,DONGSAN,20FT,0,0,0,0,1,1,0,0
CARRIER_D,2026-08-11 05:00,DONGSAN,20FT,0,0,0,0,1,1,0,0
CARRIER_D,2026-08-11 06:00,DONGSAN,20FT,0,0,0,0,1,1,0,0
CARRIER_D,2026-08-11 07:00,DONGSAN,20FT,0,0,0,0,1,1,0,0
CARRIER_D,2026-08-11 08:00,DONGSAN,20FT,0,0,0,0,1,1,0,0
CARRIER_D,2026-08-11 09:00,DONGSAN,20FT,0,0,0,0,1,1,0,0
CARRIER_D,2026-08-11 10:00,DONGSAN,20FT,0,0,0,0,1,1,0,0
CARRIER_D,2026-08-11 11:00,DONGSAN,20FT,0,0,0,0,1,1,0,0
CARRIER_D,2026-08-11 12:00,DONGSAN,20FT,0,0,0,0,1,1,0,0
CARRIER_D,2026-08-11 13:00,DONGSAN,20FT,0,0,0,0,1,1,0,0
CARRIER_D,2026-08-11 14:00,DONGSAN,20FT,0,0,0,0,1,1,0,0
CARRIER_D,2026-08-11 15:00,DONGSAN,20FT,0,0,0,0,1,1,0,0
CARRIER_D,2026-08-11 16:00,DONGSAN,20FT,0,0,0,0,1,1,0,0
CARRIER_D,2026-08-11 17:00,DONGSAN,20FT,0,0,0,0,1,1,0,0
CARRIER_D,2026-08-11 18:00,DONGSAN,20FT,0,0,0,0,1,1,0,0
CARRIER_D,2026-08-11 19:00,DONGSAN,20FT,0,0,0,0,1,1,0,0
CARRIER_D,2026-08-11 20:00,DONGSAN,20FT,0,0,0,0,1,1,0,0
CARRIER_D,2026-08-11 21:00,DONGSAN,20FT,0,0,0,0,1,1,0,0
CARRIER_D,2026-08-11 22:00,DONGSAN,20FT,0,0,0,0,1,1,0,0
CARRIER_D,2026-08-11 23:00,DONGSAN,20FT,0,0,0,0,1,1,0,0
CARRIER_D,2026-08-12 00:00,DONGSAN,20FT,0,0,0,0,1,1,0,0
CARRIER_D,2026-08-12 01:00,DONGSAN,20FT,0,0,0,0,1,1,0,0
CARRIER_D,2026-08-12 02:00,DONGSAN,20FT,0,0,0,0,1,1,0,0
CARRIER_D,2026-08-12 03:00,DONGSAN,20FT,0,0,0,0,1,1,0,0
CARRIER_D,2026-08-12 04:00,DONGSAN,20FT,0,0,0,0,1,1,0,0
CARRIER_D,2026-08-12 05:00,DONGSAN,20FT,0,0,0,0,1,1,0,0
CARRIER_D,2026-08-12 06:00,DONGSAN,20FT,0,0,0,0,1,1,0,0
CARRIER_D,2026-08-12 07:00,DONGSAN,20FT,0,0,0,0,1,1,0,0
CARRIER_D,2026-08-12 08:00,DONGSAN,20FT,0,0,0,0,1,1,0,0
CARRIER_D,2026-08-12 09:00,DONGSAN,20FT,0,0,0,0,1,1,0,0
CARRIER_D,2026-08-12 10:00,DONGSAN,20FT,0,0,0,0,1,1,0,0
CARRIER_D,2026-08-12 11:00,DONGSAN,20FT,0,0,0,0,1,1,0,0
CARRIER_D,2026-08-12 12:00,DONGSAN,20FT,0,0,0,0,1,1,0,0
CARRIER_D,2026-08-12 13:00,DONGSAN,20FT,0,0,0,0,1,1,0,0
CARRIER_D,2026-08-12 14:00,DONGSAN,20FT,0,0,0,0,1,1,0,0
CARRIER_D,2026-08-12 15:00,DONGSAN,20FT,0,0,0,0,1,1,0,0
CARRIER_D,2026-08-12 16:00,DONGSAN,20FT,1,0,0,0,0,0,0,0
CARRIER_D,2026-08-12 17:00,DONGSAN,20FT,0,0,0,0,0,0,0,0
CARRIER_D,2026-08-12 18:00,DONGSAN,20FT,0,0,0,0,0,0,0,0
CARRIER_D,2026-08-12 19:00,DONGSAN,20FT,0,0,0,0,0,0,0,0
CARRIER_D,2026-08-12 20:00,DONGSAN,20FT,0,0,0,0,0,0,0,0
CARRIER_D,2026-08-12 21:00,DONGSAN,20FT,0,0,0,0,0,0,0,0
CARRIER_D,2026-08-12 22:00,DONGSAN,20FT,0,0,0,0,0,0,0,0
CARRIER_D,2026-08-12 23:00,DONGSAN,20FT,0,0,0,0,0,0,0,0
CARRIER_D,2026-08-13 00:00,DONGSAN,20FT,0,0,0,0,0,0,0,0
CARRIER_D,2026-08-13 01:00,DONGSAN,20FT,0,0,0,0,0,0,0,0
CARRIER_D,2026-08-13 02:00,DONGSAN,20FT,0,0,0,0,0,0,0,0
CARRIER_D,2026-08-13 03:00,DONGSAN,20FT,0,0,0,0,0,0,0,0
CARRIER_D,2026-08-13 04:00,DONGSAN,20FT,0,0,0,0,0,0,0,0
CARRIER_D,2026-08-13 05:00,DONGSAN,20FT,0,0,0,0,0,0,0,0
CARRIER_D,2026-08-13 06:00,DONGSAN,20FT,0,0,0,0,0,0,0,0
CARRIER_D,2026-08-13 07:00,DONGSAN,20FT,0,1,0,0,1,1,0,0
CARRIER_D,2026-08-13 08:00,DONGSAN,20FT,0,0,0,0,1,1,0,0
CARRIER_D,2026-08-13 09:00,DONGSAN,20FT,0,0,0,0,1,1,0,0
CARRIER_D,2026-08-13 10:00,DONGSAN,20FT,0,0,0,0,1,1,0,0
CARRIER_D,2026-08-13 11:00,DONGSAN,20FT,0,0,0,0,1,1,0,0
CARRIER_D,2026-08-13 12:00,DONGSAN,20FT,0,0,0,0,1,1,0,0
CARRIER_D,2026-08-13 13:00,DONGSAN,20FT,0,0,0,0,1,1,0,0
CARRIER_D,2026-08-13 14:00,DONGSAN,20FT,0,0,0,0,1,1,0,0
CARRIER_D,2026-08-13 15:00,DONGSAN,20FT,0,0,0,0,1,1,0,0
CARRIER_D,2026-08-13 16:00,DONGSAN,20FT,0,0,0,0,1,1,0,0
CARRIER_D,2026-08-13 17:00,DONGSAN,20FT,0,0,0,0,1,1,0,0
CARRIER_D,2026-08-13 18:00,DONGSAN,20FT,0,0,0,0,1,1,0,0
CARRIER_D,2026-08-13 19:00,DONGSAN,20FT,0,0,0,0,1,1,0,0
CARRIER_D,2026-08-13 20:00,DONGSAN,20FT,0,0,0,0,1,1,0,0
CARRIER_D,2026-08-13 21:00,DONGSAN,20FT,0,0,0,0,1,1,0,0
CARRIER_D,2026-08-13 22:00,DONGSAN,20FT,0,0,0,0,1,1,0,0
CARRIER_D,2026-08-13 23:00,DONGSAN,20FT,0,0,0,0,1,1,0,0
CARRIER_D,2026-08-14 00:00,DONGSAN,20FT,0,0,0,0,1,1,0,0
CARRIER_D,2026-08-14 01:00,DONGSAN,20FT,0,0,0,0,1,1,0,0
CARRIER_D,2026-08-14 02:00,DONGSAN,20FT,0,0,0,0,1,1,0,0
CARRIER_D,2026-08-14 03:00,DONGSAN,20FT,0,0,0,0,1,1,0,0
CARRIER_D,2026-08-14 04:00,DONGSAN,20FT,0,0,0,0,1,1,0,0
CARRIER_D,2026-08-14 05:00,DONGSAN,20FT,0,0,0,0,1,1,0,0
CARRIER_D,2026-08-14 06:00,DONGSAN,20FT,0,0,0,0,1,1,0,0
CARRIER_D,2026-08-14 07:00,DONGSAN,20FT,0,0,0,0,1,1,0,0
CARRIER_D,2026-08-14 08:00,DONGSAN,20FT,0,0,0,0,1,1,0,0
CARRIER_D,2026-08-14 09:00,DONGSAN,20FT,0,0,0,0,1,1,0,0
CARRIER_D,2026-08-14 10:00,DONGSAN,20FT,0,0,0,0,1,1,0,0
CARRIER_D,2026-08-14 11:00,DONGSAN,20FT,0,0,0,0,1,1,0,0
CARRIER_D,2026-08-14 12:00,DONGSAN,20FT,0,0,0,0,1,1,0,0
CARRIER_D,2026-08-14 13:00,DONGSAN,20FT,0,0,0,0,1,1,0,0
CARRIER_D,2026-08-14 14:00,DONGSAN,20FT,0,0,0,0,1,1,0,0
CARRIER_D,2026-08-14 15:00,DONGSAN,20FT,0,0,0,0,1,1,0,0
CARRIER_D,2026-08-14 16:00,DONGSAN,20FT,0,0,0,0,1,1,0,0
CARRIER_D,2026-08-14 17:00,DONGSAN,20FT,0,0,0,0,1,1,0,0
CARRIER_D,2026-08-14 18:00,DONGSAN,20FT,0,0,0,0,1,1,0,0
CARRIER_D,2026-08-14 19:00,DONGSAN,20FT,0,0,0,0,1,1,0,0
CARRIER_D,2026-08-14 20:00,DONGSAN,20FT,0,0,0,0,1,1,0,0
CARRIER_D,2026-08-14 21:00,DONGSAN,20FT,0,0,0,0,1,1,0,0
CARRIER_D,2026-08-14 22:00,DONGSAN,20FT,0,0,0,0,1,1,0,0
CARRIER_D,2026-08-14 23:00,DONGSAN,20FT,0,0,0,0,1,1,0,0
CARRIER_D,2026-08-15 00:00,DONGSAN,20FT,0,0,0,0,1,1,0,0
CARRIER_D,2026-08-15 01:00,DONGSAN,20FT,0,0,0,0,1,1,0,0
CARRIER_D,2026-08-15 02:00,DONGSAN,20FT,0,0,0,0,1,1,0,0
CARRIER_D,2026-08-15 03:00,DONGSAN,20FT,0,0,0,0,1,1,0,0
CARRIER_D,2026-08-15 04:00,DONGSAN,20FT,0,0,0,0,1,1,0,0
CARRIER_D,2026-08-15 05:00,DONGSAN,20FT,0,0,0,0,1,1,0,0
CARRIER_D,2026-08-15 06:00,DONGSAN,20FT,0,0,0,0,1,1,0,0
CARRIER_D,2026-08-15 07:00,DONGSAN,20FT,0,0,0,0,1,1,0,0
CARRIER_D,2026-08-15 08:00,DONGSAN,20FT,0,0,0,0,1,1,0,0
CARRIER_D,2026-08-15 09:00,DONGSAN,20FT,0,0,0,0,1,1,0,0
CARRIER_D,2026-08-15 10:00,DONGSAN,20FT,1,0,0,0,0,0,0,0
CARRIER_D,2026-08-15 11:00,DONGSAN,20FT,0,0,0,0,0,0,0,0
CARRIER_D,2026-08-15 12:00,DONGSAN,20FT,0,0,0,0,0,0,0,0
CARRIER_D,2026-08-15 13:00,DONGSAN,20FT,0,0,0,0,0,0,0,0
CARRIER_D,2026-08-15 14:00,DONGSAN,20FT,0,0,0,0,0,0,0,0
CARRIER_D,2026-08-15 15:00,DONGSAN,20FT,0,0,0,0,0,0,0,0
CARRIER_D,2026-08-15 16:00,DONGSAN,20FT,0,0,0,0,0,0,0,0
CARRIER_D,2026-08-15 17:00,DONGSAN,20FT,0,0,0,0,0,0,0,0
CARRIER_D,2026-08-15 18:00,DONGSAN,20FT,0,0,0,0,0,0,0,0
CARRIER_D,2026-08-15 19:00,DONGSAN,20FT,0,0,0,0,0,0,0,0
CARRIER_D,2026-08-15 20:00,DONGSAN,20FT,0,0,0,0,0,0,0,0
CARRIER_D,2026-08-15 21:00,DONGSAN,20FT,0,0,0,0,0,0,0,0
CARRIER_D,2026-08-15 22:00,DONGSAN,20FT,0,0,0,0,0,0,0,0
CARRIER_D,2026-08-15 23:00,DONGSAN,20FT,0,0,0,0,0,0,0,0
CARRIER_D,2026-08-16 00:00,DONGSAN,20FT,0,0,0,0,0,0,0,0
CARRIER_D,2026-08-16 01:00,DONGSAN,20FT,0,0,0,0,0,0,0,0
CARRIER_D,2026-08-16 02:00,DONGSAN,20FT,0,0,0,0,0,0,0,0
CARRIER_D,2026-08-16 03:00,DONGSAN,20FT,0,0,0,0,0,0,0,0
CARRIER_D,2026-08-16 04:00,DONGSAN,20FT,0,0,0,0,0,0,0,0
CARRIER_D,2026-08-16 05:00,DONGSAN,20FT,0,0,0,0,0,0,0,0
CARRIER_D,2026-08-16 06:00,DONGSAN,20FT,0,0,0,0,0,0,0,0
CARRIER_D,2026-08-16 07:00,DONGSAN,20FT,0,0,0,0,0,0,0,0
CARRIER_D,2026-08-16 08:00,DONGSAN,20FT,0,0,0,0,0,0,0,0
CARRIER_D,2026-08-16 09:00,DONGSAN,20FT,0,0,0,0,0,0,0,0
CARRIER_D,2026-08-16 10:00,DONGSAN,20FT,0,0,0,0,0,0,0,0
CARRIER_D,2026-08-16 11:00,DONGSAN,20FT,0,0,0,0,0,0,0,0
CARRIER_D,2026-08-16 12:00,DONGSAN,20FT,0,0,0,0,0,0,0,0
CARRIER_D,2026-08-16 13:00,DONGSAN,20FT,0,0,0,0,0,0,0,0
CARRIER_D,2026-08-16 14:00,DONGSAN,20FT,0,0,0,0,0,0,0,0
CARRIER_D,2026-08-16 15:00,DONGSAN,20FT,0,0,0,0,0,0,0,0
CARRIER_D,2026-08-16 16:00,DONGSAN,20FT,0,0,0,0,0,0,0,0
CARRIER_D,2026-08-16 17:00,DONGSAN,20FT,0,0,0,0,0,0,0,0
CARRIER_D,2026-08-16 18:00,DONGSAN,20FT,0,0,0,0,0,0,0,0
CARRIER_D,2026-08-16 19:00,DONGSAN,20FT,0,0,0,0,0,0,0,0
CARRIER_D,2026-08-16 20:00,DONGSAN,20FT,0,0,0,0,0,0,0,0
CARRIER_D,2026-08-16 21:00,DONGSAN,20FT,0,0,0,0,0,0,0,0
CARRIER_D,2026-08-16 22:00,DONGSAN,20FT,0,0,0,0,0,0,0,0
CARRIER_D,2026-08-16 23:00,DONGSAN,20FT,0,0,0,0,0,0,0,0
CARRIER_D,2026-08-10 00:00,DONGSAN,40FT,0,0,0,0,1,1,0,0
CARRIER_D,2026-08-10 01:00,DONGSAN,40FT,0,0,0,0,1,1,0,0
CARRIER_D,2026-08-10 02:00,DONGSAN,40FT,0,0,0,0,1,1,0,0
CARRIER_D,2026-08-10 03:00,DONGSAN,40FT,0,0,0,0,1,1,0,0
CARRIER_D,2026-08-10 04:00,DONGSAN,40FT,0,0,0,0,1,1,0,0
CARRIER_D,2026-08-10 05:00,DONGSAN,40FT,0,0,0,0,1,1,0,0
CARRIER_D,2026-08-10 06:00,DONGSAN,40FT,0,0,0,0,1,1,0,0
CARRIER_D,2026-08-10 07:00,DONGSAN,40FT,0,0,0,0,1,1,0,0
CARRIER_D,2026-08-10 08:00,DONGSAN,40FT,0,0,0,0,1,1,0,0
CARRIER_D,2026-08-10 09:00,DONGSAN,40FT,0,0,0,0,1,1,0,0
CARRIER_D,2026-08-10 10:00,DONGSAN,40FT,0,0,0,0,1,1,0,0
CARRIER_D,2026-08-10 11:00,DONGSAN,40FT,0,0,0,0,1,1,0,0
CARRIER_D,2026-08-10 12:00,DONGSAN,40FT,0,0,0,0,1,1,0,0
CARRIER_D,2026-08-10 13:00,DONGSAN,40FT,0,0,0,0,1,1,0,0
CARRIER_D,2026-08-10 14:00,DONGSAN,40FT,0,0,0,0,1,1,0,0
CARRIER_D,2026-08-10 15:00,DONGSAN,40FT,0,0,0,0,1,1,0,0
CARRIER_D,2026-08-10 16:00,DONGSAN,40FT,0,0,0,0,1,1,0,0
CARRIER_D,2026-08-10 17:00,DONGSAN,40FT,0,0,0,0,1,1,0,0
CARRIER_D,2026-08-10 18:00,DONGSAN,40FT,0,0,0,0,1,1,0,0
CARRIER_D,2026-08-10 19:00,DONGSAN,40FT,0,0,0,0,1,1,0,0
CARRIER_D,2026-08-10 20:00,DONGSAN,40FT,0,0,0,0,1,1,0,0
CARRIER_D,2026-08-10 21:00,DONGSAN,40FT,0,0,0,0,1,1,0,0
CARRIER_D,2026-08-10 22:00,DONGSAN,40FT,0,0,0,0,1,1,0,0
CARRIER_D,2026-08-10 23:00,DONGSAN,40FT,0,0,0,0,1,1,0,0
CARRIER_D,2026-08-11 00:00,DONGSAN,40FT,0,0,0,0,1,1,0,0
CARRIER_D,2026-08-11 01:00,DONGSAN,40FT,0,0,0,0,1,1,0,0
CARRIER_D,2026-08-11 02:00,DONGSAN,40FT,0,0,0,0,1,1,0,0
CARRIER_D,2026-08-11 03:00,DONGSAN,40FT,0,0,0,0,1,1,0,0
CARRIER_D,2026-08-11 04:00,DONGSAN,40FT,0,0,0,0,1,1,0,0
CARRIER_D,2026-08-11 05:00,DONGSAN,40FT,0,0,0,0,1,1,0,0
CARRIER_D,2026-08-11 06:00,DONGSAN,40FT,0,0,0,0,1,1,0,0
CARRIER_D,2026-08-11 07:00,DONGSAN,40FT,0,0,0,0,1,1,0,0
CARRIER_D,2026-08-11 08:00,DONGSAN,40FT,0,0,0,0,1,1,0,0
CARRIER_D,2026-08-11 09:00,DONGSAN,40FT,0,0,0,0,1,1,0,0
CARRIER_D,2026-08-11 10:00,DONGSAN,40FT,0,0,0,0,1,1,0,0
CARRIER_D,2026-08-11 11:00,DONGSAN,40FT,0,0,0,0,1,1,0,0
CARRIER_D,2026-08-11 12:00,DONGSAN,40FT,0,0,0,0,1,1,0,0
CARRIER_D,2026-08-11 13:00,DONGSAN,40FT,0,0,0,0,1,1,0,0
CARRIER_D,2026-08-11 14:00,DONGSAN,40FT,0,0,0,0,1,1,0,0
CARRIER_D,2026-08-11 15:00,DONGSAN,40FT,0,0,0,0,1,1,0,0
CARRIER_D,2026-08-11 16:00,DONGSAN,40FT,0,0,0,0,1,1,0,0
CARRIER_D,2026-08-11 17:00,DONGSAN,40FT,0,0,0,0,1,1,0,0
CARRIER_D,2026-08-11 18:00,DONGSAN,40FT,0,1,0,0,2,2,0,0
CARRIER_D,2026-08-11 19:00,DONGSAN,40FT,0,0,0,1,2,1,0,0
CARRIER_D,2026-08-11 20:00,DONGSAN,40FT,0,0,0,0,2,1,0,0
CARRIER_D,2026-08-11 21:00,DONGSAN,40FT,0,0,0,0,2,1,0,0
CARRIER_D,2026-08-11 22:00,DONGSAN,40FT,0,0,0,0,2,1,0,0
CARRIER_D,2026-08-11 23:00,DONGSAN,40FT,0,0,0,0,2,1,0,0
CARRIER_D,2026-08-12 00:00,DONGSAN,40FT,0,0,0,0,2,1,0,0
CARRIER_D,2026-08-12 01:00,DONGSAN,40FT,0,0,0,0,2,1,0,0
CARRIER_D,2026-08-12 02:00,DONGSAN,40FT,0,0,0,0,2,1,0,0
CARRIER_D,2026-08-12 03:00,DONGSAN,40FT,0,0,0,0,2,1,0,0
CARRIER_D,2026-08-12 04:00,DONGSAN,40FT,0,0,0,0,2,1,0,0
CARRIER_D,2026-08-12 05:00,DONGSAN,40FT,0,0,0,0,2,1,0,0
CARRIER_D,2026-08-12 06:00,DONGSAN,40FT,0,0,0,0,2,1,0,0
CARRIER_D,2026-08-12 07:00,DONGSAN,40FT,0,0,0,0,2,1,0,0
CARRIER_D,2026-08-12 08:00,DONGSAN,40FT,0,0,0,0,2,1,0,0
CARRIER_D,2026-08-12 09:00,DONGSAN,40FT,0,0,0,0,2,1,0,0
CARRIER_D,2026-08-12 10:00,DONGSAN,40FT,0,0,0,0,2,1,0,0
CARRIER_D,2026-08-12 11:00,DONGSAN,40FT,0,0,0,0,2,1,0,0
CARRIER_D,2026-08-12 12:00,DONGSAN,40FT,1,0,0,0,1,0,0,0
CARRIER_D,2026-08-12 13:00,DONGSAN,40FT,0,0,0,0,1,0,0,0
CARRIER_D,2026-08-12 14:00,DONGSAN,40FT,0,0,0,0,1,0,0,0
CARRIER_D,2026-08-12 15:00,DONGSAN,40FT,0,0,0,0,1,0,0,0
CARRIER_D,2026-08-12 16:00,DONGSAN,40FT,0,0,0,0,1,0,0,0
CARRIER_D,2026-08-12 17:00,DONGSAN,40FT,0,0,0,0,1,0,0,0
CARRIER_D,2026-08-12 18:00,DONGSAN,40FT,0,0,0,0,1,0,0,0
CARRIER_D,2026-08-12 19:00,DONGSAN,40FT,0,0,0,0,1,0,0,0
CARRIER_D,2026-08-12 20:00,DONGSAN,40FT,0,0,0,0,1,0,0,0
CARRIER_D,2026-08-12 21:00,DONGSAN,40FT,0,0,0,0,1,0,0,0
CARRIER_D,2026-08-12 22:00,DONGSAN,40FT,0,0,0,0,1,0,0,0
CARRIER_D,2026-08-12 23:00,DONGSAN,40FT,0,0,0,0,1,0,0,0
CARRIER_D,2026-08-13 00:00,DONGSAN,40FT,0,0,0,0,1,0,0,0
CARRIER_D,2026-08-13 01:00,DONGSAN,40FT,0,0,0,0,1,0,0,0
CARRIER_D,2026-08-13 02:00,DONGSAN,40FT,0,0,0,0,1,0,0,0
CARRIER_D,2026-08-13 03:00,DONGSAN,40FT,0,0,0,0,1,0,0,0
CARRIER_D,2026-08-13 04:00,DONGSAN,40FT,0,0,0,0,1,0,0,0
CARRIER_D,2026-08-13 05:00,DONGSAN,40FT,0,0,0,0,1,0,0,0
CARRIER_D,2026-08-13 06:00,DONGSAN,40FT,0,0,0,0,1,0,0,0
CARRIER_D,2026-08-13 07:00,DONGSAN,40FT,0,0,0,0,1,0,0,0
CARRIER_D,2026-08-13 08:00,DONGSAN,40FT,0,0,0,0,1,0,0,0
CARRIER_D,2026-08-13 09:00,DONGSAN,40FT,0,0,0,0,1,0,0,0
CARRIER_D,2026-08-13 10:00,DONGSAN,40FT,0,0,0,0,1,0,0,0
CARRIER_D,2026-08-13 11:00,DONGSAN,40FT,0,0,0,0,1,0,0,0
CARRIER_D,2026-08-13 12:00,DONGSAN,40FT,0,0,0,0,1,0,0,0
CARRIER_D,2026-08-13 13:00,DONGSAN,40FT,0,0,0,0,1,0,0,0
CARRIER_D,2026-08-13 14:00,DONGSAN,40FT,0,0,0,0,1,0,0,0
CARRIER_D,2026-08-13 15:00,DONGSAN,40FT,0,0,0,0,1,0,0,0
CARRIER_D,2026-08-13 16:00,DONGSAN,40FT,0,0,0,0,1,0,0,0
CARRIER_D,2026-08-13 17:00,DONGSAN,40FT,0,0,0,0,1,0,0,0
CARRIER_D,2026-08-13 18:00,DONGSAN,40FT,0,0,0,0,1,0,0,0
CARRIER_D,2026-08-13 19:00,DONGSAN,40FT,0,0,0,0,1,0,0,0
CARRIER_D,2026-08-13 20:00,DONGSAN,40FT,0,0,0,0,1,0,0,0
CARRIER_D,2026-08-13 21:00,DONGSAN,40FT,0,0,0,0,1,0,0,0
CARRIER_D,2026-08-13 22:00,DONGSAN,40FT,0,0,0,0,1,0,0,0
CARRIER_D,2026-08-13 23:00,DONGSAN,40FT,0,0,0,0,1,0,0,0
CARRIER_D,2026-08-14 00:00,DONGSAN,40FT,0,0,0,0,1,0,0,0
CARRIER_D,2026-08-14 01:00,DONGSAN,40FT,0,0,0,0,1,0,0,0
CARRIER_D,2026-08-14 02:00,DONGSAN,40FT,0,0,0,0,1,0,0,0
CARRIER_D,2026-08-14 03:00,DONGSAN,40FT,0,0,0,0,1,0,0,0
CARRIER_D,2026-08-14 04:00,DONGSAN,40FT,0,0,0,0,1,0,0,0
CARRIER_D,2026-08-14 05:00,DONGSAN,40FT,0,0,0,0,1,0,0,0
CARRIER_D,2026-08-14 06:00,DONGSAN,40FT,0,0,0,0,1,0,0,0
CARRIER_D,2026-08-14 07:00,DONGSAN,40FT,0,0,0,0,1,0,0,0
CARRIER_D,2026-08-14 08:00,DONGSAN,40FT,0,0,0,0,1,0,0,0
CARRIER_D,2026-08-14 09:00,DONGSAN,40FT,0,0,0,0,1,0,0,0
CARRIER_D,2026-08-14 10:00,DONGSAN,40FT,0,0,0,0,1,0,0,0
CARRIER_D,2026-08-14 11:00,DONGSAN,40FT,0,0,0,0,1,0,0,0
CARRIER_D,2026-08-14 12:00,DONGSAN,40FT,0,0,0,0,1,0,0,0
CARRIER_D,2026-08-14 13:00,DONGSAN,40FT,0,0,0,0,1,0,0,0
CARRIER_D,2026-08-14 14:00,DONGSAN,40FT,0,0,0,0,1,0,0,0
CARRIER_D,2026-08-14 15:00,DONGSAN,40FT,0,0,0,0,1,0,0,0
CARRIER_D,2026-08-14 16:00,DONGSAN,40FT,0,0,0,0,1,0,0,0
CARRIER_D,2026-08-14 17:00,DONGSAN,40FT,0,0,0,0,1,0,0,0
CARRIER_D,2026-08-14 18:00,DONGSAN,40FT,0,0,0,0,1,0,0,0
CARRIER_D,2026-08-14 19:00,DONGSAN,40FT,0,0,0,0,1,0,0,0
CARRIER_D,2026-08-14 20:00,DONGSAN,40FT,0,0,0,0,1,0,0,0
CARRIER_D,2026-08-14 21:00,DONGSAN,40FT,0,0,0,0,1,0,0,0
CARRIER_D,2026-08-14 22:00,DONGSAN,40FT,0,0,0,0,1,0,0,0
CARRIER_D,2026-08-14 23:00,DONGSAN,40FT,0,0,0,0,1,0,0,0
CARRIER_D,2026-08-15 00:00,DONGSAN,40FT,0,0,0,0,1,0,0,0
CARRIER_D,2026-08-15 01:00,DONGSAN,40FT,0,0,0,0,1,0,0,0
CARRIER_D,2026-08-15 02:00,DONGSAN,40FT,0,0,0,0,1,0,0,0
CARRIER_D,2026-08-15 03:00,DONGSAN,40FT,0,0,0,0,1,0,0,0
CARRIER_D,2026-08-15 04:00,DONGSAN,40FT,0,0,0,0,1,0,0,0
CARRIER_D,2026-08-15 05:00,DONGSAN,40FT,0,0,0,0,1,0,0,0
CARRIER_D,2026-08-15 06:00,DONGSAN,40FT,0,0,0,0,1,0,0,0
CARRIER_D,2026-08-15 07:00,DONGSAN,40FT,0,0,0,0,1,0,0,0
CARRIER_D,2026-08-15 08:00,DONGSAN,40FT,0,0,0,0,1,0,0,0
CARRIER_D,2026-08-15 09:00,DONGSAN,40FT,0,0,0,0,1,0,0,0
CARRIER_D,2026-08-15 10:00,DONGSAN,40FT,0,0,0,0,1,0,0,0
CARRIER_D,2026-08-15 11:00,DONGSAN,40FT,0,0,0,0,1,0,0,0
CARRIER_D,2026-08-15 12:00,DONGSAN,40FT,0,0,0,0,1,0,0,0
CARRIER_D,2026-08-15 13:00,DONGSAN,40FT,0,0,0,0,1,0,0,0
CARRIER_D,2026-08-15 14:00,DONGSAN,40FT,0,0,0,0,1,0,0,0
CARRIER_D,2026-08-15 15:00,DONGSAN,40FT,0,0,0,0,1,0,0,0
CARRIER_D,2026-08-15 16:00,DONGSAN,40FT,0,0,0,0,1,0,0,0
CARRIER_D,2026-08-15 17:00,DONGSAN,40FT,0,0,0,0,1,0,0,0
CARRIER_D,2026-08-15 18:00,DONGSAN,40FT,0,0,0,0,1,0,0,0
CARRIER_D,2026-08-15 19:00,DONGSAN,40FT,0,0,0,0,1,0,0,0
CARRIER_D,2026-08-15 20:00,DONGSAN,40FT,0,0,0,0,1,0,0,0
CARRIER_D,2026-08-15 21:00,DONGSAN,40FT,0,0,0,0,1,0,0,0
CARRIER_D,2026-08-15 22:00,DONGSAN,40FT,0,0,0,0,1,0,0,0
CARRIER_D,2026-08-15 23:00,DONGSAN,40FT,0,0,0,0,1,0,0,0
CARRIER_D,2026-08-16 00:00,DONGSAN,40FT,0,0,0,0,1,0,0,0
CARRIER_D,2026-08-16 01:00,DONGSAN,40FT,0,0,0,0,1,0,0,0
CARRIER_D,2026-08-16 02:00,DONGSAN,40FT,0,0,0,0,1,0,0,0
CARRIER_D,2026-08-16 03:00,DONGSAN,40FT,0,0,0,0,1,0,0,0
CARRIER_D,2026-08-16 04:00,DONGSAN,40FT,0,0,0,0,1,0,0,0
CARRIER_D,2026-08-16 05:00,DONGSAN,40FT,0,0,0,0,1,0,0,0
CARRIER_D,2026-08-16 06:00,DONGSAN,40FT,0,0,0,0,1,0,0,0
CARRIER_D,2026-08-16 07:00,DONGSAN,40FT,0,0,0,0,1,0,0,0
CARRIER_D,2026-08-16 08:00,DONGSAN,40FT,0,0,0,0,1,0,0,0
CARRIER_D,2026-08-16 09:00,DONGSAN,40FT,0,0,0,0,1,0,0,0
CARRIER_D,2026-08-16 10:00,DONGSAN,40FT,0,0,0,0,1,0,0,0
CARRIER_D,2026-08-16 11:00,DONGSAN,40FT,0,0,0,0,1,0,0,0
CARRIER_D,2026-08-16 12:00,DONGSAN,40FT,0,0,0,0,1,0,0,0
CARRIER_D,2026-08-16 13:00,DONGSAN,40FT,0,0,0,0,1,0,0,0
CARRIER_D,2026-08-16 14:00,DONGSAN,40FT,0,0,0,0,1,0,0,0
CARRIER_D,2026-08-16 15:00,DONGSAN,40FT,0,0,0,0,1,0,0,0
CARRIER_D,2026-08-16 16:00,DONGSAN,40FT,0,0,0,0,1,0,0,0
CARRIER_D,2026-08-16 17:00,DONGSAN,40FT,0,0,0,0,1,0,0,0
CARRIER_D,2026-08-16 18:00,DONGSAN,40FT,0,0,0,0,1,0,0,0
CARRIER_D,2026-08-16 19:00,DONGSAN,40FT,0,0,0,0,1,0,0,0
CARRIER_D,2026-08-16 20:00,DONGSAN,40FT,0,0,0,0,1,0,0,0
CARRIER_D,2026-08-16 21:00,DONGSAN,40FT,0,0,0,0,1,0,0,0
CARRIER_D,2026-08-16 22:00,DONGSAN,40FT,0,0,0,0,1,0,0,0
CARRIER_D,2026-08-16 23:00,DONGSAN,40FT,0,0,0,0,1,0,0,0
CARRIER_D,2026-08-10 00:00,GWANGYANG,20FT,0,0,0,0,0,0,0,0
CARRIER_D,2026-08-10 01:00,GWANGYANG,20FT,0,0,0,0,0,0,0,0
CARRIER_D,2026-08-10 02:00,GWANGYANG,20FT,0,0,0,0,0,0,0,0
CARRIER_D,2026-08-10 03:00,GWANGYANG,20FT,0,0,0,0,0,0,0,0
CARRIER_D,2026-08-10 04:00,GWANGYANG,20FT,0,0,0,0,0,0,0,0
CARRIER_D,2026-08-10 05:00,GWANGYANG,20FT,0,0,0,0,0,0,0,0
CARRIER_D,2026-08-10 06:00,GWANGYANG,20FT,0,0,0,0,0,0,0,0
CARRIER_D,2026-08-10 07:00,GWANGYANG,20FT,0,0,0,0,0,0,0,0
CARRIER_D,2026-08-10 08:00,GWANGYANG,20FT,0,0,0,0,0,0,0,0
CARRIER_D,2026-08-10 09:00,GWANGYANG,20FT,0,0,0,0,0,0,0,0
CARRIER_D,2026-08-10 10:00,GWANGYANG,20FT,0,0,0,0,0,0,0,0
CARRIER_D,2026-08-10 11:00,GWANGYANG,20FT,0,0,0,0,0,0,0,0
CARRIER_D,2026-08-10 12:00,GWANGYANG,20FT,0,0,0,0,0,0,0,0
CARRIER_D,2026-08-10 13:00,GWANGYANG,20FT,0,0,0,0,0,0,0,0
CARRIER_D,2026-08-10 14:00,GWANGYANG,20FT,0,0,0,0,0,0,0,0
CARRIER_D,2026-08-10 15:00,GWANGYANG,20FT,0,0,0,0,0,0,0,0
CARRIER_D,2026-08-10 16:00,GWANGYANG,20FT,0,0,0,0,0,0,0,0
CARRIER_D,2026-08-10 17:00,GWANGYANG,20FT,0,0,0,0,0,0,0,0
CARRIER_D,2026-08-10 18:00,GWANGYANG,20FT,0,0,0,0,0,0,0,0
CARRIER_D,2026-08-10 19:00,GWANGYANG,20FT,0,0,0,0,0,0,0,0
CARRIER_D,2026-08-10 20:00,GWANGYANG,20FT,0,0,0,0,0,0,0,0
CARRIER_D,2026-08-10 21:00,GWANGYANG,20FT,0,0,0,0,0,0,0,0
CARRIER_D,2026-08-10 22:00,GWANGYANG,20FT,0,0,0,0,0,0,0,0
CARRIER_D,2026-08-10 23:00,GWANGYANG,20FT,0,0,0,0,0,0,0,0
CARRIER_D,2026-08-11 00:00,GWANGYANG,20FT,0,0,0,0,0,0,0,0
CARRIER_D,2026-08-11 01:00,GWANGYANG,20FT,0,0,0,0,0,0,0,0
CARRIER_D,2026-08-11 02:00,GWANGYANG,20FT,0,0,0,0,0,0,0,0
CARRIER_D,2026-08-11 03:00,GWANGYANG,20FT,0,0,0,0,0,0,0,0
CARRIER_D,2026-08-11 04:00,GWANGYANG,20FT,0,0,0,0,0,0,0,0
CARRIER_D,2026-08-11 05:00,GWANGYANG,20FT,0,0,0,0,0,0,0,0
CARRIER_D,2026-08-11 06:00,GWANGYANG,20FT,0,0,0,0,0,0,0,0
CARRIER_D,2026-08-11 07:00,GWANGYANG,20FT,0,0,0,0,0,0,0,0
CARRIER_D,2026-08-11 08:00,GWANGYANG,20FT,0,0,0,0,0,0,0,0
CARRIER_D,2026-08-11 09:00,GWANGYANG,20FT,0,0,0,0,0,0,0,0
CARRIER_D,2026-08-11 10:00,GWANGYANG,20FT,0,0,0,0,0,0,0,0
CARRIER_D,2026-08-11 11:00,GWANGYANG,20FT,0,0,0,0,0,0,0,0
CARRIER_D,2026-08-11 12:00,GWANGYANG,20FT,0,0,0,0,0,0,0,0
CARRIER_D,2026-08-11 13:00,GWANGYANG,20FT,0,0,0,0,0,0,0,0
CARRIER_D,2026-08-11 14:00,GWANGYANG,20FT,0,0,0,0,0,0,0,0
CARRIER_D,2026-08-11 15:00,GWANGYANG,20FT,0,0,0,0,0,0,0,0
CARRIER_D,2026-08-11 16:00,GWANGYANG,20FT,0,0,0,0,0,0,0,0
CARRIER_D,2026-08-11 17:00,GWANGYANG,20FT,0,0,0,0,0,0,0,0
CARRIER_D,2026-08-11 18:00,GWANGYANG,20FT,0,0,0,0,0,0,0,0
CARRIER_D,2026-08-11 19:00,GWANGYANG,20FT,0,0,0,0,0,0,0,0
CARRIER_D,2026-08-11 20:00,GWANGYANG,20FT,0,0,0,0,0,0,0,0
CARRIER_D,2026-08-11 21:00,GWANGYANG,20FT,0,0,0,0,0,0,0,0
CARRIER_D,2026-08-11 22:00,GWANGYANG,20FT,0,0,0,0,0,0,0,0
CARRIER_D,2026-08-11 23:00,GWANGYANG,20FT,0,0,0,0,0,0,0,0
CARRIER_D,2026-08-12 00:00,GWANGYANG,20FT,0,0,0,0,0,0,0,0
CARRIER_D,2026-08-12 01:00,GWANGYANG,20FT,0,0,0,0,0,0,0,0
CARRIER_D,2026-08-12 02:00,GWANGYANG,20FT,0,0,0,0,0,0,0,0
CARRIER_D,2026-08-12 03:00,GWANGYANG,20FT,0,0,0,0,0,0,0,0
CARRIER_D,2026-08-12 04:00,GWANGYANG,20FT,0,0,0,0,0,0,0,0
CARRIER_D,2026-08-12 05:00,GWANGYANG,20FT,0,0,0,0,0,0,0,0
CARRIER_D,2026-08-12 06:00,GWANGYANG,20FT,0,0,0,0,0,0,0,0
CARRIER_D,2026-08-12 07:00,GWANGYANG,20FT,0,0,0,0,0,0,0,0
CARRIER_D,2026-08-12 08:00,GWANGYANG,20FT,0,0,0,0,0,0,0,0
CARRIER_D,2026-08-12 09:00,GWANGYANG,20FT,0,0,0,0,0,0,0,0
CARRIER_D,2026-08-12 10:00,GWANGYANG,20FT,0,0,0,0,0,0,0,0
CARRIER_D,2026-08-12 11:00,GWANGYANG,20FT,0,0,0,0,0,0,0,0
CARRIER_D,2026-08-12 12:00,GWANGYANG,20FT,0,0,0,0,0,0,0,0
CARRIER_D,2026-08-12 13:00,GWANGYANG,20FT,0,0,0,0,0,0,0,0
CARRIER_D,2026-08-12 14:00,GWANGYANG,20FT,0,0,0,0,0,0,0,0
CARRIER_D,2026-08-12 15:00,GWANGYANG,20FT,0,0,0,0,0,0,0,0
CARRIER_D,2026-08-12 16:00,GWANGYANG,20FT,0,0,0,0,0,0,0,0
CARRIER_D,2026-08-12 17:00,GWANGYANG,20FT,0,0,0,0,0,0,0,0
CARRIER_D,2026-08-12 18:00,GWANGYANG,20FT,0,0,0,0,0,0,0,0
CARRIER_D,2026-08-12 19:00,GWANGYANG,20FT,0,0,0,0,0,0,0,0
CARRIER_D,2026-08-12 20:00,GWANGYANG,20FT,0,0,0,0,0,0,0,0
CARRIER_D,2026-08-12 21:00,GWANGYANG,20FT,0,0,0,0,0,0,0,0
CARRIER_D,2026-08-12 22:00,GWANGYANG,20FT,0,0,0,0,0,0,0,0
CARRIER_D,2026-08-12 23:00,GWANGYANG,20FT,0,0,0,0,0,0,0,0
CARRIER_D,2026-08-13 00:00,GWANGYANG,20FT,0,0,0,0,0,0,0,0
CARRIER_D,2026-08-13 01:00,GWANGYANG,20FT,0,0,0,0,0,0,0,0
CARRIER_D,2026-08-13 02:00,GWANGYANG,20FT,0,0,0,0,0,0,0,0
CARRIER_D,2026-08-13 03:00,GWANGYANG,20FT,0,0,0,0,0,0,0,0
CARRIER_D,2026-08-13 04:00,GWANGYANG,20FT,0,0,0,0,0,0,0,0
CARRIER_D,2026-08-13 05:00,GWANGYANG,20FT,0,0,0,0,0,0,0,0
CARRIER_D,2026-08-13 06:00,GWANGYANG,20FT,0,0,0,0,0,0,0,0
CARRIER_D,2026-08-13 07:00,GWANGYANG,20FT,0,0,0,0,0,0,0,0
CARRIER_D,2026-08-13 08:00,GWANGYANG,20FT,0,0,0,0,0,0,0,0
CARRIER_D,2026-08-13 09:00,GWANGYANG,20FT,0,0,0,0,0,0,0,0
CARRIER_D,2026-08-13 10:00,GWANGYANG,20FT,0,0,0,0,0,0,0,0
CARRIER_D,2026-08-13 11:00,GWANGYANG,20FT,0,0,0,0,0,0,0,0
CARRIER_D,2026-08-13 12:00,GWANGYANG,20FT,0,0,0,0,0,0,0,0
CARRIER_D,2026-08-13 13:00,GWANGYANG,20FT,0,0,0,0,0,0,0,0
CARRIER_D,2026-08-13 14:00,GWANGYANG,20FT,0,0,0,0,0,0,0,0
CARRIER_D,2026-08-13 15:00,GWANGYANG,20FT,0,0,0,0,0,0,0,0
CARRIER_D,2026-08-13 16:00,GWANGYANG,20FT,0,0,0,0,0,0,0,0
CARRIER_D,2026-08-13 17:00,GWANGYANG,20FT,0,0,0,0,0,0,0,0
CARRIER_D,2026-08-13 18:00,GWANGYANG,20FT,0,0,0,0,0,0,0,0
CARRIER_D,2026-08-13 19:00,GWANGYANG,20FT,0,0,0,0,0,0,0,0
CARRIER_D,2026-08-13 20:00,GWANGYANG,20FT,0,0,0,0,0,0,0,0
CARRIER_D,2026-08-13 21:00,GWANGYANG,20FT,0,0,0,0,0,0,0,0
CARRIER_D,2026-08-13 22:00,GWANGYANG,20FT,0,0,0,0,0,0,0,0
CARRIER_D,2026-08-13 23:00,GWANGYANG,20FT,0,0,0,0,0,0,0,0
CARRIER_D,2026-08-14 00:00,GWANGYANG,20FT,0,0,0,0,0,0,0,0
CARRIER_D,2026-08-14 01:00,GWANGYANG,20FT,0,0,0,0,0,0,0,0
CARRIER_D,2026-08-14 02:00,GWANGYANG,20FT,0,0,0,0,0,0,0,0
CARRIER_D,2026-08-14 03:00,GWANGYANG,20FT,0,0,0,0,0,0,0,0
CARRIER_D,2026-08-14 04:00,GWANGYANG,20FT,0,0,0,0,0,0,0,0
CARRIER_D,2026-08-14 05:00,GWANGYANG,20FT,0,0,0,0,0,0,0,0
CARRIER_D,2026-08-14 06:00,GWANGYANG,20FT,0,0,0,0,0,0,0,0
CARRIER_D,2026-08-14 07:00,GWANGYANG,20FT,0,0,0,0,0,0,0,0
CARRIER_D,2026-08-14 08:00,GWANGYANG,20FT,0,0,0,0,0,0,0,0
CARRIER_D,2026-08-14 09:00,GWANGYANG,20FT,0,0,0,0,0,0,0,0
CARRIER_D,2026-08-14 10:00,GWANGYANG,20FT,0,0,0,0,0,0,0,0
CARRIER_D,2026-08-14 11:00,GWANGYANG,20FT,0,0,0,0,0,0,0,0
CARRIER_D,2026-08-14 12:00,GWANGYANG,20FT,0,0,0,0,0,0,0,0
CARRIER_D,2026-08-14 13:00,GWANGYANG,20FT,0,0,0,0,0,0,0,0
CARRIER_D,2026-08-14 14:00,GWANGYANG,20FT,0,0,0,0,0,0,0,0
CARRIER_D,2026-08-14 15:00,GWANGYANG,20FT,0,0,0,0,0,0,0,0
CARRIER_D,2026-08-14 16:00,GWANGYANG,20FT,0,0,0,0,0,0,0,0
CARRIER_D,2026-08-14 17:00,GWANGYANG,20FT,0,0,0,0,0,0,0,0
CARRIER_D,2026-08-14 18:00,GWANGYANG,20FT,0,0,0,0,0,0,0,0
CARRIER_D,2026-08-14 19:00,GWANGYANG,20FT,0,0,0,0,0,0,0,0
CARRIER_D,2026-08-14 20:00,GWANGYANG,20FT,0,0,0,0,0,0,0,0
CARRIER_D,2026-08-14 21:00,GWANGYANG,20FT,0,0,0,0,0,0,0,0
CARRIER_D,2026-08-14 22:00,GWANGYANG,20FT,0,0,0,0,0,0,0,0
CARRIER_D,2026-08-14 23:00,GWANGYANG,20FT,0,0,0,0,0,0,0,0
CARRIER_D,2026-08-15 00:00,GWANGYANG,20FT,0,0,0,0,0,0,0,0
CARRIER_D,2026-08-15 01:00,GWANGYANG,20FT,0,0,0,0,0,0,0,0
CARRIER_D,2026-08-15 02:00,GWANGYANG,20FT,0,0,0,0,0,0,0,0
CARRIER_D,2026-08-15 03:00,GWANGYANG,20FT,0,0,0,0,0,0,0,0
CARRIER_D,2026-08-15 04:00,GWANGYANG,20FT,0,0,0,0,0,0,0,0
CARRIER_D,2026-08-15 05:00,GWANGYANG,20FT,0,0,0,0,0,0,0,0
CARRIER_D,2026-08-15 06:00,GWANGYANG,20FT,0,0,0,0,0,0,0,0
CARRIER_D,2026-08-15 07:00,GWANGYANG,20FT,0,0,0,0,0,0,0,0
CARRIER_D,2026-08-15 08:00,GWANGYANG,20FT,0,0,0,0,0,0,0,0
CARRIER_D,2026-08-15 09:00,GWANGYANG,20FT,0,0,0,0,0,0,0,0
CARRIER_D,2026-08-15 10:00,GWANGYANG,20FT,0,0,0,0,0,0,0,0
CARRIER_D,2026-08-15 11:00,GWANGYANG,20FT,0,0,0,0,0,0,0,0
CARRIER_D,2026-08-15 12:00,GWANGYANG,20FT,0,0,0,0,0,0,0,0
CARRIER_D,2026-08-15 13:00,GWANGYANG,20FT,0,0,0,0,0,0,0,0
CARRIER_D,2026-08-15 14:00,GWANGYANG,20FT,0,0,0,0,0,0,0,0
CARRIER_D,2026-08-15 15:00,GWANGYANG,20FT,0,0,0,0,0,0,0,0
CARRIER_D,2026-08-15 16:00,GWANGYANG,20FT,0,0,0,0,0,0,0,0
CARRIER_D,2026-08-15 17:00,GWANGYANG,20FT,0,0,0,0,0,0,0,0
CARRIER_D,2026-08-15 18:00,GWANGYANG,20FT,0,0,0,0,0,0,0,0
CARRIER_D,2026-08-15 19:00,GWANGYANG,20FT,0,0,0,0,0,0,0,0
CARRIER_D,2026-08-15 20:00,GWANGYANG,20FT,0,0,0,0,0,0,0,0
CARRIER_D,2026-08-15 21:00,GWANGYANG,20FT,0,0,0,0,0,0,0,0
CARRIER_D,2026-08-15 22:00,GWANGYANG,20FT,0,0,0,0,0,0,0,0
CARRIER_D,2026-08-15 23:00,GWANGYANG,20FT,0,0,0,0,0,0,0,0
CARRIER_D,2026-08-16 00:00,GWANGYANG,20FT,0,0,0,0,0,0,0,0
CARRIER_D,2026-08-16 01:00,GWANGYANG,20FT,0,0,0,0,0,0,0,0
CARRIER_D,2026-08-16 02:00,GWANGYANG,20FT,0,0,0,0,0,0,0,0
CARRIER_D,2026-08-16 03:00,GWANGYANG,20FT,0,0,0,0,0,0,0,0
CARRIER_D,2026-08-16 04:00,GWANGYANG,20FT,0,0,0,0,0,0,0,0
CARRIER_D,2026-08-16 05:00,GWANGYANG,20FT,0,0,0,0,0,0,0,0
CARRIER_D,2026-08-16 06:00,GWANGYANG,20FT,0,0,0,0,0,0,0,0
CARRIER_D,2026-08-16 07:00,GWANGYANG,20FT,0,0,0,0,0,0,0,0
CARRIER_D,2026-08-16 08:00,GWANGYANG,20FT,0,0,0,0,0,0,0,0
CARRIER_D,2026-08-16 09:00,GWANGYANG,20FT,0,0,0,0,0,0,0,0
CARRIER_D,2026-08-16 10:00,GWANGYANG,20FT,0,0,0,0,0,0,0,0
CARRIER_D,2026-08-16 11:00,GWANGYANG,20FT,0,0,0,0,0,0,0,0
CARRIER_D,2026-08-16 12:00,GWANGYANG,20FT,0,0,0,0,0,0,0,0
CARRIER_D,2026-08-16 13:00,GWANGYANG,20FT,0,0,0,0,0,0,0,0
CARRIER_D,2026-08-16 14:00,GWANGYANG,20FT,0,0,0,0,0,0,0,0
CARRIER_D,2026-08-16 15:00,GWANGYANG,20FT,0,0,0,0,0,0,0,0
CARRIER_D,2026-08-16 16:00,GWANGYANG,20FT,0,0,0,0,0,0,0,0
CARRIER_D,2026-08-16 17:00,GWANGYANG,20FT,0,0,0,0,0,0,0,0
CARRIER_D,2026-08-16 18:00,GWANGYANG,20FT,0,0,0,0,0,0,0,0
CARRIER_D,2026-08-16 19:00,GWANGYANG,20FT,0,0,0,0,0,0,0,0
CARRIER_D,2026-08-16 20:00,GWANGYANG,20FT,0,0,0,0,0,0,0,0
CARRIER_D,2026-08-16 21:00,GWANGYANG,20FT,0,0,0,0,0,0,0,0
CARRIER_D,2026-08-16 22:00,GWANGYANG,20FT,0,0,0,0,0,0,0,0
CARRIER_D,2026-08-16 23:00,GWANGYANG,20FT,0,0,0,0,0,0,0,0
CARRIER_D,2026-08-10 00:00,GWANGYANG,40FT,0,0,0,0,2,2,0,0
CARRIER_D,2026-08-10 01:00,GWANGYANG,40FT,0,0,0,0,2,2,0,0
CARRIER_D,2026-08-10 02:00,GWANGYANG,40FT,0,0,0,0,2,2,0,0
CARRIER_D,2026-08-10 03:00,GWANGYANG,40FT,0,0,0,0,2,2,0,0
CARRIER_D,2026-08-10 04:00,GWANGYANG,40FT,0,0,0,0,2,2,0,0
CARRIER_D,2026-08-10 05:00,GWANGYANG,40FT,0,0,0,0,2,2,0,0
CARRIER_D,2026-08-10 06:00,GWANGYANG,40FT,0,0,0,0,2,2,0,0
CARRIER_D,2026-08-10 07:00,GWANGYANG,40FT,0,0,0,0,2,2,0,0
CARRIER_D,2026-08-10 08:00,GWANGYANG,40FT,0,0,0,0,2,2,0,0
CARRIER_D,2026-08-10 09:00,GWANGYANG,40FT,0,0,0,0,2,2,0,0
CARRIER_D,2026-08-10 10:00,GWANGYANG,40FT,1,0,0,0,1,1,0,0
CARRIER_D,2026-08-10 11:00,GWANGYANG,40FT,0,0,0,0,1,1,0,0
CARRIER_D,2026-08-10 12:00,GWANGYANG,40FT,0,0,0,0,1,1,0,0
CARRIER_D,2026-08-10 13:00,GWANGYANG,40FT,0,0,0,0,1,1,0,0
CARRIER_D,2026-08-10 14:00,GWANGYANG,40FT,0,0,0,0,1,1,0,0
CARRIER_D,2026-08-10 15:00,GWANGYANG,40FT,0,1,0,0,2,2,0,0
CARRIER_D,2026-08-10 16:00,GWANGYANG,40FT,0,0,0,0,2,2,0,0
CARRIER_D,2026-08-10 17:00,GWANGYANG,40FT,0,0,0,0,2,2,0,0
CARRIER_D,2026-08-10 18:00,GWANGYANG,40FT,0,0,0,0,2,2,0,0
CARRIER_D,2026-08-10 19:00,GWANGYANG,40FT,0,0,0,0,2,2,0,0
CARRIER_D,2026-08-10 20:00,GWANGYANG,40FT,0,0,0,0,2,2,0,0
CARRIER_D,2026-08-10 21:00,GWANGYANG,40FT,0,0,0,0,2,2,0,0
CARRIER_D,2026-08-10 22:00,GWANGYANG,40FT,0,0,0,0,2,2,0,0
CARRIER_D,2026-08-10 23:00,GWANGYANG,40FT,0,0,0,0,2,2,0,0
CARRIER_D,2026-08-11 00:00,GWANGYANG,40FT,0,0,0,0,2,2,0,0
CARRIER_D,2026-08-11 01:00,GWANGYANG,40FT,0,0,0,0,2,2,0,0
CARRIER_D,2026-08-11 02:00,GWANGYANG,40FT,0,0,0,0,2,2,0,0
CARRIER_D,2026-08-11 03:00,GWANGYANG,40FT,0,0,0,0,2,2,0,0
CARRIER_D,2026-08-11 04:00,GWANGYANG,40FT,0,0,0,0,2,2,0,0
CARRIER_D,2026-08-11 05:00,GWANGYANG,40FT,0,0,0,0,2,2,0,0
CARRIER_D,2026-08-11 06:00,GWANGYANG,40FT,1,0,0,0,1,1,0,0
CARRIER_D,2026-08-11 07:00,GWANGYANG,40FT,0,0,0,0,1,1,0,0
CARRIER_D,2026-08-11 08:00,GWANGYANG,40FT,0,0,0,0,1,1,0,0
CARRIER_D,2026-08-11 09:00,GWANGYANG,40FT,0,0,0,0,1,1,0,0
CARRIER_D,2026-08-11 10:00,GWANGYANG,40FT,0,0,0,0,1,1,0,0
CARRIER_D,2026-08-11 11:00,GWANGYANG,40FT,0,0,0,0,1,1,0,0
CARRIER_D,2026-08-11 12:00,GWANGYANG,40FT,0,0,0,0,1,1,0,0
CARRIER_D,2026-08-11 13:00,GWANGYANG,40FT,0,0,0,0,1,1,0,0
CARRIER_D,2026-08-11 14:00,GWANGYANG,40FT,0,0,0,0,1,1,0,0
CARRIER_D,2026-08-11 15:00,GWANGYANG,40FT,0,0,0,0,1,1,0,0
CARRIER_D,2026-08-11 16:00,GWANGYANG,40FT,0,0,0,0,1,1,0,0
CARRIER_D,2026-08-11 17:00,GWANGYANG,40FT,0,0,0,0,1,1,0,0
CARRIER_D,2026-08-11 18:00,GWANGYANG,40FT,0,0,0,0,1,1,0,0
CARRIER_D,2026-08-11 19:00,GWANGYANG,40FT,0,0,0,0,1,1,0,0
CARRIER_D,2026-08-11 20:00,GWANGYANG,40FT,0,0,0,0,1,1,0,0
CARRIER_D,2026-08-11 21:00,GWANGYANG,40FT,0,0,0,0,1,1,0,0
CARRIER_D,2026-08-11 22:00,GWANGYANG,40FT,0,0,0,0,1,1,0,0
CARRIER_D,2026-08-11 23:00,GWANGYANG,40FT,0,0,0,0,1,1,0,0
CARRIER_D,2026-08-12 00:00,GWANGYANG,40FT,0,0,0,0,1,1,0,0
CARRIER_D,2026-08-12 01:00,GWANGYANG,40FT,0,0,0,0,1,1,0,0
CARRIER_D,2026-08-12 02:00,GWANGYANG,40FT,0,0,0,0,1,1,0,0
CARRIER_D,2026-08-12 03:00,GWANGYANG,40FT,0,0,3,0,1,4,0,0
CARRIER_D,2026-08-12 04:00,GWANGYANG,40FT,0,0,0,0,1,4,0,0
CARRIER_D,2026-08-12 05:00,GWANGYANG,40FT,0,0,0,0,1,4,0,0
CARRIER_D,2026-08-12 06:00,GWANGYANG,40FT,0,0,0,0,1,4,0,0
CARRIER_D,2026-08-12 07:00,GWANGYANG,40FT,0,0,0,0,1,4,0,0
CARRIER_D,2026-08-12 08:00,GWANGYANG,40FT,0,0,0,0,1,4,0,0
CARRIER_D,2026-08-12 09:00,GWANGYANG,40FT,0,0,0,0,1,4,0,0
CARRIER_D,2026-08-12 10:00,GWANGYANG,40FT,1,0,0,0,0,3,0,0
CARRIER_D,2026-08-12 11:00,GWANGYANG,40FT,0,0,0,0,0,3,0,0
CARRIER_D,2026-08-12 12:00,GWANGYANG,40FT,0,0,0,0,0,3,0,0
CARRIER_D,2026-08-12 13:00,GWANGYANG,40FT,0,0,0,0,0,3,0,0
CARRIER_D,2026-08-12 14:00,GWANGYANG,40FT,0,0,0,0,0,3,0,0
CARRIER_D,2026-08-12 15:00,GWANGYANG,40FT,0,0,0,0,0,3,0,0
CARRIER_D,2026-08-12 16:00,GWANGYANG,40FT,0,0,0,0,0,3,0,0
CARRIER_D,2026-08-12 17:00,GWANGYANG,40FT,0,0,0,0,0,3,0,0
CARRIER_D,2026-08-12 18:00,GWANGYANG,40FT,1,0,0,0,0,2,1,0
CARRIER_D,2026-08-12 19:00,GWANGYANG,40FT,0,0,0,0,0,2,0,0
CARRIER_D,2026-08-12 20:00,GWANGYANG,40FT,0,0,0,0,0,2,0,0
CARRIER_D,2026-08-12 21:00,GWANGYANG,40FT,0,0,0,0,0,2,0,0
CARRIER_D,2026-08-12 22:00,GWANGYANG,40FT,0,0,0,0,0,2,0,0
CARRIER_D,2026-08-12 23:00,GWANGYANG,40FT,0,0,0,0,0,2,0,0
CARRIER_D,2026-08-13 00:00,GWANGYANG,40FT,0,0,0,0,0,2,0,0
CARRIER_D,2026-08-13 01:00,GWANGYANG,40FT,0,0,0,0,0,2,0,0
CARRIER_D,2026-08-13 02:00,GWANGYANG,40FT,0,0,0,0,0,2,0,0
CARRIER_D,2026-08-13 03:00,GWANGYANG,40FT,0,0,0,0,0,2,0,0
CARRIER_D,2026-08-13 04:00,GWANGYANG,40FT,0,0,0,0,0,2,0,0
CARRIER_D,2026-08-13 05:00,GWANGYANG,40FT,0,0,0,0,0,2,0,0
CARRIER_D,2026-08-13 06:00,GWANGYANG,40FT,0,0,0,0,0,2,0,0
CARRIER_D,2026-08-13 07:00,GWANGYANG,40FT,0,0,0,0,0,2,0,0
CARRIER_D,2026-08-13 08:00,GWANGYANG,40FT,1,0,0,0,0,1,1,0
CARRIER_D,2026-08-13 09:00,GWANGYANG,40FT,0,0,0,0,0,1,0,0
CARRIER_D,2026-08-13 10:00,GWANGYANG,40FT,0,0,0,0,0,1,0,0
CARRIER_D,2026-08-13 11:00,GWANGYANG,40FT,0,0,0,0,0,1,0,0
CARRIER_D,2026-08-13 12:00,GWANGYANG,40FT,1,1,0,0,0,1,0,0
CARRIER_D,2026-08-13 13:00,GWANGYANG,40FT,0,0,0,0,0,1,0,0
CARRIER_D,2026-08-13 14:00,GWANGYANG,40FT,0,1,0,0,1,2,0,0
CARRIER_D,2026-08-13 15:00,GWANGYANG,40FT,0,0,0,0,1,2,0,0
CARRIER_D,2026-08-13 16:00,GWANGYANG,40FT,0,0,0,0,1,2,0,0
CARRIER_D,2026-08-13 17:00,GWANGYANG,40FT,0,0,0,0,1,2,0,0
CARRIER_D,2026-08-13 18:00,GWANGYANG,40FT,0,0,0,0,1,2,0,0
CARRIER_D,2026-08-13 19:00,GWANGYANG,40FT,0,0,0,0,1,2,0,0
CARRIER_D,2026-08-13 20:00,GWANGYANG,40FT,0,0,0,0,1,2,0,0
CARRIER_D,2026-08-13 21:00,GWANGYANG,40FT,0,0,0,0,1,2,0,0
CARRIER_D,2026-08-13 22:00,GWANGYANG,40FT,0,0,0,0,1,2,0,0
CARRIER_D,2026-08-13 23:00,GWANGYANG,40FT,0,0,0,0,1,2,0,0
CARRIER_D,2026-08-14 00:00,GWANGYANG,40FT,0,0,0,0,1,2,0,0
CARRIER_D,2026-08-14 01:00,GWANGYANG,40FT,0,0,0,0,1,2,0,0
CARRIER_D,2026-08-14 02:00,GWANGYANG,40FT,0,0,0,0,1,2,0,0
CARRIER_D,2026-08-14 03:00,GWANGYANG,40FT,0,0,0,0,1,2,0,0
CARRIER_D,2026-08-14 04:00,GWANGYANG,40FT,0,0,0,0,1,2,0,0
CARRIER_D,2026-08-14 05:00,GWANGYANG,40FT,0,0,0,0,1,2,0,0
CARRIER_D,2026-08-14 06:00,GWANGYANG,40FT,0,0,0,0,1,2,0,0
CARRIER_D,2026-08-14 07:00,GWANGYANG,40FT,0,0,0,0,1,2,0,0
CARRIER_D,2026-08-14 08:00,GWANGYANG,40FT,0,0,0,0,1,2,0,0
CARRIER_D,2026-08-14 09:00,GWANGYANG,40FT,0,0,0,0,1,2,0,0
CARRIER_D,2026-08-14 10:00,GWANGYANG,40FT,0,0,0,0,1,2,0,0
CARRIER_D,2026-08-14 11:00,GWANGYANG,40FT,0,0,0,0,1,2,0,0
CARRIER_D,2026-08-14 12:00,GWANGYANG,40FT,1,0,0,0,0,1,0,0
CARRIER_D,2026-08-14 13:00,GWANGYANG,40FT,0,0,0,0,0,1,0,0
CARRIER_D,2026-08-14 14:00,GWANGYANG,40FT,0,0,0,0,0,1,0,0
CARRIER_D,2026-08-14 15:00,GWANGYANG,40FT,0,0,0,0,0,1,0,0
CARRIER_D,2026-08-14 16:00,GWANGYANG,40FT,0,0,0,0,0,1,0,0
CARRIER_D,2026-08-14 17:00,GWANGYANG,40FT,1,0,0,0,0,0,1,0
CARRIER_D,2026-08-14 18:00,GWANGYANG,40FT,0,0,0,0,0,0,0,0
CARRIER_D,2026-08-14 19:00,GWANGYANG,40FT,0,0,0,0,0,0,0,0
CARRIER_D,2026-08-14 20:00,GWANGYANG,40FT,0,0,0,0,0,0,0,0
CARRIER_D,2026-08-14 21:00,GWANGYANG,40FT,0,0,0,0,0,0,0,0
CARRIER_D,2026-08-14 22:00,GWANGYANG,40FT,0,0,0,0,0,0,0,0
CARRIER_D,2026-08-14 23:00,GWANGYANG,40FT,0,0,0,0,0,0,0,0
CARRIER_D,2026-08-15 00:00,GWANGYANG,40FT,0,0,0,0,0,0,0,0
CARRIER_D,2026-08-15 01:00,GWANGYANG,40FT,0,0,0,0,0,0,0,0
CARRIER_D,2026-08-15 02:00,GWANGYANG,40FT,0,1,0,0,1,1,0,0
CARRIER_D,2026-08-15 03:00,GWANGYANG,40FT,0,0,0,0,1,1,0,0
CARRIER_D,2026-08-15 04:00,GWANGYANG,40FT,0,0,0,0,1,1,0,0
CARRIER_D,2026-08-15 05:00,GWANGYANG,40FT,0,0,0,0,1,1,0,0
CARRIER_D,2026-08-15 06:00,GWANGYANG,40FT,0,0,0,0,1,1,0,0
CARRIER_D,2026-08-15 07:00,GWANGYANG,40FT,0,0,0,0,1,1,0,0
CARRIER_D,2026-08-15 08:00,GWANGYANG,40FT,0,0,0,0,1,1,0,0
CARRIER_D,2026-08-15 09:00,GWANGYANG,40FT,0,0,0,0,1,1,0,0
CARRIER_D,2026-08-15 10:00,GWANGYANG,40FT,0,0,0,0,1,1,0,0
CARRIER_D,2026-08-15 11:00,GWANGYANG,40FT,0,0,0,0,1,1,0,0
CARRIER_D,2026-08-15 12:00,GWANGYANG,40FT,0,0,0,0,1,1,0,0
CARRIER_D,2026-08-15 13:00,GWANGYANG,40FT,0,0,0,0,1,1,0,0
CARRIER_D,2026-08-15 14:00,GWANGYANG,40FT,0,0,0,0,1,1,0,0
CARRIER_D,2026-08-15 15:00,GWANGYANG,40FT,0,0,0,0,1,1,0,0
CARRIER_D,2026-08-15 16:00,GWANGYANG,40FT,0,0,0,0,1,1,0,0
CARRIER_D,2026-08-15 17:00,GWANGYANG,40FT,0,0,0,0,1,1,0,0
CARRIER_D,2026-08-15 18:00,GWANGYANG,40FT,0,0,0,0,1,1,0,0
CARRIER_D,2026-08-15 19:00,GWANGYANG,40FT,0,0,0,0,1,1,0,0
CARRIER_D,2026-08-15 20:00,GWANGYANG,40FT,0,0,0,0,1,1,0,0
CARRIER_D,2026-08-15 21:00,GWANGYANG,40FT,0,0,0,0,1,1,0,0
CARRIER_D,2026-08-15 22:00,GWANGYANG,40FT,0,0,0,0,1,1,0,0
CARRIER_D,2026-08-15 23:00,GWANGYANG,40FT,0,0,0,0,1,1,0,0
CARRIER_D,2026-08-16 00:00,GWANGYANG,40FT,0,0,0,0,1,1,0,0
CARRIER_D,2026-08-16 01:00,GWANGYANG,40FT,0,0,0,0,1,1,0,0
CARRIER_D,2026-08-16 02:00,GWANGYANG,40FT,0,0,0,0,1,1,0,0
CARRIER_D,2026-08-16 03:00,GWANGYANG,40FT,0,0,0,0,1,1,0,0
CARRIER_D,2026-08-16 04:00,GWANGYANG,40FT,0,0,0,0,1,1,0,0
CARRIER_D,2026-08-16 05:00,GWANGYANG,40FT,0,0,0,0,1,1,0,0
CARRIER_D,2026-08-16 06:00,GWANGYANG,40FT,0,0,0,0,1,1,0,0
CARRIER_D,2026-08-16 07:00,GWANGYANG,40FT,0,0,0,0,1,1,0,0
CARRIER_D,2026-08-16 08:00,GWANGYANG,40FT,0,0,0,0,1,1,0,0
CARRIER_D,2026-08-16 09:00,GWANGYANG,40FT,0,0,0,0,1,1,0,0
CARRIER_D,2026-08-16 10:00,GWANGYANG,40FT,0,0,0,0,1,1,0,0
CARRIER_D,2026-08-16 11:00,GWANGYANG,40FT,0,0,0,0,1,1,0,0
CARRIER_D,2026-08-16 12:00,GWANGYANG,40FT,0,0,0,0,1,1,0,0
CARRIER_D,2026-08-16 13:00,GWANGYANG,40FT,0,0,0,0,1,1,0,0
CARRIER_D,2026-08-16 14:00,GWANGYANG,40FT,0,0,0,0,1,1,0,0
CARRIER_D,2026-08-16 15:00,GWANGYANG,40FT,0,0,0,0,1,1,0,0
CARRIER_D,2026-08-16 16:00,GWANGYANG,40FT,0,0,0,0,1,1,0,0
CARRIER_D,2026-08-16 17:00,GWANGYANG,40FT,0,1,0,0,2,2,0,0
CARRIER_D,2026-08-16 18:00,GWANGYANG,40FT,0,0,0,0,2,2,0,0
CARRIER_D,2026-08-16 19:00,GWANGYANG,40FT,0,0,0,0,2,2,0,0
CARRIER_D,2026-08-16 20:00,GWANGYANG,40FT,0,0,0,0,2,2,0,0
CARRIER_D,2026-08-16 21:00,GWANGYANG,40FT,0,0,0,0,2,2,0,0
CARRIER_D,2026-08-16 22:00,GWANGYANG,40FT,0,0,0,0,2,2,0,0
CARRIER_D,2026-08-16 23:00,GWANGYANG,40FT,0,0,0,0,2,2,0,0
CARRIER_D,2026-08-10 00:00,UIWANG,20FT,0,0,0,0,12,12,0,0
CARRIER_D,2026-08-10 01:00,UIWANG,20FT,0,0,0,0,12,12,0,0
CARRIER_D,2026-08-10 02:00,UIWANG,20FT,0,0,0,0,12,12,0,0
CARRIER_D,2026-08-10 03:00,UIWANG,20FT,0,0,0,0,12,12,0,0
CARRIER_D,2026-08-10 04:00,UIWANG,20FT,0,0,0,0,12,12,0,0
CARRIER_D,2026-08-10 05:00,UIWANG,20FT,0,0,0,0,12,12,0,0
CARRIER_D,2026-08-10 06:00,UIWANG,20FT,0,0,0,0,12,12,0,0
CARRIER_D,2026-08-10 07:00,UIWANG,20FT,1,0,0,0,11,11,0,0
CARRIER_D,2026-08-10 08:00,UIWANG,20FT,0,0,0,0,11,11,0,0
CARRIER_D,2026-08-10 09:00,UIWANG,20FT,0,1,0,0,12,12,0,0
CARRIER_D,2026-08-10 10:00,UIWANG,20FT,1,0,0,0,11,11,0,0
CARRIER_D,2026-08-10 11:00,UIWANG,20FT,0,0,0,0,11,11,0,0
CARRIER_D,2026-08-10 12:00,UIWANG,20FT,1,1,0,0,11,11,0,0
CARRIER_D,2026-08-10 13:00,UIWANG,20FT,0,1,0,0,12,12,0,0
CARRIER_D,2026-08-10 14:00,UIWANG,20FT,1,1,0,0,12,12,0,0
CARRIER_D,2026-08-10 15:00,UIWANG,20FT,0,0,0,0,12,12,0,0
CARRIER_D,2026-08-10 16:00,UIWANG,20FT,1,1,0,0,12,12,0,0
CARRIER_D,2026-08-10 17:00,UIWANG,20FT,1,0,0,0,11,11,0,0
CARRIER_D,2026-08-10 18:00,UIWANG,20FT,0,0,0,0,11,11,0,0
CARRIER_D,2026-08-10 19:00,UIWANG,20FT,0,0,0,0,11,11,0,0
CARRIER_D,2026-08-10 20:00,UIWANG,20FT,0,0,0,0,11,11,0,0
CARRIER_D,2026-08-10 21:00,UIWANG,20FT,0,0,0,0,11,11,0,0
CARRIER_D,2026-08-10 22:00,UIWANG,20FT,0,0,0,0,11,11,0,0
CARRIER_D,2026-08-10 23:00,UIWANG,20FT,0,0,0,0,11,11,0,0
CARRIER_D,2026-08-11 00:00,UIWANG,20FT,0,0,0,0,11,11,0,0
CARRIER_D,2026-08-11 01:00,UIWANG,20FT,0,0,0,0,11,11,0,0
CARRIER_D,2026-08-11 02:00,UIWANG,20FT,0,0,0,0,11,11,0,0
CARRIER_D,2026-08-11 03:00,UIWANG,20FT,0,0,0,0,11,11,0,0
CARRIER_D,2026-08-11 04:00,UIWANG,20FT,0,0,0,0,11,11,0,0
CARRIER_D,2026-08-11 05:00,UIWANG,20FT,0,0,0,0,11,11,0,0
CARRIER_D,2026-08-11 06:00,UIWANG,20FT,0,0,0,0,11,11,0,0
CARRIER_D,2026-08-11 07:00,UIWANG,20FT,0,0,0,0,11,11,0,0
CARRIER_D,2026-08-11 08:00,UIWANG,20FT,1,0,0,0,10,10,0,0
CARRIER_D,2026-08-11 09:00,UIWANG,20FT,0,1,0,0,11,11,0,0
CARRIER_D,2026-08-11 10:00,UIWANG,20FT,1,0,0,0,10,10,0,0
CARRIER_D,2026-08-11 11:00,UIWANG,20FT,1,0,0,0,9,9,0,0
CARRIER_D,2026-08-11 12:00,UIWANG,20FT,0,0,0,0,9,9,0,0
CARRIER_D,2026-08-11 13:00,UIWANG,20FT,0,1,0,0,10,10,0,0
CARRIER_D,2026-08-11 14:00,UIWANG,20FT,1,0,0,0,9,9,0,0
CARRIER_D,2026-08-11 15:00,UIWANG,20FT,0,0,0,0,9,9,0,0
CARRIER_D,2026-08-11 16:00,UIWANG,20FT,0,0,0,0,9,9,0,0
CARRIER_D,2026-08-11 17:00,UIWANG,20FT,1,1,0,0,9,9,0,0
CARRIER_D,2026-08-11 18:00,UIWANG,20FT,1,0,0,0,8,8,0,0
CARRIER_D,2026-08-11 19:00,UIWANG,20FT,0,0,0,0,8,8,0,0
CARRIER_D,2026-08-11 20:00,UIWANG,20FT,0,0,0,0,8,8,0,0
CARRIER_D,2026-08-11 21:00,UIWANG,20FT,0,0,0,0,8,8,0,0
CARRIER_D,2026-08-11 22:00,UIWANG,20FT,0,0,0,0,8,8,0,0
CARRIER_D,2026-08-11 23:00,UIWANG,20FT,0,0,0,0,8,8,0,0
CARRIER_D,2026-08-12 00:00,UIWANG,20FT,0,0,0,0,8,8,0,0
CARRIER_D,2026-08-12 01:00,UIWANG,20FT,0,0,0,0,8,8,0,0
CARRIER_D,2026-08-12 02:00,UIWANG,20FT,0,0,0,0,8,8,0,0
CARRIER_D,2026-08-12 03:00,UIWANG,20FT,0,0,0,0,8,8,0,0
CARRIER_D,2026-08-12 04:00,UIWANG,20FT,0,0,0,0,8,8,0,0
CARRIER_D,2026-08-12 05:00,UIWANG,20FT,0,0,0,0,8,8,0,0
CARRIER_D,2026-08-12 06:00,UIWANG,20FT,0,0,0,0,8,8,0,0
CARRIER_D,2026-08-12 07:00,UIWANG,20FT,1,0,0,0,7,7,0,0
CARRIER_D,2026-08-12 08:00,UIWANG,20FT,0,0,0,0,7,7,0,0
CARRIER_D,2026-08-12 09:00,UIWANG,20FT,0,1,0,0,8,8,0,0
CARRIER_D,2026-08-12 10:00,UIWANG,20FT,2,0,0,0,6,6,0,0
CARRIER_D,2026-08-12 11:00,UIWANG,20FT,0,0,0,0,6,6,0,0
CARRIER_D,2026-08-12 12:00,UIWANG,20FT,0,0,0,0,6,6,0,0
CARRIER_D,2026-08-12 13:00,UIWANG,20FT,1,1,0,0,6,6,0,0
CARRIER_D,2026-08-12 14:00,UIWANG,20FT,0,0,0,0,6,6,0,0
CARRIER_D,2026-08-12 15:00,UIWANG,20FT,1,0,0,0,5,5,0,0
CARRIER_D,2026-08-12 16:00,UIWANG,20FT,1,0,0,0,4,4,0,0
CARRIER_D,2026-08-12 17:00,UIWANG,20FT,0,0,0,0,4,4,0,0
CARRIER_D,2026-08-12 18:00,UIWANG,20FT,0,1,0,0,5,5,0,0
CARRIER_D,2026-08-12 19:00,UIWANG,20FT,0,0,0,0,5,5,0,0
CARRIER_D,2026-08-12 20:00,UIWANG,20FT,0,0,0,0,5,5,0,0
CARRIER_D,2026-08-12 21:00,UIWANG,20FT,0,0,0,0,5,5,0,0
CARRIER_D,2026-08-12 22:00,UIWANG,20FT,0,0,0,0,5,5,0,0
CARRIER_D,2026-08-12 23:00,UIWANG,20FT,0,0,0,0,5,5,0,0
CARRIER_D,2026-08-13 00:00,UIWANG,20FT,0,0,0,0,5,5,0,0
CARRIER_D,2026-08-13 01:00,UIWANG,20FT,0,0,0,0,5,5,0,0
CARRIER_D,2026-08-13 02:00,UIWANG,20FT,0,0,0,0,5,5,0,0
CARRIER_D,2026-08-13 03:00,UIWANG,20FT,0,0,0,0,5,5,0,0
CARRIER_D,2026-08-13 04:00,UIWANG,20FT,0,0,0,0,5,5,0,0
CARRIER_D,2026-08-13 05:00,UIWANG,20FT,0,0,0,0,5,5,0,0
CARRIER_D,2026-08-13 06:00,UIWANG,20FT,0,0,0,0,5,5,0,0
CARRIER_D,2026-08-13 07:00,UIWANG,20FT,0,0,0,0,5,5,0,0
CARRIER_D,2026-08-13 08:00,UIWANG,20FT,1,0,0,0,4,4,0,0
CARRIER_D,2026-08-13 09:00,UIWANG,20FT,1,0,0,0,3,3,0,0
CARRIER_D,2026-08-13 10:00,UIWANG,20FT,0,0,0,0,3,3,0,0
CARRIER_D,2026-08-13 11:00,UIWANG,20FT,1,1,0,0,3,3,0,0
CARRIER_D,2026-08-13 12:00,UIWANG,20FT,0,0,0,0,3,3,0,0
CARRIER_D,2026-08-13 13:00,UIWANG,20FT,0,0,0,0,3,3,0,0
CARRIER_D,2026-08-13 14:00,UIWANG,20FT,0,1,0,0,4,4,0,0
CARRIER_D,2026-08-13 15:00,UIWANG,20FT,0,0,0,0,4,4,0,0
CARRIER_D,2026-08-13 16:00,UIWANG,20FT,1,1,0,0,4,4,0,0
CARRIER_D,2026-08-13 17:00,UIWANG,20FT,0,0,0,0,4,4,0,0
CARRIER_D,2026-08-13 18:00,UIWANG,20FT,0,0,0,0,4,4,0,0
CARRIER_D,2026-08-13 19:00,UIWANG,20FT,0,1,0,0,5,5,0,0
CARRIER_D,2026-08-13 20:00,UIWANG,20FT,0,0,0,0,5,5,0,0
CARRIER_D,2026-08-13 21:00,UIWANG,20FT,0,0,0,0,5,5,0,0
CARRIER_D,2026-08-13 22:00,UIWANG,20FT,0,0,0,0,5,5,0,0
CARRIER_D,2026-08-13 23:00,UIWANG,20FT,0,0,0,0,5,5,0,0
CARRIER_D,2026-08-14 00:00,UIWANG,20FT,0,0,0,0,5,5,0,0
CARRIER_D,2026-08-14 01:00,UIWANG,20FT,0,0,0,0,5,5,0,0
CARRIER_D,2026-08-14 02:00,UIWANG,20FT,0,0,0,0,5,5,0,0
CARRIER_D,2026-08-14 03:00,UIWANG,20FT,0,0,0,0,5,5,0,0
CARRIER_D,2026-08-14 04:00,UIWANG,20FT,0,0,0,0,5,5,0,0
CARRIER_D,2026-08-14 05:00,UIWANG,20FT,0,0,0,0,5,5,0,0
CARRIER_D,2026-08-14 06:00,UIWANG,20FT,1,0,0,0,4,4,0,0
CARRIER_D,2026-08-14 07:00,UIWANG,20FT,0,0,0,0,4,4,0,0
CARRIER_D,2026-08-14 08:00,UIWANG,20FT,0,0,0,0,4,4,0,0
CARRIER_D,2026-08-14 09:00,UIWANG,20FT,0,1,0,0,5,5,0,0
CARRIER_D,2026-08-14 10:00,UIWANG,20FT,0,0,0,0,5,5,0,0
CARRIER_D,2026-08-14 11:00,UIWANG,20FT,0,0,0,0,5,5,0,0
CARRIER_D,2026-08-14 12:00,UIWANG,20FT,0,0,0,0,5,5,0,0
CARRIER_D,2026-08-14 13:00,UIWANG,20FT,1,1,0,0,5,5,0,0
CARRIER_D,2026-08-14 14:00,UIWANG,20FT,0,0,0,0,5,5,0,0
CARRIER_D,2026-08-14 15:00,UIWANG,20FT,0,0,0,0,5,5,0,0
CARRIER_D,2026-08-14 16:00,UIWANG,20FT,1,1,0,0,5,5,0,0
CARRIER_D,2026-08-14 17:00,UIWANG,20FT,0,0,0,0,5,5,0,0
CARRIER_D,2026-08-14 18:00,UIWANG,20FT,0,1,0,0,6,6,0,0
CARRIER_D,2026-08-14 19:00,UIWANG,20FT,0,0,0,0,6,6,0,0
CARRIER_D,2026-08-14 20:00,UIWANG,20FT,0,0,0,0,6,6,0,0
CARRIER_D,2026-08-14 21:00,UIWANG,20FT,0,0,0,0,6,6,0,0
CARRIER_D,2026-08-14 22:00,UIWANG,20FT,0,0,0,0,6,6,0,0
CARRIER_D,2026-08-14 23:00,UIWANG,20FT,0,0,0,0,6,6,0,0
CARRIER_D,2026-08-15 00:00,UIWANG,20FT,0,0,0,0,6,6,0,0
CARRIER_D,2026-08-15 01:00,UIWANG,20FT,0,0,0,0,6,6,0,0
CARRIER_D,2026-08-15 02:00,UIWANG,20FT,0,0,0,0,6,6,0,0
CARRIER_D,2026-08-15 03:00,UIWANG,20FT,0,0,0,0,6,6,0,0
CARRIER_D,2026-08-15 04:00,UIWANG,20FT,0,0,0,0,6,6,0,0
CARRIER_D,2026-08-15 05:00,UIWANG,20FT,0,1,0,0,7,7,0,0
CARRIER_D,2026-08-15 06:00,UIWANG,20FT,0,0,0,0,7,7,0,0
CARRIER_D,2026-08-15 07:00,UIWANG,20FT,1,0,0,0,6,6,0,0
CARRIER_D,2026-08-15 08:00,UIWANG,20FT,0,0,0,0,6,6,0,0
CARRIER_D,2026-08-15 09:00,UIWANG,20FT,0,0,0,0,6,6,0,0
CARRIER_D,2026-08-15 10:00,UIWANG,20FT,0,1,0,0,7,7,0,0
CARRIER_D,2026-08-15 11:00,UIWANG,20FT,0,0,0,0,7,7,0,0
CARRIER_D,2026-08-15 12:00,UIWANG,20FT,0,0,0,0,7,7,0,0
CARRIER_D,2026-08-15 13:00,UIWANG,20FT,0,0,0,0,7,7,0,0
CARRIER_D,2026-08-15 14:00,UIWANG,20FT,1,1,0,0,7,7,0,0
CARRIER_D,2026-08-15 15:00,UIWANG,20FT,1,0,0,0,6,6,0,0
CARRIER_D,2026-08-15 16:00,UIWANG,20FT,0,0,0,0,6,6,0,0
CARRIER_D,2026-08-15 17:00,UIWANG,20FT,1,1,0,0,6,6,0,0
CARRIER_D,2026-08-15 18:00,UIWANG,20FT,0,0,0,0,6,6,0,0
CARRIER_D,2026-08-15 19:00,UIWANG,20FT,0,0,0,0,6,6,0,0
CARRIER_D,2026-08-15 20:00,UIWANG,20FT,0,0,0,0,6,6,0,0
CARRIER_D,2026-08-15 21:00,UIWANG,20FT,0,0,0,0,6,6,0,0
CARRIER_D,2026-08-15 22:00,UIWANG,20FT,0,0,0,0,6,6,0,0
CARRIER_D,2026-08-15 23:00,UIWANG,20FT,0,0,0,0,6,6,0,0
CARRIER_D,2026-08-16 00:00,UIWANG,20FT,0,0,0,0,6,6,0,0
CARRIER_D,2026-08-16 01:00,UIWANG,20FT,0,0,0,0,6,6,0,0
CARRIER_D,2026-08-16 02:00,UIWANG,20FT,0,0,0,0,6,6,0,0
CARRIER_D,2026-08-16 03:00,UIWANG,20FT,0,0,0,0,6,6,0,0
CARRIER_D,2026-08-16 04:00,UIWANG,20FT,0,0,0,0,6,6,0,0
CARRIER_D,2026-08-16 05:00,UIWANG,20FT,0,0,0,0,6,6,0,0
CARRIER_D,2026-08-16 06:00,UIWANG,20FT,1,0,0,0,5,5,0,0
CARRIER_D,2026-08-16 07:00,UIWANG,20FT,0,1,0,0,6,6,0,0
CARRIER_D,2026-08-16 08:00,UIWANG,20FT,0,0,0,0,6,6,0,0
CARRIER_D,2026-08-16 09:00,UIWANG,20FT,1,0,0,0,5,5,0,0
CARRIER_D,2026-08-16 10:00,UIWANG,20FT,0,0,0,0,5,5,0,0
CARRIER_D,2026-08-16 11:00,UIWANG,20FT,0,0,0,0,5,5,0,0
CARRIER_D,2026-08-16 12:00,UIWANG,20FT,0,1,0,0,6,6,0,0
CARRIER_D,2026-08-16 13:00,UIWANG,20FT,0,0,0,0,6,6,0,0
CARRIER_D,2026-08-16 14:00,UIWANG,20FT,0,0,0,0,6,6,0,0
CARRIER_D,2026-08-16 15:00,UIWANG,20FT,1,1,0,0,6,6,0,0
CARRIER_D,2026-08-16 16:00,UIWANG,20FT,0,0,0,0,6,6,0,0
CARRIER_D,2026-08-16 17:00,UIWANG,20FT,1,1,0,0,6,6,0,0
CARRIER_D,2026-08-16 18:00,UIWANG,20FT,0,0,0,0,6,6,0,0
CARRIER_D,2026-08-16 19:00,UIWANG,20FT,0,0,0,0,6,6,0,0
CARRIER_D,2026-08-16 20:00,UIWANG,20FT,0,0,0,0,6,6,0,0
CARRIER_D,2026-08-16 21:00,UIWANG,20FT,0,1,0,0,7,7,0,0
CARRIER_D,2026-08-16 22:00,UIWANG,20FT,0,0,0,0,7,7,0,0
CARRIER_D,2026-08-16 23:00,UIWANG,20FT,0,0,0,0,7,7,0,0
CARRIER_D,2026-08-10 00:00,UIWANG,40FT,0,0,0,0,3,3,0,0
CARRIER_D,2026-08-10 01:00,UIWANG,40FT,0,0,0,0,3,3,0,0
CARRIER_D,2026-08-10 02:00,UIWANG,40FT,0,0,0,0,3,3,0,0
CARRIER_D,2026-08-10 03:00,UIWANG,40FT,0,0,0,0,3,3,0,0
CARRIER_D,2026-08-10 04:00,UIWANG,40FT,0,0,0,0,3,3,0,0
CARRIER_D,2026-08-10 05:00,UIWANG,40FT,0,0,0,0,3,3,0,0
CARRIER_D,2026-08-10 06:00,UIWANG,40FT,0,0,0,0,3,3,0,0
CARRIER_D,2026-08-10 07:00,UIWANG,40FT,0,0,0,0,3,3,0,0
CARRIER_D,2026-08-10 08:00,UIWANG,40FT,0,0,0,0,3,3,0,0
CARRIER_D,2026-08-10 09:00,UIWANG,40FT,0,0,0,0,3,3,0,0
CARRIER_D,2026-08-10 10:00,UIWANG,40FT,1,0,0,0,2,2,0,0
CARRIER_D,2026-08-10 11:00,UIWANG,40FT,0,0,0,0,2,2,0,0
CARRIER_D,2026-08-10 12:00,UIWANG,40FT,0,0,0,0,2,2,0,0
CARRIER_D,2026-08-10 13:00,UIWANG,40FT,0,0,0,0,2,2,0,0
CARRIER_D,2026-08-10 14:00,UIWANG,40FT,0,0,0,0,2,2,0,0
CARRIER_D,2026-08-10 15:00,UIWANG,40FT,1,1,0,0,2,2,0,0
CARRIER_D,2026-08-10 16:00,UIWANG,40FT,0,0,0,0,2,2,0,0
CARRIER_D,2026-08-10 17:00,UIWANG,40FT,0,0,0,0,2,2,0,0
CARRIER_D,2026-08-10 18:00,UIWANG,40FT,0,0,0,0,2,2,0,0
CARRIER_D,2026-08-10 19:00,UIWANG,40FT,0,0,0,0,2,2,0,0
CARRIER_D,2026-08-10 20:00,UIWANG,40FT,0,0,0,0,2,2,0,0
CARRIER_D,2026-08-10 21:00,UIWANG,40FT,0,0,0,0,2,2,0,0
CARRIER_D,2026-08-10 22:00,UIWANG,40FT,0,0,0,0,2,2,0,0
CARRIER_D,2026-08-10 23:00,UIWANG,40FT,0,0,0,0,2,2,0,0
CARRIER_D,2026-08-11 00:00,UIWANG,40FT,0,0,0,0,2,2,0,0
CARRIER_D,2026-08-11 01:00,UIWANG,40FT,0,0,0,0,2,2,0,0
CARRIER_D,2026-08-11 02:00,UIWANG,40FT,0,0,0,0,2,2,0,0
CARRIER_D,2026-08-11 03:00,UIWANG,40FT,0,0,0,0,2,2,0,0
CARRIER_D,2026-08-11 04:00,UIWANG,40FT,0,0,0,0,2,2,0,0
CARRIER_D,2026-08-11 05:00,UIWANG,40FT,0,0,0,0,2,2,0,0
CARRIER_D,2026-08-11 06:00,UIWANG,40FT,0,0,0,0,2,2,0,0
CARRIER_D,2026-08-11 07:00,UIWANG,40FT,0,0,0,0,2,2,0,0
CARRIER_D,2026-08-11 08:00,UIWANG,40FT,0,0,0,0,2,2,0,0
CARRIER_D,2026-08-11 09:00,UIWANG,40FT,0,0,0,0,2,2,0,0
CARRIER_D,2026-08-11 10:00,UIWANG,40FT,0,0,0,0,2,2,0,0
CARRIER_D,2026-08-11 11:00,UIWANG,40FT,0,0,0,0,2,2,0,0
CARRIER_D,2026-08-11 12:00,UIWANG,40FT,0,0,0,0,2,2,0,0
CARRIER_D,2026-08-11 13:00,UIWANG,40FT,0,1,0,0,3,3,0,0
CARRIER_D,2026-08-11 14:00,UIWANG,40FT,1,0,0,0,2,2,0,0
CARRIER_D,2026-08-11 15:00,UIWANG,40FT,0,0,0,0,2,2,0,0
CARRIER_D,2026-08-11 16:00,UIWANG,40FT,0,0,0,0,2,2,0,0
CARRIER_D,2026-08-11 17:00,UIWANG,40FT,0,0,0,0,2,2,0,0
CARRIER_D,2026-08-11 18:00,UIWANG,40FT,0,0,0,0,2,2,0,0
CARRIER_D,2026-08-11 19:00,UIWANG,40FT,0,0,0,0,2,2,0,0
CARRIER_D,2026-08-11 20:00,UIWANG,40FT,0,1,0,0,3,3,0,0
CARRIER_D,2026-08-11 21:00,UIWANG,40FT,0,0,0,0,3,3,0,0
CARRIER_D,2026-08-11 22:00,UIWANG,40FT,0,0,0,0,3,3,0,0
CARRIER_D,2026-08-11 23:00,UIWANG,40FT,0,0,0,0,3,3,0,0
CARRIER_D,2026-08-12 00:00,UIWANG,40FT,0,0,0,0,3,3,0,0
CARRIER_D,2026-08-12 01:00,UIWANG,40FT,0,0,0,0,3,3,0,0
CARRIER_D,2026-08-12 02:00,UIWANG,40FT,0,0,0,0,3,3,0,0
CARRIER_D,2026-08-12 03:00,UIWANG,40FT,0,0,0,0,3,3,0,0
CARRIER_D,2026-08-12 04:00,UIWANG,40FT,0,0,0,0,3,3,0,0
CARRIER_D,2026-08-12 05:00,UIWANG,40FT,0,0,0,0,3,3,0,0
CARRIER_D,2026-08-12 06:00,UIWANG,40FT,0,0,0,0,3,3,0,0
CARRIER_D,2026-08-12 07:00,UIWANG,40FT,0,0,0,0,3,3,0,0
CARRIER_D,2026-08-12 08:00,UIWANG,40FT,0,0,0,0,3,3,0,0
CARRIER_D,2026-08-12 09:00,UIWANG,40FT,0,0,0,0,3,3,0,0
CARRIER_D,2026-08-12 10:00,UIWANG,40FT,0,0,0,0,3,3,0,0
CARRIER_D,2026-08-12 11:00,UIWANG,40FT,1,0,0,0,2,2,0,0
CARRIER_D,2026-08-12 12:00,UIWANG,40FT,0,0,0,0,2,2,0,0
CARRIER_D,2026-08-12 13:00,UIWANG,40FT,0,0,0,0,2,2,0,0
CARRIER_D,2026-08-12 14:00,UIWANG,40FT,0,0,0,0,2,2,0,0
CARRIER_D,2026-08-12 15:00,UIWANG,40FT,0,0,0,0,2,2,0,0
CARRIER_D,2026-08-12 16:00,UIWANG,40FT,0,1,0,0,3,3,0,0
CARRIER_D,2026-08-12 17:00,UIWANG,40FT,0,0,0,0,3,3,0,0
CARRIER_D,2026-08-12 18:00,UIWANG,40FT,0,0,0,0,3,3,0,0
CARRIER_D,2026-08-12 19:00,UIWANG,40FT,0,0,0,0,3,3,0,0
CARRIER_D,2026-08-12 20:00,UIWANG,40FT,0,0,0,0,3,3,0,0
CARRIER_D,2026-08-12 21:00,UIWANG,40FT,0,0,0,0,3,3,0,0
CARRIER_D,2026-08-12 22:00,UIWANG,40FT,0,0,0,0,3,3,0,0
CARRIER_D,2026-08-12 23:00,UIWANG,40FT,0,0,0,0,3,3,0,0
CARRIER_D,2026-08-13 00:00,UIWANG,40FT,0,0,0,0,3,3,0,0
CARRIER_D,2026-08-13 01:00,UIWANG,40FT,0,0,0,0,3,3,0,0
CARRIER_D,2026-08-13 02:00,UIWANG,40FT,0,0,0,0,3,3,0,0
CARRIER_D,2026-08-13 03:00,UIWANG,40FT,0,0,0,0,3,3,0,0
CARRIER_D,2026-08-13 04:00,UIWANG,40FT,0,0,0,0,3,3,0,0
CARRIER_D,2026-08-13 05:00,UIWANG,40FT,0,0,0,0,3,3,0,0
CARRIER_D,2026-08-13 06:00,UIWANG,40FT,0,0,0,0,3,3,0,0
CARRIER_D,2026-08-13 07:00,UIWANG,40FT,0,0,0,0,3,3,0,0
CARRIER_D,2026-08-13 08:00,UIWANG,40FT,0,1,0,0,4,4,0,0
CARRIER_D,2026-08-13 09:00,UIWANG,40FT,0,0,0,0,4,4,0,0
CARRIER_D,2026-08-13 10:00,UIWANG,40FT,0,0,0,0,4,4,0,0
CARRIER_D,2026-08-13 11:00,UIWANG,40FT,0,0,0,0,4,4,0,0
CARRIER_D,2026-08-13 12:00,UIWANG,40FT,0,0,0,0,4,4,0,0
CARRIER_D,2026-08-13 13:00,UIWANG,40FT,0,0,0,0,4,4,0,0
CARRIER_D,2026-08-13 14:00,UIWANG,40FT,1,0,0,0,3,3,0,0
CARRIER_D,2026-08-13 15:00,UIWANG,40FT,0,0,0,0,3,3,0,0
CARRIER_D,2026-08-13 16:00,UIWANG,40FT,0,0,0,0,3,3,0,0
CARRIER_D,2026-08-13 17:00,UIWANG,40FT,0,0,0,0,3,3,0,0
CARRIER_D,2026-08-13 18:00,UIWANG,40FT,0,0,0,0,3,3,0,0
CARRIER_D,2026-08-13 19:00,UIWANG,40FT,0,0,0,0,3,3,0,0
CARRIER_D,2026-08-13 20:00,UIWANG,40FT,0,0,0,0,3,3,0,0
CARRIER_D,2026-08-13 21:00,UIWANG,40FT,0,0,0,0,3,3,0,0
CARRIER_D,2026-08-13 22:00,UIWANG,40FT,0,0,0,0,3,3,0,0
CARRIER_D,2026-08-13 23:00,UIWANG,40FT,0,0,0,0,3,3,0,0
CARRIER_D,2026-08-14 00:00,UIWANG,40FT,0,0,0,0,3,3,0,0
CARRIER_D,2026-08-14 01:00,UIWANG,40FT,0,0,0,0,3,3,0,0
CARRIER_D,2026-08-14 02:00,UIWANG,40FT,0,0,0,0,3,3,0,0
CARRIER_D,2026-08-14 03:00,UIWANG,40FT,0,0,0,0,3,3,0,0
CARRIER_D,2026-08-14 04:00,UIWANG,40FT,0,0,0,0,3,3,0,0
CARRIER_D,2026-08-14 05:00,UIWANG,40FT,0,0,0,0,3,3,0,0
CARRIER_D,2026-08-14 06:00,UIWANG,40FT,0,0,0,0,3,3,0,0
CARRIER_D,2026-08-14 07:00,UIWANG,40FT,0,0,0,0,3,3,0,0
CARRIER_D,2026-08-14 08:00,UIWANG,40FT,0,0,0,0,3,3,0,0
CARRIER_D,2026-08-14 09:00,UIWANG,40FT,0,0,0,0,3,3,0,0
CARRIER_D,2026-08-14 10:00,UIWANG,40FT,0,0,0,0,3,3,0,0
CARRIER_D,2026-08-14 11:00,UIWANG,40FT,0,0,0,0,3,3,0,0
CARRIER_D,2026-08-14 12:00,UIWANG,40FT,0,0,0,0,3,3,0,0
CARRIER_D,2026-08-14 13:00,UIWANG,40FT,0,0,0,0,3,3,0,0
CARRIER_D,2026-08-14 14:00,UIWANG,40FT,0,0,0,0,3,3,0,0
CARRIER_D,2026-08-14 15:00,UIWANG,40FT,0,1,0,0,4,4,0,0
CARRIER_D,2026-08-14 16:00,UIWANG,40FT,0,0,0,0,4,4,0,0
CARRIER_D,2026-08-14 17:00,UIWANG,40FT,0,0,0,0,4,4,0,0
CARRIER_D,2026-08-14 18:00,UIWANG,40FT,0,0,0,0,4,4,0,0
CARRIER_D,2026-08-14 19:00,UIWANG,40FT,0,0,0,0,4,4,0,0
CARRIER_D,2026-08-14 20:00,UIWANG,40FT,0,0,0,0,4,4,0,0
CARRIER_D,2026-08-14 21:00,UIWANG,40FT,0,0,0,0,4,4,0,0
CARRIER_D,2026-08-14 22:00,UIWANG,40FT,0,0,0,0,4,4,0,0
CARRIER_D,2026-08-14 23:00,UIWANG,40FT,0,0,0,0,4,4,0,0
CARRIER_D,2026-08-15 00:00,UIWANG,40FT,0,0,0,0,4,4,0,0
CARRIER_D,2026-08-15 01:00,UIWANG,40FT,0,0,0,0,4,4,0,0
CARRIER_D,2026-08-15 02:00,UIWANG,40FT,0,0,0,0,4,4,0,0
CARRIER_D,2026-08-15 03:00,UIWANG,40FT,0,0,0,0,4,4,0,0
CARRIER_D,2026-08-15 04:00,UIWANG,40FT,0,0,0,0,4,4,0,0
CARRIER_D,2026-08-15 05:00,UIWANG,40FT,0,0,0,0,4,4,0,0
CARRIER_D,2026-08-15 06:00,UIWANG,40FT,0,0,0,0,4,4,0,0
CARRIER_D,2026-08-15 07:00,UIWANG,40FT,1,0,0,0,3,3,0,0
CARRIER_D,2026-08-15 08:00,UIWANG,40FT,0,0,0,0,3,3,0,0
CARRIER_D,2026-08-15 09:00,UIWANG,40FT,0,0,0,0,3,3,0,0
CARRIER_D,2026-08-15 10:00,UIWANG,40FT,0,0,0,0,3,3,0,0
CARRIER_D,2026-08-15 11:00,UIWANG,40FT,0,0,0,0,3,3,0,0
CARRIER_D,2026-08-15 12:00,UIWANG,40FT,0,0,0,0,3,3,0,0
CARRIER_D,2026-08-15 13:00,UIWANG,40FT,0,0,0,0,3,3,0,0
CARRIER_D,2026-08-15 14:00,UIWANG,40FT,0,0,0,0,3,3,0,0
CARRIER_D,2026-08-15 15:00,UIWANG,40FT,0,1,0,0,4,4,0,0
CARRIER_D,2026-08-15 16:00,UIWANG,40FT,0,0,0,0,4,4,0,0
CARRIER_D,2026-08-15 17:00,UIWANG,40FT,0,0,0,0,4,4,0,0
CARRIER_D,2026-08-15 18:00,UIWANG,40FT,0,0,0,0,4,4,0,0
CARRIER_D,2026-08-15 19:00,UIWANG,40FT,0,0,0,0,4,4,0,0
CARRIER_D,2026-08-15 20:00,UIWANG,40FT,0,0,0,0,4,4,0,0
CARRIER_D,2026-08-15 21:00,UIWANG,40FT,0,0,0,0,4,4,0,0
CARRIER_D,2026-08-15 22:00,UIWANG,40FT,0,0,0,0,4,4,0,0
CARRIER_D,2026-08-15 23:00,UIWANG,40FT,0,0,0,0,4,4,0,0
CARRIER_D,2026-08-16 00:00,UIWANG,40FT,0,0,0,0,4,4,0,0
CARRIER_D,2026-08-16 01:00,UIWANG,40FT,0,0,0,0,4,4,0,0
CARRIER_D,2026-08-16 02:00,UIWANG,40FT,0,0,0,0,4,4,0,0
CARRIER_D,2026-08-16 03:00,UIWANG,40FT,0,0,0,0,4,4,0,0
CARRIER_D,2026-08-16 04:00,UIWANG,40FT,0,0,0,0,4,4,0,0
CARRIER_D,2026-08-16 05:00,UIWANG,40FT,0,0,0,0,4,4,0,0
CARRIER_D,2026-08-16 06:00,UIWANG,40FT,0,0,0,0,4,4,0,0
CARRIER_D,2026-08-16 07:00,UIWANG,40FT,0,0,0,0,4,4,0,0
CARRIER_D,2026-08-16 08:00,UIWANG,40FT,0,0,0,0,4,4,0,0
CARRIER_D,2026-08-16 09:00,UIWANG,40FT,0,0,0,0,4,4,0,0
CARRIER_D,2026-08-16 10:00,UIWANG,40FT,0,0,0,0,4,4,0,0
CARRIER_D,2026-08-16 11:00,UIWANG,40FT,0,0,0,0,4,4,0,0
CARRIER_D,2026-08-16 12:00,UIWANG,40FT,0,0,0,0,4,4,0,0
CARRIER_D,2026-08-16 13:00,UIWANG,40FT,1,0,0,0,3,3,0,0
CARRIER_D,2026-08-16 14:00,UIWANG,40FT,0,0,0,0,3,3,0,0
CARRIER_D,2026-08-16 15:00,UIWANG,40FT,0,1,0,0,4,4,0,0
CARRIER_D,2026-08-16 16:00,UIWANG,40FT,0,0,0,0,4,4,0,0
CARRIER_D,2026-08-16 17:00,UIWANG,40FT,0,0,0,0,4,4,0,0
CARRIER_D,2026-08-16 18:00,UIWANG,40FT,0,0,0,0,4,4,0,0
CARRIER_D,2026-08-16 19:00,UIWANG,40FT,0,0,0,0,4,4,0,0
CARRIER_D,2026-08-16 20:00,UIWANG,40FT,0,0,0,0,4,4,0,0
CARRIER_D,2026-08-16 21:00,UIWANG,40FT,0,0,0,0,4,4,0,0
CARRIER_D,2026-08-16 22:00,UIWANG,40FT,0,0,0,0,4,4,0,0
CARRIER_D,2026-08-16 23:00,UIWANG,40FT,0,0,0,0,4,4,0,0
CARRIER_D,2026-08-10 00:00,YAKMOK,20FT,0,0,0,0,18,18,0,0
CARRIER_D,2026-08-10 01:00,YAKMOK,20FT,0,0,0,0,18,18,0,0
CARRIER_D,2026-08-10 02:00,YAKMOK,20FT,0,0,0,0,18,18,0,0
CARRIER_D,2026-08-10 03:00,YAKMOK,20FT,0,0,0,0,18,18,0,0
CARRIER_D,2026-08-10 04:00,YAKMOK,20FT,0,0,0,0,18,18,0,0
CARRIER_D,2026-08-10 05:00,YAKMOK,20FT,0,0,0,0,18,18,0,0
CARRIER_D,2026-08-10 06:00,YAKMOK,20FT,1,0,0,0,17,17,0,0
CARRIER_D,2026-08-10 07:00,YAKMOK,20FT,0,0,0,0,17,17,0,0
CARRIER_D,2026-08-10 08:00,YAKMOK,20FT,0,1,0,0,18,18,0,0
CARRIER_D,2026-08-10 09:00,YAKMOK,20FT,1,0,0,0,17,17,0,0
CARRIER_D,2026-08-10 10:00,YAKMOK,20FT,1,0,0,0,16,16,0,0
CARRIER_D,2026-08-10 11:00,YAKMOK,20FT,0,0,0,0,16,16,0,0
CARRIER_D,2026-08-10 12:00,YAKMOK,20FT,0,1,0,0,17,17,0,0
CARRIER_D,2026-08-10 13:00,YAKMOK,20FT,1,0,0,0,16,16,0,0
CARRIER_D,2026-08-10 14:00,YAKMOK,20FT,1,0,0,0,15,15,0,0
CARRIER_D,2026-08-10 15:00,YAKMOK,20FT,1,1,0,0,15,15,0,0
CARRIER_D,2026-08-10 16:00,YAKMOK,20FT,0,0,0,0,15,15,0,0
CARRIER_D,2026-08-10 17:00,YAKMOK,20FT,2,0,0,0,13,13,0,0
CARRIER_D,2026-08-10 18:00,YAKMOK,20FT,0,1,0,0,14,14,0,0
CARRIER_D,2026-08-10 19:00,YAKMOK,20FT,0,0,0,0,14,14,0,0
CARRIER_D,2026-08-10 20:00,YAKMOK,20FT,0,0,0,0,14,14,0,0
CARRIER_D,2026-08-10 21:00,YAKMOK,20FT,0,0,0,0,14,14,0,0
CARRIER_D,2026-08-10 22:00,YAKMOK,20FT,0,0,0,0,14,14,0,0
CARRIER_D,2026-08-10 23:00,YAKMOK,20FT,0,0,0,0,14,14,0,0
CARRIER_D,2026-08-11 00:00,YAKMOK,20FT,0,0,0,0,14,14,0,0
CARRIER_D,2026-08-11 01:00,YAKMOK,20FT,0,0,0,0,14,14,0,0
CARRIER_D,2026-08-11 02:00,YAKMOK,20FT,0,0,0,0,14,14,0,0
CARRIER_D,2026-08-11 03:00,YAKMOK,20FT,0,0,0,0,14,14,0,0
CARRIER_D,2026-08-11 04:00,YAKMOK,20FT,0,0,0,0,14,14,0,0
CARRIER_D,2026-08-11 05:00,YAKMOK,20FT,0,0,0,0,14,14,0,0
CARRIER_D,2026-08-11 06:00,YAKMOK,20FT,0,0,0,0,14,14,0,0
CARRIER_D,2026-08-11 07:00,YAKMOK,20FT,0,0,0,0,14,14,0,0
CARRIER_D,2026-08-11 08:00,YAKMOK,20FT,1,0,0,0,13,13,0,0
CARRIER_D,2026-08-11 09:00,YAKMOK,20FT,0,0,0,0,13,13,0,0
CARRIER_D,2026-08-11 10:00,YAKMOK,20FT,0,0,0,0,13,13,0,0
CARRIER_D,2026-08-11 11:00,YAKMOK,20FT,1,1,0,0,13,13,0,0
CARRIER_D,2026-08-11 12:00,YAKMOK,20FT,1,1,0,0,13,13,0,0
CARRIER_D,2026-08-11 13:00,YAKMOK,20FT,0,0,0,0,13,13,0,0
CARRIER_D,2026-08-11 14:00,YAKMOK,20FT,0,0,0,0,13,13,0,0
CARRIER_D,2026-08-11 15:00,YAKMOK,20FT,1,1,0,0,13,13,0,0
CARRIER_D,2026-08-11 16:00,YAKMOK,20FT,0,0,0,0,13,13,0,0
CARRIER_D,2026-08-11 17:00,YAKMOK,20FT,0,1,0,0,14,14,0,0
CARRIER_D,2026-08-11 18:00,YAKMOK,20FT,0,1,0,0,15,15,0,0
CARRIER_D,2026-08-11 19:00,YAKMOK,20FT,0,0,0,0,15,15,0,0
CARRIER_D,2026-08-11 20:00,YAKMOK,20FT,0,1,0,0,16,16,0,0
CARRIER_D,2026-08-11 21:00,YAKMOK,20FT,0,0,0,0,16,16,0,0
CARRIER_D,2026-08-11 22:00,YAKMOK,20FT,0,0,0,0,16,16,0,0
CARRIER_D,2026-08-11 23:00,YAKMOK,20FT,0,0,0,0,16,16,0,0
CARRIER_D,2026-08-12 00:00,YAKMOK,20FT,0,0,0,0,16,16,0,0
CARRIER_D,2026-08-12 01:00,YAKMOK,20FT,0,0,0,0,16,16,0,0
CARRIER_D,2026-08-12 02:00,YAKMOK,20FT,0,0,0,0,16,16,0,0
CARRIER_D,2026-08-12 03:00,YAKMOK,20FT,0,0,0,0,16,16,0,0
CARRIER_D,2026-08-12 04:00,YAKMOK,20FT,0,0,0,0,16,16,0,0
CARRIER_D,2026-08-12 05:00,YAKMOK,20FT,1,0,0,0,15,15,0,0
CARRIER_D,2026-08-12 06:00,YAKMOK,20FT,0,0,0,0,15,15,0,0
CARRIER_D,2026-08-12 07:00,YAKMOK,20FT,0,1,0,0,16,16,0,0
CARRIER_D,2026-08-12 08:00,YAKMOK,20FT,0,0,0,0,16,16,0,0
CARRIER_D,2026-08-12 09:00,YAKMOK,20FT,1,0,0,0,15,15,0,0
CARRIER_D,2026-08-12 10:00,YAKMOK,20FT,0,1,0,0,16,16,0,0
CARRIER_D,2026-08-12 11:00,YAKMOK,20FT,0,1,0,0,17,17,0,0
CARRIER_D,2026-08-12 12:00,YAKMOK,20FT,1,0,0,0,16,16,0,0
CARRIER_D,2026-08-12 13:00,YAKMOK,20FT,0,1,0,0,17,17,0,0
CARRIER_D,2026-08-12 14:00,YAKMOK,20FT,1,1,0,0,17,17,0,0
CARRIER_D,2026-08-12 15:00,YAKMOK,20FT,0,0,0,0,17,17,0,0
CARRIER_D,2026-08-12 16:00,YAKMOK,20FT,0,1,0,0,18,18,0,0
CARRIER_D,2026-08-12 17:00,YAKMOK,20FT,1,1,0,0,18,18,0,0
CARRIER_D,2026-08-12 18:00,YAKMOK,20FT,0,1,0,0,19,19,0,0
CARRIER_D,2026-08-12 19:00,YAKMOK,20FT,0,0,0,0,19,19,0,0
CARRIER_D,2026-08-12 20:00,YAKMOK,20FT,0,1,0,0,20,20,0,0
CARRIER_D,2026-08-12 21:00,YAKMOK,20FT,0,0,0,0,20,20,0,0
CARRIER_D,2026-08-12 22:00,YAKMOK,20FT,0,0,0,0,20,20,0,0
CARRIER_D,2026-08-12 23:00,YAKMOK,20FT,0,0,0,0,20,20,0,0
CARRIER_D,2026-08-13 00:00,YAKMOK,20FT,0,0,0,0,20,20,0,0
CARRIER_D,2026-08-13 01:00,YAKMOK,20FT,0,0,0,0,20,20,0,0
CARRIER_D,2026-08-13 02:00,YAKMOK,20FT,0,0,0,0,20,20,0,0
CARRIER_D,2026-08-13 03:00,YAKMOK,20FT,0,0,0,0,20,20,0,0
CARRIER_D,2026-08-13 04:00,YAKMOK,20FT,0,0,0,0,20,20,0,0
CARRIER_D,2026-08-13 05:00,YAKMOK,20FT,0,0,0,0,20,20,0,0
CARRIER_D,2026-08-13 06:00,YAKMOK,20FT,0,0,0,0,20,20,0,0
CARRIER_D,2026-08-13 07:00,YAKMOK,20FT,0,0,0,0,20,20,0,0
CARRIER_D,2026-08-13 08:00,YAKMOK,20FT,1,0,0,0,19,19,0,0
CARRIER_D,2026-08-13 09:00,YAKMOK,20FT,1,0,0,0,18,18,0,0
CARRIER_D,2026-08-13 10:00,YAKMOK,20FT,1,1,0,0,18,18,0,0
CARRIER_D,2026-08-13 11:00,YAKMOK,20FT,0,1,0,0,19,19,0,0
CARRIER_D,2026-08-13 12:00,YAKMOK,20FT,0,0,0,0,19,19,0,0
CARRIER_D,2026-08-13 13:00,YAKMOK,20FT,0,1,0,0,20,20,0,0
CARRIER_D,2026-08-13 14:00,YAKMOK,20FT,0,0,0,0,20,20,0,0
CARRIER_D,2026-08-13 15:00,YAKMOK,20FT,1,1,0,0,20,20,0,0
CARRIER_D,2026-08-13 16:00,YAKMOK,20FT,1,0,0,0,19,19,0,0
CARRIER_D,2026-08-13 17:00,YAKMOK,20FT,1,0,0,0,18,18,0,0
CARRIER_D,2026-08-13 18:00,YAKMOK,20FT,0,0,0,0,18,18,0,0
CARRIER_D,2026-08-13 19:00,YAKMOK,20FT,0,1,0,0,19,19,0,0
CARRIER_D,2026-08-13 20:00,YAKMOK,20FT,0,0,0,0,19,19,0,0
CARRIER_D,2026-08-13 21:00,YAKMOK,20FT,0,0,0,0,19,19,0,0
CARRIER_D,2026-08-13 22:00,YAKMOK,20FT,0,0,0,0,19,19,0,0
CARRIER_D,2026-08-13 23:00,YAKMOK,20FT,0,0,0,0,19,19,0,0
CARRIER_D,2026-08-14 00:00,YAKMOK,20FT,0,0,0,0,19,19,0,0
CARRIER_D,2026-08-14 01:00,YAKMOK,20FT,0,0,0,0,19,19,0,0
CARRIER_D,2026-08-14 02:00,YAKMOK,20FT,0,0,0,0,19,19,0,0
CARRIER_D,2026-08-14 03:00,YAKMOK,20FT,0,0,0,0,19,19,0,0
CARRIER_D,2026-08-14 04:00,YAKMOK,20FT,0,0,0,0,19,19,0,0
CARRIER_D,2026-08-14 05:00,YAKMOK,20FT,0,0,0,0,19,19,0,0
CARRIER_D,2026-08-14 06:00,YAKMOK,20FT,0,0,0,0,19,19,0,0
CARRIER_D,2026-08-14 07:00,YAKMOK,20FT,1,0,0,0,18,18,0,0
CARRIER_D,2026-08-14 08:00,YAKMOK,20FT,0,1,0,0,19,19,0,0
CARRIER_D,2026-08-14 09:00,YAKMOK,20FT,0,0,0,0,19,19,0,0
CARRIER_D,2026-08-14 10:00,YAKMOK,20FT,1,0,0,0,18,18,0,0
CARRIER_D,2026-08-14 11:00,YAKMOK,20FT,0,0,0,0,18,18,0,0
CARRIER_D,2026-08-14 12:00,YAKMOK,20FT,1,1,0,0,18,18,0,0
CARRIER_D,2026-08-14 13:00,YAKMOK,20FT,0,0,0,0,18,18,0,0
CARRIER_D,2026-08-14 14:00,YAKMOK,20FT,0,0,0,0,18,18,0,0
CARRIER_D,2026-08-14 15:00,YAKMOK,20FT,0,0,0,0,18,18,0,0
CARRIER_D,2026-08-14 16:00,YAKMOK,20FT,0,0,0,0,18,18,0,0
CARRIER_D,2026-08-14 17:00,YAKMOK,20FT,1,0,0,0,17,17,0,0
CARRIER_D,2026-08-14 18:00,YAKMOK,20FT,0,1,0,0,18,18,0,0
CARRIER_D,2026-08-14 19:00,YAKMOK,20FT,0,0,0,0,18,18,0,0
CARRIER_D,2026-08-14 20:00,YAKMOK,20FT,0,0,0,0,18,18,0,0
CARRIER_D,2026-08-14 21:00,YAKMOK,20FT,0,1,0,0,19,19,0,0
CARRIER_D,2026-08-14 22:00,YAKMOK,20FT,0,0,0,0,19,19,0,0
CARRIER_D,2026-08-14 23:00,YAKMOK,20FT,0,0,0,0,19,19,0,0
CARRIER_D,2026-08-15 00:00,YAKMOK,20FT,0,0,0,0,19,19,0,0
CARRIER_D,2026-08-15 01:00,YAKMOK,20FT,0,0,0,0,19,19,0,0
CARRIER_D,2026-08-15 02:00,YAKMOK,20FT,0,0,0,0,19,19,0,0
CARRIER_D,2026-08-15 03:00,YAKMOK,20FT,0,0,0,0,19,19,0,0
CARRIER_D,2026-08-15 04:00,YAKMOK,20FT,0,0,0,0,19,19,0,0
CARRIER_D,2026-08-15 05:00,YAKMOK,20FT,0,0,0,0,19,19,0,0
CARRIER_D,2026-08-15 06:00,YAKMOK,20FT,0,0,0,0,19,19,0,0
CARRIER_D,2026-08-15 07:00,YAKMOK,20FT,0,0,0,0,19,19,0,0
CARRIER_D,2026-08-15 08:00,YAKMOK,20FT,0,0,0,0,19,19,0,0
CARRIER_D,2026-08-15 09:00,YAKMOK,20FT,0,0,0,0,19,19,0,0
CARRIER_D,2026-08-15 10:00,YAKMOK,20FT,1,0,0,0,18,18,0,0
CARRIER_D,2026-08-15 11:00,YAKMOK,20FT,0,0,0,0,18,18,0,0
CARRIER_D,2026-08-15 12:00,YAKMOK,20FT,0,1,0,0,19,19,0,0
CARRIER_D,2026-08-15 13:00,YAKMOK,20FT,1,0,0,0,18,18,0,0
CARRIER_D,2026-08-15 14:00,YAKMOK,20FT,0,1,0,0,19,19,0,0
CARRIER_D,2026-08-15 15:00,YAKMOK,20FT,0,1,0,0,20,20,0,0
CARRIER_D,2026-08-15 16:00,YAKMOK,20FT,1,1,0,0,20,20,0,0
CARRIER_D,2026-08-15 17:00,YAKMOK,20FT,0,0,0,0,20,20,0,0
CARRIER_D,2026-08-15 18:00,YAKMOK,20FT,0,0,0,0,20,20,0,0
CARRIER_D,2026-08-15 19:00,YAKMOK,20FT,0,0,0,0,20,20,0,0
CARRIER_D,2026-08-15 20:00,YAKMOK,20FT,0,0,0,0,20,20,0,0
CARRIER_D,2026-08-15 21:00,YAKMOK,20FT,0,0,0,0,20,20,0,0
CARRIER_D,2026-08-15 22:00,YAKMOK,20FT,0,0,0,0,20,20,0,0
CARRIER_D,2026-08-15 23:00,YAKMOK,20FT,0,0,0,0,20,20,0,0
CARRIER_D,2026-08-16 00:00,YAKMOK,20FT,0,0,0,0,20,20,0,0
CARRIER_D,2026-08-16 01:00,YAKMOK,20FT,0,0,0,0,20,20,0,0
CARRIER_D,2026-08-16 02:00,YAKMOK,20FT,0,0,0,0,20,20,0,0
CARRIER_D,2026-08-16 03:00,YAKMOK,20FT,0,0,0,0,20,20,0,0
CARRIER_D,2026-08-16 04:00,YAKMOK,20FT,0,0,0,0,20,20,0,0
CARRIER_D,2026-08-16 05:00,YAKMOK,20FT,0,0,0,0,20,20,0,0
CARRIER_D,2026-08-16 06:00,YAKMOK,20FT,0,0,0,0,20,20,0,0
CARRIER_D,2026-08-16 07:00,YAKMOK,20FT,0,0,0,0,20,20,0,0
CARRIER_D,2026-08-16 08:00,YAKMOK,20FT,0,1,0,0,21,21,0,0
CARRIER_D,2026-08-16 09:00,YAKMOK,20FT,0,0,0,0,21,21,0,0
CARRIER_D,2026-08-16 10:00,YAKMOK,20FT,0,1,0,0,22,22,0,0
CARRIER_D,2026-08-16 11:00,YAKMOK,20FT,1,1,0,0,22,22,0,0
CARRIER_D,2026-08-16 12:00,YAKMOK,20FT,0,1,0,0,23,23,0,0
CARRIER_D,2026-08-16 13:00,YAKMOK,20FT,0,1,0,0,24,24,0,0
CARRIER_D,2026-08-16 14:00,YAKMOK,20FT,0,0,0,0,24,24,0,0
CARRIER_D,2026-08-16 15:00,YAKMOK,20FT,0,0,0,0,24,24,0,0
CARRIER_D,2026-08-16 16:00,YAKMOK,20FT,0,1,0,0,25,25,0,0
CARRIER_D,2026-08-16 17:00,YAKMOK,20FT,0,0,0,0,25,25,0,0
CARRIER_D,2026-08-16 18:00,YAKMOK,20FT,1,1,0,0,25,25,0,0
CARRIER_D,2026-08-16 19:00,YAKMOK,20FT,0,1,0,0,26,26,0,0
CARRIER_D,2026-08-16 20:00,YAKMOK,20FT,0,0,0,0,26,26,0,0
CARRIER_D,2026-08-16 21:00,YAKMOK,20FT,0,0,0,0,26,26,0,0
CARRIER_D,2026-08-16 22:00,YAKMOK,20FT,0,0,0,0,26,26,0,0
CARRIER_D,2026-08-16 23:00,YAKMOK,20FT,0,0,0,0,26,26,0,0
CARRIER_D,2026-08-10 00:00,YAKMOK,40FT,0,0,0,0,3,3,0,0
CARRIER_D,2026-08-10 01:00,YAKMOK,40FT,0,0,0,0,3,3,0,0
CARRIER_D,2026-08-10 02:00,YAKMOK,40FT,0,0,0,0,3,3,0,0
CARRIER_D,2026-08-10 03:00,YAKMOK,40FT,0,0,0,0,3,3,0,0
CARRIER_D,2026-08-10 04:00,YAKMOK,40FT,0,0,0,0,3,3,0,0
CARRIER_D,2026-08-10 05:00,YAKMOK,40FT,0,0,0,0,3,3,0,0
CARRIER_D,2026-08-10 06:00,YAKMOK,40FT,0,0,0,0,3,3,0,0
CARRIER_D,2026-08-10 07:00,YAKMOK,40FT,0,0,0,0,3,3,0,0
CARRIER_D,2026-08-10 08:00,YAKMOK,40FT,0,0,0,0,3,3,0,0
CARRIER_D,2026-08-10 09:00,YAKMOK,40FT,0,0,0,0,3,3,0,0
CARRIER_D,2026-08-10 10:00,YAKMOK,40FT,0,0,0,0,3,3,0,0
CARRIER_D,2026-08-10 11:00,YAKMOK,40FT,0,0,0,0,3,3,0,0
CARRIER_D,2026-08-10 12:00,YAKMOK,40FT,0,0,0,0,3,3,0,0
CARRIER_D,2026-08-10 13:00,YAKMOK,40FT,0,0,0,0,3,3,0,0
CARRIER_D,2026-08-10 14:00,YAKMOK,40FT,0,0,0,0,3,3,0,0
CARRIER_D,2026-08-10 15:00,YAKMOK,40FT,0,0,0,0,3,3,0,0
CARRIER_D,2026-08-10 16:00,YAKMOK,40FT,1,0,0,0,2,2,0,0
CARRIER_D,2026-08-10 17:00,YAKMOK,40FT,0,0,0,0,2,2,0,0
CARRIER_D,2026-08-10 18:00,YAKMOK,40FT,0,0,0,0,2,2,0,0
CARRIER_D,2026-08-10 19:00,YAKMOK,40FT,0,0,0,0,2,2,0,0
CARRIER_D,2026-08-10 20:00,YAKMOK,40FT,0,0,0,0,2,2,0,0
CARRIER_D,2026-08-10 21:00,YAKMOK,40FT,0,0,0,0,2,2,0,0
CARRIER_D,2026-08-10 22:00,YAKMOK,40FT,0,0,0,0,2,2,0,0
CARRIER_D,2026-08-10 23:00,YAKMOK,40FT,0,0,0,0,2,2,0,0
CARRIER_D,2026-08-11 00:00,YAKMOK,40FT,0,0,0,0,2,2,0,0
CARRIER_D,2026-08-11 01:00,YAKMOK,40FT,0,0,0,0,2,2,0,0
CARRIER_D,2026-08-11 02:00,YAKMOK,40FT,0,0,0,0,2,2,0,0
CARRIER_D,2026-08-11 03:00,YAKMOK,40FT,0,0,0,0,2,2,0,0
CARRIER_D,2026-08-11 04:00,YAKMOK,40FT,0,0,0,0,2,2,0,0
CARRIER_D,2026-08-11 05:00,YAKMOK,40FT,0,0,0,0,2,2,0,0
CARRIER_D,2026-08-11 06:00,YAKMOK,40FT,0,0,0,0,2,2,0,0
CARRIER_D,2026-08-11 07:00,YAKMOK,40FT,0,0,0,0,2,2,0,0
CARRIER_D,2026-08-11 08:00,YAKMOK,40FT,0,0,0,0,2,2,0,0
CARRIER_D,2026-08-11 09:00,YAKMOK,40FT,0,0,0,0,2,2,0,0
CARRIER_D,2026-08-11 10:00,YAKMOK,40FT,0,0,0,0,2,2,0,0
CARRIER_D,2026-08-11 11:00,YAKMOK,40FT,0,1,0,0,3,3,0,0
CARRIER_D,2026-08-11 12:00,YAKMOK,40FT,0,0,0,0,3,3,0,0
CARRIER_D,2026-08-11 13:00,YAKMOK,40FT,0,0,0,0,3,3,0,0
CARRIER_D,2026-08-11 14:00,YAKMOK,40FT,0,0,0,0,3,3,0,0
CARRIER_D,2026-08-11 15:00,YAKMOK,40FT,0,0,0,0,3,3,0,0
CARRIER_D,2026-08-11 16:00,YAKMOK,40FT,0,0,0,0,3,3,0,0
CARRIER_D,2026-08-11 17:00,YAKMOK,40FT,0,0,0,0,3,3,0,0
CARRIER_D,2026-08-11 18:00,YAKMOK,40FT,0,0,0,0,3,3,0,0
CARRIER_D,2026-08-11 19:00,YAKMOK,40FT,0,0,0,0,3,3,0,0
CARRIER_D,2026-08-11 20:00,YAKMOK,40FT,0,0,0,0,3,3,0,0
CARRIER_D,2026-08-11 21:00,YAKMOK,40FT,0,0,0,0,3,3,0,0
CARRIER_D,2026-08-11 22:00,YAKMOK,40FT,0,0,0,0,3,3,0,0
CARRIER_D,2026-08-11 23:00,YAKMOK,40FT,0,0,0,0,3,3,0,0
CARRIER_D,2026-08-12 00:00,YAKMOK,40FT,0,0,0,0,3,3,0,0
CARRIER_D,2026-08-12 01:00,YAKMOK,40FT,0,0,0,0,3,3,0,0
CARRIER_D,2026-08-12 02:00,YAKMOK,40FT,0,0,0,0,3,3,0,0
CARRIER_D,2026-08-12 03:00,YAKMOK,40FT,0,0,0,0,3,3,0,0
CARRIER_D,2026-08-12 04:00,YAKMOK,40FT,0,0,0,0,3,3,0,0
CARRIER_D,2026-08-12 05:00,YAKMOK,40FT,0,0,0,0,3,3,0,0
CARRIER_D,2026-08-12 06:00,YAKMOK,40FT,0,0,0,0,3,3,0,0
CARRIER_D,2026-08-12 07:00,YAKMOK,40FT,1,0,0,0,2,2,0,0
CARRIER_D,2026-08-12 08:00,YAKMOK,40FT,0,0,0,0,2,2,0,0
CARRIER_D,2026-08-12 09:00,YAKMOK,40FT,0,0,0,0,2,2,0,0
CARRIER_D,2026-08-12 10:00,YAKMOK,40FT,0,0,0,0,2,2,0,0
CARRIER_D,2026-08-12 11:00,YAKMOK,40FT,0,0,0,0,2,2,0,0
CARRIER_D,2026-08-12 12:00,YAKMOK,40FT,0,1,0,0,3,3,0,0
CARRIER_D,2026-08-12 13:00,YAKMOK,40FT,0,0,0,0,3,3,0,0
CARRIER_D,2026-08-12 14:00,YAKMOK,40FT,0,0,0,0,3,3,0,0
CARRIER_D,2026-08-12 15:00,YAKMOK,40FT,0,0,0,0,3,3,0,0
CARRIER_D,2026-08-12 16:00,YAKMOK,40FT,0,0,0,0,3,3,0,0
CARRIER_D,2026-08-12 17:00,YAKMOK,40FT,0,0,0,0,3,3,0,0
CARRIER_D,2026-08-12 18:00,YAKMOK,40FT,0,0,0,0,3,3,0,0
CARRIER_D,2026-08-12 19:00,YAKMOK,40FT,0,0,0,0,3,3,0,0
CARRIER_D,2026-08-12 20:00,YAKMOK,40FT,0,0,0,0,3,3,0,0
CARRIER_D,2026-08-12 21:00,YAKMOK,40FT,0,0,0,0,3,3,0,0
CARRIER_D,2026-08-12 22:00,YAKMOK,40FT,0,0,0,0,3,3,0,0
CARRIER_D,2026-08-12 23:00,YAKMOK,40FT,0,0,0,0,3,3,0,0
CARRIER_D,2026-08-13 00:00,YAKMOK,40FT,0,0,0,0,3,3,0,0
CARRIER_D,2026-08-13 01:00,YAKMOK,40FT,0,0,0,0,3,3,0,0
CARRIER_D,2026-08-13 02:00,YAKMOK,40FT,0,0,0,0,3,3,0,0
CARRIER_D,2026-08-13 03:00,YAKMOK,40FT,0,0,0,0,3,3,0,0
CARRIER_D,2026-08-13 04:00,YAKMOK,40FT,0,0,0,0,3,3,0,0
CARRIER_D,2026-08-13 05:00,YAKMOK,40FT,0,0,0,0,3,3,0,0
CARRIER_D,2026-08-13 06:00,YAKMOK,40FT,0,0,0,0,3,3,0,0
CARRIER_D,2026-08-13 07:00,YAKMOK,40FT,0,0,0,0,3,3,0,0
CARRIER_D,2026-08-13 08:00,YAKMOK,40FT,0,0,0,0,3,3,0,0
CARRIER_D,2026-08-13 09:00,YAKMOK,40FT,0,0,0,0,3,3,0,0
CARRIER_D,2026-08-13 10:00,YAKMOK,40FT,0,0,0,0,3,3,0,0
CARRIER_D,2026-08-13 11:00,YAKMOK,40FT,0,0,0,0,3,3,0,0
CARRIER_D,2026-08-13 12:00,YAKMOK,40FT,0,0,0,0,3,3,0,0
CARRIER_D,2026-08-13 13:00,YAKMOK,40FT,0,0,0,0,3,3,0,0
CARRIER_D,2026-08-13 14:00,YAKMOK,40FT,1,0,0,0,2,2,0,0
CARRIER_D,2026-08-13 15:00,YAKMOK,40FT,0,1,0,0,3,3,0,0
CARRIER_D,2026-08-13 16:00,YAKMOK,40FT,0,0,0,0,3,3,0,0
CARRIER_D,2026-08-13 17:00,YAKMOK,40FT,0,0,0,0,3,3,0,0
CARRIER_D,2026-08-13 18:00,YAKMOK,40FT,0,0,0,0,3,3,0,0
CARRIER_D,2026-08-13 19:00,YAKMOK,40FT,0,0,0,0,3,3,0,0
CARRIER_D,2026-08-13 20:00,YAKMOK,40FT,0,0,0,0,3,3,0,0
CARRIER_D,2026-08-13 21:00,YAKMOK,40FT,0,0,0,0,3,3,0,0
CARRIER_D,2026-08-13 22:00,YAKMOK,40FT,0,0,0,0,3,3,0,0
CARRIER_D,2026-08-13 23:00,YAKMOK,40FT,0,0,0,0,3,3,0,0
CARRIER_D,2026-08-14 00:00,YAKMOK,40FT,0,0,0,0,3,3,0,0
CARRIER_D,2026-08-14 01:00,YAKMOK,40FT,0,0,0,0,3,3,0,0
CARRIER_D,2026-08-14 02:00,YAKMOK,40FT,0,0,0,0,3,3,0,0
CARRIER_D,2026-08-14 03:00,YAKMOK,40FT,0,0,0,0,3,3,0,0
CARRIER_D,2026-08-14 04:00,YAKMOK,40FT,0,0,0,0,3,3,0,0
CARRIER_D,2026-08-14 05:00,YAKMOK,40FT,0,0,0,0,3,3,0,0
CARRIER_D,2026-08-14 06:00,YAKMOK,40FT,0,0,0,0,3,3,0,0
CARRIER_D,2026-08-14 07:00,YAKMOK,40FT,0,0,0,0,3,3,0,0
CARRIER_D,2026-08-14 08:00,YAKMOK,40FT,0,0,0,0,3,3,0,0
CARRIER_D,2026-08-14 09:00,YAKMOK,40FT,0,0,0,0,3,3,0,0
CARRIER_D,2026-08-14 10:00,YAKMOK,40FT,0,0,0,0,3,3,0,0
CARRIER_D,2026-08-14 11:00,YAKMOK,40FT,0,0,0,0,3,3,0,0
CARRIER_D,2026-08-14 12:00,YAKMOK,40FT,0,0,0,0,3,3,0,0
CARRIER_D,2026-08-14 13:00,YAKMOK,40FT,0,0,0,0,3,3,0,0
CARRIER_D,2026-08-14 14:00,YAKMOK,40FT,0,0,0,0,3,3,0,0
CARRIER_D,2026-08-14 15:00,YAKMOK,40FT,0,0,0,0,3,3,0,0
CARRIER_D,2026-08-14 16:00,YAKMOK,40FT,0,0,0,0,3,3,0,0
CARRIER_D,2026-08-14 17:00,YAKMOK,40FT,0,0,0,0,3,3,0,0
CARRIER_D,2026-08-14 18:00,YAKMOK,40FT,0,0,0,0,3,3,0,0
CARRIER_D,2026-08-14 19:00,YAKMOK,40FT,0,0,0,0,3,3,0,0
CARRIER_D,2026-08-14 20:00,YAKMOK,40FT,0,0,0,0,3,3,0,0
CARRIER_D,2026-08-14 21:00,YAKMOK,40FT,0,0,0,0,3,3,0,0
CARRIER_D,2026-08-14 22:00,YAKMOK,40FT,0,0,0,0,3,3,0,0
CARRIER_D,2026-08-14 23:00,YAKMOK,40FT,0,0,0,0,3,3,0,0
CARRIER_D,2026-08-15 00:00,YAKMOK,40FT,0,0,0,0,3,3,0,0
CARRIER_D,2026-08-15 01:00,YAKMOK,40FT,0,0,0,0,3,3,0,0
CARRIER_D,2026-08-15 02:00,YAKMOK,40FT,0,0,0,0,3,3,0,0
CARRIER_D,2026-08-15 03:00,YAKMOK,40FT,0,0,0,0,3,3,0,0
CARRIER_D,2026-08-15 04:00,YAKMOK,40FT,0,0,0,0,3,3,0,0
CARRIER_D,2026-08-15 05:00,YAKMOK,40FT,0,0,0,0,3,3,0,0
CARRIER_D,2026-08-15 06:00,YAKMOK,40FT,0,0,0,0,3,3,0,0
CARRIER_D,2026-08-15 07:00,YAKMOK,40FT,0,0,0,0,3,3,0,0
CARRIER_D,2026-08-15 08:00,YAKMOK,40FT,0,0,0,0,3,3,0,0
CARRIER_D,2026-08-15 09:00,YAKMOK,40FT,0,0,0,0,3,3,0,0
CARRIER_D,2026-08-15 10:00,YAKMOK,40FT,0,1,0,0,4,4,0,0
CARRIER_D,2026-08-15 11:00,YAKMOK,40FT,1,0,0,0,3,3,0,0
CARRIER_D,2026-08-15 12:00,YAKMOK,40FT,0,0,0,0,3,3,0,0
CARRIER_D,2026-08-15 13:00,YAKMOK,40FT,0,0,0,0,3,3,0,0
CARRIER_D,2026-08-15 14:00,YAKMOK,40FT,0,0,0,0,3,3,0,0
CARRIER_D,2026-08-15 15:00,YAKMOK,40FT,0,0,0,0,3,3,0,0
CARRIER_D,2026-08-15 16:00,YAKMOK,40FT,0,0,0,0,3,3,0,0
CARRIER_D,2026-08-15 17:00,YAKMOK,40FT,0,0,0,0,3,3,0,0
CARRIER_D,2026-08-15 18:00,YAKMOK,40FT,0,0,0,0,3,3,0,0
CARRIER_D,2026-08-15 19:00,YAKMOK,40FT,0,0,0,0,3,3,0,0
CARRIER_D,2026-08-15 20:00,YAKMOK,40FT,0,0,0,0,3,3,0,0
CARRIER_D,2026-08-15 21:00,YAKMOK,40FT,0,0,0,0,3,3,0,0
CARRIER_D,2026-08-15 22:00,YAKMOK,40FT,0,0,0,0,3,3,0,0
CARRIER_D,2026-08-15 23:00,YAKMOK,40FT,0,0,0,0,3,3,0,0
CARRIER_D,2026-08-16 00:00,YAKMOK,40FT,0,0,0,0,3,3,0,0
CARRIER_D,2026-08-16 01:00,YAKMOK,40FT,0,0,0,0,3,3,0,0
CARRIER_D,2026-08-16 02:00,YAKMOK,40FT,0,0,0,0,3,3,0,0
CARRIER_D,2026-08-16 03:00,YAKMOK,40FT,0,0,0,0,3,3,0,0
CARRIER_D,2026-08-16 04:00,YAKMOK,40FT,0,0,0,0,3,3,0,0
CARRIER_D,2026-08-16 05:00,YAKMOK,40FT,0,0,0,0,3,3,0,0
CARRIER_D,2026-08-16 06:00,YAKMOK,40FT,0,0,0,0,3,3,0,0
CARRIER_D,2026-08-16 07:00,YAKMOK,40FT,0,0,0,0,3,3,0,0
CARRIER_D,2026-08-16 08:00,YAKMOK,40FT,0,0,0,0,3,3,0,0
CARRIER_D,2026-08-16 09:00,YAKMOK,40FT,0,0,0,0,3,3,0,0
CARRIER_D,2026-08-16 10:00,YAKMOK,40FT,0,0,0,0,3,3,0,0
CARRIER_D,2026-08-16 11:00,YAKMOK,40FT,0,0,0,0,3,3,0,0
CARRIER_D,2026-08-16 12:00,YAKMOK,40FT,0,0,0,0,3,3,0,0
CARRIER_D,2026-08-16 13:00,YAKMOK,40FT,0,0,0,0,3,3,0,0
CARRIER_D,2026-08-16 14:00,YAKMOK,40FT,0,0,0,0,3,3,0,0
CARRIER_D,2026-08-16 15:00,YAKMOK,40FT,0,0,0,0,3,3,0,0
CARRIER_D,2026-08-16 16:00,YAKMOK,40FT,0,0,0,0,3,3,0,0
CARRIER_D,2026-08-16 17:00,YAKMOK,40FT,0,0,0,0,3,3,0,0
CARRIER_D,2026-08-16 18:00,YAKMOK,40FT,0,1,0,0,4,4,0,0
CARRIER_D,2026-08-16 19:00,YAKMOK,40FT,0,0,0,0,4,4,0,0
CARRIER_D,2026-08-16 20:00,YAKMOK,40FT,0,0,0,0,4,4,0,0
CARRIER_D,2026-08-16 21:00,YAKMOK,40FT,0,0,0,0,4,4,0,0
CARRIER_D,2026-08-16 22:00,YAKMOK,40FT,0,0,0,0,4,4,0,0
CARRIER_D,2026-08-16 23:00,YAKMOK,40FT,0,0,0,0,4,4,0,0
CARRIER_E,2026-08-10 00:00,BUGANG,20FT,0,0,0,0,3,3,0,0
CARRIER_E,2026-08-10 01:00,BUGANG,20FT,0,0,0,0,3,3,0,0
CARRIER_E,2026-08-10 02:00,BUGANG,20FT,0,0,0,0,3,3,0,0
CARRIER_E,2026-08-10 03:00,BUGANG,20FT,0,0,0,0,3,3,0,0
CARRIER_E,2026-08-10 04:00,BUGANG,20FT,0,0,0,0,3,3,0,0
CARRIER_E,2026-08-10 05:00,BUGANG,20FT,0,0,0,0,3,3,0,0
CARRIER_E,2026-08-10 06:00,BUGANG,20FT,0,0,0,0,3,3,0,0
CARRIER_E,2026-08-10 07:00,BUGANG,20FT,0,0,0,0,3,3,0,0
CARRIER_E,2026-08-10 08:00,BUGANG,20FT,0,0,0,0,3,3,0,0
CARRIER_E,2026-08-10 09:00,BUGANG,20FT,0,0,0,0,3,3,0,0
CARRIER_E,2026-08-10 10:00,BUGANG,20FT,0,0,0,0,3,3,0,0
CARRIER_E,2026-08-10 11:00,BUGANG,20FT,0,0,0,0,3,3,0,0
CARRIER_E,2026-08-10 12:00,BUGANG,20FT,0,0,0,0,3,3,0,0
CARRIER_E,2026-08-10 13:00,BUGANG,20FT,0,0,0,0,3,3,0,0
CARRIER_E,2026-08-10 14:00,BUGANG,20FT,1,1,0,0,3,3,0,0
CARRIER_E,2026-08-10 15:00,BUGANG,20FT,0,0,0,0,3,3,0,0
CARRIER_E,2026-08-10 16:00,BUGANG,20FT,0,0,0,0,3,3,0,0
CARRIER_E,2026-08-10 17:00,BUGANG,20FT,0,0,0,0,3,3,0,0
CARRIER_E,2026-08-10 18:00,BUGANG,20FT,0,0,0,0,3,3,0,0
CARRIER_E,2026-08-10 19:00,BUGANG,20FT,0,0,0,0,3,3,0,0
CARRIER_E,2026-08-10 20:00,BUGANG,20FT,0,0,0,0,3,3,0,0
CARRIER_E,2026-08-10 21:00,BUGANG,20FT,0,0,0,0,3,3,0,0
CARRIER_E,2026-08-10 22:00,BUGANG,20FT,0,0,0,0,3,3,0,0
CARRIER_E,2026-08-10 23:00,BUGANG,20FT,0,0,0,0,3,3,0,0
CARRIER_E,2026-08-11 00:00,BUGANG,20FT,0,0,0,0,3,3,0,0
CARRIER_E,2026-08-11 01:00,BUGANG,20FT,0,0,0,0,3,3,0,0
CARRIER_E,2026-08-11 02:00,BUGANG,20FT,0,0,0,0,3,3,0,0
CARRIER_E,2026-08-11 03:00,BUGANG,20FT,0,0,0,0,3,3,0,0
CARRIER_E,2026-08-11 04:00,BUGANG,20FT,0,0,0,0,3,3,0,0
CARRIER_E,2026-08-11 05:00,BUGANG,20FT,0,0,0,0,3,3,0,0
CARRIER_E,2026-08-11 06:00,BUGANG,20FT,0,0,0,0,3,3,0,0
CARRIER_E,2026-08-11 07:00,BUGANG,20FT,0,0,0,0,3,3,0,0
CARRIER_E,2026-08-11 08:00,BUGANG,20FT,0,0,0,0,3,3,0,0
CARRIER_E,2026-08-11 09:00,BUGANG,20FT,0,0,0,0,3,3,0,0
CARRIER_E,2026-08-11 10:00,BUGANG,20FT,0,0,0,0,3,3,0,0
CARRIER_E,2026-08-11 11:00,BUGANG,20FT,0,0,0,0,3,3,0,0
CARRIER_E,2026-08-11 12:00,BUGANG,20FT,0,0,0,0,3,3,0,0
CARRIER_E,2026-08-11 13:00,BUGANG,20FT,0,0,0,0,3,3,0,0
CARRIER_E,2026-08-11 14:00,BUGANG,20FT,0,1,0,4,4,0,0,0
CARRIER_E,2026-08-11 15:00,BUGANG,20FT,0,0,0,0,4,0,0,0
CARRIER_E,2026-08-11 16:00,BUGANG,20FT,0,0,0,0,4,0,0,0
CARRIER_E,2026-08-11 17:00,BUGANG,20FT,0,0,0,0,4,0,0,0
CARRIER_E,2026-08-11 18:00,BUGANG,20FT,0,0,0,0,4,0,0,0
CARRIER_E,2026-08-11 19:00,BUGANG,20FT,0,0,0,0,4,0,0,0
CARRIER_E,2026-08-11 20:00,BUGANG,20FT,0,0,0,0,4,0,0,0
CARRIER_E,2026-08-11 21:00,BUGANG,20FT,0,0,0,0,4,0,0,0
CARRIER_E,2026-08-11 22:00,BUGANG,20FT,0,0,0,0,4,0,0,0
CARRIER_E,2026-08-11 23:00,BUGANG,20FT,0,0,0,0,4,0,0,0
CARRIER_E,2026-08-12 00:00,BUGANG,20FT,0,0,0,0,4,0,0,0
CARRIER_E,2026-08-12 01:00,BUGANG,20FT,0,0,0,0,4,0,0,0
CARRIER_E,2026-08-12 02:00,BUGANG,20FT,0,0,0,0,4,0,0,0
CARRIER_E,2026-08-12 03:00,BUGANG,20FT,0,0,0,0,4,0,0,0
CARRIER_E,2026-08-12 04:00,BUGANG,20FT,0,0,0,0,4,0,0,0
CARRIER_E,2026-08-12 05:00,BUGANG,20FT,0,0,0,0,4,0,0,0
CARRIER_E,2026-08-12 06:00,BUGANG,20FT,0,0,0,0,4,0,0,0
CARRIER_E,2026-08-12 07:00,BUGANG,20FT,0,0,0,0,4,0,0,0
CARRIER_E,2026-08-12 08:00,BUGANG,20FT,0,0,0,0,4,0,0,0
CARRIER_E,2026-08-12 09:00,BUGANG,20FT,0,0,0,0,4,0,0,0
CARRIER_E,2026-08-12 10:00,BUGANG,20FT,0,0,0,0,4,0,0,0
CARRIER_E,2026-08-12 11:00,BUGANG,20FT,0,1,0,0,5,1,0,0
CARRIER_E,2026-08-12 12:00,BUGANG,20FT,0,0,0,0,5,1,0,0
CARRIER_E,2026-08-12 13:00,BUGANG,20FT,0,0,0,0,5,1,0,0
CARRIER_E,2026-08-12 14:00,BUGANG,20FT,0,0,0,0,5,1,0,0
CARRIER_E,2026-08-12 15:00,BUGANG,20FT,0,0,0,0,5,1,0,0
CARRIER_E,2026-08-12 16:00,BUGANG,20FT,0,1,0,0,6,2,0,0
CARRIER_E,2026-08-12 17:00,BUGANG,20FT,0,0,0,0,6,2,0,0
CARRIER_E,2026-08-12 18:00,BUGANG,20FT,0,0,0,0,6,2,0,0
CARRIER_E,2026-08-12 19:00,BUGANG,20FT,1,0,0,0,5,1,0,0
CARRIER_E,2026-08-12 20:00,BUGANG,20FT,0,0,0,0,5,1,0,0
CARRIER_E,2026-08-12 21:00,BUGANG,20FT,0,0,0,0,5,1,0,0
CARRIER_E,2026-08-12 22:00,BUGANG,20FT,0,0,0,0,5,1,0,0
CARRIER_E,2026-08-12 23:00,BUGANG,20FT,0,0,0,0,5,1,0,0
CARRIER_E,2026-08-13 00:00,BUGANG,20FT,0,0,0,0,5,1,0,0
CARRIER_E,2026-08-13 01:00,BUGANG,20FT,0,0,0,0,5,1,0,0
CARRIER_E,2026-08-13 02:00,BUGANG,20FT,0,0,0,0,5,1,0,0
CARRIER_E,2026-08-13 03:00,BUGANG,20FT,0,0,0,0,5,1,0,0
CARRIER_E,2026-08-13 04:00,BUGANG,20FT,0,0,0,0,5,1,0,0
CARRIER_E,2026-08-13 05:00,BUGANG,20FT,0,0,0,0,5,1,0,0
CARRIER_E,2026-08-13 06:00,BUGANG,20FT,0,0,0,0,5,1,0,0
CARRIER_E,2026-08-13 07:00,BUGANG,20FT,0,0,0,0,5,1,0,0
CARRIER_E,2026-08-13 08:00,BUGANG,20FT,0,0,0,0,5,1,0,0
CARRIER_E,2026-08-13 09:00,BUGANG,20FT,0,0,0,0,5,1,0,0
CARRIER_E,2026-08-13 10:00,BUGANG,20FT,0,0,0,0,5,1,0,0
CARRIER_E,2026-08-13 11:00,BUGANG,20FT,0,0,0,0,5,1,0,0
CARRIER_E,2026-08-13 12:00,BUGANG,20FT,0,0,0,0,5,1,0,0
CARRIER_E,2026-08-13 13:00,BUGANG,20FT,1,0,0,0,4,0,0,0
CARRIER_E,2026-08-13 14:00,BUGANG,20FT,0,1,0,0,5,1,0,0
CARRIER_E,2026-08-13 15:00,BUGANG,20FT,0,0,0,0,5,1,0,0
CARRIER_E,2026-08-13 16:00,BUGANG,20FT,0,0,0,0,5,1,0,0
CARRIER_E,2026-08-13 17:00,BUGANG,20FT,0,0,0,0,5,1,0,0
CARRIER_E,2026-08-13 18:00,BUGANG,20FT,0,0,0,0,5,1,0,0
CARRIER_E,2026-08-13 19:00,BUGANG,20FT,0,0,0,0,5,1,0,0
CARRIER_E,2026-08-13 20:00,BUGANG,20FT,0,0,0,0,5,1,0,0
CARRIER_E,2026-08-13 21:00,BUGANG,20FT,0,0,0,0,5,1,0,0
CARRIER_E,2026-08-13 22:00,BUGANG,20FT,0,0,0,0,5,1,0,0
CARRIER_E,2026-08-13 23:00,BUGANG,20FT,0,0,0,0,5,1,0,0
CARRIER_E,2026-08-14 00:00,BUGANG,20FT,0,0,0,0,5,1,0,0
CARRIER_E,2026-08-14 01:00,BUGANG,20FT,0,0,0,0,5,1,0,0
CARRIER_E,2026-08-14 02:00,BUGANG,20FT,0,0,0,0,5,1,0,0
CARRIER_E,2026-08-14 03:00,BUGANG,20FT,0,0,0,0,5,1,0,0
CARRIER_E,2026-08-14 04:00,BUGANG,20FT,0,0,0,0,5,1,0,0
CARRIER_E,2026-08-14 05:00,BUGANG,20FT,0,0,0,0,5,1,0,0
CARRIER_E,2026-08-14 06:00,BUGANG,20FT,0,0,0,0,5,1,0,0
CARRIER_E,2026-08-14 07:00,BUGANG,20FT,1,0,0,0,4,0,0,0
CARRIER_E,2026-08-14 08:00,BUGANG,20FT,0,0,0,0,4,0,0,0
CARRIER_E,2026-08-14 09:00,BUGANG,20FT,0,0,0,0,4,0,0,0
CARRIER_E,2026-08-14 10:00,BUGANG,20FT,0,0,0,0,4,0,0,0
CARRIER_E,2026-08-14 11:00,BUGANG,20FT,0,0,0,0,4,0,0,0
CARRIER_E,2026-08-14 12:00,BUGANG,20FT,0,0,0,0,4,0,0,0
CARRIER_E,2026-08-14 13:00,BUGANG,20FT,0,0,0,0,4,0,0,0
CARRIER_E,2026-08-14 14:00,BUGANG,20FT,0,0,0,0,4,0,0,0
CARRIER_E,2026-08-14 15:00,BUGANG,20FT,0,1,0,0,5,1,0,0
CARRIER_E,2026-08-14 16:00,BUGANG,20FT,0,0,0,0,5,1,0,0
CARRIER_E,2026-08-14 17:00,BUGANG,20FT,0,0,0,0,5,1,0,0
CARRIER_E,2026-08-14 18:00,BUGANG,20FT,0,0,0,0,5,1,0,0
CARRIER_E,2026-08-14 19:00,BUGANG,20FT,0,0,0,0,5,1,0,0
CARRIER_E,2026-08-14 20:00,BUGANG,20FT,0,0,0,0,5,1,0,0
CARRIER_E,2026-08-14 21:00,BUGANG,20FT,0,0,0,0,5,1,0,0
CARRIER_E,2026-08-14 22:00,BUGANG,20FT,0,0,0,0,5,1,0,0
CARRIER_E,2026-08-14 23:00,BUGANG,20FT,0,0,0,0,5,1,0,0
CARRIER_E,2026-08-15 00:00,BUGANG,20FT,0,0,0,0,5,1,0,0
CARRIER_E,2026-08-15 01:00,BUGANG,20FT,0,0,0,0,5,1,0,0
CARRIER_E,2026-08-15 02:00,BUGANG,20FT,0,0,0,0,5,1,0,0
CARRIER_E,2026-08-15 03:00,BUGANG,20FT,0,0,0,0,5,1,0,0
CARRIER_E,2026-08-15 04:00,BUGANG,20FT,0,0,0,0,5,1,0,0
CARRIER_E,2026-08-15 05:00,BUGANG,20FT,0,0,0,0,5,1,0,0
CARRIER_E,2026-08-15 06:00,BUGANG,20FT,0,0,0,0,5,1,0,0
CARRIER_E,2026-08-15 07:00,BUGANG,20FT,0,0,0,0,5,1,0,0
CARRIER_E,2026-08-15 08:00,BUGANG,20FT,0,0,0,0,5,1,0,0
CARRIER_E,2026-08-15 09:00,BUGANG,20FT,0,0,0,0,5,1,0,0
CARRIER_E,2026-08-15 10:00,BUGANG,20FT,0,0,0,0,5,1,0,0
CARRIER_E,2026-08-15 11:00,BUGANG,20FT,0,0,0,0,5,1,0,0
CARRIER_E,2026-08-15 12:00,BUGANG,20FT,0,0,0,0,5,1,0,0
CARRIER_E,2026-08-15 13:00,BUGANG,20FT,0,0,0,0,5,1,0,0
CARRIER_E,2026-08-15 14:00,BUGANG,20FT,0,0,0,0,5,1,0,0
CARRIER_E,2026-08-15 15:00,BUGANG,20FT,0,0,0,0,5,1,0,0
CARRIER_E,2026-08-15 16:00,BUGANG,20FT,0,0,0,0,5,1,0,0
CARRIER_E,2026-08-15 17:00,BUGANG,20FT,0,0,0,0,5,1,0,0
CARRIER_E,2026-08-15 18:00,BUGANG,20FT,0,0,0,0,5,1,0,0
CARRIER_E,2026-08-15 19:00,BUGANG,20FT,0,0,0,0,5,1,0,0
CARRIER_E,2026-08-15 20:00,BUGANG,20FT,0,0,0,0,5,1,0,0
CARRIER_E,2026-08-15 21:00,BUGANG,20FT,0,0,0,0,5,1,0,0
CARRIER_E,2026-08-15 22:00,BUGANG,20FT,0,0,0,0,5,1,0,0
CARRIER_E,2026-08-15 23:00,BUGANG,20FT,0,0,0,0,5,1,0,0
CARRIER_E,2026-08-16 00:00,BUGANG,20FT,0,0,0,0,5,1,0,0
CARRIER_E,2026-08-16 01:00,BUGANG,20FT,0,0,0,0,5,1,0,0
CARRIER_E,2026-08-16 02:00,BUGANG,20FT,0,0,0,0,5,1,0,0
CARRIER_E,2026-08-16 03:00,BUGANG,20FT,0,0,0,0,5,1,0,0
CARRIER_E,2026-08-16 04:00,BUGANG,20FT,0,0,0,0,5,1,0,0
CARRIER_E,2026-08-16 05:00,BUGANG,20FT,0,0,0,0,5,1,0,0
CARRIER_E,2026-08-16 06:00,BUGANG,20FT,0,0,0,0,5,1,0,0
CARRIER_E,2026-08-16 07:00,BUGANG,20FT,0,0,0,0,5,1,0,0
CARRIER_E,2026-08-16 08:00,BUGANG,20FT,0,0,0,0,5,1,0,0
CARRIER_E,2026-08-16 09:00,BUGANG,20FT,0,0,0,0,5,1,0,0
CARRIER_E,2026-08-16 10:00,BUGANG,20FT,0,0,0,0,5,1,0,0
CARRIER_E,2026-08-16 11:00,BUGANG,20FT,1,0,0,0,4,0,0,0
CARRIER_E,2026-08-16 12:00,BUGANG,20FT,0,0,0,0,4,0,0,0
CARRIER_E,2026-08-16 13:00,BUGANG,20FT,0,0,0,0,4,0,0,0
CARRIER_E,2026-08-16 14:00,BUGANG,20FT,0,0,0,0,4,0,0,0
CARRIER_E,2026-08-16 15:00,BUGANG,20FT,0,0,0,0,4,0,0,0
CARRIER_E,2026-08-16 16:00,BUGANG,20FT,0,0,0,0,4,0,0,0
CARRIER_E,2026-08-16 17:00,BUGANG,20FT,0,1,0,0,5,1,0,0
CARRIER_E,2026-08-16 18:00,BUGANG,20FT,0,0,0,0,5,1,0,0
CARRIER_E,2026-08-16 19:00,BUGANG,20FT,0,0,0,0,5,1,0,0
CARRIER_E,2026-08-16 20:00,BUGANG,20FT,0,0,0,0,5,1,0,0
CARRIER_E,2026-08-16 21:00,BUGANG,20FT,0,0,0,0,5,1,0,0
CARRIER_E,2026-08-16 22:00,BUGANG,20FT,0,0,0,0,5,1,0,0
CARRIER_E,2026-08-16 23:00,BUGANG,20FT,0,0,0,0,5,1,0,0
CARRIER_E,2026-08-10 00:00,BUGANG,40FT,0,0,0,0,0,0,0,0
CARRIER_E,2026-08-10 01:00,BUGANG,40FT,0,0,0,0,0,0,0,0
CARRIER_E,2026-08-10 02:00,BUGANG,40FT,0,0,0,0,0,0,0,0
CARRIER_E,2026-08-10 03:00,BUGANG,40FT,0,0,0,0,0,0,0,0
CARRIER_E,2026-08-10 04:00,BUGANG,40FT,0,0,0,0,0,0,0,0
CARRIER_E,2026-08-10 05:00,BUGANG,40FT,0,0,0,0,0,0,0,0
CARRIER_E,2026-08-10 06:00,BUGANG,40FT,0,0,0,0,0,0,0,0
CARRIER_E,2026-08-10 07:00,BUGANG,40FT,0,0,0,0,0,0,0,0
CARRIER_E,2026-08-10 08:00,BUGANG,40FT,0,0,0,0,0,0,0,0
CARRIER_E,2026-08-10 09:00,BUGANG,40FT,0,0,0,0,0,0,0,0
CARRIER_E,2026-08-10 10:00,BUGANG,40FT,0,0,0,0,0,0,0,0
CARRIER_E,2026-08-10 11:00,BUGANG,40FT,0,0,0,0,0,0,0,0
CARRIER_E,2026-08-10 12:00,BUGANG,40FT,0,0,0,0,0,0,0,0
CARRIER_E,2026-08-10 13:00,BUGANG,40FT,0,0,0,0,0,0,0,0
CARRIER_E,2026-08-10 14:00,BUGANG,40FT,0,0,0,0,0,0,0,0
CARRIER_E,2026-08-10 15:00,BUGANG,40FT,0,0,0,0,0,0,0,0
CARRIER_E,2026-08-10 16:00,BUGANG,40FT,0,0,0,0,0,0,0,0
CARRIER_E,2026-08-10 17:00,BUGANG,40FT,0,0,0,0,0,0,0,0
CARRIER_E,2026-08-10 18:00,BUGANG,40FT,0,0,0,0,0,0,0,0
CARRIER_E,2026-08-10 19:00,BUGANG,40FT,0,0,0,0,0,0,0,0
CARRIER_E,2026-08-10 20:00,BUGANG,40FT,0,0,0,0,0,0,0,0
CARRIER_E,2026-08-10 21:00,BUGANG,40FT,0,0,0,0,0,0,0,0
CARRIER_E,2026-08-10 22:00,BUGANG,40FT,0,0,0,0,0,0,0,0
CARRIER_E,2026-08-10 23:00,BUGANG,40FT,0,0,0,0,0,0,0,0
CARRIER_E,2026-08-11 00:00,BUGANG,40FT,0,0,0,0,0,0,0,0
CARRIER_E,2026-08-11 01:00,BUGANG,40FT,0,0,0,0,0,0,0,0
CARRIER_E,2026-08-11 02:00,BUGANG,40FT,0,0,0,0,0,0,0,0
CARRIER_E,2026-08-11 03:00,BUGANG,40FT,0,0,0,0,0,0,0,0
CARRIER_E,2026-08-11 04:00,BUGANG,40FT,0,0,0,0,0,0,0,0
CARRIER_E,2026-08-11 05:00,BUGANG,40FT,0,0,0,0,0,0,0,0
CARRIER_E,2026-08-11 06:00,BUGANG,40FT,0,0,0,0,0,0,0,0
CARRIER_E,2026-08-11 07:00,BUGANG,40FT,0,0,0,0,0,0,0,0
CARRIER_E,2026-08-11 08:00,BUGANG,40FT,0,0,0,0,0,0,0,0
CARRIER_E,2026-08-11 09:00,BUGANG,40FT,0,0,0,0,0,0,0,0
CARRIER_E,2026-08-11 10:00,BUGANG,40FT,0,0,0,0,0,0,0,0
CARRIER_E,2026-08-11 11:00,BUGANG,40FT,0,0,0,0,0,0,0,0
CARRIER_E,2026-08-11 12:00,BUGANG,40FT,0,0,0,0,0,0,0,0
CARRIER_E,2026-08-11 13:00,BUGANG,40FT,0,0,0,0,0,0,0,0
CARRIER_E,2026-08-11 14:00,BUGANG,40FT,0,0,0,0,0,0,0,0
CARRIER_E,2026-08-11 15:00,BUGANG,40FT,0,0,0,0,0,0,0,0
CARRIER_E,2026-08-11 16:00,BUGANG,40FT,0,0,0,0,0,0,0,0
CARRIER_E,2026-08-11 17:00,BUGANG,40FT,0,0,0,0,0,0,0,0
CARRIER_E,2026-08-11 18:00,BUGANG,40FT,0,0,0,0,0,0,0,0
CARRIER_E,2026-08-11 19:00,BUGANG,40FT,0,0,0,0,0,0,0,0
CARRIER_E,2026-08-11 20:00,BUGANG,40FT,0,0,0,0,0,0,0,0
CARRIER_E,2026-08-11 21:00,BUGANG,40FT,0,0,0,0,0,0,0,0
CARRIER_E,2026-08-11 22:00,BUGANG,40FT,0,0,0,0,0,0,0,0
CARRIER_E,2026-08-11 23:00,BUGANG,40FT,0,0,0,0,0,0,0,0
CARRIER_E,2026-08-12 00:00,BUGANG,40FT,0,0,0,0,0,0,0,0
CARRIER_E,2026-08-12 01:00,BUGANG,40FT,0,0,0,0,0,0,0,0
CARRIER_E,2026-08-12 02:00,BUGANG,40FT,0,0,0,0,0,0,0,0
CARRIER_E,2026-08-12 03:00,BUGANG,40FT,0,0,0,0,0,0,0,0
CARRIER_E,2026-08-12 04:00,BUGANG,40FT,0,0,0,0,0,0,0,0
CARRIER_E,2026-08-12 05:00,BUGANG,40FT,0,0,0,0,0,0,0,0
CARRIER_E,2026-08-12 06:00,BUGANG,40FT,0,0,0,0,0,0,0,0
CARRIER_E,2026-08-12 07:00,BUGANG,40FT,0,0,0,0,0,0,0,0
CARRIER_E,2026-08-12 08:00,BUGANG,40FT,0,0,0,0,0,0,0,0
CARRIER_E,2026-08-12 09:00,BUGANG,40FT,0,0,0,0,0,0,0,0
CARRIER_E,2026-08-12 10:00,BUGANG,40FT,0,0,0,0,0,0,0,0
CARRIER_E,2026-08-12 11:00,BUGANG,40FT,0,0,0,0,0,0,0,0
CARRIER_E,2026-08-12 12:00,BUGANG,40FT,0,0,0,0,0,0,0,0
CARRIER_E,2026-08-12 13:00,BUGANG,40FT,0,0,0,0,0,0,0,0
CARRIER_E,2026-08-12 14:00,BUGANG,40FT,0,0,0,0,0,0,0,0
CARRIER_E,2026-08-12 15:00,BUGANG,40FT,0,1,0,0,1,1,0,0
CARRIER_E,2026-08-12 16:00,BUGANG,40FT,0,0,0,0,1,1,0,0
CARRIER_E,2026-08-12 17:00,BUGANG,40FT,0,0,0,0,1,1,0,0
CARRIER_E,2026-08-12 18:00,BUGANG,40FT,0,0,0,0,1,1,0,0
CARRIER_E,2026-08-12 19:00,BUGANG,40FT,0,0,0,0,1,1,0,0
CARRIER_E,2026-08-12 20:00,BUGANG,40FT,0,0,0,0,1,1,0,0
CARRIER_E,2026-08-12 21:00,BUGANG,40FT,0,0,0,0,1,1,0,0
CARRIER_E,2026-08-12 22:00,BUGANG,40FT,0,0,0,0,1,1,0,0
CARRIER_E,2026-08-12 23:00,BUGANG,40FT,0,0,0,0,1,1,0,0
CARRIER_E,2026-08-13 00:00,BUGANG,40FT,0,0,0,0,1,1,0,0
CARRIER_E,2026-08-13 01:00,BUGANG,40FT,0,0,0,0,1,1,0,0
CARRIER_E,2026-08-13 02:00,BUGANG,40FT,0,0,0,0,1,1,0,0
CARRIER_E,2026-08-13 03:00,BUGANG,40FT,0,0,0,0,1,1,0,0
CARRIER_E,2026-08-13 04:00,BUGANG,40FT,0,0,0,0,1,1,0,0
CARRIER_E,2026-08-13 05:00,BUGANG,40FT,0,0,0,0,1,1,0,0
CARRIER_E,2026-08-13 06:00,BUGANG,40FT,0,0,0,0,1,1,0,0
CARRIER_E,2026-08-13 07:00,BUGANG,40FT,0,0,0,0,1,1,0,0
CARRIER_E,2026-08-13 08:00,BUGANG,40FT,0,0,0,0,1,1,0,0
CARRIER_E,2026-08-13 09:00,BUGANG,40FT,0,0,0,0,1,1,0,0
CARRIER_E,2026-08-13 10:00,BUGANG,40FT,0,0,0,0,1,1,0,0
CARRIER_E,2026-08-13 11:00,BUGANG,40FT,0,0,0,0,1,1,0,0
CARRIER_E,2026-08-13 12:00,BUGANG,40FT,0,0,0,0,1,1,0,0
CARRIER_E,2026-08-13 13:00,BUGANG,40FT,0,0,0,0,1,1,0,0
CARRIER_E,2026-08-13 14:00,BUGANG,40FT,0,0,0,0,1,1,0,0
CARRIER_E,2026-08-13 15:00,BUGANG,40FT,0,0,0,0,1,1,0,0
CARRIER_E,2026-08-13 16:00,BUGANG,40FT,0,0,0,0,1,1,0,0
CARRIER_E,2026-08-13 17:00,BUGANG,40FT,0,0,0,0,1,1,0,0
CARRIER_E,2026-08-13 18:00,BUGANG,40FT,0,0,0,0,1,1,0,0
CARRIER_E,2026-08-13 19:00,BUGANG,40FT,0,0,0,0,1,1,0,0
CARRIER_E,2026-08-13 20:00,BUGANG,40FT,0,0,0,0,1,1,0,0
CARRIER_E,2026-08-13 21:00,BUGANG,40FT,0,0,0,0,1,1,0,0
CARRIER_E,2026-08-13 22:00,BUGANG,40FT,0,0,0,0,1,1,0,0
CARRIER_E,2026-08-13 23:00,BUGANG,40FT,0,0,0,0,1,1,0,0
CARRIER_E,2026-08-14 00:00,BUGANG,40FT,0,0,0,0,1,1,0,0
CARRIER_E,2026-08-14 01:00,BUGANG,40FT,0,0,0,0,1,1,0,0
CARRIER_E,2026-08-14 02:00,BUGANG,40FT,0,0,0,0,1,1,0,0
CARRIER_E,2026-08-14 03:00,BUGANG,40FT,0,0,0,0,1,1,0,0
CARRIER_E,2026-08-14 04:00,BUGANG,40FT,0,0,0,0,1,1,0,0
CARRIER_E,2026-08-14 05:00,BUGANG,40FT,0,0,0,0,1,1,0,0
CARRIER_E,2026-08-14 06:00,BUGANG,40FT,0,0,0,0,1,1,0,0
CARRIER_E,2026-08-14 07:00,BUGANG,40FT,0,0,0,0,1,1,0,0
CARRIER_E,2026-08-14 08:00,BUGANG,40FT,0,0,0,0,1,1,0,0
CARRIER_E,2026-08-14 09:00,BUGANG,40FT,0,0,0,0,1,1,0,0
CARRIER_E,2026-08-14 10:00,BUGANG,40FT,0,0,0,0,1,1,0,0
CARRIER_E,2026-08-14 11:00,BUGANG,40FT,0,0,0,0,1,1,0,0
CARRIER_E,2026-08-14 12:00,BUGANG,40FT,0,0,0,0,1,1,0,0
CARRIER_E,2026-08-14 13:00,BUGANG,40FT,0,0,0,0,1,1,0,0
CARRIER_E,2026-08-14 14:00,BUGANG,40FT,0,0,0,0,1,1,0,0
CARRIER_E,2026-08-14 15:00,BUGANG,40FT,0,0,0,0,1,1,0,0
CARRIER_E,2026-08-14 16:00,BUGANG,40FT,0,0,0,0,1,1,0,0
CARRIER_E,2026-08-14 17:00,BUGANG,40FT,0,0,0,0,1,1,0,0
CARRIER_E,2026-08-14 18:00,BUGANG,40FT,0,0,0,0,1,1,0,0
CARRIER_E,2026-08-14 19:00,BUGANG,40FT,0,0,0,0,1,1,0,0
CARRIER_E,2026-08-14 20:00,BUGANG,40FT,0,0,0,0,1,1,0,0
CARRIER_E,2026-08-14 21:00,BUGANG,40FT,0,0,0,0,1,1,0,0
CARRIER_E,2026-08-14 22:00,BUGANG,40FT,0,0,0,0,1,1,0,0
CARRIER_E,2026-08-14 23:00,BUGANG,40FT,0,0,0,0,1,1,0,0
CARRIER_E,2026-08-15 00:00,BUGANG,40FT,0,0,0,0,1,1,0,0
CARRIER_E,2026-08-15 01:00,BUGANG,40FT,0,0,0,0,1,1,0,0
CARRIER_E,2026-08-15 02:00,BUGANG,40FT,0,0,0,0,1,1,0,0
CARRIER_E,2026-08-15 03:00,BUGANG,40FT,0,0,0,0,1,1,0,0
CARRIER_E,2026-08-15 04:00,BUGANG,40FT,0,0,0,0,1,1,0,0
CARRIER_E,2026-08-15 05:00,BUGANG,40FT,0,0,0,0,1,1,0,0
CARRIER_E,2026-08-15 06:00,BUGANG,40FT,0,0,0,0,1,1,0,0
CARRIER_E,2026-08-15 07:00,BUGANG,40FT,0,0,0,0,1,1,0,0
CARRIER_E,2026-08-15 08:00,BUGANG,40FT,0,0,0,0,1,1,0,0
CARRIER_E,2026-08-15 09:00,BUGANG,40FT,0,0,0,0,1,1,0,0
CARRIER_E,2026-08-15 10:00,BUGANG,40FT,0,0,0,0,1,1,0,0
CARRIER_E,2026-08-15 11:00,BUGANG,40FT,0,0,0,0,1,1,0,0
CARRIER_E,2026-08-15 12:00,BUGANG,40FT,0,0,0,0,1,1,0,0
CARRIER_E,2026-08-15 13:00,BUGANG,40FT,0,0,0,0,1,1,0,0
CARRIER_E,2026-08-15 14:00,BUGANG,40FT,0,0,0,0,1,1,0,0
CARRIER_E,2026-08-15 15:00,BUGANG,40FT,0,0,0,0,1,1,0,0
CARRIER_E,2026-08-15 16:00,BUGANG,40FT,0,0,0,0,1,1,0,0
CARRIER_E,2026-08-15 17:00,BUGANG,40FT,0,0,0,0,1,1,0,0
CARRIER_E,2026-08-15 18:00,BUGANG,40FT,0,0,0,0,1,1,0,0
CARRIER_E,2026-08-15 19:00,BUGANG,40FT,0,0,0,0,1,1,0,0
CARRIER_E,2026-08-15 20:00,BUGANG,40FT,0,0,0,0,1,1,0,0
CARRIER_E,2026-08-15 21:00,BUGANG,40FT,0,0,0,0,1,1,0,0
CARRIER_E,2026-08-15 22:00,BUGANG,40FT,0,0,0,0,1,1,0,0
CARRIER_E,2026-08-15 23:00,BUGANG,40FT,0,0,0,0,1,1,0,0
CARRIER_E,2026-08-16 00:00,BUGANG,40FT,0,0,0,0,1,1,0,0
CARRIER_E,2026-08-16 01:00,BUGANG,40FT,0,0,0,0,1,1,0,0
CARRIER_E,2026-08-16 02:00,BUGANG,40FT,0,0,0,0,1,1,0,0
CARRIER_E,2026-08-16 03:00,BUGANG,40FT,0,0,0,0,1,1,0,0
CARRIER_E,2026-08-16 04:00,BUGANG,40FT,0,0,0,0,1,1,0,0
CARRIER_E,2026-08-16 05:00,BUGANG,40FT,0,0,0,0,1,1,0,0
CARRIER_E,2026-08-16 06:00,BUGANG,40FT,0,0,0,0,1,1,0,0
CARRIER_E,2026-08-16 07:00,BUGANG,40FT,0,0,0,0,1,1,0,0
CARRIER_E,2026-08-16 08:00,BUGANG,40FT,0,0,0,0,1,1,0,0
CARRIER_E,2026-08-16 09:00,BUGANG,40FT,0,0,0,0,1,1,0,0
CARRIER_E,2026-08-16 10:00,BUGANG,40FT,0,0,0,0,1,1,0,0
CARRIER_E,2026-08-16 11:00,BUGANG,40FT,0,0,0,0,1,1,0,0
CARRIER_E,2026-08-16 12:00,BUGANG,40FT,0,0,0,0,1,1,0,0
CARRIER_E,2026-08-16 13:00,BUGANG,40FT,0,0,0,0,1,1,0,0
CARRIER_E,2026-08-16 14:00,BUGANG,40FT,0,0,0,0,1,1,0,0
CARRIER_E,2026-08-16 15:00,BUGANG,40FT,0,0,0,0,1,1,0,0
CARRIER_E,2026-08-16 16:00,BUGANG,40FT,0,0,0,0,1,1,0,0
CARRIER_E,2026-08-16 17:00,BUGANG,40FT,0,0,0,0,1,1,0,0
CARRIER_E,2026-08-16 18:00,BUGANG,40FT,0,0,0,0,1,1,0,0
CARRIER_E,2026-08-16 19:00,BUGANG,40FT,0,0,0,0,1,1,0,0
CARRIER_E,2026-08-16 20:00,BUGANG,40FT,0,0,0,0,1,1,0,0
CARRIER_E,2026-08-16 21:00,BUGANG,40FT,0,0,0,0,1,1,0,0
CARRIER_E,2026-08-16 22:00,BUGANG,40FT,0,0,0,0,1,1,0,0
CARRIER_E,2026-08-16 23:00,BUGANG,40FT,0,0,0,0,1,1,0,0
CARRIER_E,2026-08-10 00:00,BUSAN,20FT,0,0,0,0,4,4,0,0
CARRIER_E,2026-08-10 01:00,BUSAN,20FT,0,0,0,0,4,4,0,0
CARRIER_E,2026-08-10 02:00,BUSAN,20FT,0,0,0,0,4,4,0,0
CARRIER_E,2026-08-10 03:00,BUSAN,20FT,0,0,0,0,4,4,0,0
CARRIER_E,2026-08-10 04:00,BUSAN,20FT,0,0,0,0,4,4,0,0
CARRIER_E,2026-08-10 05:00,BUSAN,20FT,0,0,0,0,4,4,0,0
CARRIER_E,2026-08-10 06:00,BUSAN,20FT,0,0,0,0,4,4,0,0
CARRIER_E,2026-08-10 07:00,BUSAN,20FT,0,0,0,0,4,4,0,0
CARRIER_E,2026-08-10 08:00,BUSAN,20FT,1,0,0,0,3,3,0,0
CARRIER_E,2026-08-10 09:00,BUSAN,20FT,0,0,0,0,3,3,0,0
CARRIER_E,2026-08-10 10:00,BUSAN,20FT,0,0,0,0,3,3,0,0
CARRIER_E,2026-08-10 11:00,BUSAN,20FT,0,0,0,0,3,3,0,0
CARRIER_E,2026-08-10 12:00,BUSAN,20FT,0,0,0,0,3,3,0,0
CARRIER_E,2026-08-10 13:00,BUSAN,20FT,1,0,0,0,2,2,0,0
CARRIER_E,2026-08-10 14:00,BUSAN,20FT,0,0,0,0,2,2,0,0
CARRIER_E,2026-08-10 15:00,BUSAN,20FT,0,0,0,0,2,2,0,0
CARRIER_E,2026-08-10 16:00,BUSAN,20FT,0,0,0,0,2,2,0,0
CARRIER_E,2026-08-10 17:00,BUSAN,20FT,0,0,0,0,2,2,0,0
CARRIER_E,2026-08-10 18:00,BUSAN,20FT,1,0,0,0,1,1,0,0
CARRIER_E,2026-08-10 19:00,BUSAN,20FT,0,1,0,0,2,2,0,0
CARRIER_E,2026-08-10 20:00,BUSAN,20FT,0,0,0,0,2,2,0,0
CARRIER_E,2026-08-10 21:00,BUSAN,20FT,0,0,4,0,2,6,0,0
CARRIER_E,2026-08-10 22:00,BUSAN,20FT,0,0,0,0,2,6,0,0
CARRIER_E,2026-08-10 23:00,BUSAN,20FT,0,0,0,0,2,6,0,0
CARRIER_E,2026-08-11 00:00,BUSAN,20FT,0,0,0,0,2,6,0,0
CARRIER_E,2026-08-11 01:00,BUSAN,20FT,0,0,0,0,2,6,0,0
CARRIER_E,2026-08-11 02:00,BUSAN,20FT,0,0,0,0,2,6,0,0
CARRIER_E,2026-08-11 03:00,BUSAN,20FT,0,0,0,0,2,6,0,0
CARRIER_E,2026-08-11 04:00,BUSAN,20FT,0,0,0,0,2,6,0,0
CARRIER_E,2026-08-11 05:00,BUSAN,20FT,0,0,0,0,2,6,0,0
CARRIER_E,2026-08-11 06:00,BUSAN,20FT,0,0,0,0,2,6,0,0
CARRIER_E,2026-08-11 07:00,BUSAN,20FT,0,0,0,0,2,6,0,0
CARRIER_E,2026-08-11 08:00,BUSAN,20FT,0,0,0,0,2,6,0,0
CARRIER_E,2026-08-11 09:00,BUSAN,20FT,0,0,0,0,2,6,0,0
CARRIER_E,2026-08-11 10:00,BUSAN,20FT,1,0,0,0,1,5,0,0
CARRIER_E,2026-08-11 11:00,BUSAN,20FT,0,0,0,0,1,5,0,0
CARRIER_E,2026-08-11 12:00,BUSAN,20FT,0,0,0,0,1,5,0,0
CARRIER_E,2026-08-11 13:00,BUSAN,20FT,1,0,0,0,0,4,0,0
CARRIER_E,2026-08-11 14:00,BUSAN,20FT,0,0,0,0,0,4,0,0
CARRIER_E,2026-08-11 15:00,BUSAN,20FT,1,0,0,0,0,3,1,0
CARRIER_E,2026-08-11 16:00,BUSAN,20FT,0,0,0,0,0,3,0,0
CARRIER_E,2026-08-11 17:00,BUSAN,20FT,0,0,0,0,0,3,0,0
CARRIER_E,2026-08-11 18:00,BUSAN,20FT,0,0,0,0,0,3,0,0
CARRIER_E,2026-08-11 19:00,BUSAN,20FT,0,0,0,0,0,3,0,0
CARRIER_E,2026-08-11 20:00,BUSAN,20FT,0,0,0,0,0,3,0,0
CARRIER_E,2026-08-11 21:00,BUSAN,20FT,0,0,0,0,0,3,0,0
CARRIER_E,2026-08-11 22:00,BUSAN,20FT,0,0,0,0,0,3,0,0
CARRIER_E,2026-08-11 23:00,BUSAN,20FT,0,0,0,0,0,3,0,0
CARRIER_E,2026-08-12 00:00,BUSAN,20FT,0,0,0,0,0,3,0,0
CARRIER_E,2026-08-12 01:00,BUSAN,20FT,0,0,0,0,0,3,0,0
CARRIER_E,2026-08-12 02:00,BUSAN,20FT,0,0,0,0,0,3,0,0
CARRIER_E,2026-08-12 03:00,BUSAN,20FT,0,0,0,0,0,3,0,0
CARRIER_E,2026-08-12 04:00,BUSAN,20FT,0,0,0,0,0,3,0,0
CARRIER_E,2026-08-12 05:00,BUSAN,20FT,1,0,0,0,0,2,1,0
CARRIER_E,2026-08-12 06:00,BUSAN,20FT,0,0,0,0,0,2,0,0
CARRIER_E,2026-08-12 07:00,BUSAN,20FT,0,0,0,0,0,2,0,0
CARRIER_E,2026-08-12 08:00,BUSAN,20FT,0,0,0,0,0,2,0,0
CARRIER_E,2026-08-12 09:00,BUSAN,20FT,1,0,0,0,0,1,1,0
CARRIER_E,2026-08-12 10:00,BUSAN,20FT,0,1,0,0,1,2,0,0
CARRIER_E,2026-08-12 11:00,BUSAN,20FT,1,0,0,0,0,1,0,0
CARRIER_E,2026-08-12 12:00,BUSAN,20FT,0,0,0,0,0,1,0,0
CARRIER_E,2026-08-12 13:00,BUSAN,20FT,0,0,0,0,0,1,0,0
CARRIER_E,2026-08-12 14:00,BUSAN,20FT,0,1,0,0,1,2,0,0
CARRIER_E,2026-08-12 15:00,BUSAN,20FT,0,0,0,0,1,2,0,0
CARRIER_E,2026-08-12 16:00,BUSAN,20FT,1,0,0,0,0,1,0,0
CARRIER_E,2026-08-12 17:00,BUSAN,20FT,0,0,0,0,0,1,0,0
CARRIER_E,2026-08-12 18:00,BUSAN,20FT,0,0,0,0,0,1,0,0
CARRIER_E,2026-08-12 19:00,BUSAN,20FT,0,0,0,0,0,1,0,0
CARRIER_E,2026-08-12 20:00,BUSAN,20FT,0,0,0,0,0,1,0,0
CARRIER_E,2026-08-12 21:00,BUSAN,20FT,0,0,0,0,0,1,0,0
CARRIER_E,2026-08-12 22:00,BUSAN,20FT,0,1,0,0,1,2,0,0
CARRIER_E,2026-08-12 23:00,BUSAN,20FT,0,0,0,0,1,2,0,0
CARRIER_E,2026-08-13 00:00,BUSAN,20FT,0,0,0,0,1,2,0,0
CARRIER_E,2026-08-13 01:00,BUSAN,20FT,0,0,0,0,1,2,0,0
CARRIER_E,2026-08-13 02:00,BUSAN,20FT,0,0,0,0,1,2,0,0
CARRIER_E,2026-08-13 03:00,BUSAN,20FT,0,0,0,0,1,2,0,0
CARRIER_E,2026-08-13 04:00,BUSAN,20FT,0,0,0,0,1,2,0,0
CARRIER_E,2026-08-13 05:00,BUSAN,20FT,0,0,0,0,1,2,0,0
CARRIER_E,2026-08-13 06:00,BUSAN,20FT,0,0,0,0,1,2,0,0
CARRIER_E,2026-08-13 07:00,BUSAN,20FT,1,0,0,0,0,1,0,0
CARRIER_E,2026-08-13 08:00,BUSAN,20FT,0,0,0,0,0,1,0,0
CARRIER_E,2026-08-13 09:00,BUSAN,20FT,1,0,0,0,0,0,1,0
CARRIER_E,2026-08-13 10:00,BUSAN,20FT,0,0,0,0,0,0,0,0
CARRIER_E,2026-08-13 11:00,BUSAN,20FT,0,0,0,0,0,0,0,0
CARRIER_E,2026-08-13 12:00,BUSAN,20FT,1,1,0,0,0,0,0,0
CARRIER_E,2026-08-13 13:00,BUSAN,20FT,0,2,0,0,2,2,0,0
CARRIER_E,2026-08-13 14:00,BUSAN,20FT,0,0,0,0,2,2,0,0
CARRIER_E,2026-08-13 15:00,BUSAN,20FT,1,0,0,0,1,1,0,0
CARRIER_E,2026-08-13 16:00,BUSAN,20FT,0,0,0,0,1,1,0,0
CARRIER_E,2026-08-13 17:00,BUSAN,20FT,0,0,0,0,1,1,0,0
CARRIER_E,2026-08-13 18:00,BUSAN,20FT,0,0,0,0,1,1,0,0
CARRIER_E,2026-08-13 19:00,BUSAN,20FT,0,1,0,0,2,2,0,0
CARRIER_E,2026-08-13 20:00,BUSAN,20FT,0,0,0,0,2,2,0,0
CARRIER_E,2026-08-13 21:00,BUSAN,20FT,0,0,0,0,2,2,0,0
CARRIER_E,2026-08-13 22:00,BUSAN,20FT,0,0,0,0,2,2,0,0
CARRIER_E,2026-08-13 23:00,BUSAN,20FT,0,0,0,0,2,2,0,0
CARRIER_E,2026-08-14 00:00,BUSAN,20FT,0,0,0,0,2,2,0,0
CARRIER_E,2026-08-14 01:00,BUSAN,20FT,0,0,0,0,2,2,0,0
CARRIER_E,2026-08-14 02:00,BUSAN,20FT,0,0,0,0,2,2,0,0
CARRIER_E,2026-08-14 03:00,BUSAN,20FT,0,0,0,0,2,2,0,0
CARRIER_E,2026-08-14 04:00,BUSAN,20FT,0,0,0,0,2,2,0,0
CARRIER_E,2026-08-14 05:00,BUSAN,20FT,0,0,0,0,2,2,0,0
CARRIER_E,2026-08-14 06:00,BUSAN,20FT,0,0,0,0,2,2,0,0
CARRIER_E,2026-08-14 07:00,BUSAN,20FT,0,0,0,0,2,2,0,0
CARRIER_E,2026-08-14 08:00,BUSAN,20FT,0,0,0,0,2,2,0,0
CARRIER_E,2026-08-14 09:00,BUSAN,20FT,0,0,0,0,2,2,0,0
CARRIER_E,2026-08-14 10:00,BUSAN,20FT,1,0,0,0,1,1,0,0
CARRIER_E,2026-08-14 11:00,BUSAN,20FT,0,0,0,0,1,1,0,0
CARRIER_E,2026-08-14 12:00,BUSAN,20FT,0,0,0,0,1,1,0,0
CARRIER_E,2026-08-14 13:00,BUSAN,20FT,1,0,0,0,0,0,0,0
CARRIER_E,2026-08-14 14:00,BUSAN,20FT,0,0,0,0,0,0,0,0
CARRIER_E,2026-08-14 15:00,BUSAN,20FT,0,0,0,0,0,0,0,0
CARRIER_E,2026-08-14 16:00,BUSAN,20FT,1,0,0,0,0,0,1,1
CARRIER_E,2026-08-14 17:00,BUSAN,20FT,0,0,0,0,0,0,0,0
CARRIER_E,2026-08-14 18:00,BUSAN,20FT,0,0,0,0,0,0,0,0
CARRIER_E,2026-08-14 19:00,BUSAN,20FT,0,0,0,0,0,0,0,0
CARRIER_E,2026-08-14 20:00,BUSAN,20FT,0,0,0,0,0,0,0,0
CARRIER_E,2026-08-14 21:00,BUSAN,20FT,0,0,0,0,0,0,0,0
CARRIER_E,2026-08-14 22:00,BUSAN,20FT,0,0,0,0,0,0,0,0
CARRIER_E,2026-08-14 23:00,BUSAN,20FT,0,0,0,0,0,0,0,0
CARRIER_E,2026-08-15 00:00,BUSAN,20FT,0,0,0,0,0,0,0,0
CARRIER_E,2026-08-15 01:00,BUSAN,20FT,0,0,0,0,0,0,0,0
CARRIER_E,2026-08-15 02:00,BUSAN,20FT,0,0,0,0,0,0,0,0
CARRIER_E,2026-08-15 03:00,BUSAN,20FT,0,0,0,0,0,0,0,0
CARRIER_E,2026-08-15 04:00,BUSAN,20FT,0,0,0,0,0,0,0,0
CARRIER_E,2026-08-15 05:00,BUSAN,20FT,0,0,0,0,0,0,0,0
CARRIER_E,2026-08-15 06:00,BUSAN,20FT,0,0,0,0,0,0,0,0
CARRIER_E,2026-08-15 07:00,BUSAN,20FT,0,0,0,0,0,0,0,0
CARRIER_E,2026-08-15 08:00,BUSAN,20FT,0,0,0,0,0,0,0,0
CARRIER_E,2026-08-15 09:00,BUSAN,20FT,0,0,0,0,0,0,0,0
CARRIER_E,2026-08-15 10:00,BUSAN,20FT,0,0,0,0,0,0,0,0
CARRIER_E,2026-08-15 11:00,BUSAN,20FT,0,0,0,0,0,0,0,0
CARRIER_E,2026-08-15 12:00,BUSAN,20FT,1,0,0,0,0,0,1,1
CARRIER_E,2026-08-15 13:00,BUSAN,20FT,0,0,0,0,0,0,0,0
CARRIER_E,2026-08-15 14:00,BUSAN,20FT,0,0,0,0,0,0,0,0
CARRIER_E,2026-08-15 15:00,BUSAN,20FT,0,1,0,0,1,1,0,0
CARRIER_E,2026-08-15 16:00,BUSAN,20FT,0,0,0,0,1,1,0,0
CARRIER_E,2026-08-15 17:00,BUSAN,20FT,0,0,0,0,1,1,0,0
CARRIER_E,2026-08-15 18:00,BUSAN,20FT,0,0,0,0,1,1,0,0
CARRIER_E,2026-08-15 19:00,BUSAN,20FT,0,0,0,0,1,1,0,0
CARRIER_E,2026-08-15 20:00,BUSAN,20FT,0,0,0,0,1,1,0,0
CARRIER_E,2026-08-15 21:00,BUSAN,20FT,0,0,0,0,1,1,0,0
CARRIER_E,2026-08-15 22:00,BUSAN,20FT,0,0,0,0,1,1,0,0
CARRIER_E,2026-08-15 23:00,BUSAN,20FT,0,0,0,0,1,1,0,0
CARRIER_E,2026-08-16 00:00,BUSAN,20FT,0,0,0,0,1,1,0,0
CARRIER_E,2026-08-16 01:00,BUSAN,20FT,0,0,0,0,1,1,0,0
CARRIER_E,2026-08-16 02:00,BUSAN,20FT,0,0,0,0,1,1,0,0
CARRIER_E,2026-08-16 03:00,BUSAN,20FT,0,0,0,0,1,1,0,0
CARRIER_E,2026-08-16 04:00,BUSAN,20FT,0,0,0,0,1,1,0,0
CARRIER_E,2026-08-16 05:00,BUSAN,20FT,0,0,0,0,1,1,0,0
CARRIER_E,2026-08-16 06:00,BUSAN,20FT,0,0,0,0,1,1,0,0
CARRIER_E,2026-08-16 07:00,BUSAN,20FT,0,0,0,0,1,1,0,0
CARRIER_E,2026-08-16 08:00,BUSAN,20FT,1,0,0,0,0,0,0,0
CARRIER_E,2026-08-16 09:00,BUSAN,20FT,0,0,0,0,0,0,0,0
CARRIER_E,2026-08-16 10:00,BUSAN,20FT,0,1,0,0,1,1,0,0
CARRIER_E,2026-08-16 11:00,BUSAN,20FT,0,0,0,0,1,1,0,0
CARRIER_E,2026-08-16 12:00,BUSAN,20FT,0,0,0,0,1,1,0,0
CARRIER_E,2026-08-16 13:00,BUSAN,20FT,1,0,0,0,0,0,0,0
CARRIER_E,2026-08-16 14:00,BUSAN,20FT,0,0,0,0,0,0,0,0
CARRIER_E,2026-08-16 15:00,BUSAN,20FT,0,1,0,0,1,1,0,0
CARRIER_E,2026-08-16 16:00,BUSAN,20FT,0,0,0,0,1,1,0,0
CARRIER_E,2026-08-16 17:00,BUSAN,20FT,0,0,0,0,1,1,0,0
CARRIER_E,2026-08-16 18:00,BUSAN,20FT,1,0,0,0,0,0,0,0
CARRIER_E,2026-08-16 19:00,BUSAN,20FT,0,0,0,0,0,0,0,0
CARRIER_E,2026-08-16 20:00,BUSAN,20FT,0,0,0,0,0,0,0,0
CARRIER_E,2026-08-16 21:00,BUSAN,20FT,0,0,0,0,0,0,0,0
CARRIER_E,2026-08-16 22:00,BUSAN,20FT,0,0,0,0,0,0,0,0
CARRIER_E,2026-08-16 23:00,BUSAN,20FT,0,0,0,0,0,0,0,0
CARRIER_E,2026-08-10 00:00,BUSAN,40FT,0,0,0,0,0,0,0,0
CARRIER_E,2026-08-10 01:00,BUSAN,40FT,0,0,0,0,0,0,0,0
CARRIER_E,2026-08-10 02:00,BUSAN,40FT,0,0,0,0,0,0,0,0
CARRIER_E,2026-08-10 03:00,BUSAN,40FT,0,0,0,0,0,0,0,0
CARRIER_E,2026-08-10 04:00,BUSAN,40FT,0,0,0,0,0,0,0,0
CARRIER_E,2026-08-10 05:00,BUSAN,40FT,0,0,0,0,0,0,0,0
CARRIER_E,2026-08-10 06:00,BUSAN,40FT,0,0,0,0,0,0,0,0
CARRIER_E,2026-08-10 07:00,BUSAN,40FT,0,0,0,0,0,0,0,0
CARRIER_E,2026-08-10 08:00,BUSAN,40FT,0,0,0,0,0,0,0,0
CARRIER_E,2026-08-10 09:00,BUSAN,40FT,0,0,0,0,0,0,0,0
CARRIER_E,2026-08-10 10:00,BUSAN,40FT,0,0,0,0,0,0,0,0
CARRIER_E,2026-08-10 11:00,BUSAN,40FT,0,0,0,0,0,0,0,0
CARRIER_E,2026-08-10 12:00,BUSAN,40FT,0,0,0,0,0,0,0,0
CARRIER_E,2026-08-10 13:00,BUSAN,40FT,0,0,0,0,0,0,0,0
CARRIER_E,2026-08-10 14:00,BUSAN,40FT,0,0,0,0,0,0,0,0
CARRIER_E,2026-08-10 15:00,BUSAN,40FT,0,0,0,0,0,0,0,0
CARRIER_E,2026-08-10 16:00,BUSAN,40FT,0,0,0,0,0,0,0,0
CARRIER_E,2026-08-10 17:00,BUSAN,40FT,0,0,0,0,0,0,0,0
CARRIER_E,2026-08-10 18:00,BUSAN,40FT,0,0,0,0,0,0,0,0
CARRIER_E,2026-08-10 19:00,BUSAN,40FT,0,0,0,0,0,0,0,0
CARRIER_E,2026-08-10 20:00,BUSAN,40FT,0,0,0,0,0,0,0,0
CARRIER_E,2026-08-10 21:00,BUSAN,40FT,0,0,0,0,0,0,0,0
CARRIER_E,2026-08-10 22:00,BUSAN,40FT,0,0,0,0,0,0,0,0
CARRIER_E,2026-08-10 23:00,BUSAN,40FT,0,0,0,0,0,0,0,0
CARRIER_E,2026-08-11 00:00,BUSAN,40FT,0,0,0,0,0,0,0,0
CARRIER_E,2026-08-11 01:00,BUSAN,40FT,0,0,0,0,0,0,0,0
CARRIER_E,2026-08-11 02:00,BUSAN,40FT,0,0,0,0,0,0,0,0
CARRIER_E,2026-08-11 03:00,BUSAN,40FT,0,0,0,0,0,0,0,0
CARRIER_E,2026-08-11 04:00,BUSAN,40FT,0,0,0,0,0,0,0,0
CARRIER_E,2026-08-11 05:00,BUSAN,40FT,0,0,0,0,0,0,0,0
CARRIER_E,2026-08-11 06:00,BUSAN,40FT,0,0,0,0,0,0,0,0
CARRIER_E,2026-08-11 07:00,BUSAN,40FT,0,0,0,0,0,0,0,0
CARRIER_E,2026-08-11 08:00,BUSAN,40FT,0,0,0,0,0,0,0,0
CARRIER_E,2026-08-11 09:00,BUSAN,40FT,0,0,0,0,0,0,0,0
CARRIER_E,2026-08-11 10:00,BUSAN,40FT,0,0,0,0,0,0,0,0
CARRIER_E,2026-08-11 11:00,BUSAN,40FT,0,0,0,0,0,0,0,0
CARRIER_E,2026-08-11 12:00,BUSAN,40FT,0,0,0,0,0,0,0,0
CARRIER_E,2026-08-11 13:00,BUSAN,40FT,0,0,0,0,0,0,0,0
CARRIER_E,2026-08-11 14:00,BUSAN,40FT,0,0,0,0,0,0,0,0
CARRIER_E,2026-08-11 15:00,BUSAN,40FT,0,0,0,0,0,0,0,0
CARRIER_E,2026-08-11 16:00,BUSAN,40FT,0,0,0,0,0,0,0,0
CARRIER_E,2026-08-11 17:00,BUSAN,40FT,0,0,0,0,0,0,0,0
CARRIER_E,2026-08-11 18:00,BUSAN,40FT,0,0,0,0,0,0,0,0
CARRIER_E,2026-08-11 19:00,BUSAN,40FT,0,0,0,0,0,0,0,0
CARRIER_E,2026-08-11 20:00,BUSAN,40FT,0,0,0,0,0,0,0,0
CARRIER_E,2026-08-11 21:00,BUSAN,40FT,0,0,0,0,0,0,0,0
CARRIER_E,2026-08-11 22:00,BUSAN,40FT,0,0,0,0,0,0,0,0
CARRIER_E,2026-08-11 23:00,BUSAN,40FT,0,0,0,0,0,0,0,0
CARRIER_E,2026-08-12 00:00,BUSAN,40FT,0,0,0,0,0,0,0,0
CARRIER_E,2026-08-12 01:00,BUSAN,40FT,0,0,0,0,0,0,0,0
CARRIER_E,2026-08-12 02:00,BUSAN,40FT,0,0,0,0,0,0,0,0
CARRIER_E,2026-08-12 03:00,BUSAN,40FT,0,0,0,0,0,0,0,0
CARRIER_E,2026-08-12 04:00,BUSAN,40FT,0,0,0,0,0,0,0,0
CARRIER_E,2026-08-12 05:00,BUSAN,40FT,0,0,0,0,0,0,0,0
CARRIER_E,2026-08-12 06:00,BUSAN,40FT,0,0,0,0,0,0,0,0
CARRIER_E,2026-08-12 07:00,BUSAN,40FT,0,0,0,0,0,0,0,0
CARRIER_E,2026-08-12 08:00,BUSAN,40FT,0,0,0,0,0,0,0,0
CARRIER_E,2026-08-12 09:00,BUSAN,40FT,0,0,0,0,0,0,0,0
CARRIER_E,2026-08-12 10:00,BUSAN,40FT,0,0,0,0,0,0,0,0
CARRIER_E,2026-08-12 11:00,BUSAN,40FT,0,0,0,0,0,0,0,0
CARRIER_E,2026-08-12 12:00,BUSAN,40FT,0,0,0,0,0,0,0,0
CARRIER_E,2026-08-12 13:00,BUSAN,40FT,0,0,0,0,0,0,0,0
CARRIER_E,2026-08-12 14:00,BUSAN,40FT,0,0,0,0,0,0,0,0
CARRIER_E,2026-08-12 15:00,BUSAN,40FT,0,0,0,0,0,0,0,0
CARRIER_E,2026-08-12 16:00,BUSAN,40FT,0,0,0,0,0,0,0,0
CARRIER_E,2026-08-12 17:00,BUSAN,40FT,0,0,0,0,0,0,0,0
CARRIER_E,2026-08-12 18:00,BUSAN,40FT,0,0,0,0,0,0,0,0
CARRIER_E,2026-08-12 19:00,BUSAN,40FT,0,0,0,0,0,0,0,0
CARRIER_E,2026-08-12 20:00,BUSAN,40FT,0,0,0,0,0,0,0,0
CARRIER_E,2026-08-12 21:00,BUSAN,40FT,0,0,0,0,0,0,0,0
CARRIER_E,2026-08-12 22:00,BUSAN,40FT,0,0,0,0,0,0,0,0
CARRIER_E,2026-08-12 23:00,BUSAN,40FT,0,0,0,0,0,0,0,0
CARRIER_E,2026-08-13 00:00,BUSAN,40FT,0,0,0,0,0,0,0,0
CARRIER_E,2026-08-13 01:00,BUSAN,40FT,0,0,0,0,0,0,0,0
CARRIER_E,2026-08-13 02:00,BUSAN,40FT,0,0,0,0,0,0,0,0
CARRIER_E,2026-08-13 03:00,BUSAN,40FT,0,0,0,0,0,0,0,0
CARRIER_E,2026-08-13 04:00,BUSAN,40FT,0,0,0,0,0,0,0,0
CARRIER_E,2026-08-13 05:00,BUSAN,40FT,0,0,0,0,0,0,0,0
CARRIER_E,2026-08-13 06:00,BUSAN,40FT,0,0,0,0,0,0,0,0
CARRIER_E,2026-08-13 07:00,BUSAN,40FT,0,0,0,0,0,0,0,0
CARRIER_E,2026-08-13 08:00,BUSAN,40FT,0,0,0,0,0,0,0,0
CARRIER_E,2026-08-13 09:00,BUSAN,40FT,0,0,0,0,0,0,0,0
CARRIER_E,2026-08-13 10:00,BUSAN,40FT,0,0,0,0,0,0,0,0
CARRIER_E,2026-08-13 11:00,BUSAN,40FT,0,0,0,0,0,0,0,0
CARRIER_E,2026-08-13 12:00,BUSAN,40FT,0,0,0,0,0,0,0,0
CARRIER_E,2026-08-13 13:00,BUSAN,40FT,0,0,0,0,0,0,0,0
CARRIER_E,2026-08-13 14:00,BUSAN,40FT,0,0,0,0,0,0,0,0
CARRIER_E,2026-08-13 15:00,BUSAN,40FT,0,0,0,0,0,0,0,0
CARRIER_E,2026-08-13 16:00,BUSAN,40FT,0,0,0,0,0,0,0,0
CARRIER_E,2026-08-13 17:00,BUSAN,40FT,0,0,0,0,0,0,0,0
CARRIER_E,2026-08-13 18:00,BUSAN,40FT,0,0,0,0,0,0,0,0
CARRIER_E,2026-08-13 19:00,BUSAN,40FT,0,0,0,0,0,0,0,0
CARRIER_E,2026-08-13 20:00,BUSAN,40FT,0,0,0,0,0,0,0,0
CARRIER_E,2026-08-13 21:00,BUSAN,40FT,0,0,0,0,0,0,0,0
CARRIER_E,2026-08-13 22:00,BUSAN,40FT,0,0,0,0,0,0,0,0
CARRIER_E,2026-08-13 23:00,BUSAN,40FT,0,0,0,0,0,0,0,0
CARRIER_E,2026-08-14 00:00,BUSAN,40FT,0,0,0,0,0,0,0,0
CARRIER_E,2026-08-14 01:00,BUSAN,40FT,0,0,0,0,0,0,0,0
CARRIER_E,2026-08-14 02:00,BUSAN,40FT,0,0,0,0,0,0,0,0
CARRIER_E,2026-08-14 03:00,BUSAN,40FT,0,0,0,0,0,0,0,0
CARRIER_E,2026-08-14 04:00,BUSAN,40FT,0,0,0,0,0,0,0,0
CARRIER_E,2026-08-14 05:00,BUSAN,40FT,0,0,0,0,0,0,0,0
CARRIER_E,2026-08-14 06:00,BUSAN,40FT,0,0,0,0,0,0,0,0
CARRIER_E,2026-08-14 07:00,BUSAN,40FT,0,0,0,0,0,0,0,0
CARRIER_E,2026-08-14 08:00,BUSAN,40FT,0,0,0,0,0,0,0,0
CARRIER_E,2026-08-14 09:00,BUSAN,40FT,1,0,0,0,0,0,1,1
CARRIER_E,2026-08-14 10:00,BUSAN,40FT,0,0,0,0,0,0,0,0
CARRIER_E,2026-08-14 11:00,BUSAN,40FT,0,0,0,0,0,0,0,0
CARRIER_E,2026-08-14 12:00,BUSAN,40FT,0,0,0,0,0,0,0,0
CARRIER_E,2026-08-14 13:00,BUSAN,40FT,0,0,0,0,0,0,0,0
CARRIER_E,2026-08-14 14:00,BUSAN,40FT,0,0,0,0,0,0,0,0
CARRIER_E,2026-08-14 15:00,BUSAN,40FT,0,0,0,0,0,0,0,0
CARRIER_E,2026-08-14 16:00,BUSAN,40FT,0,0,0,0,0,0,0,0
CARRIER_E,2026-08-14 17:00,BUSAN,40FT,0,0,0,0,0,0,0,0
CARRIER_E,2026-08-14 18:00,BUSAN,40FT,0,0,0,0,0,0,0,0
CARRIER_E,2026-08-14 19:00,BUSAN,40FT,0,0,0,0,0,0,0,0
CARRIER_E,2026-08-14 20:00,BUSAN,40FT,0,0,0,0,0,0,0,0
CARRIER_E,2026-08-14 21:00,BUSAN,40FT,0,0,0,0,0,0,0,0
CARRIER_E,2026-08-14 22:00,BUSAN,40FT,0,0,0,0,0,0,0,0
CARRIER_E,2026-08-14 23:00,BUSAN,40FT,0,0,0,0,0,0,0,0
CARRIER_E,2026-08-15 00:00,BUSAN,40FT,0,0,0,0,0,0,0,0
CARRIER_E,2026-08-15 01:00,BUSAN,40FT,0,0,0,0,0,0,0,0
CARRIER_E,2026-08-15 02:00,BUSAN,40FT,0,0,0,0,0,0,0,0
CARRIER_E,2026-08-15 03:00,BUSAN,40FT,0,0,0,0,0,0,0,0
CARRIER_E,2026-08-15 04:00,BUSAN,40FT,0,0,0,0,0,0,0,0
CARRIER_E,2026-08-15 05:00,BUSAN,40FT,0,0,0,0,0,0,0,0
CARRIER_E,2026-08-15 06:00,BUSAN,40FT,0,0,0,0,0,0,0,0
CARRIER_E,2026-08-15 07:00,BUSAN,40FT,0,0,0,0,0,0,0,0
CARRIER_E,2026-08-15 08:00,BUSAN,40FT,0,0,0,0,0,0,0,0
CARRIER_E,2026-08-15 09:00,BUSAN,40FT,0,0,0,0,0,0,0,0
CARRIER_E,2026-08-15 10:00,BUSAN,40FT,0,0,0,0,0,0,0,0
CARRIER_E,2026-08-15 11:00,BUSAN,40FT,0,0,0,0,0,0,0,0
CARRIER_E,2026-08-15 12:00,BUSAN,40FT,0,0,0,0,0,0,0,0
CARRIER_E,2026-08-15 13:00,BUSAN,40FT,0,0,0,0,0,0,0,0
CARRIER_E,2026-08-15 14:00,BUSAN,40FT,0,0,0,0,0,0,0,0
CARRIER_E,2026-08-15 15:00,BUSAN,40FT,0,0,0,0,0,0,0,0
CARRIER_E,2026-08-15 16:00,BUSAN,40FT,0,0,0,0,0,0,0,0
CARRIER_E,2026-08-15 17:00,BUSAN,40FT,0,0,0,0,0,0,0,0
CARRIER_E,2026-08-15 18:00,BUSAN,40FT,0,0,0,0,0,0,0,0
CARRIER_E,2026-08-15 19:00,BUSAN,40FT,0,0,0,0,0,0,0,0
CARRIER_E,2026-08-15 20:00,BUSAN,40FT,0,0,0,0,0,0,0,0
CARRIER_E,2026-08-15 21:00,BUSAN,40FT,0,0,0,0,0,0,0,0
CARRIER_E,2026-08-15 22:00,BUSAN,40FT,0,0,0,0,0,0,0,0
CARRIER_E,2026-08-15 23:00,BUSAN,40FT,0,0,0,0,0,0,0,0
CARRIER_E,2026-08-16 00:00,BUSAN,40FT,0,0,0,0,0,0,0,0
CARRIER_E,2026-08-16 01:00,BUSAN,40FT,0,0,0,0,0,0,0,0
CARRIER_E,2026-08-16 02:00,BUSAN,40FT,0,0,0,0,0,0,0,0
CARRIER_E,2026-08-16 03:00,BUSAN,40FT,0,0,0,0,0,0,0,0
CARRIER_E,2026-08-16 04:00,BUSAN,40FT,0,0,0,0,0,0,0,0
CARRIER_E,2026-08-16 05:00,BUSAN,40FT,0,0,0,0,0,0,0,0
CARRIER_E,2026-08-16 06:00,BUSAN,40FT,0,0,0,0,0,0,0,0
CARRIER_E,2026-08-16 07:00,BUSAN,40FT,0,0,0,0,0,0,0,0
CARRIER_E,2026-08-16 08:00,BUSAN,40FT,0,0,0,0,0,0,0,0
CARRIER_E,2026-08-16 09:00,BUSAN,40FT,0,0,0,0,0,0,0,0
CARRIER_E,2026-08-16 10:00,BUSAN,40FT,0,0,0,0,0,0,0,0
CARRIER_E,2026-08-16 11:00,BUSAN,40FT,0,0,0,0,0,0,0,0
CARRIER_E,2026-08-16 12:00,BUSAN,40FT,0,0,0,0,0,0,0,0
CARRIER_E,2026-08-16 13:00,BUSAN,40FT,0,0,0,0,0,0,0,0
CARRIER_E,2026-08-16 14:00,BUSAN,40FT,0,0,0,0,0,0,0,0
CARRIER_E,2026-08-16 15:00,BUSAN,40FT,0,0,0,0,0,0,0,0
CARRIER_E,2026-08-16 16:00,BUSAN,40FT,0,0,0,0,0,0,0,0
CARRIER_E,2026-08-16 17:00,BUSAN,40FT,0,0,0,0,0,0,0,0
CARRIER_E,2026-08-16 18:00,BUSAN,40FT,0,0,0,0,0,0,0,0
CARRIER_E,2026-08-16 19:00,BUSAN,40FT,0,0,0,0,0,0,0,0
CARRIER_E,2026-08-16 20:00,BUSAN,40FT,0,0,0,0,0,0,0,0
CARRIER_E,2026-08-16 21:00,BUSAN,40FT,0,0,0,0,0,0,0,0
CARRIER_E,2026-08-16 22:00,BUSAN,40FT,0,0,0,0,0,0,0,0
CARRIER_E,2026-08-16 23:00,BUSAN,40FT,0,0,0,0,0,0,0,0
CARRIER_E,2026-08-10 00:00,DONGSAN,20FT,0,0,0,0,2,2,0,0
CARRIER_E,2026-08-10 01:00,DONGSAN,20FT,0,0,0,0,2,2,0,0
CARRIER_E,2026-08-10 02:00,DONGSAN,20FT,0,0,0,0,2,2,0,0
CARRIER_E,2026-08-10 03:00,DONGSAN,20FT,0,0,0,0,2,2,0,0
CARRIER_E,2026-08-10 04:00,DONGSAN,20FT,0,0,0,0,2,2,0,0
CARRIER_E,2026-08-10 05:00,DONGSAN,20FT,0,0,0,0,2,2,0,0
CARRIER_E,2026-08-10 06:00,DONGSAN,20FT,0,0,0,0,2,2,0,0
CARRIER_E,2026-08-10 07:00,DONGSAN,20FT,0,0,0,0,2,2,0,0
CARRIER_E,2026-08-10 08:00,DONGSAN,20FT,0,0,0,0,2,2,0,0
CARRIER_E,2026-08-10 09:00,DONGSAN,20FT,0,0,0,0,2,2,0,0
CARRIER_E,2026-08-10 10:00,DONGSAN,20FT,0,0,0,0,2,2,0,0
CARRIER_E,2026-08-10 11:00,DONGSAN,20FT,0,0,0,0,2,2,0,0
CARRIER_E,2026-08-10 12:00,DONGSAN,20FT,0,0,0,0,2,2,0,0
CARRIER_E,2026-08-10 13:00,DONGSAN,20FT,0,0,0,0,2,2,0,0
CARRIER_E,2026-08-10 14:00,DONGSAN,20FT,0,0,0,0,2,2,0,0
CARRIER_E,2026-08-10 15:00,DONGSAN,20FT,0,1,0,0,3,3,0,0
CARRIER_E,2026-08-10 16:00,DONGSAN,20FT,0,0,0,0,3,3,0,0
CARRIER_E,2026-08-10 17:00,DONGSAN,20FT,0,0,0,0,3,3,0,0
CARRIER_E,2026-08-10 18:00,DONGSAN,20FT,0,0,0,0,3,3,0,0
CARRIER_E,2026-08-10 19:00,DONGSAN,20FT,0,0,0,0,3,3,0,0
CARRIER_E,2026-08-10 20:00,DONGSAN,20FT,0,0,0,0,3,3,0,0
CARRIER_E,2026-08-10 21:00,DONGSAN,20FT,0,0,0,0,3,3,0,0
CARRIER_E,2026-08-10 22:00,DONGSAN,20FT,0,0,0,0,3,3,0,0
CARRIER_E,2026-08-10 23:00,DONGSAN,20FT,0,0,0,0,3,3,0,0
CARRIER_E,2026-08-11 00:00,DONGSAN,20FT,0,0,0,0,3,3,0,0
CARRIER_E,2026-08-11 01:00,DONGSAN,20FT,0,0,0,0,3,3,0,0
CARRIER_E,2026-08-11 02:00,DONGSAN,20FT,0,0,0,0,3,3,0,0
CARRIER_E,2026-08-11 03:00,DONGSAN,20FT,0,0,0,0,3,3,0,0
CARRIER_E,2026-08-11 04:00,DONGSAN,20FT,0,0,0,0,3,3,0,0
CARRIER_E,2026-08-11 05:00,DONGSAN,20FT,0,0,0,0,3,3,0,0
CARRIER_E,2026-08-11 06:00,DONGSAN,20FT,0,0,0,0,3,3,0,0
CARRIER_E,2026-08-11 07:00,DONGSAN,20FT,0,0,0,0,3,3,0,0
CARRIER_E,2026-08-11 08:00,DONGSAN,20FT,0,0,0,0,3,3,0,0
CARRIER_E,2026-08-11 09:00,DONGSAN,20FT,0,0,0,0,3,3,0,0
CARRIER_E,2026-08-11 10:00,DONGSAN,20FT,0,0,0,0,3,3,0,0
CARRIER_E,2026-08-11 11:00,DONGSAN,20FT,0,0,0,0,3,3,0,0
CARRIER_E,2026-08-11 12:00,DONGSAN,20FT,0,0,0,0,3,3,0,0
CARRIER_E,2026-08-11 13:00,DONGSAN,20FT,1,0,0,0,2,2,0,0
CARRIER_E,2026-08-11 14:00,DONGSAN,20FT,0,0,0,0,2,2,0,0
CARRIER_E,2026-08-11 15:00,DONGSAN,20FT,0,0,0,0,2,2,0,0
CARRIER_E,2026-08-11 16:00,DONGSAN,20FT,0,0,0,0,2,2,0,0
CARRIER_E,2026-08-11 17:00,DONGSAN,20FT,0,0,0,0,2,2,0,0
CARRIER_E,2026-08-11 18:00,DONGSAN,20FT,0,0,0,0,2,2,0,0
CARRIER_E,2026-08-11 19:00,DONGSAN,20FT,0,0,0,0,2,2,0,0
CARRIER_E,2026-08-11 20:00,DONGSAN,20FT,0,0,0,0,2,2,0,0
CARRIER_E,2026-08-11 21:00,DONGSAN,20FT,0,0,0,0,2,2,0,0
CARRIER_E,2026-08-11 22:00,DONGSAN,20FT,0,0,0,0,2,2,0,0
CARRIER_E,2026-08-11 23:00,DONGSAN,20FT,0,0,0,0,2,2,0,0
CARRIER_E,2026-08-12 00:00,DONGSAN,20FT,0,0,0,0,2,2,0,0
CARRIER_E,2026-08-12 01:00,DONGSAN,20FT,0,0,0,0,2,2,0,0
CARRIER_E,2026-08-12 02:00,DONGSAN,20FT,0,0,0,0,2,2,0,0
CARRIER_E,2026-08-12 03:00,DONGSAN,20FT,0,0,0,0,2,2,0,0
CARRIER_E,2026-08-12 04:00,DONGSAN,20FT,0,0,0,0,2,2,0,0
CARRIER_E,2026-08-12 05:00,DONGSAN,20FT,0,0,0,0,2,2,0,0
CARRIER_E,2026-08-12 06:00,DONGSAN,20FT,0,0,0,0,2,2,0,0
CARRIER_E,2026-08-12 07:00,DONGSAN,20FT,0,0,0,0,2,2,0,0
CARRIER_E,2026-08-12 08:00,DONGSAN,20FT,0,0,0,0,2,2,0,0
CARRIER_E,2026-08-12 09:00,DONGSAN,20FT,0,0,0,0,2,2,0,0
CARRIER_E,2026-08-12 10:00,DONGSAN,20FT,0,0,0,0,2,2,0,0
CARRIER_E,2026-08-12 11:00,DONGSAN,20FT,0,0,0,0,2,2,0,0
CARRIER_E,2026-08-12 12:00,DONGSAN,20FT,0,0,0,0,2,2,0,0
CARRIER_E,2026-08-12 13:00,DONGSAN,20FT,0,0,0,0,2,2,0,0
CARRIER_E,2026-08-12 14:00,DONGSAN,20FT,0,0,0,0,2,2,0,0
CARRIER_E,2026-08-12 15:00,DONGSAN,20FT,0,0,0,0,2,2,0,0
CARRIER_E,2026-08-12 16:00,DONGSAN,20FT,0,0,0,0,2,2,0,0
CARRIER_E,2026-08-12 17:00,DONGSAN,20FT,0,0,0,0,2,2,0,0
CARRIER_E,2026-08-12 18:00,DONGSAN,20FT,0,0,0,0,2,2,0,0
CARRIER_E,2026-08-12 19:00,DONGSAN,20FT,0,0,0,0,2,2,0,0
CARRIER_E,2026-08-12 20:00,DONGSAN,20FT,0,0,0,0,2,2,0,0
CARRIER_E,2026-08-12 21:00,DONGSAN,20FT,0,0,0,0,2,2,0,0
CARRIER_E,2026-08-12 22:00,DONGSAN,20FT,0,0,0,0,2,2,0,0
CARRIER_E,2026-08-12 23:00,DONGSAN,20FT,0,0,0,0,2,2,0,0
CARRIER_E,2026-08-13 00:00,DONGSAN,20FT,0,0,0,0,2,2,0,0
CARRIER_E,2026-08-13 01:00,DONGSAN,20FT,0,0,0,0,2,2,0,0
CARRIER_E,2026-08-13 02:00,DONGSAN,20FT,0,0,0,0,2,2,0,0
CARRIER_E,2026-08-13 03:00,DONGSAN,20FT,0,0,0,0,2,2,0,0
CARRIER_E,2026-08-13 04:00,DONGSAN,20FT,0,0,0,0,2,2,0,0
CARRIER_E,2026-08-13 05:00,DONGSAN,20FT,0,0,0,0,2,2,0,0
CARRIER_E,2026-08-13 06:00,DONGSAN,20FT,0,0,0,0,2,2,0,0
CARRIER_E,2026-08-13 07:00,DONGSAN,20FT,0,0,0,0,2,2,0,0
CARRIER_E,2026-08-13 08:00,DONGSAN,20FT,0,0,0,0,2,2,0,0
CARRIER_E,2026-08-13 09:00,DONGSAN,20FT,0,0,0,0,2,2,0,0
CARRIER_E,2026-08-13 10:00,DONGSAN,20FT,0,0,0,0,2,2,0,0
CARRIER_E,2026-08-13 11:00,DONGSAN,20FT,0,0,0,0,2,2,0,0
CARRIER_E,2026-08-13 12:00,DONGSAN,20FT,0,0,0,0,2,2,0,0
CARRIER_E,2026-08-13 13:00,DONGSAN,20FT,1,0,0,0,1,1,0,0
CARRIER_E,2026-08-13 14:00,DONGSAN,20FT,0,0,0,0,1,1,0,0
CARRIER_E,2026-08-13 15:00,DONGSAN,20FT,0,0,0,0,1,1,0,0
CARRIER_E,2026-08-13 16:00,DONGSAN,20FT,0,0,0,0,1,1,0,0
CARRIER_E,2026-08-13 17:00,DONGSAN,20FT,0,0,0,0,1,1,0,0
CARRIER_E,2026-08-13 18:00,DONGSAN,20FT,0,0,0,0,1,1,0,0
CARRIER_E,2026-08-13 19:00,DONGSAN,20FT,0,0,0,0,1,1,0,0
CARRIER_E,2026-08-13 20:00,DONGSAN,20FT,0,0,0,0,1,1,0,0
CARRIER_E,2026-08-13 21:00,DONGSAN,20FT,0,0,0,0,1,1,0,0
CARRIER_E,2026-08-13 22:00,DONGSAN,20FT,0,0,0,0,1,1,0,0
CARRIER_E,2026-08-13 23:00,DONGSAN,20FT,0,0,0,0,1,1,0,0
CARRIER_E,2026-08-14 00:00,DONGSAN,20FT,0,0,0,0,1,1,0,0
CARRIER_E,2026-08-14 01:00,DONGSAN,20FT,0,0,0,0,1,1,0,0
CARRIER_E,2026-08-14 02:00,DONGSAN,20FT,0,0,0,0,1,1,0,0
CARRIER_E,2026-08-14 03:00,DONGSAN,20FT,0,0,0,0,1,1,0,0
CARRIER_E,2026-08-14 04:00,DONGSAN,20FT,0,0,0,0,1,1,0,0
CARRIER_E,2026-08-14 05:00,DONGSAN,20FT,0,0,0,0,1,1,0,0
CARRIER_E,2026-08-14 06:00,DONGSAN,20FT,0,0,0,0,1,1,0,0
CARRIER_E,2026-08-14 07:00,DONGSAN,20FT,0,0,0,0,1,1,0,0
CARRIER_E,2026-08-14 08:00,DONGSAN,20FT,0,0,0,0,1,1,0,0
CARRIER_E,2026-08-14 09:00,DONGSAN,20FT,0,0,0,0,1,1,0,0
CARRIER_E,2026-08-14 10:00,DONGSAN,20FT,0,0,0,0,1,1,0,0
CARRIER_E,2026-08-14 11:00,DONGSAN,20FT,0,0,0,0,1,1,0,0
CARRIER_E,2026-08-14 12:00,DONGSAN,20FT,0,0,0,0,1,1,0,0
CARRIER_E,2026-08-14 13:00,DONGSAN,20FT,0,0,0,0,1,1,0,0
CARRIER_E,2026-08-14 14:00,DONGSAN,20FT,0,0,0,0,1,1,0,0
CARRIER_E,2026-08-14 15:00,DONGSAN,20FT,0,0,0,0,1,1,0,0
CARRIER_E,2026-08-14 16:00,DONGSAN,20FT,0,0,0,0,1,1,0,0
CARRIER_E,2026-08-14 17:00,DONGSAN,20FT,0,0,0,0,1,1,0,0
CARRIER_E,2026-08-14 18:00,DONGSAN,20FT,0,0,0,0,1,1,0,0
CARRIER_E,2026-08-14 19:00,DONGSAN,20FT,0,0,0,0,1,1,0,0
CARRIER_E,2026-08-14 20:00,DONGSAN,20FT,0,0,0,0,1,1,0,0
CARRIER_E,2026-08-14 21:00,DONGSAN,20FT,0,0,0,0,1,1,0,0
CARRIER_E,2026-08-14 22:00,DONGSAN,20FT,0,0,0,0,1,1,0,0
CARRIER_E,2026-08-14 23:00,DONGSAN,20FT,0,0,0,0,1,1,0,0
CARRIER_E,2026-08-15 00:00,DONGSAN,20FT,0,0,0,0,1,1,0,0
CARRIER_E,2026-08-15 01:00,DONGSAN,20FT,0,0,0,0,1,1,0,0
CARRIER_E,2026-08-15 02:00,DONGSAN,20FT,0,0,0,0,1,1,0,0
CARRIER_E,2026-08-15 03:00,DONGSAN,20FT,0,0,0,0,1,1,0,0
CARRIER_E,2026-08-15 04:00,DONGSAN,20FT,0,0,0,0,1,1,0,0
CARRIER_E,2026-08-15 05:00,DONGSAN,20FT,0,0,0,0,1,1,0,0
CARRIER_E,2026-08-15 06:00,DONGSAN,20FT,0,0,0,0,1,1,0,0
CARRIER_E,2026-08-15 07:00,DONGSAN,20FT,0,0,0,0,1,1,0,0
CARRIER_E,2026-08-15 08:00,DONGSAN,20FT,1,0,0,0,0,0,0,0
CARRIER_E,2026-08-15 09:00,DONGSAN,20FT,0,0,0,0,0,0,0,0
CARRIER_E,2026-08-15 10:00,DONGSAN,20FT,0,0,0,0,0,0,0,0
CARRIER_E,2026-08-15 11:00,DONGSAN,20FT,0,0,0,0,0,0,0,0
CARRIER_E,2026-08-15 12:00,DONGSAN,20FT,0,0,0,0,0,0,0,0
CARRIER_E,2026-08-15 13:00,DONGSAN,20FT,0,0,0,0,0,0,0,0
CARRIER_E,2026-08-15 14:00,DONGSAN,20FT,0,0,0,0,0,0,0,0
CARRIER_E,2026-08-15 15:00,DONGSAN,20FT,0,1,0,0,1,1,0,0
CARRIER_E,2026-08-15 16:00,DONGSAN,20FT,0,0,0,0,1,1,0,0
CARRIER_E,2026-08-15 17:00,DONGSAN,20FT,0,0,0,0,1,1,0,0
CARRIER_E,2026-08-15 18:00,DONGSAN,20FT,0,0,0,0,1,1,0,0
CARRIER_E,2026-08-15 19:00,DONGSAN,20FT,0,0,0,0,1,1,0,0
CARRIER_E,2026-08-15 20:00,DONGSAN,20FT,0,0,0,0,1,1,0,0
CARRIER_E,2026-08-15 21:00,DONGSAN,20FT,0,0,0,0,1,1,0,0
CARRIER_E,2026-08-15 22:00,DONGSAN,20FT,0,0,0,0,1,1,0,0
CARRIER_E,2026-08-15 23:00,DONGSAN,20FT,0,0,0,0,1,1,0,0
CARRIER_E,2026-08-16 00:00,DONGSAN,20FT,0,0,0,0,1,1,0,0
CARRIER_E,2026-08-16 01:00,DONGSAN,20FT,0,0,0,0,1,1,0,0
CARRIER_E,2026-08-16 02:00,DONGSAN,20FT,0,0,0,0,1,1,0,0
CARRIER_E,2026-08-16 03:00,DONGSAN,20FT,0,0,0,0,1,1,0,0
CARRIER_E,2026-08-16 04:00,DONGSAN,20FT,0,0,0,0,1,1,0,0
CARRIER_E,2026-08-16 05:00,DONGSAN,20FT,0,0,0,0,1,1,0,0
CARRIER_E,2026-08-16 06:00,DONGSAN,20FT,0,0,0,0,1,1,0,0
CARRIER_E,2026-08-16 07:00,DONGSAN,20FT,1,0,0,0,0,0,0,0
CARRIER_E,2026-08-16 08:00,DONGSAN,20FT,0,0,0,0,0,0,0,0
CARRIER_E,2026-08-16 09:00,DONGSAN,20FT,0,0,0,0,0,0,0,0
CARRIER_E,2026-08-16 10:00,DONGSAN,20FT,0,0,0,0,0,0,0,0
CARRIER_E,2026-08-16 11:00,DONGSAN,20FT,0,0,0,0,0,0,0,0
CARRIER_E,2026-08-16 12:00,DONGSAN,20FT,0,0,0,0,0,0,0,0
CARRIER_E,2026-08-16 13:00,DONGSAN,20FT,0,0,0,0,0,0,0,0
CARRIER_E,2026-08-16 14:00,DONGSAN,20FT,0,0,0,0,0,0,0,0
CARRIER_E,2026-08-16 15:00,DONGSAN,20FT,0,0,0,0,0,0,0,0
CARRIER_E,2026-08-16 16:00,DONGSAN,20FT,0,0,0,0,0,0,0,0
CARRIER_E,2026-08-16 17:00,DONGSAN,20FT,0,0,0,0,0,0,0,0
CARRIER_E,2026-08-16 18:00,DONGSAN,20FT,0,0,0,0,0,0,0,0
CARRIER_E,2026-08-16 19:00,DONGSAN,20FT,0,0,0,0,0,0,0,0
CARRIER_E,2026-08-16 20:00,DONGSAN,20FT,0,0,0,0,0,0,0,0
CARRIER_E,2026-08-16 21:00,DONGSAN,20FT,0,0,0,0,0,0,0,0
CARRIER_E,2026-08-16 22:00,DONGSAN,20FT,0,0,0,0,0,0,0,0
CARRIER_E,2026-08-16 23:00,DONGSAN,20FT,0,0,0,0,0,0,0,0
CARRIER_E,2026-08-10 00:00,DONGSAN,40FT,0,0,0,0,0,0,0,0
CARRIER_E,2026-08-10 01:00,DONGSAN,40FT,0,0,0,0,0,0,0,0
CARRIER_E,2026-08-10 02:00,DONGSAN,40FT,0,0,0,0,0,0,0,0
CARRIER_E,2026-08-10 03:00,DONGSAN,40FT,0,0,0,0,0,0,0,0
CARRIER_E,2026-08-10 04:00,DONGSAN,40FT,0,0,0,0,0,0,0,0
CARRIER_E,2026-08-10 05:00,DONGSAN,40FT,0,0,0,0,0,0,0,0
CARRIER_E,2026-08-10 06:00,DONGSAN,40FT,0,0,0,0,0,0,0,0
CARRIER_E,2026-08-10 07:00,DONGSAN,40FT,0,0,0,0,0,0,0,0
CARRIER_E,2026-08-10 08:00,DONGSAN,40FT,0,0,0,0,0,0,0,0
CARRIER_E,2026-08-10 09:00,DONGSAN,40FT,0,0,0,0,0,0,0,0
CARRIER_E,2026-08-10 10:00,DONGSAN,40FT,0,0,0,0,0,0,0,0
CARRIER_E,2026-08-10 11:00,DONGSAN,40FT,0,0,0,0,0,0,0,0
CARRIER_E,2026-08-10 12:00,DONGSAN,40FT,0,0,0,0,0,0,0,0
CARRIER_E,2026-08-10 13:00,DONGSAN,40FT,0,0,0,0,0,0,0,0
CARRIER_E,2026-08-10 14:00,DONGSAN,40FT,0,0,0,0,0,0,0,0
CARRIER_E,2026-08-10 15:00,DONGSAN,40FT,0,0,0,0,0,0,0,0
CARRIER_E,2026-08-10 16:00,DONGSAN,40FT,0,0,0,0,0,0,0,0
CARRIER_E,2026-08-10 17:00,DONGSAN,40FT,0,0,0,0,0,0,0,0
CARRIER_E,2026-08-10 18:00,DONGSAN,40FT,0,0,0,0,0,0,0,0
CARRIER_E,2026-08-10 19:00,DONGSAN,40FT,0,0,0,0,0,0,0,0
CARRIER_E,2026-08-10 20:00,DONGSAN,40FT,0,0,0,0,0,0,0,0
CARRIER_E,2026-08-10 21:00,DONGSAN,40FT,0,0,0,0,0,0,0,0
CARRIER_E,2026-08-10 22:00,DONGSAN,40FT,0,0,0,0,0,0,0,0
CARRIER_E,2026-08-10 23:00,DONGSAN,40FT,0,0,0,0,0,0,0,0
CARRIER_E,2026-08-11 00:00,DONGSAN,40FT,0,0,0,0,0,0,0,0
CARRIER_E,2026-08-11 01:00,DONGSAN,40FT,0,0,0,0,0,0,0,0
CARRIER_E,2026-08-11 02:00,DONGSAN,40FT,0,0,0,0,0,0,0,0
CARRIER_E,2026-08-11 03:00,DONGSAN,40FT,0,0,0,0,0,0,0,0
CARRIER_E,2026-08-11 04:00,DONGSAN,40FT,0,0,0,0,0,0,0,0
CARRIER_E,2026-08-11 05:00,DONGSAN,40FT,0,0,0,0,0,0,0,0
CARRIER_E,2026-08-11 06:00,DONGSAN,40FT,0,0,0,0,0,0,0,0
CARRIER_E,2026-08-11 07:00,DONGSAN,40FT,0,0,0,0,0,0,0,0
CARRIER_E,2026-08-11 08:00,DONGSAN,40FT,0,0,0,0,0,0,0,0
CARRIER_E,2026-08-11 09:00,DONGSAN,40FT,0,0,0,0,0,0,0,0
CARRIER_E,2026-08-11 10:00,DONGSAN,40FT,0,0,0,0,0,0,0,0
CARRIER_E,2026-08-11 11:00,DONGSAN,40FT,0,0,0,0,0,0,0,0
CARRIER_E,2026-08-11 12:00,DONGSAN,40FT,0,0,0,0,0,0,0,0
CARRIER_E,2026-08-11 13:00,DONGSAN,40FT,0,0,0,0,0,0,0,0
CARRIER_E,2026-08-11 14:00,DONGSAN,40FT,0,0,0,0,0,0,0,0
CARRIER_E,2026-08-11 15:00,DONGSAN,40FT,0,0,0,0,0,0,0,0
CARRIER_E,2026-08-11 16:00,DONGSAN,40FT,0,0,0,0,0,0,0,0
CARRIER_E,2026-08-11 17:00,DONGSAN,40FT,0,0,0,0,0,0,0,0
CARRIER_E,2026-08-11 18:00,DONGSAN,40FT,0,0,0,0,0,0,0,0
CARRIER_E,2026-08-11 19:00,DONGSAN,40FT,0,0,0,0,0,0,0,0
CARRIER_E,2026-08-11 20:00,DONGSAN,40FT,0,0,0,0,0,0,0,0
CARRIER_E,2026-08-11 21:00,DONGSAN,40FT,0,0,0,0,0,0,0,0
CARRIER_E,2026-08-11 22:00,DONGSAN,40FT,0,0,0,0,0,0,0,0
CARRIER_E,2026-08-11 23:00,DONGSAN,40FT,0,0,0,0,0,0,0,0
CARRIER_E,2026-08-12 00:00,DONGSAN,40FT,0,0,0,0,0,0,0,0
CARRIER_E,2026-08-12 01:00,DONGSAN,40FT,0,0,0,0,0,0,0,0
CARRIER_E,2026-08-12 02:00,DONGSAN,40FT,0,0,0,0,0,0,0,0
CARRIER_E,2026-08-12 03:00,DONGSAN,40FT,0,0,0,0,0,0,0,0
CARRIER_E,2026-08-12 04:00,DONGSAN,40FT,0,0,0,0,0,0,0,0
CARRIER_E,2026-08-12 05:00,DONGSAN,40FT,0,0,0,0,0,0,0,0
CARRIER_E,2026-08-12 06:00,DONGSAN,40FT,0,0,0,0,0,0,0,0
CARRIER_E,2026-08-12 07:00,DONGSAN,40FT,0,0,0,0,0,0,0,0
CARRIER_E,2026-08-12 08:00,DONGSAN,40FT,0,0,0,0,0,0,0,0
CARRIER_E,2026-08-12 09:00,DONGSAN,40FT,0,0,0,0,0,0,0,0
CARRIER_E,2026-08-12 10:00,DONGSAN,40FT,0,0,0,0,0,0,0,0
CARRIER_E,2026-08-12 11:00,DONGSAN,40FT,0,0,0,0,0,0,0,0
CARRIER_E,2026-08-12 12:00,DONGSAN,40FT,0,0,0,0,0,0,0,0
CARRIER_E,2026-08-12 13:00,DONGSAN,40FT,0,0,0,0,0,0,0,0
CARRIER_E,2026-08-12 14:00,DONGSAN,40FT,0,0,0,0,0,0,0,0
CARRIER_E,2026-08-12 15:00,DONGSAN,40FT,0,0,0,0,0,0,0,0
CARRIER_E,2026-08-12 16:00,DONGSAN,40FT,0,0,0,0,0,0,0,0
CARRIER_E,2026-08-12 17:00,DONGSAN,40FT,0,0,0,0,0,0,0,0
CARRIER_E,2026-08-12 18:00,DONGSAN,40FT,0,0,0,0,0,0,0,0
CARRIER_E,2026-08-12 19:00,DONGSAN,40FT,0,0,0,0,0,0,0,0
CARRIER_E,2026-08-12 20:00,DONGSAN,40FT,0,0,0,0,0,0,0,0
CARRIER_E,2026-08-12 21:00,DONGSAN,40FT,0,0,0,0,0,0,0,0
CARRIER_E,2026-08-12 22:00,DONGSAN,40FT,0,0,0,0,0,0,0,0
CARRIER_E,2026-08-12 23:00,DONGSAN,40FT,0,0,0,0,0,0,0,0
CARRIER_E,2026-08-13 00:00,DONGSAN,40FT,0,0,0,0,0,0,0,0
CARRIER_E,2026-08-13 01:00,DONGSAN,40FT,0,0,0,0,0,0,0,0
CARRIER_E,2026-08-13 02:00,DONGSAN,40FT,0,0,0,0,0,0,0,0
CARRIER_E,2026-08-13 03:00,DONGSAN,40FT,0,0,0,0,0,0,0,0
CARRIER_E,2026-08-13 04:00,DONGSAN,40FT,0,0,0,0,0,0,0,0
CARRIER_E,2026-08-13 05:00,DONGSAN,40FT,0,0,0,0,0,0,0,0
CARRIER_E,2026-08-13 06:00,DONGSAN,40FT,0,0,0,0,0,0,0,0
CARRIER_E,2026-08-13 07:00,DONGSAN,40FT,0,0,0,0,0,0,0,0
CARRIER_E,2026-08-13 08:00,DONGSAN,40FT,0,0,0,0,0,0,0,0
CARRIER_E,2026-08-13 09:00,DONGSAN,40FT,0,0,0,0,0,0,0,0
CARRIER_E,2026-08-13 10:00,DONGSAN,40FT,0,0,0,0,0,0,0,0
CARRIER_E,2026-08-13 11:00,DONGSAN,40FT,0,0,0,0,0,0,0,0
CARRIER_E,2026-08-13 12:00,DONGSAN,40FT,0,0,0,0,0,0,0,0
CARRIER_E,2026-08-13 13:00,DONGSAN,40FT,0,0,0,0,0,0,0,0
CARRIER_E,2026-08-13 14:00,DONGSAN,40FT,0,0,0,0,0,0,0,0
CARRIER_E,2026-08-13 15:00,DONGSAN,40FT,0,0,0,0,0,0,0,0
CARRIER_E,2026-08-13 16:00,DONGSAN,40FT,0,0,0,0,0,0,0,0
CARRIER_E,2026-08-13 17:00,DONGSAN,40FT,0,0,0,0,0,0,0,0
CARRIER_E,2026-08-13 18:00,DONGSAN,40FT,0,0,0,0,0,0,0,0
CARRIER_E,2026-08-13 19:00,DONGSAN,40FT,0,0,0,0,0,0,0,0
CARRIER_E,2026-08-13 20:00,DONGSAN,40FT,0,0,0,0,0,0,0,0
CARRIER_E,2026-08-13 21:00,DONGSAN,40FT,0,0,0,0,0,0,0,0
CARRIER_E,2026-08-13 22:00,DONGSAN,40FT,0,0,0,0,0,0,0,0
CARRIER_E,2026-08-13 23:00,DONGSAN,40FT,0,0,0,0,0,0,0,0
CARRIER_E,2026-08-14 00:00,DONGSAN,40FT,0,0,0,0,0,0,0,0
CARRIER_E,2026-08-14 01:00,DONGSAN,40FT,0,0,0,0,0,0,0,0
CARRIER_E,2026-08-14 02:00,DONGSAN,40FT,0,0,0,0,0,0,0,0
CARRIER_E,2026-08-14 03:00,DONGSAN,40FT,0,0,0,0,0,0,0,0
CARRIER_E,2026-08-14 04:00,DONGSAN,40FT,0,0,0,0,0,0,0,0
CARRIER_E,2026-08-14 05:00,DONGSAN,40FT,0,0,0,0,0,0,0,0
CARRIER_E,2026-08-14 06:00,DONGSAN,40FT,0,0,0,0,0,0,0,0
CARRIER_E,2026-08-14 07:00,DONGSAN,40FT,0,0,0,0,0,0,0,0
CARRIER_E,2026-08-14 08:00,DONGSAN,40FT,0,0,0,0,0,0,0,0
CARRIER_E,2026-08-14 09:00,DONGSAN,40FT,0,0,0,0,0,0,0,0
CARRIER_E,2026-08-14 10:00,DONGSAN,40FT,0,0,0,0,0,0,0,0
CARRIER_E,2026-08-14 11:00,DONGSAN,40FT,0,0,0,0,0,0,0,0
CARRIER_E,2026-08-14 12:00,DONGSAN,40FT,0,0,0,0,0,0,0,0
CARRIER_E,2026-08-14 13:00,DONGSAN,40FT,0,0,0,0,0,0,0,0
CARRIER_E,2026-08-14 14:00,DONGSAN,40FT,0,0,0,0,0,0,0,0
CARRIER_E,2026-08-14 15:00,DONGSAN,40FT,0,0,0,0,0,0,0,0
CARRIER_E,2026-08-14 16:00,DONGSAN,40FT,0,0,0,0,0,0,0,0
CARRIER_E,2026-08-14 17:00,DONGSAN,40FT,0,0,0,0,0,0,0,0
CARRIER_E,2026-08-14 18:00,DONGSAN,40FT,0,0,0,0,0,0,0,0
CARRIER_E,2026-08-14 19:00,DONGSAN,40FT,0,0,0,0,0,0,0,0
CARRIER_E,2026-08-14 20:00,DONGSAN,40FT,0,0,0,0,0,0,0,0
CARRIER_E,2026-08-14 21:00,DONGSAN,40FT,0,0,0,0,0,0,0,0
CARRIER_E,2026-08-14 22:00,DONGSAN,40FT,0,0,0,0,0,0,0,0
CARRIER_E,2026-08-14 23:00,DONGSAN,40FT,0,0,0,0,0,0,0,0
CARRIER_E,2026-08-15 00:00,DONGSAN,40FT,0,0,0,0,0,0,0,0
CARRIER_E,2026-08-15 01:00,DONGSAN,40FT,0,0,0,0,0,0,0,0
CARRIER_E,2026-08-15 02:00,DONGSAN,40FT,0,0,0,0,0,0,0,0
CARRIER_E,2026-08-15 03:00,DONGSAN,40FT,0,0,0,0,0,0,0,0
CARRIER_E,2026-08-15 04:00,DONGSAN,40FT,0,0,0,0,0,0,0,0
CARRIER_E,2026-08-15 05:00,DONGSAN,40FT,0,0,0,0,0,0,0,0
CARRIER_E,2026-08-15 06:00,DONGSAN,40FT,0,0,0,0,0,0,0,0
CARRIER_E,2026-08-15 07:00,DONGSAN,40FT,0,0,0,0,0,0,0,0
CARRIER_E,2026-08-15 08:00,DONGSAN,40FT,0,0,0,0,0,0,0,0
CARRIER_E,2026-08-15 09:00,DONGSAN,40FT,0,0,0,0,0,0,0,0
CARRIER_E,2026-08-15 10:00,DONGSAN,40FT,0,0,0,0,0,0,0,0
CARRIER_E,2026-08-15 11:00,DONGSAN,40FT,0,0,0,0,0,0,0,0
CARRIER_E,2026-08-15 12:00,DONGSAN,40FT,0,0,0,0,0,0,0,0
CARRIER_E,2026-08-15 13:00,DONGSAN,40FT,0,0,0,0,0,0,0,0
CARRIER_E,2026-08-15 14:00,DONGSAN,40FT,0,0,0,0,0,0,0,0
CARRIER_E,2026-08-15 15:00,DONGSAN,40FT,0,0,0,0,0,0,0,0
CARRIER_E,2026-08-15 16:00,DONGSAN,40FT,0,0,0,0,0,0,0,0
CARRIER_E,2026-08-15 17:00,DONGSAN,40FT,0,0,0,0,0,0,0,0
CARRIER_E,2026-08-15 18:00,DONGSAN,40FT,0,0,0,0,0,0,0,0
CARRIER_E,2026-08-15 19:00,DONGSAN,40FT,0,0,0,0,0,0,0,0
CARRIER_E,2026-08-15 20:00,DONGSAN,40FT,0,0,0,0,0,0,0,0
CARRIER_E,2026-08-15 21:00,DONGSAN,40FT,0,0,0,0,0,0,0,0
CARRIER_E,2026-08-15 22:00,DONGSAN,40FT,0,0,0,0,0,0,0,0
CARRIER_E,2026-08-15 23:00,DONGSAN,40FT,0,0,0,0,0,0,0,0
CARRIER_E,2026-08-16 00:00,DONGSAN,40FT,0,0,0,0,0,0,0,0
CARRIER_E,2026-08-16 01:00,DONGSAN,40FT,0,0,0,0,0,0,0,0
CARRIER_E,2026-08-16 02:00,DONGSAN,40FT,0,0,0,0,0,0,0,0
CARRIER_E,2026-08-16 03:00,DONGSAN,40FT,0,0,0,0,0,0,0,0
CARRIER_E,2026-08-16 04:00,DONGSAN,40FT,0,0,0,0,0,0,0,0
CARRIER_E,2026-08-16 05:00,DONGSAN,40FT,0,0,0,0,0,0,0,0
CARRIER_E,2026-08-16 06:00,DONGSAN,40FT,0,0,0,0,0,0,0,0
CARRIER_E,2026-08-16 07:00,DONGSAN,40FT,0,0,0,0,0,0,0,0
CARRIER_E,2026-08-16 08:00,DONGSAN,40FT,0,0,0,0,0,0,0,0
CARRIER_E,2026-08-16 09:00,DONGSAN,40FT,0,0,0,0,0,0,0,0
CARRIER_E,2026-08-16 10:00,DONGSAN,40FT,0,0,0,0,0,0,0,0
CARRIER_E,2026-08-16 11:00,DONGSAN,40FT,0,0,0,0,0,0,0,0
CARRIER_E,2026-08-16 12:00,DONGSAN,40FT,0,0,0,0,0,0,0,0
CARRIER_E,2026-08-16 13:00,DONGSAN,40FT,0,0,0,0,0,0,0,0
CARRIER_E,2026-08-16 14:00,DONGSAN,40FT,0,0,0,0,0,0,0,0
CARRIER_E,2026-08-16 15:00,DONGSAN,40FT,0,0,0,0,0,0,0,0
CARRIER_E,2026-08-16 16:00,DONGSAN,40FT,0,0,0,0,0,0,0,0
CARRIER_E,2026-08-16 17:00,DONGSAN,40FT,0,0,0,0,0,0,0,0
CARRIER_E,2026-08-16 18:00,DONGSAN,40FT,0,0,0,0,0,0,0,0
CARRIER_E,2026-08-16 19:00,DONGSAN,40FT,0,0,0,0,0,0,0,0
CARRIER_E,2026-08-16 20:00,DONGSAN,40FT,0,0,0,0,0,0,0,0
CARRIER_E,2026-08-16 21:00,DONGSAN,40FT,0,0,0,0,0,0,0,0
CARRIER_E,2026-08-16 22:00,DONGSAN,40FT,0,0,0,0,0,0,0,0
CARRIER_E,2026-08-16 23:00,DONGSAN,40FT,0,0,0,0,0,0,0,0
CARRIER_E,2026-08-10 00:00,GWANGYANG,20FT,0,0,0,0,4,4,0,0
CARRIER_E,2026-08-10 01:00,GWANGYANG,20FT,0,0,0,0,4,4,0,0
CARRIER_E,2026-08-10 02:00,GWANGYANG,20FT,0,0,0,0,4,4,0,0
CARRIER_E,2026-08-10 03:00,GWANGYANG,20FT,0,0,0,0,4,4,0,0
CARRIER_E,2026-08-10 04:00,GWANGYANG,20FT,0,0,0,0,4,4,0,0
CARRIER_E,2026-08-10 05:00,GWANGYANG,20FT,0,0,0,0,4,4,0,0
CARRIER_E,2026-08-10 06:00,GWANGYANG,20FT,0,0,0,0,4,4,0,0
CARRIER_E,2026-08-10 07:00,GWANGYANG,20FT,0,0,0,0,4,4,0,0
CARRIER_E,2026-08-10 08:00,GWANGYANG,20FT,0,0,0,0,4,4,0,0
CARRIER_E,2026-08-10 09:00,GWANGYANG,20FT,1,0,0,0,3,3,0,0
CARRIER_E,2026-08-10 10:00,GWANGYANG,20FT,0,0,0,0,3,3,0,0
CARRIER_E,2026-08-10 11:00,GWANGYANG,20FT,1,0,0,0,2,2,0,0
CARRIER_E,2026-08-10 12:00,GWANGYANG,20FT,0,0,0,0,2,2,0,0
CARRIER_E,2026-08-10 13:00,GWANGYANG,20FT,0,1,0,0,3,3,0,0
CARRIER_E,2026-08-10 14:00,GWANGYANG,20FT,1,0,0,0,2,2,0,0
CARRIER_E,2026-08-10 15:00,GWANGYANG,20FT,0,0,0,0,2,2,0,0
CARRIER_E,2026-08-10 16:00,GWANGYANG,20FT,0,0,0,0,2,2,0,0
CARRIER_E,2026-08-10 17:00,GWANGYANG,20FT,0,0,0,0,2,2,0,0
CARRIER_E,2026-08-10 18:00,GWANGYANG,20FT,1,0,0,0,1,1,0,0
CARRIER_E,2026-08-10 19:00,GWANGYANG,20FT,0,0,0,0,1,1,0,0
CARRIER_E,2026-08-10 20:00,GWANGYANG,20FT,0,0,0,0,1,1,0,0
CARRIER_E,2026-08-10 21:00,GWANGYANG,20FT,0,0,0,0,1,1,0,0
CARRIER_E,2026-08-10 22:00,GWANGYANG,20FT,0,0,0,0,1,1,0,0
CARRIER_E,2026-08-10 23:00,GWANGYANG,20FT,0,0,0,0,1,1,0,0
CARRIER_E,2026-08-11 00:00,GWANGYANG,20FT,0,0,0,0,1,1,0,0
CARRIER_E,2026-08-11 01:00,GWANGYANG,20FT,0,0,0,0,1,1,0,0
CARRIER_E,2026-08-11 02:00,GWANGYANG,20FT,0,0,0,0,1,1,0,0
CARRIER_E,2026-08-11 03:00,GWANGYANG,20FT,0,0,0,0,1,1,0,0
CARRIER_E,2026-08-11 04:00,GWANGYANG,20FT,0,0,0,0,1,1,0,0
CARRIER_E,2026-08-11 05:00,GWANGYANG,20FT,0,0,0,0,1,1,0,0
CARRIER_E,2026-08-11 06:00,GWANGYANG,20FT,0,0,0,0,1,1,0,0
CARRIER_E,2026-08-11 07:00,GWANGYANG,20FT,0,0,0,0,1,1,0,0
CARRIER_E,2026-08-11 08:00,GWANGYANG,20FT,0,0,0,0,1,1,0,0
CARRIER_E,2026-08-11 09:00,GWANGYANG,20FT,1,0,0,0,0,0,0,0
CARRIER_E,2026-08-11 10:00,GWANGYANG,20FT,0,0,0,0,0,0,0,0
CARRIER_E,2026-08-11 11:00,GWANGYANG,20FT,0,0,0,0,0,0,0,0
CARRIER_E,2026-08-11 12:00,GWANGYANG,20FT,1,0,0,0,0,0,1,1
CARRIER_E,2026-08-11 13:00,GWANGYANG,20FT,0,0,0,0,0,0,0,0
CARRIER_E,2026-08-11 14:00,GWANGYANG,20FT,0,0,0,0,0,0,0,0
CARRIER_E,2026-08-11 15:00,GWANGYANG,20FT,0,0,0,0,0,0,0,0
CARRIER_E,2026-08-11 16:00,GWANGYANG,20FT,0,0,0,0,0,0,0,0
CARRIER_E,2026-08-11 17:00,GWANGYANG,20FT,0,0,0,0,0,0,0,0
CARRIER_E,2026-08-11 18:00,GWANGYANG,20FT,0,0,0,0,0,0,0,0
CARRIER_E,2026-08-11 19:00,GWANGYANG,20FT,0,0,0,0,0,0,0,0
CARRIER_E,2026-08-11 20:00,GWANGYANG,20FT,0,0,0,0,0,0,0,0
CARRIER_E,2026-08-11 21:00,GWANGYANG,20FT,0,0,0,0,0,0,0,0
CARRIER_E,2026-08-11 22:00,GWANGYANG,20FT,0,0,0,0,0,0,0,0
CARRIER_E,2026-08-11 23:00,GWANGYANG,20FT,0,0,0,0,0,0,0,0
CARRIER_E,2026-08-12 00:00,GWANGYANG,20FT,0,0,0,0,0,0,0,0
CARRIER_E,2026-08-12 01:00,GWANGYANG,20FT,0,0,0,0,0,0,0,0
CARRIER_E,2026-08-12 02:00,GWANGYANG,20FT,0,0,0,0,0,0,0,0
CARRIER_E,2026-08-12 03:00,GWANGYANG,20FT,0,0,5,0,0,5,0,0
CARRIER_E,2026-08-12 04:00,GWANGYANG,20FT,0,0,0,0,0,5,0,0
CARRIER_E,2026-08-12 05:00,GWANGYANG,20FT,1,0,0,0,0,4,1,0
CARRIER_E,2026-08-12 06:00,GWANGYANG,20FT,0,0,0,0,0,4,0,0
CARRIER_E,2026-08-12 07:00,GWANGYANG,20FT,0,0,0,0,0,4,0,0
CARRIER_E,2026-08-12 08:00,GWANGYANG,20FT,0,0,0,0,0,4,0,0
CARRIER_E,2026-08-12 09:00,GWANGYANG,20FT,0,1,0,0,1,5,0,0
CARRIER_E,2026-08-12 10:00,GWANGYANG,20FT,0,0,0,0,1,5,0,0
CARRIER_E,2026-08-12 11:00,GWANGYANG,20FT,0,0,0,0,1,5,0,0
CARRIER_E,2026-08-12 12:00,GWANGYANG,20FT,0,0,0,0,1,5,0,0
CARRIER_E,2026-08-12 13:00,GWANGYANG,20FT,1,0,0,0,0,4,0,0
CARRIER_E,2026-08-12 14:00,GWANGYANG,20FT,0,0,0,0,0,4,0,0
CARRIER_E,2026-08-12 15:00,GWANGYANG,20FT,0,0,0,0,0,4,0,0
CARRIER_E,2026-08-12 16:00,GWANGYANG,20FT,0,0,0,0,0,4,0,0
CARRIER_E,2026-08-12 17:00,GWANGYANG,20FT,0,0,0,0,0,4,0,0
CARRIER_E,2026-08-12 18:00,GWANGYANG,20FT,0,0,0,0,0,4,0,0
CARRIER_E,2026-08-12 19:00,GWANGYANG,20FT,0,0,0,0,0,4,0,0
CARRIER_E,2026-08-12 20:00,GWANGYANG,20FT,0,0,0,0,0,4,0,0
CARRIER_E,2026-08-12 21:00,GWANGYANG,20FT,0,0,0,0,0,4,0,0
CARRIER_E,2026-08-12 22:00,GWANGYANG,20FT,0,0,0,0,0,4,0,0
CARRIER_E,2026-08-12 23:00,GWANGYANG,20FT,0,0,0,0,0,4,0,0
CARRIER_E,2026-08-13 00:00,GWANGYANG,20FT,0,0,0,0,0,4,0,0
CARRIER_E,2026-08-13 01:00,GWANGYANG,20FT,0,0,0,0,0,4,0,0
CARRIER_E,2026-08-13 02:00,GWANGYANG,20FT,0,0,0,0,0,4,0,0
CARRIER_E,2026-08-13 03:00,GWANGYANG,20FT,0,0,0,0,0,4,0,0
CARRIER_E,2026-08-13 04:00,GWANGYANG,20FT,0,0,0,0,0,4,0,0
CARRIER_E,2026-08-13 05:00,GWANGYANG,20FT,0,0,0,0,0,4,0,0
CARRIER_E,2026-08-13 06:00,GWANGYANG,20FT,1,0,0,0,0,3,1,0
CARRIER_E,2026-08-13 07:00,GWANGYANG,20FT,0,0,0,0,0,3,0,0
CARRIER_E,2026-08-13 08:00,GWANGYANG,20FT,0,0,0,0,0,3,0,0
CARRIER_E,2026-08-13 09:00,GWANGYANG,20FT,0,0,0,0,0,3,0,0
CARRIER_E,2026-08-13 10:00,GWANGYANG,20FT,0,0,0,0,0,3,0,0
CARRIER_E,2026-08-13 11:00,GWANGYANG,20FT,0,0,0,0,0,3,0,0
CARRIER_E,2026-08-13 12:00,GWANGYANG,20FT,0,0,0,0,0,3,0,0
CARRIER_E,2026-08-13 13:00,GWANGYANG,20FT,0,0,0,0,0,3,0,0
CARRIER_E,2026-08-13 14:00,GWANGYANG,20FT,1,0,0,0,0,2,1,0
CARRIER_E,2026-08-13 15:00,GWANGYANG,20FT,0,0,0,0,0,2,0,0
CARRIER_E,2026-08-13 16:00,GWANGYANG,20FT,0,0,0,0,0,2,0,0
CARRIER_E,2026-08-13 17:00,GWANGYANG,20FT,1,0,0,0,0,1,1,0
CARRIER_E,2026-08-13 18:00,GWANGYANG,20FT,0,0,0,0,0,1,0,0
CARRIER_E,2026-08-13 19:00,GWANGYANG,20FT,0,0,0,0,0,1,0,0
CARRIER_E,2026-08-13 20:00,GWANGYANG,20FT,0,0,0,0,0,1,0,0
CARRIER_E,2026-08-13 21:00,GWANGYANG,20FT,0,0,0,0,0,1,0,0
CARRIER_E,2026-08-13 22:00,GWANGYANG,20FT,0,0,0,0,0,1,0,0
CARRIER_E,2026-08-13 23:00,GWANGYANG,20FT,0,0,0,0,0,1,0,0
CARRIER_E,2026-08-14 00:00,GWANGYANG,20FT,0,0,0,0,0,1,0,0
CARRIER_E,2026-08-14 01:00,GWANGYANG,20FT,0,0,0,0,0,1,0,0
CARRIER_E,2026-08-14 02:00,GWANGYANG,20FT,0,0,0,0,0,1,0,0
CARRIER_E,2026-08-14 03:00,GWANGYANG,20FT,0,0,0,0,0,1,0,0
CARRIER_E,2026-08-14 04:00,GWANGYANG,20FT,0,0,0,0,0,1,0,0
CARRIER_E,2026-08-14 05:00,GWANGYANG,20FT,0,0,0,0,0,1,0,0
CARRIER_E,2026-08-14 06:00,GWANGYANG,20FT,0,0,0,0,0,1,0,0
CARRIER_E,2026-08-14 07:00,GWANGYANG,20FT,0,0,0,0,0,1,0,0
CARRIER_E,2026-08-14 08:00,GWANGYANG,20FT,0,0,0,0,0,1,0,0
CARRIER_E,2026-08-14 09:00,GWANGYANG,20FT,0,0,0,0,0,1,0,0
CARRIER_E,2026-08-14 10:00,GWANGYANG,20FT,0,1,0,0,1,2,0,0
CARRIER_E,2026-08-14 11:00,GWANGYANG,20FT,1,0,0,0,0,1,0,0
CARRIER_E,2026-08-14 12:00,GWANGYANG,20FT,0,0,0,0,0,1,0,0
CARRIER_E,2026-08-14 13:00,GWANGYANG,20FT,0,0,0,0,0,1,0,0
CARRIER_E,2026-08-14 14:00,GWANGYANG,20FT,0,0,0,0,0,1,0,0
CARRIER_E,2026-08-14 15:00,GWANGYANG,20FT,0,0,0,0,0,1,0,0
CARRIER_E,2026-08-14 16:00,GWANGYANG,20FT,1,0,0,0,0,0,1,0
CARRIER_E,2026-08-14 17:00,GWANGYANG,20FT,0,0,0,0,0,0,0,0
CARRIER_E,2026-08-14 18:00,GWANGYANG,20FT,0,0,0,0,0,0,0,0
CARRIER_E,2026-08-14 19:00,GWANGYANG,20FT,0,0,0,0,0,0,0,0
CARRIER_E,2026-08-14 20:00,GWANGYANG,20FT,0,0,0,0,0,0,0,0
CARRIER_E,2026-08-14 21:00,GWANGYANG,20FT,0,0,0,0,0,0,0,0
CARRIER_E,2026-08-14 22:00,GWANGYANG,20FT,0,0,0,0,0,0,0,0
CARRIER_E,2026-08-14 23:00,GWANGYANG,20FT,0,0,0,0,0,0,0,0
CARRIER_E,2026-08-15 00:00,GWANGYANG,20FT,0,0,0,0,0,0,0,0
CARRIER_E,2026-08-15 01:00,GWANGYANG,20FT,0,0,0,0,0,0,0,0
CARRIER_E,2026-08-15 02:00,GWANGYANG,20FT,0,0,0,0,0,0,0,0
CARRIER_E,2026-08-15 03:00,GWANGYANG,20FT,0,0,0,0,0,0,0,0
CARRIER_E,2026-08-15 04:00,GWANGYANG,20FT,0,0,0,0,0,0,0,0
CARRIER_E,2026-08-15 05:00,GWANGYANG,20FT,0,0,0,0,0,0,0,0
CARRIER_E,2026-08-15 06:00,GWANGYANG,20FT,0,0,0,0,0,0,0,0
CARRIER_E,2026-08-15 07:00,GWANGYANG,20FT,0,0,0,0,0,0,0,0
CARRIER_E,2026-08-15 08:00,GWANGYANG,20FT,0,0,0,0,0,0,0,0
CARRIER_E,2026-08-15 09:00,GWANGYANG,20FT,0,0,0,0,0,0,0,0
CARRIER_E,2026-08-15 10:00,GWANGYANG,20FT,0,0,0,0,0,0,0,0
CARRIER_E,2026-08-15 11:00,GWANGYANG,20FT,0,0,0,0,0,0,0,0
CARRIER_E,2026-08-15 12:00,GWANGYANG,20FT,1,0,0,0,0,0,1,1
CARRIER_E,2026-08-15 13:00,GWANGYANG,20FT,0,0,0,0,0,0,0,0
CARRIER_E,2026-08-15 14:00,GWANGYANG,20FT,0,0,0,0,0,0,0,0
CARRIER_E,2026-08-15 15:00,GWANGYANG,20FT,0,0,0,0,0,0,0,0
CARRIER_E,2026-08-15 16:00,GWANGYANG,20FT,0,0,0,0,0,0,0,0
CARRIER_E,2026-08-15 17:00,GWANGYANG,20FT,0,1,0,0,1,1,0,0
CARRIER_E,2026-08-15 18:00,GWANGYANG,20FT,0,0,0,0,1,1,0,0
CARRIER_E,2026-08-15 19:00,GWANGYANG,20FT,0,3,0,0,4,4,0,0
CARRIER_E,2026-08-15 20:00,GWANGYANG,20FT,0,0,0,0,4,4,0,0
CARRIER_E,2026-08-15 21:00,GWANGYANG,20FT,0,0,0,0,4,4,0,0
CARRIER_E,2026-08-15 22:00,GWANGYANG,20FT,0,0,0,0,4,4,0,0
CARRIER_E,2026-08-15 23:00,GWANGYANG,20FT,0,0,0,0,4,4,0,0
CARRIER_E,2026-08-16 00:00,GWANGYANG,20FT,0,0,0,0,4,4,0,0
CARRIER_E,2026-08-16 01:00,GWANGYANG,20FT,0,0,0,0,4,4,0,0
CARRIER_E,2026-08-16 02:00,GWANGYANG,20FT,0,0,0,0,4,4,0,0
CARRIER_E,2026-08-16 03:00,GWANGYANG,20FT,0,0,0,0,4,4,0,0
CARRIER_E,2026-08-16 04:00,GWANGYANG,20FT,0,0,0,0,4,4,0,0
CARRIER_E,2026-08-16 05:00,GWANGYANG,20FT,0,0,0,0,4,4,0,0
CARRIER_E,2026-08-16 06:00,GWANGYANG,20FT,0,0,0,0,4,4,0,0
CARRIER_E,2026-08-16 07:00,GWANGYANG,20FT,0,0,0,0,4,4,0,0
CARRIER_E,2026-08-16 08:00,GWANGYANG,20FT,0,0,0,0,4,4,0,0
CARRIER_E,2026-08-16 09:00,GWANGYANG,20FT,0,0,0,0,4,4,0,0
CARRIER_E,2026-08-16 10:00,GWANGYANG,20FT,0,0,0,0,4,4,0,0
CARRIER_E,2026-08-16 11:00,GWANGYANG,20FT,0,0,0,0,4,4,0,0
CARRIER_E,2026-08-16 12:00,GWANGYANG,20FT,0,0,0,0,4,4,0,0
CARRIER_E,2026-08-16 13:00,GWANGYANG,20FT,0,0,0,0,4,4,0,0
CARRIER_E,2026-08-16 14:00,GWANGYANG,20FT,0,0,0,0,4,4,0,0
CARRIER_E,2026-08-16 15:00,GWANGYANG,20FT,0,0,0,0,4,4,0,0
CARRIER_E,2026-08-16 16:00,GWANGYANG,20FT,0,0,0,0,4,4,0,0
CARRIER_E,2026-08-16 17:00,GWANGYANG,20FT,0,0,0,0,4,4,0,0
CARRIER_E,2026-08-16 18:00,GWANGYANG,20FT,0,0,0,0,4,4,0,0
CARRIER_E,2026-08-16 19:00,GWANGYANG,20FT,0,0,0,0,4,4,0,0
CARRIER_E,2026-08-16 20:00,GWANGYANG,20FT,0,0,0,0,4,4,0,0
CARRIER_E,2026-08-16 21:00,GWANGYANG,20FT,0,0,0,0,4,4,0,0
CARRIER_E,2026-08-16 22:00,GWANGYANG,20FT,0,0,0,0,4,4,0,0
CARRIER_E,2026-08-16 23:00,GWANGYANG,20FT,0,0,0,0,4,4,0,0
CARRIER_E,2026-08-10 00:00,GWANGYANG,40FT,0,0,0,0,1,1,0,0
CARRIER_E,2026-08-10 01:00,GWANGYANG,40FT,0,0,0,0,1,1,0,0
CARRIER_E,2026-08-10 02:00,GWANGYANG,40FT,0,0,0,0,1,1,0,0
CARRIER_E,2026-08-10 03:00,GWANGYANG,40FT,0,0,0,0,1,1,0,0
CARRIER_E,2026-08-10 04:00,GWANGYANG,40FT,0,0,0,0,1,1,0,0
CARRIER_E,2026-08-10 05:00,GWANGYANG,40FT,0,0,0,0,1,1,0,0
CARRIER_E,2026-08-10 06:00,GWANGYANG,40FT,0,0,0,0,1,1,0,0
CARRIER_E,2026-08-10 07:00,GWANGYANG,40FT,0,0,0,0,1,1,0,0
CARRIER_E,2026-08-10 08:00,GWANGYANG,40FT,0,0,0,0,1,1,0,0
CARRIER_E,2026-08-10 09:00,GWANGYANG,40FT,0,0,0,0,1,1,0,0
CARRIER_E,2026-08-10 10:00,GWANGYANG,40FT,0,0,0,0,1,1,0,0
CARRIER_E,2026-08-10 11:00,GWANGYANG,40FT,0,0,0,0,1,1,0,0
CARRIER_E,2026-08-10 12:00,GWANGYANG,40FT,0,0,0,0,1,1,0,0
CARRIER_E,2026-08-10 13:00,GWANGYANG,40FT,0,0,0,0,1,1,0,0
CARRIER_E,2026-08-10 14:00,GWANGYANG,40FT,0,0,0,0,1,1,0,0
CARRIER_E,2026-08-10 15:00,GWANGYANG,40FT,0,0,0,0,1,1,0,0
CARRIER_E,2026-08-10 16:00,GWANGYANG,40FT,0,0,0,0,1,1,0,0
CARRIER_E,2026-08-10 17:00,GWANGYANG,40FT,0,0,0,0,1,1,0,0
CARRIER_E,2026-08-10 18:00,GWANGYANG,40FT,0,0,0,0,1,1,0,0
CARRIER_E,2026-08-10 19:00,GWANGYANG,40FT,0,0,0,0,1,1,0,0
CARRIER_E,2026-08-10 20:00,GWANGYANG,40FT,0,0,0,0,1,1,0,0
CARRIER_E,2026-08-10 21:00,GWANGYANG,40FT,0,0,0,0,1,1,0,0
CARRIER_E,2026-08-10 22:00,GWANGYANG,40FT,0,0,0,0,1,1,0,0
CARRIER_E,2026-08-10 23:00,GWANGYANG,40FT,0,0,0,0,1,1,0,0
CARRIER_E,2026-08-11 00:00,GWANGYANG,40FT,0,0,0,0,1,1,0,0
CARRIER_E,2026-08-11 01:00,GWANGYANG,40FT,0,0,0,0,1,1,0,0
CARRIER_E,2026-08-11 02:00,GWANGYANG,40FT,0,0,0,0,1,1,0,0
CARRIER_E,2026-08-11 03:00,GWANGYANG,40FT,0,0,0,0,1,1,0,0
CARRIER_E,2026-08-11 04:00,GWANGYANG,40FT,0,0,0,0,1,1,0,0
CARRIER_E,2026-08-11 05:00,GWANGYANG,40FT,0,0,0,0,1,1,0,0
CARRIER_E,2026-08-11 06:00,GWANGYANG,40FT,0,0,0,0,1,1,0,0
CARRIER_E,2026-08-11 07:00,GWANGYANG,40FT,0,0,0,0,1,1,0,0
CARRIER_E,2026-08-11 08:00,GWANGYANG,40FT,0,0,0,0,1,1,0,0
CARRIER_E,2026-08-11 09:00,GWANGYANG,40FT,0,0,0,0,1,1,0,0
CARRIER_E,2026-08-11 10:00,GWANGYANG,40FT,0,0,0,0,1,1,0,0
CARRIER_E,2026-08-11 11:00,GWANGYANG,40FT,0,0,0,0,1,1,0,0
CARRIER_E,2026-08-11 12:00,GWANGYANG,40FT,0,0,0,0,1,1,0,0
CARRIER_E,2026-08-11 13:00,GWANGYANG,40FT,0,0,0,0,1,1,0,0
CARRIER_E,2026-08-11 14:00,GWANGYANG,40FT,0,1,0,0,2,2,0,0
CARRIER_E,2026-08-11 15:00,GWANGYANG,40FT,0,0,0,0,2,2,0,0
CARRIER_E,2026-08-11 16:00,GWANGYANG,40FT,0,0,0,0,2,2,0,0
CARRIER_E,2026-08-11 17:00,GWANGYANG,40FT,0,0,0,0,2,2,0,0
CARRIER_E,2026-08-11 18:00,GWANGYANG,40FT,0,0,0,0,2,2,0,0
CARRIER_E,2026-08-11 19:00,GWANGYANG,40FT,0,0,0,0,2,2,0,0
CARRIER_E,2026-08-11 20:00,GWANGYANG,40FT,0,0,0,0,2,2,0,0
CARRIER_E,2026-08-11 21:00,GWANGYANG,40FT,0,0,0,0,2,2,0,0
CARRIER_E,2026-08-11 22:00,GWANGYANG,40FT,0,0,0,0,2,2,0,0
CARRIER_E,2026-08-11 23:00,GWANGYANG,40FT,0,0,0,0,2,2,0,0
CARRIER_E,2026-08-12 00:00,GWANGYANG,40FT,0,0,0,0,2,2,0,0
CARRIER_E,2026-08-12 01:00,GWANGYANG,40FT,0,0,0,0,2,2,0,0
CARRIER_E,2026-08-12 02:00,GWANGYANG,40FT,0,0,0,0,2,2,0,0
CARRIER_E,2026-08-12 03:00,GWANGYANG,40FT,0,0,0,0,2,2,0,0
CARRIER_E,2026-08-12 04:00,GWANGYANG,40FT,0,0,0,0,2,2,0,0
CARRIER_E,2026-08-12 05:00,GWANGYANG,40FT,0,0,0,0,2,2,0,0
CARRIER_E,2026-08-12 06:00,GWANGYANG,40FT,0,0,0,0,2,2,0,0
CARRIER_E,2026-08-12 07:00,GWANGYANG,40FT,0,0,0,0,2,2,0,0
CARRIER_E,2026-08-12 08:00,GWANGYANG,40FT,0,0,0,0,2,2,0,0
CARRIER_E,2026-08-12 09:00,GWANGYANG,40FT,0,0,0,0,2,2,0,0
CARRIER_E,2026-08-12 10:00,GWANGYANG,40FT,0,0,0,0,2,2,0,0
CARRIER_E,2026-08-12 11:00,GWANGYANG,40FT,1,0,0,0,1,1,0,0
CARRIER_E,2026-08-12 12:00,GWANGYANG,40FT,0,0,0,0,1,1,0,0
CARRIER_E,2026-08-12 13:00,GWANGYANG,40FT,0,0,0,0,1,1,0,0
CARRIER_E,2026-08-12 14:00,GWANGYANG,40FT,0,0,0,0,1,1,0,0
CARRIER_E,2026-08-12 15:00,GWANGYANG,40FT,0,0,0,0,1,1,0,0
CARRIER_E,2026-08-12 16:00,GWANGYANG,40FT,0,0,0,0,1,1,0,0
CARRIER_E,2026-08-12 17:00,GWANGYANG,40FT,0,0,0,0,1,1,0,0
CARRIER_E,2026-08-12 18:00,GWANGYANG,40FT,0,0,0,0,1,1,0,0
CARRIER_E,2026-08-12 19:00,GWANGYANG,40FT,0,0,0,0,1,1,0,0
CARRIER_E,2026-08-12 20:00,GWANGYANG,40FT,0,0,0,0,1,1,0,0
CARRIER_E,2026-08-12 21:00,GWANGYANG,40FT,0,0,0,0,1,1,0,0
CARRIER_E,2026-08-12 22:00,GWANGYANG,40FT,0,0,0,0,1,1,0,0
CARRIER_E,2026-08-12 23:00,GWANGYANG,40FT,0,0,0,0,1,1,0,0
CARRIER_E,2026-08-13 00:00,GWANGYANG,40FT,0,0,0,0,1,1,0,0
CARRIER_E,2026-08-13 01:00,GWANGYANG,40FT,0,0,0,0,1,1,0,0
CARRIER_E,2026-08-13 02:00,GWANGYANG,40FT,0,0,0,0,1,1,0,0
CARRIER_E,2026-08-13 03:00,GWANGYANG,40FT,0,0,0,0,1,1,0,0
CARRIER_E,2026-08-13 04:00,GWANGYANG,40FT,0,0,0,0,1,1,0,0
CARRIER_E,2026-08-13 05:00,GWANGYANG,40FT,0,0,0,0,1,1,0,0
CARRIER_E,2026-08-13 06:00,GWANGYANG,40FT,0,0,0,0,1,1,0,0
CARRIER_E,2026-08-13 07:00,GWANGYANG,40FT,0,0,0,0,1,1,0,0
CARRIER_E,2026-08-13 08:00,GWANGYANG,40FT,0,0,0,0,1,1,0,0
CARRIER_E,2026-08-13 09:00,GWANGYANG,40FT,0,0,0,0,1,1,0,0
CARRIER_E,2026-08-13 10:00,GWANGYANG,40FT,0,0,0,0,1,1,0,0
CARRIER_E,2026-08-13 11:00,GWANGYANG,40FT,0,0,0,0,1,1,0,0
CARRIER_E,2026-08-13 12:00,GWANGYANG,40FT,0,1,0,0,2,2,0,0
CARRIER_E,2026-08-13 13:00,GWANGYANG,40FT,0,0,0,0,2,2,0,0
CARRIER_E,2026-08-13 14:00,GWANGYANG,40FT,0,0,0,0,2,2,0,0
CARRIER_E,2026-08-13 15:00,GWANGYANG,40FT,0,0,0,0,2,2,0,0
CARRIER_E,2026-08-13 16:00,GWANGYANG,40FT,0,0,0,0,2,2,0,0
CARRIER_E,2026-08-13 17:00,GWANGYANG,40FT,0,0,0,0,2,2,0,0
CARRIER_E,2026-08-13 18:00,GWANGYANG,40FT,0,0,0,0,2,2,0,0
CARRIER_E,2026-08-13 19:00,GWANGYANG,40FT,0,0,0,0,2,2,0,0
CARRIER_E,2026-08-13 20:00,GWANGYANG,40FT,0,0,0,0,2,2,0,0
CARRIER_E,2026-08-13 21:00,GWANGYANG,40FT,0,0,0,0,2,2,0,0
CARRIER_E,2026-08-13 22:00,GWANGYANG,40FT,0,0,0,0,2,2,0,0
CARRIER_E,2026-08-13 23:00,GWANGYANG,40FT,0,0,0,0,2,2,0,0
CARRIER_E,2026-08-14 00:00,GWANGYANG,40FT,0,0,0,0,2,2,0,0
CARRIER_E,2026-08-14 01:00,GWANGYANG,40FT,0,0,0,0,2,2,0,0
CARRIER_E,2026-08-14 02:00,GWANGYANG,40FT,0,0,0,0,2,2,0,0
CARRIER_E,2026-08-14 03:00,GWANGYANG,40FT,0,0,0,0,2,2,0,0
CARRIER_E,2026-08-14 04:00,GWANGYANG,40FT,0,0,0,0,2,2,0,0
CARRIER_E,2026-08-14 05:00,GWANGYANG,40FT,0,0,0,0,2,2,0,0
CARRIER_E,2026-08-14 06:00,GWANGYANG,40FT,0,0,0,0,2,2,0,0
CARRIER_E,2026-08-14 07:00,GWANGYANG,40FT,0,0,0,0,2,2,0,0
CARRIER_E,2026-08-14 08:00,GWANGYANG,40FT,0,0,0,0,2,2,0,0
CARRIER_E,2026-08-14 09:00,GWANGYANG,40FT,0,0,0,0,2,2,0,0
CARRIER_E,2026-08-14 10:00,GWANGYANG,40FT,0,0,0,0,2,2,0,0
CARRIER_E,2026-08-14 11:00,GWANGYANG,40FT,0,0,0,0,2,2,0,0
CARRIER_E,2026-08-14 12:00,GWANGYANG,40FT,0,0,0,0,2,2,0,0
CARRIER_E,2026-08-14 13:00,GWANGYANG,40FT,0,0,0,0,2,2,0,0
CARRIER_E,2026-08-14 14:00,GWANGYANG,40FT,0,0,0,0,2,2,0,0
CARRIER_E,2026-08-14 15:00,GWANGYANG,40FT,0,0,0,0,2,2,0,0
CARRIER_E,2026-08-14 16:00,GWANGYANG,40FT,0,0,0,0,2,2,0,0
CARRIER_E,2026-08-14 17:00,GWANGYANG,40FT,0,0,0,0,2,2,0,0
CARRIER_E,2026-08-14 18:00,GWANGYANG,40FT,0,0,0,0,2,2,0,0
CARRIER_E,2026-08-14 19:00,GWANGYANG,40FT,0,0,0,0,2,2,0,0
CARRIER_E,2026-08-14 20:00,GWANGYANG,40FT,0,0,0,0,2,2,0,0
CARRIER_E,2026-08-14 21:00,GWANGYANG,40FT,0,0,0,0,2,2,0,0
CARRIER_E,2026-08-14 22:00,GWANGYANG,40FT,0,0,0,0,2,2,0,0
CARRIER_E,2026-08-14 23:00,GWANGYANG,40FT,0,0,0,0,2,2,0,0
CARRIER_E,2026-08-15 00:00,GWANGYANG,40FT,0,0,0,0,2,2,0,0
CARRIER_E,2026-08-15 01:00,GWANGYANG,40FT,0,0,0,0,2,2,0,0
CARRIER_E,2026-08-15 02:00,GWANGYANG,40FT,0,0,0,0,2,2,0,0
CARRIER_E,2026-08-15 03:00,GWANGYANG,40FT,0,0,0,0,2,2,0,0
CARRIER_E,2026-08-15 04:00,GWANGYANG,40FT,0,0,0,0,2,2,0,0
CARRIER_E,2026-08-15 05:00,GWANGYANG,40FT,0,0,0,0,2,2,0,0
CARRIER_E,2026-08-15 06:00,GWANGYANG,40FT,0,0,0,0,2,2,0,0
CARRIER_E,2026-08-15 07:00,GWANGYANG,40FT,0,0,0,0,2,2,0,0
CARRIER_E,2026-08-15 08:00,GWANGYANG,40FT,0,0,0,0,2,2,0,0
CARRIER_E,2026-08-15 09:00,GWANGYANG,40FT,0,0,0,0,2,2,0,0
CARRIER_E,2026-08-15 10:00,GWANGYANG,40FT,0,0,0,0,2,2,0,0
CARRIER_E,2026-08-15 11:00,GWANGYANG,40FT,0,0,0,0,2,2,0,0
CARRIER_E,2026-08-15 12:00,GWANGYANG,40FT,0,0,0,0,2,2,0,0
CARRIER_E,2026-08-15 13:00,GWANGYANG,40FT,0,0,0,0,2,2,0,0
CARRIER_E,2026-08-15 14:00,GWANGYANG,40FT,0,0,0,0,2,2,0,0
CARRIER_E,2026-08-15 15:00,GWANGYANG,40FT,0,0,0,0,2,2,0,0
CARRIER_E,2026-08-15 16:00,GWANGYANG,40FT,0,0,0,0,2,2,0,0
CARRIER_E,2026-08-15 17:00,GWANGYANG,40FT,0,0,0,0,2,2,0,0
CARRIER_E,2026-08-15 18:00,GWANGYANG,40FT,0,0,0,0,2,2,0,0
CARRIER_E,2026-08-15 19:00,GWANGYANG,40FT,0,0,0,0,2,2,0,0
CARRIER_E,2026-08-15 20:00,GWANGYANG,40FT,0,0,0,0,2,2,0,0
CARRIER_E,2026-08-15 21:00,GWANGYANG,40FT,0,0,0,0,2,2,0,0
CARRIER_E,2026-08-15 22:00,GWANGYANG,40FT,0,0,0,0,2,2,0,0
CARRIER_E,2026-08-15 23:00,GWANGYANG,40FT,0,0,0,0,2,2,0,0
CARRIER_E,2026-08-16 00:00,GWANGYANG,40FT,0,0,0,0,2,2,0,0
CARRIER_E,2026-08-16 01:00,GWANGYANG,40FT,0,0,0,0,2,2,0,0
CARRIER_E,2026-08-16 02:00,GWANGYANG,40FT,0,0,0,0,2,2,0,0
CARRIER_E,2026-08-16 03:00,GWANGYANG,40FT,0,0,0,0,2,2,0,0
CARRIER_E,2026-08-16 04:00,GWANGYANG,40FT,0,0,0,0,2,2,0,0
CARRIER_E,2026-08-16 05:00,GWANGYANG,40FT,0,0,0,0,2,2,0,0
CARRIER_E,2026-08-16 06:00,GWANGYANG,40FT,0,0,0,0,2,2,0,0
CARRIER_E,2026-08-16 07:00,GWANGYANG,40FT,0,0,0,0,2,2,0,0
CARRIER_E,2026-08-16 08:00,GWANGYANG,40FT,0,0,0,0,2,2,0,0
CARRIER_E,2026-08-16 09:00,GWANGYANG,40FT,0,0,0,0,2,2,0,0
CARRIER_E,2026-08-16 10:00,GWANGYANG,40FT,0,0,0,0,2,2,0,0
CARRIER_E,2026-08-16 11:00,GWANGYANG,40FT,0,0,0,0,2,2,0,0
CARRIER_E,2026-08-16 12:00,GWANGYANG,40FT,0,0,0,0,2,2,0,0
CARRIER_E,2026-08-16 13:00,GWANGYANG,40FT,0,0,0,0,2,2,0,0
CARRIER_E,2026-08-16 14:00,GWANGYANG,40FT,0,0,0,0,2,2,0,0
CARRIER_E,2026-08-16 15:00,GWANGYANG,40FT,0,0,0,0,2,2,0,0
CARRIER_E,2026-08-16 16:00,GWANGYANG,40FT,0,0,0,0,2,2,0,0
CARRIER_E,2026-08-16 17:00,GWANGYANG,40FT,0,0,0,0,2,2,0,0
CARRIER_E,2026-08-16 18:00,GWANGYANG,40FT,0,0,0,0,2,2,0,0
CARRIER_E,2026-08-16 19:00,GWANGYANG,40FT,0,0,0,0,2,2,0,0
CARRIER_E,2026-08-16 20:00,GWANGYANG,40FT,0,0,0,0,2,2,0,0
CARRIER_E,2026-08-16 21:00,GWANGYANG,40FT,0,0,0,0,2,2,0,0
CARRIER_E,2026-08-16 22:00,GWANGYANG,40FT,0,0,0,0,2,2,0,0
CARRIER_E,2026-08-16 23:00,GWANGYANG,40FT,0,0,0,0,2,2,0,0
CARRIER_E,2026-08-10 00:00,UIWANG,20FT,0,0,0,0,22,22,0,0
CARRIER_E,2026-08-10 01:00,UIWANG,20FT,0,0,0,0,22,22,0,0
CARRIER_E,2026-08-10 02:00,UIWANG,20FT,0,0,0,0,22,22,0,0
CARRIER_E,2026-08-10 03:00,UIWANG,20FT,0,0,0,9,22,13,0,0
CARRIER_E,2026-08-10 04:00,UIWANG,20FT,0,0,0,0,22,13,0,0
CARRIER_E,2026-08-10 05:00,UIWANG,20FT,0,0,0,0,22,13,0,0
CARRIER_E,2026-08-10 06:00,UIWANG,20FT,0,0,0,0,22,13,0,0
CARRIER_E,2026-08-10 07:00,UIWANG,20FT,0,1,0,0,23,14,0,0
CARRIER_E,2026-08-10 08:00,UIWANG,20FT,0,0,0,0,23,14,0,0
CARRIER_E,2026-08-10 09:00,UIWANG,20FT,1,1,0,0,23,14,0,0
CARRIER_E,2026-08-10 10:00,UIWANG,20FT,0,0,0,0,23,14,0,0
CARRIER_E,2026-08-10 11:00,UIWANG,20FT,0,1,0,0,24,15,0,0
CARRIER_E,2026-08-10 12:00,UIWANG,20FT,1,1,0,0,24,15,0,0
CARRIER_E,2026-08-10 13:00,UIWANG,20FT,0,1,0,0,25,16,0,0
CARRIER_E,2026-08-10 14:00,UIWANG,20FT,0,2,0,0,27,18,0,0
CARRIER_E,2026-08-10 15:00,UIWANG,20FT,0,2,0,0,29,20,0,0
CARRIER_E,2026-08-10 16:00,UIWANG,20FT,1,0,0,0,28,19,0,0
CARRIER_E,2026-08-10 17:00,UIWANG,20FT,0,1,0,0,29,20,0,0
CARRIER_E,2026-08-10 18:00,UIWANG,20FT,1,1,0,0,29,20,0,0
CARRIER_E,2026-08-10 19:00,UIWANG,20FT,0,0,0,0,29,20,0,0
CARRIER_E,2026-08-10 20:00,UIWANG,20FT,0,0,0,0,29,20,0,0
CARRIER_E,2026-08-10 21:00,UIWANG,20FT,0,0,0,0,29,20,0,0
CARRIER_E,2026-08-10 22:00,UIWANG,20FT,0,0,0,0,29,20,0,0
CARRIER_E,2026-08-10 23:00,UIWANG,20FT,0,0,0,0,29,20,0,0
CARRIER_E,2026-08-11 00:00,UIWANG,20FT,0,0,0,0,29,20,0,0
CARRIER_E,2026-08-11 01:00,UIWANG,20FT,0,0,0,0,29,20,0,0
CARRIER_E,2026-08-11 02:00,UIWANG,20FT,0,0,0,0,29,20,0,0
CARRIER_E,2026-08-11 03:00,UIWANG,20FT,0,0,0,0,29,20,0,0
CARRIER_E,2026-08-11 04:00,UIWANG,20FT,0,0,0,0,29,20,0,0
CARRIER_E,2026-08-11 05:00,UIWANG,20FT,0,0,0,0,29,20,0,0
CARRIER_E,2026-08-11 06:00,UIWANG,20FT,0,0,0,0,29,20,0,0
CARRIER_E,2026-08-11 07:00,UIWANG,20FT,0,0,0,0,29,20,0,0
CARRIER_E,2026-08-11 08:00,UIWANG,20FT,0,0,0,0,29,20,0,0
CARRIER_E,2026-08-11 09:00,UIWANG,20FT,1,0,0,1,28,18,0,0
CARRIER_E,2026-08-11 10:00,UIWANG,20FT,0,1,0,0,29,19,0,0
CARRIER_E,2026-08-11 11:00,UIWANG,20FT,0,1,0,0,30,20,0,0
CARRIER_E,2026-08-11 12:00,UIWANG,20FT,1,0,0,0,29,19,0,0
CARRIER_E,2026-08-11 13:00,UIWANG,20FT,0,1,0,0,30,20,0,0
CARRIER_E,2026-08-11 14:00,UIWANG,20FT,0,0,0,0,30,20,0,0
CARRIER_E,2026-08-11 15:00,UIWANG,20FT,1,2,0,0,31,21,0,0
CARRIER_E,2026-08-11 16:00,UIWANG,20FT,0,0,0,0,31,21,0,0
CARRIER_E,2026-08-11 17:00,UIWANG,20FT,1,0,0,0,30,20,0,0
CARRIER_E,2026-08-11 18:00,UIWANG,20FT,0,1,0,0,31,21,0,0
CARRIER_E,2026-08-11 19:00,UIWANG,20FT,0,0,0,0,31,21,0,0
CARRIER_E,2026-08-11 20:00,UIWANG,20FT,0,1,0,0,32,22,0,0
CARRIER_E,2026-08-11 21:00,UIWANG,20FT,0,0,0,0,32,22,0,0
CARRIER_E,2026-08-11 22:00,UIWANG,20FT,0,0,0,0,32,22,0,0
CARRIER_E,2026-08-11 23:00,UIWANG,20FT,0,0,0,0,32,22,0,0
CARRIER_E,2026-08-12 00:00,UIWANG,20FT,0,0,0,0,32,22,0,0
CARRIER_E,2026-08-12 01:00,UIWANG,20FT,0,0,0,0,32,22,0,0
CARRIER_E,2026-08-12 02:00,UIWANG,20FT,0,0,0,0,32,22,0,0
CARRIER_E,2026-08-12 03:00,UIWANG,20FT,0,0,0,0,32,22,0,0
CARRIER_E,2026-08-12 04:00,UIWANG,20FT,0,0,0,0,32,22,0,0
CARRIER_E,2026-08-12 05:00,UIWANG,20FT,0,0,0,0,32,22,0,0
CARRIER_E,2026-08-12 06:00,UIWANG,20FT,0,0,0,0,32,22,0,0
CARRIER_E,2026-08-12 07:00,UIWANG,20FT,0,0,0,0,32,22,0,0
CARRIER_E,2026-08-12 08:00,UIWANG,20FT,1,0,0,0,31,21,0,0
CARRIER_E,2026-08-12 09:00,UIWANG,20FT,0,2,0,0,33,23,0,0
CARRIER_E,2026-08-12 10:00,UIWANG,20FT,1,0,0,0,32,22,0,0
CARRIER_E,2026-08-12 11:00,UIWANG,20FT,0,0,0,0,32,22,0,0
CARRIER_E,2026-08-12 12:00,UIWANG,20FT,0,1,0,0,33,23,0,0
CARRIER_E,2026-08-12 13:00,UIWANG,20FT,0,0,0,0,33,23,0,0
CARRIER_E,2026-08-12 14:00,UIWANG,20FT,1,1,0,0,33,23,0,0
CARRIER_E,2026-08-12 15:00,UIWANG,20FT,0,0,0,0,33,23,0,0
CARRIER_E,2026-08-12 16:00,UIWANG,20FT,0,1,0,0,34,24,0,0
CARRIER_E,2026-08-12 17:00,UIWANG,20FT,1,1,0,0,34,24,0,0
CARRIER_E,2026-08-12 18:00,UIWANG,20FT,0,0,0,0,34,24,0,0
CARRIER_E,2026-08-12 19:00,UIWANG,20FT,0,0,0,0,34,24,0,0
CARRIER_E,2026-08-12 20:00,UIWANG,20FT,0,0,0,0,34,24,0,0
CARRIER_E,2026-08-12 21:00,UIWANG,20FT,0,0,0,0,34,24,0,0
CARRIER_E,2026-08-12 22:00,UIWANG,20FT,0,0,0,0,34,24,0,0
CARRIER_E,2026-08-12 23:00,UIWANG,20FT,0,0,0,0,34,24,0,0
CARRIER_E,2026-08-13 00:00,UIWANG,20FT,0,0,0,0,34,24,0,0
CARRIER_E,2026-08-13 01:00,UIWANG,20FT,0,0,0,0,34,24,0,0
CARRIER_E,2026-08-13 02:00,UIWANG,20FT,0,0,0,0,34,24,0,0
CARRIER_E,2026-08-13 03:00,UIWANG,20FT,0,0,0,0,34,24,0,0
CARRIER_E,2026-08-13 04:00,UIWANG,20FT,0,0,0,0,34,24,0,0
CARRIER_E,2026-08-13 05:00,UIWANG,20FT,0,0,0,0,34,24,0,0
CARRIER_E,2026-08-13 06:00,UIWANG,20FT,0,0,0,0,34,24,0,0
CARRIER_E,2026-08-13 07:00,UIWANG,20FT,0,1,0,0,35,25,0,0
CARRIER_E,2026-08-13 08:00,UIWANG,20FT,0,1,0,0,36,26,0,0
CARRIER_E,2026-08-13 09:00,UIWANG,20FT,0,0,0,0,36,26,0,0
CARRIER_E,2026-08-13 10:00,UIWANG,20FT,1,0,0,0,35,25,0,0
CARRIER_E,2026-08-13 11:00,UIWANG,20FT,0,0,0,0,35,25,0,0
CARRIER_E,2026-08-13 12:00,UIWANG,20FT,0,1,0,0,36,26,0,0
CARRIER_E,2026-08-13 13:00,UIWANG,20FT,0,1,0,0,37,27,0,0
CARRIER_E,2026-08-13 14:00,UIWANG,20FT,0,0,0,0,37,27,0,0
CARRIER_E,2026-08-13 15:00,UIWANG,20FT,0,1,0,0,38,28,0,0
CARRIER_E,2026-08-13 16:00,UIWANG,20FT,1,2,0,0,39,29,0,0
CARRIER_E,2026-08-13 17:00,UIWANG,20FT,0,1,0,0,40,30,0,0
CARRIER_E,2026-08-13 18:00,UIWANG,20FT,0,0,0,0,40,30,0,0
CARRIER_E,2026-08-13 19:00,UIWANG,20FT,0,0,0,0,40,30,0,0
CARRIER_E,2026-08-13 20:00,UIWANG,20FT,0,1,0,0,41,31,0,0
CARRIER_E,2026-08-13 21:00,UIWANG,20FT,0,0,0,0,41,31,0,0
CARRIER_E,2026-08-13 22:00,UIWANG,20FT,0,0,0,0,41,31,0,0
CARRIER_E,2026-08-13 23:00,UIWANG,20FT,0,0,0,0,41,31,0,0
CARRIER_E,2026-08-14 00:00,UIWANG,20FT,0,0,0,0,41,31,0,0
CARRIER_E,2026-08-14 01:00,UIWANG,20FT,0,0,0,0,41,31,0,0
CARRIER_E,2026-08-14 02:00,UIWANG,20FT,0,0,0,0,41,31,0,0
CARRIER_E,2026-08-14 03:00,UIWANG,20FT,0,0,0,0,41,31,0,0
CARRIER_E,2026-08-14 04:00,UIWANG,20FT,0,0,0,0,41,31,0,0
CARRIER_E,2026-08-14 05:00,UIWANG,20FT,0,0,0,0,41,31,0,0
CARRIER_E,2026-08-14 06:00,UIWANG,20FT,0,0,0,0,41,31,0,0
CARRIER_E,2026-08-14 07:00,UIWANG,20FT,0,0,0,0,41,31,0,0
CARRIER_E,2026-08-14 08:00,UIWANG,20FT,0,0,0,0,41,31,0,0
CARRIER_E,2026-08-14 09:00,UIWANG,20FT,0,0,0,0,41,31,0,0
CARRIER_E,2026-08-14 10:00,UIWANG,20FT,0,1,0,0,42,32,0,0
CARRIER_E,2026-08-14 11:00,UIWANG,20FT,0,1,0,0,43,33,0,0
CARRIER_E,2026-08-14 12:00,UIWANG,20FT,0,0,0,0,43,33,0,0
CARRIER_E,2026-08-14 13:00,UIWANG,20FT,0,0,0,0,43,33,0,0
CARRIER_E,2026-08-14 14:00,UIWANG,20FT,1,1,0,0,43,33,0,0
CARRIER_E,2026-08-14 15:00,UIWANG,20FT,0,1,0,0,44,34,0,0
CARRIER_E,2026-08-14 16:00,UIWANG,20FT,0,0,0,0,44,34,0,0
CARRIER_E,2026-08-14 17:00,UIWANG,20FT,0,2,0,0,46,36,0,0
CARRIER_E,2026-08-14 18:00,UIWANG,20FT,0,0,0,0,46,36,0,0
CARRIER_E,2026-08-14 19:00,UIWANG,20FT,0,1,0,0,47,37,0,0
CARRIER_E,2026-08-14 20:00,UIWANG,20FT,0,0,0,0,47,37,0,0
CARRIER_E,2026-08-14 21:00,UIWANG,20FT,0,0,0,0,47,37,0,0
CARRIER_E,2026-08-14 22:00,UIWANG,20FT,0,0,0,0,47,37,0,0
CARRIER_E,2026-08-14 23:00,UIWANG,20FT,0,0,0,0,47,37,0,0
CARRIER_E,2026-08-15 00:00,UIWANG,20FT,0,0,0,0,47,37,0,0
CARRIER_E,2026-08-15 01:00,UIWANG,20FT,0,0,0,0,47,37,0,0
CARRIER_E,2026-08-15 02:00,UIWANG,20FT,0,0,0,0,47,37,0,0
CARRIER_E,2026-08-15 03:00,UIWANG,20FT,0,0,0,0,47,37,0,0
CARRIER_E,2026-08-15 04:00,UIWANG,20FT,0,0,0,0,47,37,0,0
CARRIER_E,2026-08-15 05:00,UIWANG,20FT,0,0,0,0,47,37,0,0
CARRIER_E,2026-08-15 06:00,UIWANG,20FT,0,1,0,0,48,38,0,0
CARRIER_E,2026-08-15 07:00,UIWANG,20FT,0,0,0,0,48,38,0,0
CARRIER_E,2026-08-15 08:00,UIWANG,20FT,0,0,0,0,48,38,0,0
CARRIER_E,2026-08-15 09:00,UIWANG,20FT,0,1,0,0,49,39,0,0
CARRIER_E,2026-08-15 10:00,UIWANG,20FT,0,0,0,0,49,39,0,0
CARRIER_E,2026-08-15 11:00,UIWANG,20FT,1,0,0,0,48,38,0,0
CARRIER_E,2026-08-15 12:00,UIWANG,20FT,0,0,0,0,48,38,0,0
CARRIER_E,2026-08-15 13:00,UIWANG,20FT,0,1,0,0,49,39,0,0
CARRIER_E,2026-08-15 14:00,UIWANG,20FT,0,1,0,0,50,40,0,0
CARRIER_E,2026-08-15 15:00,UIWANG,20FT,0,1,0,0,51,41,0,0
CARRIER_E,2026-08-15 16:00,UIWANG,20FT,0,0,0,0,51,41,0,0
CARRIER_E,2026-08-15 17:00,UIWANG,20FT,0,1,0,0,52,42,0,0
CARRIER_E,2026-08-15 18:00,UIWANG,20FT,1,0,0,0,51,41,0,0
CARRIER_E,2026-08-15 19:00,UIWANG,20FT,0,1,0,0,52,42,0,0
CARRIER_E,2026-08-15 20:00,UIWANG,20FT,0,0,0,0,52,42,0,0
CARRIER_E,2026-08-15 21:00,UIWANG,20FT,0,1,0,0,53,43,0,0
CARRIER_E,2026-08-15 22:00,UIWANG,20FT,0,0,0,0,53,43,0,0
CARRIER_E,2026-08-15 23:00,UIWANG,20FT,0,0,0,0,53,43,0,0
CARRIER_E,2026-08-16 00:00,UIWANG,20FT,0,0,0,0,53,43,0,0
CARRIER_E,2026-08-16 01:00,UIWANG,20FT,0,0,0,0,53,43,0,0
CARRIER_E,2026-08-16 02:00,UIWANG,20FT,0,0,0,0,53,43,0,0
CARRIER_E,2026-08-16 03:00,UIWANG,20FT,0,0,0,0,53,43,0,0
CARRIER_E,2026-08-16 04:00,UIWANG,20FT,0,0,0,0,53,43,0,0
CARRIER_E,2026-08-16 05:00,UIWANG,20FT,0,0,0,0,53,43,0,0
CARRIER_E,2026-08-16 06:00,UIWANG,20FT,0,0,0,0,53,43,0,0
CARRIER_E,2026-08-16 07:00,UIWANG,20FT,0,0,0,0,53,43,0,0
CARRIER_E,2026-08-16 08:00,UIWANG,20FT,0,0,0,0,53,43,0,0
CARRIER_E,2026-08-16 09:00,UIWANG,20FT,0,1,0,0,54,44,0,0
CARRIER_E,2026-08-16 10:00,UIWANG,20FT,0,1,0,0,55,45,0,0
CARRIER_E,2026-08-16 11:00,UIWANG,20FT,1,0,0,0,54,44,0,0
CARRIER_E,2026-08-16 12:00,UIWANG,20FT,0,0,0,0,54,44,0,0
CARRIER_E,2026-08-16 13:00,UIWANG,20FT,0,1,0,0,55,45,0,0
CARRIER_E,2026-08-16 14:00,UIWANG,20FT,0,1,0,0,56,46,0,0
CARRIER_E,2026-08-16 15:00,UIWANG,20FT,0,1,0,0,57,47,0,0
CARRIER_E,2026-08-16 16:00,UIWANG,20FT,0,1,0,0,58,48,0,0
CARRIER_E,2026-08-16 17:00,UIWANG,20FT,0,1,0,0,59,49,0,0
CARRIER_E,2026-08-16 18:00,UIWANG,20FT,0,1,0,0,60,50,0,0
CARRIER_E,2026-08-16 19:00,UIWANG,20FT,0,0,0,0,60,50,0,0
CARRIER_E,2026-08-16 20:00,UIWANG,20FT,0,0,0,0,60,50,0,0
CARRIER_E,2026-08-16 21:00,UIWANG,20FT,0,0,0,0,60,50,0,0
CARRIER_E,2026-08-16 22:00,UIWANG,20FT,0,0,0,0,60,50,0,0
CARRIER_E,2026-08-16 23:00,UIWANG,20FT,0,0,0,0,60,50,0,0
CARRIER_E,2026-08-10 00:00,UIWANG,40FT,0,0,0,0,2,2,0,0
CARRIER_E,2026-08-10 01:00,UIWANG,40FT,0,0,0,0,2,2,0,0
CARRIER_E,2026-08-10 02:00,UIWANG,40FT,0,0,0,0,2,2,0,0
CARRIER_E,2026-08-10 03:00,UIWANG,40FT,0,0,0,1,2,1,0,0
CARRIER_E,2026-08-10 04:00,UIWANG,40FT,0,0,0,0,2,1,0,0
CARRIER_E,2026-08-10 05:00,UIWANG,40FT,0,0,0,0,2,1,0,0
CARRIER_E,2026-08-10 06:00,UIWANG,40FT,0,0,0,0,2,1,0,0
CARRIER_E,2026-08-10 07:00,UIWANG,40FT,0,0,0,0,2,1,0,0
CARRIER_E,2026-08-10 08:00,UIWANG,40FT,0,0,0,0,2,1,0,0
CARRIER_E,2026-08-10 09:00,UIWANG,40FT,0,0,0,0,2,1,0,0
CARRIER_E,2026-08-10 10:00,UIWANG,40FT,0,0,0,0,2,1,0,0
CARRIER_E,2026-08-10 11:00,UIWANG,40FT,0,0,0,0,2,1,0,0
CARRIER_E,2026-08-10 12:00,UIWANG,40FT,0,0,0,0,2,1,0,0
CARRIER_E,2026-08-10 13:00,UIWANG,40FT,0,0,0,0,2,1,0,0
CARRIER_E,2026-08-10 14:00,UIWANG,40FT,0,0,0,0,2,1,0,0
CARRIER_E,2026-08-10 15:00,UIWANG,40FT,0,0,0,0,2,1,0,0
CARRIER_E,2026-08-10 16:00,UIWANG,40FT,0,1,0,0,3,2,0,0
CARRIER_E,2026-08-10 17:00,UIWANG,40FT,0,0,0,0,3,2,0,0
CARRIER_E,2026-08-10 18:00,UIWANG,40FT,0,0,0,0,3,2,0,0
CARRIER_E,2026-08-10 19:00,UIWANG,40FT,0,0,0,0,3,2,0,0
CARRIER_E,2026-08-10 20:00,UIWANG,40FT,0,0,0,0,3,2,0,0
CARRIER_E,2026-08-10 21:00,UIWANG,40FT,0,0,0,0,3,2,0,0
CARRIER_E,2026-08-10 22:00,UIWANG,40FT,0,0,0,0,3,2,0,0
CARRIER_E,2026-08-10 23:00,UIWANG,40FT,0,0,0,0,3,2,0,0
CARRIER_E,2026-08-11 00:00,UIWANG,40FT,0,0,0,0,3,2,0,0
CARRIER_E,2026-08-11 01:00,UIWANG,40FT,0,0,0,0,3,2,0,0
CARRIER_E,2026-08-11 02:00,UIWANG,40FT,0,0,0,0,3,2,0,0
CARRIER_E,2026-08-11 03:00,UIWANG,40FT,0,0,0,0,3,2,0,0
CARRIER_E,2026-08-11 04:00,UIWANG,40FT,0,0,0,0,3,2,0,0
CARRIER_E,2026-08-11 05:00,UIWANG,40FT,0,0,0,0,3,2,0,0
CARRIER_E,2026-08-11 06:00,UIWANG,40FT,0,0,0,0,3,2,0,0
CARRIER_E,2026-08-11 07:00,UIWANG,40FT,0,0,0,0,3,2,0,0
CARRIER_E,2026-08-11 08:00,UIWANG,40FT,0,0,0,0,3,2,0,0
CARRIER_E,2026-08-11 09:00,UIWANG,40FT,1,0,0,0,2,1,0,0
CARRIER_E,2026-08-11 10:00,UIWANG,40FT,0,0,0,0,2,1,0,0
CARRIER_E,2026-08-11 11:00,UIWANG,40FT,0,0,0,0,2,1,0,0
CARRIER_E,2026-08-11 12:00,UIWANG,40FT,0,0,0,0,2,1,0,0
CARRIER_E,2026-08-11 13:00,UIWANG,40FT,0,0,0,0,2,1,0,0
CARRIER_E,2026-08-11 14:00,UIWANG,40FT,0,0,0,0,2,1,0,0
CARRIER_E,2026-08-11 15:00,UIWANG,40FT,0,0,0,0,2,1,0,0
CARRIER_E,2026-08-11 16:00,UIWANG,40FT,0,1,0,0,3,2,0,0
CARRIER_E,2026-08-11 17:00,UIWANG,40FT,0,0,0,0,3,2,0,0
CARRIER_E,2026-08-11 18:00,UIWANG,40FT,0,0,0,0,3,2,0,0
CARRIER_E,2026-08-11 19:00,UIWANG,40FT,0,0,0,0,3,2,0,0
CARRIER_E,2026-08-11 20:00,UIWANG,40FT,0,0,0,0,3,2,0,0
CARRIER_E,2026-08-11 21:00,UIWANG,40FT,0,0,0,0,3,2,0,0
CARRIER_E,2026-08-11 22:00,UIWANG,40FT,0,0,0,0,3,2,0,0
CARRIER_E,2026-08-11 23:00,UIWANG,40FT,0,0,0,0,3,2,0,0
CARRIER_E,2026-08-12 00:00,UIWANG,40FT,0,0,0,0,3,2,0,0
CARRIER_E,2026-08-12 01:00,UIWANG,40FT,0,0,0,0,3,2,0,0
CARRIER_E,2026-08-12 02:00,UIWANG,40FT,0,0,0,0,3,2,0,0
CARRIER_E,2026-08-12 03:00,UIWANG,40FT,0,0,0,0,3,2,0,0
CARRIER_E,2026-08-12 04:00,UIWANG,40FT,0,0,0,0,3,2,0,0
CARRIER_E,2026-08-12 05:00,UIWANG,40FT,0,0,0,0,3,2,0,0
CARRIER_E,2026-08-12 06:00,UIWANG,40FT,0,0,0,0,3,2,0,0
CARRIER_E,2026-08-12 07:00,UIWANG,40FT,0,0,0,0,3,2,0,0
CARRIER_E,2026-08-12 08:00,UIWANG,40FT,0,0,0,0,3,2,0,0
CARRIER_E,2026-08-12 09:00,UIWANG,40FT,0,0,0,0,3,2,0,0
CARRIER_E,2026-08-12 10:00,UIWANG,40FT,0,0,0,0,3,2,0,0
CARRIER_E,2026-08-12 11:00,UIWANG,40FT,0,0,0,0,3,2,0,0
CARRIER_E,2026-08-12 12:00,UIWANG,40FT,0,0,0,0,3,2,0,0
CARRIER_E,2026-08-12 13:00,UIWANG,40FT,0,0,0,0,3,2,0,0
CARRIER_E,2026-08-12 14:00,UIWANG,40FT,0,1,0,0,4,3,0,0
CARRIER_E,2026-08-12 15:00,UIWANG,40FT,0,0,0,0,4,3,0,0
CARRIER_E,2026-08-12 16:00,UIWANG,40FT,0,0,0,0,4,3,0,0
CARRIER_E,2026-08-12 17:00,UIWANG,40FT,0,1,0,0,5,4,0,0
CARRIER_E,2026-08-12 18:00,UIWANG,40FT,0,0,0,0,5,4,0,0
CARRIER_E,2026-08-12 19:00,UIWANG,40FT,0,0,0,0,5,4,0,0
CARRIER_E,2026-08-12 20:00,UIWANG,40FT,0,0,0,0,5,4,0,0
CARRIER_E,2026-08-12 21:00,UIWANG,40FT,0,0,0,0,5,4,0,0
CARRIER_E,2026-08-12 22:00,UIWANG,40FT,0,0,0,0,5,4,0,0
CARRIER_E,2026-08-12 23:00,UIWANG,40FT,0,0,0,0,5,4,0,0
CARRIER_E,2026-08-13 00:00,UIWANG,40FT,0,0,0,0,5,4,0,0
CARRIER_E,2026-08-13 01:00,UIWANG,40FT,0,0,0,0,5,4,0,0
CARRIER_E,2026-08-13 02:00,UIWANG,40FT,0,0,0,0,5,4,0,0
CARRIER_E,2026-08-13 03:00,UIWANG,40FT,0,0,0,0,5,4,0,0
CARRIER_E,2026-08-13 04:00,UIWANG,40FT,0,0,0,0,5,4,0,0
CARRIER_E,2026-08-13 05:00,UIWANG,40FT,0,0,0,0,5,4,0,0
CARRIER_E,2026-08-13 06:00,UIWANG,40FT,0,0,0,0,5,4,0,0
CARRIER_E,2026-08-13 07:00,UIWANG,40FT,0,0,0,0,5,4,0,0
CARRIER_E,2026-08-13 08:00,UIWANG,40FT,0,0,0,0,5,4,0,0
CARRIER_E,2026-08-13 09:00,UIWANG,40FT,0,0,0,0,5,4,0,0
CARRIER_E,2026-08-13 10:00,UIWANG,40FT,0,0,0,0,5,4,0,0
CARRIER_E,2026-08-13 11:00,UIWANG,40FT,0,0,0,0,5,4,0,0
CARRIER_E,2026-08-13 12:00,UIWANG,40FT,0,0,0,0,5,4,0,0
CARRIER_E,2026-08-13 13:00,UIWANG,40FT,0,0,0,0,5,4,0,0
CARRIER_E,2026-08-13 14:00,UIWANG,40FT,0,0,0,0,5,4,0,0
CARRIER_E,2026-08-13 15:00,UIWANG,40FT,0,0,0,0,5,4,0,0
CARRIER_E,2026-08-13 16:00,UIWANG,40FT,0,0,0,0,5,4,0,0
CARRIER_E,2026-08-13 17:00,UIWANG,40FT,0,0,0,0,5,4,0,0
CARRIER_E,2026-08-13 18:00,UIWANG,40FT,0,0,0,0,5,4,0,0
CARRIER_E,2026-08-13 19:00,UIWANG,40FT,0,0,0,0,5,4,0,0
CARRIER_E,2026-08-13 20:00,UIWANG,40FT,0,0,0,0,5,4,0,0
CARRIER_E,2026-08-13 21:00,UIWANG,40FT,0,0,0,0,5,4,0,0
CARRIER_E,2026-08-13 22:00,UIWANG,40FT,0,0,0,0,5,4,0,0
CARRIER_E,2026-08-13 23:00,UIWANG,40FT,0,0,0,0,5,4,0,0
CARRIER_E,2026-08-14 00:00,UIWANG,40FT,0,0,0,0,5,4,0,0
CARRIER_E,2026-08-14 01:00,UIWANG,40FT,0,0,0,0,5,4,0,0
CARRIER_E,2026-08-14 02:00,UIWANG,40FT,0,0,0,0,5,4,0,0
CARRIER_E,2026-08-14 03:00,UIWANG,40FT,0,0,0,0,5,4,0,0
CARRIER_E,2026-08-14 04:00,UIWANG,40FT,0,0,0,0,5,4,0,0
CARRIER_E,2026-08-14 05:00,UIWANG,40FT,0,0,0,0,5,4,0,0
CARRIER_E,2026-08-14 06:00,UIWANG,40FT,0,0,0,0,5,4,0,0
CARRIER_E,2026-08-14 07:00,UIWANG,40FT,0,0,0,0,5,4,0,0
CARRIER_E,2026-08-14 08:00,UIWANG,40FT,0,0,0,0,5,4,0,0
CARRIER_E,2026-08-14 09:00,UIWANG,40FT,0,0,0,0,5,4,0,0
CARRIER_E,2026-08-14 10:00,UIWANG,40FT,0,0,0,0,5,4,0,0
CARRIER_E,2026-08-14 11:00,UIWANG,40FT,0,0,0,0,5,4,0,0
CARRIER_E,2026-08-14 12:00,UIWANG,40FT,0,0,0,0,5,4,0,0
CARRIER_E,2026-08-14 13:00,UIWANG,40FT,0,0,0,0,5,4,0,0
CARRIER_E,2026-08-14 14:00,UIWANG,40FT,0,1,0,0,6,5,0,0
CARRIER_E,2026-08-14 15:00,UIWANG,40FT,0,0,0,0,6,5,0,0
CARRIER_E,2026-08-14 16:00,UIWANG,40FT,0,0,0,0,6,5,0,0
CARRIER_E,2026-08-14 17:00,UIWANG,40FT,0,0,0,0,6,5,0,0
CARRIER_E,2026-08-14 18:00,UIWANG,40FT,0,0,0,0,6,5,0,0
CARRIER_E,2026-08-14 19:00,UIWANG,40FT,0,0,0,0,6,5,0,0
CARRIER_E,2026-08-14 20:00,UIWANG,40FT,0,0,0,0,6,5,0,0
CARRIER_E,2026-08-14 21:00,UIWANG,40FT,0,0,0,0,6,5,0,0
CARRIER_E,2026-08-14 22:00,UIWANG,40FT,0,0,0,0,6,5,0,0
CARRIER_E,2026-08-14 23:00,UIWANG,40FT,0,0,0,0,6,5,0,0
CARRIER_E,2026-08-15 00:00,UIWANG,40FT,0,0,0,0,6,5,0,0
CARRIER_E,2026-08-15 01:00,UIWANG,40FT,0,0,0,0,6,5,0,0
CARRIER_E,2026-08-15 02:00,UIWANG,40FT,0,0,0,0,6,5,0,0
CARRIER_E,2026-08-15 03:00,UIWANG,40FT,0,0,0,0,6,5,0,0
CARRIER_E,2026-08-15 04:00,UIWANG,40FT,0,0,0,0,6,5,0,0
CARRIER_E,2026-08-15 05:00,UIWANG,40FT,0,0,0,0,6,5,0,0
CARRIER_E,2026-08-15 06:00,UIWANG,40FT,0,0,0,0,6,5,0,0
CARRIER_E,2026-08-15 07:00,UIWANG,40FT,0,0,0,0,6,5,0,0
CARRIER_E,2026-08-15 08:00,UIWANG,40FT,0,0,0,0,6,5,0,0
CARRIER_E,2026-08-15 09:00,UIWANG,40FT,0,0,0,0,6,5,0,0
CARRIER_E,2026-08-15 10:00,UIWANG,40FT,0,0,0,0,6,5,0,0
CARRIER_E,2026-08-15 11:00,UIWANG,40FT,0,0,0,0,6,5,0,0
CARRIER_E,2026-08-15 12:00,UIWANG,40FT,1,0,0,0,5,4,0,0
CARRIER_E,2026-08-15 13:00,UIWANG,40FT,0,0,0,0,5,4,0,0
CARRIER_E,2026-08-15 14:00,UIWANG,40FT,0,0,0,0,5,4,0,0
CARRIER_E,2026-08-15 15:00,UIWANG,40FT,0,0,0,0,5,4,0,0
CARRIER_E,2026-08-15 16:00,UIWANG,40FT,0,0,0,0,5,4,0,0
CARRIER_E,2026-08-15 17:00,UIWANG,40FT,0,0,0,0,5,4,0,0
CARRIER_E,2026-08-15 18:00,UIWANG,40FT,0,0,0,0,5,4,0,0
CARRIER_E,2026-08-15 19:00,UIWANG,40FT,0,0,0,0,5,4,0,0
CARRIER_E,2026-08-15 20:00,UIWANG,40FT,0,0,0,0,5,4,0,0
CARRIER_E,2026-08-15 21:00,UIWANG,40FT,0,0,0,0,5,4,0,0
CARRIER_E,2026-08-15 22:00,UIWANG,40FT,0,0,0,0,5,4,0,0
CARRIER_E,2026-08-15 23:00,UIWANG,40FT,0,0,0,0,5,4,0,0
CARRIER_E,2026-08-16 00:00,UIWANG,40FT,0,0,0,0,5,4,0,0
CARRIER_E,2026-08-16 01:00,UIWANG,40FT,0,0,0,0,5,4,0,0
CARRIER_E,2026-08-16 02:00,UIWANG,40FT,0,0,0,0,5,4,0,0
CARRIER_E,2026-08-16 03:00,UIWANG,40FT,0,0,0,0,5,4,0,0
CARRIER_E,2026-08-16 04:00,UIWANG,40FT,0,0,0,0,5,4,0,0
CARRIER_E,2026-08-16 05:00,UIWANG,40FT,0,0,0,0,5,4,0,0
CARRIER_E,2026-08-16 06:00,UIWANG,40FT,0,0,0,0,5,4,0,0
CARRIER_E,2026-08-16 07:00,UIWANG,40FT,0,0,0,0,5,4,0,0
CARRIER_E,2026-08-16 08:00,UIWANG,40FT,0,0,0,0,5,4,0,0
CARRIER_E,2026-08-16 09:00,UIWANG,40FT,0,1,0,0,6,5,0,0
CARRIER_E,2026-08-16 10:00,UIWANG,40FT,0,0,0,0,6,5,0,0
CARRIER_E,2026-08-16 11:00,UIWANG,40FT,0,0,0,0,6,5,0,0
CARRIER_E,2026-08-16 12:00,UIWANG,40FT,0,0,0,0,6,5,0,0
CARRIER_E,2026-08-16 13:00,UIWANG,40FT,0,0,0,0,6,5,0,0
CARRIER_E,2026-08-16 14:00,UIWANG,40FT,0,0,0,0,6,5,0,0
CARRIER_E,2026-08-16 15:00,UIWANG,40FT,0,0,0,0,6,5,0,0
CARRIER_E,2026-08-16 16:00,UIWANG,40FT,0,0,0,0,6,5,0,0
CARRIER_E,2026-08-16 17:00,UIWANG,40FT,0,0,0,0,6,5,0,0
CARRIER_E,2026-08-16 18:00,UIWANG,40FT,0,0,0,0,6,5,0,0
CARRIER_E,2026-08-16 19:00,UIWANG,40FT,0,0,0,0,6,5,0,0
CARRIER_E,2026-08-16 20:00,UIWANG,40FT,0,0,0,0,6,5,0,0
CARRIER_E,2026-08-16 21:00,UIWANG,40FT,0,0,0,0,6,5,0,0
CARRIER_E,2026-08-16 22:00,UIWANG,40FT,0,0,0,0,6,5,0,0
CARRIER_E,2026-08-16 23:00,UIWANG,40FT,0,0,0,0,6,5,0,0
CARRIER_E,2026-08-10 00:00,YAKMOK,20FT,0,0,0,0,4,4,0,0
CARRIER_E,2026-08-10 01:00,YAKMOK,20FT,0,0,0,0,4,4,0,0
CARRIER_E,2026-08-10 02:00,YAKMOK,20FT,0,0,0,0,4,4,0,0
CARRIER_E,2026-08-10 03:00,YAKMOK,20FT,0,0,0,0,4,4,0,0
CARRIER_E,2026-08-10 04:00,YAKMOK,20FT,0,0,0,0,4,4,0,0
CARRIER_E,2026-08-10 05:00,YAKMOK,20FT,0,0,0,0,4,4,0,0
CARRIER_E,2026-08-10 06:00,YAKMOK,20FT,0,0,0,0,4,4,0,0
CARRIER_E,2026-08-10 07:00,YAKMOK,20FT,0,0,0,0,4,4,0,0
CARRIER_E,2026-08-10 08:00,YAKMOK,20FT,1,0,0,0,3,3,0,0
CARRIER_E,2026-08-10 09:00,YAKMOK,20FT,0,0,0,0,3,3,0,0
CARRIER_E,2026-08-10 10:00,YAKMOK,20FT,0,0,0,0,3,3,0,0
CARRIER_E,2026-08-10 11:00,YAKMOK,20FT,1,0,0,0,2,2,0,0
CARRIER_E,2026-08-10 12:00,YAKMOK,20FT,0,0,0,0,2,2,0,0
CARRIER_E,2026-08-10 13:00,YAKMOK,20FT,0,1,0,0,3,3,0,0
CARRIER_E,2026-08-10 14:00,YAKMOK,20FT,1,0,0,0,2,2,0,0
CARRIER_E,2026-08-10 15:00,YAKMOK,20FT,0,0,0,0,2,2,0,0
CARRIER_E,2026-08-10 16:00,YAKMOK,20FT,0,0,5,0,2,7,0,0
CARRIER_E,2026-08-10 17:00,YAKMOK,20FT,1,0,0,0,1,6,0,0
CARRIER_E,2026-08-10 18:00,YAKMOK,20FT,0,0,0,0,1,6,0,0
CARRIER_E,2026-08-10 19:00,YAKMOK,20FT,0,0,0,0,1,6,0,0
CARRIER_E,2026-08-10 20:00,YAKMOK,20FT,0,0,0,0,1,6,0,0
CARRIER_E,2026-08-10 21:00,YAKMOK,20FT,0,0,0,0,1,6,0,0
CARRIER_E,2026-08-10 22:00,YAKMOK,20FT,0,0,0,0,1,6,0,0
CARRIER_E,2026-08-10 23:00,YAKMOK,20FT,0,0,0,0,1,6,0,0
CARRIER_E,2026-08-11 00:00,YAKMOK,20FT,0,0,0,0,1,6,0,0
CARRIER_E,2026-08-11 01:00,YAKMOK,20FT,0,0,0,0,1,6,0,0
CARRIER_E,2026-08-11 02:00,YAKMOK,20FT,0,0,0,0,1,6,0,0
CARRIER_E,2026-08-11 03:00,YAKMOK,20FT,0,0,0,0,1,6,0,0
CARRIER_E,2026-08-11 04:00,YAKMOK,20FT,0,0,0,0,1,6,0,0
CARRIER_E,2026-08-11 05:00,YAKMOK,20FT,0,0,0,0,1,6,0,0
CARRIER_E,2026-08-11 06:00,YAKMOK,20FT,0,0,0,0,1,6,0,0
CARRIER_E,2026-08-11 07:00,YAKMOK,20FT,0,0,0,0,1,6,0,0
CARRIER_E,2026-08-11 08:00,YAKMOK,20FT,0,0,0,0,1,6,0,0
CARRIER_E,2026-08-11 09:00,YAKMOK,20FT,1,0,0,0,0,5,0,0
CARRIER_E,2026-08-11 10:00,YAKMOK,20FT,0,0,0,0,0,5,0,0
CARRIER_E,2026-08-11 11:00,YAKMOK,20FT,1,0,0,0,0,4,1,0
CARRIER_E,2026-08-11 12:00,YAKMOK,20FT,0,0,0,0,0,4,0,0
CARRIER_E,2026-08-11 13:00,YAKMOK,20FT,0,0,0,0,0,4,0,0
CARRIER_E,2026-08-11 14:00,YAKMOK,20FT,0,1,0,0,1,5,0,0
CARRIER_E,2026-08-11 15:00,YAKMOK,20FT,0,0,0,0,1,5,0,0
CARRIER_E,2026-08-11 16:00,YAKMOK,20FT,1,0,0,0,0,4,0,0
CARRIER_E,2026-08-11 17:00,YAKMOK,20FT,0,0,0,0,0,4,0,0
CARRIER_E,2026-08-11 18:00,YAKMOK,20FT,0,0,0,0,0,4,0,0
CARRIER_E,2026-08-11 19:00,YAKMOK,20FT,0,0,0,0,0,4,0,0
CARRIER_E,2026-08-11 20:00,YAKMOK,20FT,0,0,0,0,0,4,0,0
CARRIER_E,2026-08-11 21:00,YAKMOK,20FT,0,0,0,0,0,4,0,0
CARRIER_E,2026-08-11 22:00,YAKMOK,20FT,0,0,0,0,0,4,0,0
CARRIER_E,2026-08-11 23:00,YAKMOK,20FT,0,0,0,0,0,4,0,0
CARRIER_E,2026-08-12 00:00,YAKMOK,20FT,0,0,0,0,0,4,0,0
CARRIER_E,2026-08-12 01:00,YAKMOK,20FT,0,0,0,0,0,4,0,0
CARRIER_E,2026-08-12 02:00,YAKMOK,20FT,0,0,0,0,0,4,0,0
CARRIER_E,2026-08-12 03:00,YAKMOK,20FT,0,0,0,0,0,4,0,0
CARRIER_E,2026-08-12 04:00,YAKMOK,20FT,0,0,0,0,0,4,0,0
CARRIER_E,2026-08-12 05:00,YAKMOK,20FT,0,0,0,0,0,4,0,0
CARRIER_E,2026-08-12 06:00,YAKMOK,20FT,0,0,0,0,0,4,0,0
CARRIER_E,2026-08-12 07:00,YAKMOK,20FT,0,0,0,0,0,4,0,0
CARRIER_E,2026-08-12 08:00,YAKMOK,20FT,1,1,0,0,0,4,0,0
CARRIER_E,2026-08-12 09:00,YAKMOK,20FT,0,0,0,0,0,4,0,0
CARRIER_E,2026-08-12 10:00,YAKMOK,20FT,0,0,0,0,0,4,0,0
CARRIER_E,2026-08-12 11:00,YAKMOK,20FT,0,0,0,0,0,4,0,0
CARRIER_E,2026-08-12 12:00,YAKMOK,20FT,0,0,0,0,0,4,0,0
CARRIER_E,2026-08-12 13:00,YAKMOK,20FT,1,0,0,0,0,3,1,0
CARRIER_E,2026-08-12 14:00,YAKMOK,20FT,0,0,0,0,0,3,0,0
CARRIER_E,2026-08-12 15:00,YAKMOK,20FT,0,1,0,0,1,4,0,0
CARRIER_E,2026-08-12 16:00,YAKMOK,20FT,1,0,0,0,0,3,0,0
CARRIER_E,2026-08-12 17:00,YAKMOK,20FT,0,0,0,0,0,3,0,0
CARRIER_E,2026-08-12 18:00,YAKMOK,20FT,0,0,0,0,0,3,0,0
CARRIER_E,2026-08-12 19:00,YAKMOK,20FT,0,0,0,0,0,3,0,0
CARRIER_E,2026-08-12 20:00,YAKMOK,20FT,0,0,0,0,0,3,0,0
CARRIER_E,2026-08-12 21:00,YAKMOK,20FT,0,0,0,0,0,3,0,0
CARRIER_E,2026-08-12 22:00,YAKMOK,20FT,0,0,0,0,0,3,0,0
CARRIER_E,2026-08-12 23:00,YAKMOK,20FT,0,0,0,0,0,3,0,0
CARRIER_E,2026-08-13 00:00,YAKMOK,20FT,0,0,0,0,0,3,0,0
CARRIER_E,2026-08-13 01:00,YAKMOK,20FT,0,0,0,0,0,3,0,0
CARRIER_E,2026-08-13 02:00,YAKMOK,20FT,0,0,0,0,0,3,0,0
CARRIER_E,2026-08-13 03:00,YAKMOK,20FT,0,0,0,0,0,3,0,0
CARRIER_E,2026-08-13 04:00,YAKMOK,20FT,0,0,0,0,0,3,0,0
CARRIER_E,2026-08-13 05:00,YAKMOK,20FT,0,0,0,0,0,3,0,0
CARRIER_E,2026-08-13 06:00,YAKMOK,20FT,1,0,0,0,0,2,1,0
CARRIER_E,2026-08-13 07:00,YAKMOK,20FT,0,0,0,0,0,2,0,0
CARRIER_E,2026-08-13 08:00,YAKMOK,20FT,0,0,0,0,0,2,0,0
CARRIER_E,2026-08-13 09:00,YAKMOK,20FT,0,0,0,0,0,2,0,0
CARRIER_E,2026-08-13 10:00,YAKMOK,20FT,1,0,0,0,0,1,1,0
CARRIER_E,2026-08-13 11:00,YAKMOK,20FT,0,1,0,0,1,2,0,0
CARRIER_E,2026-08-13 12:00,YAKMOK,20FT,0,0,0,0,1,2,0,0
CARRIER_E,2026-08-13 13:00,YAKMOK,20FT,1,0,0,0,0,1,0,0
CARRIER_E,2026-08-13 14:00,YAKMOK,20FT,0,0,0,0,0,1,0,0
CARRIER_E,2026-08-13 15:00,YAKMOK,20FT,0,0,0,0,0,1,0,0
CARRIER_E,2026-08-13 16:00,YAKMOK,20FT,1,0,0,0,0,0,1,0
CARRIER_E,2026-08-13 17:00,YAKMOK,20FT,0,0,0,0,0,0,0,0
CARRIER_E,2026-08-13 18:00,YAKMOK,20FT,1,0,0,0,0,0,1,1
CARRIER_E,2026-08-13 19:00,YAKMOK,20FT,0,0,0,0,0,0,0,0
CARRIER_E,2026-08-13 20:00,YAKMOK,20FT,0,0,0,0,0,0,0,0
CARRIER_E,2026-08-13 21:00,YAKMOK,20FT,0,0,0,0,0,0,0,0
CARRIER_E,2026-08-13 22:00,YAKMOK,20FT,0,0,0,0,0,0,0,0
CARRIER_E,2026-08-13 23:00,YAKMOK,20FT,0,0,0,0,0,0,0,0
CARRIER_E,2026-08-14 00:00,YAKMOK,20FT,0,0,0,0,0,0,0,0
CARRIER_E,2026-08-14 01:00,YAKMOK,20FT,0,0,0,0,0,0,0,0
CARRIER_E,2026-08-14 02:00,YAKMOK,20FT,0,0,0,0,0,0,0,0
CARRIER_E,2026-08-14 03:00,YAKMOK,20FT,0,0,0,0,0,0,0,0
CARRIER_E,2026-08-14 04:00,YAKMOK,20FT,0,0,0,0,0,0,0,0
CARRIER_E,2026-08-14 05:00,YAKMOK,20FT,0,0,0,0,0,0,0,0
CARRIER_E,2026-08-14 06:00,YAKMOK,20FT,0,0,0,0,0,0,0,0
CARRIER_E,2026-08-14 07:00,YAKMOK,20FT,0,0,0,0,0,0,0,0
CARRIER_E,2026-08-14 08:00,YAKMOK,20FT,0,0,0,0,0,0,0,0
CARRIER_E,2026-08-14 09:00,YAKMOK,20FT,0,0,0,0,0,0,0,0
CARRIER_E,2026-08-14 10:00,YAKMOK,20FT,1,0,0,0,0,0,1,1
CARRIER_E,2026-08-14 11:00,YAKMOK,20FT,0,0,0,0,0,0,0,0
CARRIER_E,2026-08-14 12:00,YAKMOK,20FT,0,1,0,0,1,1,0,0
CARRIER_E,2026-08-14 13:00,YAKMOK,20FT,0,0,0,0,1,1,0,0
CARRIER_E,2026-08-14 14:00,YAKMOK,20FT,1,0,0,0,0,0,0,0
CARRIER_E,2026-08-14 15:00,YAKMOK,20FT,0,0,0,0,0,0,0,0
CARRIER_E,2026-08-14 16:00,YAKMOK,20FT,0,0,0,0,0,0,0,0
CARRIER_E,2026-08-14 17:00,YAKMOK,20FT,0,0,0,0,0,0,0,0
CARRIER_E,2026-08-14 18:00,YAKMOK,20FT,0,0,0,0,0,0,0,0
CARRIER_E,2026-08-14 19:00,YAKMOK,20FT,0,0,0,0,0,0,0,0
CARRIER_E,2026-08-14 20:00,YAKMOK,20FT,0,0,0,0,0,0,0,0
CARRIER_E,2026-08-14 21:00,YAKMOK,20FT,0,0,0,0,0,0,0,0
CARRIER_E,2026-08-14 22:00,YAKMOK,20FT,0,0,0,0,0,0,0,0
CARRIER_E,2026-08-14 23:00,YAKMOK,20FT,0,0,0,0,0,0,0,0
CARRIER_E,2026-08-15 00:00,YAKMOK,20FT,0,0,0,0,0,0,0,0
CARRIER_E,2026-08-15 01:00,YAKMOK,20FT,0,0,0,0,0,0,0,0
CARRIER_E,2026-08-15 02:00,YAKMOK,20FT,0,0,0,0,0,0,0,0
CARRIER_E,2026-08-15 03:00,YAKMOK,20FT,0,0,0,0,0,0,0,0
CARRIER_E,2026-08-15 04:00,YAKMOK,20FT,0,0,0,0,0,0,0,0
CARRIER_E,2026-08-15 05:00,YAKMOK,20FT,0,0,0,0,0,0,0,0
CARRIER_E,2026-08-15 06:00,YAKMOK,20FT,0,0,0,0,0,0,0,0
CARRIER_E,2026-08-15 07:00,YAKMOK,20FT,1,0,0,0,0,0,1,1
CARRIER_E,2026-08-15 08:00,YAKMOK,20FT,0,0,0,0,0,0,0,0
CARRIER_E,2026-08-15 09:00,YAKMOK,20FT,0,0,0,0,0,0,0,0
CARRIER_E,2026-08-15 10:00,YAKMOK,20FT,0,0,0,0,0,0,0,0
CARRIER_E,2026-08-15 11:00,YAKMOK,20FT,0,0,0,0,0,0,0,0
CARRIER_E,2026-08-15 12:00,YAKMOK,20FT,0,0,0,0,0,0,0,0
CARRIER_E,2026-08-15 13:00,YAKMOK,20FT,0,0,0,0,0,0,0,0
CARRIER_E,2026-08-15 14:00,YAKMOK,20FT,1,0,0,0,0,0,1,1
CARRIER_E,2026-08-15 15:00,YAKMOK,20FT,0,1,0,0,1,1,0,0
CARRIER_E,2026-08-15 16:00,YAKMOK,20FT,0,0,0,0,1,1,0,0
CARRIER_E,2026-08-15 17:00,YAKMOK,20FT,1,0,0,0,0,0,0,0
CARRIER_E,2026-08-15 18:00,YAKMOK,20FT,0,0,0,0,0,0,0,0
CARRIER_E,2026-08-15 19:00,YAKMOK,20FT,0,0,0,0,0,0,0,0
CARRIER_E,2026-08-15 20:00,YAKMOK,20FT,0,0,0,0,0,0,0,0
CARRIER_E,2026-08-15 21:00,YAKMOK,20FT,0,0,0,0,0,0,0,0
CARRIER_E,2026-08-15 22:00,YAKMOK,20FT,0,0,0,0,0,0,0,0
CARRIER_E,2026-08-15 23:00,YAKMOK,20FT,0,0,0,0,0,0,0,0
CARRIER_E,2026-08-16 00:00,YAKMOK,20FT,0,0,0,0,0,0,0,0
CARRIER_E,2026-08-16 01:00,YAKMOK,20FT,0,0,0,0,0,0,0,0
CARRIER_E,2026-08-16 02:00,YAKMOK,20FT,0,0,0,0,0,0,0,0
CARRIER_E,2026-08-16 03:00,YAKMOK,20FT,0,0,0,0,0,0,0,0
CARRIER_E,2026-08-16 04:00,YAKMOK,20FT,0,0,0,0,0,0,0,0
CARRIER_E,2026-08-16 05:00,YAKMOK,20FT,0,0,0,0,0,0,0,0
CARRIER_E,2026-08-16 06:00,YAKMOK,20FT,0,0,0,0,0,0,0,0
CARRIER_E,2026-08-16 07:00,YAKMOK,20FT,0,0,0,0,0,0,0,0
CARRIER_E,2026-08-16 08:00,YAKMOK,20FT,0,0,0,0,0,0,0,0
CARRIER_E,2026-08-16 09:00,YAKMOK,20FT,0,0,0,0,0,0,0,0
CARRIER_E,2026-08-16 10:00,YAKMOK,20FT,0,0,0,0,0,0,0,0
CARRIER_E,2026-08-16 11:00,YAKMOK,20FT,0,1,0,0,1,1,0,0
CARRIER_E,2026-08-16 12:00,YAKMOK,20FT,0,0,0,0,1,1,0,0
CARRIER_E,2026-08-16 13:00,YAKMOK,20FT,0,0,0,0,1,1,0,0
CARRIER_E,2026-08-16 14:00,YAKMOK,20FT,0,0,0,0,1,1,0,0
CARRIER_E,2026-08-16 15:00,YAKMOK,20FT,0,0,0,0,1,1,0,0
CARRIER_E,2026-08-16 16:00,YAKMOK,20FT,0,0,0,0,1,1,0,0
CARRIER_E,2026-08-16 17:00,YAKMOK,20FT,0,0,0,0,1,1,0,0
CARRIER_E,2026-08-16 18:00,YAKMOK,20FT,0,0,0,0,1,1,0,0
CARRIER_E,2026-08-16 19:00,YAKMOK,20FT,1,0,0,0,0,0,0,0
CARRIER_E,2026-08-16 20:00,YAKMOK,20FT,0,0,0,0,0,0,0,0
CARRIER_E,2026-08-16 21:00,YAKMOK,20FT,0,0,0,0,0,0,0,0
CARRIER_E,2026-08-16 22:00,YAKMOK,20FT,0,0,0,0,0,0,0,0
CARRIER_E,2026-08-16 23:00,YAKMOK,20FT,0,0,0,0,0,0,0,0
CARRIER_E,2026-08-10 00:00,YAKMOK,40FT,0,0,0,0,0,0,0,0
CARRIER_E,2026-08-10 01:00,YAKMOK,40FT,0,0,0,0,0,0,0,0
CARRIER_E,2026-08-10 02:00,YAKMOK,40FT,0,0,0,0,0,0,0,0
CARRIER_E,2026-08-10 03:00,YAKMOK,40FT,0,0,0,0,0,0,0,0
CARRIER_E,2026-08-10 04:00,YAKMOK,40FT,0,0,0,0,0,0,0,0
CARRIER_E,2026-08-10 05:00,YAKMOK,40FT,0,0,0,0,0,0,0,0
CARRIER_E,2026-08-10 06:00,YAKMOK,40FT,0,0,0,0,0,0,0,0
CARRIER_E,2026-08-10 07:00,YAKMOK,40FT,0,0,0,0,0,0,0,0
CARRIER_E,2026-08-10 08:00,YAKMOK,40FT,0,0,0,0,0,0,0,0
CARRIER_E,2026-08-10 09:00,YAKMOK,40FT,0,0,0,0,0,0,0,0
CARRIER_E,2026-08-10 10:00,YAKMOK,40FT,0,0,0,0,0,0,0,0
CARRIER_E,2026-08-10 11:00,YAKMOK,40FT,0,0,0,0,0,0,0,0
CARRIER_E,2026-08-10 12:00,YAKMOK,40FT,0,0,0,0,0,0,0,0
CARRIER_E,2026-08-10 13:00,YAKMOK,40FT,0,0,0,0,0,0,0,0
CARRIER_E,2026-08-10 14:00,YAKMOK,40FT,0,0,0,0,0,0,0,0
CARRIER_E,2026-08-10 15:00,YAKMOK,40FT,0,0,0,0,0,0,0,0
CARRIER_E,2026-08-10 16:00,YAKMOK,40FT,0,0,1,0,0,1,0,0
CARRIER_E,2026-08-10 17:00,YAKMOK,40FT,0,0,0,0,0,1,0,0
CARRIER_E,2026-08-10 18:00,YAKMOK,40FT,0,0,0,0,0,1,0,0
CARRIER_E,2026-08-10 19:00,YAKMOK,40FT,0,0,0,0,0,1,0,0
CARRIER_E,2026-08-10 20:00,YAKMOK,40FT,0,0,0,0,0,1,0,0
CARRIER_E,2026-08-10 21:00,YAKMOK,40FT,0,0,0,0,0,1,0,0
CARRIER_E,2026-08-10 22:00,YAKMOK,40FT,0,0,0,0,0,1,0,0
CARRIER_E,2026-08-10 23:00,YAKMOK,40FT,0,0,0,0,0,1,0,0
CARRIER_E,2026-08-11 00:00,YAKMOK,40FT,0,0,0,0,0,1,0,0
CARRIER_E,2026-08-11 01:00,YAKMOK,40FT,0,0,0,0,0,1,0,0
CARRIER_E,2026-08-11 02:00,YAKMOK,40FT,0,0,0,0,0,1,0,0
CARRIER_E,2026-08-11 03:00,YAKMOK,40FT,0,0,0,0,0,1,0,0
CARRIER_E,2026-08-11 04:00,YAKMOK,40FT,0,0,0,0,0,1,0,0
CARRIER_E,2026-08-11 05:00,YAKMOK,40FT,0,0,0,0,0,1,0,0
CARRIER_E,2026-08-11 06:00,YAKMOK,40FT,0,0,0,0,0,1,0,0
CARRIER_E,2026-08-11 07:00,YAKMOK,40FT,0,0,0,0,0,1,0,0
CARRIER_E,2026-08-11 08:00,YAKMOK,40FT,0,0,0,0,0,1,0,0
CARRIER_E,2026-08-11 09:00,YAKMOK,40FT,0,0,0,0,0,1,0,0
CARRIER_E,2026-08-11 10:00,YAKMOK,40FT,0,0,0,0,0,1,0,0
CARRIER_E,2026-08-11 11:00,YAKMOK,40FT,0,0,0,0,0,1,0,0
CARRIER_E,2026-08-11 12:00,YAKMOK,40FT,0,0,0,0,0,1,0,0
CARRIER_E,2026-08-11 13:00,YAKMOK,40FT,0,0,0,0,0,1,0,0
CARRIER_E,2026-08-11 14:00,YAKMOK,40FT,0,0,0,0,0,1,0,0
CARRIER_E,2026-08-11 15:00,YAKMOK,40FT,0,0,0,0,0,1,0,0
CARRIER_E,2026-08-11 16:00,YAKMOK,40FT,0,0,0,0,0,1,0,0
CARRIER_E,2026-08-11 17:00,YAKMOK,40FT,0,0,0,0,0,1,0,0
CARRIER_E,2026-08-11 18:00,YAKMOK,40FT,0,0,0,0,0,1,0,0
CARRIER_E,2026-08-11 19:00,YAKMOK,40FT,0,0,0,0,0,1,0,0
CARRIER_E,2026-08-11 20:00,YAKMOK,40FT,0,0,0,0,0,1,0,0
CARRIER_E,2026-08-11 21:00,YAKMOK,40FT,0,0,0,0,0,1,0,0
CARRIER_E,2026-08-11 22:00,YAKMOK,40FT,0,0,0,0,0,1,0,0
CARRIER_E,2026-08-11 23:00,YAKMOK,40FT,0,0,0,0,0,1,0,0
CARRIER_E,2026-08-12 00:00,YAKMOK,40FT,0,0,0,0,0,1,0,0
CARRIER_E,2026-08-12 01:00,YAKMOK,40FT,0,0,0,0,0,1,0,0
CARRIER_E,2026-08-12 02:00,YAKMOK,40FT,0,0,0,0,0,1,0,0
CARRIER_E,2026-08-12 03:00,YAKMOK,40FT,0,0,0,0,0,1,0,0
CARRIER_E,2026-08-12 04:00,YAKMOK,40FT,0,0,0,0,0,1,0,0
CARRIER_E,2026-08-12 05:00,YAKMOK,40FT,0,0,0,0,0,1,0,0
CARRIER_E,2026-08-12 06:00,YAKMOK,40FT,0,0,0,0,0,1,0,0
CARRIER_E,2026-08-12 07:00,YAKMOK,40FT,0,0,0,0,0,1,0,0
CARRIER_E,2026-08-12 08:00,YAKMOK,40FT,0,0,0,0,0,1,0,0
CARRIER_E,2026-08-12 09:00,YAKMOK,40FT,0,0,0,0,0,1,0,0
CARRIER_E,2026-08-12 10:00,YAKMOK,40FT,1,0,0,0,0,0,1,0
CARRIER_E,2026-08-12 11:00,YAKMOK,40FT,0,0,0,0,0,0,0,0
CARRIER_E,2026-08-12 12:00,YAKMOK,40FT,0,0,0,0,0,0,0,0
CARRIER_E,2026-08-12 13:00,YAKMOK,40FT,0,0,0,0,0,0,0,0
CARRIER_E,2026-08-12 14:00,YAKMOK,40FT,0,0,0,0,0,0,0,0
CARRIER_E,2026-08-12 15:00,YAKMOK,40FT,0,0,0,0,0,0,0,0
CARRIER_E,2026-08-12 16:00,YAKMOK,40FT,0,0,0,0,0,0,0,0
CARRIER_E,2026-08-12 17:00,YAKMOK,40FT,0,0,0,0,0,0,0,0
CARRIER_E,2026-08-12 18:00,YAKMOK,40FT,0,0,0,0,0,0,0,0
CARRIER_E,2026-08-12 19:00,YAKMOK,40FT,0,0,0,0,0,0,0,0
CARRIER_E,2026-08-12 20:00,YAKMOK,40FT,0,0,0,0,0,0,0,0
CARRIER_E,2026-08-12 21:00,YAKMOK,40FT,0,0,0,0,0,0,0,0
CARRIER_E,2026-08-12 22:00,YAKMOK,40FT,0,0,0,0,0,0,0,0
CARRIER_E,2026-08-12 23:00,YAKMOK,40FT,0,0,0,0,0,0,0,0
CARRIER_E,2026-08-13 00:00,YAKMOK,40FT,0,0,0,0,0,0,0,0
CARRIER_E,2026-08-13 01:00,YAKMOK,40FT,0,0,0,0,0,0,0,0
CARRIER_E,2026-08-13 02:00,YAKMOK,40FT,0,0,0,0,0,0,0,0
CARRIER_E,2026-08-13 03:00,YAKMOK,40FT,0,0,0,0,0,0,0,0
CARRIER_E,2026-08-13 04:00,YAKMOK,40FT,0,0,0,0,0,0,0,0
CARRIER_E,2026-08-13 05:00,YAKMOK,40FT,0,0,0,0,0,0,0,0
CARRIER_E,2026-08-13 06:00,YAKMOK,40FT,0,0,0,0,0,0,0,0
CARRIER_E,2026-08-13 07:00,YAKMOK,40FT,0,0,0,0,0,0,0,0
CARRIER_E,2026-08-13 08:00,YAKMOK,40FT,0,0,0,0,0,0,0,0
CARRIER_E,2026-08-13 09:00,YAKMOK,40FT,0,0,0,0,0,0,0,0
CARRIER_E,2026-08-13 10:00,YAKMOK,40FT,0,0,0,0,0,0,0,0
CARRIER_E,2026-08-13 11:00,YAKMOK,40FT,0,0,0,0,0,0,0,0
CARRIER_E,2026-08-13 12:00,YAKMOK,40FT,0,0,0,0,0,0,0,0
CARRIER_E,2026-08-13 13:00,YAKMOK,40FT,0,0,0,0,0,0,0,0
CARRIER_E,2026-08-13 14:00,YAKMOK,40FT,0,0,0,0,0,0,0,0
CARRIER_E,2026-08-13 15:00,YAKMOK,40FT,0,0,0,0,0,0,0,0
CARRIER_E,2026-08-13 16:00,YAKMOK,40FT,0,0,0,0,0,0,0,0
CARRIER_E,2026-08-13 17:00,YAKMOK,40FT,0,0,0,0,0,0,0,0
CARRIER_E,2026-08-13 18:00,YAKMOK,40FT,0,0,0,0,0,0,0,0
CARRIER_E,2026-08-13 19:00,YAKMOK,40FT,0,0,0,0,0,0,0,0
CARRIER_E,2026-08-13 20:00,YAKMOK,40FT,0,0,0,0,0,0,0,0
CARRIER_E,2026-08-13 21:00,YAKMOK,40FT,0,0,0,0,0,0,0,0
CARRIER_E,2026-08-13 22:00,YAKMOK,40FT,0,0,0,0,0,0,0,0
CARRIER_E,2026-08-13 23:00,YAKMOK,40FT,0,0,0,0,0,0,0,0
CARRIER_E,2026-08-14 00:00,YAKMOK,40FT,0,0,0,0,0,0,0,0
CARRIER_E,2026-08-14 01:00,YAKMOK,40FT,0,0,0,0,0,0,0,0
CARRIER_E,2026-08-14 02:00,YAKMOK,40FT,0,0,0,0,0,0,0,0
CARRIER_E,2026-08-14 03:00,YAKMOK,40FT,0,0,0,0,0,0,0,0
CARRIER_E,2026-08-14 04:00,YAKMOK,40FT,0,0,0,0,0,0,0,0
CARRIER_E,2026-08-14 05:00,YAKMOK,40FT,0,0,0,0,0,0,0,0
CARRIER_E,2026-08-14 06:00,YAKMOK,40FT,0,0,0,0,0,0,0,0
CARRIER_E,2026-08-14 07:00,YAKMOK,40FT,0,0,0,0,0,0,0,0
CARRIER_E,2026-08-14 08:00,YAKMOK,40FT,0,0,0,0,0,0,0,0
CARRIER_E,2026-08-14 09:00,YAKMOK,40FT,0,0,0,0,0,0,0,0
CARRIER_E,2026-08-14 10:00,YAKMOK,40FT,0,0,0,0,0,0,0,0
CARRIER_E,2026-08-14 11:00,YAKMOK,40FT,0,0,0,0,0,0,0,0
CARRIER_E,2026-08-14 12:00,YAKMOK,40FT,0,0,0,0,0,0,0,0
CARRIER_E,2026-08-14 13:00,YAKMOK,40FT,0,0,0,0,0,0,0,0
CARRIER_E,2026-08-14 14:00,YAKMOK,40FT,0,0,0,0,0,0,0,0
CARRIER_E,2026-08-14 15:00,YAKMOK,40FT,0,0,0,0,0,0,0,0
CARRIER_E,2026-08-14 16:00,YAKMOK,40FT,0,0,0,0,0,0,0,0
CARRIER_E,2026-08-14 17:00,YAKMOK,40FT,0,0,0,0,0,0,0,0
CARRIER_E,2026-08-14 18:00,YAKMOK,40FT,0,0,0,0,0,0,0,0
CARRIER_E,2026-08-14 19:00,YAKMOK,40FT,0,0,0,0,0,0,0,0
CARRIER_E,2026-08-14 20:00,YAKMOK,40FT,0,0,0,0,0,0,0,0
CARRIER_E,2026-08-14 21:00,YAKMOK,40FT,0,0,0,0,0,0,0,0
CARRIER_E,2026-08-14 22:00,YAKMOK,40FT,0,0,0,0,0,0,0,0
CARRIER_E,2026-08-14 23:00,YAKMOK,40FT,0,0,0,0,0,0,0,0
CARRIER_E,2026-08-15 00:00,YAKMOK,40FT,0,0,0,0,0,0,0,0
CARRIER_E,2026-08-15 01:00,YAKMOK,40FT,0,0,0,0,0,0,0,0
CARRIER_E,2026-08-15 02:00,YAKMOK,40FT,0,0,0,0,0,0,0,0
CARRIER_E,2026-08-15 03:00,YAKMOK,40FT,0,0,0,0,0,0,0,0
CARRIER_E,2026-08-15 04:00,YAKMOK,40FT,0,0,0,0,0,0,0,0
CARRIER_E,2026-08-15 05:00,YAKMOK,40FT,0,0,0,0,0,0,0,0
CARRIER_E,2026-08-15 06:00,YAKMOK,40FT,0,0,0,0,0,0,0,0
CARRIER_E,2026-08-15 07:00,YAKMOK,40FT,0,0,0,0,0,0,0,0
CARRIER_E,2026-08-15 08:00,YAKMOK,40FT,0,0,0,0,0,0,0,0
CARRIER_E,2026-08-15 09:00,YAKMOK,40FT,0,0,0,0,0,0,0,0
CARRIER_E,2026-08-15 10:00,YAKMOK,40FT,0,0,0,0,0,0,0,0
CARRIER_E,2026-08-15 11:00,YAKMOK,40FT,0,0,0,0,0,0,0,0
CARRIER_E,2026-08-15 12:00,YAKMOK,40FT,0,0,0,0,0,0,0,0
CARRIER_E,2026-08-15 13:00,YAKMOK,40FT,0,0,0,0,0,0,0,0
CARRIER_E,2026-08-15 14:00,YAKMOK,40FT,0,0,0,0,0,0,0,0
CARRIER_E,2026-08-15 15:00,YAKMOK,40FT,0,0,0,0,0,0,0,0
CARRIER_E,2026-08-15 16:00,YAKMOK,40FT,0,0,0,0,0,0,0,0
CARRIER_E,2026-08-15 17:00,YAKMOK,40FT,0,0,0,0,0,0,0,0
CARRIER_E,2026-08-15 18:00,YAKMOK,40FT,0,0,0,0,0,0,0,0
CARRIER_E,2026-08-15 19:00,YAKMOK,40FT,0,0,0,0,0,0,0,0
CARRIER_E,2026-08-15 20:00,YAKMOK,40FT,0,0,0,0,0,0,0,0
CARRIER_E,2026-08-15 21:00,YAKMOK,40FT,0,0,0,0,0,0,0,0
CARRIER_E,2026-08-15 22:00,YAKMOK,40FT,0,0,0,0,0,0,0,0
CARRIER_E,2026-08-15 23:00,YAKMOK,40FT,0,0,0,0,0,0,0,0
CARRIER_E,2026-08-16 00:00,YAKMOK,40FT,0,0,0,0,0,0,0,0
CARRIER_E,2026-08-16 01:00,YAKMOK,40FT,0,0,0,0,0,0,0,0
CARRIER_E,2026-08-16 02:00,YAKMOK,40FT,0,0,0,0,0,0,0,0
CARRIER_E,2026-08-16 03:00,YAKMOK,40FT,0,0,0,0,0,0,0,0
CARRIER_E,2026-08-16 04:00,YAKMOK,40FT,0,0,0,0,0,0,0,0
CARRIER_E,2026-08-16 05:00,YAKMOK,40FT,0,0,0,0,0,0,0,0
CARRIER_E,2026-08-16 06:00,YAKMOK,40FT,0,0,0,0,0,0,0,0
CARRIER_E,2026-08-16 07:00,YAKMOK,40FT,0,0,0,0,0,0,0,0
CARRIER_E,2026-08-16 08:00,YAKMOK,40FT,0,0,0,0,0,0,0,0
CARRIER_E,2026-08-16 09:00,YAKMOK,40FT,0,0,0,0,0,0,0,0
CARRIER_E,2026-08-16 10:00,YAKMOK,40FT,0,0,0,0,0,0,0,0
CARRIER_E,2026-08-16 11:00,YAKMOK,40FT,0,0,0,0,0,0,0,0
CARRIER_E,2026-08-16 12:00,YAKMOK,40FT,0,0,0,0,0,0,0,0
CARRIER_E,2026-08-16 13:00,YAKMOK,40FT,0,0,0,0,0,0,0,0
CARRIER_E,2026-08-16 14:00,YAKMOK,40FT,0,0,0,0,0,0,0,0
CARRIER_E,2026-08-16 15:00,YAKMOK,40FT,0,0,0,0,0,0,0,0
CARRIER_E,2026-08-16 16:00,YAKMOK,40FT,0,0,0,0,0,0,0,0
CARRIER_E,2026-08-16 17:00,YAKMOK,40FT,0,0,0,0,0,0,0,0
CARRIER_E,2026-08-16 18:00,YAKMOK,40FT,0,0,0,0,0,0,0,0
CARRIER_E,2026-08-16 19:00,YAKMOK,40FT,0,0,0,0,0,0,0,0
CARRIER_E,2026-08-16 20:00,YAKMOK,40FT,0,0,0,0,0,0,0,0
CARRIER_E,2026-08-16 21:00,YAKMOK,40FT,0,0,0,0,0,0,0,0
CARRIER_E,2026-08-16 22:00,YAKMOK,40FT,0,0,0,0,0,0,0,0
CARRIER_E,2026-08-16 23:00,YAKMOK,40FT,0,0,0,0,0,0,0,0
CARRIER_F,2026-08-10 00:00,BUGANG,20FT,0,0,0,0,8,8,0,0
CARRIER_F,2026-08-10 01:00,BUGANG,20FT,0,0,0,0,8,8,0,0
CARRIER_F,2026-08-10 02:00,BUGANG,20FT,0,0,0,0,8,8,0,0
CARRIER_F,2026-08-10 03:00,BUGANG,20FT,0,0,0,0,8,8,0,0
CARRIER_F,2026-08-10 04:00,BUGANG,20FT,0,0,0,0,8,8,0,0
CARRIER_F,2026-08-10 05:00,BUGANG,20FT,0,0,0,0,8,8,0,0
CARRIER_F,2026-08-10 06:00,BUGANG,20FT,0,0,0,0,8,8,0,0
CARRIER_F,2026-08-10 07:00,BUGANG,20FT,0,0,0,0,8,8,0,0
CARRIER_F,2026-08-10 08:00,BUGANG,20FT,0,0,0,0,8,8,0,0
CARRIER_F,2026-08-10 09:00,BUGANG,20FT,0,0,0,0,8,8,0,0
CARRIER_F,2026-08-10 10:00,BUGANG,20FT,0,0,0,0,8,8,0,0
CARRIER_F,2026-08-10 11:00,BUGANG,20FT,1,1,0,0,8,8,0,0
CARRIER_F,2026-08-10 12:00,BUGANG,20FT,0,0,0,0,8,8,0,0
CARRIER_F,2026-08-10 13:00,BUGANG,20FT,0,0,0,0,8,8,0,0
CARRIER_F,2026-08-10 14:00,BUGANG,20FT,0,1,0,0,9,9,0,0
CARRIER_F,2026-08-10 15:00,BUGANG,20FT,0,0,0,0,9,9,0,0
CARRIER_F,2026-08-10 16:00,BUGANG,20FT,1,1,0,0,9,9,0,0
CARRIER_F,2026-08-10 17:00,BUGANG,20FT,0,0,0,0,9,9,0,0
CARRIER_F,2026-08-10 18:00,BUGANG,20FT,0,0,0,0,9,9,0,0
CARRIER_F,2026-08-10 19:00,BUGANG,20FT,0,0,0,0,9,9,0,0
CARRIER_F,2026-08-10 20:00,BUGANG,20FT,0,0,0,0,9,9,0,0
CARRIER_F,2026-08-10 21:00,BUGANG,20FT,0,0,0,0,9,9,0,0
CARRIER_F,2026-08-10 22:00,BUGANG,20FT,0,0,0,0,9,9,0,0
CARRIER_F,2026-08-10 23:00,BUGANG,20FT,0,0,0,0,9,9,0,0
CARRIER_F,2026-08-11 00:00,BUGANG,20FT,0,0,0,0,9,9,0,0
CARRIER_F,2026-08-11 01:00,BUGANG,20FT,0,0,0,0,9,9,0,0
CARRIER_F,2026-08-11 02:00,BUGANG,20FT,0,0,0,0,9,9,0,0
CARRIER_F,2026-08-11 03:00,BUGANG,20FT,0,0,0,0,9,9,0,0
CARRIER_F,2026-08-11 04:00,BUGANG,20FT,0,0,0,0,9,9,0,0
CARRIER_F,2026-08-11 05:00,BUGANG,20FT,0,0,0,0,9,9,0,0
CARRIER_F,2026-08-11 06:00,BUGANG,20FT,0,0,0,0,9,9,0,0
CARRIER_F,2026-08-11 07:00,BUGANG,20FT,0,0,0,0,9,9,0,0
CARRIER_F,2026-08-11 08:00,BUGANG,20FT,0,0,0,0,9,9,0,0
CARRIER_F,2026-08-11 09:00,BUGANG,20FT,0,0,0,0,9,9,0,0
CARRIER_F,2026-08-11 10:00,BUGANG,20FT,1,0,0,0,8,8,0,0
CARRIER_F,2026-08-11 11:00,BUGANG,20FT,0,0,0,0,8,8,0,0
CARRIER_F,2026-08-11 12:00,BUGANG,20FT,0,0,0,0,8,8,0,0
CARRIER_F,2026-08-11 13:00,BUGANG,20FT,0,1,0,0,9,9,0,0
CARRIER_F,2026-08-11 14:00,BUGANG,20FT,0,0,0,9,9,0,0,0
CARRIER_F,2026-08-11 15:00,BUGANG,20FT,0,0,0,0,9,0,0,0
CARRIER_F,2026-08-11 16:00,BUGANG,20FT,0,0,0,0,9,0,0,0
CARRIER_F,2026-08-11 17:00,BUGANG,20FT,0,1,0,0,10,1,0,0
CARRIER_F,2026-08-11 18:00,BUGANG,20FT,0,0,0,0,10,1,0,0
CARRIER_F,2026-08-11 19:00,BUGANG,20FT,0,0,0,0,10,1,0,0
CARRIER_F,2026-08-11 20:00,BUGANG,20FT,0,0,0,0,10,1,0,0
CARRIER_F,2026-08-11 21:00,BUGANG,20FT,0,0,0,0,10,1,0,0
CARRIER_F,2026-08-11 22:00,BUGANG,20FT,0,0,0,0,10,1,0,0
CARRIER_F,2026-08-11 23:00,BUGANG,20FT,0,0,0,0,10,1,0,0
CARRIER_F,2026-08-12 00:00,BUGANG,20FT,0,0,0,0,10,1,0,0
CARRIER_F,2026-08-12 01:00,BUGANG,20FT,0,0,0,0,10,1,0,0
CARRIER_F,2026-08-12 02:00,BUGANG,20FT,0,0,0,0,10,1,0,0
CARRIER_F,2026-08-12 03:00,BUGANG,20FT,0,0,0,0,10,1,0,0
CARRIER_F,2026-08-12 04:00,BUGANG,20FT,0,0,0,0,10,1,0,0
CARRIER_F,2026-08-12 05:00,BUGANG,20FT,0,0,0,0,10,1,0,0
CARRIER_F,2026-08-12 06:00,BUGANG,20FT,0,0,0,0,10,1,0,0
CARRIER_F,2026-08-12 07:00,BUGANG,20FT,0,0,0,0,10,1,0,0
CARRIER_F,2026-08-12 08:00,BUGANG,20FT,1,0,0,0,9,0,0,0
CARRIER_F,2026-08-12 09:00,BUGANG,20FT,0,0,0,0,9,0,0,0
CARRIER_F,2026-08-12 10:00,BUGANG,20FT,0,1,0,0,10,1,0,0
CARRIER_F,2026-08-12 11:00,BUGANG,20FT,0,0,0,0,10,1,0,0
CARRIER_F,2026-08-12 12:00,BUGANG,20FT,0,0,0,0,10,1,0,0
CARRIER_F,2026-08-12 13:00,BUGANG,20FT,0,0,0,0,10,1,0,0
CARRIER_F,2026-08-12 14:00,BUGANG,20FT,0,2,0,0,12,3,0,0
CARRIER_F,2026-08-12 15:00,BUGANG,20FT,0,0,0,0,12,3,0,0
CARRIER_F,2026-08-12 16:00,BUGANG,20FT,0,0,0,0,12,3,0,0
CARRIER_F,2026-08-12 17:00,BUGANG,20FT,0,0,0,0,12,3,0,0
CARRIER_F,2026-08-12 18:00,BUGANG,20FT,0,0,0,0,12,3,0,0
CARRIER_F,2026-08-12 19:00,BUGANG,20FT,0,0,0,0,12,3,0,0
CARRIER_F,2026-08-12 20:00,BUGANG,20FT,0,0,0,0,12,3,0,0
CARRIER_F,2026-08-12 21:00,BUGANG,20FT,0,0,0,0,12,3,0,0
CARRIER_F,2026-08-12 22:00,BUGANG,20FT,0,0,0,0,12,3,0,0
CARRIER_F,2026-08-12 23:00,BUGANG,20FT,0,0,0,0,12,3,0,0
CARRIER_F,2026-08-13 00:00,BUGANG,20FT,0,0,0,0,12,3,0,0
CARRIER_F,2026-08-13 01:00,BUGANG,20FT,0,0,0,0,12,3,0,0
CARRIER_F,2026-08-13 02:00,BUGANG,20FT,0,0,0,0,12,3,0,0
CARRIER_F,2026-08-13 03:00,BUGANG,20FT,0,0,0,0,12,3,0,0
CARRIER_F,2026-08-13 04:00,BUGANG,20FT,0,0,0,0,12,3,0,0
CARRIER_F,2026-08-13 05:00,BUGANG,20FT,0,0,0,0,12,3,0,0
CARRIER_F,2026-08-13 06:00,BUGANG,20FT,0,1,0,0,13,4,0,0
CARRIER_F,2026-08-13 07:00,BUGANG,20FT,0,0,0,0,13,4,0,0
CARRIER_F,2026-08-13 08:00,BUGANG,20FT,1,0,0,0,12,3,0,0
CARRIER_F,2026-08-13 09:00,BUGANG,20FT,1,0,0,0,11,2,0,0
CARRIER_F,2026-08-13 10:00,BUGANG,20FT,0,1,0,0,12,3,0,0
CARRIER_F,2026-08-13 11:00,BUGANG,20FT,0,0,0,0,12,3,0,0
CARRIER_F,2026-08-13 12:00,BUGANG,20FT,1,1,0,0,12,3,0,0
CARRIER_F,2026-08-13 13:00,BUGANG,20FT,0,0,0,0,12,3,0,0
CARRIER_F,2026-08-13 14:00,BUGANG,20FT,1,0,0,0,11,2,0,0
CARRIER_F,2026-08-13 15:00,BUGANG,20FT,0,1,0,0,12,3,0,0
CARRIER_F,2026-08-13 16:00,BUGANG,20FT,0,0,0,0,12,3,0,0
CARRIER_F,2026-08-13 17:00,BUGANG,20FT,0,0,0,0,12,3,0,0
CARRIER_F,2026-08-13 18:00,BUGANG,20FT,0,0,0,0,12,3,0,0
CARRIER_F,2026-08-13 19:00,BUGANG,20FT,1,0,0,0,11,2,0,0
CARRIER_F,2026-08-13 20:00,BUGANG,20FT,0,0,0,0,11,2,0,0
CARRIER_F,2026-08-13 21:00,BUGANG,20FT,0,0,0,0,11,2,0,0
CARRIER_F,2026-08-13 22:00,BUGANG,20FT,0,0,0,0,11,2,0,0
CARRIER_F,2026-08-13 23:00,BUGANG,20FT,0,0,0,0,11,2,0,0
CARRIER_F,2026-08-14 00:00,BUGANG,20FT,0,0,0,0,11,2,0,0
CARRIER_F,2026-08-14 01:00,BUGANG,20FT,0,0,0,0,11,2,0,0
CARRIER_F,2026-08-14 02:00,BUGANG,20FT,0,0,0,0,11,2,0,0
CARRIER_F,2026-08-14 03:00,BUGANG,20FT,0,0,0,0,11,2,0,0
CARRIER_F,2026-08-14 04:00,BUGANG,20FT,0,0,0,0,11,2,0,0
CARRIER_F,2026-08-14 05:00,BUGANG,20FT,0,0,0,0,11,2,0,0
CARRIER_F,2026-08-14 06:00,BUGANG,20FT,0,0,0,0,11,2,0,0
CARRIER_F,2026-08-14 07:00,BUGANG,20FT,0,0,0,0,11,2,0,0
CARRIER_F,2026-08-14 08:00,BUGANG,20FT,0,0,0,0,11,2,0,0
CARRIER_F,2026-08-14 09:00,BUGANG,20FT,0,0,0,0,11,2,0,0
CARRIER_F,2026-08-14 10:00,BUGANG,20FT,0,0,0,0,11,2,0,0
CARRIER_F,2026-08-14 11:00,BUGANG,20FT,0,0,0,0,11,2,0,0
CARRIER_F,2026-08-14 12:00,BUGANG,20FT,0,1,0,0,12,3,0,0
CARRIER_F,2026-08-14 13:00,BUGANG,20FT,0,0,0,0,12,3,0,0
CARRIER_F,2026-08-14 14:00,BUGANG,20FT,0,0,0,0,12,3,0,0
CARRIER_F,2026-08-14 15:00,BUGANG,20FT,1,1,0,0,12,3,0,0
CARRIER_F,2026-08-14 16:00,BUGANG,20FT,0,0,0,0,12,3,0,0
CARRIER_F,2026-08-14 17:00,BUGANG,20FT,0,0,0,0,12,3,0,0
CARRIER_F,2026-08-14 18:00,BUGANG,20FT,0,0,0,0,12,3,0,0
CARRIER_F,2026-08-14 19:00,BUGANG,20FT,0,0,0,0,12,3,0,0
CARRIER_F,2026-08-14 20:00,BUGANG,20FT,0,0,0,0,12,3,0,0
CARRIER_F,2026-08-14 21:00,BUGANG,20FT,0,0,0,0,12,3,0,0
CARRIER_F,2026-08-14 22:00,BUGANG,20FT,0,0,0,0,12,3,0,0
CARRIER_F,2026-08-14 23:00,BUGANG,20FT,0,0,0,0,12,3,0,0
CARRIER_F,2026-08-15 00:00,BUGANG,20FT,0,0,0,0,12,3,0,0
CARRIER_F,2026-08-15 01:00,BUGANG,20FT,0,0,0,0,12,3,0,0
CARRIER_F,2026-08-15 02:00,BUGANG,20FT,0,0,0,0,12,3,0,0
CARRIER_F,2026-08-15 03:00,BUGANG,20FT,0,0,0,0,12,3,0,0
CARRIER_F,2026-08-15 04:00,BUGANG,20FT,0,0,0,0,12,3,0,0
CARRIER_F,2026-08-15 05:00,BUGANG,20FT,0,0,0,0,12,3,0,0
CARRIER_F,2026-08-15 06:00,BUGANG,20FT,1,0,0,0,11,2,0,0
CARRIER_F,2026-08-15 07:00,BUGANG,20FT,0,0,0,0,11,2,0,0
CARRIER_F,2026-08-15 08:00,BUGANG,20FT,0,0,0,0,11,2,0,0
CARRIER_F,2026-08-15 09:00,BUGANG,20FT,0,0,0,0,11,2,0,0
CARRIER_F,2026-08-15 10:00,BUGANG,20FT,0,0,0,0,11,2,0,0
CARRIER_F,2026-08-15 11:00,BUGANG,20FT,0,0,0,0,11,2,0,0
CARRIER_F,2026-08-15 12:00,BUGANG,20FT,0,0,0,0,11,2,0,0
CARRIER_F,2026-08-15 13:00,BUGANG,20FT,0,0,0,0,11,2,0,0
CARRIER_F,2026-08-15 14:00,BUGANG,20FT,0,0,0,0,11,2,0,0
CARRIER_F,2026-08-15 15:00,BUGANG,20FT,0,0,0,0,11,2,0,0
CARRIER_F,2026-08-15 16:00,BUGANG,20FT,0,0,0,0,11,2,0,0
CARRIER_F,2026-08-15 17:00,BUGANG,20FT,0,0,0,0,11,2,0,0
CARRIER_F,2026-08-15 18:00,BUGANG,20FT,0,1,0,0,12,3,0,0
CARRIER_F,2026-08-15 19:00,BUGANG,20FT,0,0,0,0,12,3,0,0
CARRIER_F,2026-08-15 20:00,BUGANG,20FT,0,0,0,0,12,3,0,0
CARRIER_F,2026-08-15 21:00,BUGANG,20FT,0,0,0,0,12,3,0,0
CARRIER_F,2026-08-15 22:00,BUGANG,20FT,0,0,0,0,12,3,0,0
CARRIER_F,2026-08-15 23:00,BUGANG,20FT,0,0,0,0,12,3,0,0
CARRIER_F,2026-08-16 00:00,BUGANG,20FT,0,0,0,0,12,3,0,0
CARRIER_F,2026-08-16 01:00,BUGANG,20FT,0,0,0,0,12,3,0,0
CARRIER_F,2026-08-16 02:00,BUGANG,20FT,0,0,0,0,12,3,0,0
CARRIER_F,2026-08-16 03:00,BUGANG,20FT,0,0,0,0,12,3,0,0
CARRIER_F,2026-08-16 04:00,BUGANG,20FT,0,0,0,0,12,3,0,0
CARRIER_F,2026-08-16 05:00,BUGANG,20FT,0,0,0,0,12,3,0,0
CARRIER_F,2026-08-16 06:00,BUGANG,20FT,0,0,0,0,12,3,0,0
CARRIER_F,2026-08-16 07:00,BUGANG,20FT,0,0,0,0,12,3,0,0
CARRIER_F,2026-08-16 08:00,BUGANG,20FT,0,0,0,0,12,3,0,0
CARRIER_F,2026-08-16 09:00,BUGANG,20FT,0,0,0,0,12,3,0,0
CARRIER_F,2026-08-16 10:00,BUGANG,20FT,0,0,0,0,12,3,0,0
CARRIER_F,2026-08-16 11:00,BUGANG,20FT,0,0,0,0,12,3,0,0
CARRIER_F,2026-08-16 12:00,BUGANG,20FT,1,0,0,0,11,2,0,0
CARRIER_F,2026-08-16 13:00,BUGANG,20FT,0,0,0,0,11,2,0,0
CARRIER_F,2026-08-16 14:00,BUGANG,20FT,0,1,0,0,12,3,0,0
CARRIER_F,2026-08-16 15:00,BUGANG,20FT,0,0,0,0,12,3,0,0
CARRIER_F,2026-08-16 16:00,BUGANG,20FT,0,0,0,0,12,3,0,0
CARRIER_F,2026-08-16 17:00,BUGANG,20FT,0,0,0,0,12,3,0,0
CARRIER_F,2026-08-16 18:00,BUGANG,20FT,0,0,0,0,12,3,0,0
CARRIER_F,2026-08-16 19:00,BUGANG,20FT,0,0,0,0,12,3,0,0
CARRIER_F,2026-08-16 20:00,BUGANG,20FT,0,0,0,0,12,3,0,0
CARRIER_F,2026-08-16 21:00,BUGANG,20FT,0,0,0,0,12,3,0,0
CARRIER_F,2026-08-16 22:00,BUGANG,20FT,0,0,0,0,12,3,0,0
CARRIER_F,2026-08-16 23:00,BUGANG,20FT,0,0,0,0,12,3,0,0
CARRIER_F,2026-08-10 00:00,BUGANG,40FT,0,0,0,0,2,2,0,0
CARRIER_F,2026-08-10 01:00,BUGANG,40FT,0,0,0,0,2,2,0,0
CARRIER_F,2026-08-10 02:00,BUGANG,40FT,0,0,0,0,2,2,0,0
CARRIER_F,2026-08-10 03:00,BUGANG,40FT,0,0,0,0,2,2,0,0
CARRIER_F,2026-08-10 04:00,BUGANG,40FT,0,0,0,0,2,2,0,0
CARRIER_F,2026-08-10 05:00,BUGANG,40FT,1,0,0,0,1,1,0,0
CARRIER_F,2026-08-10 06:00,BUGANG,40FT,0,0,0,0,1,1,0,0
CARRIER_F,2026-08-10 07:00,BUGANG,40FT,0,0,0,0,1,1,0,0
CARRIER_F,2026-08-10 08:00,BUGANG,40FT,0,0,0,0,1,1,0,0
CARRIER_F,2026-08-10 09:00,BUGANG,40FT,0,0,0,0,1,1,0,0
CARRIER_F,2026-08-10 10:00,BUGANG,40FT,0,1,0,0,2,2,0,0
CARRIER_F,2026-08-10 11:00,BUGANG,40FT,0,0,0,0,2,2,0,0
CARRIER_F,2026-08-10 12:00,BUGANG,40FT,0,0,0,0,2,2,0,0
CARRIER_F,2026-08-10 13:00,BUGANG,40FT,0,0,0,0,2,2,0,0
CARRIER_F,2026-08-10 14:00,BUGANG,40FT,0,0,0,0,2,2,0,0
CARRIER_F,2026-08-10 15:00,BUGANG,40FT,0,0,0,0,2,2,0,0
CARRIER_F,2026-08-10 16:00,BUGANG,40FT,0,0,0,0,2,2,0,0
CARRIER_F,2026-08-10 17:00,BUGANG,40FT,0,0,0,0,2,2,0,0
CARRIER_F,2026-08-10 18:00,BUGANG,40FT,0,0,0,0,2,2,0,0
CARRIER_F,2026-08-10 19:00,BUGANG,40FT,0,0,0,0,2,2,0,0
CARRIER_F,2026-08-10 20:00,BUGANG,40FT,0,0,0,0,2,2,0,0
CARRIER_F,2026-08-10 21:00,BUGANG,40FT,0,0,0,0,2,2,0,0
CARRIER_F,2026-08-10 22:00,BUGANG,40FT,0,0,0,0,2,2,0,0
CARRIER_F,2026-08-10 23:00,BUGANG,40FT,0,0,0,0,2,2,0,0
CARRIER_F,2026-08-11 00:00,BUGANG,40FT,0,0,0,0,2,2,0,0
CARRIER_F,2026-08-11 01:00,BUGANG,40FT,0,0,0,0,2,2,0,0
CARRIER_F,2026-08-11 02:00,BUGANG,40FT,0,0,0,0,2,2,0,0
CARRIER_F,2026-08-11 03:00,BUGANG,40FT,0,0,0,0,2,2,0,0
CARRIER_F,2026-08-11 04:00,BUGANG,40FT,0,0,0,0,2,2,0,0
CARRIER_F,2026-08-11 05:00,BUGANG,40FT,0,0,0,0,2,2,0,0
CARRIER_F,2026-08-11 06:00,BUGANG,40FT,0,0,0,0,2,2,0,0
CARRIER_F,2026-08-11 07:00,BUGANG,40FT,0,0,0,0,2,2,0,0
CARRIER_F,2026-08-11 08:00,BUGANG,40FT,0,0,0,0,2,2,0,0
CARRIER_F,2026-08-11 09:00,BUGANG,40FT,0,0,0,0,2,2,0,0
CARRIER_F,2026-08-11 10:00,BUGANG,40FT,0,0,0,0,2,2,0,0
CARRIER_F,2026-08-11 11:00,BUGANG,40FT,0,0,0,0,2,2,0,0
CARRIER_F,2026-08-11 12:00,BUGANG,40FT,0,0,0,0,2,2,0,0
CARRIER_F,2026-08-11 13:00,BUGANG,40FT,0,0,0,0,2,2,0,0
CARRIER_F,2026-08-11 14:00,BUGANG,40FT,0,0,0,0,2,2,0,0
CARRIER_F,2026-08-11 15:00,BUGANG,40FT,0,0,0,0,2,2,0,0
CARRIER_F,2026-08-11 16:00,BUGANG,40FT,0,0,0,0,2,2,0,0
CARRIER_F,2026-08-11 17:00,BUGANG,40FT,0,0,0,0,2,2,0,0
CARRIER_F,2026-08-11 18:00,BUGANG,40FT,0,0,0,0,2,2,0,0
CARRIER_F,2026-08-11 19:00,BUGANG,40FT,0,0,0,0,2,2,0,0
CARRIER_F,2026-08-11 20:00,BUGANG,40FT,0,0,0,0,2,2,0,0
CARRIER_F,2026-08-11 21:00,BUGANG,40FT,0,0,0,0,2,2,0,0
CARRIER_F,2026-08-11 22:00,BUGANG,40FT,0,0,0,0,2,2,0,0
CARRIER_F,2026-08-11 23:00,BUGANG,40FT,0,0,0,0,2,2,0,0
CARRIER_F,2026-08-12 00:00,BUGANG,40FT,0,0,0,0,2,2,0,0
CARRIER_F,2026-08-12 01:00,BUGANG,40FT,0,0,0,0,2,2,0,0
CARRIER_F,2026-08-12 02:00,BUGANG,40FT,0,0,0,0,2,2,0,0
CARRIER_F,2026-08-12 03:00,BUGANG,40FT,0,0,0,0,2,2,0,0
CARRIER_F,2026-08-12 04:00,BUGANG,40FT,0,0,0,0,2,2,0,0
CARRIER_F,2026-08-12 05:00,BUGANG,40FT,0,0,0,0,2,2,0,0
CARRIER_F,2026-08-12 06:00,BUGANG,40FT,0,0,0,0,2,2,0,0
CARRIER_F,2026-08-12 07:00,BUGANG,40FT,0,0,0,0,2,2,0,0
CARRIER_F,2026-08-12 08:00,BUGANG,40FT,0,0,0,0,2,2,0,0
CARRIER_F,2026-08-12 09:00,BUGANG,40FT,0,1,0,0,3,3,0,0
CARRIER_F,2026-08-12 10:00,BUGANG,40FT,0,0,0,0,3,3,0,0
CARRIER_F,2026-08-12 11:00,BUGANG,40FT,0,0,0,0,3,3,0,0
CARRIER_F,2026-08-12 12:00,BUGANG,40FT,0,0,0,0,3,3,0,0
CARRIER_F,2026-08-12 13:00,BUGANG,40FT,0,0,0,0,3,3,0,0
CARRIER_F,2026-08-12 14:00,BUGANG,40FT,0,0,0,0,3,3,0,0
CARRIER_F,2026-08-12 15:00,BUGANG,40FT,0,1,0,0,4,4,0,0
CARRIER_F,2026-08-12 16:00,BUGANG,40FT,0,0,0,0,4,4,0,0
CARRIER_F,2026-08-12 17:00,BUGANG,40FT,0,0,0,0,4,4,0,0
CARRIER_F,2026-08-12 18:00,BUGANG,40FT,0,0,0,0,4,4,0,0
CARRIER_F,2026-08-12 19:00,BUGANG,40FT,0,0,0,0,4,4,0,0
CARRIER_F,2026-08-12 20:00,BUGANG,40FT,0,0,0,0,4,4,0,0
CARRIER_F,2026-08-12 21:00,BUGANG,40FT,0,0,0,0,4,4,0,0
CARRIER_F,2026-08-12 22:00,BUGANG,40FT,0,0,0,0,4,4,0,0
CARRIER_F,2026-08-12 23:00,BUGANG,40FT,0,0,0,0,4,4,0,0
CARRIER_F,2026-08-13 00:00,BUGANG,40FT,0,0,0,0,4,4,0,0
CARRIER_F,2026-08-13 01:00,BUGANG,40FT,0,0,0,0,4,4,0,0
CARRIER_F,2026-08-13 02:00,BUGANG,40FT,0,0,0,0,4,4,0,0
CARRIER_F,2026-08-13 03:00,BUGANG,40FT,0,0,0,0,4,4,0,0
CARRIER_F,2026-08-13 04:00,BUGANG,40FT,0,0,0,0,4,4,0,0
CARRIER_F,2026-08-13 05:00,BUGANG,40FT,0,0,0,0,4,4,0,0
CARRIER_F,2026-08-13 06:00,BUGANG,40FT,0,0,0,0,4,4,0,0
CARRIER_F,2026-08-13 07:00,BUGANG,40FT,0,0,0,0,4,4,0,0
CARRIER_F,2026-08-13 08:00,BUGANG,40FT,0,0,0,0,4,4,0,0
CARRIER_F,2026-08-13 09:00,BUGANG,40FT,0,0,0,0,4,4,0,0
CARRIER_F,2026-08-13 10:00,BUGANG,40FT,0,0,0,0,4,4,0,0
CARRIER_F,2026-08-13 11:00,BUGANG,40FT,0,0,0,0,4,4,0,0
CARRIER_F,2026-08-13 12:00,BUGANG,40FT,0,0,0,0,4,4,0,0
CARRIER_F,2026-08-13 13:00,BUGANG,40FT,0,0,0,0,4,4,0,0
CARRIER_F,2026-08-13 14:00,BUGANG,40FT,0,0,0,0,4,4,0,0
CARRIER_F,2026-08-13 15:00,BUGANG,40FT,0,0,0,0,4,4,0,0
CARRIER_F,2026-08-13 16:00,BUGANG,40FT,1,0,0,0,3,3,0,0
CARRIER_F,2026-08-13 17:00,BUGANG,40FT,0,0,0,0,3,3,0,0
CARRIER_F,2026-08-13 18:00,BUGANG,40FT,0,0,0,0,3,3,0,0
CARRIER_F,2026-08-13 19:00,BUGANG,40FT,0,0,0,0,3,3,0,0
CARRIER_F,2026-08-13 20:00,BUGANG,40FT,0,0,0,0,3,3,0,0
CARRIER_F,2026-08-13 21:00,BUGANG,40FT,0,0,0,0,3,3,0,0
CARRIER_F,2026-08-13 22:00,BUGANG,40FT,0,0,0,0,3,3,0,0
CARRIER_F,2026-08-13 23:00,BUGANG,40FT,0,0,0,0,3,3,0,0
CARRIER_F,2026-08-14 00:00,BUGANG,40FT,0,0,0,0,3,3,0,0
CARRIER_F,2026-08-14 01:00,BUGANG,40FT,0,0,0,0,3,3,0,0
CARRIER_F,2026-08-14 02:00,BUGANG,40FT,0,0,0,0,3,3,0,0
CARRIER_F,2026-08-14 03:00,BUGANG,40FT,0,0,0,0,3,3,0,0
CARRIER_F,2026-08-14 04:00,BUGANG,40FT,0,0,0,0,3,3,0,0
CARRIER_F,2026-08-14 05:00,BUGANG,40FT,0,0,0,0,3,3,0,0
CARRIER_F,2026-08-14 06:00,BUGANG,40FT,0,0,0,0,3,3,0,0
CARRIER_F,2026-08-14 07:00,BUGANG,40FT,0,0,0,0,3,3,0,0
CARRIER_F,2026-08-14 08:00,BUGANG,40FT,0,0,0,0,3,3,0,0
CARRIER_F,2026-08-14 09:00,BUGANG,40FT,0,0,0,0,3,3,0,0
CARRIER_F,2026-08-14 10:00,BUGANG,40FT,0,0,0,0,3,3,0,0
CARRIER_F,2026-08-14 11:00,BUGANG,40FT,0,0,0,0,3,3,0,0
CARRIER_F,2026-08-14 12:00,BUGANG,40FT,0,0,0,0,3,3,0,0
CARRIER_F,2026-08-14 13:00,BUGANG,40FT,0,1,0,0,4,4,0,0
CARRIER_F,2026-08-14 14:00,BUGANG,40FT,0,0,0,0,4,4,0,0
CARRIER_F,2026-08-14 15:00,BUGANG,40FT,0,0,0,0,4,4,0,0
CARRIER_F,2026-08-14 16:00,BUGANG,40FT,0,0,0,0,4,4,0,0
CARRIER_F,2026-08-14 17:00,BUGANG,40FT,0,0,0,0,4,4,0,0
CARRIER_F,2026-08-14 18:00,BUGANG,40FT,0,0,0,0,4,4,0,0
CARRIER_F,2026-08-14 19:00,BUGANG,40FT,0,0,0,0,4,4,0,0
CARRIER_F,2026-08-14 20:00,BUGANG,40FT,0,0,0,0,4,4,0,0
CARRIER_F,2026-08-14 21:00,BUGANG,40FT,0,0,0,0,4,4,0,0
CARRIER_F,2026-08-14 22:00,BUGANG,40FT,0,0,0,0,4,4,0,0
CARRIER_F,2026-08-14 23:00,BUGANG,40FT,0,0,0,0,4,4,0,0
CARRIER_F,2026-08-15 00:00,BUGANG,40FT,0,0,0,0,4,4,0,0
CARRIER_F,2026-08-15 01:00,BUGANG,40FT,0,0,0,0,4,4,0,0
CARRIER_F,2026-08-15 02:00,BUGANG,40FT,0,0,0,0,4,4,0,0
CARRIER_F,2026-08-15 03:00,BUGANG,40FT,0,0,0,0,4,4,0,0
CARRIER_F,2026-08-15 04:00,BUGANG,40FT,0,0,0,0,4,4,0,0
CARRIER_F,2026-08-15 05:00,BUGANG,40FT,0,0,0,0,4,4,0,0
CARRIER_F,2026-08-15 06:00,BUGANG,40FT,0,0,0,0,4,4,0,0
CARRIER_F,2026-08-15 07:00,BUGANG,40FT,0,0,0,0,4,4,0,0
CARRIER_F,2026-08-15 08:00,BUGANG,40FT,0,0,0,0,4,4,0,0
CARRIER_F,2026-08-15 09:00,BUGANG,40FT,0,0,0,0,4,4,0,0
CARRIER_F,2026-08-15 10:00,BUGANG,40FT,0,0,0,0,4,4,0,0
CARRIER_F,2026-08-15 11:00,BUGANG,40FT,1,0,0,0,3,3,0,0
CARRIER_F,2026-08-15 12:00,BUGANG,40FT,0,0,0,0,3,3,0,0
CARRIER_F,2026-08-15 13:00,BUGANG,40FT,0,0,0,0,3,3,0,0
CARRIER_F,2026-08-15 14:00,BUGANG,40FT,0,0,0,0,3,3,0,0
CARRIER_F,2026-08-15 15:00,BUGANG,40FT,0,0,0,0,3,3,0,0
CARRIER_F,2026-08-15 16:00,BUGANG,40FT,0,0,0,0,3,3,0,0
CARRIER_F,2026-08-15 17:00,BUGANG,40FT,0,0,0,0,3,3,0,0
CARRIER_F,2026-08-15 18:00,BUGANG,40FT,0,0,0,0,3,3,0,0
CARRIER_F,2026-08-15 19:00,BUGANG,40FT,0,0,0,0,3,3,0,0
CARRIER_F,2026-08-15 20:00,BUGANG,40FT,0,0,0,0,3,3,0,0
CARRIER_F,2026-08-15 21:00,BUGANG,40FT,0,0,0,0,3,3,0,0
CARRIER_F,2026-08-15 22:00,BUGANG,40FT,0,0,0,0,3,3,0,0
CARRIER_F,2026-08-15 23:00,BUGANG,40FT,0,0,0,0,3,3,0,0
CARRIER_F,2026-08-16 00:00,BUGANG,40FT,0,0,0,0,3,3,0,0
CARRIER_F,2026-08-16 01:00,BUGANG,40FT,0,0,0,0,3,3,0,0
CARRIER_F,2026-08-16 02:00,BUGANG,40FT,0,0,0,0,3,3,0,0
CARRIER_F,2026-08-16 03:00,BUGANG,40FT,0,0,0,0,3,3,0,0
CARRIER_F,2026-08-16 04:00,BUGANG,40FT,0,0,0,0,3,3,0,0
CARRIER_F,2026-08-16 05:00,BUGANG,40FT,0,0,0,0,3,3,0,0
CARRIER_F,2026-08-16 06:00,BUGANG,40FT,0,0,0,0,3,3,0,0
CARRIER_F,2026-08-16 07:00,BUGANG,40FT,0,0,0,0,3,3,0,0
CARRIER_F,2026-08-16 08:00,BUGANG,40FT,0,0,0,0,3,3,0,0
CARRIER_F,2026-08-16 09:00,BUGANG,40FT,0,1,0,0,4,4,0,0
CARRIER_F,2026-08-16 10:00,BUGANG,40FT,0,0,0,0,4,4,0,0
CARRIER_F,2026-08-16 11:00,BUGANG,40FT,0,0,0,0,4,4,0,0
CARRIER_F,2026-08-16 12:00,BUGANG,40FT,0,0,0,0,4,4,0,0
CARRIER_F,2026-08-16 13:00,BUGANG,40FT,0,0,0,0,4,4,0,0
CARRIER_F,2026-08-16 14:00,BUGANG,40FT,0,0,0,0,4,4,0,0
CARRIER_F,2026-08-16 15:00,BUGANG,40FT,0,0,0,0,4,4,0,0
CARRIER_F,2026-08-16 16:00,BUGANG,40FT,0,0,0,0,4,4,0,0
CARRIER_F,2026-08-16 17:00,BUGANG,40FT,1,0,0,0,3,3,0,0
CARRIER_F,2026-08-16 18:00,BUGANG,40FT,0,0,0,0,3,3,0,0
CARRIER_F,2026-08-16 19:00,BUGANG,40FT,0,0,0,0,3,3,0,0
CARRIER_F,2026-08-16 20:00,BUGANG,40FT,0,0,0,0,3,3,0,0
CARRIER_F,2026-08-16 21:00,BUGANG,40FT,0,0,0,0,3,3,0,0
CARRIER_F,2026-08-16 22:00,BUGANG,40FT,0,0,0,0,3,3,0,0
CARRIER_F,2026-08-16 23:00,BUGANG,40FT,0,0,0,0,3,3,0,0
CARRIER_F,2026-08-10 00:00,BUSAN,20FT,0,0,0,0,3,3,0,0
CARRIER_F,2026-08-10 01:00,BUSAN,20FT,0,0,0,0,3,3,0,0
CARRIER_F,2026-08-10 02:00,BUSAN,20FT,0,0,0,0,3,3,0,0
CARRIER_F,2026-08-10 03:00,BUSAN,20FT,0,0,0,0,3,3,0,0
CARRIER_F,2026-08-10 04:00,BUSAN,20FT,0,0,0,0,3,3,0,0
CARRIER_F,2026-08-10 05:00,BUSAN,20FT,0,0,0,0,3,3,0,0
CARRIER_F,2026-08-10 06:00,BUSAN,20FT,0,0,0,0,3,3,0,0
CARRIER_F,2026-08-10 07:00,BUSAN,20FT,0,0,0,0,3,3,0,0
CARRIER_F,2026-08-10 08:00,BUSAN,20FT,1,0,0,0,2,2,0,0
CARRIER_F,2026-08-10 09:00,BUSAN,20FT,0,0,0,0,2,2,0,0
CARRIER_F,2026-08-10 10:00,BUSAN,20FT,0,0,0,0,2,2,0,0
CARRIER_F,2026-08-10 11:00,BUSAN,20FT,1,0,0,0,1,1,0,0
CARRIER_F,2026-08-10 12:00,BUSAN,20FT,0,0,0,0,1,1,0,0
CARRIER_F,2026-08-10 13:00,BUSAN,20FT,0,0,0,0,1,1,0,0
CARRIER_F,2026-08-10 14:00,BUSAN,20FT,0,0,0,0,1,1,0,0
CARRIER_F,2026-08-10 15:00,BUSAN,20FT,0,0,0,0,1,1,0,0
CARRIER_F,2026-08-10 16:00,BUSAN,20FT,0,0,0,0,1,1,0,0
CARRIER_F,2026-08-10 17:00,BUSAN,20FT,0,0,0,0,1,1,0,0
CARRIER_F,2026-08-10 18:00,BUSAN,20FT,0,0,0,0,1,1,0,0
CARRIER_F,2026-08-10 19:00,BUSAN,20FT,0,0,0,0,1,1,0,0
CARRIER_F,2026-08-10 20:00,BUSAN,20FT,0,0,0,0,1,1,0,0
CARRIER_F,2026-08-10 21:00,BUSAN,20FT,0,0,4,0,1,5,0,0
CARRIER_F,2026-08-10 22:00,BUSAN,20FT,0,0,0,0,1,5,0,0
CARRIER_F,2026-08-10 23:00,BUSAN,20FT,0,0,0,0,1,5,0,0
CARRIER_F,2026-08-11 00:00,BUSAN,20FT,0,0,0,0,1,5,0,0
CARRIER_F,2026-08-11 01:00,BUSAN,20FT,0,0,0,0,1,5,0,0
CARRIER_F,2026-08-11 02:00,BUSAN,20FT,0,0,0,0,1,5,0,0
CARRIER_F,2026-08-11 03:00,BUSAN,20FT,0,0,0,0,1,5,0,0
CARRIER_F,2026-08-11 04:00,BUSAN,20FT,0,0,0,0,1,5,0,0
CARRIER_F,2026-08-11 05:00,BUSAN,20FT,0,0,0,0,1,5,0,0
CARRIER_F,2026-08-11 06:00,BUSAN,20FT,1,0,0,0,0,4,0,0
CARRIER_F,2026-08-11 07:00,BUSAN,20FT,0,0,0,0,0,4,0,0
CARRIER_F,2026-08-11 08:00,BUSAN,20FT,0,1,0,0,1,5,0,0
CARRIER_F,2026-08-11 09:00,BUSAN,20FT,0,0,0,0,1,5,0,0
CARRIER_F,2026-08-11 10:00,BUSAN,20FT,0,0,0,0,1,5,0,0
CARRIER_F,2026-08-11 11:00,BUSAN,20FT,1,0,0,0,0,4,0,0
CARRIER_F,2026-08-11 12:00,BUSAN,20FT,0,0,0,0,0,4,0,0
CARRIER_F,2026-08-11 13:00,BUSAN,20FT,0,0,0,0,0,4,0,0
CARRIER_F,2026-08-11 14:00,BUSAN,20FT,1,0,0,0,0,3,1,0
CARRIER_F,2026-08-11 15:00,BUSAN,20FT,0,0,0,0,0,3,0,0
CARRIER_F,2026-08-11 16:00,BUSAN,20FT,0,0,0,0,0,3,0,0
CARRIER_F,2026-08-11 17:00,BUSAN,20FT,0,0,0,0,0,3,0,0
CARRIER_F,2026-08-11 18:00,BUSAN,20FT,0,0,0,0,0,3,0,0
CARRIER_F,2026-08-11 19:00,BUSAN,20FT,0,0,0,0,0,3,0,0
CARRIER_F,2026-08-11 20:00,BUSAN,20FT,0,0,0,0,0,3,0,0
CARRIER_F,2026-08-11 21:00,BUSAN,20FT,0,0,0,0,0,3,0,0
CARRIER_F,2026-08-11 22:00,BUSAN,20FT,0,0,0,0,0,3,0,0
CARRIER_F,2026-08-11 23:00,BUSAN,20FT,0,0,0,0,0,3,0,0
CARRIER_F,2026-08-12 00:00,BUSAN,20FT,0,0,0,0,0,3,0,0
CARRIER_F,2026-08-12 01:00,BUSAN,20FT,0,0,0,0,0,3,0,0
CARRIER_F,2026-08-12 02:00,BUSAN,20FT,0,0,0,0,0,3,0,0
CARRIER_F,2026-08-12 03:00,BUSAN,20FT,0,0,0,0,0,3,0,0
CARRIER_F,2026-08-12 04:00,BUSAN,20FT,0,0,0,0,0,3,0,0
CARRIER_F,2026-08-12 05:00,BUSAN,20FT,0,0,0,0,0,3,0,0
CARRIER_F,2026-08-12 06:00,BUSAN,20FT,0,0,0,0,0,3,0,0
CARRIER_F,2026-08-12 07:00,BUSAN,20FT,1,0,0,0,0,2,1,0
CARRIER_F,2026-08-12 08:00,BUSAN,20FT,0,0,0,0,0,2,0,0
CARRIER_F,2026-08-12 09:00,BUSAN,20FT,0,0,0,0,0,2,0,0
CARRIER_F,2026-08-12 10:00,BUSAN,20FT,0,0,0,0,0,2,0,0
CARRIER_F,2026-08-12 11:00,BUSAN,20FT,1,0,0,0,0,1,1,0
CARRIER_F,2026-08-12 12:00,BUSAN,20FT,0,0,0,0,0,1,0,0
CARRIER_F,2026-08-12 13:00,BUSAN,20FT,0,1,0,0,1,2,0,0
CARRIER_F,2026-08-12 14:00,BUSAN,20FT,0,0,0,0,1,2,0,0
CARRIER_F,2026-08-12 15:00,BUSAN,20FT,0,0,0,0,1,2,0,0
CARRIER_F,2026-08-12 16:00,BUSAN,20FT,1,0,0,0,0,1,0,0
CARRIER_F,2026-08-12 17:00,BUSAN,20FT,0,0,0,0,0,1,0,0
CARRIER_F,2026-08-12 18:00,BUSAN,20FT,0,0,0,0,0,1,0,0
CARRIER_F,2026-08-12 19:00,BUSAN,20FT,0,0,0,0,0,1,0,0
CARRIER_F,2026-08-12 20:00,BUSAN,20FT,0,0,0,0,0,1,0,0
CARRIER_F,2026-08-12 21:00,BUSAN,20FT,0,0,0,0,0,1,0,0
CARRIER_F,2026-08-12 22:00,BUSAN,20FT,0,0,0,0,0,1,0,0
CARRIER_F,2026-08-12 23:00,BUSAN,20FT,0,0,0,0,0,1,0,0
CARRIER_F,2026-08-13 00:00,BUSAN,20FT,0,0,0,0,0,1,0,0
CARRIER_F,2026-08-13 01:00,BUSAN,20FT,0,0,0,0,0,1,0,0
CARRIER_F,2026-08-13 02:00,BUSAN,20FT,0,0,0,0,0,1,0,0
CARRIER_F,2026-08-13 03:00,BUSAN,20FT,0,0,0,0,0,1,0,0
CARRIER_F,2026-08-13 04:00,BUSAN,20FT,0,0,0,0,0,1,0,0
CARRIER_F,2026-08-13 05:00,BUSAN,20FT,0,0,0,0,0,1,0,0
CARRIER_F,2026-08-13 06:00,BUSAN,20FT,0,0,0,0,0,1,0,0
CARRIER_F,2026-08-13 07:00,BUSAN,20FT,0,0,0,0,0,1,0,0
CARRIER_F,2026-08-13 08:00,BUSAN,20FT,1,0,0,0,0,0,1,0
CARRIER_F,2026-08-13 09:00,BUSAN,20FT,0,0,0,0,0,0,0,0
CARRIER_F,2026-08-13 10:00,BUSAN,20FT,0,1,0,0,1,1,0,0
CARRIER_F,2026-08-13 11:00,BUSAN,20FT,0,0,0,0,1,1,0,0
CARRIER_F,2026-08-13 12:00,BUSAN,20FT,0,0,0,0,1,1,0,0
CARRIER_F,2026-08-13 13:00,BUSAN,20FT,1,2,0,0,2,2,0,0
CARRIER_F,2026-08-13 14:00,BUSAN,20FT,0,0,0,0,2,2,0,0
CARRIER_F,2026-08-13 15:00,BUSAN,20FT,0,1,0,0,3,3,0,0
CARRIER_F,2026-08-13 16:00,BUSAN,20FT,0,0,0,0,3,3,0,0
CARRIER_F,2026-08-13 17:00,BUSAN,20FT,0,0,0,0,3,3,0,0
CARRIER_F,2026-08-13 18:00,BUSAN,20FT,1,0,0,0,2,2,0,0
CARRIER_F,2026-08-13 19:00,BUSAN,20FT,0,0,0,0,2,2,0,0
CARRIER_F,2026-08-13 20:00,BUSAN,20FT,0,0,0,0,2,2,0,0
CARRIER_F,2026-08-13 21:00,BUSAN,20FT,0,0,0,0,2,2,0,0
CARRIER_F,2026-08-13 22:00,BUSAN,20FT,0,0,0,0,2,2,0,0
CARRIER_F,2026-08-13 23:00,BUSAN,20FT,0,0,0,0,2,2,0,0
CARRIER_F,2026-08-14 00:00,BUSAN,20FT,0,0,0,0,2,2,0,0
CARRIER_F,2026-08-14 01:00,BUSAN,20FT,0,0,0,0,2,2,0,0
CARRIER_F,2026-08-14 02:00,BUSAN,20FT,0,0,0,0,2,2,0,0
CARRIER_F,2026-08-14 03:00,BUSAN,20FT,0,0,0,0,2,2,0,0
CARRIER_F,2026-08-14 04:00,BUSAN,20FT,0,0,0,0,2,2,0,0
CARRIER_F,2026-08-14 05:00,BUSAN,20FT,0,0,0,0,2,2,0,0
CARRIER_F,2026-08-14 06:00,BUSAN,20FT,0,0,0,0,2,2,0,0
CARRIER_F,2026-08-14 07:00,BUSAN,20FT,0,0,0,0,2,2,0,0
CARRIER_F,2026-08-14 08:00,BUSAN,20FT,0,0,0,0,2,2,0,0
CARRIER_F,2026-08-14 09:00,BUSAN,20FT,0,0,0,0,2,2,0,0
CARRIER_F,2026-08-14 10:00,BUSAN,20FT,0,0,0,0,2,2,0,0
CARRIER_F,2026-08-14 11:00,BUSAN,20FT,1,0,0,0,1,1,0,0
CARRIER_F,2026-08-14 12:00,BUSAN,20FT,0,0,0,0,1,1,0,0
CARRIER_F,2026-08-14 13:00,BUSAN,20FT,0,0,0,0,1,1,0,0
CARRIER_F,2026-08-14 14:00,BUSAN,20FT,0,0,0,0,1,1,0,0
CARRIER_F,2026-08-14 15:00,BUSAN,20FT,0,0,0,0,1,1,0,0
CARRIER_F,2026-08-14 16:00,BUSAN,20FT,0,0,0,0,1,1,0,0
CARRIER_F,2026-08-14 17:00,BUSAN,20FT,0,0,0,0,1,1,0,0
CARRIER_F,2026-08-14 18:00,BUSAN,20FT,0,0,0,0,1,1,0,0
CARRIER_F,2026-08-14 19:00,BUSAN,20FT,0,0,0,0,1,1,0,0
CARRIER_F,2026-08-14 20:00,BUSAN,20FT,0,1,0,0,2,2,0,0
CARRIER_F,2026-08-14 21:00,BUSAN,20FT,0,0,0,0,2,2,0,0
CARRIER_F,2026-08-14 22:00,BUSAN,20FT,0,0,0,0,2,2,0,0
CARRIER_F,2026-08-14 23:00,BUSAN,20FT,0,0,0,0,2,2,0,0
CARRIER_F,2026-08-15 00:00,BUSAN,20FT,0,0,0,0,2,2,0,0
CARRIER_F,2026-08-15 01:00,BUSAN,20FT,0,0,0,0,2,2,0,0
CARRIER_F,2026-08-15 02:00,BUSAN,20FT,0,0,0,0,2,2,0,0
CARRIER_F,2026-08-15 03:00,BUSAN,20FT,0,0,0,0,2,2,0,0
CARRIER_F,2026-08-15 04:00,BUSAN,20FT,0,0,0,0,2,2,0,0
CARRIER_F,2026-08-15 05:00,BUSAN,20FT,0,0,0,0,2,2,0,0
CARRIER_F,2026-08-15 06:00,BUSAN,20FT,1,0,0,0,1,1,0,0
CARRIER_F,2026-08-15 07:00,BUSAN,20FT,0,0,0,0,1,1,0,0
CARRIER_F,2026-08-15 08:00,BUSAN,20FT,0,0,0,0,1,1,0,0
CARRIER_F,2026-08-15 09:00,BUSAN,20FT,0,0,0,0,1,1,0,0
CARRIER_F,2026-08-15 10:00,BUSAN,20FT,0,0,0,0,1,1,0,0
CARRIER_F,2026-08-15 11:00,BUSAN,20FT,0,0,0,0,1,1,0,0
CARRIER_F,2026-08-15 12:00,BUSAN,20FT,0,0,0,0,1,1,0,0
CARRIER_F,2026-08-15 13:00,BUSAN,20FT,0,0,0,0,1,1,0,0
CARRIER_F,2026-08-15 14:00,BUSAN,20FT,0,0,0,0,1,1,0,0
CARRIER_F,2026-08-15 15:00,BUSAN,20FT,0,0,0,0,1,1,0,0
CARRIER_F,2026-08-15 16:00,BUSAN,20FT,0,0,0,0,1,1,0,0
CARRIER_F,2026-08-15 17:00,BUSAN,20FT,0,0,0,0,1,1,0,0
CARRIER_F,2026-08-15 18:00,BUSAN,20FT,0,0,0,0,1,1,0,0
CARRIER_F,2026-08-15 19:00,BUSAN,20FT,0,0,0,0,1,1,0,0
CARRIER_F,2026-08-15 20:00,BUSAN,20FT,0,0,0,0,1,1,0,0
CARRIER_F,2026-08-15 21:00,BUSAN,20FT,0,0,0,0,1,1,0,0
CARRIER_F,2026-08-15 22:00,BUSAN,20FT,0,0,0,0,1,1,0,0
CARRIER_F,2026-08-15 23:00,BUSAN,20FT,0,0,0,0,1,1,0,0
CARRIER_F,2026-08-16 00:00,BUSAN,20FT,0,0,0,0,1,1,0,0
CARRIER_F,2026-08-16 01:00,BUSAN,20FT,0,0,0,0,1,1,0,0
CARRIER_F,2026-08-16 02:00,BUSAN,20FT,0,0,0,0,1,1,0,0
CARRIER_F,2026-08-16 03:00,BUSAN,20FT,0,0,0,0,1,1,0,0
CARRIER_F,2026-08-16 04:00,BUSAN,20FT,0,0,0,0,1,1,0,0
CARRIER_F,2026-08-16 05:00,BUSAN,20FT,0,0,0,0,1,1,0,0
CARRIER_F,2026-08-16 06:00,BUSAN,20FT,0,0,0,0,1,1,0,0
CARRIER_F,2026-08-16 07:00,BUSAN,20FT,1,0,0,0,0,0,0,0
CARRIER_F,2026-08-16 08:00,BUSAN,20FT,0,0,0,0,0,0,0,0
CARRIER_F,2026-08-16 09:00,BUSAN,20FT,0,0,0,0,0,0,0,0
CARRIER_F,2026-08-16 10:00,BUSAN,20FT,0,0,0,0,0,0,0,0
CARRIER_F,2026-08-16 11:00,BUSAN,20FT,0,1,0,0,1,1,0,0
CARRIER_F,2026-08-16 12:00,BUSAN,20FT,0,0,0,0,1,1,0,0
CARRIER_F,2026-08-16 13:00,BUSAN,20FT,0,0,0,0,1,1,0,0
CARRIER_F,2026-08-16 14:00,BUSAN,20FT,1,0,0,0,0,0,0,0
CARRIER_F,2026-08-16 15:00,BUSAN,20FT,0,0,0,0,0,0,0,0
CARRIER_F,2026-08-16 16:00,BUSAN,20FT,0,0,0,0,0,0,0,0
CARRIER_F,2026-08-16 17:00,BUSAN,20FT,0,0,0,0,0,0,0,0
CARRIER_F,2026-08-16 18:00,BUSAN,20FT,0,0,0,0,0,0,0,0
CARRIER_F,2026-08-16 19:00,BUSAN,20FT,0,1,0,0,1,1,0,0
CARRIER_F,2026-08-16 20:00,BUSAN,20FT,0,0,0,0,1,1,0,0
CARRIER_F,2026-08-16 21:00,BUSAN,20FT,0,0,0,0,1,1,0,0
CARRIER_F,2026-08-16 22:00,BUSAN,20FT,0,0,0,0,1,1,0,0
CARRIER_F,2026-08-16 23:00,BUSAN,20FT,0,0,0,0,1,1,0,0
CARRIER_F,2026-08-10 00:00,BUSAN,40FT,0,0,0,0,0,0,0,0
CARRIER_F,2026-08-10 01:00,BUSAN,40FT,0,0,0,0,0,0,0,0
CARRIER_F,2026-08-10 02:00,BUSAN,40FT,0,0,0,0,0,0,0,0
CARRIER_F,2026-08-10 03:00,BUSAN,40FT,0,0,0,0,0,0,0,0
CARRIER_F,2026-08-10 04:00,BUSAN,40FT,0,0,0,0,0,0,0,0
CARRIER_F,2026-08-10 05:00,BUSAN,40FT,0,0,0,0,0,0,0,0
CARRIER_F,2026-08-10 06:00,BUSAN,40FT,0,0,0,0,0,0,0,0
CARRIER_F,2026-08-10 07:00,BUSAN,40FT,0,0,0,0,0,0,0,0
CARRIER_F,2026-08-10 08:00,BUSAN,40FT,0,0,0,0,0,0,0,0
CARRIER_F,2026-08-10 09:00,BUSAN,40FT,0,0,0,0,0,0,0,0
CARRIER_F,2026-08-10 10:00,BUSAN,40FT,0,0,0,0,0,0,0,0
CARRIER_F,2026-08-10 11:00,BUSAN,40FT,0,0,0,0,0,0,0,0
CARRIER_F,2026-08-10 12:00,BUSAN,40FT,0,0,0,0,0,0,0,0
CARRIER_F,2026-08-10 13:00,BUSAN,40FT,0,0,0,0,0,0,0,0
CARRIER_F,2026-08-10 14:00,BUSAN,40FT,0,0,0,0,0,0,0,0
CARRIER_F,2026-08-10 15:00,BUSAN,40FT,0,0,0,0,0,0,0,0
CARRIER_F,2026-08-10 16:00,BUSAN,40FT,0,0,0,0,0,0,0,0
CARRIER_F,2026-08-10 17:00,BUSAN,40FT,0,0,0,0,0,0,0,0
CARRIER_F,2026-08-10 18:00,BUSAN,40FT,0,0,0,0,0,0,0,0
CARRIER_F,2026-08-10 19:00,BUSAN,40FT,0,0,0,0,0,0,0,0
CARRIER_F,2026-08-10 20:00,BUSAN,40FT,0,0,0,0,0,0,0,0
CARRIER_F,2026-08-10 21:00,BUSAN,40FT,0,0,0,0,0,0,0,0
CARRIER_F,2026-08-10 22:00,BUSAN,40FT,0,0,0,0,0,0,0,0
CARRIER_F,2026-08-10 23:00,BUSAN,40FT,0,0,0,0,0,0,0,0
CARRIER_F,2026-08-11 00:00,BUSAN,40FT,0,0,0,0,0,0,0,0
CARRIER_F,2026-08-11 01:00,BUSAN,40FT,0,0,0,0,0,0,0,0
CARRIER_F,2026-08-11 02:00,BUSAN,40FT,0,0,0,0,0,0,0,0
CARRIER_F,2026-08-11 03:00,BUSAN,40FT,0,0,0,0,0,0,0,0
CARRIER_F,2026-08-11 04:00,BUSAN,40FT,0,0,0,0,0,0,0,0
CARRIER_F,2026-08-11 05:00,BUSAN,40FT,0,0,0,0,0,0,0,0
CARRIER_F,2026-08-11 06:00,BUSAN,40FT,0,0,0,0,0,0,0,0
CARRIER_F,2026-08-11 07:00,BUSAN,40FT,0,0,0,0,0,0,0,0
CARRIER_F,2026-08-11 08:00,BUSAN,40FT,0,0,0,0,0,0,0,0
CARRIER_F,2026-08-11 09:00,BUSAN,40FT,0,0,0,0,0,0,0,0
CARRIER_F,2026-08-11 10:00,BUSAN,40FT,0,0,0,0,0,0,0,0
CARRIER_F,2026-08-11 11:00,BUSAN,40FT,0,0,0,0,0,0,0,0
CARRIER_F,2026-08-11 12:00,BUSAN,40FT,0,0,0,0,0,0,0,0
CARRIER_F,2026-08-11 13:00,BUSAN,40FT,0,0,0,0,0,0,0,0
CARRIER_F,2026-08-11 14:00,BUSAN,40FT,0,0,0,0,0,0,0,0
CARRIER_F,2026-08-11 15:00,BUSAN,40FT,0,0,0,0,0,0,0,0
CARRIER_F,2026-08-11 16:00,BUSAN,40FT,0,0,0,0,0,0,0,0
CARRIER_F,2026-08-11 17:00,BUSAN,40FT,0,0,0,0,0,0,0,0
CARRIER_F,2026-08-11 18:00,BUSAN,40FT,0,0,0,0,0,0,0,0
CARRIER_F,2026-08-11 19:00,BUSAN,40FT,0,0,0,0,0,0,0,0
CARRIER_F,2026-08-11 20:00,BUSAN,40FT,0,1,0,0,1,1,0,0
CARRIER_F,2026-08-11 21:00,BUSAN,40FT,0,0,0,0,1,1,0,0
CARRIER_F,2026-08-11 22:00,BUSAN,40FT,0,0,0,0,1,1,0,0
CARRIER_F,2026-08-11 23:00,BUSAN,40FT,0,0,0,0,1,1,0,0
CARRIER_F,2026-08-12 00:00,BUSAN,40FT,0,0,0,0,1,1,0,0
CARRIER_F,2026-08-12 01:00,BUSAN,40FT,0,0,0,0,1,1,0,0
CARRIER_F,2026-08-12 02:00,BUSAN,40FT,0,0,0,0,1,1,0,0
CARRIER_F,2026-08-12 03:00,BUSAN,40FT,0,0,0,0,1,1,0,0
CARRIER_F,2026-08-12 04:00,BUSAN,40FT,0,0,0,0,1,1,0,0
CARRIER_F,2026-08-12 05:00,BUSAN,40FT,0,0,0,0,1,1,0,0
CARRIER_F,2026-08-12 06:00,BUSAN,40FT,0,0,0,0,1,1,0,0
CARRIER_F,2026-08-12 07:00,BUSAN,40FT,0,0,0,0,1,1,0,0
CARRIER_F,2026-08-12 08:00,BUSAN,40FT,0,0,0,0,1,1,0,0
CARRIER_F,2026-08-12 09:00,BUSAN,40FT,1,0,0,0,0,0,0,0
CARRIER_F,2026-08-12 10:00,BUSAN,40FT,0,0,0,0,0,0,0,0
CARRIER_F,2026-08-12 11:00,BUSAN,40FT,0,0,0,0,0,0,0,0
CARRIER_F,2026-08-12 12:00,BUSAN,40FT,0,0,0,0,0,0,0,0
CARRIER_F,2026-08-12 13:00,BUSAN,40FT,0,0,0,0,0,0,0,0
CARRIER_F,2026-08-12 14:00,BUSAN,40FT,0,0,0,0,0,0,0,0
CARRIER_F,2026-08-12 15:00,BUSAN,40FT,0,0,0,0,0,0,0,0
CARRIER_F,2026-08-12 16:00,BUSAN,40FT,0,0,0,0,0,0,0,0
CARRIER_F,2026-08-12 17:00,BUSAN,40FT,0,0,0,0,0,0,0,0
CARRIER_F,2026-08-12 18:00,BUSAN,40FT,0,0,0,0,0,0,0,0
CARRIER_F,2026-08-12 19:00,BUSAN,40FT,0,0,0,0,0,0,0,0
CARRIER_F,2026-08-12 20:00,BUSAN,40FT,0,0,0,0,0,0,0,0
CARRIER_F,2026-08-12 21:00,BUSAN,40FT,0,0,0,0,0,0,0,0
CARRIER_F,2026-08-12 22:00,BUSAN,40FT,0,0,0,0,0,0,0,0
CARRIER_F,2026-08-12 23:00,BUSAN,40FT,0,0,0,0,0,0,0,0
CARRIER_F,2026-08-13 00:00,BUSAN,40FT,0,0,0,0,0,0,0,0
CARRIER_F,2026-08-13 01:00,BUSAN,40FT,0,0,0,0,0,0,0,0
CARRIER_F,2026-08-13 02:00,BUSAN,40FT,0,0,0,0,0,0,0,0
CARRIER_F,2026-08-13 03:00,BUSAN,40FT,0,0,0,0,0,0,0,0
CARRIER_F,2026-08-13 04:00,BUSAN,40FT,0,0,0,0,0,0,0,0
CARRIER_F,2026-08-13 05:00,BUSAN,40FT,0,0,0,0,0,0,0,0
CARRIER_F,2026-08-13 06:00,BUSAN,40FT,0,0,0,0,0,0,0,0
CARRIER_F,2026-08-13 07:00,BUSAN,40FT,0,0,0,0,0,0,0,0
CARRIER_F,2026-08-13 08:00,BUSAN,40FT,0,0,0,0,0,0,0,0
CARRIER_F,2026-08-13 09:00,BUSAN,40FT,0,0,0,0,0,0,0,0
CARRIER_F,2026-08-13 10:00,BUSAN,40FT,0,0,0,0,0,0,0,0
CARRIER_F,2026-08-13 11:00,BUSAN,40FT,0,0,0,0,0,0,0,0
CARRIER_F,2026-08-13 12:00,BUSAN,40FT,0,0,0,0,0,0,0,0
CARRIER_F,2026-08-13 13:00,BUSAN,40FT,0,0,0,0,0,0,0,0
CARRIER_F,2026-08-13 14:00,BUSAN,40FT,0,0,0,0,0,0,0,0
CARRIER_F,2026-08-13 15:00,BUSAN,40FT,0,0,0,0,0,0,0,0
CARRIER_F,2026-08-13 16:00,BUSAN,40FT,0,0,0,0,0,0,0,0
CARRIER_F,2026-08-13 17:00,BUSAN,40FT,0,0,0,0,0,0,0,0
CARRIER_F,2026-08-13 18:00,BUSAN,40FT,0,0,0,0,0,0,0,0
CARRIER_F,2026-08-13 19:00,BUSAN,40FT,0,0,0,0,0,0,0,0
CARRIER_F,2026-08-13 20:00,BUSAN,40FT,0,0,0,0,0,0,0,0
CARRIER_F,2026-08-13 21:00,BUSAN,40FT,0,0,0,0,0,0,0,0
CARRIER_F,2026-08-13 22:00,BUSAN,40FT,0,0,0,0,0,0,0,0
CARRIER_F,2026-08-13 23:00,BUSAN,40FT,0,0,0,0,0,0,0,0
CARRIER_F,2026-08-14 00:00,BUSAN,40FT,0,0,0,0,0,0,0,0
CARRIER_F,2026-08-14 01:00,BUSAN,40FT,0,0,0,0,0,0,0,0
CARRIER_F,2026-08-14 02:00,BUSAN,40FT,0,0,0,0,0,0,0,0
CARRIER_F,2026-08-14 03:00,BUSAN,40FT,0,0,0,0,0,0,0,0
CARRIER_F,2026-08-14 04:00,BUSAN,40FT,0,0,0,0,0,0,0,0
CARRIER_F,2026-08-14 05:00,BUSAN,40FT,0,0,0,0,0,0,0,0
CARRIER_F,2026-08-14 06:00,BUSAN,40FT,0,0,0,0,0,0,0,0
CARRIER_F,2026-08-14 07:00,BUSAN,40FT,0,0,0,0,0,0,0,0
CARRIER_F,2026-08-14 08:00,BUSAN,40FT,0,0,0,0,0,0,0,0
CARRIER_F,2026-08-14 09:00,BUSAN,40FT,0,0,0,0,0,0,0,0
CARRIER_F,2026-08-14 10:00,BUSAN,40FT,0,0,0,0,0,0,0,0
CARRIER_F,2026-08-14 11:00,BUSAN,40FT,0,0,0,0,0,0,0,0
CARRIER_F,2026-08-14 12:00,BUSAN,40FT,0,0,0,0,0,0,0,0
CARRIER_F,2026-08-14 13:00,BUSAN,40FT,0,0,0,0,0,0,0,0
CARRIER_F,2026-08-14 14:00,BUSAN,40FT,0,0,0,0,0,0,0,0
CARRIER_F,2026-08-14 15:00,BUSAN,40FT,0,0,0,0,0,0,0,0
CARRIER_F,2026-08-14 16:00,BUSAN,40FT,0,0,0,0,0,0,0,0
CARRIER_F,2026-08-14 17:00,BUSAN,40FT,0,0,0,0,0,0,0,0
CARRIER_F,2026-08-14 18:00,BUSAN,40FT,0,0,0,0,0,0,0,0
CARRIER_F,2026-08-14 19:00,BUSAN,40FT,0,0,0,0,0,0,0,0
CARRIER_F,2026-08-14 20:00,BUSAN,40FT,0,0,0,0,0,0,0,0
CARRIER_F,2026-08-14 21:00,BUSAN,40FT,0,0,0,0,0,0,0,0
CARRIER_F,2026-08-14 22:00,BUSAN,40FT,0,0,0,0,0,0,0,0
CARRIER_F,2026-08-14 23:00,BUSAN,40FT,0,0,0,0,0,0,0,0
CARRIER_F,2026-08-15 00:00,BUSAN,40FT,0,0,0,0,0,0,0,0
CARRIER_F,2026-08-15 01:00,BUSAN,40FT,0,0,0,0,0,0,0,0
CARRIER_F,2026-08-15 02:00,BUSAN,40FT,0,0,0,0,0,0,0,0
CARRIER_F,2026-08-15 03:00,BUSAN,40FT,0,0,0,0,0,0,0,0
CARRIER_F,2026-08-15 04:00,BUSAN,40FT,0,0,0,0,0,0,0,0
CARRIER_F,2026-08-15 05:00,BUSAN,40FT,0,0,0,0,0,0,0,0
CARRIER_F,2026-08-15 06:00,BUSAN,40FT,0,0,0,0,0,0,0,0
CARRIER_F,2026-08-15 07:00,BUSAN,40FT,0,0,0,0,0,0,0,0
CARRIER_F,2026-08-15 08:00,BUSAN,40FT,0,0,0,0,0,0,0,0
CARRIER_F,2026-08-15 09:00,BUSAN,40FT,0,0,0,0,0,0,0,0
CARRIER_F,2026-08-15 10:00,BUSAN,40FT,0,0,0,0,0,0,0,0
CARRIER_F,2026-08-15 11:00,BUSAN,40FT,0,0,0,0,0,0,0,0
CARRIER_F,2026-08-15 12:00,BUSAN,40FT,0,0,0,0,0,0,0,0
CARRIER_F,2026-08-15 13:00,BUSAN,40FT,0,0,0,0,0,0,0,0
CARRIER_F,2026-08-15 14:00,BUSAN,40FT,0,0,0,0,0,0,0,0
CARRIER_F,2026-08-15 15:00,BUSAN,40FT,0,1,0,0,1,1,0,0
CARRIER_F,2026-08-15 16:00,BUSAN,40FT,0,0,0,0,1,1,0,0
CARRIER_F,2026-08-15 17:00,BUSAN,40FT,0,0,0,0,1,1,0,0
CARRIER_F,2026-08-15 18:00,BUSAN,40FT,0,0,0,0,1,1,0,0
CARRIER_F,2026-08-15 19:00,BUSAN,40FT,0,0,0,0,1,1,0,0
CARRIER_F,2026-08-15 20:00,BUSAN,40FT,0,0,0,0,1,1,0,0
CARRIER_F,2026-08-15 21:00,BUSAN,40FT,0,0,0,0,1,1,0,0
CARRIER_F,2026-08-15 22:00,BUSAN,40FT,0,0,0,0,1,1,0,0
CARRIER_F,2026-08-15 23:00,BUSAN,40FT,0,0,0,0,1,1,0,0
CARRIER_F,2026-08-16 00:00,BUSAN,40FT,0,0,0,0,1,1,0,0
CARRIER_F,2026-08-16 01:00,BUSAN,40FT,0,0,0,0,1,1,0,0
CARRIER_F,2026-08-16 02:00,BUSAN,40FT,0,0,0,0,1,1,0,0
CARRIER_F,2026-08-16 03:00,BUSAN,40FT,0,0,0,0,1,1,0,0
CARRIER_F,2026-08-16 04:00,BUSAN,40FT,0,0,0,0,1,1,0,0
CARRIER_F,2026-08-16 05:00,BUSAN,40FT,0,0,0,0,1,1,0,0
CARRIER_F,2026-08-16 06:00,BUSAN,40FT,0,0,0,0,1,1,0,0
CARRIER_F,2026-08-16 07:00,BUSAN,40FT,0,0,0,0,1,1,0,0
CARRIER_F,2026-08-16 08:00,BUSAN,40FT,0,0,0,0,1,1,0,0
CARRIER_F,2026-08-16 09:00,BUSAN,40FT,0,0,0,0,1,1,0,0
CARRIER_F,2026-08-16 10:00,BUSAN,40FT,0,0,0,0,1,1,0,0
CARRIER_F,2026-08-16 11:00,BUSAN,40FT,0,0,0,0,1,1,0,0
CARRIER_F,2026-08-16 12:00,BUSAN,40FT,0,0,0,0,1,1,0,0
CARRIER_F,2026-08-16 13:00,BUSAN,40FT,0,0,0,0,1,1,0,0
CARRIER_F,2026-08-16 14:00,BUSAN,40FT,0,0,0,0,1,1,0,0
CARRIER_F,2026-08-16 15:00,BUSAN,40FT,0,0,0,0,1,1,0,0
CARRIER_F,2026-08-16 16:00,BUSAN,40FT,0,0,0,0,1,1,0,0
CARRIER_F,2026-08-16 17:00,BUSAN,40FT,0,0,0,0,1,1,0,0
CARRIER_F,2026-08-16 18:00,BUSAN,40FT,0,0,0,0,1,1,0,0
CARRIER_F,2026-08-16 19:00,BUSAN,40FT,0,0,0,0,1,1,0,0
CARRIER_F,2026-08-16 20:00,BUSAN,40FT,0,0,0,0,1,1,0,0
CARRIER_F,2026-08-16 21:00,BUSAN,40FT,0,0,0,0,1,1,0,0
CARRIER_F,2026-08-16 22:00,BUSAN,40FT,0,0,0,0,1,1,0,0
CARRIER_F,2026-08-16 23:00,BUSAN,40FT,0,0,0,0,1,1,0,0
CARRIER_F,2026-08-10 00:00,DONGSAN,20FT,0,0,0,0,5,5,0,0
CARRIER_F,2026-08-10 01:00,DONGSAN,20FT,0,0,0,0,5,5,0,0
CARRIER_F,2026-08-10 02:00,DONGSAN,20FT,0,0,0,0,5,5,0,0
CARRIER_F,2026-08-10 03:00,DONGSAN,20FT,0,0,0,0,5,5,0,0
CARRIER_F,2026-08-10 04:00,DONGSAN,20FT,0,0,0,0,5,5,0,0
CARRIER_F,2026-08-10 05:00,DONGSAN,20FT,1,0,0,0,4,4,0,0
CARRIER_F,2026-08-10 06:00,DONGSAN,20FT,0,0,0,0,4,4,0,0
CARRIER_F,2026-08-10 07:00,DONGSAN,20FT,0,0,0,0,4,4,0,0
CARRIER_F,2026-08-10 08:00,DONGSAN,20FT,0,0,0,0,4,4,0,0
CARRIER_F,2026-08-10 09:00,DONGSAN,20FT,0,0,0,0,4,4,0,0
CARRIER_F,2026-08-10 10:00,DONGSAN,20FT,0,0,0,0,4,4,0,0
CARRIER_F,2026-08-10 11:00,DONGSAN,20FT,0,0,0,0,4,4,0,0
CARRIER_F,2026-08-10 12:00,DONGSAN,20FT,0,1,0,0,5,5,0,0
CARRIER_F,2026-08-10 13:00,DONGSAN,20FT,0,0,0,0,5,5,0,0
CARRIER_F,2026-08-10 14:00,DONGSAN,20FT,0,0,0,0,5,5,0,0
CARRIER_F,2026-08-10 15:00,DONGSAN,20FT,0,0,0,0,5,5,0,0
CARRIER_F,2026-08-10 16:00,DONGSAN,20FT,0,0,0,0,5,5,0,0
CARRIER_F,2026-08-10 17:00,DONGSAN,20FT,0,0,0,0,5,5,0,0
CARRIER_F,2026-08-10 18:00,DONGSAN,20FT,0,0,0,0,5,5,0,0
CARRIER_F,2026-08-10 19:00,DONGSAN,20FT,0,0,0,0,5,5,0,0
CARRIER_F,2026-08-10 20:00,DONGSAN,20FT,0,0,0,0,5,5,0,0
CARRIER_F,2026-08-10 21:00,DONGSAN,20FT,0,0,0,0,5,5,0,0
CARRIER_F,2026-08-10 22:00,DONGSAN,20FT,0,0,0,0,5,5,0,0
CARRIER_F,2026-08-10 23:00,DONGSAN,20FT,0,0,0,0,5,5,0,0
CARRIER_F,2026-08-11 00:00,DONGSAN,20FT,0,0,0,0,5,5,0,0
CARRIER_F,2026-08-11 01:00,DONGSAN,20FT,0,0,0,0,5,5,0,0
CARRIER_F,2026-08-11 02:00,DONGSAN,20FT,0,0,0,0,5,5,0,0
CARRIER_F,2026-08-11 03:00,DONGSAN,20FT,0,0,0,0,5,5,0,0
CARRIER_F,2026-08-11 04:00,DONGSAN,20FT,0,0,0,0,5,5,0,0
CARRIER_F,2026-08-11 05:00,DONGSAN,20FT,0,0,0,0,5,5,0,0
CARRIER_F,2026-08-11 06:00,DONGSAN,20FT,0,0,0,0,5,5,0,0
CARRIER_F,2026-08-11 07:00,DONGSAN,20FT,0,0,0,0,5,5,0,0
CARRIER_F,2026-08-11 08:00,DONGSAN,20FT,0,0,0,0,5,5,0,0
CARRIER_F,2026-08-11 09:00,DONGSAN,20FT,0,0,0,0,5,5,0,0
CARRIER_F,2026-08-11 10:00,DONGSAN,20FT,0,0,0,0,5,5,0,0
CARRIER_F,2026-08-11 11:00,DONGSAN,20FT,0,0,0,0,5,5,0,0
CARRIER_F,2026-08-11 12:00,DONGSAN,20FT,0,0,0,0,5,5,0,0
CARRIER_F,2026-08-11 13:00,DONGSAN,20FT,0,1,0,0,6,6,0,0
CARRIER_F,2026-08-11 14:00,DONGSAN,20FT,0,0,0,0,6,6,0,0
CARRIER_F,2026-08-11 15:00,DONGSAN,20FT,0,0,0,0,6,6,0,0
CARRIER_F,2026-08-11 16:00,DONGSAN,20FT,0,0,0,0,6,6,0,0
CARRIER_F,2026-08-11 17:00,DONGSAN,20FT,0,0,0,0,6,6,0,0
CARRIER_F,2026-08-11 18:00,DONGSAN,20FT,0,0,0,0,6,6,0,0
CARRIER_F,2026-08-11 19:00,DONGSAN,20FT,0,0,0,0,6,6,0,0
CARRIER_F,2026-08-11 20:00,DONGSAN,20FT,0,0,0,0,6,6,0,0
CARRIER_F,2026-08-11 21:00,DONGSAN,20FT,0,0,0,0,6,6,0,0
CARRIER_F,2026-08-11 22:00,DONGSAN,20FT,0,0,0,0,6,6,0,0
CARRIER_F,2026-08-11 23:00,DONGSAN,20FT,0,0,0,0,6,6,0,0
CARRIER_F,2026-08-12 00:00,DONGSAN,20FT,0,0,0,0,6,6,0,0
CARRIER_F,2026-08-12 01:00,DONGSAN,20FT,0,0,0,0,6,6,0,0
CARRIER_F,2026-08-12 02:00,DONGSAN,20FT,0,0,0,0,6,6,0,0
CARRIER_F,2026-08-12 03:00,DONGSAN,20FT,0,0,0,0,6,6,0,0
CARRIER_F,2026-08-12 04:00,DONGSAN,20FT,0,0,0,0,6,6,0,0
CARRIER_F,2026-08-12 05:00,DONGSAN,20FT,0,0,0,0,6,6,0,0
CARRIER_F,2026-08-12 06:00,DONGSAN,20FT,0,0,0,0,6,6,0,0
CARRIER_F,2026-08-12 07:00,DONGSAN,20FT,0,0,0,0,6,6,0,0
CARRIER_F,2026-08-12 08:00,DONGSAN,20FT,0,0,0,0,6,6,0,0
CARRIER_F,2026-08-12 09:00,DONGSAN,20FT,0,0,0,0,6,6,0,0
CARRIER_F,2026-08-12 10:00,DONGSAN,20FT,0,0,0,0,6,6,0,0
CARRIER_F,2026-08-12 11:00,DONGSAN,20FT,1,0,0,0,5,5,0,0
CARRIER_F,2026-08-12 12:00,DONGSAN,20FT,0,0,0,0,5,5,0,0
CARRIER_F,2026-08-12 13:00,DONGSAN,20FT,0,0,0,0,5,5,0,0
CARRIER_F,2026-08-12 14:00,DONGSAN,20FT,0,1,0,0,6,6,0,0
CARRIER_F,2026-08-12 15:00,DONGSAN,20FT,0,0,0,0,6,6,0,0
CARRIER_F,2026-08-12 16:00,DONGSAN,20FT,0,0,0,0,6,6,0,0
CARRIER_F,2026-08-12 17:00,DONGSAN,20FT,0,0,0,0,6,6,0,0
CARRIER_F,2026-08-12 18:00,DONGSAN,20FT,0,0,0,0,6,6,0,0
CARRIER_F,2026-08-12 19:00,DONGSAN,20FT,0,0,0,0,6,6,0,0
CARRIER_F,2026-08-12 20:00,DONGSAN,20FT,0,0,0,0,6,6,0,0
CARRIER_F,2026-08-12 21:00,DONGSAN,20FT,0,0,0,0,6,6,0,0
CARRIER_F,2026-08-12 22:00,DONGSAN,20FT,0,0,0,0,6,6,0,0
CARRIER_F,2026-08-12 23:00,DONGSAN,20FT,0,0,0,0,6,6,0,0
CARRIER_F,2026-08-13 00:00,DONGSAN,20FT,0,0,0,0,6,6,0,0
CARRIER_F,2026-08-13 01:00,DONGSAN,20FT,0,0,0,0,6,6,0,0
CARRIER_F,2026-08-13 02:00,DONGSAN,20FT,0,0,0,0,6,6,0,0
CARRIER_F,2026-08-13 03:00,DONGSAN,20FT,0,0,0,0,6,6,0,0
CARRIER_F,2026-08-13 04:00,DONGSAN,20FT,0,0,0,0,6,6,0,0
CARRIER_F,2026-08-13 05:00,DONGSAN,20FT,0,0,0,0,6,6,0,0
CARRIER_F,2026-08-13 06:00,DONGSAN,20FT,1,0,0,0,5,5,0,0
CARRIER_F,2026-08-13 07:00,DONGSAN,20FT,0,0,0,0,5,5,0,0
CARRIER_F,2026-08-13 08:00,DONGSAN,20FT,0,0,0,0,5,5,0,0
CARRIER_F,2026-08-13 09:00,DONGSAN,20FT,0,0,0,0,5,5,0,0
CARRIER_F,2026-08-13 10:00,DONGSAN,20FT,1,0,0,0,4,4,0,0
CARRIER_F,2026-08-13 11:00,DONGSAN,20FT,0,0,0,0,4,4,0,0
CARRIER_F,2026-08-13 12:00,DONGSAN,20FT,0,0,0,0,4,4,0,0
CARRIER_F,2026-08-13 13:00,DONGSAN,20FT,0,0,0,0,4,4,0,0
CARRIER_F,2026-08-13 14:00,DONGSAN,20FT,0,0,0,0,4,4,0,0
CARRIER_F,2026-08-13 15:00,DONGSAN,20FT,0,0,0,0,4,4,0,0
CARRIER_F,2026-08-13 16:00,DONGSAN,20FT,1,0,0,0,3,3,0,0
CARRIER_F,2026-08-13 17:00,DONGSAN,20FT,0,0,0,0,3,3,0,0
CARRIER_F,2026-08-13 18:00,DONGSAN,20FT,0,1,0,0,4,4,0,0
CARRIER_F,2026-08-13 19:00,DONGSAN,20FT,0,0,0,0,4,4,0,0
CARRIER_F,2026-08-13 20:00,DONGSAN,20FT,0,0,0,0,4,4,0,0
CARRIER_F,2026-08-13 21:00,DONGSAN,20FT,0,0,0,0,4,4,0,0
CARRIER_F,2026-08-13 22:00,DONGSAN,20FT,0,0,0,0,4,4,0,0
CARRIER_F,2026-08-13 23:00,DONGSAN,20FT,0,0,0,0,4,4,0,0
CARRIER_F,2026-08-14 00:00,DONGSAN,20FT,0,0,0,0,4,4,0,0
CARRIER_F,2026-08-14 01:00,DONGSAN,20FT,0,0,0,0,4,4,0,0
CARRIER_F,2026-08-14 02:00,DONGSAN,20FT,0,0,0,0,4,4,0,0
CARRIER_F,2026-08-14 03:00,DONGSAN,20FT,0,0,0,0,4,4,0,0
CARRIER_F,2026-08-14 04:00,DONGSAN,20FT,0,0,0,0,4,4,0,0
CARRIER_F,2026-08-14 05:00,DONGSAN,20FT,0,0,0,0,4,4,0,0
CARRIER_F,2026-08-14 06:00,DONGSAN,20FT,0,0,0,0,4,4,0,0
CARRIER_F,2026-08-14 07:00,DONGSAN,20FT,1,0,0,0,3,3,0,0
CARRIER_F,2026-08-14 08:00,DONGSAN,20FT,0,0,0,0,3,3,0,0
CARRIER_F,2026-08-14 09:00,DONGSAN,20FT,0,0,0,0,3,3,0,0
CARRIER_F,2026-08-14 10:00,DONGSAN,20FT,0,0,0,0,3,3,0,0
CARRIER_F,2026-08-14 11:00,DONGSAN,20FT,1,0,0,0,2,2,0,0
CARRIER_F,2026-08-14 12:00,DONGSAN,20FT,0,0,0,0,2,2,0,0
CARRIER_F,2026-08-14 13:00,DONGSAN,20FT,0,0,0,0,2,2,0,0
CARRIER_F,2026-08-14 14:00,DONGSAN,20FT,0,0,0,0,2,2,0,0
CARRIER_F,2026-08-14 15:00,DONGSAN,20FT,0,0,0,0,2,2,0,0
CARRIER_F,2026-08-14 16:00,DONGSAN,20FT,0,0,0,0,2,2,0,0
CARRIER_F,2026-08-14 17:00,DONGSAN,20FT,0,0,0,0,2,2,0,0
CARRIER_F,2026-08-14 18:00,DONGSAN,20FT,0,1,0,0,3,3,0,0
CARRIER_F,2026-08-14 19:00,DONGSAN,20FT,0,0,0,0,3,3,0,0
CARRIER_F,2026-08-14 20:00,DONGSAN,20FT,0,0,0,0,3,3,0,0
CARRIER_F,2026-08-14 21:00,DONGSAN,20FT,0,0,0,0,3,3,0,0
CARRIER_F,2026-08-14 22:00,DONGSAN,20FT,0,0,0,0,3,3,0,0
CARRIER_F,2026-08-14 23:00,DONGSAN,20FT,0,0,0,0,3,3,0,0
CARRIER_F,2026-08-15 00:00,DONGSAN,20FT,0,0,0,0,3,3,0,0
CARRIER_F,2026-08-15 01:00,DONGSAN,20FT,0,0,0,0,3,3,0,0
CARRIER_F,2026-08-15 02:00,DONGSAN,20FT,0,0,0,0,3,3,0,0
CARRIER_F,2026-08-15 03:00,DONGSAN,20FT,0,0,0,0,3,3,0,0
CARRIER_F,2026-08-15 04:00,DONGSAN,20FT,0,0,0,0,3,3,0,0
CARRIER_F,2026-08-15 05:00,DONGSAN,20FT,0,0,0,0,3,3,0,0
CARRIER_F,2026-08-15 06:00,DONGSAN,20FT,0,0,0,0,3,3,0,0
CARRIER_F,2026-08-15 07:00,DONGSAN,20FT,0,0,0,0,3,3,0,0
CARRIER_F,2026-08-15 08:00,DONGSAN,20FT,1,0,0,0,2,2,0,0
CARRIER_F,2026-08-15 09:00,DONGSAN,20FT,1,0,0,0,1,1,0,0
CARRIER_F,2026-08-15 10:00,DONGSAN,20FT,0,0,0,0,1,1,0,0
CARRIER_F,2026-08-15 11:00,DONGSAN,20FT,0,0,0,0,1,1,0,0
CARRIER_F,2026-08-15 12:00,DONGSAN,20FT,0,0,0,0,1,1,0,0
CARRIER_F,2026-08-15 13:00,DONGSAN,20FT,0,0,0,0,1,1,0,0
CARRIER_F,2026-08-15 14:00,DONGSAN,20FT,1,0,0,0,0,0,0,0
CARRIER_F,2026-08-15 15:00,DONGSAN,20FT,0,0,0,0,0,0,0,0
CARRIER_F,2026-08-15 16:00,DONGSAN,20FT,0,0,0,0,0,0,0,0
CARRIER_F,2026-08-15 17:00,DONGSAN,20FT,0,0,0,0,0,0,0,0
CARRIER_F,2026-08-15 18:00,DONGSAN,20FT,0,0,0,0,0,0,0,0
CARRIER_F,2026-08-15 19:00,DONGSAN,20FT,0,0,0,0,0,0,0,0
CARRIER_F,2026-08-15 20:00,DONGSAN,20FT,0,0,0,0,0,0,0,0
CARRIER_F,2026-08-15 21:00,DONGSAN,20FT,0,0,0,0,0,0,0,0
CARRIER_F,2026-08-15 22:00,DONGSAN,20FT,0,0,0,0,0,0,0,0
CARRIER_F,2026-08-15 23:00,DONGSAN,20FT,0,0,0,0,0,0,0,0
CARRIER_F,2026-08-16 00:00,DONGSAN,20FT,0,0,0,0,0,0,0,0
CARRIER_F,2026-08-16 01:00,DONGSAN,20FT,0,0,0,0,0,0,0,0
CARRIER_F,2026-08-16 02:00,DONGSAN,20FT,0,0,0,0,0,0,0,0
CARRIER_F,2026-08-16 03:00,DONGSAN,20FT,0,0,0,0,0,0,0,0
CARRIER_F,2026-08-16 04:00,DONGSAN,20FT,0,0,0,0,0,0,0,0
CARRIER_F,2026-08-16 05:00,DONGSAN,20FT,0,0,0,0,0,0,0,0
CARRIER_F,2026-08-16 06:00,DONGSAN,20FT,0,0,0,0,0,0,0,0
CARRIER_F,2026-08-16 07:00,DONGSAN,20FT,0,0,0,0,0,0,0,0
CARRIER_F,2026-08-16 08:00,DONGSAN,20FT,0,0,0,0,0,0,0,0
CARRIER_F,2026-08-16 09:00,DONGSAN,20FT,0,0,0,0,0,0,0,0
CARRIER_F,2026-08-16 10:00,DONGSAN,20FT,0,0,0,0,0,0,0,0
CARRIER_F,2026-08-16 11:00,DONGSAN,20FT,1,0,0,0,0,0,1,1
CARRIER_F,2026-08-16 12:00,DONGSAN,20FT,0,0,0,0,0,0,0,0
CARRIER_F,2026-08-16 13:00,DONGSAN,20FT,0,0,0,0,0,0,0,0
CARRIER_F,2026-08-16 14:00,DONGSAN,20FT,0,0,0,0,0,0,0,0
CARRIER_F,2026-08-16 15:00,DONGSAN,20FT,0,1,0,0,1,1,0,0
CARRIER_F,2026-08-16 16:00,DONGSAN,20FT,0,0,0,0,1,1,0,0
CARRIER_F,2026-08-16 17:00,DONGSAN,20FT,1,0,0,0,0,0,0,0
CARRIER_F,2026-08-16 18:00,DONGSAN,20FT,0,0,0,0,0,0,0,0
CARRIER_F,2026-08-16 19:00,DONGSAN,20FT,0,0,0,0,0,0,0,0
CARRIER_F,2026-08-16 20:00,DONGSAN,20FT,0,0,0,0,0,0,0,0
CARRIER_F,2026-08-16 21:00,DONGSAN,20FT,0,0,0,0,0,0,0,0
CARRIER_F,2026-08-16 22:00,DONGSAN,20FT,0,0,0,0,0,0,0,0
CARRIER_F,2026-08-16 23:00,DONGSAN,20FT,0,0,0,0,0,0,0,0
CARRIER_F,2026-08-10 00:00,DONGSAN,40FT,0,0,0,0,2,2,0,0
CARRIER_F,2026-08-10 01:00,DONGSAN,40FT,0,0,0,0,2,2,0,0
CARRIER_F,2026-08-10 02:00,DONGSAN,40FT,0,0,0,0,2,2,0,0
CARRIER_F,2026-08-10 03:00,DONGSAN,40FT,0,0,0,0,2,2,0,0
CARRIER_F,2026-08-10 04:00,DONGSAN,40FT,0,0,0,0,2,2,0,0
CARRIER_F,2026-08-10 05:00,DONGSAN,40FT,0,0,0,0,2,2,0,0
CARRIER_F,2026-08-10 06:00,DONGSAN,40FT,0,0,0,0,2,2,0,0
CARRIER_F,2026-08-10 07:00,DONGSAN,40FT,0,0,0,0,2,2,0,0
CARRIER_F,2026-08-10 08:00,DONGSAN,40FT,0,0,0,0,2,2,0,0
CARRIER_F,2026-08-10 09:00,DONGSAN,40FT,0,0,0,0,2,2,0,0
CARRIER_F,2026-08-10 10:00,DONGSAN,40FT,0,0,0,0,2,2,0,0
CARRIER_F,2026-08-10 11:00,DONGSAN,40FT,0,1,0,0,3,3,0,0
CARRIER_F,2026-08-10 12:00,DONGSAN,40FT,0,0,0,0,3,3,0,0
CARRIER_F,2026-08-10 13:00,DONGSAN,40FT,0,0,0,0,3,3,0,0
CARRIER_F,2026-08-10 14:00,DONGSAN,40FT,0,0,0,0,3,3,0,0
CARRIER_F,2026-08-10 15:00,DONGSAN,40FT,0,0,0,0,3,3,0,0
CARRIER_F,2026-08-10 16:00,DONGSAN,40FT,0,0,0,0,3,3,0,0
CARRIER_F,2026-08-10 17:00,DONGSAN,40FT,0,0,0,0,3,3,0,0
CARRIER_F,2026-08-10 18:00,DONGSAN,40FT,0,0,0,0,3,3,0,0
CARRIER_F,2026-08-10 19:00,DONGSAN,40FT,0,0,0,0,3,3,0,0
CARRIER_F,2026-08-10 20:00,DONGSAN,40FT,0,0,0,0,3,3,0,0
CARRIER_F,2026-08-10 21:00,DONGSAN,40FT,0,0,0,0,3,3,0,0
CARRIER_F,2026-08-10 22:00,DONGSAN,40FT,0,0,0,0,3,3,0,0
CARRIER_F,2026-08-10 23:00,DONGSAN,40FT,0,0,0,0,3,3,0,0
CARRIER_F,2026-08-11 00:00,DONGSAN,40FT,0,0,0,0,3,3,0,0
CARRIER_F,2026-08-11 01:00,DONGSAN,40FT,0,0,0,0,3,3,0,0
CARRIER_F,2026-08-11 02:00,DONGSAN,40FT,0,0,0,0,3,3,0,0
CARRIER_F,2026-08-11 03:00,DONGSAN,40FT,0,0,0,0,3,3,0,0
CARRIER_F,2026-08-11 04:00,DONGSAN,40FT,0,0,0,0,3,3,0,0
CARRIER_F,2026-08-11 05:00,DONGSAN,40FT,0,0,0,0,3,3,0,0
CARRIER_F,2026-08-11 06:00,DONGSAN,40FT,0,0,0,0,3,3,0,0
CARRIER_F,2026-08-11 07:00,DONGSAN,40FT,0,0,0,0,3,3,0,0
CARRIER_F,2026-08-11 08:00,DONGSAN,40FT,0,0,0,0,3,3,0,0
CARRIER_F,2026-08-11 09:00,DONGSAN,40FT,0,1,0,0,4,4,0,0
CARRIER_F,2026-08-11 10:00,DONGSAN,40FT,0,0,0,0,4,4,0,0
CARRIER_F,2026-08-11 11:00,DONGSAN,40FT,0,0,0,0,4,4,0,0
CARRIER_F,2026-08-11 12:00,DONGSAN,40FT,0,0,0,0,4,4,0,0
CARRIER_F,2026-08-11 13:00,DONGSAN,40FT,1,0,0,0,3,3,0,0
CARRIER_F,2026-08-11 14:00,DONGSAN,40FT,0,0,0,0,3,3,0,0
CARRIER_F,2026-08-11 15:00,DONGSAN,40FT,0,0,0,0,3,3,0,0
CARRIER_F,2026-08-11 16:00,DONGSAN,40FT,0,0,0,0,3,3,0,0
CARRIER_F,2026-08-11 17:00,DONGSAN,40FT,0,0,0,0,3,3,0,0
CARRIER_F,2026-08-11 18:00,DONGSAN,40FT,0,0,0,0,3,3,0,0
CARRIER_F,2026-08-11 19:00,DONGSAN,40FT,0,0,0,0,3,3,0,0
CARRIER_F,2026-08-11 20:00,DONGSAN,40FT,0,0,0,0,3,3,0,0
CARRIER_F,2026-08-11 21:00,DONGSAN,40FT,0,0,0,0,3,3,0,0
CARRIER_F,2026-08-11 22:00,DONGSAN,40FT,0,0,0,0,3,3,0,0
CARRIER_F,2026-08-11 23:00,DONGSAN,40FT,0,0,0,0,3,3,0,0
CARRIER_F,2026-08-12 00:00,DONGSAN,40FT,0,0,0,0,3,3,0,0
CARRIER_F,2026-08-12 01:00,DONGSAN,40FT,0,0,0,0,3,3,0,0
CARRIER_F,2026-08-12 02:00,DONGSAN,40FT,0,0,0,0,3,3,0,0
CARRIER_F,2026-08-12 03:00,DONGSAN,40FT,0,0,0,0,3,3,0,0
CARRIER_F,2026-08-12 04:00,DONGSAN,40FT,0,0,0,0,3,3,0,0
CARRIER_F,2026-08-12 05:00,DONGSAN,40FT,0,0,0,0,3,3,0,0
CARRIER_F,2026-08-12 06:00,DONGSAN,40FT,0,0,0,0,3,3,0,0
CARRIER_F,2026-08-12 07:00,DONGSAN,40FT,0,0,0,0,3,3,0,0
CARRIER_F,2026-08-12 08:00,DONGSAN,40FT,0,0,0,0,3,3,0,0
CARRIER_F,2026-08-12 09:00,DONGSAN,40FT,0,0,0,0,3,3,0,0
CARRIER_F,2026-08-12 10:00,DONGSAN,40FT,0,0,0,0,3,3,0,0
CARRIER_F,2026-08-12 11:00,DONGSAN,40FT,0,0,0,0,3,3,0,0
CARRIER_F,2026-08-12 12:00,DONGSAN,40FT,0,0,0,0,3,3,0,0
CARRIER_F,2026-08-12 13:00,DONGSAN,40FT,0,0,0,0,3,3,0,0
CARRIER_F,2026-08-12 14:00,DONGSAN,40FT,0,0,0,0,3,3,0,0
CARRIER_F,2026-08-12 15:00,DONGSAN,40FT,0,0,0,0,3,3,0,0
CARRIER_F,2026-08-12 16:00,DONGSAN,40FT,0,0,0,0,3,3,0,0
CARRIER_F,2026-08-12 17:00,DONGSAN,40FT,0,0,0,0,3,3,0,0
CARRIER_F,2026-08-12 18:00,DONGSAN,40FT,0,0,0,0,3,3,0,0
CARRIER_F,2026-08-12 19:00,DONGSAN,40FT,0,0,0,0,3,3,0,0
CARRIER_F,2026-08-12 20:00,DONGSAN,40FT,0,0,0,0,3,3,0,0
CARRIER_F,2026-08-12 21:00,DONGSAN,40FT,0,0,0,0,3,3,0,0
CARRIER_F,2026-08-12 22:00,DONGSAN,40FT,0,0,0,0,3,3,0,0
CARRIER_F,2026-08-12 23:00,DONGSAN,40FT,0,0,0,0,3,3,0,0
CARRIER_F,2026-08-13 00:00,DONGSAN,40FT,0,0,0,0,3,3,0,0
CARRIER_F,2026-08-13 01:00,DONGSAN,40FT,0,0,0,0,3,3,0,0
CARRIER_F,2026-08-13 02:00,DONGSAN,40FT,0,0,0,0,3,3,0,0
CARRIER_F,2026-08-13 03:00,DONGSAN,40FT,0,0,0,0,3,3,0,0
CARRIER_F,2026-08-13 04:00,DONGSAN,40FT,0,0,0,0,3,3,0,0
CARRIER_F,2026-08-13 05:00,DONGSAN,40FT,0,0,0,0,3,3,0,0
CARRIER_F,2026-08-13 06:00,DONGSAN,40FT,0,0,0,0,3,3,0,0
CARRIER_F,2026-08-13 07:00,DONGSAN,40FT,0,0,0,0,3,3,0,0
CARRIER_F,2026-08-13 08:00,DONGSAN,40FT,0,0,0,0,3,3,0,0
CARRIER_F,2026-08-13 09:00,DONGSAN,40FT,0,0,0,0,3,3,0,0
CARRIER_F,2026-08-13 10:00,DONGSAN,40FT,0,0,0,0,3,3,0,0
CARRIER_F,2026-08-13 11:00,DONGSAN,40FT,0,0,0,0,3,3,0,0
CARRIER_F,2026-08-13 12:00,DONGSAN,40FT,0,0,0,0,3,3,0,0
CARRIER_F,2026-08-13 13:00,DONGSAN,40FT,0,0,0,0,3,3,0,0
CARRIER_F,2026-08-13 14:00,DONGSAN,40FT,0,0,0,0,3,3,0,0
CARRIER_F,2026-08-13 15:00,DONGSAN,40FT,0,0,0,0,3,3,0,0
CARRIER_F,2026-08-13 16:00,DONGSAN,40FT,0,0,0,0,3,3,0,0
CARRIER_F,2026-08-13 17:00,DONGSAN,40FT,0,0,0,0,3,3,0,0
CARRIER_F,2026-08-13 18:00,DONGSAN,40FT,0,0,0,0,3,3,0,0
CARRIER_F,2026-08-13 19:00,DONGSAN,40FT,0,0,0,0,3,3,0,0
CARRIER_F,2026-08-13 20:00,DONGSAN,40FT,0,0,0,0,3,3,0,0
CARRIER_F,2026-08-13 21:00,DONGSAN,40FT,0,0,0,0,3,3,0,0
CARRIER_F,2026-08-13 22:00,DONGSAN,40FT,0,0,0,0,3,3,0,0
CARRIER_F,2026-08-13 23:00,DONGSAN,40FT,0,0,0,0,3,3,0,0
CARRIER_F,2026-08-14 00:00,DONGSAN,40FT,0,0,0,0,3,3,0,0
CARRIER_F,2026-08-14 01:00,DONGSAN,40FT,0,0,0,0,3,3,0,0
CARRIER_F,2026-08-14 02:00,DONGSAN,40FT,0,0,0,0,3,3,0,0
CARRIER_F,2026-08-14 03:00,DONGSAN,40FT,0,0,0,0,3,3,0,0
CARRIER_F,2026-08-14 04:00,DONGSAN,40FT,0,0,0,0,3,3,0,0
CARRIER_F,2026-08-14 05:00,DONGSAN,40FT,0,0,0,0,3,3,0,0
CARRIER_F,2026-08-14 06:00,DONGSAN,40FT,0,0,0,0,3,3,0,0
CARRIER_F,2026-08-14 07:00,DONGSAN,40FT,1,0,0,0,2,2,0,0
CARRIER_F,2026-08-14 08:00,DONGSAN,40FT,0,0,0,0,2,2,0,0
CARRIER_F,2026-08-14 09:00,DONGSAN,40FT,0,0,0,0,2,2,0,0
CARRIER_F,2026-08-14 10:00,DONGSAN,40FT,0,0,0,0,2,2,0,0
CARRIER_F,2026-08-14 11:00,DONGSAN,40FT,0,0,0,0,2,2,0,0
CARRIER_F,2026-08-14 12:00,DONGSAN,40FT,0,0,0,0,2,2,0,0
CARRIER_F,2026-08-14 13:00,DONGSAN,40FT,0,0,0,0,2,2,0,0
CARRIER_F,2026-08-14 14:00,DONGSAN,40FT,0,0,0,0,2,2,0,0
CARRIER_F,2026-08-14 15:00,DONGSAN,40FT,0,0,0,0,2,2,0,0
CARRIER_F,2026-08-14 16:00,DONGSAN,40FT,0,0,0,0,2,2,0,0
CARRIER_F,2026-08-14 17:00,DONGSAN,40FT,0,0,0,0,2,2,0,0
CARRIER_F,2026-08-14 18:00,DONGSAN,40FT,0,0,0,0,2,2,0,0
CARRIER_F,2026-08-14 19:00,DONGSAN,40FT,0,0,0,0,2,2,0,0
CARRIER_F,2026-08-14 20:00,DONGSAN,40FT,0,0,0,0,2,2,0,0
CARRIER_F,2026-08-14 21:00,DONGSAN,40FT,0,0,0,0,2,2,0,0
CARRIER_F,2026-08-14 22:00,DONGSAN,40FT,0,0,0,0,2,2,0,0
CARRIER_F,2026-08-14 23:00,DONGSAN,40FT,0,0,0,0,2,2,0,0
CARRIER_F,2026-08-15 00:00,DONGSAN,40FT,0,0,0,0,2,2,0,0
CARRIER_F,2026-08-15 01:00,DONGSAN,40FT,0,0,0,0,2,2,0,0
CARRIER_F,2026-08-15 02:00,DONGSAN,40FT,0,0,0,0,2,2,0,0
CARRIER_F,2026-08-15 03:00,DONGSAN,40FT,0,0,0,0,2,2,0,0
CARRIER_F,2026-08-15 04:00,DONGSAN,40FT,0,0,0,0,2,2,0,0
CARRIER_F,2026-08-15 05:00,DONGSAN,40FT,0,0,0,0,2,2,0,0
CARRIER_F,2026-08-15 06:00,DONGSAN,40FT,0,0,0,0,2,2,0,0
CARRIER_F,2026-08-15 07:00,DONGSAN,40FT,0,0,0,0,2,2,0,0
CARRIER_F,2026-08-15 08:00,DONGSAN,40FT,0,0,0,0,2,2,0,0
CARRIER_F,2026-08-15 09:00,DONGSAN,40FT,0,0,0,0,2,2,0,0
CARRIER_F,2026-08-15 10:00,DONGSAN,40FT,0,0,0,0,2,2,0,0
CARRIER_F,2026-08-15 11:00,DONGSAN,40FT,0,0,0,0,2,2,0,0
CARRIER_F,2026-08-15 12:00,DONGSAN,40FT,0,0,0,0,2,2,0,0
CARRIER_F,2026-08-15 13:00,DONGSAN,40FT,0,0,0,0,2,2,0,0
CARRIER_F,2026-08-15 14:00,DONGSAN,40FT,0,0,0,0,2,2,0,0
CARRIER_F,2026-08-15 15:00,DONGSAN,40FT,0,0,0,0,2,2,0,0
CARRIER_F,2026-08-15 16:00,DONGSAN,40FT,0,0,0,0,2,2,0,0
CARRIER_F,2026-08-15 17:00,DONGSAN,40FT,0,0,0,0,2,2,0,0
CARRIER_F,2026-08-15 18:00,DONGSAN,40FT,0,0,0,0,2,2,0,0
CARRIER_F,2026-08-15 19:00,DONGSAN,40FT,0,0,0,0,2,2,0,0
CARRIER_F,2026-08-15 20:00,DONGSAN,40FT,0,0,0,0,2,2,0,0
CARRIER_F,2026-08-15 21:00,DONGSAN,40FT,0,0,0,0,2,2,0,0
CARRIER_F,2026-08-15 22:00,DONGSAN,40FT,0,0,0,0,2,2,0,0
CARRIER_F,2026-08-15 23:00,DONGSAN,40FT,0,0,0,0,2,2,0,0
CARRIER_F,2026-08-16 00:00,DONGSAN,40FT,0,0,0,0,2,2,0,0
CARRIER_F,2026-08-16 01:00,DONGSAN,40FT,0,0,0,0,2,2,0,0
CARRIER_F,2026-08-16 02:00,DONGSAN,40FT,0,0,0,0,2,2,0,0
CARRIER_F,2026-08-16 03:00,DONGSAN,40FT,0,0,0,0,2,2,0,0
CARRIER_F,2026-08-16 04:00,DONGSAN,40FT,0,0,0,0,2,2,0,0
CARRIER_F,2026-08-16 05:00,DONGSAN,40FT,0,0,0,0,2,2,0,0
CARRIER_F,2026-08-16 06:00,DONGSAN,40FT,0,0,0,0,2,2,0,0
CARRIER_F,2026-08-16 07:00,DONGSAN,40FT,0,0,0,0,2,2,0,0
CARRIER_F,2026-08-16 08:00,DONGSAN,40FT,0,0,0,0,2,2,0,0
CARRIER_F,2026-08-16 09:00,DONGSAN,40FT,0,0,0,0,2,2,0,0
CARRIER_F,2026-08-16 10:00,DONGSAN,40FT,0,0,0,0,2,2,0,0
CARRIER_F,2026-08-16 11:00,DONGSAN,40FT,0,0,0,0,2,2,0,0
CARRIER_F,2026-08-16 12:00,DONGSAN,40FT,0,0,0,0,2,2,0,0
CARRIER_F,2026-08-16 13:00,DONGSAN,40FT,0,0,0,0,2,2,0,0
CARRIER_F,2026-08-16 14:00,DONGSAN,40FT,1,0,0,0,1,1,0,0
CARRIER_F,2026-08-16 15:00,DONGSAN,40FT,0,0,0,0,1,1,0,0
CARRIER_F,2026-08-16 16:00,DONGSAN,40FT,0,0,0,0,1,1,0,0
CARRIER_F,2026-08-16 17:00,DONGSAN,40FT,0,0,0,0,1,1,0,0
CARRIER_F,2026-08-16 18:00,DONGSAN,40FT,0,0,0,0,1,1,0,0
CARRIER_F,2026-08-16 19:00,DONGSAN,40FT,0,0,0,0,1,1,0,0
CARRIER_F,2026-08-16 20:00,DONGSAN,40FT,0,0,0,0,1,1,0,0
CARRIER_F,2026-08-16 21:00,DONGSAN,40FT,0,0,0,0,1,1,0,0
CARRIER_F,2026-08-16 22:00,DONGSAN,40FT,0,0,0,0,1,1,0,0
CARRIER_F,2026-08-16 23:00,DONGSAN,40FT,0,0,0,0,1,1,0,0
CARRIER_F,2026-08-10 00:00,GWANGYANG,20FT,0,0,0,0,14,14,0,0
CARRIER_F,2026-08-10 01:00,GWANGYANG,20FT,0,0,0,0,14,14,0,0
CARRIER_F,2026-08-10 02:00,GWANGYANG,20FT,0,0,0,0,14,14,0,0
CARRIER_F,2026-08-10 03:00,GWANGYANG,20FT,0,0,0,0,14,14,0,0
CARRIER_F,2026-08-10 04:00,GWANGYANG,20FT,0,0,0,0,14,14,0,0
CARRIER_F,2026-08-10 05:00,GWANGYANG,20FT,1,0,0,0,13,13,0,0
CARRIER_F,2026-08-10 06:00,GWANGYANG,20FT,0,0,0,0,13,13,0,0
CARRIER_F,2026-08-10 07:00,GWANGYANG,20FT,0,0,0,0,13,13,0,0
CARRIER_F,2026-08-10 08:00,GWANGYANG,20FT,0,0,0,0,13,13,0,0
CARRIER_F,2026-08-10 09:00,GWANGYANG,20FT,2,2,0,0,13,13,0,0
CARRIER_F,2026-08-10 10:00,GWANGYANG,20FT,2,0,0,0,11,11,0,0
CARRIER_F,2026-08-10 11:00,GWANGYANG,20FT,2,0,0,0,9,9,0,0
CARRIER_F,2026-08-10 12:00,GWANGYANG,20FT,1,1,0,0,9,9,0,0
CARRIER_F,2026-08-10 13:00,GWANGYANG,20FT,1,0,0,0,8,8,0,0
CARRIER_F,2026-08-10 14:00,GWANGYANG,20FT,1,0,0,0,7,7,0,0
CARRIER_F,2026-08-10 15:00,GWANGYANG,20FT,1,0,0,0,6,6,0,0
CARRIER_F,2026-08-10 16:00,GWANGYANG,20FT,1,0,0,0,5,5,0,0
CARRIER_F,2026-08-10 17:00,GWANGYANG,20FT,1,0,0,0,4,4,0,0
CARRIER_F,2026-08-10 18:00,GWANGYANG,20FT,1,0,0,0,3,3,0,0
CARRIER_F,2026-08-10 19:00,GWANGYANG,20FT,1,1,0,0,3,3,0,0
CARRIER_F,2026-08-10 20:00,GWANGYANG,20FT,0,0,0,0,3,3,0,0
CARRIER_F,2026-08-10 21:00,GWANGYANG,20FT,0,0,0,0,3,3,0,0
CARRIER_F,2026-08-10 22:00,GWANGYANG,20FT,0,0,0,0,3,3,0,0
CARRIER_F,2026-08-10 23:00,GWANGYANG,20FT,0,0,0,0,3,3,0,0
CARRIER_F,2026-08-11 00:00,GWANGYANG,20FT,0,0,0,0,3,3,0,0
CARRIER_F,2026-08-11 01:00,GWANGYANG,20FT,0,0,0,0,3,3,0,0
CARRIER_F,2026-08-11 02:00,GWANGYANG,20FT,0,0,0,0,3,3,0,0
CARRIER_F,2026-08-11 03:00,GWANGYANG,20FT,0,0,0,0,3,3,0,0
CARRIER_F,2026-08-11 04:00,GWANGYANG,20FT,0,0,0,0,3,3,0,0
CARRIER_F,2026-08-11 05:00,GWANGYANG,20FT,0,0,0,0,3,3,0,0
CARRIER_F,2026-08-11 06:00,GWANGYANG,20FT,1,0,0,0,2,2,0,0
CARRIER_F,2026-08-11 07:00,GWANGYANG,20FT,0,0,0,0,2,2,0,0
CARRIER_F,2026-08-11 08:00,GWANGYANG,20FT,1,0,0,0,1,1,0,0
CARRIER_F,2026-08-11 09:00,GWANGYANG,20FT,0,0,0,0,1,1,0,0
CARRIER_F,2026-08-11 10:00,GWANGYANG,20FT,0,0,0,0,1,1,0,0
CARRIER_F,2026-08-11 11:00,GWANGYANG,20FT,3,0,0,0,0,0,2,2
CARRIER_F,2026-08-11 12:00,GWANGYANG,20FT,0,1,0,0,1,1,0,0
CARRIER_F,2026-08-11 13:00,GWANGYANG,20FT,0,0,0,0,1,1,0,0
CARRIER_F,2026-08-11 14:00,GWANGYANG,20FT,1,0,0,0,0,0,0,0
CARRIER_F,2026-08-11 15:00,GWANGYANG,20FT,0,0,0,0,0,0,0,0
CARRIER_F,2026-08-11 16:00,GWANGYANG,20FT,1,0,0,0,0,0,1,1
CARRIER_F,2026-08-11 17:00,GWANGYANG,20FT,0,0,0,0,0,0,0,0
CARRIER_F,2026-08-11 18:00,GWANGYANG,20FT,1,0,0,0,0,0,1,1
CARRIER_F,2026-08-11 19:00,GWANGYANG,20FT,0,0,0,0,0,0,0,0
CARRIER_F,2026-08-11 20:00,GWANGYANG,20FT,0,0,0,0,0,0,0,0
CARRIER_F,2026-08-11 21:00,GWANGYANG,20FT,0,1,0,0,1,1,0,0
CARRIER_F,2026-08-11 22:00,GWANGYANG,20FT,0,0,0,0,1,1,0,0
CARRIER_F,2026-08-11 23:00,GWANGYANG,20FT,0,0,0,0,1,1,0,0
CARRIER_F,2026-08-12 00:00,GWANGYANG,20FT,0,0,0,0,1,1,0,0
CARRIER_F,2026-08-12 01:00,GWANGYANG,20FT,0,0,0,0,1,1,0,0
CARRIER_F,2026-08-12 02:00,GWANGYANG,20FT,0,0,0,0,1,1,0,0
CARRIER_F,2026-08-12 03:00,GWANGYANG,20FT,0,0,18,0,1,19,0,0
CARRIER_F,2026-08-12 04:00,GWANGYANG,20FT,0,0,0,0,1,19,0,0
CARRIER_F,2026-08-12 05:00,GWANGYANG,20FT,0,0,0,0,1,19,0,0
CARRIER_F,2026-08-12 06:00,GWANGYANG,20FT,0,0,0,0,1,19,0,0
CARRIER_F,2026-08-12 07:00,GWANGYANG,20FT,1,0,0,0,0,18,0,0
CARRIER_F,2026-08-12 08:00,GWANGYANG,20FT,1,0,0,0,0,17,1,0
CARRIER_F,2026-08-12 09:00,GWANGYANG,20FT,0,0,0,0,0,17,0,0
CARRIER_F,2026-08-12 10:00,GWANGYANG,20FT,1,0,0,0,0,16,1,0
CARRIER_F,2026-08-12 11:00,GWANGYANG,20FT,1,0,0,0,0,15,1,0
CARRIER_F,2026-08-12 12:00,GWANGYANG,20FT,0,0,0,0,0,15,0,0
CARRIER_F,2026-08-12 13:00,GWANGYANG,20FT,1,0,0,0,0,14,1,0
CARRIER_F,2026-08-12 14:00,GWANGYANG,20FT,1,0,0,0,0,13,1,0
CARRIER_F,2026-08-12 15:00,GWANGYANG,20FT,0,0,0,0,0,13,0,0
CARRIER_F,2026-08-12 16:00,GWANGYANG,20FT,0,0,0,0,0,13,0,0
CARRIER_F,2026-08-12 17:00,GWANGYANG,20FT,0,0,0,0,0,13,0,0
CARRIER_F,2026-08-12 18:00,GWANGYANG,20FT,1,0,0,0,0,12,1,0
CARRIER_F,2026-08-12 19:00,GWANGYANG,20FT,0,0,0,0,0,12,0,0
CARRIER_F,2026-08-12 20:00,GWANGYANG,20FT,0,0,0,0,0,12,0,0
CARRIER_F,2026-08-12 21:00,GWANGYANG,20FT,0,0,0,0,0,12,0,0
CARRIER_F,2026-08-12 22:00,GWANGYANG,20FT,0,0,0,0,0,12,0,0
CARRIER_F,2026-08-12 23:00,GWANGYANG,20FT,0,0,0,0,0,12,0,0
CARRIER_F,2026-08-13 00:00,GWANGYANG,20FT,0,0,0,0,0,12,0,0
CARRIER_F,2026-08-13 01:00,GWANGYANG,20FT,0,0,0,0,0,12,0,0
CARRIER_F,2026-08-13 02:00,GWANGYANG,20FT,0,0,0,0,0,12,0,0
CARRIER_F,2026-08-13 03:00,GWANGYANG,20FT,0,0,0,0,0,12,0,0
CARRIER_F,2026-08-13 04:00,GWANGYANG,20FT,0,0,0,0,0,12,0,0
CARRIER_F,2026-08-13 05:00,GWANGYANG,20FT,0,0,0,0,0,12,0,0
CARRIER_F,2026-08-13 06:00,GWANGYANG,20FT,1,1,0,0,0,12,0,0
CARRIER_F,2026-08-13 07:00,GWANGYANG,20FT,0,0,0,0,0,12,0,0
CARRIER_F,2026-08-13 08:00,GWANGYANG,20FT,1,0,0,0,0,11,1,0
CARRIER_F,2026-08-13 09:00,GWANGYANG,20FT,0,0,0,0,0,11,0,0
CARRIER_F,2026-08-13 10:00,GWANGYANG,20FT,0,0,0,0,0,11,0,0
CARRIER_F,2026-08-13 11:00,GWANGYANG,20FT,1,0,0,0,0,10,1,0
CARRIER_F,2026-08-13 12:00,GWANGYANG,20FT,1,0,0,0,0,9,1,0
CARRIER_F,2026-08-13 13:00,GWANGYANG,20FT,0,0,0,0,0,9,0,0
CARRIER_F,2026-08-13 14:00,GWANGYANG,20FT,1,1,0,0,0,9,0,0
CARRIER_F,2026-08-13 15:00,GWANGYANG,20FT,2,0,0,0,0,7,2,0
CARRIER_F,2026-08-13 16:00,GWANGYANG,20FT,1,0,0,0,0,6,1,0
CARRIER_F,2026-08-13 17:00,GWANGYANG,20FT,0,0,0,0,0,6,0,0
CARRIER_F,2026-08-13 18:00,GWANGYANG,20FT,0,0,0,0,0,6,0,0
CARRIER_F,2026-08-13 19:00,GWANGYANG,20FT,0,0,0,0,0,6,0,0
CARRIER_F,2026-08-13 20:00,GWANGYANG,20FT,0,0,0,0,0,6,0,0
CARRIER_F,2026-08-13 21:00,GWANGYANG,20FT,0,0,0,0,0,6,0,0
CARRIER_F,2026-08-13 22:00,GWANGYANG,20FT,0,0,0,0,0,6,0,0
CARRIER_F,2026-08-13 23:00,GWANGYANG,20FT,0,0,0,0,0,6,0,0
CARRIER_F,2026-08-14 00:00,GWANGYANG,20FT,0,0,0,0,0,6,0,0
CARRIER_F,2026-08-14 01:00,GWANGYANG,20FT,0,0,0,0,0,6,0,0
CARRIER_F,2026-08-14 02:00,GWANGYANG,20FT,0,0,0,0,0,6,0,0
CARRIER_F,2026-08-14 03:00,GWANGYANG,20FT,0,0,0,0,0,6,0,0
CARRIER_F,2026-08-14 04:00,GWANGYANG,20FT,0,0,0,0,0,6,0,0
CARRIER_F,2026-08-14 05:00,GWANGYANG,20FT,1,0,0,0,0,5,1,0
CARRIER_F,2026-08-14 06:00,GWANGYANG,20FT,0,0,0,0,0,5,0,0
CARRIER_F,2026-08-14 07:00,GWANGYANG,20FT,0,0,0,0,0,5,0,0
CARRIER_F,2026-08-14 08:00,GWANGYANG,20FT,1,0,0,0,0,4,1,0
CARRIER_F,2026-08-14 09:00,GWANGYANG,20FT,0,1,0,0,1,5,0,0
CARRIER_F,2026-08-14 10:00,GWANGYANG,20FT,1,0,0,0,0,4,0,0
CARRIER_F,2026-08-14 11:00,GWANGYANG,20FT,1,0,0,0,0,3,1,0
CARRIER_F,2026-08-14 12:00,GWANGYANG,20FT,0,1,0,0,1,4,0,0
CARRIER_F,2026-08-14 13:00,GWANGYANG,20FT,1,0,0,0,0,3,0,0
CARRIER_F,2026-08-14 14:00,GWANGYANG,20FT,1,0,0,0,0,2,1,0
CARRIER_F,2026-08-14 15:00,GWANGYANG,20FT,1,0,0,0,0,1,1,0
CARRIER_F,2026-08-14 16:00,GWANGYANG,20FT,0,0,0,0,0,1,0,0
CARRIER_F,2026-08-14 17:00,GWANGYANG,20FT,0,0,0,0,0,1,0,0
CARRIER_F,2026-08-14 18:00,GWANGYANG,20FT,1,0,0,0,0,0,1,0
CARRIER_F,2026-08-14 19:00,GWANGYANG,20FT,0,1,0,0,1,1,0,0
CARRIER_F,2026-08-14 20:00,GWANGYANG,20FT,0,0,0,0,1,1,0,0
CARRIER_F,2026-08-14 21:00,GWANGYANG,20FT,0,0,0,0,1,1,0,0
CARRIER_F,2026-08-14 22:00,GWANGYANG,20FT,0,0,0,0,1,1,0,0
CARRIER_F,2026-08-14 23:00,GWANGYANG,20FT,0,0,0,0,1,1,0,0
CARRIER_F,2026-08-15 00:00,GWANGYANG,20FT,0,0,0,0,1,1,0,0
CARRIER_F,2026-08-15 01:00,GWANGYANG,20FT,0,0,0,0,1,1,0,0
CARRIER_F,2026-08-15 02:00,GWANGYANG,20FT,0,0,0,0,1,1,0,0
CARRIER_F,2026-08-15 03:00,GWANGYANG,20FT,0,0,0,0,1,1,0,0
CARRIER_F,2026-08-15 04:00,GWANGYANG,20FT,0,0,0,0,1,1,0,0
CARRIER_F,2026-08-15 05:00,GWANGYANG,20FT,0,0,0,0,1,1,0,0
CARRIER_F,2026-08-15 06:00,GWANGYANG,20FT,0,0,0,0,1,1,0,0
CARRIER_F,2026-08-15 07:00,GWANGYANG,20FT,0,0,0,0,1,1,0,0
CARRIER_F,2026-08-15 08:00,GWANGYANG,20FT,1,0,0,0,0,0,0,0
CARRIER_F,2026-08-15 09:00,GWANGYANG,20FT,0,0,0,0,0,0,0,0
CARRIER_F,2026-08-15 10:00,GWANGYANG,20FT,0,0,0,0,0,0,0,0
CARRIER_F,2026-08-15 11:00,GWANGYANG,20FT,1,0,0,0,0,0,1,1
CARRIER_F,2026-08-15 12:00,GWANGYANG,20FT,0,0,0,0,0,0,0,0
CARRIER_F,2026-08-15 13:00,GWANGYANG,20FT,0,0,0,0,0,0,0,0
CARRIER_F,2026-08-15 14:00,GWANGYANG,20FT,0,1,0,0,1,1,0,0
CARRIER_F,2026-08-15 15:00,GWANGYANG,20FT,0,0,0,0,1,1,0,0
CARRIER_F,2026-08-15 16:00,GWANGYANG,20FT,1,0,0,0,0,0,0,0
CARRIER_F,2026-08-15 17:00,GWANGYANG,20FT,0,0,0,0,0,0,0,0
CARRIER_F,2026-08-15 18:00,GWANGYANG,20FT,0,0,0,0,0,0,0,0
CARRIER_F,2026-08-15 19:00,GWANGYANG,20FT,0,7,0,0,7,7,0,0
CARRIER_F,2026-08-15 20:00,GWANGYANG,20FT,0,0,0,0,7,7,0,0
CARRIER_F,2026-08-15 21:00,GWANGYANG,20FT,0,0,0,0,7,7,0,0
CARRIER_F,2026-08-15 22:00,GWANGYANG,20FT,0,0,0,0,7,7,0,0
CARRIER_F,2026-08-15 23:00,GWANGYANG,20FT,0,0,0,0,7,7,0,0
CARRIER_F,2026-08-16 00:00,GWANGYANG,20FT,0,0,0,0,7,7,0,0
CARRIER_F,2026-08-16 01:00,GWANGYANG,20FT,0,0,0,0,7,7,0,0
CARRIER_F,2026-08-16 02:00,GWANGYANG,20FT,0,0,0,0,7,7,0,0
CARRIER_F,2026-08-16 03:00,GWANGYANG,20FT,0,0,0,0,7,7,0,0
CARRIER_F,2026-08-16 04:00,GWANGYANG,20FT,0,0,0,0,7,7,0,0
CARRIER_F,2026-08-16 05:00,GWANGYANG,20FT,0,0,0,0,7,7,0,0
CARRIER_F,2026-08-16 06:00,GWANGYANG,20FT,0,0,0,0,7,7,0,0
CARRIER_F,2026-08-16 07:00,GWANGYANG,20FT,0,0,0,0,7,7,0,0
CARRIER_F,2026-08-16 08:00,GWANGYANG,20FT,0,0,0,0,7,7,0,0
CARRIER_F,2026-08-16 09:00,GWANGYANG,20FT,0,0,0,0,7,7,0,0
CARRIER_F,2026-08-16 10:00,GWANGYANG,20FT,0,0,0,0,7,7,0,0
CARRIER_F,2026-08-16 11:00,GWANGYANG,20FT,0,1,0,0,8,8,0,0
CARRIER_F,2026-08-16 12:00,GWANGYANG,20FT,0,0,0,0,8,8,0,0
CARRIER_F,2026-08-16 13:00,GWANGYANG,20FT,0,0,0,0,8,8,0,0
CARRIER_F,2026-08-16 14:00,GWANGYANG,20FT,1,0,0,0,7,7,0,0
CARRIER_F,2026-08-16 15:00,GWANGYANG,20FT,0,0,0,0,7,7,0,0
CARRIER_F,2026-08-16 16:00,GWANGYANG,20FT,0,0,0,0,7,7,0,0
CARRIER_F,2026-08-16 17:00,GWANGYANG,20FT,1,0,0,0,6,6,0,0
CARRIER_F,2026-08-16 18:00,GWANGYANG,20FT,0,0,0,0,6,6,0,0
CARRIER_F,2026-08-16 19:00,GWANGYANG,20FT,0,1,0,0,7,7,0,0
CARRIER_F,2026-08-16 20:00,GWANGYANG,20FT,0,0,0,0,7,7,0,0
CARRIER_F,2026-08-16 21:00,GWANGYANG,20FT,0,0,0,0,7,7,0,0
CARRIER_F,2026-08-16 22:00,GWANGYANG,20FT,0,0,0,0,7,7,0,0
CARRIER_F,2026-08-16 23:00,GWANGYANG,20FT,0,0,0,0,7,7,0,0
CARRIER_F,2026-08-10 00:00,GWANGYANG,40FT,0,0,0,0,5,5,0,0
CARRIER_F,2026-08-10 01:00,GWANGYANG,40FT,0,0,0,0,5,5,0,0
CARRIER_F,2026-08-10 02:00,GWANGYANG,40FT,0,0,0,0,5,5,0,0
CARRIER_F,2026-08-10 03:00,GWANGYANG,40FT,0,0,0,0,5,5,0,0
CARRIER_F,2026-08-10 04:00,GWANGYANG,40FT,0,0,0,0,5,5,0,0
CARRIER_F,2026-08-10 05:00,GWANGYANG,40FT,0,0,0,0,5,5,0,0
CARRIER_F,2026-08-10 06:00,GWANGYANG,40FT,0,0,0,0,5,5,0,0
CARRIER_F,2026-08-10 07:00,GWANGYANG,40FT,1,0,0,0,4,4,0,0
CARRIER_F,2026-08-10 08:00,GWANGYANG,40FT,0,0,0,0,4,4,0,0
CARRIER_F,2026-08-10 09:00,GWANGYANG,40FT,0,1,0,0,5,5,0,0
CARRIER_F,2026-08-10 10:00,GWANGYANG,40FT,0,0,0,0,5,5,0,0
CARRIER_F,2026-08-10 11:00,GWANGYANG,40FT,0,0,0,0,5,5,0,0
CARRIER_F,2026-08-10 12:00,GWANGYANG,40FT,0,0,0,0,5,5,0,0
CARRIER_F,2026-08-10 13:00,GWANGYANG,40FT,0,0,0,0,5,5,0,0
CARRIER_F,2026-08-10 14:00,GWANGYANG,40FT,1,0,0,0,4,4,0,0
CARRIER_F,2026-08-10 15:00,GWANGYANG,40FT,0,0,0,0,4,4,0,0
CARRIER_F,2026-08-10 16:00,GWANGYANG,40FT,0,1,0,0,5,5,0,0
CARRIER_F,2026-08-10 17:00,GWANGYANG,40FT,0,0,0,0,5,5,0,0
CARRIER_F,2026-08-10 18:00,GWANGYANG,40FT,0,0,0,0,5,5,0,0
CARRIER_F,2026-08-10 19:00,GWANGYANG,40FT,0,0,0,0,5,5,0,0
CARRIER_F,2026-08-10 20:00,GWANGYANG,40FT,0,0,0,0,5,5,0,0
CARRIER_F,2026-08-10 21:00,GWANGYANG,40FT,0,0,0,0,5,5,0,0
CARRIER_F,2026-08-10 22:00,GWANGYANG,40FT,0,0,0,0,5,5,0,0
CARRIER_F,2026-08-10 23:00,GWANGYANG,40FT,0,0,0,0,5,5,0,0
CARRIER_F,2026-08-11 00:00,GWANGYANG,40FT,0,0,0,0,5,5,0,0
CARRIER_F,2026-08-11 01:00,GWANGYANG,40FT,0,0,0,0,5,5,0,0
CARRIER_F,2026-08-11 02:00,GWANGYANG,40FT,0,0,0,0,5,5,0,0
CARRIER_F,2026-08-11 03:00,GWANGYANG,40FT,0,0,0,0,5,5,0,0
CARRIER_F,2026-08-11 04:00,GWANGYANG,40FT,0,0,0,0,5,5,0,0
CARRIER_F,2026-08-11 05:00,GWANGYANG,40FT,0,0,0,0,5,5,0,0
CARRIER_F,2026-08-11 06:00,GWANGYANG,40FT,0,1,0,0,6,6,0,0
CARRIER_F,2026-08-11 07:00,GWANGYANG,40FT,0,0,0,0,6,6,0,0
CARRIER_F,2026-08-11 08:00,GWANGYANG,40FT,0,0,0,0,6,6,0,0
CARRIER_F,2026-08-11 09:00,GWANGYANG,40FT,0,0,0,0,6,6,0,0
CARRIER_F,2026-08-11 10:00,GWANGYANG,40FT,0,0,0,0,6,6,0,0
CARRIER_F,2026-08-11 11:00,GWANGYANG,40FT,0,0,0,0,6,6,0,0
CARRIER_F,2026-08-11 12:00,GWANGYANG,40FT,0,0,0,0,6,6,0,0
CARRIER_F,2026-08-11 13:00,GWANGYANG,40FT,0,0,0,0,6,6,0,0
CARRIER_F,2026-08-11 14:00,GWANGYANG,40FT,0,0,0,0,6,6,0,0
CARRIER_F,2026-08-11 15:00,GWANGYANG,40FT,1,1,0,0,6,6,0,0
CARRIER_F,2026-08-11 16:00,GWANGYANG,40FT,0,0,0,0,6,6,0,0
CARRIER_F,2026-08-11 17:00,GWANGYANG,40FT,0,0,0,0,6,6,0,0
CARRIER_F,2026-08-11 18:00,GWANGYANG,40FT,0,0,0,0,6,6,0,0
CARRIER_F,2026-08-11 19:00,GWANGYANG,40FT,0,0,0,0,6,6,0,0
CARRIER_F,2026-08-11 20:00,GWANGYANG,40FT,0,0,0,0,6,6,0,0
CARRIER_F,2026-08-11 21:00,GWANGYANG,40FT,0,0,0,0,6,6,0,0
CARRIER_F,2026-08-11 22:00,GWANGYANG,40FT,0,0,0,0,6,6,0,0
CARRIER_F,2026-08-11 23:00,GWANGYANG,40FT,0,0,0,0,6,6,0,0
CARRIER_F,2026-08-12 00:00,GWANGYANG,40FT,0,0,0,0,6,6,0,0
CARRIER_F,2026-08-12 01:00,GWANGYANG,40FT,0,0,0,0,6,6,0,0
CARRIER_F,2026-08-12 02:00,GWANGYANG,40FT,0,0,0,0,6,6,0,0
CARRIER_F,2026-08-12 03:00,GWANGYANG,40FT,0,0,0,0,6,6,0,0
CARRIER_F,2026-08-12 04:00,GWANGYANG,40FT,0,0,0,0,6,6,0,0
CARRIER_F,2026-08-12 05:00,GWANGYANG,40FT,0,0,0,0,6,6,0,0
CARRIER_F,2026-08-12 06:00,GWANGYANG,40FT,0,0,0,0,6,6,0,0
CARRIER_F,2026-08-12 07:00,GWANGYANG,40FT,0,0,0,0,6,6,0,0
CARRIER_F,2026-08-12 08:00,GWANGYANG,40FT,0,0,0,0,6,6,0,0
CARRIER_F,2026-08-12 09:00,GWANGYANG,40FT,0,0,0,0,6,6,0,0
CARRIER_F,2026-08-12 10:00,GWANGYANG,40FT,0,0,0,0,6,6,0,0
CARRIER_F,2026-08-12 11:00,GWANGYANG,40FT,0,0,0,0,6,6,0,0
CARRIER_F,2026-08-12 12:00,GWANGYANG,40FT,0,0,0,0,6,6,0,0
CARRIER_F,2026-08-12 13:00,GWANGYANG,40FT,0,0,0,0,6,6,0,0
CARRIER_F,2026-08-12 14:00,GWANGYANG,40FT,1,0,0,0,5,5,0,0
CARRIER_F,2026-08-12 15:00,GWANGYANG,40FT,0,0,0,0,5,5,0,0
CARRIER_F,2026-08-12 16:00,GWANGYANG,40FT,0,0,0,0,5,5,0,0
CARRIER_F,2026-08-12 17:00,GWANGYANG,40FT,0,0,0,0,5,5,0,0
CARRIER_F,2026-08-12 18:00,GWANGYANG,40FT,0,0,0,0,5,5,0,0
CARRIER_F,2026-08-12 19:00,GWANGYANG,40FT,0,0,0,0,5,5,0,0
CARRIER_F,2026-08-12 20:00,GWANGYANG,40FT,0,0,0,0,5,5,0,0
CARRIER_F,2026-08-12 21:00,GWANGYANG,40FT,0,0,0,0,5,5,0,0
CARRIER_F,2026-08-12 22:00,GWANGYANG,40FT,0,0,0,0,5,5,0,0
CARRIER_F,2026-08-12 23:00,GWANGYANG,40FT,0,0,0,0,5,5,0,0
CARRIER_F,2026-08-13 00:00,GWANGYANG,40FT,0,0,0,0,5,5,0,0
CARRIER_F,2026-08-13 01:00,GWANGYANG,40FT,0,0,0,0,5,5,0,0
CARRIER_F,2026-08-13 02:00,GWANGYANG,40FT,0,0,0,0,5,5,0,0
CARRIER_F,2026-08-13 03:00,GWANGYANG,40FT,0,0,0,0,5,5,0,0
CARRIER_F,2026-08-13 04:00,GWANGYANG,40FT,0,0,0,0,5,5,0,0
CARRIER_F,2026-08-13 05:00,GWANGYANG,40FT,0,0,0,0,5,5,0,0
CARRIER_F,2026-08-13 06:00,GWANGYANG,40FT,0,0,0,0,5,5,0,0
CARRIER_F,2026-08-13 07:00,GWANGYANG,40FT,0,0,0,0,5,5,0,0
CARRIER_F,2026-08-13 08:00,GWANGYANG,40FT,1,0,0,0,4,4,0,0
CARRIER_F,2026-08-13 09:00,GWANGYANG,40FT,0,0,0,0,4,4,0,0
CARRIER_F,2026-08-13 10:00,GWANGYANG,40FT,1,0,0,0,3,3,0,0
CARRIER_F,2026-08-13 11:00,GWANGYANG,40FT,0,0,0,0,3,3,0,0
CARRIER_F,2026-08-13 12:00,GWANGYANG,40FT,1,3,0,0,5,5,0,0
CARRIER_F,2026-08-13 13:00,GWANGYANG,40FT,0,0,0,0,5,5,0,0
CARRIER_F,2026-08-13 14:00,GWANGYANG,40FT,0,1,0,0,6,6,0,0
CARRIER_F,2026-08-13 15:00,GWANGYANG,40FT,0,0,0,0,6,6,0,0
CARRIER_F,2026-08-13 16:00,GWANGYANG,40FT,0,0,0,0,6,6,0,0
CARRIER_F,2026-08-13 17:00,GWANGYANG,40FT,0,0,0,0,6,6,0,0
CARRIER_F,2026-08-13 18:00,GWANGYANG,40FT,0,0,0,0,6,6,0,0
CARRIER_F,2026-08-13 19:00,GWANGYANG,40FT,0,0,0,0,6,6,0,0
CARRIER_F,2026-08-13 20:00,GWANGYANG,40FT,0,0,0,0,6,6,0,0
CARRIER_F,2026-08-13 21:00,GWANGYANG,40FT,0,0,0,0,6,6,0,0
CARRIER_F,2026-08-13 22:00,GWANGYANG,40FT,0,0,0,0,6,6,0,0
CARRIER_F,2026-08-13 23:00,GWANGYANG,40FT,0,0,0,0,6,6,0,0
CARRIER_F,2026-08-14 00:00,GWANGYANG,40FT,0,0,0,0,6,6,0,0
CARRIER_F,2026-08-14 01:00,GWANGYANG,40FT,0,0,0,0,6,6,0,0
CARRIER_F,2026-08-14 02:00,GWANGYANG,40FT,0,0,0,0,6,6,0,0
CARRIER_F,2026-08-14 03:00,GWANGYANG,40FT,0,0,0,0,6,6,0,0
CARRIER_F,2026-08-14 04:00,GWANGYANG,40FT,0,0,0,0,6,6,0,0
CARRIER_F,2026-08-14 05:00,GWANGYANG,40FT,0,0,0,0,6,6,0,0
CARRIER_F,2026-08-14 06:00,GWANGYANG,40FT,0,0,0,0,6,6,0,0
CARRIER_F,2026-08-14 07:00,GWANGYANG,40FT,0,0,0,0,6,6,0,0
CARRIER_F,2026-08-14 08:00,GWANGYANG,40FT,0,0,0,0,6,6,0,0
CARRIER_F,2026-08-14 09:00,GWANGYANG,40FT,0,0,0,0,6,6,0,0
CARRIER_F,2026-08-14 10:00,GWANGYANG,40FT,0,0,0,0,6,6,0,0
CARRIER_F,2026-08-14 11:00,GWANGYANG,40FT,1,1,0,0,6,6,0,0
CARRIER_F,2026-08-14 12:00,GWANGYANG,40FT,0,0,0,0,6,6,0,0
CARRIER_F,2026-08-14 13:00,GWANGYANG,40FT,0,0,0,0,6,6,0,0
CARRIER_F,2026-08-14 14:00,GWANGYANG,40FT,1,0,0,0,5,5,0,0
CARRIER_F,2026-08-14 15:00,GWANGYANG,40FT,0,0,0,0,5,5,0,0
CARRIER_F,2026-08-14 16:00,GWANGYANG,40FT,0,0,0,0,5,5,0,0
CARRIER_F,2026-08-14 17:00,GWANGYANG,40FT,0,0,0,0,5,5,0,0
CARRIER_F,2026-08-14 18:00,GWANGYANG,40FT,0,0,0,0,5,5,0,0
CARRIER_F,2026-08-14 19:00,GWANGYANG,40FT,1,0,0,0,4,4,0,0
CARRIER_F,2026-08-14 20:00,GWANGYANG,40FT,0,0,0,0,4,4,0,0
CARRIER_F,2026-08-14 21:00,GWANGYANG,40FT,0,0,0,0,4,4,0,0
CARRIER_F,2026-08-14 22:00,GWANGYANG,40FT,0,0,0,0,4,4,0,0
CARRIER_F,2026-08-14 23:00,GWANGYANG,40FT,0,0,0,0,4,4,0,0
CARRIER_F,2026-08-15 00:00,GWANGYANG,40FT,0,0,0,0,4,4,0,0
CARRIER_F,2026-08-15 01:00,GWANGYANG,40FT,0,0,0,0,4,4,0,0
CARRIER_F,2026-08-15 02:00,GWANGYANG,40FT,0,4,0,0,8,8,0,0
CARRIER_F,2026-08-15 03:00,GWANGYANG,40FT,0,0,0,0,8,8,0,0
CARRIER_F,2026-08-15 04:00,GWANGYANG,40FT,0,0,0,0,8,8,0,0
CARRIER_F,2026-08-15 05:00,GWANGYANG,40FT,0,0,0,0,8,8,0,0
CARRIER_F,2026-08-15 06:00,GWANGYANG,40FT,0,0,0,0,8,8,0,0
CARRIER_F,2026-08-15 07:00,GWANGYANG,40FT,0,0,0,0,8,8,0,0
CARRIER_F,2026-08-15 08:00,GWANGYANG,40FT,0,1,0,0,9,9,0,0
CARRIER_F,2026-08-15 09:00,GWANGYANG,40FT,0,0,0,0,9,9,0,0
CARRIER_F,2026-08-15 10:00,GWANGYANG,40FT,0,0,0,0,9,9,0,0
CARRIER_F,2026-08-15 11:00,GWANGYANG,40FT,0,0,0,0,9,9,0,0
CARRIER_F,2026-08-15 12:00,GWANGYANG,40FT,0,0,0,0,9,9,0,0
CARRIER_F,2026-08-15 13:00,GWANGYANG,40FT,0,0,0,0,9,9,0,0
CARRIER_F,2026-08-15 14:00,GWANGYANG,40FT,0,0,0,0,9,9,0,0
CARRIER_F,2026-08-15 15:00,GWANGYANG,40FT,0,0,0,0,9,9,0,0
CARRIER_F,2026-08-15 16:00,GWANGYANG,40FT,0,0,0,0,9,9,0,0
CARRIER_F,2026-08-15 17:00,GWANGYANG,40FT,0,0,0,0,9,9,0,0
CARRIER_F,2026-08-15 18:00,GWANGYANG,40FT,0,0,0,0,9,9,0,0
CARRIER_F,2026-08-15 19:00,GWANGYANG,40FT,0,0,0,0,9,9,0,0
CARRIER_F,2026-08-15 20:00,GWANGYANG,40FT,0,0,0,0,9,9,0,0
CARRIER_F,2026-08-15 21:00,GWANGYANG,40FT,0,0,0,0,9,9,0,0
CARRIER_F,2026-08-15 22:00,GWANGYANG,40FT,0,0,0,0,9,9,0,0
CARRIER_F,2026-08-15 23:00,GWANGYANG,40FT,0,0,0,0,9,9,0,0
CARRIER_F,2026-08-16 00:00,GWANGYANG,40FT,0,0,0,0,9,9,0,0
CARRIER_F,2026-08-16 01:00,GWANGYANG,40FT,0,0,0,0,9,9,0,0
CARRIER_F,2026-08-16 02:00,GWANGYANG,40FT,0,0,0,0,9,9,0,0
CARRIER_F,2026-08-16 03:00,GWANGYANG,40FT,0,0,0,0,9,9,0,0
CARRIER_F,2026-08-16 04:00,GWANGYANG,40FT,0,0,0,0,9,9,0,0
CARRIER_F,2026-08-16 05:00,GWANGYANG,40FT,0,0,0,0,9,9,0,0
CARRIER_F,2026-08-16 06:00,GWANGYANG,40FT,0,0,0,0,9,9,0,0
CARRIER_F,2026-08-16 07:00,GWANGYANG,40FT,0,0,0,0,9,9,0,0
CARRIER_F,2026-08-16 08:00,GWANGYANG,40FT,0,0,0,0,9,9,0,0
CARRIER_F,2026-08-16 09:00,GWANGYANG,40FT,0,1,0,0,10,10,0,0
CARRIER_F,2026-08-16 10:00,GWANGYANG,40FT,0,0,0,0,10,10,0,0
CARRIER_F,2026-08-16 11:00,GWANGYANG,40FT,0,0,0,0,10,10,0,0
CARRIER_F,2026-08-16 12:00,GWANGYANG,40FT,0,0,0,0,10,10,0,0
CARRIER_F,2026-08-16 13:00,GWANGYANG,40FT,0,0,0,0,10,10,0,0
CARRIER_F,2026-08-16 14:00,GWANGYANG,40FT,0,0,0,0,10,10,0,0
CARRIER_F,2026-08-16 15:00,GWANGYANG,40FT,0,0,0,0,10,10,0,0
CARRIER_F,2026-08-16 16:00,GWANGYANG,40FT,0,0,0,0,10,10,0,0
CARRIER_F,2026-08-16 17:00,GWANGYANG,40FT,0,1,0,0,11,11,0,0
CARRIER_F,2026-08-16 18:00,GWANGYANG,40FT,0,0,0,0,11,11,0,0
CARRIER_F,2026-08-16 19:00,GWANGYANG,40FT,0,0,0,0,11,11,0,0
CARRIER_F,2026-08-16 20:00,GWANGYANG,40FT,0,0,0,0,11,11,0,0
CARRIER_F,2026-08-16 21:00,GWANGYANG,40FT,0,0,0,0,11,11,0,0
CARRIER_F,2026-08-16 22:00,GWANGYANG,40FT,0,0,0,0,11,11,0,0
CARRIER_F,2026-08-16 23:00,GWANGYANG,40FT,0,0,0,0,11,11,0,0
CARRIER_F,2026-08-10 00:00,UIWANG,20FT,0,0,0,0,19,19,0,0
CARRIER_F,2026-08-10 01:00,UIWANG,20FT,0,0,0,0,19,19,0,0
CARRIER_F,2026-08-10 02:00,UIWANG,20FT,0,0,0,0,19,19,0,0
CARRIER_F,2026-08-10 03:00,UIWANG,20FT,0,0,0,3,19,16,0,0
CARRIER_F,2026-08-10 04:00,UIWANG,20FT,0,0,0,0,19,16,0,0
CARRIER_F,2026-08-10 05:00,UIWANG,20FT,1,0,0,0,18,15,0,0
CARRIER_F,2026-08-10 06:00,UIWANG,20FT,0,0,0,0,18,15,0,0
CARRIER_F,2026-08-10 07:00,UIWANG,20FT,0,1,0,0,19,16,0,0
CARRIER_F,2026-08-10 08:00,UIWANG,20FT,0,0,0,0,19,16,0,0
CARRIER_F,2026-08-10 09:00,UIWANG,20FT,0,1,0,0,20,17,0,0
CARRIER_F,2026-08-10 10:00,UIWANG,20FT,1,0,0,0,19,16,0,0
CARRIER_F,2026-08-10 11:00,UIWANG,20FT,1,1,0,0,19,16,0,0
CARRIER_F,2026-08-10 12:00,UIWANG,20FT,0,1,0,0,20,17,0,0
CARRIER_F,2026-08-10 13:00,UIWANG,20FT,1,1,0,0,20,17,0,0
CARRIER_F,2026-08-10 14:00,UIWANG,20FT,0,2,0,0,22,19,0,0
CARRIER_F,2026-08-10 15:00,UIWANG,20FT,1,1,0,0,22,19,0,0
CARRIER_F,2026-08-10 16:00,UIWANG,20FT,0,1,0,0,23,20,0,0
CARRIER_F,2026-08-10 17:00,UIWANG,20FT,2,1,0,0,22,19,0,0
CARRIER_F,2026-08-10 18:00,UIWANG,20FT,0,0,0,0,22,19,0,0
CARRIER_F,2026-08-10 19:00,UIWANG,20FT,0,0,0,0,22,19,0,0
CARRIER_F,2026-08-10 20:00,UIWANG,20FT,0,0,0,0,22,19,0,0
CARRIER_F,2026-08-10 21:00,UIWANG,20FT,0,0,0,0,22,19,0,0
CARRIER_F,2026-08-10 22:00,UIWANG,20FT,0,0,0,0,22,19,0,0
CARRIER_F,2026-08-10 23:00,UIWANG,20FT,0,0,0,0,22,19,0,0
CARRIER_F,2026-08-11 00:00,UIWANG,20FT,0,0,0,0,22,19,0,0
CARRIER_F,2026-08-11 01:00,UIWANG,20FT,0,0,0,0,22,19,0,0
CARRIER_F,2026-08-11 02:00,UIWANG,20FT,0,0,0,0,22,19,0,0
CARRIER_F,2026-08-11 03:00,UIWANG,20FT,0,0,0,0,22,19,0,0
CARRIER_F,2026-08-11 04:00,UIWANG,20FT,0,0,0,0,22,19,0,0
CARRIER_F,2026-08-11 05:00,UIWANG,20FT,1,0,0,0,21,18,0,0
CARRIER_F,2026-08-11 06:00,UIWANG,20FT,0,0,0,0,21,18,0,0
CARRIER_F,2026-08-11 07:00,UIWANG,20FT,0,0,0,0,21,18,0,0
CARRIER_F,2026-08-11 08:00,UIWANG,20FT,0,0,0,0,21,18,0,0
CARRIER_F,2026-08-11 09:00,UIWANG,20FT,1,1,0,9,21,9,0,0
CARRIER_F,2026-08-11 10:00,UIWANG,20FT,2,0,0,0,19,7,0,0
CARRIER_F,2026-08-11 11:00,UIWANG,20FT,0,1,0,0,20,8,0,0
CARRIER_F,2026-08-11 12:00,UIWANG,20FT,0,0,0,0,20,8,0,0
CARRIER_F,2026-08-11 13:00,UIWANG,20FT,1,0,0,0,19,7,0,0
CARRIER_F,2026-08-11 14:00,UIWANG,20FT,0,1,0,0,20,8,0,0
CARRIER_F,2026-08-11 15:00,UIWANG,20FT,1,1,0,0,20,8,0,0
CARRIER_F,2026-08-11 16:00,UIWANG,20FT,1,0,0,0,19,7,0,0
CARRIER_F,2026-08-11 17:00,UIWANG,20FT,1,0,0,0,18,6,0,0
CARRIER_F,2026-08-11 18:00,UIWANG,20FT,0,1,0,0,19,7,0,0
CARRIER_F,2026-08-11 19:00,UIWANG,20FT,0,0,0,0,19,7,0,0
CARRIER_F,2026-08-11 20:00,UIWANG,20FT,0,0,0,0,19,7,0,0
CARRIER_F,2026-08-11 21:00,UIWANG,20FT,0,0,0,0,19,7,0,0
CARRIER_F,2026-08-11 22:00,UIWANG,20FT,0,0,0,0,19,7,0,0
CARRIER_F,2026-08-11 23:00,UIWANG,20FT,0,0,0,0,19,7,0,0
CARRIER_F,2026-08-12 00:00,UIWANG,20FT,0,0,0,0,19,7,0,0
CARRIER_F,2026-08-12 01:00,UIWANG,20FT,0,0,0,0,19,7,0,0
CARRIER_F,2026-08-12 02:00,UIWANG,20FT,0,0,0,0,19,7,0,0
CARRIER_F,2026-08-12 03:00,UIWANG,20FT,0,0,0,0,19,7,0,0
CARRIER_F,2026-08-12 04:00,UIWANG,20FT,0,0,0,0,19,7,0,0
CARRIER_F,2026-08-12 05:00,UIWANG,20FT,0,0,0,0,19,7,0,0
CARRIER_F,2026-08-12 06:00,UIWANG,20FT,1,0,0,0,18,6,0,0
CARRIER_F,2026-08-12 07:00,UIWANG,20FT,1,0,0,0,17,5,0,0
CARRIER_F,2026-08-12 08:00,UIWANG,20FT,1,1,0,0,17,5,0,0
CARRIER_F,2026-08-12 09:00,UIWANG,20FT,0,1,0,0,18,6,0,0
CARRIER_F,2026-08-12 10:00,UIWANG,20FT,1,0,0,0,17,5,0,0
CARRIER_F,2026-08-12 11:00,UIWANG,20FT,1,0,0,0,16,4,0,0
CARRIER_F,2026-08-12 12:00,UIWANG,20FT,1,1,0,0,16,4,0,0
CARRIER_F,2026-08-12 13:00,UIWANG,20FT,1,0,0,0,15,3,0,0
CARRIER_F,2026-08-12 14:00,UIWANG,20FT,1,0,0,0,14,2,0,0
CARRIER_F,2026-08-12 15:00,UIWANG,20FT,0,1,0,0,15,3,0,0
CARRIER_F,2026-08-12 16:00,UIWANG,20FT,2,1,0,0,14,2,0,0
CARRIER_F,2026-08-12 17:00,UIWANG,20FT,0,0,0,0,14,2,0,0
CARRIER_F,2026-08-12 18:00,UIWANG,20FT,0,1,0,0,15,3,0,0
CARRIER_F,2026-08-12 19:00,UIWANG,20FT,1,0,0,0,14,2,0,0
CARRIER_F,2026-08-12 20:00,UIWANG,20FT,0,0,0,0,14,2,0,0
CARRIER_F,2026-08-12 21:00,UIWANG,20FT,0,0,0,0,14,2,0,0
CARRIER_F,2026-08-12 22:00,UIWANG,20FT,0,0,0,0,14,2,0,0
CARRIER_F,2026-08-12 23:00,UIWANG,20FT,0,0,0,0,14,2,0,0
CARRIER_F,2026-08-13 00:00,UIWANG,20FT,0,0,0,0,14,2,0,0
CARRIER_F,2026-08-13 01:00,UIWANG,20FT,0,0,0,0,14,2,0,0
CARRIER_F,2026-08-13 02:00,UIWANG,20FT,0,0,0,0,14,2,0,0
CARRIER_F,2026-08-13 03:00,UIWANG,20FT,0,0,0,0,14,2,0,0
CARRIER_F,2026-08-13 04:00,UIWANG,20FT,0,0,0,0,14,2,0,0
CARRIER_F,2026-08-13 05:00,UIWANG,20FT,0,0,0,0,14,2,0,0
CARRIER_F,2026-08-13 06:00,UIWANG,20FT,0,0,0,0,14,2,0,0
CARRIER_F,2026-08-13 07:00,UIWANG,20FT,0,0,0,0,14,2,0,0
CARRIER_F,2026-08-13 08:00,UIWANG,20FT,1,0,0,0,13,1,0,0
CARRIER_F,2026-08-13 09:00,UIWANG,20FT,0,1,0,0,14,2,0,0
CARRIER_F,2026-08-13 10:00,UIWANG,20FT,1,0,0,0,13,1,0,0
CARRIER_F,2026-08-13 11:00,UIWANG,20FT,1,0,0,0,12,0,0,0
CARRIER_F,2026-08-13 12:00,UIWANG,20FT,0,1,0,0,13,1,0,0
CARRIER_F,2026-08-13 13:00,UIWANG,20FT,0,0,0,0,13,1,0,0
CARRIER_F,2026-08-13 14:00,UIWANG,20FT,0,0,0,0,13,1,0,0
CARRIER_F,2026-08-13 15:00,UIWANG,20FT,1,1,0,0,13,1,0,0
CARRIER_F,2026-08-13 16:00,UIWANG,20FT,0,1,0,0,14,2,0,0
CARRIER_F,2026-08-13 17:00,UIWANG,20FT,0,1,0,0,15,3,0,0
CARRIER_F,2026-08-13 18:00,UIWANG,20FT,1,0,0,0,14,2,0,0
CARRIER_F,2026-08-13 19:00,UIWANG,20FT,0,1,0,0,15,3,0,0
CARRIER_F,2026-08-13 20:00,UIWANG,20FT,0,0,0,0,15,3,0,0
CARRIER_F,2026-08-13 21:00,UIWANG,20FT,0,0,0,0,15,3,0,0
CARRIER_F,2026-08-13 22:00,UIWANG,20FT,0,0,0,0,15,3,0,0
CARRIER_F,2026-08-13 23:00,UIWANG,20FT,0,0,0,0,15,3,0,0
CARRIER_F,2026-08-14 00:00,UIWANG,20FT,0,0,0,0,15,3,0,0
CARRIER_F,2026-08-14 01:00,UIWANG,20FT,0,0,0,0,15,3,0,0
CARRIER_F,2026-08-14 02:00,UIWANG,20FT,0,0,0,0,15,3,0,0
CARRIER_F,2026-08-14 03:00,UIWANG,20FT,0,0,0,0,15,3,0,0
CARRIER_F,2026-08-14 04:00,UIWANG,20FT,0,0,0,0,15,3,0,0
CARRIER_F,2026-08-14 05:00,UIWANG,20FT,0,0,0,0,15,3,0,0
CARRIER_F,2026-08-14 06:00,UIWANG,20FT,0,0,0,0,15,3,0,0
CARRIER_F,2026-08-14 07:00,UIWANG,20FT,0,0,0,0,15,3,0,0
CARRIER_F,2026-08-14 08:00,UIWANG,20FT,1,1,0,0,15,3,0,0
CARRIER_F,2026-08-14 09:00,UIWANG,20FT,0,0,0,0,15,3,0,0
CARRIER_F,2026-08-14 10:00,UIWANG,20FT,0,0,0,0,15,3,0,0
CARRIER_F,2026-08-14 11:00,UIWANG,20FT,1,0,0,0,14,2,0,0
CARRIER_F,2026-08-14 12:00,UIWANG,20FT,0,1,0,0,15,3,0,0
CARRIER_F,2026-08-14 13:00,UIWANG,20FT,0,0,0,0,15,3,0,0
CARRIER_F,2026-08-14 14:00,UIWANG,20FT,0,0,0,0,15,3,0,0
CARRIER_F,2026-08-14 15:00,UIWANG,20FT,1,1,0,0,15,3,0,0
CARRIER_F,2026-08-14 16:00,UIWANG,20FT,0,1,0,0,16,4,0,0
CARRIER_F,2026-08-14 17:00,UIWANG,20FT,0,1,0,0,17,5,0,0
CARRIER_F,2026-08-14 18:00,UIWANG,20FT,0,0,0,0,17,5,0,0
CARRIER_F,2026-08-14 19:00,UIWANG,20FT,0,1,0,0,18,6,0,0
CARRIER_F,2026-08-14 20:00,UIWANG,20FT,0,0,0,0,18,6,0,0
CARRIER_F,2026-08-14 21:00,UIWANG,20FT,0,0,0,0,18,6,0,0
CARRIER_F,2026-08-14 22:00,UIWANG,20FT,0,0,0,0,18,6,0,0
CARRIER_F,2026-08-14 23:00,UIWANG,20FT,0,0,0,0,18,6,0,0
CARRIER_F,2026-08-15 00:00,UIWANG,20FT,0,0,0,0,18,6,0,0
CARRIER_F,2026-08-15 01:00,UIWANG,20FT,0,0,0,0,18,6,0,0
CARRIER_F,2026-08-15 02:00,UIWANG,20FT,0,0,0,0,18,6,0,0
CARRIER_F,2026-08-15 03:00,UIWANG,20FT,0,0,0,0,18,6,0,0
CARRIER_F,2026-08-15 04:00,UIWANG,20FT,0,0,0,0,18,6,0,0
CARRIER_F,2026-08-15 05:00,UIWANG,20FT,1,0,0,0,17,5,0,0
CARRIER_F,2026-08-15 06:00,UIWANG,20FT,0,0,0,0,17,5,0,0
CARRIER_F,2026-08-15 07:00,UIWANG,20FT,0,0,0,0,17,5,0,0
CARRIER_F,2026-08-15 08:00,UIWANG,20FT,1,1,0,0,17,5,0,0
CARRIER_F,2026-08-15 09:00,UIWANG,20FT,0,0,0,0,17,5,0,0
CARRIER_F,2026-08-15 10:00,UIWANG,20FT,0,1,0,0,18,6,0,0
CARRIER_F,2026-08-15 11:00,UIWANG,20FT,0,0,0,0,18,6,0,0
CARRIER_F,2026-08-15 12:00,UIWANG,20FT,0,0,0,0,18,6,0,0
CARRIER_F,2026-08-15 13:00,UIWANG,20FT,1,1,0,0,18,6,0,0
CARRIER_F,2026-08-15 14:00,UIWANG,20FT,1,0,0,0,17,5,0,0
CARRIER_F,2026-08-15 15:00,UIWANG,20FT,1,1,0,0,17,5,0,0
CARRIER_F,2026-08-15 16:00,UIWANG,20FT,1,0,0,0,16,4,0,0
CARRIER_F,2026-08-15 17:00,UIWANG,20FT,0,0,0,0,16,4,0,0
CARRIER_F,2026-08-15 18:00,UIWANG,20FT,0,1,0,0,17,5,0,0
CARRIER_F,2026-08-15 19:00,UIWANG,20FT,1,0,0,0,16,4,0,0
CARRIER_F,2026-08-15 20:00,UIWANG,20FT,0,0,0,0,16,4,0,0
CARRIER_F,2026-08-15 21:00,UIWANG,20FT,0,0,0,0,16,4,0,0
CARRIER_F,2026-08-15 22:00,UIWANG,20FT,0,1,0,0,17,5,0,0
CARRIER_F,2026-08-15 23:00,UIWANG,20FT,0,0,0,0,17,5,0,0
CARRIER_F,2026-08-16 00:00,UIWANG,20FT,0,0,0,0,17,5,0,0
CARRIER_F,2026-08-16 01:00,UIWANG,20FT,0,0,0,0,17,5,0,0
CARRIER_F,2026-08-16 02:00,UIWANG,20FT,0,0,0,0,17,5,0,0
CARRIER_F,2026-08-16 03:00,UIWANG,20FT,0,0,0,0,17,5,0,0
CARRIER_F,2026-08-16 04:00,UIWANG,20FT,0,0,0,0,17,5,0,0
CARRIER_F,2026-08-16 05:00,UIWANG,20FT,0,0,0,0,17,5,0,0
CARRIER_F,2026-08-16 06:00,UIWANG,20FT,0,0,0,0,17,5,0,0
CARRIER_F,2026-08-16 07:00,UIWANG,20FT,1,0,0,0,16,4,0,0
CARRIER_F,2026-08-16 08:00,UIWANG,20FT,0,0,0,0,16,4,0,0
CARRIER_F,2026-08-16 09:00,UIWANG,20FT,1,1,0,0,16,4,0,0
CARRIER_F,2026-08-16 10:00,UIWANG,20FT,0,0,0,0,16,4,0,0
CARRIER_F,2026-08-16 11:00,UIWANG,20FT,0,0,0,0,16,4,0,0
CARRIER_F,2026-08-16 12:00,UIWANG,20FT,0,0,0,0,16,4,0,0
CARRIER_F,2026-08-16 13:00,UIWANG,20FT,1,1,0,0,16,4,0,0
CARRIER_F,2026-08-16 14:00,UIWANG,20FT,0,0,0,0,16,4,0,0
CARRIER_F,2026-08-16 15:00,UIWANG,20FT,0,1,0,0,17,5,0,0
CARRIER_F,2026-08-16 16:00,UIWANG,20FT,1,1,0,0,17,5,0,0
CARRIER_F,2026-08-16 17:00,UIWANG,20FT,0,1,0,0,18,6,0,0
CARRIER_F,2026-08-16 18:00,UIWANG,20FT,0,0,0,0,18,6,0,0
CARRIER_F,2026-08-16 19:00,UIWANG,20FT,0,0,0,0,18,6,0,0
CARRIER_F,2026-08-16 20:00,UIWANG,20FT,0,0,0,0,18,6,0,0
CARRIER_F,2026-08-16 21:00,UIWANG,20FT,0,1,0,0,19,7,0,0
CARRIER_F,2026-08-16 22:00,UIWANG,20FT,0,0,0,0,19,7,0,0
CARRIER_F,2026-08-16 23:00,UIWANG,20FT,0,0,0,0,19,7,0,0
CARRIER_F,2026-08-10 00:00,UIWANG,40FT,0,0,0,0,6,6,0,0
CARRIER_F,2026-08-10 01:00,UIWANG,40FT,0,0,0,0,6,6,0,0
CARRIER_F,2026-08-10 02:00,UIWANG,40FT,0,0,0,0,6,6,0,0
CARRIER_F,2026-08-10 03:00,UIWANG,40FT,0,0,0,0,6,6,0,0
CARRIER_F,2026-08-10 04:00,UIWANG,40FT,0,0,0,0,6,6,0,0
CARRIER_F,2026-08-10 05:00,UIWANG,40FT,0,0,0,0,6,6,0,0
CARRIER_F,2026-08-10 06:00,UIWANG,40FT,1,0,0,0,5,5,0,0
CARRIER_F,2026-08-10 07:00,UIWANG,40FT,0,0,0,0,5,5,0,0
CARRIER_F,2026-08-10 08:00,UIWANG,40FT,0,1,0,0,6,6,0,0
CARRIER_F,2026-08-10 09:00,UIWANG,40FT,0,0,0,0,6,6,0,0
CARRIER_F,2026-08-10 10:00,UIWANG,40FT,1,0,0,0,5,5,0,0
CARRIER_F,2026-08-10 11:00,UIWANG,40FT,0,0,0,0,5,5,0,0
CARRIER_F,2026-08-10 12:00,UIWANG,40FT,0,0,0,0,5,5,0,0
CARRIER_F,2026-08-10 13:00,UIWANG,40FT,0,0,0,0,5,5,0,0
CARRIER_F,2026-08-10 14:00,UIWANG,40FT,1,0,0,0,4,4,0,0
CARRIER_F,2026-08-10 15:00,UIWANG,40FT,0,0,0,0,4,4,0,0
CARRIER_F,2026-08-10 16:00,UIWANG,40FT,1,0,0,0,3,3,0,0
CARRIER_F,2026-08-10 17:00,UIWANG,40FT,0,1,0,0,4,4,0,0
CARRIER_F,2026-08-10 18:00,UIWANG,40FT,0,0,0,0,4,4,0,0
CARRIER_F,2026-08-10 19:00,UIWANG,40FT,0,0,0,0,4,4,0,0
CARRIER_F,2026-08-10 20:00,UIWANG,40FT,0,0,0,0,4,4,0,0
CARRIER_F,2026-08-10 21:00,UIWANG,40FT,0,0,0,0,4,4,0,0
CARRIER_F,2026-08-10 22:00,UIWANG,40FT,0,0,0,0,4,4,0,0
CARRIER_F,2026-08-10 23:00,UIWANG,40FT,0,0,0,0,4,4,0,0
CARRIER_F,2026-08-11 00:00,UIWANG,40FT,0,0,0,0,4,4,0,0
CARRIER_F,2026-08-11 01:00,UIWANG,40FT,0,0,0,0,4,4,0,0
CARRIER_F,2026-08-11 02:00,UIWANG,40FT,0,0,0,0,4,4,0,0
CARRIER_F,2026-08-11 03:00,UIWANG,40FT,0,0,0,0,4,4,0,0
CARRIER_F,2026-08-11 04:00,UIWANG,40FT,0,0,0,0,4,4,0,0
CARRIER_F,2026-08-11 05:00,UIWANG,40FT,0,0,0,0,4,4,0,0
CARRIER_F,2026-08-11 06:00,UIWANG,40FT,0,0,0,0,4,4,0,0
CARRIER_F,2026-08-11 07:00,UIWANG,40FT,0,0,0,0,4,4,0,0
CARRIER_F,2026-08-11 08:00,UIWANG,40FT,0,0,0,0,4,4,0,0
CARRIER_F,2026-08-11 09:00,UIWANG,40FT,0,0,0,0,4,4,0,0
CARRIER_F,2026-08-11 10:00,UIWANG,40FT,1,0,0,0,3,3,0,0
CARRIER_F,2026-08-11 11:00,UIWANG,40FT,0,1,0,0,4,4,0,0
CARRIER_F,2026-08-11 12:00,UIWANG,40FT,0,0,0,0,4,4,0,0
CARRIER_F,2026-08-11 13:00,UIWANG,40FT,0,0,0,0,4,4,0,0
CARRIER_F,2026-08-11 14:00,UIWANG,40FT,0,0,0,0,4,4,0,0
CARRIER_F,2026-08-11 15:00,UIWANG,40FT,0,0,0,0,4,4,0,0
CARRIER_F,2026-08-11 16:00,UIWANG,40FT,1,1,0,0,4,4,0,0
CARRIER_F,2026-08-11 17:00,UIWANG,40FT,0,1,0,0,5,5,0,0
CARRIER_F,2026-08-11 18:00,UIWANG,40FT,0,0,0,0,5,5,0,0
CARRIER_F,2026-08-11 19:00,UIWANG,40FT,0,0,0,0,5,5,0,0
CARRIER_F,2026-08-11 20:00,UIWANG,40FT,0,0,0,0,5,5,0,0
CARRIER_F,2026-08-11 21:00,UIWANG,40FT,0,0,0,0,5,5,0,0
CARRIER_F,2026-08-11 22:00,UIWANG,40FT,0,0,0,0,5,5,0,0
CARRIER_F,2026-08-11 23:00,UIWANG,40FT,0,0,0,0,5,5,0,0
CARRIER_F,2026-08-12 00:00,UIWANG,40FT,0,0,0,0,5,5,0,0
CARRIER_F,2026-08-12 01:00,UIWANG,40FT,0,0,0,0,5,5,0,0
CARRIER_F,2026-08-12 02:00,UIWANG,40FT,0,0,0,0,5,5,0,0
CARRIER_F,2026-08-12 03:00,UIWANG,40FT,0,0,0,0,5,5,0,0
CARRIER_F,2026-08-12 04:00,UIWANG,40FT,0,0,0,0,5,5,0,0
CARRIER_F,2026-08-12 05:00,UIWANG,40FT,0,0,0,0,5,5,0,0
CARRIER_F,2026-08-12 06:00,UIWANG,40FT,1,0,0,0,4,4,0,0
CARRIER_F,2026-08-12 07:00,UIWANG,40FT,0,0,0,0,4,4,0,0
CARRIER_F,2026-08-12 08:00,UIWANG,40FT,0,1,0,0,5,5,0,0
CARRIER_F,2026-08-12 09:00,UIWANG,40FT,0,0,0,0,5,5,0,0
CARRIER_F,2026-08-12 10:00,UIWANG,40FT,0,0,0,0,5,5,0,0
CARRIER_F,2026-08-12 11:00,UIWANG,40FT,0,0,0,0,5,5,0,0
CARRIER_F,2026-08-12 12:00,UIWANG,40FT,0,0,0,0,5,5,0,0
CARRIER_F,2026-08-12 13:00,UIWANG,40FT,0,0,0,0,5,5,0,0
CARRIER_F,2026-08-12 14:00,UIWANG,40FT,1,0,0,0,4,4,0,0
CARRIER_F,2026-08-12 15:00,UIWANG,40FT,0,1,0,0,5,5,0,0
CARRIER_F,2026-08-12 16:00,UIWANG,40FT,0,0,0,0,5,5,0,0
CARRIER_F,2026-08-12 17:00,UIWANG,40FT,0,1,0,0,6,6,0,0
CARRIER_F,2026-08-12 18:00,UIWANG,40FT,0,0,0,0,6,6,0,0
CARRIER_F,2026-08-12 19:00,UIWANG,40FT,0,0,0,0,6,6,0,0
CARRIER_F,2026-08-12 20:00,UIWANG,40FT,0,0,0,0,6,6,0,0
CARRIER_F,2026-08-12 21:00,UIWANG,40FT,0,0,0,0,6,6,0,0
CARRIER_F,2026-08-12 22:00,UIWANG,40FT,0,0,0,0,6,6,0,0
CARRIER_F,2026-08-12 23:00,UIWANG,40FT,0,0,0,0,6,6,0,0
CARRIER_F,2026-08-13 00:00,UIWANG,40FT,0,0,0,0,6,6,0,0
CARRIER_F,2026-08-13 01:00,UIWANG,40FT,0,0,0,0,6,6,0,0
CARRIER_F,2026-08-13 02:00,UIWANG,40FT,0,0,0,0,6,6,0,0
CARRIER_F,2026-08-13 03:00,UIWANG,40FT,0,0,0,0,6,6,0,0
CARRIER_F,2026-08-13 04:00,UIWANG,40FT,0,0,0,0,6,6,0,0
CARRIER_F,2026-08-13 05:00,UIWANG,40FT,0,0,0,0,6,6,0,0
CARRIER_F,2026-08-13 06:00,UIWANG,40FT,0,0,0,0,6,6,0,0
CARRIER_F,2026-08-13 07:00,UIWANG,40FT,1,0,0,0,5,5,0,0
CARRIER_F,2026-08-13 08:00,UIWANG,40FT,0,0,0,0,5,5,0,0
CARRIER_F,2026-08-13 09:00,UIWANG,40FT,0,1,0,0,6,6,0,0
CARRIER_F,2026-08-13 10:00,UIWANG,40FT,0,0,0,0,6,6,0,0
CARRIER_F,2026-08-13 11:00,UIWANG,40FT,0,0,0,0,6,6,0,0
CARRIER_F,2026-08-13 12:00,UIWANG,40FT,0,0,0,0,6,6,0,0
CARRIER_F,2026-08-13 13:00,UIWANG,40FT,0,0,0,0,6,6,0,0
CARRIER_F,2026-08-13 14:00,UIWANG,40FT,0,0,0,0,6,6,0,0
CARRIER_F,2026-08-13 15:00,UIWANG,40FT,0,0,0,0,6,6,0,0
CARRIER_F,2026-08-13 16:00,UIWANG,40FT,1,0,0,0,5,5,0,0
CARRIER_F,2026-08-13 17:00,UIWANG,40FT,0,0,0,0,5,5,0,0
CARRIER_F,2026-08-13 18:00,UIWANG,40FT,0,0,0,0,5,5,0,0
CARRIER_F,2026-08-13 19:00,UIWANG,40FT,0,0,0,0,5,5,0,0
CARRIER_F,2026-08-13 20:00,UIWANG,40FT,0,0,0,0,5,5,0,0
CARRIER_F,2026-08-13 21:00,UIWANG,40FT,0,0,0,0,5,5,0,0
CARRIER_F,2026-08-13 22:00,UIWANG,40FT,0,0,0,0,5,5,0,0
CARRIER_F,2026-08-13 23:00,UIWANG,40FT,0,0,0,0,5,5,0,0
CARRIER_F,2026-08-14 00:00,UIWANG,40FT,0,0,0,0,5,5,0,0
CARRIER_F,2026-08-14 01:00,UIWANG,40FT,0,0,0,0,5,5,0,0
CARRIER_F,2026-08-14 02:00,UIWANG,40FT,0,0,0,0,5,5,0,0
CARRIER_F,2026-08-14 03:00,UIWANG,40FT,0,0,0,0,5,5,0,0
CARRIER_F,2026-08-14 04:00,UIWANG,40FT,0,0,0,0,5,5,0,0
CARRIER_F,2026-08-14 05:00,UIWANG,40FT,0,0,0,0,5,5,0,0
CARRIER_F,2026-08-14 06:00,UIWANG,40FT,0,0,0,0,5,5,0,0
CARRIER_F,2026-08-14 07:00,UIWANG,40FT,0,0,0,0,5,5,0,0
CARRIER_F,2026-08-14 08:00,UIWANG,40FT,0,1,0,0,6,6,0,0
CARRIER_F,2026-08-14 09:00,UIWANG,40FT,1,0,0,0,5,5,0,0
CARRIER_F,2026-08-14 10:00,UIWANG,40FT,0,0,0,0,5,5,0,0
CARRIER_F,2026-08-14 11:00,UIWANG,40FT,0,0,0,0,5,5,0,0
CARRIER_F,2026-08-14 12:00,UIWANG,40FT,0,0,0,0,5,5,0,0
CARRIER_F,2026-08-14 13:00,UIWANG,40FT,0,0,0,0,5,5,0,0
CARRIER_F,2026-08-14 14:00,UIWANG,40FT,0,0,0,0,5,5,0,0
CARRIER_F,2026-08-14 15:00,UIWANG,40FT,0,0,0,0,5,5,0,0
CARRIER_F,2026-08-14 16:00,UIWANG,40FT,0,0,0,0,5,5,0,0
CARRIER_F,2026-08-14 17:00,UIWANG,40FT,0,1,0,0,6,6,0,0
CARRIER_F,2026-08-14 18:00,UIWANG,40FT,0,0,0,0,6,6,0,0
CARRIER_F,2026-08-14 19:00,UIWANG,40FT,0,0,0,0,6,6,0,0
CARRIER_F,2026-08-14 20:00,UIWANG,40FT,0,0,0,0,6,6,0,0
CARRIER_F,2026-08-14 21:00,UIWANG,40FT,0,0,0,0,6,6,0,0
CARRIER_F,2026-08-14 22:00,UIWANG,40FT,0,0,0,0,6,6,0,0
CARRIER_F,2026-08-14 23:00,UIWANG,40FT,0,0,0,0,6,6,0,0
CARRIER_F,2026-08-15 00:00,UIWANG,40FT,0,0,0,0,6,6,0,0
CARRIER_F,2026-08-15 01:00,UIWANG,40FT,0,0,0,0,6,6,0,0
CARRIER_F,2026-08-15 02:00,UIWANG,40FT,0,0,0,0,6,6,0,0
CARRIER_F,2026-08-15 03:00,UIWANG,40FT,0,0,0,0,6,6,0,0
CARRIER_F,2026-08-15 04:00,UIWANG,40FT,0,0,0,0,6,6,0,0
CARRIER_F,2026-08-15 05:00,UIWANG,40FT,0,0,0,0,6,6,0,0
CARRIER_F,2026-08-15 06:00,UIWANG,40FT,0,0,0,0,6,6,0,0
CARRIER_F,2026-08-15 07:00,UIWANG,40FT,0,0,0,0,6,6,0,0
CARRIER_F,2026-08-15 08:00,UIWANG,40FT,0,0,0,0,6,6,0,0
CARRIER_F,2026-08-15 09:00,UIWANG,40FT,1,0,0,0,5,5,0,0
CARRIER_F,2026-08-15 10:00,UIWANG,40FT,0,1,0,0,6,6,0,0
CARRIER_F,2026-08-15 11:00,UIWANG,40FT,0,0,0,0,6,6,0,0
CARRIER_F,2026-08-15 12:00,UIWANG,40FT,0,0,0,0,6,6,0,0
CARRIER_F,2026-08-15 13:00,UIWANG,40FT,0,0,0,0,6,6,0,0
CARRIER_F,2026-08-15 14:00,UIWANG,40FT,0,0,0,0,6,6,0,0
CARRIER_F,2026-08-15 15:00,UIWANG,40FT,0,0,0,0,6,6,0,0
CARRIER_F,2026-08-15 16:00,UIWANG,40FT,0,0,0,0,6,6,0,0
CARRIER_F,2026-08-15 17:00,UIWANG,40FT,0,0,0,0,6,6,0,0
CARRIER_F,2026-08-15 18:00,UIWANG,40FT,0,0,0,0,6,6,0,0
CARRIER_F,2026-08-15 19:00,UIWANG,40FT,0,0,0,0,6,6,0,0
CARRIER_F,2026-08-15 20:00,UIWANG,40FT,0,0,0,0,6,6,0,0
CARRIER_F,2026-08-15 21:00,UIWANG,40FT,0,0,0,0,6,6,0,0
CARRIER_F,2026-08-15 22:00,UIWANG,40FT,0,0,0,0,6,6,0,0
CARRIER_F,2026-08-15 23:00,UIWANG,40FT,0,0,0,0,6,6,0,0
CARRIER_F,2026-08-16 00:00,UIWANG,40FT,0,0,0,0,6,6,0,0
CARRIER_F,2026-08-16 01:00,UIWANG,40FT,0,0,0,0,6,6,0,0
CARRIER_F,2026-08-16 02:00,UIWANG,40FT,0,0,0,0,6,6,0,0
CARRIER_F,2026-08-16 03:00,UIWANG,40FT,0,0,0,0,6,6,0,0
CARRIER_F,2026-08-16 04:00,UIWANG,40FT,0,0,0,0,6,6,0,0
CARRIER_F,2026-08-16 05:00,UIWANG,40FT,0,0,0,0,6,6,0,0
CARRIER_F,2026-08-16 06:00,UIWANG,40FT,0,0,0,0,6,6,0,0
CARRIER_F,2026-08-16 07:00,UIWANG,40FT,1,0,0,0,5,5,0,0
CARRIER_F,2026-08-16 08:00,UIWANG,40FT,0,0,0,0,5,5,0,0
CARRIER_F,2026-08-16 09:00,UIWANG,40FT,0,0,0,0,5,5,0,0
CARRIER_F,2026-08-16 10:00,UIWANG,40FT,0,1,0,0,6,6,0,0
CARRIER_F,2026-08-16 11:00,UIWANG,40FT,0,0,0,0,6,6,0,0
CARRIER_F,2026-08-16 12:00,UIWANG,40FT,0,0,0,0,6,6,0,0
CARRIER_F,2026-08-16 13:00,UIWANG,40FT,0,0,0,0,6,6,0,0
CARRIER_F,2026-08-16 14:00,UIWANG,40FT,0,0,0,0,6,6,0,0
CARRIER_F,2026-08-16 15:00,UIWANG,40FT,0,0,0,0,6,6,0,0
CARRIER_F,2026-08-16 16:00,UIWANG,40FT,0,0,0,0,6,6,0,0
CARRIER_F,2026-08-16 17:00,UIWANG,40FT,1,0,0,0,5,5,0,0
CARRIER_F,2026-08-16 18:00,UIWANG,40FT,0,0,0,0,5,5,0,0
CARRIER_F,2026-08-16 19:00,UIWANG,40FT,0,1,0,0,6,6,0,0
CARRIER_F,2026-08-16 20:00,UIWANG,40FT,0,0,0,0,6,6,0,0
CARRIER_F,2026-08-16 21:00,UIWANG,40FT,0,0,0,0,6,6,0,0
CARRIER_F,2026-08-16 22:00,UIWANG,40FT,0,0,0,0,6,6,0,0
CARRIER_F,2026-08-16 23:00,UIWANG,40FT,0,0,0,0,6,6,0,0
CARRIER_F,2026-08-10 00:00,YAKMOK,20FT,0,0,0,0,6,6,0,0
CARRIER_F,2026-08-10 01:00,YAKMOK,20FT,0,0,0,0,6,6,0,0
CARRIER_F,2026-08-10 02:00,YAKMOK,20FT,0,0,0,0,6,6,0,0
CARRIER_F,2026-08-10 03:00,YAKMOK,20FT,0,0,0,0,6,6,0,0
CARRIER_F,2026-08-10 04:00,YAKMOK,20FT,0,0,0,0,6,6,0,0
CARRIER_F,2026-08-10 05:00,YAKMOK,20FT,0,0,0,0,6,6,0,0
CARRIER_F,2026-08-10 06:00,YAKMOK,20FT,0,0,0,0,6,6,0,0
CARRIER_F,2026-08-10 07:00,YAKMOK,20FT,0,0,0,0,6,6,0,0
CARRIER_F,2026-08-10 08:00,YAKMOK,20FT,0,0,0,0,6,6,0,0
CARRIER_F,2026-08-10 09:00,YAKMOK,20FT,1,0,0,0,5,5,0,0
CARRIER_F,2026-08-10 10:00,YAKMOK,20FT,0,1,0,0,6,6,0,0
CARRIER_F,2026-08-10 11:00,YAKMOK,20FT,0,0,0,0,6,6,0,0
CARRIER_F,2026-08-10 12:00,YAKMOK,20FT,0,0,0,0,6,6,0,0
CARRIER_F,2026-08-10 13:00,YAKMOK,20FT,0,0,0,1,6,5,0,0
CARRIER_F,2026-08-10 14:00,YAKMOK,20FT,0,0,0,0,6,5,0,0
CARRIER_F,2026-08-10 15:00,YAKMOK,20FT,1,0,0,0,5,4,0,0
CARRIER_F,2026-08-10 16:00,YAKMOK,20FT,0,0,0,0,5,4,0,0
CARRIER_F,2026-08-10 17:00,YAKMOK,20FT,0,0,0,0,5,4,0,0
CARRIER_F,2026-08-10 18:00,YAKMOK,20FT,0,0,0,0,5,4,0,0
CARRIER_F,2026-08-10 19:00,YAKMOK,20FT,1,0,0,0,4,3,0,0
CARRIER_F,2026-08-10 20:00,YAKMOK,20FT,0,1,0,0,5,4,0,0
CARRIER_F,2026-08-10 21:00,YAKMOK,20FT,0,0,0,0,5,4,0,0
CARRIER_F,2026-08-10 22:00,YAKMOK,20FT,0,0,0,0,5,4,0,0
CARRIER_F,2026-08-10 23:00,YAKMOK,20FT,0,0,0,0,5,4,0,0
CARRIER_F,2026-08-11 00:00,YAKMOK,20FT,0,0,0,0,5,4,0,0
CARRIER_F,2026-08-11 01:00,YAKMOK,20FT,0,0,0,0,5,4,0,0
CARRIER_F,2026-08-11 02:00,YAKMOK,20FT,0,0,0,0,5,4,0,0
CARRIER_F,2026-08-11 03:00,YAKMOK,20FT,0,0,0,0,5,4,0,0
CARRIER_F,2026-08-11 04:00,YAKMOK,20FT,0,0,0,0,5,4,0,0
CARRIER_F,2026-08-11 05:00,YAKMOK,20FT,0,0,0,0,5,4,0,0
CARRIER_F,2026-08-11 06:00,YAKMOK,20FT,0,0,0,0,5,4,0,0
CARRIER_F,2026-08-11 07:00,YAKMOK,20FT,0,0,0,0,5,4,0,0
CARRIER_F,2026-08-11 08:00,YAKMOK,20FT,0,0,0,0,5,4,0,0
CARRIER_F,2026-08-11 09:00,YAKMOK,20FT,0,0,0,0,5,4,0,0
CARRIER_F,2026-08-11 10:00,YAKMOK,20FT,0,0,0,0,5,4,0,0
CARRIER_F,2026-08-11 11:00,YAKMOK,20FT,0,0,0,0,5,4,0,0
CARRIER_F,2026-08-11 12:00,YAKMOK,20FT,0,0,0,0,5,4,0,0
CARRIER_F,2026-08-11 13:00,YAKMOK,20FT,0,0,0,0,5,4,0,0
CARRIER_F,2026-08-11 14:00,YAKMOK,20FT,1,0,0,0,4,3,0,0
CARRIER_F,2026-08-11 15:00,YAKMOK,20FT,0,0,0,0,4,3,0,0
CARRIER_F,2026-08-11 16:00,YAKMOK,20FT,0,0,0,0,4,3,0,0
CARRIER_F,2026-08-11 17:00,YAKMOK,20FT,0,0,0,0,4,3,0,0
CARRIER_F,2026-08-11 18:00,YAKMOK,20FT,0,1,0,0,5,4,0,0
CARRIER_F,2026-08-11 19:00,YAKMOK,20FT,0,0,0,0,5,4,0,0
CARRIER_F,2026-08-11 20:00,YAKMOK,20FT,0,0,0,0,5,4,0,0
CARRIER_F,2026-08-11 21:00,YAKMOK,20FT,0,0,0,0,5,4,0,0
CARRIER_F,2026-08-11 22:00,YAKMOK,20FT,0,0,0,0,5,4,0,0
CARRIER_F,2026-08-11 23:00,YAKMOK,20FT,0,0,0,0,5,4,0,0
CARRIER_F,2026-08-12 00:00,YAKMOK,20FT,0,0,0,0,5,4,0,0
CARRIER_F,2026-08-12 01:00,YAKMOK,20FT,0,0,0,0,5,4,0,0
CARRIER_F,2026-08-12 02:00,YAKMOK,20FT,0,0,0,0,5,4,0,0
CARRIER_F,2026-08-12 03:00,YAKMOK,20FT,0,0,0,0,5,4,0,0
CARRIER_F,2026-08-12 04:00,YAKMOK,20FT,0,0,0,0,5,4,0,0
CARRIER_F,2026-08-12 05:00,YAKMOK,20FT,0,0,0,0,5,4,0,0
CARRIER_F,2026-08-12 06:00,YAKMOK,20FT,0,0,0,0,5,4,0,0
CARRIER_F,2026-08-12 07:00,YAKMOK,20FT,0,0,0,0,5,4,0,0
CARRIER_F,2026-08-12 08:00,YAKMOK,20FT,0,0,0,0,5,4,0,0
CARRIER_F,2026-08-12 09:00,YAKMOK,20FT,1,0,0,0,4,3,0,0
CARRIER_F,2026-08-12 10:00,YAKMOK,20FT,0,0,0,0,4,3,0,0
CARRIER_F,2026-08-12 11:00,YAKMOK,20FT,0,1,0,0,5,4,0,0
CARRIER_F,2026-08-12 12:00,YAKMOK,20FT,0,0,0,0,5,4,0,0
CARRIER_F,2026-08-12 13:00,YAKMOK,20FT,0,0,0,0,5,4,0,0
CARRIER_F,2026-08-12 14:00,YAKMOK,20FT,0,0,0,0,5,4,0,0
CARRIER_F,2026-08-12 15:00,YAKMOK,20FT,0,1,0,0,6,5,0,0
CARRIER_F,2026-08-12 16:00,YAKMOK,20FT,0,0,0,0,6,5,0,0
CARRIER_F,2026-08-12 17:00,YAKMOK,20FT,1,0,0,0,5,4,0,0
CARRIER_F,2026-08-12 18:00,YAKMOK,20FT,0,0,0,0,5,4,0,0
CARRIER_F,2026-08-12 19:00,YAKMOK,20FT,0,0,0,0,5,4,0,0
CARRIER_F,2026-08-12 20:00,YAKMOK,20FT,0,1,0,0,6,5,0,0
CARRIER_F,2026-08-12 21:00,YAKMOK,20FT,0,0,0,0,6,5,0,0
CARRIER_F,2026-08-12 22:00,YAKMOK,20FT,0,0,0,0,6,5,0,0
CARRIER_F,2026-08-12 23:00,YAKMOK,20FT,0,0,0,0,6,5,0,0
CARRIER_F,2026-08-13 00:00,YAKMOK,20FT,0,0,0,0,6,5,0,0
CARRIER_F,2026-08-13 01:00,YAKMOK,20FT,0,0,0,0,6,5,0,0
CARRIER_F,2026-08-13 02:00,YAKMOK,20FT,0,0,0,0,6,5,0,0
CARRIER_F,2026-08-13 03:00,YAKMOK,20FT,0,0,0,0,6,5,0,0
CARRIER_F,2026-08-13 04:00,YAKMOK,20FT,0,0,0,0,6,5,0,0
CARRIER_F,2026-08-13 05:00,YAKMOK,20FT,0,0,0,0,6,5,0,0
CARRIER_F,2026-08-13 06:00,YAKMOK,20FT,0,0,0,0,6,5,0,0
CARRIER_F,2026-08-13 07:00,YAKMOK,20FT,0,0,0,0,6,5,0,0
CARRIER_F,2026-08-13 08:00,YAKMOK,20FT,0,0,0,0,6,5,0,0
CARRIER_F,2026-08-13 09:00,YAKMOK,20FT,0,0,0,0,6,5,0,0
CARRIER_F,2026-08-13 10:00,YAKMOK,20FT,0,0,0,0,6,5,0,0
CARRIER_F,2026-08-13 11:00,YAKMOK,20FT,1,0,0,0,5,4,0,0
CARRIER_F,2026-08-13 12:00,YAKMOK,20FT,0,0,0,0,5,4,0,0
CARRIER_F,2026-08-13 13:00,YAKMOK,20FT,0,0,0,0,5,4,0,0
CARRIER_F,2026-08-13 14:00,YAKMOK,20FT,0,0,0,0,5,4,0,0
CARRIER_F,2026-08-13 15:00,YAKMOK,20FT,0,0,0,0,5,4,0,0
CARRIER_F,2026-08-13 16:00,YAKMOK,20FT,0,0,0,0,5,4,0,0
CARRIER_F,2026-08-13 17:00,YAKMOK,20FT,0,0,0,0,5,4,0,0
CARRIER_F,2026-08-13 18:00,YAKMOK,20FT,1,1,0,0,5,4,0,0
CARRIER_F,2026-08-13 19:00,YAKMOK,20FT,0,0,0,0,5,4,0,0
CARRIER_F,2026-08-13 20:00,YAKMOK,20FT,0,0,0,0,5,4,0,0
CARRIER_F,2026-08-13 21:00,YAKMOK,20FT,0,0,0,0,5,4,0,0
CARRIER_F,2026-08-13 22:00,YAKMOK,20FT,0,0,0,0,5,4,0,0
CARRIER_F,2026-08-13 23:00,YAKMOK,20FT,0,0,0,0,5,4,0,0
CARRIER_F,2026-08-14 00:00,YAKMOK,20FT,0,0,0,0,5,4,0,0
CARRIER_F,2026-08-14 01:00,YAKMOK,20FT,0,0,0,0,5,4,0,0
CARRIER_F,2026-08-14 02:00,YAKMOK,20FT,0,0,0,0,5,4,0,0
CARRIER_F,2026-08-14 03:00,YAKMOK,20FT,0,0,0,0,5,4,0,0
CARRIER_F,2026-08-14 04:00,YAKMOK,20FT,0,0,0,0,5,4,0,0
CARRIER_F,2026-08-14 05:00,YAKMOK,20FT,0,0,0,0,5,4,0,0
CARRIER_F,2026-08-14 06:00,YAKMOK,20FT,0,0,0,0,5,4,0,0
CARRIER_F,2026-08-14 07:00,YAKMOK,20FT,0,0,0,0,5,4,0,0
CARRIER_F,2026-08-14 08:00,YAKMOK,20FT,0,0,0,0,5,4,0,0
CARRIER_F,2026-08-14 09:00,YAKMOK,20FT,0,0,0,0,5,4,0,0
CARRIER_F,2026-08-14 10:00,YAKMOK,20FT,0,0,0,0,5,4,0,0
CARRIER_F,2026-08-14 11:00,YAKMOK,20FT,0,0,0,0,5,4,0,0
CARRIER_F,2026-08-14 12:00,YAKMOK,20FT,0,0,0,0,5,4,0,0
CARRIER_F,2026-08-14 13:00,YAKMOK,20FT,0,0,0,0,5,4,0,0
CARRIER_F,2026-08-14 14:00,YAKMOK,20FT,0,0,0,0,5,4,0,0
CARRIER_F,2026-08-14 15:00,YAKMOK,20FT,1,0,0,0,4,3,0,0
CARRIER_F,2026-08-14 16:00,YAKMOK,20FT,0,0,0,0,4,3,0,0
CARRIER_F,2026-08-14 17:00,YAKMOK,20FT,0,0,0,0,4,3,0,0
CARRIER_F,2026-08-14 18:00,YAKMOK,20FT,0,0,0,0,4,3,0,0
CARRIER_F,2026-08-14 19:00,YAKMOK,20FT,0,1,0,0,5,4,0,0
CARRIER_F,2026-08-14 20:00,YAKMOK,20FT,0,0,0,0,5,4,0,0
CARRIER_F,2026-08-14 21:00,YAKMOK,20FT,0,0,0,0,5,4,0,0
CARRIER_F,2026-08-14 22:00,YAKMOK,20FT,0,0,0,0,5,4,0,0
CARRIER_F,2026-08-14 23:00,YAKMOK,20FT,0,0,0,0,5,4,0,0
CARRIER_F,2026-08-15 00:00,YAKMOK,20FT,0,0,0,0,5,4,0,0
CARRIER_F,2026-08-15 01:00,YAKMOK,20FT,0,0,0,0,5,4,0,0
CARRIER_F,2026-08-15 02:00,YAKMOK,20FT,0,0,0,0,5,4,0,0
CARRIER_F,2026-08-15 03:00,YAKMOK,20FT,0,0,0,0,5,4,0,0
CARRIER_F,2026-08-15 04:00,YAKMOK,20FT,0,0,0,0,5,4,0,0
CARRIER_F,2026-08-15 05:00,YAKMOK,20FT,0,0,0,0,5,4,0,0
CARRIER_F,2026-08-15 06:00,YAKMOK,20FT,0,0,0,0,5,4,0,0
CARRIER_F,2026-08-15 07:00,YAKMOK,20FT,0,0,0,0,5,4,0,0
CARRIER_F,2026-08-15 08:00,YAKMOK,20FT,0,0,0,0,5,4,0,0
CARRIER_F,2026-08-15 09:00,YAKMOK,20FT,0,0,0,0,5,4,0,0
CARRIER_F,2026-08-15 10:00,YAKMOK,20FT,0,0,0,0,5,4,0,0
CARRIER_F,2026-08-15 11:00,YAKMOK,20FT,1,0,0,0,4,3,0,0
CARRIER_F,2026-08-15 12:00,YAKMOK,20FT,0,0,0,0,4,3,0,0
CARRIER_F,2026-08-15 13:00,YAKMOK,20FT,0,1,0,0,5,4,0,0
CARRIER_F,2026-08-15 14:00,YAKMOK,20FT,0,0,0,0,5,4,0,0
CARRIER_F,2026-08-15 15:00,YAKMOK,20FT,0,0,0,0,5,4,0,0
CARRIER_F,2026-08-15 16:00,YAKMOK,20FT,0,0,0,0,5,4,0,0
CARRIER_F,2026-08-15 17:00,YAKMOK,20FT,0,0,0,0,5,4,0,0
CARRIER_F,2026-08-15 18:00,YAKMOK,20FT,0,0,0,0,5,4,0,0
CARRIER_F,2026-08-15 19:00,YAKMOK,20FT,0,0,0,0,5,4,0,0
CARRIER_F,2026-08-15 20:00,YAKMOK,20FT,0,0,0,0,5,4,0,0
CARRIER_F,2026-08-15 21:00,YAKMOK,20FT,0,0,0,0,5,4,0,0
CARRIER_F,2026-08-15 22:00,YAKMOK,20FT,0,0,0,0,5,4,0,0
CARRIER_F,2026-08-15 23:00,YAKMOK,20FT,0,0,0,0,5,4,0,0
CARRIER_F,2026-08-16 00:00,YAKMOK,20FT,0,0,0,0,5,4,0,0
CARRIER_F,2026-08-16 01:00,YAKMOK,20FT,0,0,0,0,5,4,0,0
CARRIER_F,2026-08-16 02:00,YAKMOK,20FT,0,0,0,0,5,4,0,0
CARRIER_F,2026-08-16 03:00,YAKMOK,20FT,0,0,0,0,5,4,0,0
CARRIER_F,2026-08-16 04:00,YAKMOK,20FT,0,0,0,0,5,4,0,0
CARRIER_F,2026-08-16 05:00,YAKMOK,20FT,0,0,0,0,5,4,0,0
CARRIER_F,2026-08-16 06:00,YAKMOK,20FT,0,0,0,0,5,4,0,0
CARRIER_F,2026-08-16 07:00,YAKMOK,20FT,0,0,0,0,5,4,0,0
CARRIER_F,2026-08-16 08:00,YAKMOK,20FT,0,0,0,0,5,4,0,0
CARRIER_F,2026-08-16 09:00,YAKMOK,20FT,1,0,0,0,4,3,0,0
CARRIER_F,2026-08-16 10:00,YAKMOK,20FT,0,1,0,0,5,4,0,0
CARRIER_F,2026-08-16 11:00,YAKMOK,20FT,0,0,0,0,5,4,0,0
CARRIER_F,2026-08-16 12:00,YAKMOK,20FT,0,0,0,0,5,4,0,0
CARRIER_F,2026-08-16 13:00,YAKMOK,20FT,0,1,0,0,6,5,0,0
CARRIER_F,2026-08-16 14:00,YAKMOK,20FT,0,0,0,0,6,5,0,0
CARRIER_F,2026-08-16 15:00,YAKMOK,20FT,0,0,0,0,6,5,0,0
CARRIER_F,2026-08-16 16:00,YAKMOK,20FT,0,0,0,0,6,5,0,0
CARRIER_F,2026-08-16 17:00,YAKMOK,20FT,0,0,0,0,6,5,0,0
CARRIER_F,2026-08-16 18:00,YAKMOK,20FT,0,0,0,0,6,5,0,0
CARRIER_F,2026-08-16 19:00,YAKMOK,20FT,0,0,0,0,6,5,0,0
CARRIER_F,2026-08-16 20:00,YAKMOK,20FT,0,1,0,0,7,6,0,0
CARRIER_F,2026-08-16 21:00,YAKMOK,20FT,0,0,0,0,7,6,0,0
CARRIER_F,2026-08-16 22:00,YAKMOK,20FT,0,0,0,0,7,6,0,0
CARRIER_F,2026-08-16 23:00,YAKMOK,20FT,0,0,0,0,7,6,0,0
CARRIER_F,2026-08-10 00:00,YAKMOK,40FT,0,0,0,0,1,1,0,0
CARRIER_F,2026-08-10 01:00,YAKMOK,40FT,0,0,0,0,1,1,0,0
CARRIER_F,2026-08-10 02:00,YAKMOK,40FT,0,0,0,0,1,1,0,0
CARRIER_F,2026-08-10 03:00,YAKMOK,40FT,0,0,0,0,1,1,0,0
CARRIER_F,2026-08-10 04:00,YAKMOK,40FT,0,0,0,0,1,1,0,0
CARRIER_F,2026-08-10 05:00,YAKMOK,40FT,0,0,0,0,1,1,0,0
CARRIER_F,2026-08-10 06:00,YAKMOK,40FT,0,0,0,0,1,1,0,0
CARRIER_F,2026-08-10 07:00,YAKMOK,40FT,0,0,0,0,1,1,0,0
CARRIER_F,2026-08-10 08:00,YAKMOK,40FT,0,0,0,0,1,1,0,0
CARRIER_F,2026-08-10 09:00,YAKMOK,40FT,0,0,0,0,1,1,0,0
CARRIER_F,2026-08-10 10:00,YAKMOK,40FT,0,0,0,0,1,1,0,0
CARRIER_F,2026-08-10 11:00,YAKMOK,40FT,0,0,0,0,1,1,0,0
CARRIER_F,2026-08-10 12:00,YAKMOK,40FT,0,0,0,0,1,1,0,0
CARRIER_F,2026-08-10 13:00,YAKMOK,40FT,0,0,0,0,1,1,0,0
CARRIER_F,2026-08-10 14:00,YAKMOK,40FT,0,0,0,0,1,1,0,0
CARRIER_F,2026-08-10 15:00,YAKMOK,40FT,0,0,0,0,1,1,0,0
CARRIER_F,2026-08-10 16:00,YAKMOK,40FT,0,0,0,0,1,1,0,0
CARRIER_F,2026-08-10 17:00,YAKMOK,40FT,0,0,0,0,1,1,0,0
CARRIER_F,2026-08-10 18:00,YAKMOK,40FT,1,0,0,0,0,0,0,0
CARRIER_F,2026-08-10 19:00,YAKMOK,40FT,0,0,0,0,0,0,0,0
CARRIER_F,2026-08-10 20:00,YAKMOK,40FT,0,0,0,0,0,0,0,0
CARRIER_F,2026-08-10 21:00,YAKMOK,40FT,0,0,0,0,0,0,0,0
CARRIER_F,2026-08-10 22:00,YAKMOK,40FT,0,0,0,0,0,0,0,0
CARRIER_F,2026-08-10 23:00,YAKMOK,40FT,0,0,0,0,0,0,0,0
CARRIER_F,2026-08-11 00:00,YAKMOK,40FT,0,0,0,0,0,0,0,0
CARRIER_F,2026-08-11 01:00,YAKMOK,40FT,0,0,0,0,0,0,0,0
CARRIER_F,2026-08-11 02:00,YAKMOK,40FT,0,0,0,0,0,0,0,0
CARRIER_F,2026-08-11 03:00,YAKMOK,40FT,0,0,0,0,0,0,0,0
CARRIER_F,2026-08-11 04:00,YAKMOK,40FT,0,0,0,0,0,0,0,0
CARRIER_F,2026-08-11 05:00,YAKMOK,40FT,0,0,0,0,0,0,0,0
CARRIER_F,2026-08-11 06:00,YAKMOK,40FT,0,0,0,0,0,0,0,0
CARRIER_F,2026-08-11 07:00,YAKMOK,40FT,0,0,0,0,0,0,0,0
CARRIER_F,2026-08-11 08:00,YAKMOK,40FT,0,0,0,0,0,0,0,0
CARRIER_F,2026-08-11 09:00,YAKMOK,40FT,0,0,0,0,0,0,0,0
CARRIER_F,2026-08-11 10:00,YAKMOK,40FT,0,0,0,0,0,0,0,0
CARRIER_F,2026-08-11 11:00,YAKMOK,40FT,0,0,0,0,0,0,0,0
CARRIER_F,2026-08-11 12:00,YAKMOK,40FT,0,0,0,0,0,0,0,0
CARRIER_F,2026-08-11 13:00,YAKMOK,40FT,0,0,0,0,0,0,0,0
CARRIER_F,2026-08-11 14:00,YAKMOK,40FT,0,0,0,0,0,0,0,0
CARRIER_F,2026-08-11 15:00,YAKMOK,40FT,0,0,0,0,0,0,0,0
CARRIER_F,2026-08-11 16:00,YAKMOK,40FT,0,0,0,0,0,0,0,0
CARRIER_F,2026-08-11 17:00,YAKMOK,40FT,0,0,0,0,0,0,0,0
CARRIER_F,2026-08-11 18:00,YAKMOK,40FT,0,1,0,0,1,1,0,0
CARRIER_F,2026-08-11 19:00,YAKMOK,40FT,0,0,0,0,1,1,0,0
CARRIER_F,2026-08-11 20:00,YAKMOK,40FT,0,0,0,0,1,1,0,0
CARRIER_F,2026-08-11 21:00,YAKMOK,40FT,0,0,0,0,1,1,0,0
CARRIER_F,2026-08-11 22:00,YAKMOK,40FT,0,0,0,0,1,1,0,0
CARRIER_F,2026-08-11 23:00,YAKMOK,40FT,0,0,0,0,1,1,0,0
CARRIER_F,2026-08-12 00:00,YAKMOK,40FT,0,0,0,0,1,1,0,0
CARRIER_F,2026-08-12 01:00,YAKMOK,40FT,0,0,0,0,1,1,0,0
CARRIER_F,2026-08-12 02:00,YAKMOK,40FT,0,0,0,0,1,1,0,0
CARRIER_F,2026-08-12 03:00,YAKMOK,40FT,0,0,0,0,1,1,0,0
CARRIER_F,2026-08-12 04:00,YAKMOK,40FT,0,0,0,0,1,1,0,0
CARRIER_F,2026-08-12 05:00,YAKMOK,40FT,0,0,0,0,1,1,0,0
CARRIER_F,2026-08-12 06:00,YAKMOK,40FT,0,0,0,0,1,1,0,0
CARRIER_F,2026-08-12 07:00,YAKMOK,40FT,0,0,0,0,1,1,0,0
CARRIER_F,2026-08-12 08:00,YAKMOK,40FT,0,0,0,0,1,1,0,0
CARRIER_F,2026-08-12 09:00,YAKMOK,40FT,0,0,0,0,1,1,0,0
CARRIER_F,2026-08-12 10:00,YAKMOK,40FT,0,0,0,0,1,1,0,0
CARRIER_F,2026-08-12 11:00,YAKMOK,40FT,0,0,0,0,1,1,0,0
CARRIER_F,2026-08-12 12:00,YAKMOK,40FT,0,0,0,0,1,1,0,0
CARRIER_F,2026-08-12 13:00,YAKMOK,40FT,0,0,0,0,1,1,0,0
CARRIER_F,2026-08-12 14:00,YAKMOK,40FT,0,0,0,0,1,1,0,0
CARRIER_F,2026-08-12 15:00,YAKMOK,40FT,0,0,0,0,1,1,0,0
CARRIER_F,2026-08-12 16:00,YAKMOK,40FT,0,0,0,0,1,1,0,0
CARRIER_F,2026-08-12 17:00,YAKMOK,40FT,0,0,0,0,1,1,0,0
CARRIER_F,2026-08-12 18:00,YAKMOK,40FT,0,0,0,0,1,1,0,0
CARRIER_F,2026-08-12 19:00,YAKMOK,40FT,0,0,0,0,1,1,0,0
CARRIER_F,2026-08-12 20:00,YAKMOK,40FT,0,0,0,0,1,1,0,0
CARRIER_F,2026-08-12 21:00,YAKMOK,40FT,0,0,0,0,1,1,0,0
CARRIER_F,2026-08-12 22:00,YAKMOK,40FT,0,0,0,0,1,1,0,0
CARRIER_F,2026-08-12 23:00,YAKMOK,40FT,0,0,0,0,1,1,0,0
CARRIER_F,2026-08-13 00:00,YAKMOK,40FT,0,0,0,0,1,1,0,0
CARRIER_F,2026-08-13 01:00,YAKMOK,40FT,0,0,0,0,1,1,0,0
CARRIER_F,2026-08-13 02:00,YAKMOK,40FT,0,0,0,0,1,1,0,0
CARRIER_F,2026-08-13 03:00,YAKMOK,40FT,0,0,0,0,1,1,0,0
CARRIER_F,2026-08-13 04:00,YAKMOK,40FT,0,0,0,0,1,1,0,0
CARRIER_F,2026-08-13 05:00,YAKMOK,40FT,0,0,0,0,1,1,0,0
CARRIER_F,2026-08-13 06:00,YAKMOK,40FT,0,0,0,0,1,1,0,0
CARRIER_F,2026-08-13 07:00,YAKMOK,40FT,0,0,0,0,1,1,0,0
CARRIER_F,2026-08-13 08:00,YAKMOK,40FT,0,0,0,0,1,1,0,0
CARRIER_F,2026-08-13 09:00,YAKMOK,40FT,0,0,0,0,1,1,0,0
CARRIER_F,2026-08-13 10:00,YAKMOK,40FT,0,0,0,0,1,1,0,0
CARRIER_F,2026-08-13 11:00,YAKMOK,40FT,0,0,0,0,1,1,0,0
CARRIER_F,2026-08-13 12:00,YAKMOK,40FT,0,0,0,0,1,1,0,0
CARRIER_F,2026-08-13 13:00,YAKMOK,40FT,0,0,0,0,1,1,0,0
CARRIER_F,2026-08-13 14:00,YAKMOK,40FT,0,0,0,0,1,1,0,0
CARRIER_F,2026-08-13 15:00,YAKMOK,40FT,0,0,0,0,1,1,0,0
CARRIER_F,2026-08-13 16:00,YAKMOK,40FT,0,0,0,0,1,1,0,0
CARRIER_F,2026-08-13 17:00,YAKMOK,40FT,0,0,0,0,1,1,0,0
CARRIER_F,2026-08-13 18:00,YAKMOK,40FT,0,0,0,0,1,1,0,0
CARRIER_F,2026-08-13 19:00,YAKMOK,40FT,0,0,0,0,1,1,0,0
CARRIER_F,2026-08-13 20:00,YAKMOK,40FT,0,0,0,0,1,1,0,0
CARRIER_F,2026-08-13 21:00,YAKMOK,40FT,0,0,0,0,1,1,0,0
CARRIER_F,2026-08-13 22:00,YAKMOK,40FT,0,0,0,0,1,1,0,0
CARRIER_F,2026-08-13 23:00,YAKMOK,40FT,0,0,0,0,1,1,0,0
CARRIER_F,2026-08-14 00:00,YAKMOK,40FT,0,0,0,0,1,1,0,0
CARRIER_F,2026-08-14 01:00,YAKMOK,40FT,0,0,0,0,1,1,0,0
CARRIER_F,2026-08-14 02:00,YAKMOK,40FT,0,0,0,0,1,1,0,0
CARRIER_F,2026-08-14 03:00,YAKMOK,40FT,0,0,0,0,1,1,0,0
CARRIER_F,2026-08-14 04:00,YAKMOK,40FT,0,0,0,0,1,1,0,0
CARRIER_F,2026-08-14 05:00,YAKMOK,40FT,0,0,0,0,1,1,0,0
CARRIER_F,2026-08-14 06:00,YAKMOK,40FT,0,0,0,0,1,1,0,0
CARRIER_F,2026-08-14 07:00,YAKMOK,40FT,0,0,0,0,1,1,0,0
CARRIER_F,2026-08-14 08:00,YAKMOK,40FT,0,0,0,0,1,1,0,0
CARRIER_F,2026-08-14 09:00,YAKMOK,40FT,0,0,0,0,1,1,0,0
CARRIER_F,2026-08-14 10:00,YAKMOK,40FT,0,0,0,0,1,1,0,0
CARRIER_F,2026-08-14 11:00,YAKMOK,40FT,0,0,0,0,1,1,0,0
CARRIER_F,2026-08-14 12:00,YAKMOK,40FT,1,0,0,0,0,0,0,0
CARRIER_F,2026-08-14 13:00,YAKMOK,40FT,0,0,0,0,0,0,0,0
CARRIER_F,2026-08-14 14:00,YAKMOK,40FT,0,0,0,0,0,0,0,0
CARRIER_F,2026-08-14 15:00,YAKMOK,40FT,0,0,0,0,0,0,0,0
CARRIER_F,2026-08-14 16:00,YAKMOK,40FT,0,0,0,0,0,0,0,0
CARRIER_F,2026-08-14 17:00,YAKMOK,40FT,0,0,0,0,0,0,0,0
CARRIER_F,2026-08-14 18:00,YAKMOK,40FT,0,0,0,0,0,0,0,0
CARRIER_F,2026-08-14 19:00,YAKMOK,40FT,0,1,0,0,1,1,0,0
CARRIER_F,2026-08-14 20:00,YAKMOK,40FT,0,0,0,0,1,1,0,0
CARRIER_F,2026-08-14 21:00,YAKMOK,40FT,0,0,0,0,1,1,0,0
CARRIER_F,2026-08-14 22:00,YAKMOK,40FT,0,0,0,0,1,1,0,0
CARRIER_F,2026-08-14 23:00,YAKMOK,40FT,0,0,0,0,1,1,0,0
CARRIER_F,2026-08-15 00:00,YAKMOK,40FT,0,0,0,0,1,1,0,0
CARRIER_F,2026-08-15 01:00,YAKMOK,40FT,0,0,0,0,1,1,0,0
CARRIER_F,2026-08-15 02:00,YAKMOK,40FT,0,0,0,0,1,1,0,0
CARRIER_F,2026-08-15 03:00,YAKMOK,40FT,0,0,0,0,1,1,0,0
CARRIER_F,2026-08-15 04:00,YAKMOK,40FT,0,0,0,0,1,1,0,0
CARRIER_F,2026-08-15 05:00,YAKMOK,40FT,0,0,0,0,1,1,0,0
CARRIER_F,2026-08-15 06:00,YAKMOK,40FT,0,0,0,0,1,1,0,0
CARRIER_F,2026-08-15 07:00,YAKMOK,40FT,0,0,0,0,1,1,0,0
CARRIER_F,2026-08-15 08:00,YAKMOK,40FT,0,0,0,0,1,1,0,0
CARRIER_F,2026-08-15 09:00,YAKMOK,40FT,0,0,0,0,1,1,0,0
CARRIER_F,2026-08-15 10:00,YAKMOK,40FT,0,0,0,0,1,1,0,0
CARRIER_F,2026-08-15 11:00,YAKMOK,40FT,0,0,0,0,1,1,0,0
CARRIER_F,2026-08-15 12:00,YAKMOK,40FT,0,0,0,0,1,1,0,0
CARRIER_F,2026-08-15 13:00,YAKMOK,40FT,0,0,0,0,1,1,0,0
CARRIER_F,2026-08-15 14:00,YAKMOK,40FT,0,0,0,0,1,1,0,0
CARRIER_F,2026-08-15 15:00,YAKMOK,40FT,0,0,0,0,1,1,0,0
CARRIER_F,2026-08-15 16:00,YAKMOK,40FT,0,0,0,0,1,1,0,0
CARRIER_F,2026-08-15 17:00,YAKMOK,40FT,0,0,0,0,1,1,0,0
CARRIER_F,2026-08-15 18:00,YAKMOK,40FT,0,0,0,0,1,1,0,0
CARRIER_F,2026-08-15 19:00,YAKMOK,40FT,0,0,0,0,1,1,0,0
CARRIER_F,2026-08-15 20:00,YAKMOK,40FT,0,0,0,0,1,1,0,0
CARRIER_F,2026-08-15 21:00,YAKMOK,40FT,0,0,0,0,1,1,0,0
CARRIER_F,2026-08-15 22:00,YAKMOK,40FT,0,0,0,0,1,1,0,0
CARRIER_F,2026-08-15 23:00,YAKMOK,40FT,0,0,0,0,1,1,0,0
CARRIER_F,2026-08-16 00:00,YAKMOK,40FT,0,0,0,0,1,1,0,0
CARRIER_F,2026-08-16 01:00,YAKMOK,40FT,0,0,0,0,1,1,0,0
CARRIER_F,2026-08-16 02:00,YAKMOK,40FT,0,0,0,0,1,1,0,0
CARRIER_F,2026-08-16 03:00,YAKMOK,40FT,0,0,0,0,1,1,0,0
CARRIER_F,2026-08-16 04:00,YAKMOK,40FT,0,0,0,0,1,1,0,0
CARRIER_F,2026-08-16 05:00,YAKMOK,40FT,0,0,0,0,1,1,0,0
CARRIER_F,2026-08-16 06:00,YAKMOK,40FT,0,0,0,0,1,1,0,0
CARRIER_F,2026-08-16 07:00,YAKMOK,40FT,0,0,0,0,1,1,0,0
CARRIER_F,2026-08-16 08:00,YAKMOK,40FT,0,0,0,0,1,1,0,0
CARRIER_F,2026-08-16 09:00,YAKMOK,40FT,0,0,0,0,1,1,0,0
CARRIER_F,2026-08-16 10:00,YAKMOK,40FT,0,0,0,0,1,1,0,0
CARRIER_F,2026-08-16 11:00,YAKMOK,40FT,0,0,0,0,1,1,0,0
CARRIER_F,2026-08-16 12:00,YAKMOK,40FT,0,0,0,0,1,1,0,0
CARRIER_F,2026-08-16 13:00,YAKMOK,40FT,0,0,0,0,1,1,0,0
CARRIER_F,2026-08-16 14:00,YAKMOK,40FT,0,0,0,0,1,1,0,0
CARRIER_F,2026-08-16 15:00,YAKMOK,40FT,0,0,0,0,1,1,0,0
CARRIER_F,2026-08-16 16:00,YAKMOK,40FT,0,0,0,0,1,1,0,0
CARRIER_F,2026-08-16 17:00,YAKMOK,40FT,0,0,0,0,1,1,0,0
CARRIER_F,2026-08-16 18:00,YAKMOK,40FT,0,0,0,0,1,1,0,0
CARRIER_F,2026-08-16 19:00,YAKMOK,40FT,0,0,0,0,1,1,0,0
CARRIER_F,2026-08-16 20:00,YAKMOK,40FT,0,0,0,0,1,1,0,0
CARRIER_F,2026-08-16 21:00,YAKMOK,40FT,0,0,0,0,1,1,0,0
CARRIER_F,2026-08-16 22:00,YAKMOK,40FT,0,0,0,0,1,1,0,0
CARRIER_F,2026-08-16 23:00,YAKMOK,40FT,0,0,0,0,1,1,0,0
